image_id,category,fold,fdi,class_id,x_center,y_center,width,height,coord_pred,yolov8x_pred,yolov8x_conf
cate1-00002,cate1,4,11,0,0.492188,0.412109,0.039062,0.210938,0,0.000000,0.929103
cate1-00002,cate1,4,12,1,0.457031,0.403320,0.039062,0.189453,1,1.000000,0.870962
cate1-00002,cate1,4,13,2,0.417969,0.376953,0.042969,0.261719,2,2.000000,0.865622
cate1-00002,cate1,4,14,3,0.377930,0.398438,0.041016,0.203125,3,3.000000,0.803201
cate1-00002,cate1,4,15,4,0.346680,0.394531,0.037109,0.191406,4,4.000000,0.859459
cate1-00002,cate1,4,16,5,0.300781,0.389648,0.058594,0.193359,6,5.000000,0.904984
cate1-00002,cate1,4,17,6,0.246094,0.379883,0.062500,0.162109,6,6.000000,0.852900
cate1-00002,cate1,4,18,7,0.223633,0.278320,0.052734,0.103516,7,7.000000,0.918641
cate1-00002,cate1,4,21,8,0.538086,0.405273,0.037109,0.216797,8,8.000000,0.918562
cate1-00002,cate1,4,22,9,0.578125,0.400391,0.031250,0.230469,9,9.000000,0.860132
cate1-00002,cate1,4,23,10,0.613281,0.383789,0.042969,0.275391,10,10.000000,0.911773
cate1-00002,cate1,4,24,11,0.644531,0.401367,0.039062,0.220703,11,11.000000,0.782395
cate1-00002,cate1,4,25,12,0.675781,0.394531,0.027344,0.199219,12,12.000000,0.850326
cate1-00002,cate1,4,26,13,0.716797,0.376953,0.050781,0.218750,13,13.000000,0.862258
cate1-00002,cate1,4,27,14,0.762695,0.372070,0.052734,0.189453,14,14.000000,0.870863
cate1-00002,cate1,4,28,15,0.789062,0.290039,0.054688,0.095703,15,15.000000,0.945301
cate1-00002,cate1,4,31,16,0.532227,0.616211,0.033203,0.123047,17,16.000000,0.800769
cate1-00002,cate1,4,32,17,0.555664,0.630859,0.037109,0.167969,17,17.000000,0.901641
cate1-00002,cate1,4,33,18,0.593750,0.632812,0.046875,0.222656,18,18.000000,0.805618
cate1-00002,cate1,4,34,19,0.625977,0.611328,0.037109,0.183594,19,19.000000,0.829756
cate1-00002,cate1,4,35,20,0.664062,0.605469,0.042969,0.187500,20,20.000000,0.812784
cate1-00002,cate1,4,36,21,0.701172,0.589844,0.070312,0.175781,21,21.000000,0.909484
cate1-00002,cate1,4,37,22,0.764648,0.571289,0.072266,0.197266,22,22.000000,0.917175
cate1-00002,cate1,4,38,23,0.818359,0.549805,0.054688,0.119141,23,23.000000,0.911799
cate1-00002,cate1,4,41,24,0.505859,0.625977,0.023438,0.146484,24,24.000000,0.708778
cate1-00002,cate1,4,42,25,0.476562,0.632812,0.023438,0.164062,24,25.000000,0.812677
cate1-00002,cate1,4,43,26,0.437500,0.640625,0.046875,0.246094,26,26.000000,0.873560
cate1-00002,cate1,4,44,27,0.408203,0.618164,0.042969,0.197266,27,27.000000,0.853987
cate1-00002,cate1,4,45,28,0.372070,0.603516,0.044922,0.210938,28,28.000000,0.704375
cate1-00002,cate1,4,46,29,0.311523,0.617188,0.083984,0.242188,29,29.000000,0.918380
cate1-00002,cate1,4,47,30,0.248047,0.556641,0.093750,0.187500,30,30.000000,0.962836
cate1-00002,cate1,4,48,31,0.175781,0.543945,0.074219,0.130859,31,31.000000,0.924620
cate1-00005,cate1,4,11,0,0.490234,0.498047,0.042969,0.226562,0,0.000000,0.947520
cate1-00005,cate1,4,12,1,0.455078,0.491211,0.058594,0.220703,1,1.000000,0.799392
cate1-00005,cate1,4,13,2,0.419922,0.477539,0.058594,0.251953,2,2.000000,0.849631
cate1-00005,cate1,4,14,3,0.373047,0.488281,0.042969,0.218750,3,3.000000,0.916682
cate1-00005,cate1,4,15,4,0.333008,0.479492,0.037109,0.228516,4,4.000000,0.818816
cate1-00005,cate1,4,16,5,0.283203,0.468750,0.062500,0.222656,6,5.000000,0.900766
cate1-00005,cate1,4,17,6,0.225586,0.457031,0.068359,0.199219,6,6.000000,0.896159
cate1-00005,cate1,4,18,7,0.166992,0.441406,0.064453,0.171875,7,7.000000,0.907905
cate1-00005,cate1,4,21,8,0.532227,0.501953,0.044922,0.222656,8,8.000000,0.915943
cate1-00005,cate1,4,22,9,0.573242,0.494141,0.037109,0.214844,9,9.000000,0.901893
cate1-00005,cate1,4,23,10,0.611328,0.473633,0.046875,0.267578,10,10.000000,0.895284
cate1-00005,cate1,4,24,11,0.652344,0.494141,0.039062,0.203125,11,11.000000,0.915824
cate1-00005,cate1,4,25,12,0.688477,0.487305,0.037109,0.201172,12,12.000000,0.902886
cate1-00005,cate1,4,26,13,0.734375,0.489258,0.062500,0.166016,13,13.000000,0.918004
cate1-00005,cate1,4,27,14,0.791992,0.454102,0.060547,0.193359,14,14.000000,0.901869
cate1-00005,cate1,4,28,15,0.846680,0.432617,0.056641,0.177734,15,15.000000,0.909806
cate1-00005,cate1,4,31,16,0.530273,0.679688,0.029297,0.101562,16,16.000000,0.852673
cate1-00005,cate1,4,32,17,0.557617,0.683594,0.033203,0.117188,17,17.000000,0.899089
cate1-00005,cate1,4,33,18,0.592773,0.707031,0.041016,0.164062,19,18.000000,0.886202
cate1-00005,cate1,4,34,19,0.631836,0.702148,0.041016,0.173828,19,19.000000,0.837936
cate1-00005,cate1,4,35,20,0.666992,0.697266,0.041016,0.160156,20,20.000000,0.904746
cate1-00005,cate1,4,36,21,0.723633,0.690430,0.095703,0.216797,21,21.000000,0.955127
cate1-00005,cate1,4,37,22,0.792969,0.664062,0.097656,0.203125,22,22.000000,0.949696
cate1-00005,cate1,4,38,23,0.861328,0.621094,0.109375,0.144531,23,23.000000,0.907475
cate1-00005,cate1,4,41,24,0.501953,0.690430,0.023438,0.115234,24,24.000000,0.789360
cate1-00005,cate1,4,42,25,0.466797,0.697266,0.035156,0.121094,25,25.000000,0.855910
cate1-00005,cate1,4,43,26,0.436523,0.693359,0.037109,0.140625,27,26.000000,0.921962
cate1-00005,cate1,4,44,27,0.395508,0.698242,0.044922,0.146484,27,27.000000,0.908381
cate1-00005,cate1,4,45,28,0.354492,0.713867,0.052734,0.193359,28,28.000000,0.871963
cate1-00005,cate1,4,46,29,0.290039,0.701172,0.095703,0.203125,29,29.000000,0.922380
cate1-00005,cate1,4,47,30,0.212891,0.665039,0.109375,0.208984,30,30.000000,0.963916
cate1-00005,cate1,4,48,31,0.145508,0.624023,0.107422,0.173828,31,31.000000,0.946501
cate1-00008,cate1,2,11,0,0.486328,0.459961,0.042969,0.208984,0,0.000000,0.926958
cate1-00008,cate1,2,12,1,0.456055,0.445312,0.037109,0.214844,1,1.000000,0.902891
cate1-00008,cate1,2,13,2,0.419922,0.419922,0.039062,0.257812,2,2.000000,0.898880
cate1-00008,cate1,2,14,3,0.381836,0.437500,0.041016,0.195312,3,3.000000,0.675732
cate1-00008,cate1,2,15,4,0.349609,0.428711,0.042969,0.181641,3,4.000000,0.896212
cate1-00008,cate1,2,16,5,0.304688,0.426758,0.066406,0.173828,5,5.000000,0.904274
cate1-00008,cate1,2,17,6,0.259766,0.406250,0.078125,0.144531,7,6.000000,0.940338
cate1-00008,cate1,2,18,7,0.222656,0.313477,0.058594,0.138672,7,7.000000,0.910631
cate1-00008,cate1,2,21,8,0.529297,0.462891,0.046875,0.210938,8,8.000000,0.903675
cate1-00008,cate1,2,22,9,0.564453,0.461914,0.027344,0.205078,9,9.000000,0.832449
cate1-00008,cate1,2,23,10,0.596680,0.449219,0.041016,0.226562,10,10.000000,0.908783
cate1-00008,cate1,2,24,11,0.634766,0.445312,0.035156,0.214844,11,11.000000,0.847336
cate1-00008,cate1,2,25,12,0.668945,0.437500,0.041016,0.199219,12,12.000000,0.843966
cate1-00008,cate1,2,26,13,0.709961,0.437500,0.064453,0.179688,13,13.000000,0.907530
cate1-00008,cate1,2,27,14,0.754883,0.411133,0.080078,0.146484,14,14.000000,0.914428
cate1-00008,cate1,2,28,15,0.784180,0.322266,0.052734,0.113281,15,15.000000,0.905518
cate1-00008,cate1,2,31,16,0.519531,0.668945,0.023438,0.146484,16,16.000000,0.866655
cate1-00008,cate1,2,32,17,0.552734,0.678711,0.031250,0.181641,17,17.000000,0.852554
cate1-00008,cate1,2,33,18,0.586914,0.691406,0.048828,0.203125,18,18.000000,0.859635
cate1-00008,cate1,2,34,19,0.616211,0.668945,0.037109,0.166016,19,19.000000,0.866441
cate1-00008,cate1,2,35,20,0.654297,0.669922,0.054688,0.199219,20,20.000000,0.859934
cate1-00008,cate1,2,36,21,0.709961,0.655273,0.095703,0.197266,21,21.000000,0.924465
cate1-00008,cate1,2,37,22,0.763672,0.618164,0.078125,0.193359,22,22.000000,0.944875
cate1-00008,cate1,2,38,23,0.832031,0.570312,0.093750,0.160156,23,23.000000,0.949468
cate1-00008,cate1,2,41,24,0.499023,0.667969,0.021484,0.175781,24,24.000000,0.791654
cate1-00008,cate1,2,42,25,0.471680,0.682617,0.029297,0.205078,25,25.000000,0.846367
cate1-00008,cate1,2,43,26,0.430664,0.670898,0.052734,0.208984,26,26.000000,0.887320
cate1-00008,cate1,2,44,27,0.399414,0.654297,0.041016,0.183594,27,27.000000,0.933860
cate1-00008,cate1,2,45,28,0.355469,0.662109,0.054688,0.210938,28,28.000000,0.922695
cate1-00008,cate1,2,46,29,0.301758,0.650391,0.080078,0.218750,29,29.000000,0.955756
cate1-00008,cate1,2,47,30,0.235352,0.610352,0.083984,0.216797,30,30.000000,0.923662
cate1-00008,cate1,2,48,31,0.179688,0.548828,0.078125,0.148438,31,31.000000,0.926612
cate1-00011,cate1,1,11,0,0.489258,0.434570,0.041016,0.189453,0,0.000000,0.878051
cate1-00011,cate1,1,12,1,0.444336,0.436523,0.037109,0.193359,1,1.000000,0.703044
cate1-00011,cate1,1,13,2,0.405273,0.420898,0.044922,0.248047,2,2.000000,0.907507
cate1-00011,cate1,1,14,3,0.357422,0.447266,0.042969,0.175781,4,3.000000,0.848751
cate1-00011,cate1,1,15,4,0.320312,0.420898,0.035156,0.212891,4,4.000000,0.885554
cate1-00011,cate1,1,16,5,0.270508,0.414062,0.064453,0.230469,6,5.000000,0.896670
cate1-00011,cate1,1,17,6,0.211914,0.416016,0.056641,0.195312,7,6.000000,0.930934
cate1-00011,cate1,1,18,7,0.161133,0.409180,0.052734,0.181641,7,7.000000,0.910102
cate1-00011,cate1,1,21,8,0.532227,0.437500,0.044922,0.195312,8,8.000000,0.840707
cate1-00011,cate1,1,22,9,0.578125,0.424805,0.039062,0.236328,10,9.000000,0.783880
cate1-00011,cate1,1,23,10,0.615234,0.415039,0.042969,0.275391,10,10.000000,0.826441
cate1-00011,cate1,1,24,11,0.651367,0.442383,0.037109,0.205078,11,11.000000,0.858927
cate1-00011,cate1,1,25,12,0.687500,0.432617,0.039062,0.232422,12,12.000000,0.856039
cate1-00011,cate1,1,26,13,0.734375,0.448242,0.062500,0.181641,13,13.000000,0.889606
cate1-00011,cate1,1,27,14,0.786133,0.413086,0.048828,0.212891,14,14.000000,0.931569
cate1-00011,cate1,1,28,15,0.833008,0.406250,0.052734,0.171875,15,15.000000,0.934191
cate1-00011,cate1,1,31,16,0.533203,0.627930,0.023438,0.134766,16,16.000000,0.749752
cate1-00011,cate1,1,32,17,0.563477,0.634766,0.025391,0.132812,17,17.000000,0.831238
cate1-00011,cate1,1,33,18,0.597656,0.658203,0.042969,0.199219,19,18.000000,0.886436
cate1-00011,cate1,1,34,19,0.629883,0.656250,0.037109,0.187500,19,19.000000,0.911612
cate1-00011,cate1,1,35,20,0.670898,0.661133,0.033203,0.201172,20,20.000000,0.890052
cate1-00011,cate1,1,36,21,0.719727,0.652344,0.076172,0.210938,21,21.000000,0.899737
cate1-00011,cate1,1,37,22,0.783203,0.622070,0.074219,0.185547,22,22.000000,0.907404
cate1-00011,cate1,1,38,23,0.831055,0.563477,0.080078,0.158203,23,23.000000,0.908185
cate1-00011,cate1,1,41,24,0.506836,0.635742,0.033203,0.134766,16,24.000000,0.679543
cate1-00011,cate1,1,42,25,0.475586,0.622070,0.037109,0.130859,25,25.000000,0.779359
cate1-00011,cate1,1,43,26,0.439453,0.643555,0.046875,0.185547,26,26.000000,0.838935
cate1-00011,cate1,1,44,27,0.395508,0.652344,0.041016,0.183594,27,27.000000,0.860888
cate1-00011,cate1,1,45,28,0.349609,0.652344,0.050781,0.222656,28,28.000000,0.820116
cate1-00011,cate1,1,46,29,0.300781,0.648438,0.082031,0.226562,29,29.000000,0.912376
cate1-00011,cate1,1,47,30,0.226562,0.624023,0.085938,0.201172,30,30.000000,0.919579
cate1-00011,cate1,1,48,31,0.165039,0.583008,0.087891,0.193359,31,31.000000,0.930480
cate1-00014,cate1,3,11,0,0.498047,0.467773,0.035156,0.220703,0,0.000000,0.883218
cate1-00014,cate1,3,12,1,0.466797,0.459961,0.031250,0.240234,1,1.000000,0.906881
cate1-00014,cate1,3,13,2,0.423828,0.436523,0.042969,0.275391,2,2.000000,0.906715
cate1-00014,cate1,3,14,3,0.388672,0.479492,0.035156,0.177734,3,3.000000,0.866202
cate1-00014,cate1,3,15,4,0.357422,0.454102,0.046875,0.201172,4,4.000000,0.907782
cate1-00014,cate1,3,16,5,0.313477,0.441406,0.056641,0.210938,4,5.000000,0.911250
cate1-00014,cate1,3,17,6,0.267578,0.421875,0.058594,0.187500,6,6.000000,0.922791
cate1-00014,cate1,3,18,7,0.243164,0.328125,0.056641,0.125000,7,7.000000,0.942836
cate1-00014,cate1,3,21,8,0.534180,0.466797,0.037109,0.226562,8,8.000000,0.886917
cate1-00014,cate1,3,22,9,0.569336,0.459961,0.025391,0.224609,9,9.000000,0.878881
cate1-00014,cate1,3,23,10,0.600586,0.440430,0.037109,0.267578,10,10.000000,0.859977
cate1-00014,cate1,3,24,11,0.637695,0.454102,0.041016,0.212891,11,11.000000,0.878980
cate1-00014,cate1,3,25,12,0.672852,0.440430,0.037109,0.220703,12,12.000000,0.858926
cate1-00014,cate1,3,26,13,0.710938,0.443359,0.050781,0.203125,13,13.000000,0.864640
cate1-00014,cate1,3,27,14,0.751953,0.430664,0.058594,0.169922,14,14.000000,0.900048
cate1-00014,cate1,3,28,15,0.782227,0.339844,0.052734,0.113281,15,15.000000,0.931515
cate1-00014,cate1,3,31,16,0.546875,0.686523,0.019531,0.173828,17,16.000000,0.791748
cate1-00014,cate1,3,32,17,0.573242,0.687500,0.025391,0.183594,18,17.000000,0.797005
cate1-00014,cate1,3,33,18,0.603516,0.694336,0.031250,0.220703,18,18.000000,0.858250
cate1-00014,cate1,3,34,19,0.633789,0.688477,0.033203,0.216797,19,19.000000,0.860617
cate1-00014,cate1,3,35,20,0.666992,0.677734,0.044922,0.187500,20,20.000000,0.901579
cate1-00014,cate1,3,36,21,0.715820,0.669922,0.083984,0.218750,21,21.000000,0.939398
cate1-00014,cate1,3,37,22,0.768555,0.619141,0.095703,0.203125,22,22.000000,0.951205
cate1-00014,cate1,3,38,23,0.823242,0.591797,0.064453,0.121094,23,23.000000,0.897744
cate1-00014,cate1,3,41,24,0.510742,0.683594,0.021484,0.164062,16,24.000000,0.836094
cate1-00014,cate1,3,42,25,0.483398,0.686523,0.025391,0.177734,24,25.000000,0.794308
cate1-00014,cate1,3,43,26,0.449219,0.699219,0.035156,0.218750,26,26.000000,0.881189
cate1-00014,cate1,3,44,27,0.409180,0.691406,0.037109,0.218750,27,27.000000,0.931616
cate1-00014,cate1,3,45,28,0.369141,0.679688,0.039062,0.203125,27,28.000000,0.907098
cate1-00014,cate1,3,46,29,0.318359,0.678711,0.082031,0.240234,29,29.000000,0.936103
cate1-00014,cate1,3,47,30,0.250977,0.629883,0.107422,0.212891,30,30.000000,0.922420
cate1-00014,cate1,3,48,31,0.198242,0.595703,0.072266,0.140625,31,31.000000,0.946963
cate1-00017,cate1,0,11,0,0.505859,0.453125,0.042969,0.218750,8,0.000000,0.890625
cate1-00017,cate1,0,12,1,0.476562,0.439453,0.042969,0.214844,0,1.000000,0.885801
cate1-00017,cate1,0,13,2,0.434570,0.434570,0.044922,0.224609,2,2.000000,0.905205
cate1-00017,cate1,0,14,3,0.393555,0.437500,0.037109,0.183594,3,3.000000,0.815753
cate1-00017,cate1,0,15,4,0.364258,0.415039,0.048828,0.189453,3,4.000000,0.911706
cate1-00017,cate1,0,16,5,0.311523,0.420898,0.068359,0.150391,5,5.000000,0.951118
cate1-00017,cate1,0,17,6,0.257812,0.384766,0.070312,0.167969,6,6.000000,0.921462
cate1-00017,cate1,0,18,7,0.231445,0.308594,0.068359,0.101562,7,7.000000,0.932445
cate1-00017,cate1,0,21,8,0.543945,0.467773,0.037109,0.208984,9,8.000000,0.851543
cate1-00017,cate1,0,22,9,0.582031,0.452148,0.035156,0.216797,9,9.000000,0.874761
cate1-00017,cate1,0,23,10,0.623047,0.443359,0.035156,0.210938,11,10.000000,0.914205
cate1-00017,cate1,0,24,11,0.654297,0.438477,0.039062,0.185547,12,11.000000,0.916527
cate1-00017,cate1,0,25,12,0.683594,0.417969,0.046875,0.203125,12,12.000000,0.930087
cate1-00017,cate1,0,26,13,0.725586,0.413086,0.068359,0.185547,13,13.000000,0.929857
cate1-00017,cate1,0,27,14,0.762695,0.350586,0.080078,0.169922,14,14.000000,0.882737
cate1-00017,cate1,0,28,15,0.795898,0.291016,0.060547,0.105469,15,15.000000,0.925535
cate1-00017,cate1,0,31,16,0.544922,0.668945,0.019531,0.111328,16,,
cate1-00017,cate1,0,32,17,0.572266,0.675781,0.019531,0.125000,17,,
cate1-00017,cate1,0,33,18,0.609375,0.682617,0.042969,0.201172,19,18.000000,0.867064
cate1-00017,cate1,0,34,19,0.636719,0.667969,0.039062,0.187500,19,19.000000,0.914426
cate1-00017,cate1,0,35,20,0.668945,0.617188,0.052734,0.113281,20,20.000000,0.875780
cate1-00017,cate1,0,36,21,0.723633,0.625000,0.087891,0.203125,21,21.000000,0.941581
cate1-00017,cate1,0,37,22,0.771484,0.567383,0.082031,0.197266,22,22.000000,0.946124
cate1-00017,cate1,0,38,23,0.826172,0.518555,0.058594,0.115234,23,23.000000,0.852366
cate1-00017,cate1,0,41,24,0.522461,0.668945,0.033203,0.119141,16,24.000000,0.747923
cate1-00017,cate1,0,42,25,0.497070,0.675781,0.037109,0.132812,24,25.000000,0.828093
cate1-00017,cate1,0,43,26,0.463867,0.668945,0.041016,0.181641,25,26.000000,0.880184
cate1-00017,cate1,0,44,27,0.427734,0.659180,0.042969,0.181641,26,27.000000,0.887427
cate1-00017,cate1,0,45,28,0.384766,0.657227,0.046875,0.212891,27,28.000000,0.893872
cate1-00017,cate1,0,46,29,0.326172,0.645508,0.082031,0.228516,28,29.000000,0.957055
cate1-00017,cate1,0,47,30,0.257812,0.584961,0.085938,0.220703,29,30.000000,0.928921
cate1-00017,cate1,0,48,31,0.196289,0.541016,0.052734,0.117188,31,31.000000,0.922035
cate1-00020,cate1,4,11,0,0.497070,0.488281,0.041016,0.195312,0,0.000000,0.938641
cate1-00020,cate1,4,12,1,0.460938,0.484375,0.031250,0.203125,1,1.000000,0.907162
cate1-00020,cate1,4,13,2,0.419922,0.466797,0.046875,0.234375,2,2.000000,0.857487
cate1-00020,cate1,4,14,3,0.387695,0.487305,0.037109,0.181641,3,3.000000,0.855331
cate1-00020,cate1,4,15,4,0.348633,0.481445,0.041016,0.189453,4,4.000000,0.766935
cate1-00020,cate1,4,16,5,0.316406,0.483398,0.062500,0.169922,5,5.000000,0.937976
cate1-00020,cate1,4,17,6,0.255859,0.463867,0.058594,0.169922,6,6.000000,0.930755
cate1-00020,cate1,4,18,7,0.199219,0.432617,0.070312,0.162109,6,7.000000,0.948003
cate1-00020,cate1,4,21,8,0.530273,0.500977,0.033203,0.181641,8,8.000000,0.926506
cate1-00020,cate1,4,22,9,0.564453,0.481445,0.027344,0.208984,9,9.000000,0.868177
cate1-00020,cate1,4,23,10,0.602539,0.480469,0.037109,0.210938,10,10.000000,0.843502
cate1-00020,cate1,4,24,11,0.634766,0.500977,0.039062,0.162109,11,11.000000,0.842398
cate1-00020,cate1,4,25,12,0.667969,0.469727,0.039062,0.205078,12,12.000000,0.834673
cate1-00020,cate1,4,26,13,0.712891,0.487305,0.050781,0.150391,13,13.000000,0.929754
cate1-00020,cate1,4,27,14,0.758789,0.459961,0.048828,0.154297,14,14.000000,0.947816
cate1-00020,cate1,4,28,15,0.806641,0.430664,0.070312,0.146484,15,15.000000,0.887469
cate1-00020,cate1,4,31,16,0.525391,0.677734,0.031250,0.121094,16,16.000000,0.763917
cate1-00020,cate1,4,32,17,0.551758,0.682617,0.029297,0.142578,17,17.000000,0.845409
cate1-00020,cate1,4,33,18,0.588867,0.703125,0.052734,0.191406,18,18.000000,0.893152
cate1-00020,cate1,4,34,19,0.616211,0.684570,0.041016,0.158203,19,19.000000,0.876915
cate1-00020,cate1,4,35,20,0.645508,0.676758,0.048828,0.166016,20,20.000000,0.790348
cate1-00020,cate1,4,36,21,0.692383,0.680664,0.076172,0.193359,21,21.000000,0.952958
cate1-00020,cate1,4,37,22,0.754883,0.650391,0.083984,0.183594,22,22.000000,0.960597
cate1-00020,cate1,4,38,23,0.810547,0.604492,0.085938,0.162109,22,23.000000,0.908600
cate1-00020,cate1,4,41,24,0.500000,0.678711,0.027344,0.126953,24,24.000000,0.700346
cate1-00020,cate1,4,42,25,0.472656,0.679688,0.023438,0.136719,25,25.000000,0.777993
cate1-00020,cate1,4,43,26,0.442383,0.694336,0.037109,0.181641,26,26.000000,0.931472
cate1-00020,cate1,4,44,27,0.406250,0.675781,0.031250,0.140625,27,27.000000,0.921191
cate1-00020,cate1,4,45,28,0.370117,0.685547,0.060547,0.179688,27,28.000000,0.726887
cate1-00020,cate1,4,46,29,0.320312,0.673828,0.089844,0.191406,29,29.000000,0.922987
cate1-00020,cate1,4,47,30,0.251953,0.653320,0.089844,0.181641,30,30.000000,0.970469
cate1-00020,cate1,4,48,31,0.193359,0.606445,0.101562,0.177734,31,31.000000,0.966838
cate1-00023,cate1,4,11,0,0.483398,0.422852,0.044922,0.220703,0,0.000000,0.967064
cate1-00023,cate1,4,12,1,0.448242,0.416016,0.037109,0.203125,1,1.000000,0.888280
cate1-00023,cate1,4,13,2,0.412109,0.378906,0.039062,0.238281,2,2.000000,0.831609
cate1-00023,cate1,4,14,3,0.383789,0.433594,0.029297,0.167969,3,3.000000,0.779773
cate1-00023,cate1,4,15,4,0.350586,0.405273,0.041016,0.193359,4,4.000000,0.752235
cate1-00023,cate1,4,16,5,0.302734,0.401367,0.066406,0.166016,5,5.000000,0.897951
cate1-00023,cate1,4,17,6,0.256836,0.366211,0.072266,0.189453,6,6.000000,0.918523
cate1-00023,cate1,4,18,7,0.225586,0.293945,0.072266,0.134766,7,7.000000,0.915270
cate1-00023,cate1,4,21,8,0.533203,0.419922,0.046875,0.238281,8,8.000000,0.929533
cate1-00023,cate1,4,22,9,0.570312,0.416016,0.031250,0.214844,9,9.000000,0.874698
cate1-00023,cate1,4,23,10,0.609375,0.400391,0.042969,0.257812,10,10.000000,0.848208
cate1-00023,cate1,4,24,11,0.649414,0.418945,0.037109,0.197266,11,11.000000,0.873587
cate1-00023,cate1,4,25,12,0.678711,0.398438,0.041016,0.203125,12,12.000000,0.813089
cate1-00023,cate1,4,26,13,0.728516,0.406250,0.070312,0.160156,13,13.000000,0.853150
cate1-00023,cate1,4,27,14,0.774414,0.377930,0.072266,0.166016,14,14.000000,0.922438
cate1-00023,cate1,4,28,15,0.801758,0.287109,0.064453,0.140625,15,15.000000,0.892469
cate1-00023,cate1,4,31,16,0.535156,0.643555,0.023438,0.115234,16,16.000000,0.878911
cate1-00023,cate1,4,32,17,0.563477,0.648438,0.033203,0.132812,17,17.000000,0.883027
cate1-00023,cate1,4,33,18,0.600586,0.641602,0.037109,0.197266,19,18.000000,0.919387
cate1-00023,cate1,4,34,19,0.629883,0.617188,0.037109,0.183594,19,19.000000,0.875167
cate1-00023,cate1,4,35,20,0.671875,0.606445,0.046875,0.181641,20,20.000000,0.888218
cate1-00023,cate1,4,36,21,0.724609,0.581055,0.085938,0.189453,21,21.000000,0.953539
cate1-00023,cate1,4,37,22,0.782227,0.555664,0.068359,0.177734,22,22.000000,0.870425
cate1-00023,cate1,4,38,23,0.854492,0.524414,0.083984,0.119141,23,23.000000,0.911040
cate1-00023,cate1,4,41,24,0.506836,0.644531,0.025391,0.117188,16,24.000000,0.685012
cate1-00023,cate1,4,42,25,0.481445,0.642578,0.037109,0.125000,25,25.000000,0.738585
cate1-00023,cate1,4,43,26,0.446289,0.630859,0.041016,0.187500,25,26.000000,0.937685
cate1-00023,cate1,4,44,27,0.409180,0.616211,0.041016,0.185547,27,27.000000,0.944947
cate1-00023,cate1,4,45,28,0.364258,0.597656,0.048828,0.171875,28,28.000000,0.871959
cate1-00023,cate1,4,46,29,0.303711,0.578125,0.091797,0.203125,29,29.000000,0.904709
cate1-00023,cate1,4,47,30,0.241211,0.546875,0.080078,0.191406,30,30.000000,0.930952
cate1-00023,cate1,4,48,31,0.167969,0.509766,0.089844,0.132812,31,31.000000,0.943182
cate1-00026,cate1,3,11,0,0.498047,0.466797,0.039062,0.167969,0,0.000000,0.872557
cate1-00026,cate1,3,12,1,0.459961,0.479492,0.037109,0.162109,1,1.000000,0.914378
cate1-00026,cate1,3,13,2,0.422852,0.450195,0.041016,0.224609,2,2.000000,0.889272
cate1-00026,cate1,3,14,3,0.387695,0.466797,0.041016,0.179688,3,3.000000,0.925530
cate1-00026,cate1,3,15,4,0.348633,0.456055,0.037109,0.193359,4,4.000000,0.949812
cate1-00026,cate1,3,16,5,0.300781,0.461914,0.066406,0.166016,5,5.000000,0.936809
cate1-00026,cate1,3,17,6,0.239258,0.447266,0.056641,0.175781,6,6.000000,0.946769
cate1-00026,cate1,3,18,7,0.206055,0.399414,0.060547,0.119141,7,7.000000,0.875719
cate1-00026,cate1,3,21,8,0.539062,0.484375,0.039062,0.179688,9,8.000000,0.862490
cate1-00026,cate1,3,22,9,0.576172,0.466797,0.039062,0.214844,9,9.000000,0.864567
cate1-00026,cate1,3,23,10,0.612305,0.461914,0.041016,0.220703,10,10.000000,0.861053
cate1-00026,cate1,3,24,11,0.649414,0.471680,0.037109,0.181641,11,11.000000,0.926923
cate1-00026,cate1,3,25,12,0.686523,0.466797,0.044922,0.171875,12,12.000000,0.914900
cate1-00026,cate1,3,26,13,0.730469,0.460938,0.054688,0.175781,14,13.000000,0.958106
cate1-00026,cate1,3,27,14,0.784180,0.450195,0.056641,0.173828,14,14.000000,0.871203
cate1-00026,cate1,3,28,15,0.815430,0.406250,0.048828,0.101562,15,15.000000,0.895822
cate1-00026,cate1,3,31,16,0.530273,0.675781,0.029297,0.152344,16,16.000000,0.846068
cate1-00026,cate1,3,32,17,0.557617,0.675781,0.041016,0.156250,17,17.000000,0.760070
cate1-00026,cate1,3,33,18,0.593750,0.681641,0.031250,0.167969,18,18.000000,0.888596
cate1-00026,cate1,3,34,19,0.625977,0.681641,0.037109,0.171875,19,19.000000,0.864753
cate1-00026,cate1,3,35,20,0.666992,0.669922,0.044922,0.179688,20,20.000000,0.886898
cate1-00026,cate1,3,36,21,0.720703,0.664062,0.078125,0.191406,21,21.000000,0.932087
cate1-00026,cate1,3,37,22,0.774414,0.633789,0.076172,0.173828,22,22.000000,0.947351
cate1-00026,cate1,3,38,23,0.825195,0.580078,0.068359,0.136719,23,23.000000,0.879973
cate1-00026,cate1,3,41,24,0.504883,0.666016,0.029297,0.160156,24,24.000000,0.856277
cate1-00026,cate1,3,42,25,0.476562,0.665039,0.031250,0.173828,24,25.000000,0.779224
cate1-00026,cate1,3,43,26,0.440430,0.672852,0.037109,0.189453,26,26.000000,0.904352
cate1-00026,cate1,3,44,27,0.401367,0.678711,0.041016,0.193359,27,27.000000,0.915587
cate1-00026,cate1,3,45,28,0.365234,0.666016,0.042969,0.183594,28,28.000000,0.872791
cate1-00026,cate1,3,46,29,0.305664,0.666016,0.091797,0.207031,29,29.000000,0.939625
cate1-00026,cate1,3,47,30,0.243164,0.635742,0.083984,0.189453,30,30.000000,0.924086
cate1-00026,cate1,3,48,31,0.184570,0.572266,0.087891,0.136719,31,31.000000,0.946582
cate1-00029,cate1,3,11,0,0.488281,0.478516,0.042969,0.167969,0,0.000000,0.920599
cate1-00029,cate1,3,12,1,0.450195,0.461914,0.056641,0.208984,1,1.000000,0.909612
cate1-00029,cate1,3,13,2,0.409180,0.439453,0.048828,0.250000,2,2.000000,0.885772
cate1-00029,cate1,3,14,3,0.365234,0.449219,0.039062,0.203125,4,3.000000,0.888106
cate1-00029,cate1,3,15,4,0.323242,0.455078,0.048828,0.187500,4,4.000000,0.954325
cate1-00029,cate1,3,16,5,0.277344,0.456055,0.058594,0.193359,5,5.000000,0.917011
cate1-00029,cate1,3,17,6,0.218750,0.437500,0.058594,0.179688,6,6.000000,0.947604
cate1-00029,cate1,3,18,7,0.165039,0.417969,0.056641,0.175781,7,7.000000,0.926760
cate1-00029,cate1,3,21,8,0.531250,0.477539,0.039062,0.177734,8,8.000000,0.838252
cate1-00029,cate1,3,22,9,0.573242,0.460938,0.033203,0.218750,9,9.000000,0.856806
cate1-00029,cate1,3,23,10,0.612305,0.461914,0.048828,0.208984,10,10.000000,0.876393
cate1-00029,cate1,3,24,11,0.649414,0.444336,0.037109,0.212891,11,11.000000,0.924393
cate1-00029,cate1,3,25,12,0.688477,0.454102,0.044922,0.201172,12,12.000000,0.888468
cate1-00029,cate1,3,26,13,0.733398,0.465820,0.060547,0.177734,13,13.000000,0.946925
cate1-00029,cate1,3,27,14,0.791016,0.450195,0.054688,0.166016,14,14.000000,0.925543
cate1-00029,cate1,3,28,15,0.834961,0.400391,0.052734,0.148438,15,15.000000,0.892917
cate1-00029,cate1,3,31,16,0.517578,0.669922,0.027344,0.148438,16,16.000000,0.821107
cate1-00029,cate1,3,32,17,0.545898,0.670898,0.033203,0.162109,17,17.000000,0.828997
cate1-00029,cate1,3,33,18,0.584961,0.692383,0.041016,0.216797,18,18.000000,0.913433
cate1-00029,cate1,3,34,19,0.613281,0.680664,0.042969,0.208984,19,19.000000,0.904943
cate1-00029,cate1,3,35,20,0.655273,0.661133,0.048828,0.181641,20,20.000000,0.888457
cate1-00029,cate1,3,36,21,0.705078,0.672852,0.082031,0.212891,21,21.000000,0.919714
cate1-00029,cate1,3,37,22,0.777344,0.640625,0.093750,0.199219,22,22.000000,0.929150
cate1-00029,cate1,3,38,23,0.835938,0.624023,0.066406,0.162109,23,23.000000,0.905403
cate1-00029,cate1,3,41,24,0.493164,0.664062,0.025391,0.136719,24,24.000000,0.769278
cate1-00029,cate1,3,42,25,0.463867,0.677734,0.029297,0.164062,25,25.000000,0.780014
cate1-00029,cate1,3,43,26,0.428711,0.679688,0.037109,0.199219,26,26.000000,0.901395
cate1-00029,cate1,3,44,27,0.396484,0.673828,0.039062,0.210938,27,27.000000,0.848436
cate1-00029,cate1,3,45,28,0.352539,0.680664,0.048828,0.181641,28,28.000000,0.884874
cate1-00029,cate1,3,46,29,0.291016,0.679688,0.085938,0.230469,29,29.000000,0.942888
cate1-00029,cate1,3,47,30,0.224609,0.624023,0.074219,0.169922,30,30.000000,0.917903
cate1-00029,cate1,3,48,31,0.165039,0.605469,0.064453,0.140625,31,31.000000,0.915466
cate1-00032,cate1,0,11,0,0.491211,0.500000,0.052734,0.167969,0,0.000000,0.922256
cate1-00032,cate1,0,12,1,0.453125,0.502930,0.042969,0.173828,1,1.000000,0.877318
cate1-00032,cate1,0,13,2,0.412109,0.484375,0.046875,0.203125,2,2.000000,0.893459
cate1-00032,cate1,0,14,3,0.368164,0.486328,0.044922,0.179688,4,3.000000,0.887454
cate1-00032,cate1,0,15,4,0.334961,0.479492,0.052734,0.193359,4,4.000000,0.907298
cate1-00032,cate1,0,16,5,0.278320,0.472656,0.064453,0.183594,5,5.000000,0.900628
cate1-00032,cate1,0,17,6,0.225586,0.456055,0.080078,0.162109,6,6.000000,0.924465
cate1-00032,cate1,0,18,7,0.184570,0.408203,0.060547,0.125000,7,7.000000,0.915018
cate1-00032,cate1,0,21,8,0.537109,0.506836,0.042969,0.169922,8,8.000000,0.841298
cate1-00032,cate1,0,22,9,0.576172,0.497070,0.035156,0.197266,9,9.000000,0.883257
cate1-00032,cate1,0,23,10,0.614258,0.494141,0.041016,0.214844,10,10.000000,0.839993
cate1-00032,cate1,0,24,11,0.649414,0.495117,0.037109,0.193359,11,11.000000,0.844703
cate1-00032,cate1,0,25,12,0.689453,0.495117,0.046875,0.201172,12,12.000000,0.945766
cate1-00032,cate1,0,26,13,0.735352,0.493164,0.056641,0.181641,14,13.000000,0.852713
cate1-00032,cate1,0,27,14,0.785156,0.460938,0.078125,0.187500,14,14.000000,0.883644
cate1-00032,cate1,0,28,15,0.827148,0.432617,0.056641,0.138672,15,15.000000,0.893322
cate1-00032,cate1,0,31,16,0.521484,0.688477,0.023438,0.166016,16,16.000000,0.790470
cate1-00032,cate1,0,32,17,0.548828,0.676758,0.031250,0.142578,17,17.000000,0.847369
cate1-00032,cate1,0,33,18,0.580078,0.695312,0.031250,0.164062,18,18.000000,0.811976
cate1-00032,cate1,0,34,19,0.614258,0.713867,0.044922,0.185547,19,19.000000,0.871868
cate1-00032,cate1,0,35,20,0.652344,0.708008,0.054688,0.197266,20,20.000000,0.901937
cate1-00032,cate1,0,36,21,0.710938,0.696289,0.089844,0.189453,21,21.000000,0.943989
cate1-00032,cate1,0,37,22,0.771484,0.663086,0.082031,0.189453,22,22.000000,0.949024
cate1-00032,cate1,0,38,23,0.820312,0.613281,0.070312,0.148438,23,23.000000,0.945226
cate1-00032,cate1,0,41,24,0.497070,0.670898,0.025391,0.134766,24,24.000000,0.779445
cate1-00032,cate1,0,42,25,0.471680,0.678711,0.033203,0.154297,25,25.000000,0.833930
cate1-00032,cate1,0,43,26,0.434570,0.693359,0.044922,0.203125,26,26.000000,0.842152
cate1-00032,cate1,0,44,27,0.396484,0.705078,0.042969,0.203125,27,27.000000,0.897063
cate1-00032,cate1,0,45,28,0.356445,0.685547,0.044922,0.187500,28,28.000000,0.884152
cate1-00032,cate1,0,46,29,0.301758,0.680664,0.087891,0.201172,29,29.000000,0.963340
cate1-00032,cate1,0,47,30,0.229492,0.636719,0.095703,0.187500,30,30.000000,0.913639
cate1-00032,cate1,0,48,31,0.176758,0.595703,0.083984,0.167969,31,31.000000,0.928098
cate1-00035,cate1,1,11,0,0.497070,0.371094,0.048828,0.207031,0,0.000000,0.892000
cate1-00035,cate1,1,12,1,0.454102,0.375977,0.048828,0.216797,1,1.000000,0.835441
cate1-00035,cate1,1,13,2,0.409180,0.374023,0.060547,0.240234,2,2.000000,0.851387
cate1-00035,cate1,1,14,3,0.367188,0.386719,0.050781,0.218750,4,3.000000,0.896939
cate1-00035,cate1,1,15,4,0.329102,0.383789,0.052734,0.216797,4,4.000000,0.916725
cate1-00035,cate1,1,16,5,0.274414,0.394531,0.068359,0.175781,5,5.000000,0.902086
cate1-00035,cate1,1,17,6,0.209961,0.369141,0.068359,0.171875,7,6.000000,0.906700
cate1-00035,cate1,1,18,7,0.168945,0.292969,0.064453,0.113281,7,7.000000,0.938102
cate1-00035,cate1,1,21,8,0.541992,0.385742,0.044922,0.208984,8,8.000000,0.882606
cate1-00035,cate1,1,22,9,0.586914,0.381836,0.041016,0.220703,9,9.000000,0.851496
cate1-00035,cate1,1,23,10,0.627930,0.386719,0.044922,0.222656,11,10.000000,0.920704
cate1-00035,cate1,1,24,11,0.667969,0.396484,0.046875,0.195312,12,11.000000,0.862199
cate1-00035,cate1,1,25,12,0.702148,0.387695,0.044922,0.212891,12,12.000000,0.881481
cate1-00035,cate1,1,26,13,0.757812,0.381836,0.066406,0.205078,13,13.000000,0.914455
cate1-00035,cate1,1,27,14,0.811523,0.379883,0.080078,0.177734,15,14.000000,0.876899
cate1-00035,cate1,1,28,15,0.845703,0.300781,0.074219,0.113281,15,15.000000,0.902195
cate1-00035,cate1,1,31,16,0.529297,0.598633,0.031250,0.162109,16,16.000000,0.741933
cate1-00035,cate1,1,32,17,0.563477,0.610352,0.021484,0.181641,18,17.000000,0.847935
cate1-00035,cate1,1,33,18,0.596680,0.628906,0.044922,0.234375,18,18.000000,0.909210
cate1-00035,cate1,1,34,19,0.629883,0.625977,0.037109,0.224609,19,19.000000,0.874340
cate1-00035,cate1,1,35,20,0.673828,0.582031,0.058594,0.140625,20,,
cate1-00035,cate1,1,36,21,0.742188,0.603516,0.093750,0.222656,21,21.000000,0.800650
cate1-00035,cate1,1,37,22,0.803711,0.565430,0.087891,0.201172,22,22.000000,0.942617
cate1-00035,cate1,1,38,23,0.865234,0.566406,0.074219,0.171875,23,23.000000,0.910590
cate1-00035,cate1,1,41,24,0.500000,0.588867,0.031250,0.162109,24,24.000000,0.839178
cate1-00035,cate1,1,42,25,0.482422,0.600586,0.031250,0.169922,25,25.000000,0.784253
cate1-00035,cate1,1,43,26,0.441406,0.613281,0.042969,0.210938,26,26.000000,0.848150
cate1-00035,cate1,1,44,27,0.402344,0.615234,0.046875,0.218750,27,27.000000,0.890540
cate1-00035,cate1,1,45,28,0.356445,0.623047,0.052734,0.246094,28,28.000000,0.866148
cate1-00035,cate1,1,46,29,0.285156,0.602539,0.097656,0.240234,29,29.000000,0.937290
cate1-00035,cate1,1,47,30,0.221680,0.568359,0.103516,0.226562,30,30.000000,0.935131
cate1-00035,cate1,1,48,31,0.149414,0.535156,0.076172,0.179688,31,31.000000,0.908352
cate1-00038,cate1,1,11,0,0.483398,0.482422,0.044922,0.195312,0,0.000000,0.890804
cate1-00038,cate1,1,12,1,0.444336,0.477539,0.041016,0.173828,1,1.000000,0.852940
cate1-00038,cate1,1,13,2,0.408203,0.463867,0.039062,0.224609,2,2.000000,0.820867
cate1-00038,cate1,1,14,3,0.363281,0.466797,0.050781,0.175781,4,3.000000,0.885577
cate1-00038,cate1,1,15,4,0.329102,0.461914,0.044922,0.162109,4,4.000000,0.894304
cate1-00038,cate1,1,16,5,0.284180,0.466797,0.060547,0.160156,5,5.000000,0.944037
cate1-00038,cate1,1,17,6,0.229492,0.445312,0.052734,0.160156,6,6.000000,0.920417
cate1-00038,cate1,1,18,7,0.181641,0.429688,0.042969,0.160156,7,7.000000,0.915843
cate1-00038,cate1,1,21,8,0.524414,0.495117,0.044922,0.177734,8,8.000000,0.905025
cate1-00038,cate1,1,22,9,0.560547,0.472656,0.039062,0.199219,9,9.000000,0.871460
cate1-00038,cate1,1,23,10,0.601562,0.462891,0.050781,0.199219,11,10.000000,0.947088
cate1-00038,cate1,1,24,11,0.639648,0.462891,0.044922,0.183594,11,11.000000,0.867498
cate1-00038,cate1,1,25,12,0.679688,0.456055,0.039062,0.189453,12,12.000000,0.896319
cate1-00038,cate1,1,26,13,0.719727,0.467773,0.056641,0.158203,13,13.000000,0.928995
cate1-00038,cate1,1,27,14,0.774414,0.451172,0.060547,0.156250,14,14.000000,0.905574
cate1-00038,cate1,1,28,15,0.820312,0.451172,0.050781,0.125000,15,15.000000,0.919178
cate1-00038,cate1,1,31,16,0.509766,0.676758,0.019531,0.134766,16,16.000000,0.794081
cate1-00038,cate1,1,32,17,0.534180,0.680664,0.025391,0.154297,16,17.000000,0.821800
cate1-00038,cate1,1,33,18,0.565430,0.691406,0.033203,0.175781,17,18.000000,0.881611
cate1-00038,cate1,1,34,19,0.595703,0.689453,0.039062,0.179688,18,19.000000,0.869065
cate1-00038,cate1,1,35,20,0.631836,0.689453,0.041016,0.183594,19,20.000000,0.919682
cate1-00038,cate1,1,36,21,0.682617,0.668945,0.072266,0.185547,21,21.000000,0.912325
cate1-00038,cate1,1,37,22,0.742188,0.666016,0.074219,0.199219,22,22.000000,0.924006
cate1-00038,cate1,1,38,23,0.797852,0.623047,0.064453,0.156250,23,23.000000,0.895569
cate1-00038,cate1,1,41,24,0.489258,0.683594,0.025391,0.136719,24,24.000000,0.720780
cate1-00038,cate1,1,42,25,0.465820,0.684570,0.025391,0.166016,25,25.000000,0.768941
cate1-00038,cate1,1,43,26,0.434570,0.691406,0.037109,0.187500,26,26.000000,0.790573
cate1-00038,cate1,1,44,27,0.400391,0.684570,0.035156,0.177734,27,27.000000,0.806181
cate1-00038,cate1,1,45,28,0.365234,0.696289,0.039062,0.189453,28,28.000000,0.835702
cate1-00038,cate1,1,46,29,0.314453,0.681641,0.066406,0.195312,28,29.000000,0.940125
cate1-00038,cate1,1,47,30,0.252930,0.662109,0.080078,0.175781,30,30.000000,0.891158
cate1-00038,cate1,1,48,31,0.203125,0.635742,0.062500,0.154297,31,31.000000,0.942954
cate1-00041,cate1,3,11,0,0.494141,0.460938,0.046875,0.218750,0,0.000000,0.911448
cate1-00041,cate1,3,12,1,0.456055,0.483398,0.037109,0.177734,1,1.000000,0.901147
cate1-00041,cate1,3,13,2,0.417969,0.458984,0.050781,0.246094,2,2.000000,0.928801
cate1-00041,cate1,3,14,3,0.374023,0.471680,0.052734,0.220703,3,3.000000,0.921302
cate1-00041,cate1,3,15,4,0.333984,0.470703,0.035156,0.210938,4,4.000000,0.904402
cate1-00041,cate1,3,16,5,0.291016,0.477539,0.054688,0.189453,5,5.000000,0.886051
cate1-00041,cate1,3,17,6,0.236328,0.461914,0.054688,0.193359,6,6.000000,0.867027
cate1-00041,cate1,3,18,7,0.183594,0.447266,0.070312,0.171875,7,7.000000,0.900941
cate1-00041,cate1,3,21,8,0.539062,0.468750,0.050781,0.222656,8,8.000000,0.899162
cate1-00041,cate1,3,22,9,0.581055,0.469727,0.033203,0.216797,9,9.000000,0.874291
cate1-00041,cate1,3,23,10,0.619141,0.472656,0.042969,0.218750,11,10.000000,0.865858
cate1-00041,cate1,3,24,11,0.656250,0.472656,0.035156,0.207031,12,11.000000,0.921968
cate1-00041,cate1,3,25,12,0.688477,0.471680,0.037109,0.201172,12,12.000000,0.912267
cate1-00041,cate1,3,26,13,0.732422,0.477539,0.058594,0.185547,13,13.000000,0.951130
cate1-00041,cate1,3,27,14,0.784180,0.461914,0.044922,0.181641,14,14.000000,0.938711
cate1-00041,cate1,3,28,15,0.832031,0.452148,0.058594,0.150391,15,15.000000,0.951812
cate1-00041,cate1,3,31,16,0.531250,0.688477,0.031250,0.166016,16,16.000000,0.844656
cate1-00041,cate1,3,32,17,0.565430,0.699219,0.044922,0.203125,18,17.000000,0.858654
cate1-00041,cate1,3,33,18,0.602539,0.706055,0.056641,0.208984,18,18.000000,0.852789
cate1-00041,cate1,3,34,19,0.640625,0.702148,0.042969,0.212891,20,19.000000,0.848244
cate1-00041,cate1,3,35,20,0.679688,0.690430,0.042969,0.205078,20,20.000000,0.907510
cate1-00041,cate1,3,36,21,0.722656,0.679688,0.066406,0.187500,22,21.000000,0.905028
cate1-00041,cate1,3,37,22,0.783203,0.647461,0.078125,0.173828,22,22.000000,0.948770
cate1-00041,cate1,3,38,23,0.850586,0.625977,0.091797,0.166016,23,23.000000,0.905416
cate1-00041,cate1,3,41,24,0.499023,0.681641,0.029297,0.160156,24,24.000000,0.867452
cate1-00041,cate1,3,42,25,0.469727,0.676758,0.029297,0.189453,25,25.000000,0.850245
cate1-00041,cate1,3,43,26,0.427734,0.707031,0.046875,0.234375,26,26.000000,0.875802
cate1-00041,cate1,3,44,27,0.388672,0.704102,0.042969,0.212891,27,27.000000,0.832567
cate1-00041,cate1,3,45,28,0.346680,0.698242,0.044922,0.208984,28,28.000000,0.917741
cate1-00041,cate1,3,46,29,0.293945,0.692383,0.083984,0.212891,29,29.000000,0.919503
cate1-00041,cate1,3,47,30,0.229492,0.674805,0.087891,0.212891,30,30.000000,0.915852
cate1-00041,cate1,3,48,31,0.170898,0.625000,0.083984,0.171875,31,31.000000,0.924503
cate1-00044,cate1,2,11,0,0.492188,0.449219,0.042969,0.234375,0,0.000000,0.928380
cate1-00044,cate1,2,12,1,0.457031,0.437500,0.039062,0.214844,1,1.000000,0.852713
cate1-00044,cate1,2,13,2,0.425781,0.406250,0.039062,0.269531,2,2.000000,0.925606
cate1-00044,cate1,2,14,3,0.389648,0.395508,0.048828,0.236328,3,3.000000,0.912294
cate1-00044,cate1,2,15,4,0.360352,0.384766,0.056641,0.218750,4,4.000000,0.809292
cate1-00044,cate1,2,16,5,0.312500,0.386719,0.070312,0.195312,5,5.000000,0.906406
cate1-00044,cate1,2,17,6,0.267578,0.356445,0.082031,0.173828,6,6.000000,0.931014
cate1-00044,cate1,2,18,7,0.258789,0.242188,0.060547,0.101562,7,7.000000,0.907787
cate1-00044,cate1,2,21,8,0.534180,0.445312,0.044922,0.246094,8,8.000000,0.923494
cate1-00044,cate1,2,22,9,0.573242,0.447266,0.037109,0.226562,9,9.000000,0.872690
cate1-00044,cate1,2,23,10,0.608398,0.435547,0.037109,0.226562,10,10.000000,0.792848
cate1-00044,cate1,2,24,11,0.646484,0.433594,0.035156,0.195312,11,11.000000,0.885531
cate1-00044,cate1,2,25,12,0.669922,0.416016,0.054688,0.203125,12,12.000000,0.916168
cate1-00044,cate1,2,26,13,0.719727,0.419922,0.072266,0.167969,13,13.000000,0.917041
cate1-00044,cate1,2,27,14,0.754883,0.367188,0.083984,0.164062,14,14.000000,0.903861
cate1-00044,cate1,2,28,15,0.763672,0.263672,0.046875,0.074219,15,15.000000,0.926405
cate1-00044,cate1,2,31,16,0.522461,0.688477,0.033203,0.193359,16,16.000000,0.826537
cate1-00044,cate1,2,32,17,0.553711,0.700195,0.033203,0.216797,17,17.000000,0.789642
cate1-00044,cate1,2,33,18,0.591797,0.677734,0.039062,0.203125,18,18.000000,0.793098
cate1-00044,cate1,2,34,19,0.625000,0.676758,0.039062,0.201172,19,19.000000,0.838084
cate1-00044,cate1,2,35,20,0.663086,0.664062,0.048828,0.210938,20,20.000000,0.897338
cate1-00044,cate1,2,36,21,0.713867,0.625977,0.095703,0.224609,21,21.000000,0.956180
cate1-00044,cate1,2,37,22,0.775391,0.568359,0.082031,0.195312,22,22.000000,0.951669
cate1-00044,cate1,2,38,23,0.825195,0.515625,0.064453,0.125000,23,23.000000,0.894234
cate1-00044,cate1,2,41,24,0.495117,0.690430,0.029297,0.197266,24,24.000000,0.791403
cate1-00044,cate1,2,42,25,0.469727,0.692383,0.025391,0.232422,25,25.000000,0.836299
cate1-00044,cate1,2,43,26,0.422852,0.682617,0.064453,0.232422,27,26.000000,0.872729
cate1-00044,cate1,2,44,27,0.396484,0.654297,0.042969,0.203125,28,27.000000,0.870987
cate1-00044,cate1,2,45,28,0.367188,0.649414,0.042969,0.228516,27,28.000000,0.831231
cate1-00044,cate1,2,46,29,0.303711,0.608398,0.103516,0.216797,29,29.000000,0.948246
cate1-00044,cate1,2,47,30,0.246094,0.562500,0.082031,0.203125,30,30.000000,0.913493
cate1-00044,cate1,2,48,31,0.185547,0.526367,0.046875,0.083984,31,,
cate1-00047,cate1,0,11,0,0.468750,0.445312,0.046875,0.242188,0,0.000000,0.899627
cate1-00047,cate1,0,12,1,0.430664,0.455078,0.041016,0.210938,2,1.000000,0.903870
cate1-00047,cate1,0,13,2,0.391602,0.434570,0.041016,0.220703,2,2.000000,0.811262
cate1-00047,cate1,0,14,3,0.354492,0.429688,0.037109,0.183594,4,3.000000,0.846175
cate1-00047,cate1,0,15,4,0.324219,0.420898,0.042969,0.193359,4,4.000000,0.918838
cate1-00047,cate1,0,16,5,0.273438,0.407227,0.058594,0.197266,5,5.000000,0.916176
cate1-00047,cate1,0,17,6,0.230469,0.376953,0.066406,0.179688,6,6.000000,0.906535
cate1-00047,cate1,0,18,7,0.187500,0.326172,0.054688,0.121094,7,7.000000,0.927318
cate1-00047,cate1,0,21,8,0.516602,0.451172,0.048828,0.226562,8,8.000000,0.889943
cate1-00047,cate1,0,22,9,0.553711,0.478516,0.041016,0.152344,9,9.000000,0.771669
cate1-00047,cate1,0,23,10,0.566406,0.386719,0.042969,0.230469,9,,
cate1-00047,cate1,0,24,11,0.606445,0.438477,0.052734,0.173828,11,11.000000,0.841902
cate1-00047,cate1,0,25,12,0.645508,0.419922,0.060547,0.199219,11,12.000000,0.911383
cate1-00047,cate1,0,26,13,0.707031,0.410156,0.074219,0.183594,14,13.000000,0.911009
cate1-00047,cate1,0,27,14,0.761719,0.383789,0.074219,0.173828,14,14.000000,0.940906
cate1-00047,cate1,0,28,15,0.804688,0.321289,0.066406,0.130859,15,15.000000,0.873029
cate1-00047,cate1,0,31,16,0.492188,0.669922,0.031250,0.140625,24,16.000000,0.695866
cate1-00047,cate1,0,32,17,0.521484,0.658203,0.035156,0.160156,16,17.000000,0.904781
cate1-00047,cate1,0,33,18,0.564453,0.666992,0.027344,0.185547,17,18.000000,0.823735
cate1-00047,cate1,0,34,19,0.594727,0.656250,0.048828,0.179688,19,19.000000,0.900196
cate1-00047,cate1,0,35,20,0.648438,0.643555,0.074219,0.189453,20,20.000000,0.918523
cate1-00047,cate1,0,36,21,0.701172,0.609375,0.109375,0.214844,21,21.000000,0.927943
cate1-00047,cate1,0,37,22,0.767578,0.559570,0.097656,0.189453,22,22.000000,0.965623
cate1-00047,cate1,0,38,23,0.833984,0.529297,0.082031,0.128906,23,23.000000,0.916106
cate1-00047,cate1,0,41,24,0.462891,0.672852,0.027344,0.169922,25,24.000000,0.529951
cate1-00047,cate1,0,42,25,0.432617,0.672852,0.029297,0.169922,26,25.000000,0.841909
cate1-00047,cate1,0,43,26,0.397461,0.686523,0.044922,0.197266,27,26.000000,0.865088
cate1-00047,cate1,0,44,27,0.369141,0.652344,0.054688,0.160156,27,27.000000,0.864008
cate1-00047,cate1,0,45,28,0.335938,0.644531,0.046875,0.171875,28,28.000000,0.825137
cate1-00047,cate1,0,46,29,0.283203,0.618164,0.093750,0.216797,29,29.000000,0.943398
cate1-00047,cate1,0,47,30,0.225586,0.573242,0.080078,0.205078,30,30.000000,0.909946
cate1-00047,cate1,0,48,31,0.167969,0.540039,0.082031,0.146484,31,31.000000,0.950064
cate1-00050,cate1,0,11,0,0.470703,0.395508,0.046875,0.240234,0,0.000000,0.914282
cate1-00050,cate1,0,12,1,0.435547,0.386719,0.046875,0.230469,0,1.000000,0.851288
cate1-00050,cate1,0,13,2,0.392578,0.375000,0.046875,0.250000,3,2.000000,0.858548
cate1-00050,cate1,0,14,3,0.351562,0.388672,0.042969,0.191406,4,3.000000,0.809022
cate1-00050,cate1,0,15,4,0.312500,0.375977,0.035156,0.201172,4,4.000000,0.958298
cate1-00050,cate1,0,16,5,0.266602,0.376953,0.060547,0.203125,6,5.000000,0.951044
cate1-00050,cate1,0,17,6,0.204102,0.340820,0.060547,0.216797,6,6.000000,0.781517
cate1-00050,cate1,0,18,7,0.146484,0.329102,0.062500,0.193359,7,7.000000,0.882288
cate1-00050,cate1,0,21,8,0.513672,0.401367,0.050781,0.224609,8,8.000000,0.840554
cate1-00050,cate1,0,22,9,0.555664,0.376953,0.044922,0.230469,9,9.000000,0.892537
cate1-00050,cate1,0,23,10,0.593750,0.362305,0.039062,0.259766,10,10.000000,0.893164
cate1-00050,cate1,0,24,11,0.638672,0.370117,0.035156,0.205078,11,11.000000,0.822393
cate1-00050,cate1,0,25,12,0.675781,0.381836,0.046875,0.205078,12,12.000000,0.907245
cate1-00050,cate1,0,26,13,0.726562,0.383789,0.062500,0.181641,13,13.000000,0.907700
cate1-00050,cate1,0,27,14,0.788086,0.358398,0.064453,0.193359,14,14.000000,0.927901
cate1-00050,cate1,0,28,15,0.843750,0.344727,0.054688,0.193359,15,15.000000,0.875884
cate1-00050,cate1,0,31,16,0.522461,0.605469,0.025391,0.140625,16,16.000000,0.866733
cate1-00050,cate1,0,32,17,0.552734,0.609375,0.027344,0.152344,17,17.000000,0.942594
cate1-00050,cate1,0,33,18,0.592773,0.610352,0.037109,0.177734,18,18.000000,0.848036
cate1-00050,cate1,0,34,19,0.633789,0.614258,0.044922,0.181641,20,19.000000,0.892575
cate1-00050,cate1,0,35,20,0.677734,0.596680,0.046875,0.173828,20,20.000000,0.870705
cate1-00050,cate1,0,36,21,0.724609,0.591797,0.082031,0.203125,21,21.000000,0.916673
cate1-00050,cate1,0,37,22,0.797852,0.579102,0.087891,0.212891,22,22.000000,0.955317
cate1-00050,cate1,0,38,23,0.860352,0.526367,0.083984,0.189453,23,23.000000,0.844179
cate1-00050,cate1,0,41,24,0.496094,0.600586,0.031250,0.150391,24,24.000000,0.756762
cate1-00050,cate1,0,42,25,0.467773,0.596680,0.037109,0.134766,25,25.000000,0.842860
cate1-00050,cate1,0,43,26,0.431641,0.610352,0.035156,0.169922,26,26.000000,0.909364
cate1-00050,cate1,0,44,27,0.384766,0.606445,0.039062,0.177734,27,27.000000,0.903777
cate1-00050,cate1,0,45,28,0.338867,0.600586,0.048828,0.181641,28,28.000000,0.899767
cate1-00050,cate1,0,46,29,0.282227,0.590820,0.080078,0.205078,29,29.000000,0.957955
cate1-00050,cate1,0,47,30,0.213867,0.574219,0.080078,0.214844,30,30.000000,0.917994
cate1-00050,cate1,0,48,31,0.141602,0.544922,0.083984,0.191406,31,31.000000,0.934536
cate1-00053,cate1,1,11,0,0.488281,0.380859,0.062500,0.226562,0,0.000000,0.831368
cate1-00053,cate1,1,12,1,0.437500,0.381836,0.058594,0.220703,1,1.000000,0.854762
cate1-00053,cate1,1,13,2,0.379883,0.377930,0.060547,0.251953,3,2.000000,0.904634
cate1-00053,cate1,1,14,3,0.329102,0.376953,0.048828,0.246094,4,3.000000,0.924992
cate1-00053,cate1,1,15,4,0.283203,0.379883,0.050781,0.248047,6,4.000000,0.887838
cate1-00053,cate1,1,16,5,0.222656,0.402344,0.074219,0.195312,6,5.000000,0.888390
cate1-00053,cate1,1,17,6,0.150391,0.358398,0.062500,0.224609,6,6.000000,0.914626
cate1-00053,cate1,1,18,7,0.084961,0.361328,0.068359,0.195312,7,7.000000,0.889719
cate1-00053,cate1,1,21,8,0.545898,0.392578,0.064453,0.218750,8,8.000000,0.845562
cate1-00053,cate1,1,22,9,0.593750,0.383789,0.042969,0.236328,10,9.000000,0.808132
cate1-00053,cate1,1,23,10,0.645508,0.360352,0.060547,0.291016,11,10.000000,0.940420
cate1-00053,cate1,1,24,11,0.692383,0.372070,0.060547,0.255859,12,11.000000,0.832029
cate1-00053,cate1,1,25,12,0.727539,0.367188,0.044922,0.261719,14,12.000000,0.878038
cate1-00053,cate1,1,26,13,0.783203,0.375000,0.070312,0.218750,14,13.000000,0.919922
cate1-00053,cate1,1,27,14,0.841797,0.373047,0.058594,0.214844,15,14.000000,0.895710
cate1-00053,cate1,1,28,15,0.896484,0.372070,0.054688,0.224609,15,15.000000,0.937373
cate1-00053,cate1,1,31,16,0.520508,0.580078,0.033203,0.117188,24,16.000000,0.799443
cate1-00053,cate1,1,32,17,0.554688,0.588867,0.039062,0.142578,17,17.000000,0.902881
cate1-00053,cate1,1,33,18,0.610352,0.611328,0.064453,0.222656,19,18.000000,0.887216
cate1-00053,cate1,1,34,19,0.652344,0.609375,0.042969,0.203125,20,19.000000,0.899256
cate1-00053,cate1,1,35,20,0.698242,0.600586,0.060547,0.212891,20,20.000000,0.901963
cate1-00053,cate1,1,36,21,0.754883,0.616211,0.076172,0.244141,22,21.000000,0.914859
cate1-00053,cate1,1,37,22,0.826172,0.610352,0.070312,0.232422,22,22.000000,0.887150
cate1-00053,cate1,1,38,23,0.894531,0.600586,0.109375,0.158203,23,23.000000,0.927097
cate1-00053,cate1,1,41,24,0.483398,0.586914,0.033203,0.142578,24,24.000000,0.746356
cate1-00053,cate1,1,42,25,0.448242,0.595703,0.037109,0.164062,25,25.000000,0.844926
cate1-00053,cate1,1,43,26,0.389648,0.622070,0.064453,0.240234,26,26.000000,0.912879
cate1-00053,cate1,1,44,27,0.351562,0.624023,0.050781,0.232422,28,27.000000,0.860523
cate1-00053,cate1,1,45,28,0.300781,0.627930,0.046875,0.240234,28,28.000000,0.776375
cate1-00053,cate1,1,46,29,0.230469,0.622070,0.101562,0.251953,30,29.000000,0.932756
cate1-00053,cate1,1,47,30,0.152344,0.612305,0.097656,0.251953,31,30.000000,0.920570
cate1-00053,cate1,1,48,31,0.088867,0.576172,0.087891,0.207031,31,31.000000,0.953871
cate1-00056,cate1,2,11,0,0.485352,0.545898,0.029297,0.185547,24,0.000000,0.836746
cate1-00056,cate1,2,12,1,0.455078,0.546875,0.035156,0.191406,25,1.000000,0.911791
cate1-00056,cate1,2,13,2,0.420898,0.541016,0.041016,0.207031,2,2.000000,0.893202
cate1-00056,cate1,2,14,3,0.390625,0.555664,0.027344,0.162109,27,3.000000,0.840819
cate1-00056,cate1,2,15,4,0.368164,0.550781,0.033203,0.136719,27,4.000000,0.800651
cate1-00056,cate1,2,16,5,0.324219,0.537109,0.058594,0.148438,5,5.000000,0.932224
cate1-00056,cate1,2,17,6,0.275391,0.513672,0.054688,0.164062,6,6.000000,0.958310
cate1-00056,cate1,2,18,7,0.250000,0.451172,0.054688,0.128906,7,7.000000,0.919467
cate1-00056,cate1,2,21,8,0.517578,0.554688,0.027344,0.183594,17,8.000000,0.863202
cate1-00056,cate1,2,22,9,0.543945,0.546875,0.029297,0.187500,17,9.000000,0.799500
cate1-00056,cate1,2,23,10,0.578125,0.518555,0.039062,0.228516,9,10.000000,0.910828
cate1-00056,cate1,2,24,11,0.607422,0.540039,0.035156,0.158203,11,11.000000,0.783046
cate1-00056,cate1,2,25,12,0.627930,0.544922,0.029297,0.144531,19,12.000000,0.904112
cate1-00056,cate1,2,26,13,0.669922,0.526367,0.050781,0.166016,11,13.000000,0.915834
cate1-00056,cate1,2,27,14,0.718750,0.516602,0.054688,0.154297,13,14.000000,0.953002
cate1-00056,cate1,2,28,15,0.745117,0.439453,0.056641,0.113281,15,15.000000,0.897954
cate1-00056,cate1,2,31,16,0.506836,0.706055,0.025391,0.099609,24,16.000000,0.784054
cate1-00056,cate1,2,32,17,0.535156,0.715820,0.023438,0.126953,16,17.000000,0.810721
cate1-00056,cate1,2,33,18,0.568359,0.711914,0.046875,0.158203,17,18.000000,0.889066
cate1-00056,cate1,2,34,19,0.596680,0.702148,0.041016,0.150391,17,19.000000,0.891090
cate1-00056,cate1,2,35,20,0.624023,0.693359,0.044922,0.152344,19,20.000000,0.891655
cate1-00056,cate1,2,36,21,0.667969,0.679688,0.070312,0.144531,21,21.000000,0.953586
cate1-00056,cate1,2,37,22,0.725586,0.657227,0.072266,0.150391,21,22.000000,0.914010
cate1-00056,cate1,2,38,23,0.774414,0.596680,0.056641,0.099609,23,23.000000,0.885164
cate1-00056,cate1,2,41,24,0.485352,0.696289,0.025391,0.119141,24,24.000000,0.750551
cate1-00056,cate1,2,42,25,0.458008,0.711914,0.025391,0.150391,25,25.000000,0.831455
cate1-00056,cate1,2,43,26,0.430664,0.718750,0.033203,0.167969,26,26.000000,0.862914
cate1-00056,cate1,2,44,27,0.399414,0.714844,0.033203,0.164062,27,27.000000,0.920691
cate1-00056,cate1,2,45,28,0.362305,0.708984,0.041016,0.164062,28,28.000000,0.938868
cate1-00056,cate1,2,46,29,0.316406,0.690430,0.078125,0.169922,29,29.000000,0.944850
cate1-00056,cate1,2,47,30,0.259766,0.662109,0.074219,0.152344,30,30.000000,0.943902
cate1-00056,cate1,2,48,31,0.203125,0.602539,0.078125,0.126953,31,31.000000,0.936100
cate1-00059,cate1,2,11,0,0.498047,0.492188,0.039062,0.207031,0,0.000000,0.861121
cate1-00059,cate1,2,12,1,0.463867,0.483398,0.041016,0.212891,0,1.000000,0.904445
cate1-00059,cate1,2,13,2,0.426758,0.480469,0.041016,0.187500,2,2.000000,0.895005
cate1-00059,cate1,2,14,3,0.385742,0.471680,0.037109,0.201172,3,3.000000,0.896761
cate1-00059,cate1,2,15,4,0.348633,0.464844,0.041016,0.191406,4,4.000000,0.909052
cate1-00059,cate1,2,16,5,0.296875,0.458008,0.066406,0.173828,5,5.000000,0.928143
cate1-00059,cate1,2,17,6,0.241211,0.436523,0.060547,0.185547,6,6.000000,0.942609
cate1-00059,cate1,2,18,7,0.208008,0.414062,0.080078,0.144531,7,7.000000,0.939750
cate1-00059,cate1,2,21,8,0.541016,0.489258,0.042969,0.208984,8,8.000000,0.896640
cate1-00059,cate1,2,22,9,0.580078,0.465820,0.042969,0.224609,9,9.000000,0.813148
cate1-00059,cate1,2,23,10,0.613281,0.448242,0.039062,0.251953,10,10.000000,0.873239
cate1-00059,cate1,2,24,11,0.644531,0.450195,0.035156,0.216797,12,11.000000,0.900838
cate1-00059,cate1,2,25,12,0.676758,0.447266,0.041016,0.195312,12,12.000000,0.881321
cate1-00059,cate1,2,26,13,0.723633,0.440430,0.056641,0.185547,13,13.000000,0.915632
cate1-00059,cate1,2,27,14,0.769531,0.437500,0.058594,0.167969,14,14.000000,0.933893
cate1-00059,cate1,2,28,15,0.799805,0.407227,0.064453,0.146484,15,15.000000,0.921793
cate1-00059,cate1,2,31,16,0.512695,0.692383,0.021484,0.138672,16,16.000000,0.576906
cate1-00059,cate1,2,32,17,0.533203,0.698242,0.027344,0.166016,16,17.000000,0.793832
cate1-00059,cate1,2,33,18,0.571289,0.701172,0.052734,0.199219,18,18.000000,0.902532
cate1-00059,cate1,2,34,19,0.598633,0.684570,0.044922,0.205078,19,19.000000,0.890180
cate1-00059,cate1,2,35,20,0.637695,0.675781,0.044922,0.207031,19,20.000000,0.916764
cate1-00059,cate1,2,36,21,0.687500,0.663086,0.085938,0.205078,21,21.000000,0.904139
cate1-00059,cate1,2,37,22,0.740234,0.641602,0.078125,0.193359,22,22.000000,0.949720
cate1-00059,cate1,2,38,23,0.813477,0.554688,0.107422,0.152344,23,23.000000,0.906235
cate1-00059,cate1,2,41,24,0.490234,0.696289,0.027344,0.154297,24,24.000000,0.833599
cate1-00059,cate1,2,42,25,0.463867,0.694336,0.033203,0.158203,25,25.000000,0.830235
cate1-00059,cate1,2,43,26,0.424805,0.698242,0.048828,0.193359,26,26.000000,0.901596
cate1-00059,cate1,2,44,27,0.396484,0.669922,0.035156,0.183594,27,27.000000,0.908860
cate1-00059,cate1,2,45,28,0.361328,0.685547,0.031250,0.207031,27,28.000000,0.862748
cate1-00059,cate1,2,46,29,0.306641,0.673828,0.085938,0.222656,29,29.000000,0.954202
cate1-00059,cate1,2,47,30,0.241211,0.640625,0.080078,0.187500,30,30.000000,0.910964
cate1-00059,cate1,2,48,31,0.180664,0.587891,0.099609,0.175781,31,31.000000,0.952940
cate1-00062,cate1,2,11,0,0.483398,0.449219,0.044922,0.218750,0,0.000000,0.950755
cate1-00062,cate1,2,12,1,0.448242,0.445312,0.041016,0.203125,1,1.000000,0.898659
cate1-00062,cate1,2,13,2,0.413086,0.410156,0.044922,0.257812,2,2.000000,0.881339
cate1-00062,cate1,2,14,3,0.371094,0.418945,0.039062,0.201172,4,3.000000,0.930628
cate1-00062,cate1,2,15,4,0.336914,0.395508,0.044922,0.205078,4,4.000000,0.906023
cate1-00062,cate1,2,16,5,0.285156,0.405273,0.062500,0.166016,5,5.000000,0.639526
cate1-00062,cate1,2,17,6,0.229492,0.374023,0.068359,0.169922,6,6.000000,0.930138
cate1-00062,cate1,2,18,7,0.193359,0.306641,0.089844,0.171875,7,7.000000,0.923240
cate1-00062,cate1,2,21,8,0.529297,0.445312,0.050781,0.222656,8,8.000000,0.884282
cate1-00062,cate1,2,22,9,0.570312,0.459961,0.046875,0.193359,9,9.000000,0.918481
cate1-00062,cate1,2,23,10,0.604492,0.432617,0.044922,0.255859,10,10.000000,0.918960
cate1-00062,cate1,2,24,11,0.643555,0.427734,0.048828,0.226562,11,11.000000,0.888673
cate1-00062,cate1,2,25,12,0.680664,0.416016,0.041016,0.199219,12,12.000000,0.903273
cate1-00062,cate1,2,26,13,0.725586,0.416992,0.060547,0.189453,13,13.000000,0.905849
cate1-00062,cate1,2,27,14,0.779297,0.373047,0.070312,0.199219,14,14.000000,0.926813
cate1-00062,cate1,2,28,15,0.833008,0.344727,0.083984,0.185547,14,15.000000,0.918646
cate1-00062,cate1,2,31,16,0.525391,0.657227,0.027344,0.119141,16,16.000000,0.831596
cate1-00062,cate1,2,32,17,0.552734,0.661133,0.035156,0.123047,17,17.000000,0.894495
cate1-00062,cate1,2,33,18,0.587891,0.655273,0.042969,0.173828,19,18.000000,0.874336
cate1-00062,cate1,2,34,19,0.627930,0.638672,0.052734,0.179688,19,19.000000,0.920394
cate1-00062,cate1,2,35,20,0.667969,0.633789,0.058594,0.205078,20,20.000000,0.907057
cate1-00062,cate1,2,36,21,0.725586,0.613281,0.103516,0.222656,21,21.000000,0.926788
cate1-00062,cate1,2,37,22,0.799805,0.571289,0.126953,0.208984,22,22.000000,0.937108
cate1-00062,cate1,2,38,23,0.853516,0.537109,0.089844,0.187500,23,23.000000,0.890777
cate1-00062,cate1,2,41,24,0.498047,0.654297,0.027344,0.109375,24,24.000000,0.894987
cate1-00062,cate1,2,42,25,0.467773,0.653320,0.029297,0.123047,25,25.000000,0.866815
cate1-00062,cate1,2,43,26,0.431641,0.630859,0.046875,0.175781,26,26.000000,0.906391
cate1-00062,cate1,2,44,27,0.395508,0.630859,0.048828,0.179688,27,27.000000,0.906539
cate1-00062,cate1,2,45,28,0.345703,0.626953,0.078125,0.222656,28,28.000000,0.885559
cate1-00062,cate1,2,46,29,0.294922,0.596680,0.097656,0.216797,29,29.000000,0.942365
cate1-00062,cate1,2,47,30,0.221680,0.571289,0.103516,0.216797,30,30.000000,0.929454
cate1-00062,cate1,2,48,31,0.144531,0.507812,0.109375,0.136719,31,31.000000,0.936567
cate1-00065,cate1,4,11,0,0.499023,0.454102,0.044922,0.220703,0,0.000000,0.910337
cate1-00065,cate1,4,12,1,0.465820,0.446289,0.044922,0.181641,0,1.000000,0.787934
cate1-00065,cate1,4,13,2,0.431641,0.408203,0.046875,0.238281,2,2.000000,0.877042
cate1-00065,cate1,4,14,3,0.384766,0.400391,0.046875,0.230469,3,3.000000,0.857048
cate1-00065,cate1,4,15,4,0.345703,0.397461,0.046875,0.224609,4,4.000000,0.852755
cate1-00065,cate1,4,16,5,0.294922,0.393555,0.062500,0.205078,5,5.000000,0.877987
cate1-00065,cate1,4,17,6,0.236328,0.362305,0.078125,0.220703,6,6.000000,0.881823
cate1-00065,cate1,4,18,7,0.200195,0.286133,0.064453,0.103516,7,7.000000,0.917553
cate1-00065,cate1,4,21,8,0.541016,0.438477,0.039062,0.240234,8,8.000000,0.932808
cate1-00065,cate1,4,22,9,0.576172,0.449219,0.031250,0.218750,9,9.000000,0.853801
cate1-00065,cate1,4,23,10,0.612305,0.434570,0.037109,0.236328,10,10.000000,0.841882
cate1-00065,cate1,4,24,11,0.651367,0.429688,0.044922,0.218750,11,11.000000,0.879042
cate1-00065,cate1,4,25,12,0.685547,0.412109,0.039062,0.234375,12,12.000000,0.837021
cate1-00065,cate1,4,26,13,0.728516,0.411133,0.058594,0.208984,13,13.000000,0.913312
cate1-00065,cate1,4,27,14,0.773438,0.387695,0.070312,0.201172,14,14.000000,0.929973
cate1-00065,cate1,4,28,15,0.803711,0.319336,0.052734,0.091797,15,15.000000,0.937118
cate1-00065,cate1,4,31,16,0.527344,0.661133,0.027344,0.150391,16,16.000000,0.867413
cate1-00065,cate1,4,32,17,0.557617,0.667969,0.029297,0.160156,17,17.000000,0.896611
cate1-00065,cate1,4,33,18,0.598633,0.680664,0.052734,0.205078,19,18.000000,0.928853
cate1-00065,cate1,4,34,19,0.626953,0.661133,0.039062,0.169922,20,19.000000,0.875742
cate1-00065,cate1,4,35,20,0.662109,0.650391,0.042969,0.171875,20,20.000000,0.865359
cate1-00065,cate1,4,36,21,0.719727,0.644531,0.087891,0.218750,21,21.000000,0.909474
cate1-00065,cate1,4,37,22,0.781250,0.604492,0.085938,0.205078,22,22.000000,0.947468
cate1-00065,cate1,4,38,23,0.833984,0.569336,0.062500,0.119141,23,23.000000,0.897297
cate1-00065,cate1,4,41,24,0.501953,0.655273,0.027344,0.154297,24,24.000000,0.777969
cate1-00065,cate1,4,42,25,0.471680,0.644531,0.029297,0.148438,24,25.000000,0.858776
cate1-00065,cate1,4,43,26,0.425781,0.653320,0.058594,0.181641,26,26.000000,0.912200
cate1-00065,cate1,4,44,27,0.380859,0.654297,0.046875,0.214844,28,27.000000,0.908476
cate1-00065,cate1,4,45,28,0.335938,0.642578,0.046875,0.207031,28,28.000000,0.883720
cate1-00065,cate1,4,46,29,0.273438,0.630859,0.093750,0.214844,29,29.000000,0.886067
cate1-00065,cate1,4,47,30,0.202148,0.589844,0.107422,0.210938,30,30.000000,0.965021
cate1-00065,cate1,4,48,31,0.143555,0.536133,0.072266,0.134766,31,31.000000,0.950897
cate1-00068,cate1,3,11,0,0.488281,0.427734,0.046875,0.230469,0,0.000000,0.909644
cate1-00068,cate1,3,12,1,0.454102,0.428711,0.048828,0.208984,1,1.000000,0.926847
cate1-00068,cate1,3,13,2,0.416016,0.418945,0.046875,0.232422,2,2.000000,0.899809
cate1-00068,cate1,3,14,3,0.376953,0.424805,0.042969,0.208984,3,3.000000,0.736398
cate1-00068,cate1,3,15,4,0.338867,0.410156,0.056641,0.203125,4,4.000000,0.913963
cate1-00068,cate1,3,16,5,0.290039,0.394531,0.060547,0.222656,5,5.000000,0.923469
cate1-00068,cate1,3,17,6,0.230469,0.390625,0.058594,0.171875,6,6.000000,0.903047
cate1-00068,cate1,3,18,7,0.181641,0.308594,0.078125,0.136719,7,7.000000,0.915078
cate1-00068,cate1,3,21,8,0.524414,0.424805,0.041016,0.236328,8,8.000000,0.875181
cate1-00068,cate1,3,22,9,0.560547,0.425781,0.035156,0.222656,9,9.000000,0.850494
cate1-00068,cate1,3,23,10,0.593750,0.414062,0.035156,0.242188,10,10.000000,0.773454
cate1-00068,cate1,3,24,11,0.631836,0.422852,0.041016,0.212891,10,11.000000,0.827314
cate1-00068,cate1,3,25,12,0.663086,0.419922,0.037109,0.195312,12,12.000000,0.844736
cate1-00068,cate1,3,26,13,0.711914,0.411133,0.060547,0.185547,13,13.000000,0.855862
cate1-00068,cate1,3,27,14,0.765625,0.430664,0.054688,0.134766,15,14.000000,0.885156
cate1-00068,cate1,3,28,15,0.803711,0.344727,0.064453,0.134766,15,15.000000,0.900468
cate1-00068,cate1,3,31,16,0.513672,0.642578,0.023438,0.164062,16,16.000000,0.856485
cate1-00068,cate1,3,32,17,0.542969,0.632812,0.035156,0.164062,17,17.000000,0.780342
cate1-00068,cate1,3,33,18,0.576172,0.648438,0.050781,0.179688,17,18.000000,0.858950
cate1-00068,cate1,3,34,19,0.607422,0.649414,0.039062,0.205078,19,19.000000,0.898785
cate1-00068,cate1,3,35,20,0.648438,0.638672,0.042969,0.222656,20,20.000000,0.894187
cate1-00068,cate1,3,36,21,0.693359,0.620117,0.074219,0.201172,21,21.000000,0.908896
cate1-00068,cate1,3,37,22,0.753906,0.602539,0.074219,0.201172,22,22.000000,0.916622
cate1-00068,cate1,3,38,23,0.814453,0.565430,0.082031,0.154297,23,23.000000,0.911731
cate1-00068,cate1,3,41,24,0.486328,0.641602,0.027344,0.173828,24,24.000000,0.868878
cate1-00068,cate1,3,42,25,0.456055,0.635742,0.025391,0.166016,25,25.000000,0.784542
cate1-00068,cate1,3,43,26,0.414062,0.645508,0.058594,0.201172,27,26.000000,0.830507
cate1-00068,cate1,3,44,27,0.384766,0.638672,0.042969,0.207031,27,27.000000,0.855448
cate1-00068,cate1,3,45,28,0.345703,0.638672,0.050781,0.234375,28,28.000000,0.879285
cate1-00068,cate1,3,46,29,0.291016,0.616211,0.078125,0.220703,29,29.000000,0.940310
cate1-00068,cate1,3,47,30,0.233398,0.583984,0.076172,0.214844,30,30.000000,0.920995
cate1-00068,cate1,3,48,31,0.166016,0.545898,0.085938,0.166016,31,31.000000,0.912163
cate1-00071,cate1,0,11,0,0.482422,0.499023,0.046875,0.189453,0,0.000000,0.914009
cate1-00071,cate1,0,12,1,0.443359,0.500977,0.039062,0.177734,1,1.000000,0.935006
cate1-00071,cate1,0,13,2,0.403320,0.478516,0.041016,0.250000,2,2.000000,0.881271
cate1-00071,cate1,0,14,3,0.364258,0.507812,0.033203,0.203125,4,3.000000,0.783970
cate1-00071,cate1,0,15,4,0.331055,0.507812,0.044922,0.199219,3,4.000000,0.882773
cate1-00071,cate1,0,16,5,0.283203,0.507812,0.070312,0.195312,5,5.000000,0.891070
cate1-00071,cate1,0,17,6,0.223633,0.487305,0.064453,0.197266,6,6.000000,0.935073
cate1-00071,cate1,0,18,7,0.189453,0.436523,0.078125,0.162109,7,7.000000,0.868077
cate1-00071,cate1,0,21,8,0.521484,0.489258,0.039062,0.220703,8,8.000000,0.832362
cate1-00071,cate1,0,22,9,0.564453,0.487305,0.039062,0.193359,9,9.000000,0.886543
cate1-00071,cate1,0,23,10,0.597656,0.477539,0.039062,0.220703,10,10.000000,0.831239
cate1-00071,cate1,0,24,11,0.635742,0.492188,0.037109,0.183594,11,11.000000,0.873374
cate1-00071,cate1,0,25,12,0.670898,0.483398,0.037109,0.201172,12,12.000000,0.903635
cate1-00071,cate1,0,26,13,0.716797,0.491211,0.058594,0.185547,13,13.000000,0.944313
cate1-00071,cate1,0,27,14,0.776367,0.483398,0.056641,0.177734,14,14.000000,0.907605
cate1-00071,cate1,0,28,15,0.796875,0.392578,0.066406,0.085938,15,15.000000,0.777282
cate1-00071,cate1,0,31,16,0.530273,0.702148,0.029297,0.119141,16,16.000000,0.835594
cate1-00071,cate1,0,32,17,0.554688,0.710938,0.023438,0.136719,17,17.000000,0.871369
cate1-00071,cate1,0,33,18,0.583008,0.721680,0.044922,0.201172,18,18.000000,0.887295
cate1-00071,cate1,0,34,19,0.618164,0.726562,0.033203,0.210938,19,19.000000,0.899934
cate1-00071,cate1,0,35,20,0.652344,0.726562,0.042969,0.234375,19,20.000000,0.866156
cate1-00071,cate1,0,36,21,0.703125,0.709961,0.066406,0.201172,20,21.000000,0.916795
cate1-00071,cate1,0,37,22,0.767578,0.675781,0.085938,0.195312,22,22.000000,0.963073
cate1-00071,cate1,0,38,23,0.821289,0.653320,0.056641,0.177734,23,23.000000,0.848043
cate1-00071,cate1,0,41,24,0.505859,0.708008,0.035156,0.138672,16,24.000000,0.828526
cate1-00071,cate1,0,42,25,0.485352,0.708984,0.044922,0.167969,25,25.000000,0.675527
cate1-00071,cate1,0,43,26,0.443359,0.703125,0.039062,0.187500,26,26.000000,0.886696
cate1-00071,cate1,0,44,27,0.405273,0.721680,0.037109,0.189453,27,27.000000,0.890357
cate1-00071,cate1,0,45,28,0.360352,0.722656,0.044922,0.187500,28,28.000000,0.896289
cate1-00071,cate1,0,46,29,0.308594,0.722656,0.074219,0.187500,29,29.000000,0.948949
cate1-00071,cate1,0,47,30,0.228516,0.703125,0.105469,0.218750,30,30.000000,0.881908
cate1-00071,cate1,0,48,31,0.170898,0.678711,0.080078,0.208984,30,31.000000,0.943419
cate10-00005,cate10,2,11,0,0.505859,0.376953,0.050781,0.265625,0,0.000000,0.882863
cate10-00005,cate10,2,12,1,0.465820,0.365234,0.048828,0.261719,0,1.000000,0.905867
cate10-00005,cate10,2,13,2,0.423828,0.375977,0.046875,0.232422,1,2.000000,0.885554
cate10-00005,cate10,2,14,3,0.389648,0.360352,0.068359,0.228516,3,3.000000,0.903315
cate10-00005,cate10,2,15,4,0.338867,0.359375,0.048828,0.218750,4,4.000000,0.879567
cate10-00005,cate10,2,16,5,0.285156,0.360352,0.070312,0.205078,5,5.000000,0.933822
cate10-00005,cate10,2,17,6,0.221680,0.357422,0.068359,0.210938,6,6.000000,0.950874
cate10-00005,cate10,2,18,7,0.166992,0.348633,0.060547,0.197266,7,7.000000,0.877381
cate10-00005,cate10,2,21,8,0.553711,0.384766,0.052734,0.253906,9,8.000000,0.906096
cate10-00005,cate10,2,22,9,0.599609,0.384766,0.046875,0.242188,10,9.000000,0.906321
cate10-00005,cate10,2,23,10,0.643555,0.375000,0.044922,0.265625,12,10.000000,0.893333
cate10-00005,cate10,2,24,11,0.680664,0.411133,0.044922,0.177734,12,11.000000,0.899916
cate10-00005,cate10,2,25,12,0.717773,0.405273,0.048828,0.169922,13,12.000000,0.904890
cate10-00005,cate10,2,27,14,0.804688,0.373047,0.058594,0.214844,14,14.000000,0.947104
cate10-00005,cate10,2,28,15,0.857422,0.359375,0.050781,0.195312,15,15.000000,0.933046
cate10-00005,cate10,2,31,16,0.544922,0.616211,0.039062,0.166016,17,16.000000,0.845605
cate10-00005,cate10,2,32,17,0.577148,0.639648,0.044922,0.216797,18,17.000000,0.888235
cate10-00005,cate10,2,33,18,0.623047,0.662109,0.046875,0.261719,19,18.000000,0.903674
cate10-00005,cate10,2,34,19,0.660156,0.666016,0.046875,0.222656,20,19.000000,0.857594
cate10-00005,cate10,2,35,20,0.698242,0.654297,0.052734,0.218750,20,20.000000,0.897559
cate10-00005,cate10,2,36,21,0.753906,0.640625,0.093750,0.222656,21,21.000000,0.933133
cate10-00005,cate10,2,37,22,0.818359,0.614258,0.093750,0.212891,22,22.000000,0.940519
cate10-00005,cate10,2,38,23,0.886719,0.566406,0.093750,0.105469,23,23.000000,0.919199
cate10-00005,cate10,2,41,24,0.512695,0.613281,0.044922,0.160156,24,24.000000,0.874743
cate10-00005,cate10,2,42,25,0.481445,0.622070,0.041016,0.185547,24,25.000000,0.898795
cate10-00005,cate10,2,43,26,0.440430,0.635742,0.044922,0.240234,26,26.000000,0.903628
cate10-00005,cate10,2,44,27,0.393555,0.645508,0.052734,0.228516,27,27.000000,0.873523
cate10-00005,cate10,2,45,28,0.349609,0.640625,0.074219,0.238281,28,28.000000,0.855597
cate10-00005,cate10,2,46,29,0.280273,0.630859,0.103516,0.230469,29,29.000000,0.950993
cate10-00005,cate10,2,47,30,0.211914,0.592773,0.099609,0.216797,30,30.000000,0.923064
cate10-00005,cate10,2,48,31,0.152344,0.550781,0.089844,0.171875,31,31.000000,0.926429
cate10-00006,cate10,2,11,0,0.500977,0.396484,0.048828,0.285156,0,0.000000,0.842243
cate10-00006,cate10,2,12,1,0.459961,0.419922,0.048828,0.250000,0,1.000000,0.734013
cate10-00006,cate10,2,13,2,0.418945,0.424805,0.056641,0.259766,2,2.000000,0.938202
cate10-00006,cate10,2,14,3,0.375000,0.419922,0.054688,0.253906,3,3.000000,0.892889
cate10-00006,cate10,2,15,4,0.327148,0.433594,0.052734,0.238281,4,4.000000,0.873454
cate10-00006,cate10,2,16,5,0.267578,0.430664,0.074219,0.201172,6,5.000000,0.582987
cate10-00006,cate10,2,17,6,0.208008,0.388672,0.064453,0.214844,6,7.000000,0.912575
cate10-00006,cate10,2,21,8,0.545898,0.429688,0.056641,0.234375,8,8.000000,0.863831
cate10-00006,cate10,2,22,9,0.585938,0.434570,0.042969,0.228516,9,9.000000,0.887448
cate10-00006,cate10,2,23,10,0.624023,0.430664,0.048828,0.263672,10,10.000000,0.884447
cate10-00006,cate10,2,24,11,0.653320,0.439453,0.044922,0.222656,11,11.000000,0.935372
cate10-00006,cate10,2,25,12,0.689453,0.433594,0.035156,0.187500,12,12.000000,0.717005
cate10-00006,cate10,2,26,13,0.734375,0.447266,0.058594,0.218750,13,13.000000,0.902070
cate10-00006,cate10,2,27,14,0.785156,0.430664,0.054688,0.212891,14,14.000000,0.921216
cate10-00006,cate10,2,28,15,0.833984,0.408203,0.058594,0.195312,15,15.000000,0.950107
cate10-00006,cate10,2,31,16,0.535156,0.640625,0.035156,0.164062,16,16.000000,0.875324
cate10-00006,cate10,2,32,17,0.569336,0.640625,0.044922,0.179688,18,17.000000,0.874052
cate10-00006,cate10,2,33,18,0.608398,0.635742,0.048828,0.177734,19,18.000000,0.868237
cate10-00006,cate10,2,34,19,0.640625,0.648438,0.039062,0.210938,19,19.000000,0.915299
cate10-00006,cate10,2,35,20,0.680664,0.645508,0.041016,0.212891,20,20.000000,0.885395
cate10-00006,cate10,2,37,22,0.781250,0.636719,0.089844,0.171875,22,22.000000,0.919616
cate10-00006,cate10,2,38,23,0.838867,0.573242,0.091797,0.181641,23,23.000000,0.943706
cate10-00006,cate10,2,41,24,0.506836,0.648438,0.044922,0.187500,24,24.000000,0.862718
cate10-00006,cate10,2,42,25,0.477539,0.641602,0.037109,0.181641,25,25.000000,0.818628
cate10-00006,cate10,2,43,26,0.434570,0.645508,0.044922,0.212891,26,26.000000,0.917807
cate10-00006,cate10,2,44,27,0.391602,0.646484,0.048828,0.226562,27,27.000000,0.885460
cate10-00006,cate10,2,45,28,0.349609,0.651367,0.050781,0.232422,28,28.000000,0.832437
cate10-00006,cate10,2,47,30,0.240234,0.622070,0.121094,0.177734,30,30.000000,0.920090
cate10-00006,cate10,2,48,31,0.179688,0.569336,0.121094,0.197266,30,30.000000,0.810396
cate10-00012,cate10,2,11,0,0.498047,0.364258,0.046875,0.244141,0,0.000000,0.944971
cate10-00012,cate10,2,12,1,0.464844,0.322266,0.046875,0.261719,0,1.000000,0.898920
cate10-00012,cate10,2,13,2,0.418945,0.306641,0.052734,0.265625,2,2.000000,0.891870
cate10-00012,cate10,2,14,3,0.393555,0.308594,0.044922,0.261719,2,3.000000,0.762638
cate10-00012,cate10,2,15,4,0.350586,0.314453,0.048828,0.238281,3,4.000000,0.888258
cate10-00012,cate10,2,17,6,0.254883,0.296875,0.068359,0.214844,6,6.000000,0.946085
cate10-00012,cate10,2,18,7,0.192383,0.301758,0.064453,0.181641,7,7.000000,0.902996
cate10-00012,cate10,2,21,8,0.545898,0.345703,0.048828,0.289062,8,8.000000,0.900088
cate10-00012,cate10,2,22,9,0.585938,0.347656,0.042969,0.257812,10,9.000000,0.855685
cate10-00012,cate10,2,23,10,0.627930,0.339844,0.044922,0.285156,10,10.000000,0.931414
cate10-00012,cate10,2,24,11,0.663086,0.349609,0.033203,0.238281,12,11.000000,0.922316
cate10-00012,cate10,2,25,12,0.695312,0.350586,0.042969,0.216797,12,12.000000,0.931605
cate10-00012,cate10,2,26,13,0.746094,0.356445,0.062500,0.205078,13,13.000000,0.956180
cate10-00012,cate10,2,27,14,0.802734,0.322266,0.062500,0.195312,14,14.000000,0.921153
cate10-00012,cate10,2,28,15,0.852539,0.305664,0.060547,0.169922,15,15.000000,0.918351
cate10-00012,cate10,2,31,16,0.526367,0.586914,0.025391,0.166016,16,16.000000,0.832940
cate10-00012,cate10,2,32,17,0.555664,0.592773,0.033203,0.193359,17,17.000000,0.857101
cate10-00012,cate10,2,33,18,0.583984,0.610352,0.046875,0.212891,18,18.000000,0.892831
cate10-00012,cate10,2,34,19,0.624023,0.608398,0.044922,0.185547,19,19.000000,0.890889
cate10-00012,cate10,2,35,20,0.662109,0.607422,0.039062,0.214844,20,20.000000,0.951523
cate10-00012,cate10,2,37,22,0.756836,0.581055,0.099609,0.220703,21,22.000000,0.798625
cate10-00012,cate10,2,38,23,0.819336,0.518555,0.107422,0.173828,23,23.000000,0.925146
cate10-00012,cate10,2,41,24,0.500977,0.593750,0.033203,0.175781,24,24.000000,0.797614
cate10-00012,cate10,2,42,25,0.471680,0.584961,0.048828,0.189453,25,25.000000,0.862516
cate10-00012,cate10,2,43,26,0.438477,0.613281,0.037109,0.179688,25,26.000000,0.898855
cate10-00012,cate10,2,44,27,0.409180,0.593750,0.068359,0.222656,26,27.000000,0.952379
cate10-00012,cate10,2,45,28,0.366211,0.594727,0.080078,0.232422,28,28.000000,0.895899
cate10-00012,cate10,2,46,29,0.307617,0.576172,0.107422,0.230469,29,29.000000,0.932686
cate10-00012,cate10,2,47,30,0.229492,0.541992,0.107422,0.216797,30,30.000000,0.922824
cate10-00012,cate10,2,48,31,0.166992,0.481445,0.103516,0.158203,31,31.000000,0.954008
cate10-00013,cate10,1,11,0,0.491211,0.440430,0.048828,0.248047,0,0.000000,0.878696
cate10-00013,cate10,1,12,1,0.450195,0.438477,0.044922,0.244141,1,1.000000,0.888853
cate10-00013,cate10,1,13,2,0.408203,0.430664,0.046875,0.244141,2,2.000000,0.818765
cate10-00013,cate10,1,14,3,0.374023,0.417969,0.064453,0.253906,3,3.000000,0.848731
cate10-00013,cate10,1,15,4,0.333008,0.402344,0.048828,0.250000,4,4.000000,0.901502
cate10-00013,cate10,1,16,5,0.279297,0.406250,0.066406,0.195312,5,5.000000,0.902601
cate10-00013,cate10,1,17,6,0.221680,0.363281,0.080078,0.207031,6,6.000000,0.902457
cate10-00013,cate10,1,18,7,0.179688,0.290039,0.066406,0.162109,7,7.000000,0.929821
cate10-00013,cate10,1,21,8,0.534180,0.434570,0.052734,0.263672,8,8.000000,0.841125
cate10-00013,cate10,1,22,9,0.576172,0.451172,0.039062,0.238281,9,9.000000,0.759485
cate10-00013,cate10,1,23,10,0.615234,0.426758,0.046875,0.287109,10,10.000000,0.918395
cate10-00013,cate10,1,24,11,0.649414,0.438477,0.052734,0.228516,11,11.000000,0.921191
cate10-00013,cate10,1,25,12,0.686523,0.412109,0.048828,0.246094,12,12.000000,0.883031
cate10-00013,cate10,1,26,13,0.736328,0.414062,0.070312,0.207031,13,13.000000,0.918390
cate10-00013,cate10,1,27,14,0.793945,0.376953,0.068359,0.214844,14,14.000000,0.947501
cate10-00013,cate10,1,28,15,0.833984,0.316406,0.062500,0.140625,15,15.000000,0.878799
cate10-00013,cate10,1,31,16,0.515625,0.671875,0.035156,0.160156,16,16.000000,0.888264
cate10-00013,cate10,1,32,17,0.545898,0.665039,0.041016,0.158203,17,17.000000,0.866387
cate10-00013,cate10,1,33,18,0.584961,0.702148,0.068359,0.240234,18,18.000000,0.926439
cate10-00013,cate10,1,34,19,0.628906,0.694336,0.054688,0.224609,19,19.000000,0.854866
cate10-00013,cate10,1,35,20,0.667969,0.692383,0.058594,0.251953,20,20.000000,0.937952
cate10-00013,cate10,1,36,21,0.725586,0.647461,0.091797,0.216797,21,21.000000,0.927068
cate10-00013,cate10,1,37,22,0.797852,0.603516,0.099609,0.207031,22,22.000000,0.960843
cate10-00013,cate10,1,38,23,0.861328,0.566406,0.085938,0.125000,23,23.000000,0.918590
cate10-00013,cate10,1,41,24,0.486328,0.676758,0.035156,0.166016,25,24.000000,0.886621
cate10-00013,cate10,1,42,25,0.455078,0.676758,0.046875,0.197266,25,25.000000,0.857067
cate10-00013,cate10,1,43,26,0.415039,0.695312,0.064453,0.250000,26,26.000000,0.853568
cate10-00013,cate10,1,44,27,0.372070,0.685547,0.060547,0.226562,28,27.000000,0.920920
cate10-00013,cate10,1,45,28,0.331055,0.675781,0.060547,0.234375,28,28.000000,0.914671
cate10-00013,cate10,1,46,29,0.278320,0.635742,0.099609,0.212891,29,29.000000,0.932934
cate10-00013,cate10,1,48,31,0.143555,0.529297,0.080078,0.136719,31,31.000000,0.902694
cate10-00018,cate10,3,11,0,0.483398,0.390625,0.052734,0.226562,0,0.000000,0.926942
cate10-00018,cate10,3,12,1,0.450195,0.393555,0.033203,0.201172,1,1.000000,0.911525
cate10-00018,cate10,3,13,2,0.414062,0.388672,0.046875,0.226562,2,2.000000,0.916191
cate10-00018,cate10,3,14,3,0.382812,0.390625,0.050781,0.230469,3,3.000000,0.931513
cate10-00018,cate10,3,15,4,0.349609,0.383789,0.050781,0.208984,4,4.000000,0.927259
cate10-00018,cate10,3,17,6,0.263672,0.355469,0.062500,0.210938,5,6.000000,0.920285
cate10-00018,cate10,3,21,8,0.518555,0.390625,0.048828,0.230469,8,8.000000,0.916745
cate10-00018,cate10,3,22,9,0.558594,0.386719,0.039062,0.210938,9,9.000000,0.862889
cate10-00018,cate10,3,23,10,0.587891,0.392578,0.046875,0.222656,9,10.000000,0.825030
cate10-00018,cate10,3,24,11,0.622070,0.389648,0.060547,0.205078,11,11.000000,0.959693
cate10-00018,cate10,3,25,12,0.662109,0.373047,0.046875,0.214844,12,12.000000,0.940297
cate10-00018,cate10,3,27,14,0.749023,0.342773,0.064453,0.197266,13,14.000000,0.948777
cate10-00018,cate10,3,31,16,0.512695,0.601562,0.033203,0.171875,16,16.000000,0.869344
cate10-00018,cate10,3,32,17,0.541992,0.598633,0.037109,0.189453,17,17.000000,0.846910
cate10-00018,cate10,3,33,18,0.573242,0.625977,0.056641,0.220703,18,18.000000,0.892135
cate10-00018,cate10,3,34,19,0.606445,0.617188,0.056641,0.210938,19,19.000000,0.904756
cate10-00018,cate10,3,35,20,0.649414,0.615234,0.068359,0.218750,20,20.000000,0.928628
cate10-00018,cate10,3,36,21,0.703125,0.582031,0.085938,0.222656,21,21.000000,0.890653
cate10-00018,cate10,3,37,22,0.757812,0.553711,0.089844,0.208984,22,22.000000,0.956542
cate10-00018,cate10,3,38,23,0.826172,0.514648,0.085938,0.142578,23,23.000000,0.927936
cate10-00018,cate10,3,41,24,0.491211,0.605469,0.033203,0.175781,24,24.000000,0.889081
cate10-00018,cate10,3,42,25,0.465820,0.602539,0.033203,0.189453,25,25.000000,0.864128
cate10-00018,cate10,3,43,26,0.439453,0.600586,0.042969,0.208984,26,26.000000,0.895979
cate10-00018,cate10,3,44,27,0.400391,0.619141,0.046875,0.222656,27,27.000000,0.958219
cate10-00018,cate10,3,45,28,0.359375,0.617188,0.066406,0.246094,28,28.000000,0.875083
cate10-00018,cate10,3,46,29,0.304688,0.582031,0.082031,0.222656,29,29.000000,0.939009
cate10-00018,cate10,3,47,30,0.248047,0.571289,0.070312,0.212891,30,30.000000,0.867063
cate10-00018,cate10,3,48,31,0.184570,0.549805,0.087891,0.115234,31,31.000000,0.940222
cate10-00020,cate10,2,11,0,0.458008,0.400391,0.056641,0.230469,1,0.000000,0.884622
cate10-00020,cate10,2,12,1,0.418945,0.416016,0.037109,0.218750,2,1.000000,0.889058
cate10-00020,cate10,2,13,2,0.379883,0.402344,0.048828,0.253906,3,2.000000,0.843984
cate10-00020,cate10,2,14,3,0.347656,0.400391,0.054688,0.253906,4,3.000000,0.910090
cate10-00020,cate10,2,15,4,0.309570,0.413086,0.048828,0.228516,4,4.000000,0.929915
cate10-00020,cate10,2,16,5,0.259766,0.416016,0.070312,0.222656,5,5.000000,0.918456
cate10-00020,cate10,2,17,6,0.199219,0.394531,0.074219,0.226562,6,6.000000,0.912878
cate10-00020,cate10,2,18,7,0.152344,0.306641,0.082031,0.136719,7,,
cate10-00020,cate10,2,21,8,0.524414,0.381836,0.044922,0.255859,8,8.000000,0.905418
cate10-00020,cate10,2,22,9,0.561523,0.396484,0.044922,0.238281,9,9.000000,0.887039
cate10-00020,cate10,2,23,10,0.597656,0.377930,0.042969,0.275391,10,10.000000,0.882352
cate10-00020,cate10,2,24,11,0.639648,0.389648,0.056641,0.255859,11,11.000000,0.896175
cate10-00020,cate10,2,25,12,0.682617,0.397461,0.041016,0.232422,12,12.000000,0.868464
cate10-00020,cate10,2,26,13,0.729492,0.402344,0.068359,0.207031,13,13.000000,0.926681
cate10-00020,cate10,2,27,14,0.791992,0.378906,0.072266,0.218750,14,14.000000,0.934893
cate10-00020,cate10,2,28,15,0.839844,0.369141,0.054688,0.179688,15,15.000000,0.885110
cate10-00020,cate10,2,31,16,0.506836,0.602539,0.033203,0.146484,24,16.000000,0.838306
cate10-00020,cate10,2,32,17,0.538086,0.610352,0.033203,0.169922,17,17.000000,0.875247
cate10-00020,cate10,2,33,18,0.577148,0.633789,0.052734,0.208984,18,18.000000,0.885853
cate10-00020,cate10,2,34,19,0.616211,0.649414,0.056641,0.224609,19,19.000000,0.868659
cate10-00020,cate10,2,35,20,0.667969,0.655273,0.074219,0.251953,20,20.000000,0.881387
cate10-00020,cate10,2,36,21,0.726562,0.628906,0.101562,0.234375,21,21.000000,0.931012
cate10-00020,cate10,2,37,22,0.790039,0.609375,0.099609,0.226562,22,22.000000,0.951545
cate10-00020,cate10,2,41,24,0.478516,0.608398,0.035156,0.158203,24,24.000000,0.870953
cate10-00020,cate10,2,42,25,0.452148,0.616211,0.037109,0.181641,25,25.000000,0.864547
cate10-00020,cate10,2,43,26,0.416016,0.664062,0.039062,0.253906,26,26.000000,0.916953
cate10-00020,cate10,2,44,27,0.378906,0.647461,0.046875,0.205078,27,27.000000,0.946711
cate10-00020,cate10,2,45,28,0.336914,0.662109,0.056641,0.246094,28,28.000000,0.886374
cate10-00020,cate10,2,46,29,0.278320,0.643555,0.083984,0.240234,29,29.000000,0.917444
cate10-00020,cate10,2,47,30,0.204102,0.630859,0.099609,0.234375,30,30.000000,0.917387
cate10-00024,cate10,3,11,0,0.492188,0.455078,0.039062,0.253906,0,0.000000,0.866501
cate10-00024,cate10,3,12,1,0.455078,0.452148,0.035156,0.251953,1,1.000000,0.750831
cate10-00024,cate10,3,14,3,0.381836,0.471680,0.060547,0.220703,3,3.000000,0.643234
cate10-00024,cate10,3,17,6,0.264648,0.501953,0.064453,0.218750,6,6.000000,0.913055
cate10-00024,cate10,3,18,7,0.214844,0.488281,0.046875,0.105469,31,7.000000,0.843413
cate10-00024,cate10,3,21,8,0.528320,0.456055,0.037109,0.224609,8,8.000000,0.906095
cate10-00024,cate10,3,22,9,0.560547,0.450195,0.031250,0.224609,9,9.000000,0.870376
cate10-00024,cate10,3,23,10,0.595703,0.434570,0.039062,0.263672,10,10.000000,0.932827
cate10-00024,cate10,3,24,11,0.628906,0.460938,0.046875,0.242188,11,11.000000,0.877394
cate10-00024,cate10,3,28,15,0.800781,0.477539,0.050781,0.197266,14,15.000000,0.802579
cate10-00024,cate10,3,31,16,0.506836,0.702148,0.025391,0.197266,16,24.000000,0.861799
cate10-00024,cate10,3,32,17,0.532227,0.701172,0.037109,0.214844,17,16.000000,0.829190
cate10-00024,cate10,3,33,18,0.559570,0.688477,0.044922,0.201172,17,17.000000,0.750594
cate10-00024,cate10,3,34,19,0.593750,0.707031,0.039062,0.238281,18,18.000000,0.897261
cate10-00024,cate10,3,41,24,0.484375,0.699219,0.035156,0.199219,24,25.000000,0.820414
cate10-00024,cate10,3,42,25,0.447266,0.702148,0.039062,0.224609,26,26.000000,0.908502
cate10-00024,cate10,3,43,26,0.413086,0.699219,0.044922,0.210938,26,27.000000,0.849336
cate10-00027,cate10,0,11,0,0.486328,0.439453,0.042969,0.230469,0,0.000000,0.859002
cate10-00027,cate10,0,12,1,0.448242,0.431641,0.037109,0.226562,1,1.000000,0.878214
cate10-00027,cate10,0,13,2,0.410156,0.433594,0.042969,0.230469,2,2.000000,0.859547
cate10-00027,cate10,0,14,3,0.377930,0.433594,0.056641,0.226562,3,3.000000,0.787320
cate10-00027,cate10,0,15,4,0.338867,0.443359,0.048828,0.183594,4,4.000000,0.782767
cate10-00027,cate10,0,16,5,0.293945,0.435547,0.068359,0.214844,5,5.000000,0.934158
cate10-00027,cate10,0,17,6,0.226562,0.427734,0.066406,0.195312,6,6.000000,0.934813
cate10-00027,cate10,0,18,7,0.171875,0.403320,0.070312,0.158203,7,7.000000,0.923890
cate10-00027,cate10,0,21,8,0.530273,0.426758,0.048828,0.259766,8,8.000000,0.863397
cate10-00027,cate10,0,22,9,0.568359,0.425781,0.039062,0.226562,9,9.000000,0.857120
cate10-00027,cate10,0,23,10,0.600586,0.418945,0.044922,0.244141,10,10.000000,0.872271
cate10-00027,cate10,0,24,11,0.631836,0.427734,0.048828,0.214844,12,11.000000,0.846904
cate10-00027,cate10,0,25,12,0.668945,0.432617,0.037109,0.193359,12,12.000000,0.944640
cate10-00027,cate10,0,26,13,0.716797,0.426758,0.066406,0.205078,13,13.000000,0.892832
cate10-00027,cate10,0,27,14,0.775391,0.416016,0.058594,0.195312,14,14.000000,0.931522
cate10-00027,cate10,0,28,15,0.822266,0.387695,0.058594,0.173828,15,15.000000,0.927895
cate10-00027,cate10,0,31,16,0.523438,0.649414,0.039062,0.162109,16,16.000000,0.870657
cate10-00027,cate10,0,32,17,0.549805,0.657227,0.033203,0.177734,17,17.000000,0.915885
cate10-00027,cate10,0,33,18,0.589844,0.666992,0.050781,0.212891,18,18.000000,0.819776
cate10-00027,cate10,0,34,19,0.619141,0.647461,0.050781,0.197266,19,19.000000,0.929686
cate10-00027,cate10,0,35,20,0.650391,0.632812,0.054688,0.195312,20,20.000000,0.886882
cate10-00027,cate10,0,37,22,0.761719,0.608398,0.070312,0.197266,22,22.000000,0.955543
cate10-00027,cate10,0,38,23,0.820312,0.571289,0.082031,0.173828,23,23.000000,0.938814
cate10-00027,cate10,0,41,24,0.495117,0.653320,0.037109,0.162109,24,24.000000,0.825912
cate10-00027,cate10,0,42,25,0.470703,0.644531,0.035156,0.156250,25,25.000000,0.845826
cate10-00027,cate10,0,43,26,0.444336,0.641602,0.044922,0.177734,25,26.000000,0.872266
cate10-00027,cate10,0,44,27,0.410156,0.654297,0.050781,0.203125,27,27.000000,0.870463
cate10-00027,cate10,0,45,28,0.366211,0.634766,0.060547,0.195312,28,28.000000,0.904929
cate10-00027,cate10,0,47,30,0.260742,0.624023,0.099609,0.197266,29,30.000000,0.930057
cate10-00027,cate10,0,48,31,0.188477,0.587891,0.111328,0.187500,30,31.000000,0.792402
cate10-00030,cate10,4,11,0,0.494141,0.437500,0.042969,0.195312,0,0.000000,0.888947
cate10-00030,cate10,4,12,1,0.458984,0.437500,0.035156,0.195312,1,1.000000,0.854500
cate10-00030,cate10,4,13,2,0.421875,0.439453,0.039062,0.218750,2,2.000000,0.888436
cate10-00030,cate10,4,21,8,0.538086,0.438477,0.048828,0.193359,8,8.000000,0.882607
cate10-00030,cate10,4,31,16,0.509766,0.638672,0.023438,0.156250,16,16.000000,0.868748
cate10-00030,cate10,4,32,17,0.539062,0.631836,0.031250,0.150391,17,17.000000,0.777203
cate10-00030,cate10,4,33,18,0.570312,0.660156,0.046875,0.234375,18,18.000000,0.840818
cate10-00030,cate10,4,41,24,0.485352,0.640625,0.021484,0.140625,24,24.000000,0.783062
cate10-00030,cate10,4,42,25,0.463867,0.645508,0.033203,0.166016,25,25.000000,0.832493
cate10-00030,cate10,4,43,26,0.428711,0.662109,0.048828,0.214844,26,26.000000,0.878263
cate10-00034,cate10,3,12,1,0.414062,0.265625,0.035156,0.207031,2,2.000000,0.507440
cate10-00034,cate10,3,13,2,0.378906,0.268555,0.046875,0.208984,3,2.000000,0.865255
cate10-00034,cate10,3,17,6,0.217773,0.252930,0.064453,0.193359,6,6.000000,0.875436
cate10-00034,cate10,3,18,7,0.165039,0.255859,0.052734,0.171875,7,7.000000,0.603811
cate10-00034,cate10,3,21,8,0.511719,0.279297,0.050781,0.218750,8,8.000000,0.786921
cate10-00034,cate10,3,22,9,0.558594,0.288086,0.042969,0.212891,10,9.000000,0.816437
cate10-00034,cate10,3,23,10,0.598633,0.279297,0.044922,0.246094,10,10.000000,0.879440
cate10-00034,cate10,3,24,11,0.665039,0.306641,0.056641,0.207031,12,11.000000,0.698970
cate10-00034,cate10,3,26,13,0.744141,0.311523,0.066406,0.201172,13,14.000000,0.795193
cate10-00034,cate10,3,31,16,0.479492,0.520508,0.033203,0.189453,0,24.000000,0.585093
cate10-00034,cate10,3,32,17,0.505859,0.509766,0.035156,0.195312,0,17.000000,0.588455
cate10-00034,cate10,3,33,18,0.549805,0.540039,0.044922,0.244141,8,18.000000,0.897486
cate10-00034,cate10,3,34,19,0.588867,0.532227,0.044922,0.220703,9,19.000000,0.903234
cate10-00034,cate10,3,35,20,0.635742,0.544922,0.052734,0.210938,12,20.000000,0.906498
cate10-00034,cate10,3,36,21,0.702148,0.522461,0.080078,0.216797,21,21.000000,0.926993
cate10-00034,cate10,3,41,24,0.456055,0.500000,0.041016,0.191406,1,25.000000,0.648655
cate10-00034,cate10,3,42,25,0.422852,0.500977,0.048828,0.216797,2,26.000000,0.513600
cate10-00034,cate10,3,43,26,0.383789,0.521484,0.068359,0.230469,3,26.000000,0.724683
cate10-00034,cate10,3,44,27,0.358398,0.500977,0.048828,0.208984,3,27.000000,0.893985
cate10-00034,cate10,3,45,28,0.318359,0.502930,0.050781,0.208984,4,28.000000,0.888275
cate10-00036,cate10,1,11,0,0.495117,0.396484,0.048828,0.238281,0,0.000000,0.856722
cate10-00036,cate10,1,12,1,0.444336,0.388672,0.037109,0.246094,1,1.000000,0.888333
cate10-00036,cate10,1,13,2,0.398438,0.372070,0.054688,0.259766,2,2.000000,0.880313
cate10-00036,cate10,1,14,3,0.351562,0.376953,0.046875,0.214844,4,3.000000,0.885957
cate10-00036,cate10,1,15,4,0.310547,0.402344,0.046875,0.171875,4,4.000000,0.794198
cate10-00036,cate10,1,16,5,0.255859,0.391602,0.066406,0.193359,6,5.000000,0.947761
cate10-00036,cate10,1,17,6,0.188477,0.368164,0.068359,0.220703,6,6.000000,0.929546
cate10-00036,cate10,1,18,7,0.131836,0.365234,0.068359,0.179688,7,7.000000,0.907941
cate10-00036,cate10,1,21,8,0.540039,0.408203,0.048828,0.218750,8,8.000000,0.875135
cate10-00036,cate10,1,22,9,0.580078,0.397461,0.039062,0.248047,9,9.000000,0.803381
cate10-00036,cate10,1,23,10,0.625000,0.377930,0.046875,0.267578,10,10.000000,0.946188
cate10-00036,cate10,1,24,11,0.667969,0.389648,0.046875,0.201172,12,11.000000,0.811469
cate10-00036,cate10,1,25,12,0.710938,0.396484,0.035156,0.195312,12,12.000000,0.911912
cate10-00036,cate10,1,26,13,0.757812,0.396484,0.062500,0.203125,13,13.000000,0.922704
cate10-00036,cate10,1,27,14,0.814453,0.384766,0.058594,0.199219,15,14.000000,0.915540
cate10-00036,cate10,1,28,15,0.874023,0.380859,0.064453,0.171875,15,15.000000,0.894069
cate10-00036,cate10,1,31,16,0.527344,0.605469,0.042969,0.148438,16,16.000000,0.834085
cate10-00036,cate10,1,32,17,0.559570,0.620117,0.044922,0.169922,17,17.000000,0.791913
cate10-00036,cate10,1,33,18,0.611328,0.655273,0.035156,0.240234,19,18.000000,0.857959
cate10-00036,cate10,1,34,19,0.648438,0.663086,0.039062,0.216797,20,19.000000,0.884817
cate10-00036,cate10,1,35,20,0.686523,0.631836,0.041016,0.177734,20,20.000000,0.886214
cate10-00036,cate10,1,38,23,0.803711,0.602539,0.087891,0.177734,22,22.000000,0.951020
cate10-00036,cate10,1,41,24,0.490234,0.611328,0.031250,0.152344,24,24.000000,0.827075
cate10-00036,cate10,1,42,25,0.457031,0.606445,0.039062,0.162109,25,25.000000,0.903964
cate10-00036,cate10,1,43,26,0.413086,0.649414,0.037109,0.263672,26,26.000000,0.844751
cate10-00036,cate10,1,44,27,0.368164,0.647461,0.041016,0.216797,28,27.000000,0.919955
cate10-00036,cate10,1,45,28,0.329102,0.627930,0.052734,0.181641,28,28.000000,0.865607
cate10-00036,cate10,1,46,29,0.265625,0.634766,0.093750,0.226562,29,29.000000,0.963910
cate10-00036,cate10,1,47,30,0.191406,0.602539,0.101562,0.205078,31,30.000000,0.923010
cate10-00041,cate10,2,11,0,0.505859,0.450195,0.050781,0.251953,0,0.000000,0.901020
cate10-00041,cate10,2,12,1,0.476562,0.430664,0.042969,0.244141,0,1.000000,0.845493
cate10-00041,cate10,2,13,2,0.442383,0.435547,0.052734,0.250000,1,2.000000,0.851887
cate10-00041,cate10,2,14,3,0.410156,0.414062,0.054688,0.238281,2,3.000000,0.846315
cate10-00041,cate10,2,15,4,0.366211,0.414062,0.056641,0.230469,4,4.000000,0.867859
cate10-00041,cate10,2,16,5,0.316406,0.408203,0.070312,0.214844,5,5.000000,0.915956
cate10-00041,cate10,2,17,6,0.270508,0.386719,0.080078,0.183594,6,6.000000,0.929522
cate10-00041,cate10,2,18,7,0.249023,0.286133,0.076172,0.134766,7,7.000000,0.929356
cate10-00041,cate10,2,21,8,0.548828,0.446289,0.058594,0.259766,9,8.000000,0.908895
cate10-00041,cate10,2,22,9,0.584961,0.433594,0.052734,0.238281,10,9.000000,0.863879
cate10-00041,cate10,2,23,10,0.609375,0.379883,0.042969,0.287109,10,10.000000,0.884072
cate10-00041,cate10,2,24,11,0.635742,0.413086,0.041016,0.232422,11,11.000000,0.897802
cate10-00041,cate10,2,25,12,0.666992,0.407227,0.052734,0.232422,12,12.000000,0.915906
cate10-00041,cate10,2,26,13,0.710938,0.399414,0.074219,0.208984,13,13.000000,0.951664
cate10-00041,cate10,2,27,14,0.751953,0.376953,0.078125,0.171875,14,14.000000,0.900221
cate10-00041,cate10,2,28,15,0.775391,0.303711,0.074219,0.134766,15,15.000000,0.925941
cate10-00041,cate10,2,31,16,0.497070,0.675781,0.033203,0.183594,24,24.000000,0.830046
cate10-00041,cate10,2,32,17,0.527344,0.679688,0.042969,0.179688,16,17.000000,0.631926
cate10-00041,cate10,2,33,18,0.561523,0.684570,0.044922,0.248047,18,18.000000,0.818606
cate10-00041,cate10,2,34,19,0.597656,0.676758,0.054688,0.232422,18,19.000000,0.864028
cate10-00041,cate10,2,35,20,0.641602,0.668945,0.060547,0.228516,19,20.000000,0.940019
cate10-00041,cate10,2,37,22,0.737305,0.597656,0.126953,0.191406,21,22.000000,0.953164
cate10-00041,cate10,2,38,23,0.801758,0.566406,0.099609,0.156250,23,23.000000,0.945536
cate10-00041,cate10,2,41,24,0.468750,0.679688,0.039062,0.183594,25,25.000000,0.593955
cate10-00041,cate10,2,42,25,0.451172,0.709961,0.035156,0.158203,25,25.000000,0.634184
cate10-00041,cate10,2,43,26,0.416016,0.694336,0.082031,0.232422,27,26.000000,0.922937
cate10-00041,cate10,2,44,27,0.387695,0.683594,0.060547,0.210938,27,27.000000,0.919754
cate10-00041,cate10,2,45,28,0.345703,0.686523,0.074219,0.224609,28,28.000000,0.911827
cate10-00041,cate10,2,46,29,0.296875,0.644531,0.109375,0.214844,29,29.000000,0.936203
cate10-00041,cate10,2,47,30,0.233398,0.599609,0.115234,0.214844,30,30.000000,0.920270
cate10-00041,cate10,2,48,31,0.175781,0.553711,0.097656,0.158203,31,31.000000,0.958966
cate10-00042,cate10,0,11,0,0.484375,0.461914,0.042969,0.228516,0,0.000000,0.958355
cate10-00042,cate10,0,12,1,0.449219,0.453125,0.031250,0.210938,1,1.000000,0.898178
cate10-00042,cate10,0,13,2,0.416992,0.451172,0.044922,0.230469,2,2.000000,0.846043
cate10-00042,cate10,0,14,3,0.385742,0.454102,0.060547,0.205078,3,3.000000,0.837671
cate10-00042,cate10,0,15,4,0.344727,0.439453,0.056641,0.207031,4,4.000000,0.925130
cate10-00042,cate10,0,16,5,0.289062,0.425781,0.062500,0.187500,5,5.000000,0.924564
cate10-00042,cate10,0,17,6,0.243164,0.405273,0.072266,0.169922,6,6.000000,0.920115
cate10-00042,cate10,0,18,7,0.222656,0.309570,0.054688,0.099609,7,7.000000,0.882739
cate10-00042,cate10,0,21,8,0.530273,0.450195,0.044922,0.240234,8,8.000000,0.928916
cate10-00042,cate10,0,22,9,0.564453,0.444336,0.035156,0.220703,9,9.000000,0.851812
cate10-00042,cate10,0,23,10,0.601562,0.437500,0.046875,0.234375,10,10.000000,0.890075
cate10-00042,cate10,0,24,11,0.635742,0.424805,0.060547,0.212891,11,11.000000,0.896723
cate10-00042,cate10,0,25,12,0.673828,0.419922,0.054688,0.183594,12,12.000000,0.887622
cate10-00042,cate10,0,26,13,0.722656,0.399414,0.070312,0.181641,13,13.000000,0.834800
cate10-00042,cate10,0,27,14,0.769531,0.378906,0.070312,0.171875,14,14.000000,0.622760
cate10-00042,cate10,0,31,16,0.509766,0.662109,0.035156,0.156250,16,16.000000,0.906622
cate10-00042,cate10,0,32,17,0.541016,0.668945,0.031250,0.169922,17,17.000000,0.904235
cate10-00042,cate10,0,33,18,0.573242,0.669922,0.041016,0.207031,18,18.000000,0.875636
cate10-00042,cate10,0,34,19,0.614258,0.653320,0.052734,0.205078,19,19.000000,0.893433
cate10-00042,cate10,0,35,20,0.656250,0.643555,0.066406,0.205078,20,20.000000,0.926740
cate10-00042,cate10,0,36,21,0.715820,0.611328,0.103516,0.214844,21,21.000000,0.946963
cate10-00042,cate10,0,37,22,0.769531,0.564453,0.097656,0.191406,22,22.000000,0.948587
cate10-00042,cate10,0,38,23,0.812500,0.526367,0.062500,0.115234,23,23.000000,0.905882
cate10-00042,cate10,0,41,24,0.485352,0.671875,0.033203,0.160156,24,24.000000,0.914551
cate10-00042,cate10,0,42,25,0.458984,0.674805,0.031250,0.166016,25,25.000000,0.884162
cate10-00042,cate10,0,43,26,0.421875,0.671875,0.039062,0.199219,26,26.000000,0.890030
cate10-00042,cate10,0,44,27,0.388672,0.665039,0.050781,0.197266,27,27.000000,0.878674
cate10-00042,cate10,0,45,28,0.341797,0.666992,0.074219,0.212891,28,28.000000,0.922779
cate10-00042,cate10,0,46,29,0.285156,0.642578,0.101562,0.222656,29,29.000000,0.938884
cate10-00042,cate10,0,47,30,0.225586,0.593750,0.103516,0.207031,30,30.000000,0.913542
cate10-00042,cate10,0,48,31,0.171875,0.550781,0.070312,0.117188,31,31.000000,0.944567
cate10-00048,cate10,0,31,16,0.503906,0.627930,0.035156,0.181641,24,16.000000,0.878160
cate10-00048,cate10,0,32,17,0.533203,0.621094,0.039062,0.183594,17,17.000000,0.883568
cate10-00048,cate10,0,33,18,0.565430,0.664062,0.044922,0.230469,18,18.000000,0.869321
cate10-00048,cate10,0,41,24,0.472656,0.626953,0.035156,0.183594,25,24.000000,0.824907
cate10-00048,cate10,0,42,25,0.448242,0.620117,0.056641,0.185547,25,25.000000,0.868766
cate10-00048,cate10,0,43,26,0.411133,0.630859,0.056641,0.167969,26,,
cate10-00049,cate10,4,11,0,0.485352,0.435547,0.048828,0.187500,0,0.000000,0.868732
cate10-00049,cate10,4,12,1,0.449219,0.435547,0.035156,0.187500,1,1.000000,0.928915
cate10-00049,cate10,4,13,2,0.408203,0.416016,0.042969,0.250000,2,2.000000,0.841646
cate10-00049,cate10,4,15,4,0.346680,0.448242,0.048828,0.173828,4,,
cate10-00049,cate10,4,18,7,0.209961,0.427734,0.076172,0.187500,6,6.000000,0.899603
cate10-00049,cate10,4,21,8,0.521484,0.424805,0.039062,0.197266,8,8.000000,0.903750
cate10-00049,cate10,4,22,9,0.557617,0.421875,0.037109,0.191406,9,9.000000,0.917808
cate10-00049,cate10,4,23,10,0.596680,0.413086,0.041016,0.220703,10,10.000000,0.869967
cate10-00049,cate10,4,25,12,0.666016,0.427734,0.046875,0.179688,12,12.000000,0.914208
cate10-00049,cate10,4,27,14,0.735352,0.434570,0.080078,0.185547,14,13.000000,0.682836
cate10-00049,cate10,4,28,15,0.789062,0.434570,0.058594,0.201172,14,15.000000,0.786294
cate10-00049,cate10,4,31,16,0.513672,0.630859,0.031250,0.156250,16,16.000000,0.891230
cate10-00049,cate10,4,32,17,0.542969,0.630859,0.031250,0.160156,17,17.000000,0.929643
cate10-00049,cate10,4,33,18,0.577148,0.648438,0.037109,0.210938,18,18.000000,0.878173
cate10-00049,cate10,4,34,19,0.620117,0.623047,0.037109,0.179688,19,19.000000,0.927291
cate10-00049,cate10,4,35,20,0.656250,0.636719,0.042969,0.183594,20,20.000000,0.850801
cate10-00049,cate10,4,41,24,0.488281,0.628906,0.027344,0.160156,24,24.000000,0.852435
cate10-00049,cate10,4,42,25,0.463867,0.628906,0.029297,0.160156,25,25.000000,0.760409
cate10-00049,cate10,4,43,26,0.431641,0.644531,0.039062,0.191406,26,26.000000,0.943807
cate10-00049,cate10,4,44,27,0.396484,0.638672,0.039062,0.187500,27,27.000000,0.911139
cate10-00049,cate10,4,45,28,0.360352,0.639648,0.041016,0.185547,28,28.000000,0.888147
cate10-00049,cate10,4,46,29,0.308594,0.634766,0.078125,0.199219,29,29.000000,0.891505
cate10-00054,cate10,1,15,4,0.366211,0.461914,0.037109,0.189453,3,3.000000,0.550764
cate10-00054,cate10,1,17,6,0.309570,0.499023,0.099609,0.189453,5,5.000000,0.795764
cate10-00054,cate10,1,18,7,0.240234,0.521484,0.074219,0.171875,30,7.000000,0.775579
cate10-00054,cate10,1,27,14,0.696289,0.460938,0.064453,0.191406,13,,
cate10-00054,cate10,1,28,15,0.742188,0.500977,0.054688,0.146484,14,,
cate10-00054,cate10,1,31,16,0.501953,0.629883,0.031250,0.185547,24,16.000000,0.826474
cate10-00054,cate10,1,32,17,0.527344,0.636719,0.027344,0.203125,16,17.000000,0.803236
cate10-00054,cate10,1,33,18,0.557617,0.661133,0.033203,0.248047,18,18.000000,0.856891
cate10-00054,cate10,1,34,19,0.593750,0.667969,0.042969,0.230469,18,19.000000,0.886084
cate10-00054,cate10,1,35,20,0.630859,0.670898,0.054688,0.228516,19,20.000000,0.900527
cate10-00054,cate10,1,36,21,0.689453,0.664062,0.062500,0.222656,20,21.000000,0.931865
cate10-00054,cate10,1,41,24,0.479492,0.635742,0.041016,0.181641,25,24.000000,0.791135
cate10-00054,cate10,1,42,25,0.452148,0.647461,0.033203,0.197266,26,25.000000,0.777839
cate10-00054,cate10,1,43,26,0.425781,0.665039,0.042969,0.236328,26,26.000000,0.852656
cate10-00054,cate10,1,44,27,0.386719,0.679688,0.039062,0.230469,27,27.000000,0.812002
cate10-00054,cate10,1,45,28,0.351562,0.697266,0.042969,0.234375,28,28.000000,0.505555
cate10-00056,cate10,1,31,16,0.523438,0.650391,0.035156,0.234375,16,16.000000,0.777307
cate10-00056,cate10,1,32,17,0.554688,0.654297,0.046875,0.234375,18,17.000000,0.920201
cate10-00056,cate10,1,33,18,0.594727,0.688477,0.056641,0.244141,18,18.000000,0.905476
cate10-00056,cate10,1,41,24,0.496094,0.635742,0.039062,0.212891,24,24.000000,0.810162
cate10-00056,cate10,1,42,25,0.462891,0.632812,0.054688,0.203125,25,25.000000,0.917338
cate10-00056,cate10,1,43,26,0.418945,0.686523,0.052734,0.267578,26,26.000000,0.922451
cate10-00060,cate10,4,11,0,0.475586,0.497070,0.052734,0.244141,0,0.000000,0.939863
cate10-00060,cate10,4,12,1,0.434570,0.491211,0.041016,0.208984,1,1.000000,0.924316
cate10-00060,cate10,4,13,2,0.421875,0.332031,0.066406,0.171875,2,2.000000,0.936671
cate10-00060,cate10,4,14,3,0.375000,0.433594,0.035156,0.140625,3,,
cate10-00060,cate10,4,15,4,0.335938,0.439453,0.050781,0.148438,4,4.000000,0.856499
cate10-00060,cate10,4,17,6,0.285156,0.423828,0.082031,0.195312,5,6.000000,0.809596
cate10-00060,cate10,4,18,7,0.258789,0.326172,0.080078,0.140625,7,7.000000,0.935590
cate10-00060,cate10,4,21,8,0.537109,0.498047,0.050781,0.253906,8,8.000000,0.914386
cate10-00060,cate10,4,22,9,0.574219,0.491211,0.066406,0.185547,9,9.000000,0.864164
cate10-00060,cate10,4,23,10,0.589844,0.340820,0.054688,0.181641,10,10.000000,0.894603
cate10-00060,cate10,4,24,11,0.632812,0.462891,0.054688,0.117188,12,11.000000,0.838062
cate10-00060,cate10,4,25,12,0.656250,0.371094,0.070312,0.109375,12,12.000000,0.912024
cate10-00060,cate10,4,27,14,0.723633,0.390625,0.072266,0.191406,13,14.000000,0.917405
cate10-00060,cate10,4,28,15,0.755859,0.312500,0.085938,0.144531,15,15.000000,0.931953
cate10-00060,cate10,4,31,16,0.527344,0.741211,0.027344,0.123047,16,16.000000,0.894894
cate10-00060,cate10,4,32,17,0.559570,0.734375,0.033203,0.128906,17,17.000000,0.872934
cate10-00060,cate10,4,33,18,0.600586,0.774414,0.064453,0.162109,18,18.000000,0.896884
cate10-00060,cate10,4,34,19,0.640625,0.736328,0.054688,0.132812,20,19.000000,0.828397
cate10-00060,cate10,4,35,20,0.688477,0.712891,0.060547,0.144531,20,20.000000,0.708512
cate10-00060,cate10,4,37,22,0.726562,0.621094,0.101562,0.191406,21,22.000000,0.968597
cate10-00060,cate10,4,38,23,0.797852,0.590820,0.068359,0.146484,23,23.000000,0.915722
cate10-00060,cate10,4,41,24,0.501953,0.738281,0.023438,0.117188,24,,
cate10-00060,cate10,4,42,25,0.474609,0.734375,0.031250,0.125000,24,,
cate10-00060,cate10,4,43,26,0.430664,0.798828,0.076172,0.164062,26,26.000000,0.917301
cate10-00060,cate10,4,44,27,0.387695,0.758789,0.048828,0.142578,27,28.000000,0.500280
cate10-00060,cate10,4,45,28,0.330078,0.746094,0.050781,0.128906,28,28.000000,0.733287
cate10-00060,cate10,4,47,30,0.288086,0.652344,0.115234,0.203125,29,30.000000,0.948655
cate10-00060,cate10,4,48,31,0.212891,0.624023,0.089844,0.146484,31,31.000000,0.954580
cate10-00063,cate10,4,11,0,0.466797,0.435547,0.050781,0.250000,1,0.000000,0.896311
cate10-00063,cate10,4,13,2,0.419922,0.417969,0.066406,0.226562,3,2.000000,0.733614
cate10-00063,cate10,4,14,3,0.370117,0.424805,0.048828,0.197266,3,3.000000,0.945108
cate10-00063,cate10,4,15,4,0.330078,0.408203,0.042969,0.203125,4,4.000000,0.875638
cate10-00063,cate10,4,16,5,0.280273,0.384766,0.060547,0.210938,5,5.000000,0.845647
cate10-00063,cate10,4,17,6,0.239258,0.325195,0.068359,0.193359,6,7.000000,0.853544
cate10-00063,cate10,4,21,8,0.515625,0.432617,0.050781,0.255859,8,8.000000,0.951829
cate10-00063,cate10,4,22,9,0.558594,0.432617,0.035156,0.216797,9,9.000000,0.923514
cate10-00063,cate10,4,23,10,0.589844,0.404297,0.042969,0.277344,10,10.000000,0.874836
cate10-00063,cate10,4,24,11,0.634766,0.422852,0.050781,0.224609,11,11.000000,0.837861
cate10-00063,cate10,4,25,12,0.673828,0.416992,0.039062,0.205078,12,12.000000,0.860740
cate10-00063,cate10,4,26,13,0.725586,0.404297,0.064453,0.199219,13,13.000000,0.854869
cate10-00063,cate10,4,27,14,0.771484,0.361328,0.074219,0.203125,14,15.000000,0.894676
cate10-00063,cate10,4,31,16,0.507812,0.686523,0.031250,0.185547,16,16.000000,0.847917
cate10-00063,cate10,4,32,17,0.536133,0.678711,0.048828,0.201172,17,17.000000,0.892051
cate10-00063,cate10,4,33,18,0.568359,0.684570,0.027344,0.228516,18,18.000000,0.786813
cate10-00063,cate10,4,34,19,0.612305,0.669922,0.041016,0.210938,19,19.000000,0.896881
cate10-00063,cate10,4,35,20,0.652344,0.667969,0.058594,0.218750,20,20.000000,0.898100
cate10-00063,cate10,4,36,21,0.704102,0.649414,0.091797,0.220703,21,21.000000,0.959942
cate10-00063,cate10,4,37,22,0.770508,0.593750,0.099609,0.199219,22,22.000000,0.923612
cate10-00063,cate10,4,41,24,0.484375,0.687500,0.031250,0.195312,24,24.000000,0.814431
cate10-00063,cate10,4,42,25,0.455078,0.688477,0.035156,0.212891,25,25.000000,0.879326
cate10-00063,cate10,4,43,26,0.419922,0.705078,0.046875,0.269531,26,26.000000,0.929844
cate10-00063,cate10,4,44,27,0.381836,0.658203,0.044922,0.214844,27,27.000000,0.909306
cate10-00063,cate10,4,45,28,0.344727,0.664062,0.060547,0.226562,28,28.000000,0.905749
cate10-00063,cate10,4,46,29,0.280273,0.637695,0.107422,0.228516,29,29.000000,0.938892
cate10-00066,cate10,4,31,16,0.487305,0.605469,0.021484,0.167969,24,,
cate10-00066,cate10,4,32,17,0.505859,0.599609,0.023438,0.167969,16,,
cate10-00066,cate10,4,33,18,0.533203,0.609375,0.031250,0.199219,16,17.000000,0.821168
cate10-00066,cate10,4,34,19,0.562500,0.621094,0.027344,0.242188,18,,
cate10-00066,cate10,4,35,20,0.588867,0.622070,0.037109,0.236328,18,20.000000,0.620856
cate10-00066,cate10,4,38,23,0.762695,0.562500,0.115234,0.179688,22,23.000000,0.832164
cate10-00066,cate10,4,48,31,0.242188,0.575195,0.121094,0.150391,30,30.000000,0.622706
cate10-00070,cate10,4,11,0,0.513672,0.444336,0.042969,0.224609,8,8.000000,0.899500
cate10-00070,cate10,4,12,1,0.466797,0.442383,0.042969,0.228516,1,0.000000,0.921633
cate10-00070,cate10,4,13,2,0.429688,0.436523,0.031250,0.201172,1,1.000000,0.898979
cate10-00070,cate10,4,14,3,0.394531,0.443359,0.050781,0.222656,3,2.000000,0.874074
cate10-00070,cate10,4,15,4,0.357422,0.448242,0.046875,0.189453,4,3.000000,0.843299
cate10-00070,cate10,4,17,6,0.308594,0.448242,0.054688,0.177734,5,5.000000,0.821767
cate10-00070,cate10,4,18,7,0.258789,0.442383,0.056641,0.166016,5,6.000000,0.900298
cate10-00070,cate10,4,21,8,0.545898,0.431641,0.033203,0.191406,9,9.000000,0.933327
cate10-00070,cate10,4,23,10,0.586914,0.431641,0.037109,0.214844,9,10.000000,0.889088
cate10-00070,cate10,4,24,11,0.627930,0.455078,0.052734,0.152344,11,11.000000,0.816733
cate10-00070,cate10,4,25,12,0.666992,0.450195,0.037109,0.185547,12,12.000000,0.848836
cate10-00070,cate10,4,27,14,0.714844,0.455078,0.058594,0.171875,13,13.000000,0.879575
cate10-00070,cate10,4,28,15,0.767578,0.427734,0.058594,0.175781,14,15.000000,0.680531
cate10-00070,cate10,4,31,16,0.523438,0.659180,0.027344,0.158203,16,16.000000,0.828138
cate10-00070,cate10,4,32,17,0.551758,0.655273,0.029297,0.158203,17,17.000000,0.886655
cate10-00070,cate10,4,33,18,0.586914,0.667969,0.041016,0.203125,18,18.000000,0.879188
cate10-00070,cate10,4,35,20,0.629883,0.668945,0.048828,0.166016,19,19.000000,0.883512
cate10-00070,cate10,4,36,21,0.673828,0.651367,0.058594,0.134766,20,20.000000,0.869515
cate10-00070,cate10,4,37,22,0.734375,0.670898,0.082031,0.216797,21,21.000000,0.935423
cate10-00070,cate10,4,38,23,0.795898,0.625000,0.087891,0.199219,22,22.000000,0.928477
cate10-00070,cate10,4,41,24,0.489258,0.654297,0.033203,0.148438,24,24.000000,0.806226
cate10-00070,cate10,4,42,25,0.456055,0.661133,0.041016,0.158203,25,25.000000,0.767247
cate10-00070,cate10,4,43,26,0.428711,0.655273,0.052734,0.193359,27,26.000000,0.901860
cate10-00070,cate10,4,45,28,0.379883,0.666016,0.052734,0.179688,28,27.000000,0.892352
cate10-00070,cate10,4,46,29,0.319336,0.662109,0.091797,0.179688,29,29.000000,0.913674
cate10-00070,cate10,4,47,30,0.267578,0.659180,0.085938,0.208984,30,29.000000,0.755902
cate10-00070,cate10,4,48,31,0.200195,0.613281,0.087891,0.191406,30,31.000000,0.925997
cate10-00072,cate10,0,11,0,0.477539,0.471680,0.037109,0.208984,0,0.000000,0.877178
cate10-00072,cate10,0,12,1,0.441406,0.464844,0.031250,0.210938,1,1.000000,0.917691
cate10-00072,cate10,0,13,2,0.409180,0.463867,0.037109,0.205078,3,2.000000,0.881292
cate10-00072,cate10,0,14,3,0.375977,0.455078,0.037109,0.203125,3,4.000000,0.594692
cate10-00072,cate10,0,16,5,0.333984,0.460938,0.054688,0.171875,5,5.000000,0.865809
cate10-00072,cate10,0,17,6,0.286133,0.440430,0.048828,0.181641,5,6.000000,0.893088
cate10-00072,cate10,0,18,7,0.242188,0.409180,0.046875,0.177734,6,7.000000,0.913807
cate10-00072,cate10,0,21,8,0.519531,0.466797,0.042969,0.218750,8,8.000000,0.801790
cate10-00072,cate10,0,22,9,0.555664,0.462891,0.041016,0.207031,9,9.000000,0.819422
cate10-00072,cate10,0,23,10,0.587891,0.450195,0.042969,0.197266,10,10.000000,0.887222
cate10-00072,cate10,0,24,11,0.626953,0.454102,0.042969,0.193359,11,,
cate10-00072,cate10,0,26,13,0.668945,0.427734,0.060547,0.210938,13,13.000000,0.866977
cate10-00072,cate10,0,27,14,0.719727,0.418945,0.048828,0.189453,13,14.000000,0.840154
cate10-00072,cate10,0,28,15,0.766602,0.391602,0.052734,0.181641,14,15.000000,0.896199
cate10-00072,cate10,0,31,16,0.522461,0.677734,0.033203,0.128906,16,16.000000,0.887778
cate10-00072,cate10,0,32,17,0.547852,0.684570,0.033203,0.138672,17,17.000000,0.873232
cate10-00072,cate10,0,33,18,0.582031,0.685547,0.050781,0.160156,18,18.000000,0.883941
cate10-00072,cate10,0,34,19,0.611328,0.666992,0.058594,0.185547,19,19.000000,0.937465
cate10-00072,cate10,0,35,20,0.648438,0.659180,0.058594,0.177734,20,20.000000,0.904012
cate10-00072,cate10,0,36,21,0.695312,0.642578,0.082031,0.195312,21,21.000000,0.910878
cate10-00072,cate10,0,37,22,0.749023,0.609375,0.080078,0.179688,22,22.000000,0.949977
cate10-00072,cate10,0,38,23,0.798828,0.549805,0.089844,0.154297,23,23.000000,0.917912
cate10-00072,cate10,0,41,24,0.495117,0.676758,0.025391,0.123047,24,24.000000,0.869166
cate10-00072,cate10,0,42,25,0.469727,0.679688,0.025391,0.121094,25,25.000000,0.815584
cate10-00072,cate10,0,43,26,0.442383,0.681641,0.033203,0.140625,25,26.000000,0.898184
cate10-00072,cate10,0,44,27,0.409180,0.678711,0.037109,0.181641,26,27.000000,0.868212
cate10-00072,cate10,0,45,28,0.369141,0.681641,0.050781,0.203125,28,28.000000,0.839266
cate10-00072,cate10,0,46,29,0.321289,0.654297,0.103516,0.207031,29,29.000000,0.933628
cate10-00072,cate10,0,47,30,0.262695,0.625000,0.083984,0.179688,30,30.000000,0.887238
cate10-00072,cate10,0,48,31,0.208984,0.576172,0.078125,0.167969,31,31.000000,0.932637
cate10-00077,cate10,1,11,0,0.489258,0.523438,0.048828,0.187500,0,0.000000,0.910544
cate10-00077,cate10,1,12,1,0.450195,0.506836,0.029297,0.185547,1,1.000000,0.882813
cate10-00077,cate10,1,13,2,0.407227,0.518555,0.048828,0.193359,4,2.000000,0.850629
cate10-00077,cate10,1,14,3,0.365234,0.526367,0.042969,0.189453,4,3.000000,0.929529
cate10-00077,cate10,1,15,4,0.324219,0.522461,0.050781,0.142578,5,4.000000,0.781009
cate10-00077,cate10,1,17,6,0.269531,0.522461,0.062500,0.189453,6,,
cate10-00077,cate10,1,18,7,0.232422,0.467773,0.078125,0.119141,6,7.000000,0.896751
cate10-00077,cate10,1,21,8,0.531250,0.523438,0.050781,0.183594,8,8.000000,0.880185
cate10-00077,cate10,1,22,9,0.569336,0.519531,0.029297,0.167969,9,9.000000,0.892612
cate10-00077,cate10,1,23,10,0.609375,0.518555,0.042969,0.205078,11,10.000000,0.888952
cate10-00077,cate10,1,24,11,0.646484,0.523438,0.042969,0.191406,11,11.000000,0.854262
cate10-00077,cate10,1,25,12,0.681641,0.531250,0.042969,0.167969,13,12.000000,0.848680
cate10-00077,cate10,1,27,14,0.726562,0.503906,0.058594,0.191406,14,14.000000,0.814007
cate10-00077,cate10,1,28,15,0.761719,0.426758,0.062500,0.119141,15,15.000000,0.925356
cate10-00077,cate10,1,31,16,0.518555,0.739258,0.021484,0.181641,16,16.000000,0.883767
cate10-00077,cate10,1,32,17,0.547852,0.725586,0.037109,0.169922,17,17.000000,0.914829
cate10-00077,cate10,1,33,18,0.586914,0.753906,0.037109,0.226562,18,18.000000,0.943678
cate10-00077,cate10,1,34,19,0.629883,0.730469,0.037109,0.171875,19,19.000000,0.913151
cate10-00077,cate10,1,35,20,0.669922,0.703125,0.050781,0.144531,20,20.000000,0.911949
cate10-00077,cate10,1,36,21,0.727539,0.708008,0.083984,0.201172,21,21.000000,0.927616
cate10-00077,cate10,1,37,22,0.780273,0.654297,0.072266,0.152344,22,22.000000,0.951751
cate10-00077,cate10,1,41,24,0.487305,0.725586,0.037109,0.158203,24,24.000000,0.853048
cate10-00077,cate10,1,42,25,0.463867,0.729492,0.025391,0.181641,24,25.000000,0.882775
cate10-00077,cate10,1,43,26,0.423828,0.746094,0.039062,0.210938,26,26.000000,0.889436
cate10-00077,cate10,1,44,27,0.385742,0.734375,0.041016,0.171875,27,27.000000,0.916855
cate10-00077,cate10,1,45,28,0.339844,0.728516,0.050781,0.179688,28,28.000000,0.962469
cate10-00077,cate10,1,46,29,0.273438,0.736328,0.089844,0.203125,29,29.000000,0.921183
cate10-00077,cate10,1,47,30,0.209961,0.711914,0.068359,0.154297,31,30.000000,0.892866
cate10-00078,cate10,0,33,18,0.593750,0.716797,0.039062,0.210938,18,18.000000,0.941751
cate10-00078,cate10,0,35,20,0.665039,0.699219,0.048828,0.218750,20,20.000000,0.859394
cate10-00084,cate10,3,11,0,0.490234,0.428711,0.046875,0.275391,0,0.000000,0.934937
cate10-00084,cate10,3,12,1,0.454102,0.439453,0.052734,0.230469,1,1.000000,0.919701
cate10-00084,cate10,3,13,2,0.420898,0.413086,0.056641,0.267578,2,2.000000,0.916354
cate10-00084,cate10,3,14,3,0.377930,0.410156,0.064453,0.253906,3,3.000000,0.883029
cate10-00084,cate10,3,15,4,0.333008,0.406250,0.068359,0.246094,5,4.000000,0.880550
cate10-00084,cate10,3,16,5,0.277344,0.404297,0.078125,0.214844,5,5.000000,0.818065
cate10-00084,cate10,3,17,6,0.218750,0.381836,0.066406,0.216797,6,6.000000,0.841891
cate10-00084,cate10,3,18,7,0.196289,0.305664,0.068359,0.123047,7,7.000000,0.925106
cate10-00084,cate10,3,21,8,0.531250,0.419922,0.050781,0.285156,8,8.000000,0.879270
cate10-00084,cate10,3,22,9,0.569336,0.430664,0.044922,0.228516,9,9.000000,0.848749
cate10-00084,cate10,3,23,10,0.604492,0.402344,0.052734,0.250000,10,10.000000,0.913455
cate10-00084,cate10,3,24,11,0.640625,0.428711,0.062500,0.212891,12,11.000000,0.950666
cate10-00084,cate10,3,25,12,0.682617,0.404297,0.048828,0.246094,12,12.000000,0.940203
cate10-00084,cate10,3,26,13,0.731445,0.397461,0.068359,0.224609,13,13.000000,0.943054
cate10-00084,cate10,3,27,14,0.788086,0.394531,0.064453,0.183594,14,14.000000,0.901932
cate10-00084,cate10,3,28,15,0.808594,0.301758,0.054688,0.103516,15,15.000000,0.911480
cate10-00084,cate10,3,31,16,0.523438,0.667969,0.023438,0.171875,16,16.000000,0.874192
cate10-00084,cate10,3,32,17,0.547852,0.668945,0.037109,0.181641,17,17.000000,0.876475
cate10-00084,cate10,3,33,18,0.583008,0.661133,0.044922,0.205078,18,18.000000,0.880644
cate10-00084,cate10,3,34,19,0.623047,0.642578,0.050781,0.195312,19,19.000000,0.879037
cate10-00084,cate10,3,35,20,0.678711,0.657227,0.068359,0.240234,20,20.000000,0.888190
cate10-00084,cate10,3,36,21,0.730469,0.645508,0.082031,0.251953,21,21.000000,0.928826
cate10-00084,cate10,3,37,22,0.798828,0.589844,0.089844,0.207031,22,22.000000,0.927706
cate10-00084,cate10,3,41,24,0.500977,0.666016,0.033203,0.167969,24,24.000000,0.843220
cate10-00084,cate10,3,42,25,0.470703,0.659180,0.039062,0.169922,25,25.000000,0.729231
cate10-00084,cate10,3,43,26,0.439453,0.654297,0.050781,0.183594,26,26.000000,0.859443
cate10-00084,cate10,3,44,27,0.403320,0.669922,0.052734,0.238281,26,27.000000,0.896244
cate10-00084,cate10,3,45,28,0.341797,0.650391,0.085938,0.222656,28,28.000000,0.899971
cate10-00084,cate10,3,46,29,0.279297,0.634766,0.097656,0.238281,29,29.000000,0.925881
cate10-00084,cate10,3,47,30,0.211914,0.586914,0.087891,0.201172,30,30.000000,0.925172
cate10-00085,cate10,0,31,16,0.531250,0.625000,0.031250,0.238281,17,16.000000,0.874710
cate10-00085,cate10,0,32,17,0.561523,0.628906,0.037109,0.226562,18,17.000000,0.899417
cate10-00085,cate10,0,33,18,0.592773,0.670898,0.041016,0.291016,18,18.000000,0.879604
cate10-00085,cate10,0,34,19,0.634766,0.671875,0.054688,0.281250,20,19.000000,0.834921
cate10-00085,cate10,0,41,24,0.507812,0.625000,0.031250,0.261719,24,24.000000,0.828396
cate10-00085,cate10,0,42,25,0.478516,0.605469,0.039062,0.218750,25,25.000000,0.846443
cate10-00085,cate10,0,43,26,0.445312,0.645508,0.042969,0.271484,26,26.000000,0.889735
cate10-00085,cate10,0,44,27,0.401367,0.649414,0.048828,0.255859,26,27.000000,0.887514
cate10-00090,cate10,3,11,0,0.472656,0.382812,0.042969,0.257812,0,0.000000,0.865007
cate10-00090,cate10,3,12,1,0.436523,0.391602,0.037109,0.228516,1,1.000000,0.861146
cate10-00090,cate10,3,13,2,0.397461,0.393555,0.048828,0.244141,2,2.000000,0.909284
cate10-00090,cate10,3,14,3,0.356445,0.396484,0.037109,0.226562,4,3.000000,0.842317
cate10-00090,cate10,3,15,4,0.318359,0.390625,0.042969,0.230469,4,4.000000,0.870043
cate10-00090,cate10,3,16,5,0.266602,0.439453,0.064453,0.152344,6,5.000000,0.852023
cate10-00090,cate10,3,17,6,0.211914,0.399414,0.064453,0.197266,6,6.000000,0.708403
cate10-00090,cate10,3,18,7,0.160156,0.362305,0.062500,0.197266,6,7.000000,0.554822
cate10-00090,cate10,3,21,8,0.519531,0.382812,0.050781,0.242188,8,8.000000,0.866785
cate10-00090,cate10,3,22,9,0.565430,0.388672,0.041016,0.234375,9,9.000000,0.878217
cate10-00090,cate10,3,23,10,0.600586,0.398438,0.048828,0.242188,10,10.000000,0.852217
cate10-00090,cate10,3,24,11,0.638672,0.419922,0.042969,0.218750,11,11.000000,0.523412
cate10-00090,cate10,3,25,12,0.676758,0.404297,0.041016,0.167969,12,,
cate10-00090,cate10,3,26,13,0.721680,0.420898,0.052734,0.173828,13,13.000000,0.911698
cate10-00090,cate10,3,27,14,0.771484,0.415039,0.070312,0.240234,14,14.000000,0.869408
cate10-00090,cate10,3,28,15,0.828125,0.426758,0.054688,0.166016,15,15.000000,0.595962
cate10-00090,cate10,3,31,16,0.523438,0.625977,0.031250,0.150391,16,16.000000,0.893023
cate10-00090,cate10,3,32,17,0.555664,0.619141,0.037109,0.144531,17,17.000000,0.904219
cate10-00090,cate10,3,33,18,0.597656,0.631836,0.039062,0.189453,18,18.000000,0.902857
cate10-00090,cate10,3,34,19,0.653320,0.640625,0.044922,0.210938,20,19.000000,0.934238
cate10-00090,cate10,3,35,20,0.694336,0.633789,0.044922,0.220703,20,20.000000,0.957384
cate10-00090,cate10,3,37,22,0.826172,0.603516,0.105469,0.179688,22,22.000000,0.937264
cate10-00090,cate10,3,41,24,0.489258,0.616211,0.033203,0.138672,24,24.000000,0.893986
cate10-00090,cate10,3,42,25,0.457031,0.615234,0.031250,0.152344,25,25.000000,0.903157
cate10-00090,cate10,3,43,26,0.416016,0.620117,0.035156,0.197266,26,26.000000,0.878829
cate10-00090,cate10,3,44,27,0.376953,0.620117,0.046875,0.201172,27,27.000000,0.931133
cate10-00090,cate10,3,45,28,0.333008,0.613281,0.044922,0.187500,28,28.000000,0.922113
cate10-00090,cate10,3,47,30,0.141602,0.568359,0.123047,0.195312,31,30.000000,0.930672
cate10-00092,cate10,0,11,0,0.499023,0.445312,0.037109,0.222656,0,0.000000,0.823170
cate10-00092,cate10,0,12,1,0.470703,0.438477,0.027344,0.193359,1,1.000000,0.899569
cate10-00092,cate10,0,13,2,0.444336,0.420898,0.048828,0.236328,1,2.000000,0.806969
cate10-00092,cate10,0,14,3,0.409180,0.412109,0.052734,0.226562,3,3.000000,0.798116
cate10-00092,cate10,0,15,4,0.375000,0.408203,0.050781,0.210938,3,4.000000,0.926387
cate10-00092,cate10,0,16,5,0.331055,0.413086,0.064453,0.177734,5,5.000000,0.899218
cate10-00092,cate10,0,17,6,0.280273,0.372070,0.060547,0.193359,6,6.000000,0.927171
cate10-00092,cate10,0,21,8,0.531250,0.450195,0.035156,0.216797,8,8.000000,0.863287
cate10-00092,cate10,0,22,9,0.561523,0.462891,0.037109,0.175781,9,9.000000,0.883410
cate10-00092,cate10,0,23,10,0.591797,0.432617,0.039062,0.248047,10,10.000000,0.908146
cate10-00092,cate10,0,24,11,0.625000,0.430664,0.046875,0.224609,11,11.000000,0.836653
cate10-00092,cate10,0,25,12,0.652344,0.417969,0.035156,0.207031,11,12.000000,0.916299
cate10-00092,cate10,0,26,13,0.694336,0.417969,0.064453,0.191406,13,13.000000,0.937291
cate10-00092,cate10,0,27,14,0.742188,0.381836,0.054688,0.205078,14,14.000000,0.848014
cate10-00092,cate10,0,31,16,0.523438,0.645508,0.019531,0.142578,16,16.000000,0.862394
cate10-00092,cate10,0,32,17,0.545898,0.644531,0.033203,0.148438,17,17.000000,0.897214
cate10-00092,cate10,0,33,18,0.572266,0.653320,0.039062,0.162109,17,18.000000,0.861690
cate10-00092,cate10,0,34,19,0.606445,0.636719,0.044922,0.179688,19,19.000000,0.889924
cate10-00092,cate10,0,35,20,0.642578,0.633789,0.054688,0.158203,20,20.000000,0.896998
cate10-00092,cate10,0,36,21,0.693359,0.625977,0.089844,0.193359,21,21.000000,0.940665
cate10-00092,cate10,0,37,22,0.748047,0.586914,0.097656,0.185547,22,22.000000,0.917059
cate10-00092,cate10,0,38,23,0.790039,0.518555,0.083984,0.142578,23,23.000000,0.898222
cate10-00092,cate10,0,41,24,0.503906,0.650391,0.035156,0.156250,24,24.000000,0.817294
cate10-00092,cate10,0,42,25,0.477539,0.661133,0.029297,0.177734,24,25.000000,0.803326
cate10-00092,cate10,0,43,26,0.453125,0.655273,0.035156,0.185547,26,26.000000,0.895181
cate10-00092,cate10,0,44,27,0.416992,0.647461,0.048828,0.193359,26,27.000000,0.919860
cate10-00092,cate10,0,45,28,0.375000,0.654297,0.082031,0.226562,28,28.000000,0.892909
cate10-00092,cate10,0,46,29,0.334961,0.618164,0.087891,0.208984,28,29.000000,0.915986
cate10-00092,cate10,0,47,30,0.276367,0.575195,0.099609,0.201172,29,30.000000,0.925183
cate10-00092,cate10,0,48,31,0.229492,0.523438,0.068359,0.156250,6,31.000000,0.867706
cate10-00096,cate10,3,11,0,0.503906,0.393555,0.035156,0.259766,0,0.000000,0.885058
cate10-00096,cate10,3,12,1,0.475586,0.371094,0.044922,0.253906,0,1.000000,0.915530
cate10-00096,cate10,3,13,2,0.443359,0.364258,0.054688,0.255859,1,2.000000,0.885298
cate10-00096,cate10,3,14,3,0.417969,0.368164,0.050781,0.232422,2,3.000000,0.804597
cate10-00096,cate10,3,15,4,0.383789,0.359375,0.060547,0.250000,2,4.000000,0.917657
cate10-00096,cate10,3,16,5,0.326172,0.374023,0.066406,0.216797,5,5.000000,0.947380
cate10-00096,cate10,3,17,6,0.264648,0.357422,0.060547,0.238281,6,6.000000,0.924838
cate10-00096,cate10,3,18,7,0.233398,0.254883,0.076172,0.115234,7,7.000000,0.915556
cate10-00096,cate10,3,21,8,0.541992,0.396484,0.048828,0.257812,8,8.000000,0.858420
cate10-00096,cate10,3,22,9,0.577148,0.392578,0.037109,0.246094,9,9.000000,0.837706
cate10-00096,cate10,3,23,10,0.612305,0.375977,0.044922,0.275391,10,10.000000,0.866038
cate10-00096,cate10,3,24,11,0.639648,0.388672,0.048828,0.242188,11,11.000000,0.941971
cate10-00096,cate10,3,25,12,0.679688,0.387695,0.046875,0.236328,12,12.000000,0.926735
cate10-00096,cate10,3,26,13,0.725586,0.383789,0.056641,0.224609,14,13.000000,0.920209
cate10-00096,cate10,3,27,14,0.780273,0.379883,0.056641,0.216797,14,14.000000,0.945262
cate10-00096,cate10,3,28,15,0.795898,0.276367,0.076172,0.107422,15,15.000000,0.884011
cate10-00096,cate10,3,31,16,0.531250,0.645508,0.031250,0.220703,17,16.000000,0.888122
cate10-00096,cate10,3,32,17,0.557617,0.652344,0.033203,0.210938,17,17.000000,0.857381
cate10-00096,cate10,3,33,18,0.585938,0.677734,0.035156,0.273438,18,18.000000,0.905805
cate10-00096,cate10,3,34,19,0.618164,0.678711,0.044922,0.251953,19,19.000000,0.915867
cate10-00096,cate10,3,35,20,0.658203,0.675781,0.046875,0.222656,19,20.000000,0.913939
cate10-00096,cate10,3,36,21,0.721680,0.662109,0.091797,0.242188,21,21.000000,0.946462
cate10-00096,cate10,3,37,22,0.782227,0.620117,0.099609,0.208984,22,22.000000,0.944598
cate10-00096,cate10,3,41,24,0.505859,0.641602,0.035156,0.208984,24,24.000000,0.833707
cate10-00096,cate10,3,42,25,0.482422,0.640625,0.050781,0.214844,24,25.000000,0.754272
cate10-00096,cate10,3,43,26,0.455078,0.647461,0.042969,0.267578,26,26.000000,0.881849
cate10-00096,cate10,3,44,27,0.422852,0.650391,0.052734,0.246094,26,27.000000,0.845469
cate10-00096,cate10,3,45,28,0.390625,0.643555,0.058594,0.224609,27,28.000000,0.826464
cate10-00096,cate10,3,46,29,0.318359,0.645508,0.121094,0.240234,29,29.000000,0.938459
cate10-00096,cate10,3,47,30,0.247070,0.599609,0.115234,0.214844,30,30.000000,0.930427
cate10-00096,cate10,3,48,31,0.187500,0.579102,0.074219,0.142578,31,31.000000,0.931734
cate10-00099,cate10,2,41,24,0.443359,0.620117,0.050781,0.142578,25,,
cate10-00099,cate10,2,42,25,0.405273,0.620117,0.048828,0.150391,27,25.000000,0.654168
cate10-00099,cate10,2,43,26,0.369141,0.627930,0.050781,0.166016,27,27.000000,0.516050
cate10-00102,cate10,1,11,0,0.488281,0.407227,0.046875,0.220703,0,0.000000,0.849812
cate10-00102,cate10,1,12,1,0.446289,0.422852,0.041016,0.197266,1,1.000000,0.871703
cate10-00102,cate10,1,13,2,0.408203,0.404297,0.039062,0.246094,2,2.000000,0.863553
cate10-00102,cate10,1,14,3,0.366211,0.412109,0.052734,0.195312,3,3.000000,0.922579
cate10-00102,cate10,1,15,4,0.318359,0.406250,0.042969,0.195312,4,4.000000,0.791575
cate10-00102,cate10,1,22,9,0.565430,0.421875,0.041016,0.183594,9,9.000000,0.623616
cate10-00102,cate10,1,23,10,0.602539,0.395508,0.044922,0.251953,10,10.000000,0.904521
cate10-00102,cate10,1,24,11,0.639648,0.420898,0.044922,0.208984,11,11.000000,0.883827
cate10-00102,cate10,1,28,15,0.805664,0.343750,0.080078,0.152344,15,15.000000,0.871039
cate10-00102,cate10,1,31,16,0.525391,0.625977,0.027344,0.173828,17,16.000000,0.854262
cate10-00102,cate10,1,33,18,0.576172,0.647461,0.042969,0.236328,18,18.000000,0.914236
cate10-00102,cate10,1,35,20,0.644531,0.641602,0.050781,0.216797,19,20.000000,0.707901
cate10-00102,cate10,1,38,23,0.764648,0.602539,0.087891,0.201172,22,22.000000,0.932466
cate10-00102,cate10,1,41,24,0.500000,0.622070,0.023438,0.169922,16,24.000000,0.771056
cate10-00102,cate10,1,43,26,0.425781,0.645508,0.054688,0.208984,26,26.000000,0.876422
cate10-00102,cate10,1,44,27,0.390625,0.642578,0.050781,0.203125,27,27.000000,0.883424
cate10-00102,cate10,1,45,28,0.357422,0.637695,0.042969,0.205078,28,28.000000,0.839909
cate10-00102,cate10,1,48,31,0.238281,0.591797,0.101562,0.199219,30,30.000000,0.954525
cate10-00106,cate10,1,11,0,0.487305,0.493164,0.052734,0.263672,0,0.000000,0.862058
cate10-00106,cate10,1,12,1,0.444336,0.493164,0.037109,0.240234,1,1.000000,0.847284
cate10-00106,cate10,1,13,2,0.404297,0.475586,0.046875,0.271484,2,2.000000,0.911182
cate10-00106,cate10,1,14,3,0.358398,0.468750,0.056641,0.250000,3,3.000000,0.877128
cate10-00106,cate10,1,15,4,0.324219,0.468750,0.062500,0.222656,5,4.000000,0.914793
cate10-00106,cate10,1,16,5,0.271484,0.456055,0.066406,0.216797,6,5.000000,0.889368
cate10-00106,cate10,1,17,6,0.212891,0.438477,0.062500,0.162109,6,6.000000,0.860899
cate10-00106,cate10,1,21,8,0.541992,0.496094,0.048828,0.257812,8,8.000000,0.878380
cate10-00106,cate10,1,22,9,0.583008,0.492188,0.033203,0.238281,9,9.000000,0.867450
cate10-00106,cate10,1,23,10,0.625000,0.487305,0.042969,0.240234,11,10.000000,0.841660
cate10-00106,cate10,1,24,11,0.659180,0.473633,0.052734,0.220703,12,11.000000,0.888103
cate10-00106,cate10,1,25,12,0.695312,0.453125,0.054688,0.234375,13,12.000000,0.836517
cate10-00106,cate10,1,26,13,0.745117,0.444336,0.068359,0.212891,13,13.000000,0.946080
cate10-00106,cate10,1,27,14,0.796875,0.416016,0.066406,0.179688,14,14.000000,0.946277
cate10-00106,cate10,1,28,15,0.813477,0.322266,0.060547,0.082031,15,15.000000,0.851263
cate10-00106,cate10,1,31,16,0.536133,0.723633,0.041016,0.134766,16,16.000000,0.782507
cate10-00106,cate10,1,32,17,0.559570,0.707031,0.041016,0.144531,17,17.000000,0.851205
cate10-00106,cate10,1,33,18,0.600586,0.730469,0.048828,0.218750,19,18.000000,0.897875
cate10-00106,cate10,1,34,19,0.634766,0.730469,0.046875,0.222656,19,19.000000,0.833039
cate10-00106,cate10,1,35,20,0.685547,0.710938,0.070312,0.207031,20,20.000000,0.901860
cate10-00106,cate10,1,36,21,0.731445,0.680664,0.091797,0.232422,21,21.000000,0.933995
cate10-00106,cate10,1,37,22,0.796875,0.625000,0.097656,0.203125,22,22.000000,0.910863
cate10-00106,cate10,1,38,23,0.848633,0.590820,0.072266,0.111328,23,23.000000,0.902595
cate10-00106,cate10,1,41,24,0.503906,0.728516,0.027344,0.132812,24,24.000000,0.741875
cate10-00106,cate10,1,42,25,0.471680,0.696289,0.041016,0.123047,25,25.000000,0.859760
cate10-00106,cate10,1,43,26,0.435547,0.718750,0.046875,0.175781,26,26.000000,0.894315
cate10-00106,cate10,1,44,27,0.386719,0.735352,0.062500,0.220703,27,27.000000,0.882896
cate10-00106,cate10,1,45,28,0.345703,0.718750,0.066406,0.226562,28,28.000000,0.842587
cate10-00106,cate10,1,46,29,0.289062,0.694336,0.097656,0.248047,29,29.000000,0.950839
cate10-00106,cate10,1,47,30,0.210938,0.637695,0.117188,0.205078,30,30.000000,0.919483
cate10-00106,cate10,1,48,31,0.151367,0.606445,0.068359,0.119141,31,31.000000,0.916068
cate10-00108,cate10,4,11,0,0.506836,0.387695,0.052734,0.294922,0,0.000000,0.905655
cate10-00108,cate10,4,12,1,0.467773,0.390625,0.052734,0.257812,0,1.000000,0.884646
cate10-00108,cate10,4,13,2,0.422852,0.394531,0.060547,0.265625,2,2.000000,0.907362
cate10-00108,cate10,4,14,3,0.373047,0.390625,0.054688,0.253906,3,3.000000,0.910241
cate10-00108,cate10,4,15,4,0.332031,0.396484,0.058594,0.238281,4,4.000000,0.870752
cate10-00108,cate10,4,16,5,0.277344,0.402344,0.074219,0.226562,5,5.000000,0.916367
cate10-00108,cate10,4,17,6,0.211914,0.375000,0.076172,0.230469,6,6.000000,0.912516
cate10-00108,cate10,4,18,7,0.150391,0.366211,0.070312,0.189453,7,7.000000,0.858164
cate10-00108,cate10,4,21,8,0.556641,0.409180,0.054688,0.267578,9,8.000000,0.926118
cate10-00108,cate10,4,22,9,0.599609,0.412109,0.042969,0.230469,10,9.000000,0.920530
cate10-00108,cate10,4,23,10,0.639648,0.416992,0.044922,0.232422,11,10.000000,0.852989
cate10-00108,cate10,4,24,11,0.679688,0.416016,0.050781,0.214844,12,11.000000,0.905545
cate10-00108,cate10,4,25,12,0.715820,0.418945,0.048828,0.220703,12,12.000000,0.862033
cate10-00108,cate10,4,26,13,0.762695,0.430664,0.068359,0.205078,14,13.000000,0.940312
cate10-00108,cate10,4,27,14,0.822266,0.422852,0.058594,0.189453,15,14.000000,0.916025
cate10-00108,cate10,4,28,15,0.865234,0.358398,0.062500,0.158203,15,15.000000,0.942100
cate10-00108,cate10,4,31,16,0.540039,0.637695,0.037109,0.181641,17,16.000000,0.917072
cate10-00108,cate10,4,32,17,0.572266,0.650391,0.039062,0.191406,18,17.000000,0.869895
cate10-00108,cate10,4,33,18,0.609375,0.676758,0.054688,0.236328,19,18.000000,0.884567
cate10-00108,cate10,4,34,19,0.651367,0.675781,0.044922,0.199219,20,19.000000,0.828202
cate10-00108,cate10,4,35,20,0.689453,0.686523,0.058594,0.201172,20,20.000000,0.872694
cate10-00108,cate10,4,37,22,0.798828,0.646484,0.105469,0.164062,22,22.000000,0.940197
cate10-00108,cate10,4,38,23,0.848633,0.579102,0.087891,0.138672,23,23.000000,0.899876
cate10-00108,cate10,4,41,24,0.503906,0.628906,0.035156,0.167969,16,24.000000,0.864774
cate10-00108,cate10,4,42,25,0.472656,0.642578,0.042969,0.179688,24,25.000000,0.851370
cate10-00108,cate10,4,43,26,0.428711,0.660156,0.052734,0.226562,26,26.000000,0.886075
cate10-00108,cate10,4,44,27,0.381836,0.666016,0.048828,0.195312,27,27.000000,0.932286
cate10-00108,cate10,4,45,28,0.335938,0.674805,0.066406,0.224609,28,28.000000,0.935181
cate10-00108,cate10,4,47,30,0.206055,0.635742,0.111328,0.212891,30,30.000000,0.942213
cate10-00108,cate10,4,48,31,0.141602,0.573242,0.095703,0.146484,31,31.000000,0.955820
cate10-00113,cate10,2,27,14,0.685547,0.500000,0.062500,0.222656,13,14.000000,0.635644
cate10-00113,cate10,2,28,15,0.742188,0.510742,0.062500,0.197266,14,,
cate10-00113,cate10,2,33,18,0.521484,0.641602,0.085938,0.240234,16,,
cate10-00113,cate10,2,45,28,0.352539,0.646484,0.056641,0.207031,28,28.000000,0.691968
cate10-00113,cate10,2,47,30,0.270508,0.613281,0.126953,0.187500,30,30.000000,0.862934
cate10-00114,cate10,3,11,0,0.496094,0.406250,0.046875,0.246094,0,0.000000,0.949933
cate10-00114,cate10,3,12,1,0.459961,0.402344,0.041016,0.250000,1,1.000000,0.896050
cate10-00114,cate10,3,13,2,0.424805,0.389648,0.044922,0.248047,2,2.000000,0.882149
cate10-00114,cate10,3,14,3,0.389648,0.398438,0.048828,0.234375,3,3.000000,0.928311
cate10-00114,cate10,3,15,4,0.353516,0.377930,0.050781,0.240234,4,4.000000,0.932383
cate10-00114,cate10,3,17,6,0.276367,0.372070,0.064453,0.201172,5,6.000000,0.932494
cate10-00114,cate10,3,18,7,0.221680,0.365234,0.056641,0.207031,6,7.000000,0.861998
cate10-00114,cate10,3,21,8,0.533203,0.406250,0.042969,0.257812,8,8.000000,0.907406
cate10-00114,cate10,3,22,9,0.564453,0.391602,0.035156,0.267578,9,9.000000,0.873374
cate10-00114,cate10,3,23,10,0.607422,0.390625,0.050781,0.285156,10,10.000000,0.852461
cate10-00114,cate10,3,24,11,0.639648,0.397461,0.041016,0.259766,11,11.000000,0.797328
cate10-00114,cate10,3,25,12,0.674805,0.407227,0.044922,0.255859,12,12.000000,0.772236
cate10-00114,cate10,3,26,13,0.705078,0.409180,0.054688,0.240234,12,13.000000,0.820106
cate10-00114,cate10,3,27,14,0.753906,0.388672,0.050781,0.222656,14,14.000000,0.922787
cate10-00114,cate10,3,28,15,0.802734,0.384766,0.050781,0.140625,15,15.000000,0.919964
cate10-00114,cate10,3,31,16,0.514648,0.639648,0.041016,0.177734,16,16.000000,0.827510
cate10-00114,cate10,3,32,17,0.543945,0.653320,0.037109,0.208984,17,17.000000,0.846952
cate10-00114,cate10,3,33,18,0.576172,0.663086,0.039062,0.236328,18,18.000000,0.845496
cate10-00114,cate10,3,34,19,0.606445,0.655273,0.060547,0.255859,19,19.000000,0.870501
cate10-00114,cate10,3,35,20,0.645508,0.664062,0.052734,0.273438,20,20.000000,0.891926
cate10-00114,cate10,3,38,23,0.813477,0.594727,0.107422,0.177734,23,23.000000,0.876891
cate10-00114,cate10,3,41,24,0.498047,0.653320,0.039062,0.212891,24,24.000000,0.842523
cate10-00114,cate10,3,42,25,0.471680,0.643555,0.048828,0.205078,25,25.000000,0.789509
cate10-00114,cate10,3,43,26,0.442383,0.672852,0.044922,0.259766,26,26.000000,0.869700
cate10-00114,cate10,3,44,27,0.405273,0.663086,0.048828,0.251953,26,27.000000,0.716116
cate10-00114,cate10,3,45,28,0.368164,0.680664,0.056641,0.236328,28,28.000000,0.841910
cate10-00114,cate10,3,46,29,0.301758,0.675781,0.107422,0.257812,29,29.000000,0.925772
cate10-00114,cate10,3,48,31,0.191406,0.592773,0.136719,0.169922,30,31.000000,0.915328
cate2-00001,cate2,0,11,0,0.504883,0.375977,0.056641,0.224609,0,0.000000,0.908344
cate2-00001,cate2,0,12,1,0.466797,0.374023,0.039062,0.224609,1,1.000000,0.938896
cate2-00001,cate2,0,13,2,0.428711,0.355469,0.052734,0.277344,2,2.000000,0.843248
cate2-00001,cate2,0,14,3,0.387695,0.380859,0.041016,0.234375,3,3.000000,0.780148
cate2-00001,cate2,0,15,4,0.350586,0.392578,0.056641,0.222656,4,4.000000,0.850548
cate2-00001,cate2,0,16,5,0.295898,0.383789,0.060547,0.220703,5,5.000000,0.886127
cate2-00001,cate2,0,17,6,0.235352,0.376953,0.068359,0.222656,6,6.000000,0.937755
cate2-00001,cate2,0,18,7,0.181641,0.358398,0.054688,0.197266,7,7.000000,0.864224
cate2-00001,cate2,0,21,8,0.548828,0.390625,0.050781,0.222656,8,8.000000,0.829362
cate2-00001,cate2,0,22,9,0.587891,0.382812,0.039062,0.226562,10,9.000000,0.854401
cate2-00001,cate2,0,23,10,0.624023,0.375000,0.044922,0.257812,10,10.000000,0.872523
cate2-00001,cate2,0,24,11,0.656250,0.391602,0.039062,0.228516,12,11.000000,0.903481
cate2-00001,cate2,0,25,12,0.693359,0.391602,0.035156,0.224609,12,12.000000,0.941760
cate2-00001,cate2,0,26,13,0.737305,0.408203,0.056641,0.187500,14,13.000000,0.886282
cate2-00001,cate2,0,27,14,0.787109,0.405273,0.050781,0.181641,14,14.000000,0.917858
cate2-00001,cate2,0,28,15,0.832031,0.377930,0.046875,0.177734,15,15.000000,0.884024
cate2-00001,cate2,0,31,16,0.533203,0.598633,0.042969,0.173828,16,16.000000,0.762609
cate2-00001,cate2,0,32,17,0.558594,0.606445,0.035156,0.173828,17,17.000000,0.878667
cate2-00001,cate2,0,33,18,0.593750,0.631836,0.042969,0.236328,18,18.000000,0.855483
cate2-00001,cate2,0,34,19,0.626953,0.618164,0.039062,0.205078,19,19.000000,0.851452
cate2-00001,cate2,0,35,20,0.663086,0.628906,0.044922,0.230469,20,20.000000,0.915995
cate2-00001,cate2,0,36,21,0.716797,0.613281,0.082031,0.214844,21,21.000000,0.913638
cate2-00001,cate2,0,37,22,0.780273,0.602539,0.087891,0.205078,22,22.000000,0.946341
cate2-00001,cate2,0,38,23,0.834961,0.561523,0.087891,0.193359,23,23.000000,0.938091
cate2-00001,cate2,0,41,24,0.503906,0.591797,0.035156,0.156250,24,24.000000,0.711461
cate2-00001,cate2,0,42,25,0.481445,0.604492,0.041016,0.201172,25,25.000000,0.618988
cate2-00001,cate2,0,43,26,0.447266,0.613281,0.042969,0.230469,26,26.000000,0.890212
cate2-00001,cate2,0,44,27,0.411133,0.608398,0.052734,0.216797,27,27.000000,0.847950
cate2-00001,cate2,0,45,28,0.377930,0.606445,0.060547,0.224609,28,28.000000,0.813804
cate2-00001,cate2,0,46,29,0.309570,0.604492,0.095703,0.208984,29,29.000000,0.932169
cate2-00001,cate2,0,47,30,0.230469,0.595703,0.113281,0.210938,30,30.000000,0.923892
cate2-00001,cate2,0,48,31,0.162109,0.553711,0.121094,0.205078,31,31.000000,0.936287
cate2-00002,cate2,4,11,0,0.496094,0.404297,0.046875,0.199219,0,0.000000,0.912929
cate2-00002,cate2,4,12,1,0.455078,0.394531,0.042969,0.226562,1,1.000000,0.897735
cate2-00002,cate2,4,13,2,0.414062,0.388672,0.054688,0.261719,2,2.000000,0.857679
cate2-00002,cate2,4,14,3,0.376953,0.405273,0.058594,0.224609,3,3.000000,0.908509
cate2-00002,cate2,4,15,4,0.333008,0.386719,0.048828,0.191406,4,4.000000,0.776073
cate2-00002,cate2,4,16,5,0.288086,0.383789,0.072266,0.185547,6,5.000000,0.939249
cate2-00002,cate2,4,17,6,0.233398,0.407227,0.064453,0.228516,6,6.000000,0.920586
cate2-00002,cate2,4,18,7,0.176758,0.393555,0.068359,0.173828,7,7.000000,0.916534
cate2-00002,cate2,4,21,8,0.539062,0.401367,0.042969,0.197266,8,8.000000,0.926349
cate2-00002,cate2,4,22,9,0.578125,0.387695,0.039062,0.228516,10,9.000000,0.879619
cate2-00002,cate2,4,23,10,0.615234,0.398438,0.046875,0.246094,10,10.000000,0.873344
cate2-00002,cate2,4,24,11,0.648438,0.419922,0.042969,0.199219,11,11.000000,0.921855
cate2-00002,cate2,4,25,12,0.684570,0.418945,0.033203,0.205078,12,12.000000,0.865941
cate2-00002,cate2,4,26,13,0.726562,0.419922,0.062500,0.210938,13,13.000000,0.831398
cate2-00002,cate2,4,27,14,0.779297,0.400391,0.050781,0.222656,14,14.000000,0.893232
cate2-00002,cate2,4,28,15,0.826172,0.389648,0.054688,0.193359,15,15.000000,0.913625
cate2-00002,cate2,4,31,16,0.539062,0.608398,0.039062,0.158203,17,16.000000,0.834454
cate2-00002,cate2,4,32,17,0.567383,0.622070,0.044922,0.185547,18,17.000000,0.926624
cate2-00002,cate2,4,33,18,0.610352,0.637695,0.056641,0.244141,19,18.000000,0.933940
cate2-00002,cate2,4,34,19,0.637695,0.623047,0.041016,0.207031,19,19.000000,0.825610
cate2-00002,cate2,4,35,20,0.676758,0.636719,0.052734,0.238281,20,20.000000,0.876766
cate2-00002,cate2,4,36,21,0.726562,0.621094,0.074219,0.171875,22,21.000000,0.941653
cate2-00002,cate2,4,37,22,0.776367,0.599609,0.068359,0.179688,22,22.000000,0.919259
cate2-00002,cate2,4,38,23,0.833984,0.557617,0.082031,0.169922,23,23.000000,0.897714
cate2-00002,cate2,4,41,24,0.509766,0.603516,0.042969,0.160156,16,24.000000,0.828055
cate2-00002,cate2,4,42,25,0.479492,0.604492,0.044922,0.158203,25,25.000000,0.794701
cate2-00002,cate2,4,43,26,0.439453,0.666016,0.054688,0.281250,26,26.000000,0.948579
cate2-00002,cate2,4,44,27,0.398438,0.619141,0.050781,0.199219,27,27.000000,0.913603
cate2-00002,cate2,4,45,28,0.354492,0.632812,0.056641,0.214844,28,28.000000,0.858741
cate2-00002,cate2,4,46,29,0.297852,0.627930,0.091797,0.232422,29,29.000000,0.892642
cate2-00002,cate2,4,47,30,0.232422,0.610352,0.082031,0.205078,30,30.000000,0.949936
cate2-00002,cate2,4,48,31,0.159180,0.559570,0.087891,0.189453,31,31.000000,0.964178
cate2-00003,cate2,1,11,0,0.498047,0.453125,0.042969,0.218750,0,0.000000,0.857021
cate2-00003,cate2,1,12,1,0.462891,0.465820,0.042969,0.212891,1,1.000000,0.852233
cate2-00003,cate2,1,13,2,0.419922,0.454102,0.054688,0.208984,2,2.000000,0.845259
cate2-00003,cate2,1,14,3,0.391602,0.466797,0.052734,0.214844,3,3.000000,0.856270
cate2-00003,cate2,1,15,4,0.345703,0.464844,0.054688,0.203125,4,4.000000,0.867589
cate2-00003,cate2,1,16,5,0.291016,0.458008,0.070312,0.201172,5,5.000000,0.898677
cate2-00003,cate2,1,17,6,0.226562,0.447266,0.078125,0.187500,6,6.000000,0.932498
cate2-00003,cate2,1,18,7,0.194336,0.370117,0.060547,0.130859,7,7.000000,0.930623
cate2-00003,cate2,1,21,8,0.543945,0.456055,0.048828,0.224609,9,8.000000,0.824384
cate2-00003,cate2,1,22,9,0.578125,0.468750,0.039062,0.222656,9,9.000000,0.883002
cate2-00003,cate2,1,23,10,0.615234,0.439453,0.046875,0.257812,10,10.000000,0.875002
cate2-00003,cate2,1,24,11,0.646484,0.470703,0.046875,0.210938,11,11.000000,0.884439
cate2-00003,cate2,1,25,12,0.688477,0.468750,0.044922,0.203125,12,12.000000,0.876033
cate2-00003,cate2,1,26,13,0.734375,0.462891,0.058594,0.199219,13,13.000000,0.932208
cate2-00003,cate2,1,27,14,0.791016,0.446289,0.066406,0.181641,14,14.000000,0.945811
cate2-00003,cate2,1,28,15,0.820312,0.370117,0.062500,0.119141,15,15.000000,0.891232
cate2-00003,cate2,1,31,16,0.528320,0.674805,0.033203,0.177734,16,16.000000,0.797606
cate2-00003,cate2,1,32,17,0.557617,0.689453,0.033203,0.195312,17,17.000000,0.859107
cate2-00003,cate2,1,33,18,0.598633,0.712891,0.037109,0.257812,18,18.000000,0.904831
cate2-00003,cate2,1,34,19,0.637695,0.702148,0.041016,0.208984,19,19.000000,0.895280
cate2-00003,cate2,1,35,20,0.680664,0.703125,0.048828,0.210938,20,20.000000,0.922835
cate2-00003,cate2,1,36,21,0.737305,0.686523,0.087891,0.208984,21,21.000000,0.941940
cate2-00003,cate2,1,37,22,0.795898,0.632812,0.080078,0.179688,22,22.000000,0.918859
cate2-00003,cate2,1,38,23,0.842773,0.600586,0.060547,0.119141,23,23.000000,0.924573
cate2-00003,cate2,1,41,24,0.496094,0.670898,0.031250,0.173828,24,24.000000,0.880773
cate2-00003,cate2,1,42,25,0.464844,0.671875,0.035156,0.167969,25,25.000000,0.889026
cate2-00003,cate2,1,43,26,0.420898,0.698242,0.056641,0.216797,26,26.000000,0.901917
cate2-00003,cate2,1,44,27,0.379883,0.699219,0.041016,0.203125,27,27.000000,0.866023
cate2-00003,cate2,1,45,28,0.332031,0.701172,0.070312,0.218750,28,28.000000,0.842700
cate2-00003,cate2,1,46,29,0.268555,0.687500,0.103516,0.222656,30,29.000000,0.926020
cate2-00003,cate2,1,47,30,0.201172,0.631836,0.089844,0.189453,30,30.000000,0.920445
cate2-00003,cate2,1,48,31,0.152344,0.604492,0.082031,0.138672,31,31.000000,0.894735
cate2-00004,cate2,0,12,1,0.458008,0.453125,0.037109,0.195312,1,1.000000,0.919390
cate2-00004,cate2,0,13,2,0.418945,0.426758,0.048828,0.255859,2,2.000000,0.820432
cate2-00004,cate2,0,14,3,0.383789,0.437500,0.052734,0.218750,3,3.000000,0.899080
cate2-00004,cate2,0,15,4,0.343750,0.463867,0.050781,0.173828,4,4.000000,0.895471
cate2-00004,cate2,0,16,5,0.293945,0.459961,0.068359,0.181641,5,5.000000,0.895363
cate2-00004,cate2,0,17,6,0.230469,0.442383,0.062500,0.208984,6,6.000000,0.929839
cate2-00004,cate2,0,18,7,0.181641,0.398438,0.066406,0.148438,7,7.000000,0.934983
cate2-00004,cate2,0,21,8,0.496094,0.437500,0.050781,0.230469,0,0.000000,0.918805
cate2-00004,cate2,0,22,9,0.541016,0.426758,0.054688,0.251953,8,8.000000,0.806451
cate2-00004,cate2,0,23,10,0.579102,0.422852,0.052734,0.240234,9,9.000000,0.888756
cate2-00004,cate2,0,24,11,0.627930,0.416016,0.048828,0.242188,10,10.000000,0.584372
cate2-00004,cate2,0,25,12,0.669922,0.418945,0.050781,0.208984,12,12.000000,0.897356
cate2-00004,cate2,0,26,13,0.720703,0.432617,0.074219,0.189453,14,13.000000,0.914996
cate2-00004,cate2,0,27,14,0.781250,0.408203,0.058594,0.195312,14,14.000000,0.931734
cate2-00004,cate2,0,28,15,0.827148,0.376953,0.072266,0.199219,14,15.000000,0.894437
cate2-00004,cate2,0,31,16,0.510742,0.648438,0.033203,0.152344,16,16.000000,0.850208
cate2-00004,cate2,0,32,17,0.541016,0.655273,0.035156,0.169922,17,17.000000,0.917414
cate2-00004,cate2,0,33,18,0.584961,0.691406,0.056641,0.246094,18,18.000000,0.868326
cate2-00004,cate2,0,34,19,0.615234,0.669922,0.066406,0.222656,19,19.000000,0.897427
cate2-00004,cate2,0,35,20,0.654297,0.659180,0.054688,0.244141,20,20.000000,0.917117
cate2-00004,cate2,0,36,21,0.717773,0.649414,0.099609,0.232422,21,21.000000,0.887948
cate2-00004,cate2,0,37,22,0.791016,0.616211,0.097656,0.212891,22,22.000000,0.951958
cate2-00004,cate2,0,38,23,0.854492,0.582031,0.095703,0.160156,23,23.000000,0.933882
cate2-00004,cate2,0,41,24,0.488281,0.663086,0.039062,0.177734,25,24.000000,0.844149
cate2-00004,cate2,0,42,25,0.460938,0.668945,0.046875,0.193359,25,25.000000,0.874181
cate2-00004,cate2,0,43,26,0.424805,0.689453,0.044922,0.238281,26,26.000000,0.842114
cate2-00004,cate2,0,44,27,0.384766,0.673828,0.058594,0.222656,27,27.000000,0.907818
cate2-00004,cate2,0,45,28,0.343750,0.654297,0.054688,0.183594,28,28.000000,0.913900
cate2-00004,cate2,0,46,29,0.284180,0.663086,0.095703,0.228516,29,29.000000,0.957632
cate2-00004,cate2,0,47,30,0.198242,0.632812,0.111328,0.207031,30,30.000000,0.913895
cate2-00004,cate2,0,48,31,0.136719,0.605469,0.082031,0.164062,31,31.000000,0.942496
cate2-00005,cate2,2,11,0,0.470703,0.445312,0.042969,0.242188,0,0.000000,0.884179
cate2-00005,cate2,2,12,1,0.434570,0.445312,0.041016,0.214844,2,1.000000,0.852278
cate2-00005,cate2,2,13,2,0.387695,0.438477,0.056641,0.244141,3,2.000000,0.891403
cate2-00005,cate2,2,14,3,0.355469,0.434570,0.054688,0.232422,3,3.000000,0.902255
cate2-00005,cate2,2,15,4,0.309570,0.426758,0.044922,0.240234,4,4.000000,0.877558
cate2-00005,cate2,2,16,5,0.260742,0.431641,0.060547,0.187500,6,5.000000,0.907163
cate2-00005,cate2,2,17,6,0.212891,0.408203,0.070312,0.191406,6,6.000000,0.951456
cate2-00005,cate2,2,18,7,0.184570,0.314453,0.060547,0.136719,7,7.000000,0.909211
cate2-00005,cate2,2,21,8,0.512695,0.427734,0.048828,0.273438,0,8.000000,0.837742
cate2-00005,cate2,2,22,9,0.549805,0.449219,0.044922,0.207031,8,9.000000,0.834562
cate2-00005,cate2,2,23,10,0.592773,0.415039,0.052734,0.283203,10,10.000000,0.898136
cate2-00005,cate2,2,24,11,0.633789,0.437500,0.056641,0.226562,11,11.000000,0.797723
cate2-00005,cate2,2,25,12,0.677734,0.412109,0.046875,0.257812,12,12.000000,0.918813
cate2-00005,cate2,2,26,13,0.731445,0.433594,0.064453,0.191406,13,13.000000,0.917920
cate2-00005,cate2,2,27,14,0.785156,0.413086,0.074219,0.177734,14,14.000000,0.943190
cate2-00005,cate2,2,28,15,0.816406,0.315430,0.066406,0.138672,15,15.000000,0.909876
cate2-00005,cate2,2,31,16,0.512695,0.666016,0.044922,0.210938,25,16.000000,0.744487
cate2-00005,cate2,2,32,17,0.537109,0.691406,0.035156,0.222656,17,17.000000,0.875764
cate2-00005,cate2,2,33,18,0.573242,0.704102,0.044922,0.248047,18,18.000000,0.870361
cate2-00005,cate2,2,34,19,0.612305,0.678711,0.056641,0.220703,19,19.000000,0.885144
cate2-00005,cate2,2,35,20,0.658203,0.680664,0.062500,0.232422,20,20.000000,0.921939
cate2-00005,cate2,2,36,21,0.714844,0.661133,0.089844,0.216797,21,21.000000,0.934447
cate2-00005,cate2,2,37,22,0.786133,0.630859,0.083984,0.210938,22,22.000000,0.936543
cate2-00005,cate2,2,38,23,0.852539,0.601562,0.087891,0.156250,23,23.000000,0.932125
cate2-00005,cate2,2,41,24,0.486328,0.687500,0.031250,0.199219,24,24.000000,0.786399
cate2-00005,cate2,2,42,25,0.463867,0.679688,0.033203,0.222656,25,25.000000,0.834112
cate2-00005,cate2,2,43,26,0.429688,0.698242,0.042969,0.259766,26,26.000000,0.904727
cate2-00005,cate2,2,44,27,0.387695,0.687500,0.048828,0.238281,27,27.000000,0.926617
cate2-00005,cate2,2,45,28,0.337891,0.677734,0.070312,0.226562,28,28.000000,0.931039
cate2-00005,cate2,2,46,29,0.282227,0.661133,0.091797,0.208984,29,29.000000,0.947623
cate2-00005,cate2,2,47,30,0.217773,0.631836,0.083984,0.208984,30,30.000000,0.926968
cate2-00005,cate2,2,48,31,0.151367,0.583984,0.091797,0.140625,31,31.000000,0.933462
cate2-00006,cate2,0,11,0,0.466797,0.436523,0.042969,0.248047,0,0.000000,0.823217
cate2-00006,cate2,0,12,1,0.424805,0.440430,0.033203,0.220703,2,1.000000,0.873066
cate2-00006,cate2,0,13,2,0.385742,0.423828,0.044922,0.246094,3,2.000000,0.815779
cate2-00006,cate2,0,14,3,0.349609,0.429688,0.054688,0.238281,4,3.000000,0.838551
cate2-00006,cate2,0,15,4,0.307617,0.458008,0.044922,0.166016,4,4.000000,0.936379
cate2-00006,cate2,0,16,5,0.254883,0.450195,0.068359,0.169922,6,5.000000,0.877879
cate2-00006,cate2,0,17,6,0.191406,0.413086,0.062500,0.205078,7,6.000000,0.844820
cate2-00006,cate2,0,18,7,0.147461,0.376953,0.083984,0.144531,7,7.000000,0.883024
cate2-00006,cate2,0,21,8,0.513672,0.427734,0.050781,0.257812,8,8.000000,0.824863
cate2-00006,cate2,0,22,9,0.554688,0.445312,0.035156,0.199219,9,9.000000,0.856393
cate2-00006,cate2,0,23,10,0.595703,0.419922,0.046875,0.257812,10,10.000000,0.904498
cate2-00006,cate2,0,24,11,0.635742,0.447266,0.056641,0.203125,11,11.000000,0.877178
cate2-00006,cate2,0,25,12,0.674805,0.448242,0.048828,0.185547,12,12.000000,0.938698
cate2-00006,cate2,0,26,13,0.730469,0.446289,0.066406,0.166016,13,13.000000,0.938636
cate2-00006,cate2,0,27,14,0.790039,0.427734,0.060547,0.164062,14,14.000000,0.883942
cate2-00006,cate2,0,28,15,0.832031,0.370117,0.089844,0.154297,23,15.000000,0.876436
cate2-00006,cate2,0,31,16,0.513672,0.642578,0.035156,0.183594,24,16.000000,0.922363
cate2-00006,cate2,0,32,17,0.546875,0.661133,0.035156,0.177734,17,17.000000,0.907955
cate2-00006,cate2,0,33,18,0.578125,0.672852,0.039062,0.205078,18,18.000000,0.856258
cate2-00006,cate2,0,34,19,0.614258,0.668945,0.044922,0.205078,19,19.000000,0.894042
cate2-00006,cate2,0,35,20,0.663086,0.661133,0.068359,0.205078,20,20.000000,0.896129
cate2-00006,cate2,0,36,21,0.717773,0.646484,0.083984,0.207031,21,21.000000,0.940653
cate2-00006,cate2,0,37,22,0.784180,0.614258,0.095703,0.193359,22,22.000000,0.948534
cate2-00006,cate2,0,38,23,0.847656,0.601562,0.085938,0.136719,23,23.000000,0.932488
cate2-00006,cate2,0,41,24,0.486328,0.645508,0.031250,0.177734,24,24.000000,0.856730
cate2-00006,cate2,0,42,25,0.458984,0.666992,0.039062,0.189453,25,25.000000,0.880719
cate2-00006,cate2,0,43,26,0.420898,0.673828,0.041016,0.199219,26,26.000000,0.862558
cate2-00006,cate2,0,44,27,0.381836,0.674805,0.048828,0.205078,27,27.000000,0.895252
cate2-00006,cate2,0,45,28,0.341797,0.672852,0.066406,0.212891,28,28.000000,0.905178
cate2-00006,cate2,0,46,29,0.282227,0.661133,0.087891,0.212891,29,29.000000,0.946345
cate2-00006,cate2,0,47,30,0.211914,0.628906,0.095703,0.203125,30,30.000000,0.937381
cate2-00006,cate2,0,48,31,0.139648,0.620117,0.091797,0.154297,31,31.000000,0.953791
cate2-00007,cate2,3,11,0,0.486328,0.443359,0.039062,0.250000,0,0.000000,0.868640
cate2-00007,cate2,3,12,1,0.455078,0.453125,0.035156,0.207031,1,1.000000,0.915018
cate2-00007,cate2,3,13,2,0.424805,0.430664,0.044922,0.244141,2,2.000000,0.885750
cate2-00007,cate2,3,14,3,0.394531,0.430664,0.058594,0.216797,3,3.000000,0.860546
cate2-00007,cate2,3,15,4,0.351562,0.415039,0.050781,0.205078,4,4.000000,0.960439
cate2-00007,cate2,3,16,5,0.304688,0.402344,0.062500,0.195312,5,5.000000,0.935485
cate2-00007,cate2,3,17,6,0.255859,0.382812,0.070312,0.175781,6,6.000000,0.949517
cate2-00007,cate2,3,18,7,0.233398,0.332031,0.095703,0.156250,7,7.000000,0.823760
cate2-00007,cate2,3,21,8,0.524414,0.441406,0.037109,0.257812,8,8.000000,0.900868
cate2-00007,cate2,3,22,9,0.555664,0.447266,0.033203,0.207031,9,9.000000,0.798666
cate2-00007,cate2,3,23,10,0.586914,0.424805,0.041016,0.255859,9,10.000000,0.857529
cate2-00007,cate2,3,24,11,0.620117,0.423828,0.048828,0.222656,11,11.000000,0.920956
cate2-00007,cate2,3,25,12,0.657227,0.412109,0.044922,0.214844,12,12.000000,0.896406
cate2-00007,cate2,3,26,13,0.704102,0.393555,0.060547,0.205078,13,13.000000,0.890572
cate2-00007,cate2,3,27,14,0.753906,0.391602,0.058594,0.162109,14,14.000000,0.865787
cate2-00007,cate2,3,28,15,0.791016,0.372070,0.074219,0.115234,15,15.000000,0.903507
cate2-00007,cate2,3,31,16,0.514648,0.658203,0.029297,0.148438,16,16.000000,0.812724
cate2-00007,cate2,3,32,17,0.540039,0.666016,0.041016,0.160156,17,17.000000,0.838022
cate2-00007,cate2,3,33,18,0.577148,0.672852,0.056641,0.189453,18,18.000000,0.929781
cate2-00007,cate2,3,34,19,0.612305,0.656250,0.068359,0.191406,19,19.000000,0.880067
cate2-00007,cate2,3,35,20,0.652344,0.637695,0.085938,0.189453,20,20.000000,0.924651
cate2-00007,cate2,3,36,21,0.702148,0.615234,0.103516,0.214844,21,21.000000,0.952467
cate2-00007,cate2,3,37,22,0.753906,0.570312,0.097656,0.195312,22,22.000000,0.930025
cate2-00007,cate2,3,38,23,0.800781,0.541016,0.074219,0.183594,22,23.000000,0.903720
cate2-00007,cate2,3,41,24,0.487305,0.662109,0.025391,0.144531,24,24.000000,0.846267
cate2-00007,cate2,3,42,25,0.459961,0.657227,0.029297,0.142578,25,25.000000,0.842861
cate2-00007,cate2,3,43,26,0.417969,0.668945,0.058594,0.185547,27,26.000000,0.949144
cate2-00007,cate2,3,44,27,0.389648,0.651367,0.064453,0.189453,27,27.000000,0.901748
cate2-00007,cate2,3,45,28,0.348633,0.634766,0.083984,0.203125,28,28.000000,0.903181
cate2-00007,cate2,3,46,29,0.300781,0.603516,0.101562,0.203125,29,29.000000,0.951276
cate2-00007,cate2,3,47,30,0.250977,0.555664,0.091797,0.177734,30,30.000000,0.924130
cate2-00007,cate2,3,48,31,0.199219,0.520508,0.074219,0.177734,31,31.000000,0.923874
cate2-00008,cate2,2,11,0,0.477539,0.425781,0.048828,0.242188,0,0.000000,0.887901
cate2-00008,cate2,2,12,1,0.438477,0.440430,0.037109,0.181641,1,1.000000,0.871309
cate2-00008,cate2,2,13,2,0.405273,0.411133,0.033203,0.224609,3,2.000000,0.855426
cate2-00008,cate2,2,14,3,0.381836,0.409180,0.033203,0.220703,3,3.000000,0.818704
cate2-00008,cate2,2,15,4,0.353516,0.410156,0.046875,0.203125,3,4.000000,0.904391
cate2-00008,cate2,2,16,5,0.302734,0.414062,0.058594,0.183594,5,5.000000,0.922825
cate2-00008,cate2,2,17,6,0.250977,0.388672,0.056641,0.187500,6,6.000000,0.944726
cate2-00008,cate2,2,18,7,0.219727,0.292969,0.056641,0.097656,7,7.000000,0.929194
cate2-00008,cate2,2,21,8,0.512695,0.433594,0.044922,0.226562,8,8.000000,0.904609
cate2-00008,cate2,2,22,9,0.546875,0.433594,0.035156,0.195312,9,9.000000,0.911072
cate2-00008,cate2,2,23,10,0.580078,0.395508,0.046875,0.267578,10,10.000000,0.871492
cate2-00008,cate2,2,24,11,0.617188,0.406250,0.035156,0.222656,10,11.000000,0.802758
cate2-00008,cate2,2,25,12,0.650391,0.406250,0.046875,0.210938,11,12.000000,0.884554
cate2-00008,cate2,2,26,13,0.695312,0.396484,0.058594,0.195312,13,13.000000,0.913022
cate2-00008,cate2,2,27,14,0.747070,0.405273,0.056641,0.130859,15,14.000000,0.941120
cate2-00008,cate2,2,28,15,0.784180,0.294922,0.048828,0.101562,15,15.000000,0.946853
cate2-00008,cate2,2,31,16,0.514648,0.660156,0.029297,0.175781,16,16.000000,0.818264
cate2-00008,cate2,2,32,17,0.539062,0.653320,0.027344,0.193359,17,17.000000,0.826683
cate2-00008,cate2,2,33,18,0.569336,0.678711,0.033203,0.259766,18,18.000000,0.790518
cate2-00008,cate2,2,34,19,0.598633,0.667969,0.037109,0.242188,18,19.000000,0.651126
cate2-00008,cate2,2,35,20,0.619141,0.666016,0.054688,0.226562,19,20.000000,0.803533
cate2-00008,cate2,2,36,21,0.678711,0.625000,0.099609,0.218750,21,21.000000,0.944979
cate2-00008,cate2,2,37,22,0.735352,0.597656,0.095703,0.210938,22,22.000000,0.945378
cate2-00008,cate2,2,38,23,0.798828,0.557617,0.097656,0.146484,23,23.000000,0.930840
cate2-00008,cate2,2,41,24,0.497070,0.659180,0.029297,0.177734,24,24.000000,0.712797
cate2-00008,cate2,2,42,25,0.473633,0.661133,0.029297,0.189453,25,25.000000,0.767882
cate2-00008,cate2,2,43,26,0.443359,0.682617,0.035156,0.263672,26,26.000000,0.831342
cate2-00008,cate2,2,44,27,0.408203,0.657227,0.039062,0.193359,26,27.000000,0.821180
cate2-00008,cate2,2,45,28,0.379883,0.662109,0.056641,0.234375,28,28.000000,0.771100
cate2-00008,cate2,2,46,29,0.322266,0.637695,0.093750,0.220703,29,29.000000,0.912512
cate2-00008,cate2,2,47,30,0.265625,0.615234,0.089844,0.210938,29,30.000000,0.898901
cate2-00008,cate2,2,48,31,0.201172,0.584961,0.089844,0.150391,31,31.000000,0.948206
cate2-00009,cate2,4,11,0,0.502930,0.397461,0.041016,0.228516,0,0.000000,0.892068
cate2-00009,cate2,4,12,1,0.468750,0.386719,0.035156,0.210938,1,1.000000,0.926648
cate2-00009,cate2,4,13,2,0.437500,0.383789,0.035156,0.212891,1,2.000000,0.867126
cate2-00009,cate2,4,14,3,0.408203,0.373047,0.027344,0.207031,1,3.000000,0.677075
cate2-00009,cate2,4,15,4,0.387695,0.356445,0.052734,0.236328,3,,
cate2-00009,cate2,4,16,5,0.337891,0.356445,0.066406,0.193359,5,5.000000,0.894290
cate2-00009,cate2,4,17,6,0.286133,0.334961,0.064453,0.189453,5,6.000000,0.879874
cate2-00009,cate2,4,18,7,0.246094,0.240234,0.058594,0.195312,6,7.000000,0.909849
cate2-00009,cate2,4,21,8,0.538086,0.401367,0.033203,0.216797,9,8.000000,0.890801
cate2-00009,cate2,4,22,9,0.570312,0.395508,0.035156,0.201172,9,9.000000,0.859153
cate2-00009,cate2,4,23,10,0.600586,0.364258,0.037109,0.240234,10,10.000000,0.884409
cate2-00009,cate2,4,24,11,0.625977,0.386719,0.029297,0.187500,11,11.000000,0.783163
cate2-00009,cate2,4,25,12,0.657227,0.367188,0.033203,0.187500,12,12.000000,0.831468
cate2-00009,cate2,4,26,13,0.694336,0.353516,0.056641,0.179688,13,13.000000,0.949466
cate2-00009,cate2,4,27,14,0.742188,0.336914,0.058594,0.162109,14,14.000000,0.960623
cate2-00009,cate2,4,28,15,0.775391,0.282227,0.054688,0.126953,15,15.000000,0.889382
cate2-00009,cate2,4,31,16,0.523438,0.630859,0.027344,0.164062,16,16.000000,0.857981
cate2-00009,cate2,4,32,17,0.543945,0.621094,0.025391,0.144531,17,17.000000,0.904354
cate2-00009,cate2,4,33,18,0.572266,0.654297,0.042969,0.238281,18,18.000000,0.900698
cate2-00009,cate2,4,34,19,0.605469,0.639648,0.046875,0.208984,19,19.000000,0.906597
cate2-00009,cate2,4,35,20,0.630859,0.619141,0.062500,0.187500,19,20.000000,0.865819
cate2-00009,cate2,4,36,21,0.687500,0.591797,0.101562,0.199219,21,21.000000,0.961243
cate2-00009,cate2,4,37,22,0.740234,0.555664,0.093750,0.193359,22,22.000000,0.958704
cate2-00009,cate2,4,38,23,0.791016,0.521484,0.082031,0.164062,22,23.000000,0.886919
cate2-00009,cate2,4,41,24,0.504883,0.625000,0.029297,0.191406,16,24.000000,0.698369
cate2-00009,cate2,4,42,25,0.485352,0.633789,0.025391,0.169922,24,25.000000,0.758690
cate2-00009,cate2,4,43,26,0.459961,0.647461,0.037109,0.224609,25,26.000000,0.843783
cate2-00009,cate2,4,44,27,0.437500,0.632812,0.050781,0.199219,26,27.000000,0.814389
cate2-00009,cate2,4,45,28,0.396484,0.639648,0.089844,0.220703,28,28.000000,0.872895
cate2-00009,cate2,4,46,29,0.346680,0.598633,0.134766,0.201172,28,29.000000,0.894803
cate2-00009,cate2,4,47,30,0.279297,0.552734,0.117188,0.187500,30,30.000000,0.946728
cate2-00009,cate2,4,48,31,0.221680,0.525391,0.095703,0.136719,31,31.000000,0.952213
cate2-00010,cate2,2,11,0,0.482422,0.396484,0.039062,0.246094,0,0.000000,0.912065
cate2-00010,cate2,2,12,1,0.444336,0.401367,0.033203,0.216797,1,1.000000,0.834277
cate2-00010,cate2,2,13,2,0.410156,0.387695,0.039062,0.240234,2,2.000000,0.863056
cate2-00010,cate2,2,14,3,0.375977,0.398438,0.048828,0.207031,3,3.000000,0.919886
cate2-00010,cate2,2,15,4,0.340820,0.385742,0.044922,0.193359,4,4.000000,0.874522
cate2-00010,cate2,2,16,5,0.296875,0.360352,0.058594,0.181641,6,5.000000,0.787746
cate2-00010,cate2,2,17,6,0.244141,0.326172,0.058594,0.195312,7,6.000000,0.949207
cate2-00010,cate2,2,18,7,0.196289,0.271484,0.060547,0.164062,7,7.000000,0.937465
cate2-00010,cate2,2,21,8,0.521484,0.407227,0.039062,0.224609,8,8.000000,0.898310
cate2-00010,cate2,2,22,9,0.562500,0.397461,0.039062,0.224609,9,9.000000,0.837640
cate2-00010,cate2,2,23,10,0.598633,0.391602,0.041016,0.224609,10,10.000000,0.903639
cate2-00010,cate2,2,24,11,0.629883,0.394531,0.052734,0.210938,11,11.000000,0.877090
cate2-00010,cate2,2,25,12,0.668945,0.383789,0.052734,0.205078,12,12.000000,0.913723
cate2-00010,cate2,2,26,13,0.720703,0.385742,0.062500,0.173828,13,13.000000,0.935057
cate2-00010,cate2,2,27,14,0.778320,0.348633,0.060547,0.197266,14,14.000000,0.913459
cate2-00010,cate2,2,28,15,0.827148,0.325195,0.064453,0.154297,15,15.000000,0.940464
cate2-00010,cate2,2,31,16,0.510742,0.618164,0.029297,0.169922,16,16.000000,0.857607
cate2-00010,cate2,2,32,17,0.539062,0.627930,0.031250,0.189453,17,17.000000,0.874569
cate2-00010,cate2,2,33,18,0.571289,0.638672,0.037109,0.187500,18,18.000000,0.923170
cate2-00010,cate2,2,34,19,0.605469,0.629883,0.046875,0.162109,19,19.000000,0.895826
cate2-00010,cate2,2,35,20,0.651367,0.625000,0.064453,0.210938,20,20.000000,0.897459
cate2-00010,cate2,2,36,21,0.709961,0.603516,0.095703,0.203125,21,21.000000,0.945786
cate2-00010,cate2,2,37,22,0.781250,0.566406,0.105469,0.191406,22,22.000000,0.945291
cate2-00010,cate2,2,38,23,0.843750,0.540039,0.085938,0.150391,23,23.000000,0.933136
cate2-00010,cate2,2,41,24,0.481445,0.613281,0.037109,0.152344,24,24.000000,0.863689
cate2-00010,cate2,2,42,25,0.459961,0.610352,0.033203,0.158203,25,25.000000,0.851057
cate2-00010,cate2,2,43,26,0.426758,0.620117,0.044922,0.208984,26,26.000000,0.861069
cate2-00010,cate2,2,44,27,0.390625,0.611328,0.070312,0.199219,27,27.000000,0.918121
cate2-00010,cate2,2,45,28,0.348633,0.601562,0.072266,0.167969,28,28.000000,0.928761
cate2-00010,cate2,2,46,29,0.302734,0.583984,0.093750,0.218750,29,29.000000,0.932637
cate2-00010,cate2,2,47,30,0.241211,0.546875,0.095703,0.199219,30,30.000000,0.912511
cate2-00010,cate2,2,48,31,0.175781,0.516602,0.093750,0.154297,31,31.000000,0.960091
cate2-00011,cate2,2,11,0,0.487305,0.475586,0.037109,0.208984,0,0.000000,0.930628
cate2-00011,cate2,2,12,1,0.458984,0.473633,0.031250,0.197266,1,1.000000,0.868171
cate2-00011,cate2,2,13,2,0.418945,0.455078,0.041016,0.238281,2,2.000000,0.891046
cate2-00011,cate2,2,14,3,0.388672,0.452148,0.054688,0.208984,3,3.000000,0.879191
cate2-00011,cate2,2,15,4,0.350586,0.436523,0.048828,0.224609,4,4.000000,0.878841
cate2-00011,cate2,2,16,5,0.296875,0.442383,0.070312,0.185547,5,5.000000,0.940931
cate2-00011,cate2,2,17,6,0.245117,0.414062,0.068359,0.175781,6,6.000000,0.936135
cate2-00011,cate2,2,18,7,0.209961,0.364258,0.060547,0.142578,7,7.000000,0.918923
cate2-00011,cate2,2,21,8,0.521484,0.477539,0.046875,0.208984,8,8.000000,0.934480
cate2-00011,cate2,2,22,9,0.557617,0.485352,0.037109,0.177734,9,9.000000,0.888003
cate2-00011,cate2,2,23,10,0.595703,0.468750,0.042969,0.222656,9,10.000000,0.892885
cate2-00011,cate2,2,24,11,0.628906,0.455078,0.050781,0.226562,11,11.000000,0.809598
cate2-00011,cate2,2,25,12,0.667969,0.455078,0.046875,0.210938,12,12.000000,0.899566
cate2-00011,cate2,2,26,13,0.723633,0.448242,0.064453,0.193359,13,13.000000,0.945115
cate2-00011,cate2,2,27,14,0.779297,0.415039,0.062500,0.228516,14,14.000000,0.928819
cate2-00011,cate2,2,28,15,0.801758,0.292969,0.076172,0.199219,14,15.000000,0.872235
cate2-00011,cate2,2,31,16,0.516602,0.686523,0.025391,0.166016,16,16.000000,0.597614
cate2-00011,cate2,2,32,17,0.541992,0.686523,0.029297,0.158203,17,17.000000,0.761764
cate2-00011,cate2,2,33,18,0.569336,0.719727,0.037109,0.232422,18,18.000000,0.921742
cate2-00011,cate2,2,34,19,0.598633,0.709961,0.044922,0.228516,18,19.000000,0.876542
cate2-00011,cate2,2,35,20,0.642578,0.712891,0.054688,0.234375,20,20.000000,0.919298
cate2-00011,cate2,2,36,21,0.706055,0.681641,0.111328,0.226562,21,21.000000,0.945682
cate2-00011,cate2,2,37,22,0.772461,0.635742,0.115234,0.189453,22,22.000000,0.935812
cate2-00011,cate2,2,38,23,0.828125,0.591797,0.082031,0.109375,23,23.000000,0.924872
cate2-00011,cate2,2,41,24,0.492188,0.685547,0.023438,0.179688,24,24.000000,0.719738
cate2-00011,cate2,2,42,25,0.466797,0.671875,0.031250,0.156250,25,25.000000,0.887905
cate2-00011,cate2,2,43,26,0.434570,0.716797,0.048828,0.214844,26,26.000000,0.879417
cate2-00011,cate2,2,44,27,0.402344,0.701172,0.054688,0.214844,27,27.000000,0.938552
cate2-00011,cate2,2,45,28,0.366211,0.701172,0.072266,0.230469,28,28.000000,0.886525
cate2-00011,cate2,2,46,29,0.313477,0.673828,0.111328,0.230469,29,29.000000,0.909125
cate2-00011,cate2,2,47,30,0.245117,0.627930,0.111328,0.189453,30,30.000000,0.935146
cate2-00011,cate2,2,48,31,0.196289,0.582031,0.068359,0.109375,31,31.000000,0.927401
cate2-00012,cate2,3,11,0,0.471680,0.452148,0.044922,0.251953,0,0.000000,0.869299
cate2-00012,cate2,3,12,1,0.435547,0.460938,0.035156,0.226562,1,1.000000,0.918084
cate2-00012,cate2,3,13,2,0.403320,0.437500,0.044922,0.253906,2,2.000000,0.833148
cate2-00012,cate2,3,14,3,0.366211,0.446289,0.048828,0.208984,3,3.000000,0.908388
cate2-00012,cate2,3,15,4,0.332031,0.427734,0.042969,0.203125,4,4.000000,0.953534
cate2-00012,cate2,3,16,5,0.290039,0.419922,0.064453,0.179688,5,5.000000,0.904006
cate2-00012,cate2,3,17,6,0.242188,0.385742,0.062500,0.197266,6,6.000000,0.939542
cate2-00012,cate2,3,18,7,0.212891,0.348633,0.062500,0.154297,7,7.000000,0.919344
cate2-00012,cate2,3,21,8,0.517578,0.437500,0.046875,0.281250,8,8.000000,0.790268
cate2-00012,cate2,3,22,9,0.545898,0.457031,0.048828,0.226562,8,9.000000,0.841443
cate2-00012,cate2,3,23,10,0.584961,0.437500,0.048828,0.257812,9,10.000000,0.847033
cate2-00012,cate2,3,24,11,0.625977,0.434570,0.052734,0.240234,10,11.000000,0.922177
cate2-00012,cate2,3,25,12,0.662109,0.424805,0.058594,0.212891,12,12.000000,0.845822
cate2-00012,cate2,3,26,13,0.719727,0.427734,0.068359,0.179688,13,13.000000,0.915853
cate2-00012,cate2,3,27,14,0.774414,0.394531,0.068359,0.183594,14,14.000000,0.904617
cate2-00012,cate2,3,28,15,0.813477,0.357422,0.068359,0.152344,15,15.000000,0.923372
cate2-00012,cate2,3,31,16,0.509766,0.668945,0.027344,0.146484,24,16.000000,0.866697
cate2-00012,cate2,3,32,17,0.538086,0.681641,0.033203,0.175781,17,17.000000,0.838072
cate2-00012,cate2,3,33,18,0.571289,0.695312,0.041016,0.218750,18,18.000000,0.851741
cate2-00012,cate2,3,34,19,0.610352,0.687500,0.052734,0.210938,19,19.000000,0.920551
cate2-00012,cate2,3,35,20,0.653320,0.682617,0.072266,0.232422,20,20.000000,0.865790
cate2-00012,cate2,3,36,21,0.715820,0.660156,0.095703,0.234375,21,21.000000,0.903598
cate2-00012,cate2,3,37,22,0.791016,0.614258,0.121094,0.220703,22,22.000000,0.900444
cate2-00012,cate2,3,38,23,0.843750,0.583984,0.105469,0.210938,22,23.000000,0.913584
cate2-00012,cate2,3,41,24,0.485352,0.685547,0.025391,0.179688,24,24.000000,0.893062
cate2-00012,cate2,3,42,25,0.463867,0.678711,0.029297,0.173828,25,25.000000,0.820027
cate2-00012,cate2,3,43,26,0.429688,0.706055,0.039062,0.244141,26,26.000000,0.882216
cate2-00012,cate2,3,44,27,0.388672,0.691406,0.058594,0.222656,27,27.000000,0.872287
cate2-00012,cate2,3,45,28,0.348633,0.681641,0.068359,0.246094,28,28.000000,0.841093
cate2-00012,cate2,3,46,29,0.287109,0.661133,0.105469,0.240234,29,29.000000,0.914871
cate2-00012,cate2,3,47,30,0.239258,0.623047,0.083984,0.222656,30,30.000000,0.880796
cate2-00012,cate2,3,48,31,0.187500,0.580078,0.082031,0.199219,31,31.000000,0.840665
cate2-00013,cate2,2,11,0,0.492188,0.448242,0.046875,0.244141,0,0.000000,0.891580
cate2-00013,cate2,2,12,1,0.455078,0.442383,0.046875,0.224609,1,1.000000,0.928382
cate2-00013,cate2,2,13,2,0.414062,0.417969,0.046875,0.265625,2,2.000000,0.911285
cate2-00013,cate2,2,14,3,0.379883,0.417969,0.060547,0.218750,3,3.000000,0.878126
cate2-00013,cate2,2,15,4,0.338867,0.408203,0.052734,0.218750,4,4.000000,0.851701
cate2-00013,cate2,2,16,5,0.283203,0.415039,0.066406,0.177734,5,5.000000,0.938591
cate2-00013,cate2,2,17,6,0.234375,0.381836,0.082031,0.189453,6,6.000000,0.945543
cate2-00013,cate2,2,18,7,0.204102,0.284180,0.052734,0.173828,7,7.000000,0.935326
cate2-00013,cate2,2,21,8,0.534180,0.454102,0.044922,0.232422,8,8.000000,0.858008
cate2-00013,cate2,2,22,9,0.566406,0.448242,0.031250,0.224609,9,9.000000,0.903843
cate2-00013,cate2,2,23,10,0.601562,0.450195,0.042969,0.212891,10,10.000000,0.932856
cate2-00013,cate2,2,24,11,0.636719,0.440430,0.054688,0.201172,11,11.000000,0.904742
cate2-00013,cate2,2,25,12,0.677734,0.426758,0.046875,0.205078,12,12.000000,0.915022
cate2-00013,cate2,2,26,13,0.725586,0.421875,0.060547,0.187500,13,13.000000,0.912452
cate2-00013,cate2,2,27,14,0.776367,0.407227,0.060547,0.173828,14,14.000000,0.903170
cate2-00013,cate2,2,28,15,0.811523,0.349609,0.068359,0.179688,14,15.000000,0.907971
cate2-00013,cate2,2,31,16,0.529297,0.673828,0.046875,0.164062,16,16.000000,0.794599
cate2-00013,cate2,2,32,17,0.558594,0.681641,0.046875,0.191406,17,17.000000,0.870831
cate2-00013,cate2,2,33,18,0.595703,0.683594,0.058594,0.195312,18,18.000000,0.910465
cate2-00013,cate2,2,34,19,0.631836,0.669922,0.068359,0.203125,20,19.000000,0.902276
cate2-00013,cate2,2,35,20,0.675781,0.656250,0.089844,0.203125,21,20.000000,0.930467
cate2-00013,cate2,2,36,21,0.729492,0.642578,0.111328,0.207031,21,21.000000,0.939096
cate2-00013,cate2,2,37,22,0.788086,0.601562,0.099609,0.191406,22,22.000000,0.938953
cate2-00013,cate2,2,38,23,0.829102,0.541016,0.068359,0.148438,23,23.000000,0.907806
cate2-00013,cate2,2,41,24,0.497070,0.674805,0.029297,0.162109,24,24.000000,0.806146
cate2-00013,cate2,2,42,25,0.475586,0.669922,0.037109,0.167969,25,25.000000,0.806194
cate2-00013,cate2,2,43,26,0.439453,0.674805,0.046875,0.220703,26,26.000000,0.863874
cate2-00013,cate2,2,44,27,0.393555,0.666992,0.068359,0.224609,28,27.000000,0.894107
cate2-00013,cate2,2,45,28,0.350586,0.651367,0.087891,0.208984,28,28.000000,0.810673
cate2-00013,cate2,2,46,29,0.290039,0.634766,0.111328,0.214844,29,29.000000,0.937703
cate2-00013,cate2,2,47,30,0.221680,0.594727,0.107422,0.197266,30,30.000000,0.922287
cate2-00013,cate2,2,48,31,0.168945,0.546875,0.083984,0.156250,31,31.000000,0.946287
cate2-00014,cate2,1,11,0,0.465820,0.380859,0.037109,0.203125,1,1.000000,0.755269
cate2-00014,cate2,1,12,1,0.434570,0.367188,0.037109,0.269531,1,2.000000,0.773547
cate2-00014,cate2,1,13,2,0.408203,0.367188,0.031250,0.210938,3,,
cate2-00014,cate2,1,14,3,0.392578,0.370117,0.035156,0.251953,3,3.000000,0.745352
cate2-00014,cate2,1,15,4,0.369141,0.375000,0.054688,0.246094,3,4.000000,0.845107
cate2-00014,cate2,1,16,5,0.328125,0.368164,0.070312,0.205078,5,5.000000,0.897407
cate2-00014,cate2,1,17,6,0.262695,0.346680,0.060547,0.216797,6,6.000000,0.926678
cate2-00014,cate2,1,18,7,0.207031,0.317383,0.058594,0.173828,7,7.000000,0.921515
cate2-00014,cate2,1,21,8,0.504883,0.362305,0.041016,0.248047,0,0.000000,0.772379
cate2-00014,cate2,1,22,9,0.538086,0.372070,0.044922,0.244141,8,8.000000,0.839288
cate2-00014,cate2,1,23,10,0.575195,0.333008,0.076172,0.310547,10,10.000000,0.917506
cate2-00014,cate2,1,24,11,0.612305,0.367188,0.041016,0.226562,10,11.000000,0.734635
cate2-00014,cate2,1,25,12,0.648438,0.347656,0.042969,0.253906,11,12.000000,0.819856
cate2-00014,cate2,1,26,13,0.690430,0.349609,0.064453,0.218750,13,13.000000,0.890908
cate2-00014,cate2,1,27,14,0.748047,0.334961,0.058594,0.224609,14,14.000000,0.916426
cate2-00014,cate2,1,28,15,0.799805,0.313477,0.056641,0.189453,14,15.000000,0.927772
cate2-00014,cate2,1,31,16,0.516602,0.615234,0.025391,0.199219,16,16.000000,0.840875
cate2-00014,cate2,1,32,17,0.540039,0.624023,0.029297,0.193359,17,17.000000,0.770249
cate2-00014,cate2,1,33,18,0.574219,0.624023,0.062500,0.251953,18,18.000000,0.938345
cate2-00014,cate2,1,34,19,0.604492,0.607422,0.044922,0.203125,19,19.000000,0.908313
cate2-00014,cate2,1,35,20,0.646484,0.615234,0.058594,0.238281,20,20.000000,0.871860
cate2-00014,cate2,1,36,21,0.695312,0.581055,0.093750,0.220703,21,21.000000,0.911703
cate2-00014,cate2,1,37,22,0.759766,0.554688,0.101562,0.230469,22,22.000000,0.949718
cate2-00014,cate2,1,38,23,0.817383,0.509766,0.091797,0.203125,22,23.000000,0.905832
cate2-00014,cate2,1,41,24,0.492188,0.628906,0.031250,0.230469,24,24.000000,0.791132
cate2-00014,cate2,1,42,25,0.469727,0.608398,0.041016,0.205078,25,25.000000,0.809486
cate2-00014,cate2,1,43,26,0.433594,0.633789,0.046875,0.251953,26,26.000000,0.866804
cate2-00014,cate2,1,44,27,0.403320,0.624023,0.044922,0.220703,26,27.000000,0.823854
cate2-00014,cate2,1,45,28,0.355469,0.630859,0.093750,0.257812,28,28.000000,0.870917
cate2-00014,cate2,1,46,29,0.305664,0.590820,0.123047,0.228516,29,29.000000,0.920947
cate2-00014,cate2,1,47,30,0.240234,0.559570,0.109375,0.236328,30,30.000000,0.917748
cate2-00014,cate2,1,48,31,0.181641,0.503906,0.093750,0.207031,31,31.000000,0.948655
cate2-00015,cate2,2,11,0,0.477539,0.404297,0.041016,0.265625,0,0.000000,0.915433
cate2-00015,cate2,2,12,1,0.440430,0.396484,0.041016,0.253906,1,1.000000,0.856480
cate2-00015,cate2,2,13,2,0.403320,0.380859,0.044922,0.312500,2,2.000000,0.872520
cate2-00015,cate2,2,14,3,0.367188,0.393555,0.050781,0.259766,3,3.000000,0.896787
cate2-00015,cate2,2,15,4,0.337891,0.381836,0.039062,0.228516,4,4.000000,0.866052
cate2-00015,cate2,2,16,5,0.288086,0.382812,0.060547,0.218750,6,5.000000,0.883397
cate2-00015,cate2,2,17,6,0.238281,0.353516,0.066406,0.222656,6,6.000000,0.942967
cate2-00015,cate2,2,18,7,0.215820,0.277344,0.064453,0.152344,7,7.000000,0.844038
cate2-00015,cate2,2,21,8,0.528320,0.414062,0.041016,0.253906,8,8.000000,0.921592
cate2-00015,cate2,2,22,9,0.563477,0.403320,0.033203,0.244141,9,9.000000,0.915739
cate2-00015,cate2,2,23,10,0.603516,0.370117,0.039062,0.322266,10,10.000000,0.925265
cate2-00015,cate2,2,24,11,0.640625,0.393555,0.042969,0.251953,11,11.000000,0.887525
cate2-00015,cate2,2,25,12,0.674805,0.380859,0.041016,0.238281,12,12.000000,0.927200
cate2-00015,cate2,2,26,13,0.719727,0.376953,0.056641,0.214844,13,13.000000,0.922354
cate2-00015,cate2,2,27,14,0.775391,0.362305,0.054688,0.208984,14,14.000000,0.941587
cate2-00015,cate2,2,28,15,0.801758,0.279297,0.052734,0.136719,15,15.000000,0.903865
cate2-00015,cate2,2,31,16,0.518555,0.648438,0.025391,0.175781,16,16.000000,0.837515
cate2-00015,cate2,2,32,17,0.548828,0.652344,0.027344,0.191406,17,17.000000,0.872426
cate2-00015,cate2,2,33,18,0.585938,0.662109,0.042969,0.246094,18,18.000000,0.842568
cate2-00015,cate2,2,34,19,0.620117,0.644531,0.044922,0.222656,19,19.000000,0.923875
cate2-00015,cate2,2,35,20,0.657227,0.632812,0.052734,0.230469,20,20.000000,0.905151
cate2-00015,cate2,2,36,21,0.713867,0.617188,0.095703,0.226562,21,21.000000,0.941657
cate2-00015,cate2,2,37,22,0.767578,0.581055,0.082031,0.201172,22,22.000000,0.944840
cate2-00015,cate2,2,38,23,0.831055,0.541992,0.083984,0.181641,23,23.000000,0.946648
cate2-00015,cate2,2,41,24,0.497070,0.652344,0.025391,0.187500,24,24.000000,0.840685
cate2-00015,cate2,2,42,25,0.467773,0.660156,0.029297,0.207031,25,25.000000,0.858852
cate2-00015,cate2,2,43,26,0.436523,0.668945,0.037109,0.244141,26,26.000000,0.876013
cate2-00015,cate2,2,44,27,0.395508,0.649414,0.044922,0.216797,27,27.000000,0.875005
cate2-00015,cate2,2,45,28,0.353516,0.645508,0.054688,0.216797,28,28.000000,0.912253
cate2-00015,cate2,2,46,29,0.291016,0.627930,0.093750,0.228516,29,29.000000,0.910542
cate2-00015,cate2,2,47,30,0.233398,0.585938,0.087891,0.214844,30,30.000000,0.910155
cate2-00015,cate2,2,48,31,0.173828,0.532227,0.078125,0.177734,31,31.000000,0.937930
cate2-00016,cate2,0,11,0,0.497070,0.426758,0.041016,0.228516,0,0.000000,0.813083
cate2-00016,cate2,0,12,1,0.460938,0.412109,0.035156,0.238281,1,1.000000,0.856806
cate2-00016,cate2,0,13,2,0.425781,0.385742,0.046875,0.283203,2,2.000000,0.874796
cate2-00016,cate2,0,14,3,0.395508,0.390625,0.052734,0.242188,3,3.000000,0.889350
cate2-00016,cate2,0,15,4,0.356445,0.395508,0.044922,0.212891,4,4.000000,0.884505
cate2-00016,cate2,0,16,5,0.311523,0.402344,0.060547,0.171875,5,5.000000,0.947638
cate2-00016,cate2,0,17,6,0.263672,0.349609,0.070312,0.207031,6,6.000000,0.944525
cate2-00016,cate2,0,18,7,0.229492,0.310547,0.068359,0.160156,7,7.000000,0.926191
cate2-00016,cate2,0,21,8,0.533203,0.408203,0.039062,0.265625,8,8.000000,0.867340
cate2-00016,cate2,0,22,9,0.569336,0.405273,0.033203,0.251953,9,9.000000,0.854234
cate2-00016,cate2,0,23,10,0.605469,0.399414,0.042969,0.255859,10,10.000000,0.871981
cate2-00016,cate2,0,24,11,0.636719,0.403320,0.050781,0.212891,11,11.000000,0.826115
cate2-00016,cate2,0,25,12,0.673828,0.389648,0.042969,0.220703,12,12.000000,0.924543
cate2-00016,cate2,0,26,13,0.717773,0.382812,0.064453,0.195312,13,13.000000,0.903452
cate2-00016,cate2,0,27,14,0.770508,0.368164,0.060547,0.162109,14,14.000000,0.930232
cate2-00016,cate2,0,28,15,0.803711,0.327148,0.060547,0.126953,15,15.000000,0.901756
cate2-00016,cate2,0,31,16,0.534180,0.641602,0.021484,0.154297,16,16.000000,0.883940
cate2-00016,cate2,0,32,17,0.560547,0.650391,0.031250,0.179688,17,17.000000,0.901310
cate2-00016,cate2,0,33,18,0.599609,0.675781,0.058594,0.242188,19,18.000000,0.829568
cate2-00016,cate2,0,34,19,0.625977,0.638672,0.060547,0.203125,19,19.000000,0.914391
cate2-00016,cate2,0,35,20,0.658203,0.628906,0.058594,0.207031,20,20.000000,0.909401
cate2-00016,cate2,0,36,21,0.709961,0.608398,0.091797,0.220703,21,21.000000,0.923093
cate2-00016,cate2,0,37,22,0.770508,0.564453,0.087891,0.187500,22,22.000000,0.966231
cate2-00016,cate2,0,38,23,0.827148,0.499023,0.087891,0.173828,23,23.000000,0.894772
cate2-00016,cate2,0,41,24,0.507812,0.644531,0.027344,0.160156,16,24.000000,0.845010
cate2-00016,cate2,0,42,25,0.482422,0.645508,0.031250,0.169922,25,25.000000,0.887318
cate2-00016,cate2,0,43,26,0.450195,0.665039,0.037109,0.216797,26,26.000000,0.896420
cate2-00016,cate2,0,44,27,0.417969,0.638672,0.054688,0.203125,26,27.000000,0.885691
cate2-00016,cate2,0,45,28,0.376953,0.630859,0.066406,0.214844,28,28.000000,0.890850
cate2-00016,cate2,0,46,29,0.322266,0.613281,0.097656,0.218750,29,29.000000,0.933376
cate2-00016,cate2,0,47,30,0.260742,0.560547,0.095703,0.179688,30,30.000000,0.923770
cate2-00016,cate2,0,48,31,0.200195,0.494141,0.103516,0.171875,31,31.000000,0.918661
cate2-00017,cate2,3,11,0,0.498047,0.453125,0.039062,0.238281,0,0.000000,0.895400
cate2-00017,cate2,3,12,1,0.460938,0.460938,0.042969,0.210938,1,1.000000,0.912658
cate2-00017,cate2,3,13,2,0.419922,0.438477,0.046875,0.244141,2,2.000000,0.902958
cate2-00017,cate2,3,14,3,0.379883,0.448242,0.037109,0.208984,3,3.000000,0.824537
cate2-00017,cate2,3,15,4,0.344727,0.438477,0.037109,0.208984,4,4.000000,0.931116
cate2-00017,cate2,3,16,5,0.297852,0.450195,0.064453,0.181641,5,5.000000,0.910182
cate2-00017,cate2,3,17,6,0.238281,0.433594,0.054688,0.195312,6,6.000000,0.923781
cate2-00017,cate2,3,18,7,0.191406,0.397461,0.058594,0.193359,7,7.000000,0.910502
cate2-00017,cate2,3,21,8,0.537109,0.458984,0.042969,0.234375,8,8.000000,0.869018
cate2-00017,cate2,3,22,9,0.575195,0.477539,0.033203,0.197266,9,9.000000,0.868627
cate2-00017,cate2,3,23,10,0.613281,0.461914,0.042969,0.212891,10,10.000000,0.893410
cate2-00017,cate2,3,24,11,0.644531,0.453125,0.042969,0.207031,11,11.000000,0.956332
cate2-00017,cate2,3,25,12,0.676758,0.448242,0.044922,0.212891,12,12.000000,0.943015
cate2-00017,cate2,3,26,13,0.724609,0.448242,0.058594,0.185547,13,13.000000,0.764786
cate2-00017,cate2,3,27,14,0.765625,0.431641,0.054688,0.210938,14,14.000000,0.891392
cate2-00017,cate2,3,28,15,0.813477,0.416016,0.056641,0.203125,14,15.000000,0.905195
cate2-00017,cate2,3,31,16,0.528320,0.673828,0.037109,0.148438,16,16.000000,0.814326
cate2-00017,cate2,3,32,17,0.552734,0.668945,0.031250,0.150391,17,17.000000,0.863438
cate2-00017,cate2,3,33,18,0.587891,0.689453,0.039062,0.203125,18,18.000000,0.879191
cate2-00017,cate2,3,34,19,0.631836,0.690430,0.052734,0.197266,19,19.000000,0.910158
cate2-00017,cate2,3,35,20,0.658203,0.691406,0.058594,0.222656,20,20.000000,0.912091
cate2-00017,cate2,3,36,21,0.713867,0.675781,0.080078,0.207031,22,21.000000,0.913792
cate2-00017,cate2,3,37,22,0.775391,0.650391,0.082031,0.199219,22,22.000000,0.930234
cate2-00017,cate2,3,38,23,0.836914,0.633789,0.080078,0.177734,23,23.000000,0.902698
cate2-00017,cate2,3,41,24,0.500000,0.658203,0.031250,0.136719,24,24.000000,0.828043
cate2-00017,cate2,3,42,25,0.472656,0.660156,0.042969,0.136719,25,25.000000,0.748852
cate2-00017,cate2,3,43,26,0.436523,0.682617,0.044922,0.205078,26,26.000000,0.895566
cate2-00017,cate2,3,44,27,0.395508,0.680664,0.044922,0.205078,27,27.000000,0.926618
cate2-00017,cate2,3,45,28,0.364258,0.674805,0.052734,0.216797,28,28.000000,0.868149
cate2-00017,cate2,3,46,29,0.297852,0.660156,0.099609,0.207031,29,29.000000,0.946150
cate2-00017,cate2,3,47,30,0.231445,0.643555,0.091797,0.205078,30,30.000000,0.885029
cate2-00017,cate2,3,48,31,0.169922,0.632812,0.082031,0.179688,31,31.000000,0.900838
cate2-00018,cate2,4,11,0,0.490234,0.455078,0.039062,0.222656,0,0.000000,0.931785
cate2-00018,cate2,4,12,1,0.457031,0.440430,0.035156,0.220703,1,1.000000,0.830196
cate2-00018,cate2,4,13,2,0.427734,0.464844,0.050781,0.167969,2,2.000000,0.764894
cate2-00018,cate2,4,14,3,0.396484,0.452148,0.046875,0.185547,3,3.000000,0.780168
cate2-00018,cate2,4,15,4,0.368164,0.437500,0.044922,0.203125,3,,
cate2-00018,cate2,4,16,5,0.331055,0.431641,0.056641,0.195312,5,5.000000,0.773890
cate2-00018,cate2,4,17,6,0.279297,0.425781,0.058594,0.167969,5,6.000000,0.912342
cate2-00018,cate2,4,18,7,0.242188,0.393555,0.074219,0.162109,6,7.000000,0.922276
cate2-00018,cate2,4,21,8,0.532227,0.447266,0.041016,0.238281,8,8.000000,0.920096
cate2-00018,cate2,4,22,9,0.558594,0.447266,0.031250,0.222656,9,9.000000,0.872205
cate2-00018,cate2,4,23,10,0.588867,0.426758,0.033203,0.267578,10,10.000000,0.847200
cate2-00018,cate2,4,24,11,0.615234,0.432617,0.042969,0.232422,11,11.000000,0.703583
cate2-00018,cate2,4,25,12,0.645508,0.436523,0.041016,0.212891,11,12.000000,0.846052
cate2-00018,cate2,4,26,13,0.692383,0.432617,0.060547,0.201172,13,13.000000,0.885994
cate2-00018,cate2,4,27,14,0.739258,0.441406,0.060547,0.140625,14,14.000000,0.921520
cate2-00018,cate2,4,28,15,0.779297,0.397461,0.066406,0.169922,14,15.000000,0.905180
cate2-00018,cate2,4,31,16,0.516602,0.671875,0.029297,0.175781,16,16.000000,0.833489
cate2-00018,cate2,4,32,17,0.539062,0.699219,0.039062,0.226562,17,17.000000,0.879792
cate2-00018,cate2,4,33,18,0.570312,0.699219,0.035156,0.226562,18,18.000000,0.916198
cate2-00018,cate2,4,34,19,0.604492,0.685547,0.041016,0.214844,19,19.000000,0.903512
cate2-00018,cate2,4,35,20,0.648438,0.669922,0.050781,0.183594,20,20.000000,0.878997
cate2-00018,cate2,4,37,22,0.713867,0.647461,0.103516,0.193359,21,22.000000,0.893293
cate2-00018,cate2,4,38,23,0.766602,0.589844,0.091797,0.156250,22,23.000000,0.764170
cate2-00018,cate2,4,41,24,0.493164,0.672852,0.025391,0.185547,24,24.000000,0.810757
cate2-00018,cate2,4,42,25,0.469727,0.693359,0.029297,0.210938,25,25.000000,0.891069
cate2-00018,cate2,4,43,26,0.437500,0.684570,0.035156,0.208984,26,26.000000,0.933261
cate2-00018,cate2,4,44,27,0.407227,0.676758,0.044922,0.208984,26,27.000000,0.937957
cate2-00018,cate2,4,45,28,0.367188,0.670898,0.058594,0.197266,28,28.000000,0.901404
cate2-00018,cate2,4,46,29,0.309570,0.654297,0.087891,0.195312,29,29.000000,0.927338
cate2-00018,cate2,4,47,30,0.255859,0.605469,0.105469,0.164062,30,30.000000,0.933477
cate2-00018,cate2,4,48,31,0.211914,0.563477,0.076172,0.173828,31,31.000000,0.936559
cate2-00019,cate2,0,11,0,0.490234,0.453125,0.046875,0.238281,0,0.000000,0.849703
cate2-00019,cate2,0,12,1,0.493164,0.354492,0.091797,0.099609,0,,
cate2-00019,cate2,0,13,2,0.454102,0.464844,0.033203,0.183594,1,1.000000,0.716096
cate2-00019,cate2,0,14,3,0.416016,0.429688,0.050781,0.222656,2,3.000000,0.866562
cate2-00019,cate2,0,15,4,0.379883,0.424805,0.048828,0.212891,3,4.000000,0.892890
cate2-00019,cate2,0,16,5,0.328125,0.413086,0.074219,0.220703,5,5.000000,0.923606
cate2-00019,cate2,0,17,6,0.272461,0.412109,0.076172,0.183594,6,6.000000,0.913541
cate2-00019,cate2,0,18,7,0.262695,0.308594,0.064453,0.125000,7,7.000000,0.950566
cate2-00019,cate2,0,21,8,0.527344,0.460938,0.039062,0.218750,8,8.000000,0.926902
cate2-00019,cate2,0,22,9,0.562500,0.439453,0.035156,0.242188,9,9.000000,0.891308
cate2-00019,cate2,0,23,10,0.598633,0.356445,0.068359,0.255859,10,10.000000,0.874523
cate2-00019,cate2,0,24,11,0.614258,0.458008,0.052734,0.173828,11,11.000000,0.905022
cate2-00019,cate2,0,25,12,0.653320,0.442383,0.041016,0.189453,12,12.000000,0.894215
cate2-00019,cate2,0,26,13,0.697266,0.413086,0.058594,0.216797,13,13.000000,0.872236
cate2-00019,cate2,0,27,14,0.739258,0.386719,0.083984,0.214844,14,14.000000,0.908009
cate2-00019,cate2,0,28,15,0.749023,0.302734,0.056641,0.132812,15,15.000000,0.881647
cate2-00019,cate2,0,31,16,0.530273,0.678711,0.025391,0.181641,16,16.000000,0.838089
cate2-00019,cate2,0,32,17,0.553711,0.681641,0.029297,0.191406,17,17.000000,0.901868
cate2-00019,cate2,0,33,18,0.584961,0.705078,0.037109,0.222656,18,18.000000,0.859283
cate2-00019,cate2,0,34,19,0.618164,0.699219,0.056641,0.242188,19,19.000000,0.904469
cate2-00019,cate2,0,35,20,0.658203,0.691406,0.058594,0.230469,20,20.000000,0.903495
cate2-00019,cate2,0,36,21,0.711914,0.657227,0.091797,0.240234,21,21.000000,0.929648
cate2-00019,cate2,0,37,22,0.761719,0.623047,0.066406,0.199219,22,22.000000,0.955925
cate2-00019,cate2,0,38,23,0.808594,0.548828,0.066406,0.117188,23,23.000000,0.901488
cate2-00019,cate2,0,41,24,0.505859,0.695312,0.027344,0.207031,16,24.000000,0.829183
cate2-00019,cate2,0,42,25,0.481445,0.693359,0.037109,0.187500,25,25.000000,0.885260
cate2-00019,cate2,0,43,26,0.450195,0.692383,0.041016,0.201172,25,26.000000,0.845945
cate2-00019,cate2,0,44,27,0.419922,0.690430,0.074219,0.228516,26,27.000000,0.890888
cate2-00019,cate2,0,45,28,0.377930,0.690430,0.072266,0.248047,28,28.000000,0.878760
cate2-00019,cate2,0,46,29,0.318359,0.666016,0.105469,0.238281,29,29.000000,0.939748
cate2-00019,cate2,0,47,30,0.253906,0.630859,0.093750,0.222656,30,30.000000,0.891177
cate2-00019,cate2,0,48,31,0.194336,0.576172,0.080078,0.117188,31,31.000000,0.945721
cate2-00020,cate2,1,11,0,0.485352,0.449219,0.044922,0.250000,0,0.000000,0.854316
cate2-00020,cate2,1,12,1,0.446289,0.435547,0.037109,0.246094,1,1.000000,0.897968
cate2-00020,cate2,1,13,2,0.404297,0.414062,0.046875,0.285156,2,2.000000,0.897370
cate2-00020,cate2,1,14,3,0.368164,0.448242,0.037109,0.216797,3,3.000000,0.896301
cate2-00020,cate2,1,15,4,0.331055,0.446289,0.048828,0.216797,4,4.000000,0.901118
cate2-00020,cate2,1,16,5,0.279297,0.431641,0.070312,0.214844,5,5.000000,0.909020
cate2-00020,cate2,1,17,6,0.221680,0.409180,0.072266,0.197266,6,6.000000,0.924993
cate2-00020,cate2,1,18,7,0.199219,0.309570,0.066406,0.115234,7,7.000000,0.897497
cate2-00020,cate2,1,21,8,0.533203,0.458008,0.050781,0.248047,8,8.000000,0.844014
cate2-00020,cate2,1,22,9,0.573242,0.435547,0.037109,0.250000,9,9.000000,0.835518
cate2-00020,cate2,1,23,10,0.605469,0.395508,0.050781,0.271484,10,10.000000,0.912956
cate2-00020,cate2,1,24,11,0.638672,0.438477,0.042969,0.205078,11,11.000000,0.885137
cate2-00020,cate2,1,25,12,0.675781,0.426758,0.042969,0.224609,12,12.000000,0.884464
cate2-00020,cate2,1,26,13,0.725586,0.426758,0.064453,0.189453,13,13.000000,0.925212
cate2-00020,cate2,1,27,14,0.773438,0.373047,0.070312,0.207031,14,14.000000,0.944509
cate2-00020,cate2,1,28,15,0.800781,0.291016,0.058594,0.105469,15,15.000000,0.913329
cate2-00020,cate2,1,31,16,0.530273,0.674805,0.037109,0.166016,16,16.000000,0.834146
cate2-00020,cate2,1,32,17,0.556641,0.680664,0.035156,0.181641,17,17.000000,0.868871
cate2-00020,cate2,1,33,18,0.591797,0.684570,0.039062,0.240234,18,18.000000,0.907039
cate2-00020,cate2,1,34,19,0.625977,0.680664,0.048828,0.224609,19,19.000000,0.962476
cate2-00020,cate2,1,35,20,0.692383,0.691406,0.095703,0.191406,21,20.000000,0.910862
cate2-00020,cate2,1,36,21,0.727539,0.635742,0.103516,0.201172,21,21.000000,0.948927
cate2-00020,cate2,1,37,22,0.793945,0.586914,0.103516,0.193359,22,22.000000,0.918361
cate2-00020,cate2,1,38,23,0.841797,0.547852,0.058594,0.123047,23,23.000000,0.926517
cate2-00020,cate2,1,41,24,0.502930,0.676758,0.033203,0.158203,24,24.000000,0.790673
cate2-00020,cate2,1,42,25,0.469727,0.682617,0.033203,0.189453,25,25.000000,0.885233
cate2-00020,cate2,1,43,26,0.437500,0.692383,0.046875,0.232422,26,26.000000,0.831407
cate2-00020,cate2,1,44,27,0.396484,0.697266,0.046875,0.226562,27,27.000000,0.898261
cate2-00020,cate2,1,45,28,0.364258,0.706055,0.072266,0.232422,28,28.000000,0.862066
cate2-00020,cate2,1,46,29,0.294922,0.658203,0.105469,0.218750,29,29.000000,0.960251
cate2-00020,cate2,1,47,30,0.213867,0.620117,0.111328,0.208984,30,30.000000,0.934741
cate2-00020,cate2,1,48,31,0.156250,0.583008,0.070312,0.123047,31,31.000000,0.899780
cate2-00021,cate2,4,11,0,0.484375,0.442383,0.035156,0.232422,0,0.000000,0.917851
cate2-00021,cate2,4,12,1,0.450195,0.449219,0.037109,0.207031,1,1.000000,0.905018
cate2-00021,cate2,4,13,2,0.413086,0.412109,0.041016,0.296875,2,2.000000,0.848665
cate2-00021,cate2,4,14,3,0.375000,0.446289,0.050781,0.205078,3,3.000000,0.956379
cate2-00021,cate2,4,15,4,0.335938,0.442383,0.050781,0.197266,4,4.000000,0.784975
cate2-00021,cate2,4,16,5,0.283203,0.438477,0.066406,0.177734,5,5.000000,0.917204
cate2-00021,cate2,4,17,6,0.232422,0.418945,0.074219,0.169922,6,6.000000,0.894835
cate2-00021,cate2,4,18,7,0.209961,0.322266,0.064453,0.105469,7,7.000000,0.938327
cate2-00021,cate2,4,21,8,0.526367,0.443359,0.037109,0.238281,8,8.000000,0.895979
cate2-00021,cate2,4,22,9,0.565430,0.437500,0.044922,0.226562,9,9.000000,0.879530
cate2-00021,cate2,4,23,10,0.599609,0.412109,0.050781,0.253906,10,10.000000,0.879464
cate2-00021,cate2,4,24,11,0.629883,0.442383,0.056641,0.208984,11,11.000000,0.884410
cate2-00021,cate2,4,25,12,0.669922,0.439453,0.046875,0.187500,12,12.000000,0.881573
cate2-00021,cate2,4,26,13,0.722656,0.436523,0.062500,0.185547,13,13.000000,0.909535
cate2-00021,cate2,4,27,14,0.779297,0.416992,0.062500,0.173828,14,14.000000,0.905302
cate2-00021,cate2,4,28,15,0.804688,0.326172,0.066406,0.113281,15,15.000000,0.906744
cate2-00021,cate2,4,31,16,0.520508,0.652344,0.044922,0.156250,16,16.000000,0.820272
cate2-00021,cate2,4,32,17,0.544922,0.661133,0.054688,0.189453,17,17.000000,0.920275
cate2-00021,cate2,4,33,18,0.572266,0.700195,0.042969,0.146484,17,18.000000,0.865153
cate2-00021,cate2,4,34,19,0.603516,0.655273,0.062500,0.177734,18,19.000000,0.920324
cate2-00021,cate2,4,35,20,0.638672,0.658203,0.066406,0.210938,19,20.000000,0.898143
cate2-00021,cate2,4,36,21,0.698242,0.644531,0.095703,0.203125,21,21.000000,0.965966
cate2-00021,cate2,4,37,22,0.766602,0.604492,0.091797,0.181641,22,22.000000,0.970490
cate2-00021,cate2,4,38,23,0.819336,0.587891,0.064453,0.125000,23,23.000000,0.897602
cate2-00021,cate2,4,41,24,0.496094,0.654297,0.035156,0.152344,24,24.000000,0.836265
cate2-00021,cate2,4,42,25,0.467773,0.670898,0.033203,0.185547,25,25.000000,0.930553
cate2-00021,cate2,4,43,26,0.435547,0.695312,0.039062,0.210938,26,26.000000,0.947478
cate2-00021,cate2,4,44,27,0.401367,0.665039,0.052734,0.185547,27,27.000000,0.905731
cate2-00021,cate2,4,45,28,0.361328,0.668945,0.062500,0.208984,28,28.000000,0.910510
cate2-00021,cate2,4,46,29,0.299805,0.646484,0.095703,0.195312,29,29.000000,0.904903
cate2-00021,cate2,4,47,30,0.238281,0.608398,0.097656,0.185547,30,30.000000,0.951933
cate2-00021,cate2,4,48,31,0.183594,0.576172,0.058594,0.117188,31,31.000000,0.906159
cate2-00022,cate2,4,11,0,0.500000,0.412109,0.039062,0.234375,0,0.000000,0.875129
cate2-00022,cate2,4,12,1,0.463867,0.412109,0.037109,0.261719,1,1.000000,0.836323
cate2-00022,cate2,4,13,2,0.427734,0.406250,0.046875,0.285156,2,2.000000,0.815475
cate2-00022,cate2,4,14,3,0.393555,0.410156,0.048828,0.253906,2,3.000000,0.899125
cate2-00022,cate2,4,15,4,0.353516,0.387695,0.050781,0.240234,4,4.000000,0.821748
cate2-00022,cate2,4,16,5,0.303711,0.385742,0.064453,0.224609,5,5.000000,0.845739
cate2-00022,cate2,4,17,6,0.248047,0.373047,0.058594,0.214844,6,6.000000,0.881078
cate2-00022,cate2,4,18,7,0.196289,0.351562,0.056641,0.167969,7,7.000000,0.889858
cate2-00022,cate2,4,21,8,0.547852,0.420898,0.056641,0.259766,8,8.000000,0.907373
cate2-00022,cate2,4,22,9,0.579102,0.417969,0.041016,0.253906,9,9.000000,0.859315
cate2-00022,cate2,4,23,10,0.611328,0.418945,0.042969,0.283203,10,10.000000,0.819083
cate2-00022,cate2,4,24,11,0.644531,0.403320,0.042969,0.291016,11,11.000000,0.837035
cate2-00022,cate2,4,25,12,0.679688,0.396484,0.039062,0.250000,12,12.000000,0.855150
cate2-00022,cate2,4,26,13,0.724609,0.401367,0.058594,0.220703,13,13.000000,0.843787
cate2-00022,cate2,4,27,14,0.777344,0.374023,0.054688,0.212891,14,14.000000,0.900410
cate2-00022,cate2,4,28,15,0.825195,0.356445,0.056641,0.154297,15,15.000000,0.881122
cate2-00022,cate2,4,31,16,0.537109,0.646484,0.035156,0.148438,17,16.000000,0.903650
cate2-00022,cate2,4,32,17,0.573242,0.658203,0.048828,0.175781,18,17.000000,0.913363
cate2-00022,cate2,4,33,18,0.617188,0.666992,0.070312,0.220703,19,18.000000,0.909153
cate2-00022,cate2,4,34,19,0.648438,0.651367,0.062500,0.205078,20,19.000000,0.861267
cate2-00022,cate2,4,35,20,0.698242,0.666992,0.083984,0.271484,20,20.000000,0.923598
cate2-00022,cate2,4,36,21,0.748047,0.622070,0.117188,0.236328,21,21.000000,0.936985
cate2-00022,cate2,4,37,22,0.806641,0.573242,0.117188,0.220703,22,22.000000,0.935147
cate2-00022,cate2,4,38,23,0.859375,0.499023,0.113281,0.193359,23,23.000000,0.882979
cate2-00022,cate2,4,41,24,0.503906,0.623047,0.027344,0.105469,24,24.000000,0.843038
cate2-00022,cate2,4,42,25,0.474609,0.647461,0.035156,0.169922,25,25.000000,0.807709
cate2-00022,cate2,4,43,26,0.409180,0.662109,0.103516,0.218750,26,26.000000,0.918844
cate2-00022,cate2,4,44,27,0.389648,0.625000,0.072266,0.160156,27,27.000000,0.887964
cate2-00022,cate2,4,45,28,0.342773,0.642578,0.076172,0.246094,28,28.000000,0.881840
cate2-00022,cate2,4,46,29,0.287109,0.620117,0.109375,0.244141,29,29.000000,0.935315
cate2-00022,cate2,4,47,30,0.219727,0.576172,0.107422,0.222656,30,30.000000,0.959501
cate2-00022,cate2,4,48,31,0.158203,0.493164,0.097656,0.166016,31,31.000000,0.956942
cate2-00023,cate2,0,11,0,0.477539,0.459961,0.052734,0.255859,0,0.000000,0.873032
cate2-00023,cate2,0,12,1,0.442383,0.461914,0.052734,0.208984,1,1.000000,0.778756
cate2-00023,cate2,0,13,2,0.413086,0.364258,0.048828,0.248047,2,2.000000,0.884321
cate2-00023,cate2,0,14,3,0.388672,0.427734,0.058594,0.253906,3,3.000000,0.921324
cate2-00023,cate2,0,15,4,0.340820,0.426758,0.048828,0.248047,4,4.000000,0.927664
cate2-00023,cate2,0,16,5,0.289062,0.420898,0.074219,0.205078,5,5.000000,0.929005
cate2-00023,cate2,0,17,6,0.246094,0.321289,0.078125,0.236328,6,6.000000,0.924416
cate2-00023,cate2,0,18,7,0.212891,0.255859,0.066406,0.117188,7,7.000000,0.919107
cate2-00023,cate2,0,21,8,0.524414,0.456055,0.048828,0.259766,8,8.000000,0.859675
cate2-00023,cate2,0,22,9,0.566406,0.433594,0.039062,0.273438,9,9.000000,0.752849
cate2-00023,cate2,0,23,10,0.601562,0.394531,0.042969,0.339844,10,10.000000,0.858799
cate2-00023,cate2,0,24,11,0.647461,0.441406,0.048828,0.226562,11,11.000000,0.854491
cate2-00023,cate2,0,25,12,0.678711,0.407227,0.064453,0.263672,13,12.000000,0.924377
cate2-00023,cate2,0,26,13,0.733398,0.405273,0.072266,0.228516,14,13.000000,0.910835
cate2-00023,cate2,0,27,14,0.768555,0.332031,0.080078,0.207031,14,14.000000,0.927868
cate2-00023,cate2,0,28,15,0.799805,0.253906,0.068359,0.128906,15,15.000000,0.900472
cate2-00023,cate2,0,31,16,0.522461,0.674805,0.029297,0.134766,16,16.000000,0.803571
cate2-00023,cate2,0,32,17,0.550781,0.697266,0.035156,0.191406,17,17.000000,0.865539
cate2-00023,cate2,0,33,18,0.588867,0.729492,0.052734,0.224609,18,18.000000,0.835024
cate2-00023,cate2,0,34,19,0.621094,0.698242,0.054688,0.193359,19,19.000000,0.878638
cate2-00023,cate2,0,35,20,0.670898,0.704102,0.060547,0.216797,20,20.000000,0.901181
cate2-00023,cate2,0,36,21,0.726562,0.669922,0.089844,0.230469,21,21.000000,0.947696
cate2-00023,cate2,0,37,22,0.791992,0.611328,0.099609,0.207031,22,22.000000,0.946715
cate2-00023,cate2,0,38,23,0.846680,0.575195,0.064453,0.138672,23,23.000000,0.910020
cate2-00023,cate2,0,41,24,0.497070,0.696289,0.033203,0.177734,24,24.000000,0.848399
cate2-00023,cate2,0,42,25,0.469727,0.700195,0.048828,0.208984,25,25.000000,0.856700
cate2-00023,cate2,0,43,26,0.426758,0.706055,0.052734,0.236328,26,26.000000,0.890776
cate2-00023,cate2,0,44,27,0.377930,0.690430,0.052734,0.205078,27,27.000000,0.886498
cate2-00023,cate2,0,45,28,0.370117,0.679688,0.119141,0.210938,29,,
cate2-00023,cate2,0,46,29,0.298828,0.652344,0.113281,0.234375,29,29.000000,0.941005
cate2-00023,cate2,0,47,30,0.216797,0.614258,0.113281,0.193359,30,30.000000,0.938337
cate2-00023,cate2,0,48,31,0.152344,0.570312,0.078125,0.132812,31,31.000000,0.939887
cate2-00024,cate2,3,11,0,0.477539,0.390625,0.048828,0.250000,0,0.000000,0.663911
cate2-00024,cate2,3,12,1,0.446289,0.399414,0.052734,0.228516,1,1.000000,0.823568
cate2-00024,cate2,3,13,2,0.406250,0.394531,0.050781,0.246094,2,2.000000,0.846643
cate2-00024,cate2,3,14,3,0.362305,0.395508,0.044922,0.228516,4,3.000000,0.865825
cate2-00024,cate2,3,15,4,0.327148,0.404297,0.044922,0.207031,4,4.000000,0.886417
cate2-00024,cate2,3,16,5,0.275391,0.394531,0.062500,0.195312,5,5.000000,0.914317
cate2-00024,cate2,3,17,6,0.216797,0.366211,0.066406,0.189453,6,6.000000,0.926867
cate2-00024,cate2,3,18,7,0.186523,0.272461,0.068359,0.134766,7,7.000000,0.923282
cate2-00024,cate2,3,21,8,0.528320,0.395508,0.052734,0.236328,8,8.000000,0.829460
cate2-00024,cate2,3,22,9,0.574219,0.393555,0.042969,0.228516,10,9.000000,0.837759
cate2-00024,cate2,3,23,10,0.612305,0.381836,0.041016,0.251953,10,10.000000,0.862406
cate2-00024,cate2,3,24,11,0.647461,0.385742,0.048828,0.220703,11,11.000000,0.938756
cate2-00024,cate2,3,25,12,0.689453,0.384766,0.042969,0.218750,12,12.000000,0.912726
cate2-00024,cate2,3,26,13,0.741211,0.384766,0.060547,0.191406,14,13.000000,0.886383
cate2-00024,cate2,3,27,14,0.797852,0.361328,0.060547,0.187500,14,14.000000,0.939194
cate2-00024,cate2,3,28,15,0.830078,0.273438,0.054688,0.132812,15,15.000000,0.883190
cate2-00024,cate2,3,31,16,0.516602,0.610352,0.033203,0.166016,16,16.000000,0.841972
cate2-00024,cate2,3,32,17,0.549805,0.618164,0.037109,0.185547,17,17.000000,0.905845
cate2-00024,cate2,3,33,18,0.588867,0.630859,0.044922,0.218750,18,18.000000,0.856198
cate2-00024,cate2,3,34,19,0.633789,0.639648,0.044922,0.205078,19,19.000000,0.893447
cate2-00024,cate2,3,35,20,0.671875,0.658203,0.054688,0.199219,20,20.000000,0.819414
cate2-00024,cate2,3,36,21,0.720703,0.618164,0.082031,0.208984,21,21.000000,0.940947
cate2-00024,cate2,3,37,22,0.785156,0.585938,0.082031,0.195312,22,22.000000,0.958986
cate2-00024,cate2,3,38,23,0.842773,0.572266,0.068359,0.125000,23,23.000000,0.891088
cate2-00024,cate2,3,41,24,0.486328,0.604492,0.031250,0.158203,24,24.000000,0.823950
cate2-00024,cate2,3,42,25,0.452148,0.620117,0.048828,0.197266,25,25.000000,0.839491
cate2-00024,cate2,3,43,26,0.413086,0.632812,0.048828,0.218750,27,26.000000,0.862998
cate2-00024,cate2,3,44,27,0.369141,0.642578,0.046875,0.199219,27,27.000000,0.768970
cate2-00024,cate2,3,45,28,0.349609,0.665039,0.066406,0.197266,28,28.000000,0.792092
cate2-00024,cate2,3,46,29,0.292969,0.626953,0.089844,0.210938,29,29.000000,0.918236
cate2-00024,cate2,3,47,30,0.223633,0.591797,0.091797,0.195312,30,30.000000,0.946810
cate2-00024,cate2,3,48,31,0.154297,0.571289,0.078125,0.130859,31,31.000000,0.918710
cate2-00025,cate2,1,11,0,0.510742,0.448242,0.037109,0.244141,8,0.000000,0.768919
cate2-00025,cate2,1,12,1,0.473633,0.450195,0.041016,0.220703,0,1.000000,0.903119
cate2-00025,cate2,1,13,2,0.433594,0.419922,0.046875,0.234375,2,2.000000,0.814843
cate2-00025,cate2,1,14,3,0.413086,0.431641,0.056641,0.226562,2,3.000000,0.815328
cate2-00025,cate2,1,15,4,0.368164,0.425781,0.056641,0.226562,3,4.000000,0.822779
cate2-00025,cate2,1,16,5,0.327148,0.425781,0.076172,0.207031,5,5.000000,0.829685
cate2-00025,cate2,1,17,6,0.265625,0.407227,0.070312,0.201172,5,6.000000,0.929896
cate2-00025,cate2,1,18,7,0.227539,0.317383,0.064453,0.169922,6,7.000000,0.936805
cate2-00025,cate2,1,21,8,0.552734,0.463867,0.046875,0.240234,8,8.000000,0.845071
cate2-00025,cate2,1,22,9,0.585938,0.466797,0.042969,0.230469,9,9.000000,0.836831
cate2-00025,cate2,1,23,10,0.609375,0.439453,0.046875,0.230469,10,10.000000,0.877308
cate2-00025,cate2,1,24,11,0.628906,0.469727,0.042969,0.189453,11,11.000000,0.801072
cate2-00025,cate2,1,25,12,0.666992,0.477539,0.041016,0.181641,12,12.000000,0.831396
cate2-00025,cate2,1,26,13,0.709961,0.451172,0.056641,0.203125,13,13.000000,0.917861
cate2-00025,cate2,1,27,14,0.762695,0.434570,0.056641,0.189453,14,14.000000,0.950431
cate2-00025,cate2,1,28,15,0.800781,0.387695,0.054688,0.111328,15,15.000000,0.892027
cate2-00025,cate2,1,31,16,0.523438,0.681641,0.023438,0.175781,16,16.000000,0.842468
cate2-00025,cate2,1,32,17,0.547852,0.685547,0.037109,0.164062,17,17.000000,0.864504
cate2-00025,cate2,1,33,18,0.574219,0.725586,0.042969,0.205078,18,18.000000,0.889875
cate2-00025,cate2,1,34,19,0.603516,0.711914,0.050781,0.212891,18,19.000000,0.831017
cate2-00025,cate2,1,35,20,0.639648,0.708008,0.052734,0.220703,19,20.000000,0.854743
cate2-00025,cate2,1,36,21,0.694336,0.695312,0.083984,0.210938,21,21.000000,0.948799
cate2-00025,cate2,1,37,22,0.753906,0.656250,0.093750,0.195312,22,22.000000,0.962025
cate2-00025,cate2,1,38,23,0.815430,0.605469,0.083984,0.148438,23,23.000000,0.912449
cate2-00025,cate2,1,41,24,0.500977,0.688477,0.025391,0.169922,24,24.000000,0.811989
cate2-00025,cate2,1,42,25,0.477539,0.694336,0.044922,0.185547,25,25.000000,0.782499
cate2-00025,cate2,1,43,26,0.441406,0.735352,0.058594,0.228516,26,26.000000,0.913904
cate2-00025,cate2,1,44,27,0.416992,0.694336,0.064453,0.205078,26,27.000000,0.906733
cate2-00025,cate2,1,45,28,0.385742,0.687500,0.068359,0.226562,27,28.000000,0.817641
cate2-00025,cate2,1,46,29,0.331055,0.669922,0.099609,0.207031,29,29.000000,0.933427
cate2-00025,cate2,1,47,30,0.272461,0.644531,0.080078,0.214844,29,30.000000,0.900830
cate2-00025,cate2,1,48,31,0.200195,0.583008,0.103516,0.123047,31,31.000000,0.947180
cate2-00026,cate2,1,11,0,0.485352,0.366211,0.037109,0.244141,0,0.000000,0.623528
cate2-00026,cate2,1,12,1,0.458984,0.371094,0.035156,0.226562,1,,
cate2-00026,cate2,1,13,2,0.430664,0.364258,0.037109,0.255859,1,2.000000,0.698067
cate2-00026,cate2,1,14,3,0.407227,0.374023,0.037109,0.205078,2,,
cate2-00026,cate2,1,15,4,0.380859,0.362305,0.027344,0.169922,3,,
cate2-00026,cate2,1,16,5,0.347656,0.346680,0.058594,0.216797,4,5.000000,0.877109
cate2-00026,cate2,1,17,6,0.293945,0.333984,0.056641,0.195312,5,6.000000,0.906173
cate2-00026,cate2,1,18,7,0.245117,0.315430,0.056641,0.154297,7,7.000000,0.865494
cate2-00026,cate2,1,21,8,0.513672,0.388672,0.031250,0.179688,0,8.000000,0.615639
cate2-00026,cate2,1,22,9,0.539062,0.388672,0.031250,0.195312,9,9.000000,0.814249
cate2-00026,cate2,1,23,10,0.572266,0.370117,0.042969,0.259766,9,10.000000,0.877842
cate2-00026,cate2,1,24,11,0.593750,0.380859,0.027344,0.218750,9,11.000000,0.779160
cate2-00026,cate2,1,25,12,0.622070,0.363281,0.041016,0.226562,11,12.000000,0.826976
cate2-00026,cate2,1,26,13,0.662109,0.349609,0.058594,0.230469,11,13.000000,0.865692
cate2-00026,cate2,1,27,14,0.717773,0.337891,0.056641,0.222656,13,14.000000,0.919514
cate2-00026,cate2,1,28,15,0.767578,0.341797,0.058594,0.214844,14,15.000000,0.891361
cate2-00026,cate2,1,31,16,0.512695,0.582031,0.017578,0.140625,16,16.000000,0.814029
cate2-00026,cate2,1,32,17,0.525391,0.606445,0.035156,0.158203,16,17.000000,0.823271
cate2-00026,cate2,1,33,18,0.553711,0.614258,0.029297,0.220703,17,18.000000,0.846640
cate2-00026,cate2,1,34,19,0.582031,0.598633,0.039062,0.208984,19,19.000000,0.909043
cate2-00026,cate2,1,35,20,0.614258,0.589844,0.044922,0.222656,19,20.000000,0.862869
cate2-00026,cate2,1,36,21,0.667969,0.566406,0.074219,0.207031,20,21.000000,0.928267
cate2-00026,cate2,1,37,22,0.728516,0.548828,0.089844,0.210938,21,22.000000,0.954185
cate2-00026,cate2,1,38,23,0.817383,0.522461,0.103516,0.134766,23,23.000000,0.900162
cate2-00026,cate2,1,41,24,0.498047,0.584961,0.023438,0.169922,24,24.000000,0.813592
cate2-00026,cate2,1,42,25,0.476562,0.581055,0.027344,0.169922,25,25.000000,0.868694
cate2-00026,cate2,1,43,26,0.451172,0.612305,0.031250,0.228516,25,26.000000,0.875148
cate2-00026,cate2,1,44,27,0.424805,0.586914,0.033203,0.197266,26,27.000000,0.899113
cate2-00026,cate2,1,45,28,0.392578,0.578125,0.039062,0.207031,27,28.000000,0.899023
cate2-00026,cate2,1,46,29,0.339844,0.550781,0.078125,0.183594,29,29.000000,0.920975
cate2-00026,cate2,1,47,30,0.280273,0.530273,0.099609,0.212891,29,30.000000,0.933764
cate2-00026,cate2,1,48,31,0.218750,0.468750,0.105469,0.199219,6,31.000000,0.958093
cate2-00027,cate2,3,11,0,0.487305,0.464844,0.037109,0.222656,0,0.000000,0.908906
cate2-00027,cate2,3,12,1,0.453125,0.464844,0.031250,0.199219,1,1.000000,0.900971
cate2-00027,cate2,3,13,2,0.420898,0.436523,0.037109,0.259766,2,2.000000,0.883364
cate2-00027,cate2,3,14,3,0.397461,0.450195,0.044922,0.236328,2,3.000000,0.878440
cate2-00027,cate2,3,15,4,0.362305,0.446289,0.044922,0.232422,4,4.000000,0.949966
cate2-00027,cate2,3,16,5,0.316406,0.445312,0.058594,0.226562,4,5.000000,0.917113
cate2-00027,cate2,3,17,6,0.262695,0.440430,0.056641,0.197266,6,6.000000,0.947943
cate2-00027,cate2,3,18,7,0.233398,0.366211,0.060547,0.130859,7,7.000000,0.939168
cate2-00027,cate2,3,21,8,0.524414,0.470703,0.037109,0.218750,8,8.000000,0.882256
cate2-00027,cate2,3,22,9,0.553711,0.458984,0.033203,0.214844,9,9.000000,0.840504
cate2-00027,cate2,3,23,10,0.585938,0.436523,0.031250,0.251953,9,10.000000,0.884400
cate2-00027,cate2,3,24,11,0.612305,0.451172,0.044922,0.222656,10,11.000000,0.915054
cate2-00027,cate2,3,25,12,0.645508,0.456055,0.041016,0.216797,11,12.000000,0.901265
cate2-00027,cate2,3,26,13,0.691406,0.458008,0.054688,0.205078,13,13.000000,0.959225
cate2-00027,cate2,3,27,14,0.744141,0.444336,0.058594,0.197266,13,14.000000,0.953419
cate2-00027,cate2,3,28,15,0.775391,0.366211,0.058594,0.138672,15,15.000000,0.912079
cate2-00027,cate2,3,31,16,0.527344,0.683594,0.023438,0.171875,16,16.000000,0.823399
cate2-00027,cate2,3,32,17,0.554688,0.685547,0.027344,0.187500,17,17.000000,0.884984
cate2-00027,cate2,3,33,18,0.583984,0.704102,0.039062,0.236328,18,18.000000,0.880550
cate2-00027,cate2,3,34,19,0.617188,0.715820,0.039062,0.248047,18,19.000000,0.918444
cate2-00027,cate2,3,35,20,0.651367,0.711914,0.048828,0.228516,20,20.000000,0.870265
cate2-00027,cate2,3,36,21,0.706055,0.689453,0.083984,0.207031,21,21.000000,0.921983
cate2-00027,cate2,3,37,22,0.770508,0.647461,0.095703,0.201172,22,22.000000,0.967252
cate2-00027,cate2,3,38,23,0.821289,0.587891,0.080078,0.136719,23,23.000000,0.898093
cate2-00027,cate2,3,41,24,0.503906,0.685547,0.027344,0.179688,16,24.000000,0.819153
cate2-00027,cate2,3,42,25,0.482422,0.684570,0.031250,0.181641,24,25.000000,0.720023
cate2-00027,cate2,3,43,26,0.449219,0.702148,0.042969,0.240234,26,26.000000,0.875214
cate2-00027,cate2,3,44,27,0.415039,0.721680,0.044922,0.251953,26,27.000000,0.831009
cate2-00027,cate2,3,45,28,0.375977,0.717773,0.056641,0.232422,28,28.000000,0.939816
cate2-00027,cate2,3,46,29,0.317383,0.695312,0.099609,0.214844,29,29.000000,0.936719
cate2-00027,cate2,3,47,30,0.253906,0.653320,0.097656,0.216797,30,30.000000,0.940984
cate2-00027,cate2,3,48,31,0.195312,0.611328,0.070312,0.132812,31,31.000000,0.949306
cate2-00028,cate2,3,11,0,0.476562,0.343750,0.042969,0.214844,0,0.000000,0.910054
cate2-00028,cate2,3,12,1,0.439453,0.339844,0.035156,0.210938,1,1.000000,0.916089
cate2-00028,cate2,3,13,2,0.401367,0.324219,0.044922,0.242188,2,2.000000,0.866328
cate2-00028,cate2,3,14,3,0.367188,0.350586,0.050781,0.197266,3,3.000000,0.878270
cate2-00028,cate2,3,15,4,0.332031,0.363281,0.046875,0.191406,4,4.000000,0.840370
cate2-00028,cate2,3,16,5,0.283203,0.376953,0.062500,0.171875,5,5.000000,0.932431
cate2-00028,cate2,3,17,6,0.222656,0.359375,0.058594,0.195312,6,6.000000,0.934669
cate2-00028,cate2,3,18,7,0.163086,0.356445,0.056641,0.169922,7,7.000000,0.892904
cate2-00028,cate2,3,21,8,0.531250,0.336914,0.042969,0.228516,8,8.000000,0.875937
cate2-00028,cate2,3,22,9,0.565430,0.335938,0.033203,0.199219,9,9.000000,0.920140
cate2-00028,cate2,3,23,10,0.604492,0.324219,0.037109,0.230469,10,10.000000,0.890474
cate2-00028,cate2,3,24,11,0.637695,0.343750,0.048828,0.199219,11,11.000000,0.832576
cate2-00028,cate2,3,25,12,0.668945,0.347656,0.044922,0.210938,12,12.000000,0.908186
cate2-00028,cate2,3,26,13,0.718750,0.367188,0.062500,0.191406,13,13.000000,0.903696
cate2-00028,cate2,3,27,14,0.777344,0.373047,0.058594,0.175781,14,14.000000,0.925658
cate2-00028,cate2,3,28,15,0.834961,0.362305,0.052734,0.173828,15,15.000000,0.909390
cate2-00028,cate2,3,31,16,0.511719,0.544922,0.023438,0.140625,16,16.000000,0.868526
cate2-00028,cate2,3,32,17,0.537109,0.552734,0.027344,0.171875,17,17.000000,0.885309
cate2-00028,cate2,3,33,18,0.568359,0.563477,0.031250,0.197266,17,18.000000,0.870964
cate2-00028,cate2,3,34,19,0.602539,0.583008,0.037109,0.201172,19,19.000000,0.895866
cate2-00028,cate2,3,35,20,0.632812,0.583008,0.054688,0.220703,19,20.000000,0.826401
cate2-00028,cate2,3,36,21,0.687500,0.587891,0.070312,0.222656,20,21.000000,0.863127
cate2-00028,cate2,3,37,22,0.755859,0.585938,0.078125,0.214844,22,22.000000,0.763162
cate2-00028,cate2,3,38,23,0.831055,0.551758,0.099609,0.185547,23,23.000000,0.598598
cate2-00028,cate2,3,41,24,0.487305,0.546875,0.021484,0.144531,16,24.000000,0.820391
cate2-00028,cate2,3,42,25,0.461914,0.554688,0.029297,0.164062,25,25.000000,0.819804
cate2-00028,cate2,3,43,26,0.428711,0.577148,0.037109,0.220703,26,26.000000,0.892509
cate2-00028,cate2,3,44,27,0.394531,0.583008,0.046875,0.212891,28,27.000000,0.927626
cate2-00028,cate2,3,45,28,0.358398,0.572266,0.037109,0.183594,27,28.000000,0.874753
cate2-00028,cate2,3,46,29,0.311523,0.584961,0.072266,0.208984,29,29.000000,0.868336
cate2-00028,cate2,3,47,30,0.242188,0.586914,0.078125,0.201172,30,30.000000,0.872912
cate2-00028,cate2,3,48,31,0.166016,0.548828,0.097656,0.195312,31,31.000000,0.930826
cate2-00029,cate2,1,11,0,0.482422,0.488281,0.042969,0.226562,0,0.000000,0.861574
cate2-00029,cate2,1,12,1,0.443359,0.480469,0.046875,0.210938,2,1.000000,0.875444
cate2-00029,cate2,1,13,2,0.403320,0.461914,0.044922,0.248047,2,2.000000,0.883541
cate2-00029,cate2,1,14,3,0.364258,0.475586,0.044922,0.208984,3,3.000000,0.932901
cate2-00029,cate2,1,15,4,0.324219,0.477539,0.042969,0.212891,4,4.000000,0.871149
cate2-00029,cate2,1,16,5,0.279297,0.480469,0.062500,0.203125,5,5.000000,0.930876
cate2-00029,cate2,1,17,6,0.216797,0.465820,0.058594,0.193359,6,6.000000,0.927387
cate2-00029,cate2,1,18,7,0.186523,0.386719,0.048828,0.109375,7,7.000000,0.926854
cate2-00029,cate2,1,21,8,0.534180,0.488281,0.041016,0.230469,8,8.000000,0.842269
cate2-00029,cate2,1,22,9,0.576172,0.486328,0.039062,0.210938,9,9.000000,0.838903
cate2-00029,cate2,1,23,10,0.616211,0.471680,0.044922,0.240234,10,10.000000,0.916818
cate2-00029,cate2,1,24,11,0.652344,0.483398,0.039062,0.212891,11,11.000000,0.893049
cate2-00029,cate2,1,25,12,0.690430,0.484375,0.041016,0.195312,12,12.000000,0.924711
cate2-00029,cate2,1,26,13,0.736328,0.472656,0.058594,0.199219,13,13.000000,0.941580
cate2-00029,cate2,1,27,14,0.793945,0.457031,0.052734,0.179688,14,14.000000,0.926108
cate2-00029,cate2,1,28,15,0.821289,0.373047,0.048828,0.105469,15,15.000000,0.848863
cate2-00029,cate2,1,31,16,0.510742,0.681641,0.029297,0.128906,16,16.000000,0.819785
cate2-00029,cate2,1,32,17,0.542969,0.688477,0.035156,0.134766,17,17.000000,0.884817
cate2-00029,cate2,1,33,18,0.580078,0.704102,0.039062,0.173828,18,18.000000,0.889484
cate2-00029,cate2,1,34,19,0.622070,0.698242,0.041016,0.181641,19,19.000000,0.899969
cate2-00029,cate2,1,35,20,0.662109,0.696289,0.046875,0.212891,20,20.000000,0.921067
cate2-00029,cate2,1,36,21,0.724609,0.682617,0.089844,0.208984,21,21.000000,0.951544
cate2-00029,cate2,1,37,22,0.791992,0.652344,0.087891,0.191406,22,22.000000,0.945093
cate2-00029,cate2,1,38,23,0.859375,0.637695,0.078125,0.123047,23,23.000000,0.959697
cate2-00029,cate2,1,41,24,0.479492,0.682617,0.025391,0.123047,25,24.000000,0.805973
cate2-00029,cate2,1,42,25,0.445312,0.681641,0.031250,0.140625,25,25.000000,0.913162
cate2-00029,cate2,1,43,26,0.409180,0.697266,0.037109,0.183594,27,26.000000,0.890651
cate2-00029,cate2,1,44,27,0.370117,0.698242,0.041016,0.185547,27,27.000000,0.923629
cate2-00029,cate2,1,45,28,0.334961,0.697266,0.044922,0.207031,28,28.000000,0.873763
cate2-00029,cate2,1,46,29,0.272461,0.691406,0.087891,0.191406,30,29.000000,0.906810
cate2-00029,cate2,1,47,30,0.206055,0.651367,0.091797,0.181641,30,30.000000,0.926904
cate2-00029,cate2,1,48,31,0.140625,0.639648,0.078125,0.130859,31,31.000000,0.917935
cate2-00030,cate2,3,11,0,0.483398,0.422852,0.052734,0.212891,0,0.000000,0.903471
cate2-00030,cate2,3,12,1,0.441406,0.426758,0.039062,0.212891,1,1.000000,0.912560
cate2-00030,cate2,3,13,2,0.399414,0.390625,0.052734,0.261719,2,2.000000,0.893650
cate2-00030,cate2,3,14,3,0.362305,0.416016,0.044922,0.214844,4,3.000000,0.895425
cate2-00030,cate2,3,15,4,0.320312,0.408203,0.039062,0.214844,4,4.000000,0.953080
cate2-00030,cate2,3,16,5,0.275391,0.393555,0.062500,0.224609,5,5.000000,0.925058
cate2-00030,cate2,3,17,6,0.215820,0.381836,0.060547,0.216797,6,6.000000,0.914271
cate2-00030,cate2,3,18,7,0.166016,0.359375,0.058594,0.203125,7,7.000000,0.905646
cate2-00030,cate2,3,21,8,0.533203,0.404297,0.050781,0.250000,8,8.000000,0.878086
cate2-00030,cate2,3,22,9,0.575195,0.397461,0.037109,0.259766,9,9.000000,0.842788
cate2-00030,cate2,3,23,10,0.617188,0.398438,0.050781,0.253906,10,10.000000,0.899476
cate2-00030,cate2,3,24,11,0.648438,0.412109,0.039062,0.210938,11,11.000000,0.884773
cate2-00030,cate2,3,25,12,0.686523,0.404297,0.037109,0.199219,12,12.000000,0.867490
cate2-00030,cate2,3,26,13,0.727539,0.394531,0.060547,0.203125,13,13.000000,0.909046
cate2-00030,cate2,3,27,14,0.782227,0.375000,0.052734,0.210938,14,14.000000,0.943076
cate2-00030,cate2,3,28,15,0.833984,0.356445,0.054688,0.193359,15,15.000000,0.846226
cate2-00030,cate2,3,31,16,0.515625,0.630859,0.031250,0.171875,16,16.000000,0.867710
cate2-00030,cate2,3,32,17,0.552734,0.632812,0.050781,0.167969,17,17.000000,0.877453
cate2-00030,cate2,3,33,18,0.588867,0.643555,0.060547,0.220703,18,18.000000,0.939366
cate2-00030,cate2,3,34,19,0.619141,0.633789,0.042969,0.216797,19,19.000000,0.932361
cate2-00030,cate2,3,35,20,0.660156,0.632812,0.050781,0.214844,20,20.000000,0.903695
cate2-00030,cate2,3,36,21,0.710938,0.622070,0.082031,0.228516,21,21.000000,0.939146
cate2-00030,cate2,3,37,22,0.780273,0.598633,0.091797,0.212891,22,22.000000,0.932433
cate2-00030,cate2,3,38,23,0.835938,0.547852,0.074219,0.181641,23,23.000000,0.913597
cate2-00030,cate2,3,41,24,0.486328,0.621094,0.031250,0.140625,24,24.000000,0.873042
cate2-00030,cate2,3,42,25,0.458984,0.638672,0.035156,0.183594,25,25.000000,0.851559
cate2-00030,cate2,3,43,26,0.413086,0.658203,0.060547,0.238281,26,26.000000,0.875770
cate2-00030,cate2,3,44,27,0.380859,0.641602,0.042969,0.224609,27,27.000000,0.896861
cate2-00030,cate2,3,45,28,0.341797,0.646484,0.050781,0.238281,28,28.000000,0.858240
cate2-00030,cate2,3,46,29,0.288086,0.634766,0.076172,0.238281,28,29.000000,0.936938
cate2-00030,cate2,3,47,30,0.213867,0.607422,0.091797,0.218750,30,30.000000,0.915553
cate2-00030,cate2,3,48,31,0.159180,0.566406,0.068359,0.171875,31,31.000000,0.915100
cate2-00031,cate2,4,11,0,0.475586,0.458984,0.044922,0.218750,0,0.000000,0.884647
cate2-00031,cate2,4,12,1,0.434570,0.453125,0.037109,0.199219,1,1.000000,0.866970
cate2-00031,cate2,4,13,2,0.399414,0.434570,0.044922,0.216797,2,2.000000,0.875490
cate2-00031,cate2,4,14,3,0.368164,0.431641,0.048828,0.203125,3,3.000000,0.914931
cate2-00031,cate2,4,15,4,0.333984,0.416992,0.042969,0.197266,4,4.000000,0.817793
cate2-00031,cate2,4,16,5,0.291016,0.410156,0.062500,0.183594,6,5.000000,0.924141
cate2-00031,cate2,4,17,6,0.247070,0.389648,0.087891,0.177734,6,6.000000,0.935716
cate2-00031,cate2,4,18,7,0.224609,0.285156,0.062500,0.160156,7,7.000000,0.921047
cate2-00031,cate2,4,21,8,0.519531,0.446289,0.039062,0.236328,8,8.000000,0.881668
cate2-00031,cate2,4,22,9,0.559570,0.456055,0.037109,0.197266,9,9.000000,0.923908
cate2-00031,cate2,4,23,10,0.595703,0.444336,0.046875,0.212891,11,10.000000,0.882258
cate2-00031,cate2,4,24,11,0.629883,0.429688,0.048828,0.207031,11,11.000000,0.884136
cate2-00031,cate2,4,25,12,0.667969,0.420898,0.042969,0.193359,12,12.000000,0.921427
cate2-00031,cate2,4,26,13,0.715820,0.404297,0.068359,0.195312,13,13.000000,0.919732
cate2-00031,cate2,4,27,14,0.767578,0.385742,0.066406,0.185547,14,14.000000,0.861120
cate2-00031,cate2,4,28,15,0.777344,0.285156,0.066406,0.148438,15,15.000000,0.923362
cate2-00031,cate2,4,31,16,0.490234,0.664062,0.023438,0.105469,24,16.000000,0.863049
cate2-00031,cate2,4,32,17,0.517578,0.652344,0.031250,0.132812,16,17.000000,0.889911
cate2-00031,cate2,4,33,18,0.544922,0.655273,0.039062,0.169922,17,18.000000,0.893172
cate2-00031,cate2,4,34,19,0.580078,0.645508,0.046875,0.173828,18,19.000000,0.907913
cate2-00031,cate2,4,35,20,0.629883,0.644531,0.080078,0.191406,19,20.000000,0.931988
cate2-00031,cate2,4,36,21,0.687500,0.615234,0.117188,0.203125,21,21.000000,0.960441
cate2-00031,cate2,4,37,22,0.751953,0.582031,0.093750,0.187500,22,22.000000,0.945078
cate2-00031,cate2,4,38,23,0.811523,0.583984,0.072266,0.152344,23,23.000000,0.896368
cate2-00031,cate2,4,41,24,0.464844,0.662109,0.027344,0.113281,25,24.000000,0.865405
cate2-00031,cate2,4,42,25,0.437500,0.650391,0.039062,0.152344,27,25.000000,0.876884
cate2-00031,cate2,4,43,26,0.402344,0.652344,0.046875,0.183594,27,26.000000,0.924143
cate2-00031,cate2,4,44,27,0.370117,0.635742,0.044922,0.173828,27,27.000000,0.939889
cate2-00031,cate2,4,45,28,0.331055,0.626953,0.064453,0.187500,28,28.000000,0.917491
cate2-00031,cate2,4,46,29,0.288086,0.607422,0.087891,0.199219,29,29.000000,0.944796
cate2-00031,cate2,4,47,30,0.237305,0.578125,0.068359,0.179688,30,30.000000,0.920921
cate2-00031,cate2,4,48,31,0.170898,0.567383,0.091797,0.123047,31,31.000000,0.953958
cate2-00032,cate2,0,11,0,0.483398,0.490234,0.041016,0.191406,0,0.000000,0.935790
cate2-00032,cate2,0,12,1,0.446289,0.498047,0.037109,0.179688,1,1.000000,0.918233
cate2-00032,cate2,0,13,2,0.408203,0.481445,0.046875,0.216797,2,2.000000,0.862839
cate2-00032,cate2,0,14,3,0.372070,0.493164,0.048828,0.158203,3,3.000000,0.633226
cate2-00032,cate2,0,15,4,0.334961,0.478516,0.048828,0.171875,4,5.000000,0.529931
cate2-00032,cate2,0,16,5,0.279297,0.480469,0.062500,0.144531,5,5.000000,0.914699
cate2-00032,cate2,0,17,6,0.227539,0.428711,0.064453,0.162109,6,6.000000,0.890242
cate2-00032,cate2,0,18,7,0.213867,0.327148,0.064453,0.103516,7,7.000000,0.934030
cate2-00032,cate2,0,21,8,0.531250,0.493164,0.046875,0.201172,8,8.000000,0.915266
cate2-00032,cate2,0,22,9,0.568359,0.488281,0.035156,0.195312,9,9.000000,0.845997
cate2-00032,cate2,0,23,10,0.604492,0.472656,0.044922,0.230469,10,10.000000,0.943901
cate2-00032,cate2,0,24,11,0.639648,0.499023,0.052734,0.162109,11,11.000000,0.756247
cate2-00032,cate2,0,25,12,0.679688,0.488281,0.046875,0.160156,12,12.000000,0.908118
cate2-00032,cate2,0,26,13,0.733398,0.475586,0.064453,0.162109,13,13.000000,0.914709
cate2-00032,cate2,0,27,14,0.786133,0.438477,0.072266,0.173828,14,14.000000,0.901927
cate2-00032,cate2,0,28,15,0.803711,0.336914,0.068359,0.103516,15,15.000000,0.895232
cate2-00032,cate2,0,31,16,0.517578,0.687500,0.023438,0.167969,16,16.000000,0.868928
cate2-00032,cate2,0,32,17,0.546875,0.693359,0.031250,0.171875,17,17.000000,0.906680
cate2-00032,cate2,0,33,18,0.582031,0.694336,0.035156,0.201172,18,18.000000,0.875259
cate2-00032,cate2,0,34,19,0.616211,0.685547,0.052734,0.191406,19,19.000000,0.903886
cate2-00032,cate2,0,35,20,0.657227,0.672852,0.052734,0.189453,20,20.000000,0.863716
cate2-00032,cate2,0,36,21,0.718750,0.656250,0.089844,0.187500,21,21.000000,0.926848
cate2-00032,cate2,0,37,22,0.783203,0.622070,0.089844,0.197266,22,22.000000,0.962966
cate2-00032,cate2,0,38,23,0.850586,0.601562,0.072266,0.121094,23,23.000000,0.922074
cate2-00032,cate2,0,41,24,0.487305,0.683594,0.029297,0.152344,24,24.000000,0.852607
cate2-00032,cate2,0,42,25,0.458984,0.685547,0.031250,0.167969,25,25.000000,0.868080
cate2-00032,cate2,0,43,26,0.429688,0.688477,0.035156,0.185547,26,26.000000,0.888650
cate2-00032,cate2,0,44,27,0.389648,0.688477,0.048828,0.193359,27,27.000000,0.849087
cate2-00032,cate2,0,45,28,0.353516,0.666016,0.054688,0.183594,28,28.000000,0.906441
cate2-00032,cate2,0,46,29,0.290039,0.651367,0.095703,0.189453,29,29.000000,0.944554
cate2-00032,cate2,0,47,30,0.223633,0.611328,0.099609,0.191406,30,30.000000,0.911718
cate2-00032,cate2,0,48,31,0.161133,0.586914,0.076172,0.119141,31,31.000000,0.958447
cate2-00033,cate2,0,11,0,0.490234,0.507812,0.039062,0.210938,0,0.000000,0.886619
cate2-00033,cate2,0,12,1,0.455078,0.505859,0.035156,0.187500,1,1.000000,0.897678
cate2-00033,cate2,0,13,2,0.423828,0.484375,0.042969,0.238281,2,2.000000,0.856226
cate2-00033,cate2,0,14,3,0.390625,0.488281,0.054688,0.218750,3,3.000000,0.866372
cate2-00033,cate2,0,15,4,0.351562,0.497070,0.046875,0.177734,4,4.000000,0.939024
cate2-00033,cate2,0,16,5,0.300781,0.483398,0.066406,0.185547,5,5.000000,0.932418
cate2-00033,cate2,0,17,6,0.248047,0.449219,0.070312,0.160156,6,6.000000,0.911508
cate2-00033,cate2,0,18,7,0.229492,0.353516,0.056641,0.101562,7,7.000000,0.934258
cate2-00033,cate2,0,21,8,0.528320,0.500977,0.037109,0.216797,8,8.000000,0.912830
cate2-00033,cate2,0,22,9,0.561523,0.505859,0.033203,0.175781,9,9.000000,0.910796
cate2-00033,cate2,0,23,10,0.595703,0.490234,0.046875,0.226562,10,10.000000,0.835897
cate2-00033,cate2,0,24,11,0.631836,0.499023,0.037109,0.201172,11,11.000000,0.862760
cate2-00033,cate2,0,25,12,0.666992,0.495117,0.041016,0.185547,12,12.000000,0.911295
cate2-00033,cate2,0,26,13,0.711914,0.483398,0.064453,0.173828,14,13.000000,0.864783
cate2-00033,cate2,0,27,14,0.769531,0.452148,0.066406,0.166016,14,14.000000,0.891721
cate2-00033,cate2,0,28,15,0.789062,0.367188,0.058594,0.105469,15,15.000000,0.862169
cate2-00033,cate2,0,31,16,0.506836,0.704102,0.025391,0.142578,16,16.000000,0.878465
cate2-00033,cate2,0,32,17,0.530273,0.700195,0.037109,0.146484,16,17.000000,0.916271
cate2-00033,cate2,0,33,18,0.559570,0.713867,0.037109,0.189453,17,18.000000,0.904058
cate2-00033,cate2,0,34,19,0.591797,0.701172,0.046875,0.167969,18,19.000000,0.876661
cate2-00033,cate2,0,35,20,0.635742,0.707031,0.076172,0.199219,20,20.000000,0.877192
cate2-00033,cate2,0,36,21,0.696289,0.680664,0.111328,0.208984,21,21.000000,0.932278
cate2-00033,cate2,0,37,22,0.762695,0.632812,0.095703,0.179688,22,22.000000,0.966459
cate2-00033,cate2,0,38,23,0.823242,0.595703,0.068359,0.121094,23,23.000000,0.928736
cate2-00033,cate2,0,41,24,0.482422,0.703125,0.023438,0.144531,24,24.000000,0.852928
cate2-00033,cate2,0,42,25,0.457031,0.704102,0.031250,0.146484,25,25.000000,0.862676
cate2-00033,cate2,0,43,26,0.426758,0.713867,0.033203,0.193359,26,26.000000,0.881596
cate2-00033,cate2,0,44,27,0.394531,0.708984,0.042969,0.191406,27,27.000000,0.886773
cate2-00033,cate2,0,45,28,0.351562,0.704102,0.062500,0.193359,28,28.000000,0.929009
cate2-00033,cate2,0,46,29,0.294922,0.676758,0.101562,0.205078,29,29.000000,0.932025
cate2-00033,cate2,0,47,30,0.239258,0.640625,0.076172,0.175781,30,30.000000,0.924687
cate2-00033,cate2,0,48,31,0.188477,0.587891,0.068359,0.117188,31,31.000000,0.924146
cate2-00034,cate2,2,11,0,0.471680,0.380859,0.044922,0.230469,0,0.000000,0.875336
cate2-00034,cate2,2,12,1,0.433594,0.368164,0.031250,0.220703,1,1.000000,0.877433
cate2-00034,cate2,2,13,2,0.399414,0.356445,0.041016,0.287109,2,2.000000,0.893856
cate2-00034,cate2,2,14,3,0.362305,0.403320,0.041016,0.193359,4,3.000000,0.889491
cate2-00034,cate2,2,15,4,0.327148,0.354492,0.037109,0.267578,4,4.000000,0.857968
cate2-00034,cate2,2,16,5,0.282227,0.357422,0.064453,0.218750,5,5.000000,0.910700
cate2-00034,cate2,2,17,6,0.230469,0.346680,0.066406,0.185547,6,6.000000,0.931454
cate2-00034,cate2,2,18,7,0.187500,0.299805,0.066406,0.169922,7,7.000000,0.939675
cate2-00034,cate2,2,21,8,0.513672,0.354492,0.042969,0.271484,8,8.000000,0.861009
cate2-00034,cate2,2,22,9,0.553711,0.339844,0.041016,0.269531,9,9.000000,0.817711
cate2-00034,cate2,2,23,10,0.594727,0.330078,0.052734,0.328125,10,10.000000,0.920406
cate2-00034,cate2,2,24,11,0.635742,0.376953,0.037109,0.214844,11,11.000000,0.860507
cate2-00034,cate2,2,25,12,0.667969,0.344727,0.046875,0.255859,12,12.000000,0.901975
cate2-00034,cate2,2,26,13,0.718750,0.352539,0.062500,0.197266,13,13.000000,0.958353
cate2-00034,cate2,2,27,14,0.776367,0.324219,0.068359,0.191406,14,14.000000,0.931998
cate2-00034,cate2,2,28,15,0.818359,0.285156,0.062500,0.128906,15,15.000000,0.907347
cate2-00034,cate2,2,31,16,0.505859,0.594727,0.027344,0.177734,16,16.000000,0.872513
cate2-00034,cate2,2,32,17,0.534180,0.587891,0.033203,0.175781,17,17.000000,0.906372
cate2-00034,cate2,2,33,18,0.577148,0.605469,0.041016,0.234375,18,18.000000,0.903405
cate2-00034,cate2,2,34,19,0.616211,0.602539,0.052734,0.232422,19,19.000000,0.914400
cate2-00034,cate2,2,35,20,0.663086,0.602539,0.072266,0.240234,20,20.000000,0.936141
cate2-00034,cate2,2,36,21,0.718750,0.570312,0.093750,0.238281,21,21.000000,0.909965
cate2-00034,cate2,2,37,22,0.782227,0.531250,0.091797,0.222656,22,22.000000,0.925366
cate2-00034,cate2,2,38,23,0.837891,0.487305,0.085938,0.201172,23,23.000000,0.914133
cate2-00034,cate2,2,41,24,0.477539,0.589844,0.025391,0.171875,24,24.000000,0.827567
cate2-00034,cate2,2,42,25,0.451172,0.603516,0.031250,0.179688,25,25.000000,0.843512
cate2-00034,cate2,2,43,26,0.406250,0.629883,0.050781,0.255859,26,26.000000,0.915468
cate2-00034,cate2,2,44,27,0.371094,0.614258,0.050781,0.224609,28,27.000000,0.882137
cate2-00034,cate2,2,45,28,0.330078,0.599609,0.062500,0.210938,28,28.000000,0.893668
cate2-00034,cate2,2,46,29,0.280273,0.583984,0.083984,0.226562,29,29.000000,0.920123
cate2-00034,cate2,2,47,30,0.221680,0.552734,0.083984,0.222656,30,30.000000,0.901018
cate2-00034,cate2,2,48,31,0.163086,0.521484,0.072266,0.167969,31,31.000000,0.934087
cate2-00035,cate2,1,11,0,0.468750,0.501953,0.042969,0.226562,1,0.000000,0.839196
cate2-00035,cate2,1,12,1,0.433594,0.505859,0.039062,0.203125,2,1.000000,0.897367
cate2-00035,cate2,1,13,2,0.401367,0.410156,0.048828,0.234375,3,2.000000,0.913399
cate2-00035,cate2,1,14,3,0.383789,0.500000,0.041016,0.183594,3,3.000000,0.901151
cate2-00035,cate2,1,15,4,0.348633,0.490234,0.037109,0.203125,4,4.000000,0.930238
cate2-00035,cate2,1,16,5,0.304688,0.479492,0.054688,0.189453,5,5.000000,0.898811
cate2-00035,cate2,1,17,6,0.257812,0.475586,0.054688,0.150391,6,6.000000,0.919114
cate2-00035,cate2,1,18,7,0.238281,0.389648,0.058594,0.103516,7,7.000000,0.940984
cate2-00035,cate2,1,21,8,0.510742,0.500000,0.044922,0.222656,8,8.000000,0.815849
cate2-00035,cate2,1,22,9,0.544922,0.500000,0.035156,0.195312,9,9.000000,0.873396
cate2-00035,cate2,1,23,10,0.580078,0.470703,0.042969,0.269531,9,10.000000,0.901464
cate2-00035,cate2,1,24,11,0.619141,0.491211,0.046875,0.208984,11,11.000000,0.902750
cate2-00035,cate2,1,25,12,0.657227,0.496094,0.041016,0.191406,12,12.000000,0.923970
cate2-00035,cate2,1,26,13,0.704102,0.485352,0.060547,0.181641,13,13.000000,0.911671
cate2-00035,cate2,1,27,14,0.750000,0.464844,0.066406,0.167969,13,14.000000,0.877229
cate2-00035,cate2,1,28,15,0.773438,0.382812,0.062500,0.105469,15,15.000000,0.923279
cate2-00035,cate2,1,31,16,0.518555,0.728516,0.029297,0.160156,24,16.000000,0.825830
cate2-00035,cate2,1,32,17,0.546875,0.717773,0.031250,0.158203,17,17.000000,0.733306
cate2-00035,cate2,1,33,18,0.573242,0.736328,0.041016,0.210938,18,18.000000,0.906665
cate2-00035,cate2,1,34,19,0.607422,0.729492,0.042969,0.185547,19,19.000000,0.844457
cate2-00035,cate2,1,35,20,0.646484,0.724609,0.042969,0.191406,19,20.000000,0.870747
cate2-00035,cate2,1,36,21,0.709961,0.706055,0.099609,0.193359,21,21.000000,0.940743
cate2-00035,cate2,1,37,22,0.753906,0.680664,0.070312,0.177734,22,22.000000,0.923096
cate2-00035,cate2,1,38,23,0.818359,0.651367,0.070312,0.123047,23,23.000000,0.945314
cate2-00035,cate2,1,41,24,0.502930,0.711914,0.033203,0.162109,24,24.000000,0.826284
cate2-00035,cate2,1,42,25,0.471680,0.731445,0.037109,0.181641,25,25.000000,0.819588
cate2-00035,cate2,1,43,26,0.442383,0.728516,0.052734,0.207031,26,26.000000,0.841596
cate2-00035,cate2,1,44,27,0.413086,0.728516,0.037109,0.214844,26,27.000000,0.885177
cate2-00035,cate2,1,45,28,0.374023,0.725586,0.041016,0.185547,27,28.000000,0.870825
cate2-00035,cate2,1,46,29,0.317383,0.714844,0.083984,0.210938,29,29.000000,0.943003
cate2-00035,cate2,1,47,30,0.261719,0.676758,0.078125,0.169922,30,30.000000,0.910761
cate2-00035,cate2,1,48,31,0.215820,0.662109,0.060547,0.117188,31,31.000000,0.906682
cate2-00036,cate2,1,11,0,0.502930,0.440430,0.041016,0.189453,0,0.000000,0.881692
cate2-00036,cate2,1,12,1,0.469727,0.429688,0.033203,0.207031,1,1.000000,0.864680
cate2-00036,cate2,1,13,2,0.444336,0.418945,0.041016,0.248047,1,2.000000,0.868316
cate2-00036,cate2,1,14,3,0.405273,0.451172,0.048828,0.171875,3,3.000000,0.904996
cate2-00036,cate2,1,15,4,0.366211,0.441406,0.041016,0.187500,3,4.000000,0.879850
cate2-00036,cate2,1,16,5,0.318359,0.420898,0.062500,0.205078,5,5.000000,0.886290
cate2-00036,cate2,1,17,6,0.261719,0.416016,0.062500,0.187500,6,6.000000,0.931980
cate2-00036,cate2,1,18,7,0.213867,0.397461,0.056641,0.173828,6,7.000000,0.941288
cate2-00036,cate2,1,21,8,0.542969,0.420898,0.035156,0.240234,9,8.000000,0.836966
cate2-00036,cate2,1,22,9,0.577148,0.432617,0.025391,0.236328,9,9.000000,0.846759
cate2-00036,cate2,1,23,10,0.607422,0.420898,0.035156,0.275391,10,10.000000,0.887879
cate2-00036,cate2,1,24,11,0.637695,0.463867,0.041016,0.197266,11,11.000000,0.846224
cate2-00036,cate2,1,25,12,0.669922,0.463867,0.039062,0.181641,12,12.000000,0.841809
cate2-00036,cate2,1,26,13,0.715820,0.428711,0.060547,0.224609,13,13.000000,0.918267
cate2-00036,cate2,1,27,14,0.768555,0.431641,0.052734,0.183594,14,14.000000,0.867694
cate2-00036,cate2,1,28,15,0.807617,0.408203,0.052734,0.160156,15,15.000000,0.899843
cate2-00036,cate2,1,31,16,0.517578,0.637695,0.023438,0.166016,16,16.000000,0.848538
cate2-00036,cate2,1,32,17,0.543945,0.644531,0.025391,0.179688,17,17.000000,0.893212
cate2-00036,cate2,1,33,18,0.572266,0.667969,0.035156,0.218750,18,18.000000,0.873019
cate2-00036,cate2,1,34,19,0.602539,0.661133,0.044922,0.201172,19,19.000000,0.861381
cate2-00036,cate2,1,35,20,0.641602,0.658203,0.048828,0.187500,19,20.000000,0.897556
cate2-00036,cate2,1,36,21,0.700195,0.649414,0.091797,0.201172,21,21.000000,0.944786
cate2-00036,cate2,1,37,22,0.761719,0.625977,0.089844,0.189453,22,22.000000,0.953304
cate2-00036,cate2,1,38,23,0.815430,0.587891,0.068359,0.164062,23,23.000000,0.912247
cate2-00036,cate2,1,41,24,0.493164,0.642578,0.025391,0.179688,24,24.000000,0.847057
cate2-00036,cate2,1,42,25,0.468750,0.651367,0.023438,0.197266,25,25.000000,0.884114
cate2-00036,cate2,1,43,26,0.441406,0.655273,0.031250,0.205078,25,26.000000,0.860778
cate2-00036,cate2,1,44,27,0.410156,0.649414,0.039062,0.197266,26,27.000000,0.919273
cate2-00036,cate2,1,45,28,0.375000,0.647461,0.050781,0.208984,27,28.000000,0.904998
cate2-00036,cate2,1,46,29,0.316406,0.636719,0.089844,0.207031,29,29.000000,0.965803
cate2-00036,cate2,1,47,30,0.255859,0.602539,0.089844,0.189453,30,30.000000,0.919706
cate2-00036,cate2,1,48,31,0.185547,0.588867,0.082031,0.123047,31,31.000000,0.924597
cate2-00037,cate2,2,11,0,0.476562,0.450195,0.050781,0.263672,0,0.000000,0.922294
cate2-00037,cate2,2,12,1,0.442383,0.446289,0.052734,0.228516,1,1.000000,0.890791
cate2-00037,cate2,2,13,2,0.398438,0.330078,0.058594,0.316406,2,2.000000,0.908335
cate2-00037,cate2,2,14,3,0.360352,0.428711,0.056641,0.205078,3,3.000000,0.863431
cate2-00037,cate2,2,15,4,0.315430,0.426758,0.056641,0.181641,5,4.000000,0.941478
cate2-00037,cate2,2,16,5,0.264648,0.407227,0.076172,0.189453,6,5.000000,0.945904
cate2-00037,cate2,2,17,6,0.222656,0.353516,0.070312,0.167969,7,6.000000,0.929956
cate2-00037,cate2,2,18,7,0.192383,0.269531,0.048828,0.101562,7,7.000000,0.894847
cate2-00037,cate2,2,21,8,0.527344,0.434570,0.042969,0.283203,8,8.000000,0.915872
cate2-00037,cate2,2,22,9,0.561523,0.429688,0.056641,0.246094,9,9.000000,0.897258
cate2-00037,cate2,2,23,10,0.599609,0.396484,0.054688,0.296875,10,10.000000,0.928951
cate2-00037,cate2,2,24,11,0.639648,0.412109,0.052734,0.238281,11,11.000000,0.912357
cate2-00037,cate2,2,25,12,0.683594,0.413086,0.046875,0.201172,12,12.000000,0.886510
cate2-00037,cate2,2,26,13,0.731445,0.412109,0.076172,0.203125,13,13.000000,0.955591
cate2-00037,cate2,2,27,14,0.773438,0.334961,0.078125,0.166016,14,14.000000,0.919532
cate2-00037,cate2,2,28,15,0.806641,0.255859,0.050781,0.105469,15,15.000000,0.839890
cate2-00037,cate2,2,31,16,0.514648,0.686523,0.025391,0.162109,16,16.000000,0.750177
cate2-00037,cate2,2,32,17,0.539062,0.686523,0.031250,0.185547,17,17.000000,0.855388
cate2-00037,cate2,2,33,18,0.570312,0.721680,0.039062,0.244141,18,18.000000,0.874059
cate2-00037,cate2,2,34,19,0.613281,0.710938,0.046875,0.199219,19,19.000000,0.917187
cate2-00037,cate2,2,35,20,0.656250,0.685547,0.089844,0.214844,20,20.000000,0.902680
cate2-00037,cate2,2,36,21,0.716797,0.663086,0.109375,0.224609,21,21.000000,0.947561
cate2-00037,cate2,2,37,22,0.788086,0.607422,0.107422,0.191406,22,22.000000,0.964805
cate2-00037,cate2,2,38,23,0.828125,0.539062,0.054688,0.109375,23,23.000000,0.869149
cate2-00037,cate2,2,41,24,0.491211,0.685547,0.025391,0.175781,24,24.000000,0.826054
cate2-00037,cate2,2,42,25,0.466797,0.685547,0.039062,0.191406,25,25.000000,0.864635
cate2-00037,cate2,2,43,26,0.436523,0.713867,0.048828,0.208984,26,26.000000,0.894358
cate2-00037,cate2,2,44,27,0.396484,0.693359,0.058594,0.195312,27,27.000000,0.916768
cate2-00037,cate2,2,45,28,0.364258,0.669922,0.068359,0.199219,28,28.000000,0.845946
cate2-00037,cate2,2,46,29,0.300781,0.663086,0.101562,0.236328,29,29.000000,0.916829
cate2-00037,cate2,2,47,30,0.220703,0.596680,0.105469,0.177734,30,30.000000,0.942606
cate2-00037,cate2,2,48,31,0.177734,0.537109,0.062500,0.113281,31,31.000000,0.884797
cate2-00038,cate2,4,11,0,0.495117,0.487305,0.048828,0.240234,0,0.000000,0.933283
cate2-00038,cate2,4,12,1,0.460938,0.469727,0.039062,0.240234,1,1.000000,0.833006
cate2-00038,cate2,4,13,2,0.434570,0.420898,0.044922,0.298828,2,2.000000,0.892832
cate2-00038,cate2,4,14,3,0.404297,0.471680,0.050781,0.208984,2,3.000000,0.867263
cate2-00038,cate2,4,15,4,0.366211,0.456055,0.048828,0.224609,3,4.000000,0.761974
cate2-00038,cate2,4,16,5,0.317383,0.458984,0.068359,0.199219,5,5.000000,0.899382
cate2-00038,cate2,4,17,6,0.266602,0.426758,0.072266,0.197266,6,6.000000,0.910415
cate2-00038,cate2,4,18,7,0.236328,0.337891,0.070312,0.167969,6,7.000000,0.930083
cate2-00038,cate2,4,21,8,0.531250,0.492188,0.042969,0.234375,8,8.000000,0.923700
cate2-00038,cate2,4,22,9,0.566406,0.487305,0.031250,0.228516,9,9.000000,0.880479
cate2-00038,cate2,4,23,10,0.597656,0.462891,0.035156,0.246094,10,10.000000,0.790790
cate2-00038,cate2,4,24,11,0.622070,0.474609,0.048828,0.226562,11,11.000000,0.878108
cate2-00038,cate2,4,25,12,0.660156,0.470703,0.042969,0.238281,11,12.000000,0.850700
cate2-00038,cate2,4,26,13,0.700195,0.458008,0.060547,0.244141,13,13.000000,0.879131
cate2-00038,cate2,4,27,14,0.745117,0.438477,0.072266,0.216797,14,14.000000,0.921490
cate2-00038,cate2,4,28,15,0.771484,0.378906,0.062500,0.113281,15,15.000000,0.925471
cate2-00038,cate2,4,31,16,0.523438,0.723633,0.027344,0.189453,16,16.000000,0.822760
cate2-00038,cate2,4,32,17,0.547852,0.733398,0.029297,0.197266,16,17.000000,0.893624
cate2-00038,cate2,4,33,18,0.582031,0.742188,0.035156,0.230469,18,18.000000,0.867715
cate2-00038,cate2,4,34,19,0.619141,0.747070,0.050781,0.224609,18,19.000000,0.934463
cate2-00038,cate2,4,35,20,0.657227,0.745117,0.064453,0.228516,20,20.000000,0.868165
cate2-00038,cate2,4,36,21,0.714844,0.722656,0.097656,0.222656,21,21.000000,0.983555
cate2-00038,cate2,4,37,22,0.770508,0.665039,0.091797,0.197266,22,22.000000,0.957309
cate2-00038,cate2,4,38,23,0.824219,0.623047,0.074219,0.132812,23,23.000000,0.895518
cate2-00038,cate2,4,41,24,0.494141,0.711914,0.027344,0.208984,24,24.000000,0.830100
cate2-00038,cate2,4,42,25,0.472656,0.717773,0.042969,0.189453,25,25.000000,0.813735
cate2-00038,cate2,4,43,26,0.435547,0.712891,0.042969,0.210938,26,26.000000,0.936940
cate2-00038,cate2,4,44,27,0.401367,0.719727,0.052734,0.216797,27,27.000000,0.896996
cate2-00038,cate2,4,45,28,0.356445,0.713867,0.064453,0.216797,28,28.000000,0.936927
cate2-00038,cate2,4,46,29,0.291016,0.689453,0.113281,0.214844,29,29.000000,0.931612
cate2-00038,cate2,4,47,30,0.230469,0.632812,0.101562,0.191406,30,30.000000,0.946137
cate2-00038,cate2,4,48,31,0.172852,0.588867,0.080078,0.138672,31,31.000000,0.946694
cate2-00039,cate2,1,11,0,0.497070,0.487305,0.037109,0.248047,0,0.000000,0.851967
cate2-00039,cate2,1,12,1,0.461914,0.481445,0.037109,0.220703,1,1.000000,0.838726
cate2-00039,cate2,1,13,2,0.425781,0.462891,0.046875,0.246094,2,2.000000,0.885426
cate2-00039,cate2,1,14,3,0.391602,0.453125,0.052734,0.234375,3,3.000000,0.858214
cate2-00039,cate2,1,15,4,0.348633,0.443359,0.048828,0.222656,4,4.000000,0.903571
cate2-00039,cate2,1,16,5,0.297852,0.440430,0.064453,0.185547,5,5.000000,0.902387
cate2-00039,cate2,1,17,6,0.249023,0.394531,0.076172,0.199219,6,6.000000,0.920324
cate2-00039,cate2,1,18,7,0.222656,0.315430,0.058594,0.115234,7,7.000000,0.950606
cate2-00039,cate2,1,21,8,0.535156,0.486328,0.039062,0.250000,8,8.000000,0.785150
cate2-00039,cate2,1,22,9,0.570312,0.484375,0.031250,0.214844,9,9.000000,0.826110
cate2-00039,cate2,1,23,10,0.604492,0.450195,0.044922,0.259766,10,10.000000,0.916377
cate2-00039,cate2,1,24,11,0.638672,0.448242,0.046875,0.224609,11,11.000000,0.882522
cate2-00039,cate2,1,25,12,0.678711,0.428711,0.037109,0.228516,12,12.000000,0.869836
cate2-00039,cate2,1,26,13,0.722656,0.417969,0.058594,0.203125,13,13.000000,0.954618
cate2-00039,cate2,1,27,14,0.767578,0.383789,0.062500,0.185547,14,14.000000,0.943069
cate2-00039,cate2,1,28,15,0.789062,0.288086,0.058594,0.115234,15,15.000000,0.933328
cate2-00039,cate2,1,31,16,0.525391,0.707031,0.027344,0.156250,16,16.000000,0.846171
cate2-00039,cate2,1,32,17,0.550781,0.702148,0.031250,0.173828,17,17.000000,0.852616
cate2-00039,cate2,1,33,18,0.584961,0.708984,0.044922,0.218750,18,18.000000,0.901426
cate2-00039,cate2,1,34,19,0.623047,0.691406,0.054688,0.203125,19,19.000000,0.902226
cate2-00039,cate2,1,35,20,0.669922,0.676758,0.066406,0.208984,20,20.000000,0.909765
cate2-00039,cate2,1,36,21,0.721680,0.633789,0.095703,0.197266,21,21.000000,0.932487
cate2-00039,cate2,1,37,22,0.788086,0.579102,0.107422,0.177734,23,22.000000,0.957584
cate2-00039,cate2,1,38,23,0.840820,0.541016,0.068359,0.125000,23,23.000000,0.929066
cate2-00039,cate2,1,41,24,0.498047,0.709961,0.031250,0.154297,24,24.000000,0.828373
cate2-00039,cate2,1,42,25,0.469727,0.709961,0.037109,0.169922,25,25.000000,0.873964
cate2-00039,cate2,1,43,26,0.440430,0.714844,0.037109,0.199219,26,26.000000,0.905455
cate2-00039,cate2,1,44,27,0.404297,0.701172,0.046875,0.203125,27,27.000000,0.897685
cate2-00039,cate2,1,45,28,0.351562,0.691406,0.078125,0.207031,28,28.000000,0.929871
cate2-00039,cate2,1,46,29,0.297852,0.653320,0.107422,0.205078,29,29.000000,0.946875
cate2-00039,cate2,1,47,30,0.227539,0.596680,0.111328,0.177734,30,30.000000,0.907050
cate2-00039,cate2,1,48,31,0.158203,0.573242,0.066406,0.126953,31,31.000000,0.919786
cate2-00040,cate2,4,11,0,0.487305,0.481445,0.037109,0.208984,0,0.000000,0.919343
cate2-00040,cate2,4,12,1,0.451172,0.470703,0.031250,0.203125,1,1.000000,0.802778
cate2-00040,cate2,4,13,2,0.416992,0.451172,0.037109,0.246094,2,2.000000,0.843372
cate2-00040,cate2,4,14,3,0.391602,0.471680,0.048828,0.224609,3,3.000000,0.877651
cate2-00040,cate2,4,15,4,0.357422,0.485352,0.050781,0.197266,4,4.000000,0.824329
cate2-00040,cate2,4,16,5,0.311523,0.467773,0.064453,0.197266,5,5.000000,0.917083
cate2-00040,cate2,4,17,6,0.269531,0.408203,0.062500,0.148438,5,6.000000,0.941879
cate2-00040,cate2,4,18,7,0.239258,0.338867,0.052734,0.080078,7,7.000000,0.863691
cate2-00040,cate2,4,21,8,0.525391,0.481445,0.039062,0.212891,8,8.000000,0.912475
cate2-00040,cate2,4,22,9,0.554688,0.463867,0.042969,0.220703,8,9.000000,0.868313
cate2-00040,cate2,4,23,10,0.585938,0.409180,0.046875,0.216797,10,10.000000,0.833441
cate2-00040,cate2,4,24,11,0.599609,0.467773,0.054688,0.240234,10,11.000000,0.594353
cate2-00040,cate2,4,25,12,0.636719,0.477539,0.054688,0.228516,11,12.000000,0.838522
cate2-00040,cate2,4,26,13,0.688477,0.469727,0.064453,0.212891,13,13.000000,0.930766
cate2-00040,cate2,4,27,14,0.733398,0.411133,0.076172,0.158203,13,14.000000,0.914444
cate2-00040,cate2,4,28,15,0.770508,0.343750,0.056641,0.078125,15,15.000000,0.926943
cate2-00040,cate2,4,31,16,0.511719,0.690430,0.031250,0.177734,16,16.000000,0.824846
cate2-00040,cate2,4,32,17,0.530273,0.699219,0.033203,0.187500,17,17.000000,0.900387
cate2-00040,cate2,4,33,18,0.557617,0.710938,0.037109,0.222656,17,18.000000,0.874555
cate2-00040,cate2,4,34,19,0.593750,0.723633,0.046875,0.216797,18,19.000000,0.921911
cate2-00040,cate2,4,35,20,0.637695,0.736328,0.056641,0.203125,19,20.000000,0.920935
cate2-00040,cate2,4,36,21,0.708008,0.703125,0.119141,0.226562,21,21.000000,0.967354
cate2-00040,cate2,4,37,22,0.771484,0.706055,0.082031,0.162109,22,22.000000,0.944188
cate2-00040,cate2,4,38,23,0.820312,0.646484,0.054688,0.113281,23,23.000000,0.907027
cate2-00040,cate2,4,41,24,0.482422,0.693359,0.023438,0.171875,24,24.000000,0.817833
cate2-00040,cate2,4,42,25,0.457031,0.694336,0.027344,0.181641,25,25.000000,0.827666
cate2-00040,cate2,4,43,26,0.429688,0.713867,0.035156,0.228516,26,26.000000,0.916698
cate2-00040,cate2,4,44,27,0.396484,0.722656,0.042969,0.214844,27,27.000000,0.914947
cate2-00040,cate2,4,45,28,0.353516,0.739258,0.054688,0.201172,28,28.000000,0.868847
cate2-00040,cate2,4,46,29,0.296875,0.697266,0.105469,0.218750,29,29.000000,0.941971
cate2-00040,cate2,4,47,30,0.236328,0.701172,0.082031,0.171875,30,30.000000,0.946768
cate2-00040,cate2,4,48,31,0.193359,0.631836,0.046875,0.103516,31,31.000000,0.903863
cate2-00101,cate2,0,11,0,0.509766,0.508789,0.042969,0.216797,0,0.000000,0.880345
cate2-00101,cate2,0,12,1,0.477539,0.492188,0.037109,0.222656,0,1.000000,0.626420
cate2-00101,cate2,0,13,2,0.438477,0.460938,0.044922,0.257812,1,2.000000,0.827649
cate2-00101,cate2,0,14,3,0.407227,0.492188,0.033203,0.199219,2,3.000000,0.651358
cate2-00101,cate2,0,15,4,0.381836,0.490234,0.052734,0.210938,3,4.000000,0.789322
cate2-00101,cate2,0,16,5,0.332031,0.509766,0.066406,0.179688,5,5.000000,0.925846
cate2-00101,cate2,0,17,6,0.285156,0.473633,0.062500,0.119141,7,6.000000,0.926478
cate2-00101,cate2,0,18,7,0.248047,0.407227,0.050781,0.083984,7,7.000000,0.916813
cate2-00101,cate2,0,21,8,0.547852,0.510742,0.041016,0.220703,8,8.000000,0.832353
cate2-00101,cate2,0,22,9,0.580078,0.511719,0.027344,0.199219,9,9.000000,0.868761
cate2-00101,cate2,0,23,10,0.609375,0.444336,0.031250,0.326172,10,10.000000,0.840993
cate2-00101,cate2,0,24,11,0.631836,0.519531,0.041016,0.210938,11,11.000000,0.796027
cate2-00101,cate2,0,25,12,0.666992,0.527344,0.041016,0.191406,12,12.000000,0.940548
cate2-00101,cate2,0,26,13,0.708008,0.530273,0.056641,0.181641,14,13.000000,0.943847
cate2-00101,cate2,0,27,14,0.749023,0.499023,0.052734,0.119141,15,14.000000,0.889787
cate2-00101,cate2,0,28,15,0.778320,0.424805,0.044922,0.083984,15,15.000000,0.874348
cate2-00101,cate2,0,31,16,0.529297,0.736328,0.027344,0.195312,16,16.000000,0.897790
cate2-00101,cate2,0,32,17,0.558594,0.739258,0.031250,0.197266,17,17.000000,0.893436
cate2-00101,cate2,0,33,18,0.583984,0.769531,0.042969,0.246094,18,18.000000,0.846524
cate2-00101,cate2,0,34,19,0.626953,0.765625,0.039062,0.214844,19,19.000000,0.878014
cate2-00101,cate2,0,35,20,0.664062,0.761719,0.046875,0.210938,20,20.000000,0.903052
cate2-00101,cate2,0,36,21,0.719727,0.745117,0.080078,0.201172,21,21.000000,0.921609
cate2-00101,cate2,0,37,22,0.779297,0.714844,0.082031,0.191406,22,22.000000,0.945520
cate2-00101,cate2,0,38,23,0.837891,0.687500,0.050781,0.113281,23,23.000000,0.869804
cate2-00101,cate2,0,41,24,0.505859,0.743164,0.027344,0.205078,16,24.000000,0.848902
cate2-00101,cate2,0,42,25,0.473633,0.743164,0.029297,0.208984,25,25.000000,0.869848
cate2-00101,cate2,0,43,26,0.439453,0.758789,0.035156,0.248047,26,26.000000,0.858232
cate2-00101,cate2,0,44,27,0.401367,0.754883,0.041016,0.232422,27,27.000000,0.877834
cate2-00101,cate2,0,45,28,0.359375,0.750977,0.054688,0.220703,28,28.000000,0.815283
cate2-00101,cate2,0,46,29,0.296875,0.733398,0.093750,0.224609,29,29.000000,0.931625
cate2-00101,cate2,0,47,30,0.232422,0.689453,0.093750,0.191406,30,30.000000,0.923291
cate2-00101,cate2,0,48,31,0.173828,0.653320,0.062500,0.111328,31,31.000000,0.932849
cate2-00102,cate2,3,11,0,0.490234,0.465820,0.066406,0.216797,0,0.000000,0.897377
cate2-00102,cate2,3,12,1,0.454102,0.460938,0.052734,0.226562,1,1.000000,0.885603
cate2-00102,cate2,3,13,2,0.404297,0.434570,0.050781,0.255859,2,2.000000,0.904356
cate2-00102,cate2,3,14,3,0.360352,0.455078,0.052734,0.218750,3,3.000000,0.854933
cate2-00102,cate2,3,15,4,0.317383,0.420898,0.048828,0.255859,4,4.000000,0.938424
cate2-00102,cate2,3,16,5,0.268555,0.432617,0.076172,0.205078,5,5.000000,0.919915
cate2-00102,cate2,3,17,6,0.217773,0.388672,0.072266,0.214844,6,6.000000,0.921318
cate2-00102,cate2,3,18,7,0.189453,0.304688,0.050781,0.152344,7,7.000000,0.928529
cate2-00102,cate2,3,21,8,0.538086,0.465820,0.056641,0.240234,8,8.000000,0.897195
cate2-00102,cate2,3,22,9,0.583984,0.468750,0.042969,0.230469,9,9.000000,0.825477
cate2-00102,cate2,3,23,10,0.625000,0.453125,0.046875,0.261719,10,10.000000,0.830108
cate2-00102,cate2,3,24,11,0.663086,0.465820,0.048828,0.232422,11,11.000000,0.889027
cate2-00102,cate2,3,25,12,0.708008,0.447266,0.044922,0.238281,12,12.000000,0.892682
cate2-00102,cate2,3,26,13,0.748047,0.448242,0.078125,0.197266,13,13.000000,0.885245
cate2-00102,cate2,3,27,14,0.790039,0.378906,0.083984,0.226562,14,14.000000,0.947768
cate2-00102,cate2,3,28,15,0.828125,0.303711,0.050781,0.166016,15,15.000000,0.866446
cate2-00102,cate2,3,31,16,0.521484,0.679688,0.031250,0.148438,16,16.000000,0.838526
cate2-00102,cate2,3,32,17,0.555664,0.687500,0.037109,0.156250,17,17.000000,0.721136
cate2-00102,cate2,3,33,18,0.594727,0.706055,0.044922,0.169922,19,18.000000,0.718238
cate2-00102,cate2,3,34,19,0.635742,0.704102,0.064453,0.220703,20,19.000000,0.872655
cate2-00102,cate2,3,35,20,0.682617,0.701172,0.072266,0.226562,20,20.000000,0.945092
cate2-00102,cate2,3,36,21,0.747070,0.672852,0.099609,0.220703,22,21.000000,0.915773
cate2-00102,cate2,3,37,22,0.811523,0.615234,0.091797,0.207031,22,22.000000,0.950819
cate2-00102,cate2,3,38,23,0.868164,0.559570,0.072266,0.126953,23,23.000000,0.884812
cate2-00102,cate2,3,41,24,0.488281,0.684570,0.035156,0.162109,24,24.000000,0.857212
cate2-00102,cate2,3,42,25,0.460938,0.691406,0.050781,0.164062,25,25.000000,0.768351
cate2-00102,cate2,3,43,26,0.413086,0.705078,0.060547,0.214844,27,26.000000,0.912327
cate2-00102,cate2,3,44,27,0.370117,0.693359,0.068359,0.226562,28,27.000000,0.854516
cate2-00102,cate2,3,45,28,0.329102,0.687500,0.080078,0.230469,28,28.000000,0.898697
cate2-00102,cate2,3,46,29,0.263672,0.649414,0.101562,0.224609,29,29.000000,0.929022
cate2-00102,cate2,3,47,30,0.195312,0.593750,0.101562,0.195312,31,30.000000,0.925792
cate2-00102,cate2,3,48,31,0.145508,0.547852,0.060547,0.103516,31,31.000000,0.919551
cate2-00103,cate2,0,11,0,0.473633,0.428711,0.044922,0.240234,0,0.000000,0.908886
cate2-00103,cate2,0,12,1,0.435547,0.422852,0.035156,0.216797,1,1.000000,0.864586
cate2-00103,cate2,0,13,2,0.399414,0.394531,0.041016,0.273438,2,2.000000,0.864491
cate2-00103,cate2,0,14,3,0.369141,0.423828,0.046875,0.203125,3,3.000000,0.882536
cate2-00103,cate2,0,15,4,0.330078,0.407227,0.039062,0.220703,4,4.000000,0.929228
cate2-00103,cate2,0,16,5,0.282227,0.407227,0.056641,0.193359,5,5.000000,0.903569
cate2-00103,cate2,0,17,6,0.237305,0.380859,0.064453,0.195312,6,6.000000,0.917218
cate2-00103,cate2,0,18,7,0.213867,0.303711,0.068359,0.189453,6,7.000000,0.920314
cate2-00103,cate2,0,21,8,0.511719,0.428711,0.042969,0.228516,8,8.000000,0.851365
cate2-00103,cate2,0,22,9,0.549805,0.423828,0.037109,0.222656,9,9.000000,0.871407
cate2-00103,cate2,0,23,10,0.585938,0.381836,0.046875,0.310547,10,10.000000,0.862891
cate2-00103,cate2,0,24,11,0.626953,0.404297,0.042969,0.246094,11,11.000000,0.899892
cate2-00103,cate2,0,25,12,0.664062,0.400391,0.050781,0.234375,12,12.000000,0.921274
cate2-00103,cate2,0,26,13,0.714844,0.400391,0.062500,0.218750,13,13.000000,0.845337
cate2-00103,cate2,0,27,14,0.763672,0.375000,0.074219,0.222656,14,14.000000,0.903438
cate2-00103,cate2,0,28,15,0.795898,0.324219,0.076172,0.148438,15,15.000000,0.893206
cate2-00103,cate2,0,31,16,0.509766,0.644531,0.035156,0.156250,24,16.000000,0.853112
cate2-00103,cate2,0,32,17,0.536133,0.656250,0.033203,0.191406,17,17.000000,0.871951
cate2-00103,cate2,0,33,18,0.568359,0.667969,0.042969,0.203125,18,18.000000,0.835073
cate2-00103,cate2,0,34,19,0.600586,0.659180,0.052734,0.208984,19,19.000000,0.897316
cate2-00103,cate2,0,35,20,0.642578,0.661133,0.058594,0.228516,19,20.000000,0.924770
cate2-00103,cate2,0,36,21,0.702148,0.646484,0.095703,0.234375,21,21.000000,0.888939
cate2-00103,cate2,0,37,22,0.772461,0.615234,0.099609,0.218750,22,22.000000,0.938444
cate2-00103,cate2,0,38,23,0.833984,0.598633,0.093750,0.193359,23,23.000000,0.937236
cate2-00103,cate2,0,41,24,0.485352,0.641602,0.025391,0.154297,24,24.000000,0.830307
cate2-00103,cate2,0,42,25,0.459961,0.648438,0.033203,0.179688,25,25.000000,0.847810
cate2-00103,cate2,0,43,26,0.422852,0.670898,0.048828,0.224609,26,26.000000,0.913157
cate2-00103,cate2,0,44,27,0.392578,0.660156,0.046875,0.210938,27,27.000000,0.874078
cate2-00103,cate2,0,45,28,0.347656,0.661133,0.074219,0.228516,28,28.000000,0.906491
cate2-00103,cate2,0,46,29,0.296875,0.647461,0.093750,0.224609,29,29.000000,0.934630
cate2-00103,cate2,0,47,30,0.236328,0.608398,0.093750,0.205078,30,30.000000,0.910152
cate2-00103,cate2,0,48,31,0.169922,0.576172,0.101562,0.164062,31,31.000000,0.936681
cate2-00104,cate2,2,11,0,0.465820,0.417969,0.048828,0.265625,0,0.000000,0.861418
cate2-00104,cate2,2,12,1,0.427734,0.423828,0.039062,0.222656,2,1.000000,0.831414
cate2-00104,cate2,2,13,2,0.383789,0.429688,0.041016,0.222656,3,2.000000,0.823909
cate2-00104,cate2,2,14,3,0.352539,0.414062,0.048828,0.218750,3,3.000000,0.901255
cate2-00104,cate2,2,15,4,0.312500,0.399414,0.042969,0.216797,4,4.000000,0.902407
cate2-00104,cate2,2,16,5,0.265625,0.387695,0.058594,0.205078,5,5.000000,0.925645
cate2-00104,cate2,2,17,6,0.215820,0.358398,0.060547,0.181641,6,6.000000,0.947827
cate2-00104,cate2,2,18,7,0.189453,0.284180,0.058594,0.111328,7,7.000000,0.905324
cate2-00104,cate2,2,21,8,0.509766,0.416016,0.042969,0.257812,8,8.000000,0.899889
cate2-00104,cate2,2,22,9,0.548828,0.414062,0.035156,0.234375,9,9.000000,0.875537
cate2-00104,cate2,2,23,10,0.589844,0.402344,0.046875,0.269531,10,10.000000,0.892536
cate2-00104,cate2,2,24,11,0.627930,0.400391,0.056641,0.230469,11,11.000000,0.932087
cate2-00104,cate2,2,25,12,0.668945,0.391602,0.048828,0.212891,12,12.000000,0.906204
cate2-00104,cate2,2,26,13,0.722656,0.376953,0.062500,0.210938,13,13.000000,0.942566
cate2-00104,cate2,2,27,14,0.776367,0.348633,0.060547,0.193359,14,14.000000,0.931431
cate2-00104,cate2,2,28,15,0.803711,0.287109,0.060547,0.089844,15,15.000000,0.931911
cate2-00104,cate2,2,31,16,0.514648,0.642578,0.029297,0.152344,16,16.000000,0.867032
cate2-00104,cate2,2,32,17,0.543945,0.642578,0.033203,0.160156,17,17.000000,0.886121
cate2-00104,cate2,2,33,18,0.583008,0.665039,0.048828,0.220703,18,18.000000,0.884601
cate2-00104,cate2,2,34,19,0.624023,0.657227,0.052734,0.212891,19,19.000000,0.930120
cate2-00104,cate2,2,35,20,0.672852,0.644531,0.068359,0.207031,20,20.000000,0.909873
cate2-00104,cate2,2,36,21,0.730469,0.618164,0.101562,0.224609,21,21.000000,0.957319
cate2-00104,cate2,2,37,22,0.799805,0.569336,0.107422,0.201172,22,22.000000,0.924013
cate2-00104,cate2,2,38,23,0.852539,0.529297,0.064453,0.113281,23,23.000000,0.931406
cate2-00104,cate2,2,41,24,0.485352,0.656250,0.029297,0.179688,24,24.000000,0.885617
cate2-00104,cate2,2,42,25,0.455078,0.657227,0.031250,0.185547,25,25.000000,0.860819
cate2-00104,cate2,2,43,26,0.414062,0.667969,0.054688,0.222656,27,26.000000,0.903416
cate2-00104,cate2,2,44,27,0.371094,0.654297,0.066406,0.195312,28,27.000000,0.919228
cate2-00104,cate2,2,45,28,0.325195,0.652344,0.068359,0.207031,28,28.000000,0.901760
cate2-00104,cate2,2,46,29,0.268555,0.618164,0.111328,0.212891,29,29.000000,0.952194
cate2-00104,cate2,2,47,30,0.204102,0.575195,0.111328,0.201172,30,30.000000,0.919061
cate2-00104,cate2,2,48,31,0.151367,0.539062,0.064453,0.109375,31,31.000000,0.949454
cate2-00105,cate2,1,11,0,0.486328,0.350586,0.046875,0.275391,0,0.000000,0.875324
cate2-00105,cate2,1,12,1,0.453125,0.349609,0.039062,0.261719,1,1.000000,0.855870
cate2-00105,cate2,1,13,2,0.410156,0.336914,0.054688,0.271484,2,2.000000,0.845724
cate2-00105,cate2,1,14,3,0.383789,0.349609,0.052734,0.234375,3,3.000000,0.858910
cate2-00105,cate2,1,15,4,0.338867,0.358398,0.048828,0.220703,4,4.000000,0.870193
cate2-00105,cate2,1,16,5,0.290039,0.357422,0.060547,0.199219,5,5.000000,0.919280
cate2-00105,cate2,1,17,6,0.235352,0.337891,0.064453,0.199219,6,6.000000,0.920953
cate2-00105,cate2,1,18,7,0.190430,0.311523,0.072266,0.189453,7,7.000000,0.915691
cate2-00105,cate2,1,21,8,0.528320,0.353516,0.044922,0.265625,8,8.000000,0.820126
cate2-00105,cate2,1,22,9,0.567383,0.362305,0.033203,0.228516,9,9.000000,0.880687
cate2-00105,cate2,1,23,10,0.601562,0.336914,0.042969,0.291016,10,10.000000,0.906368
cate2-00105,cate2,1,24,11,0.636719,0.359375,0.050781,0.226562,11,11.000000,0.889856
cate2-00105,cate2,1,25,12,0.676758,0.361328,0.044922,0.218750,12,12.000000,0.879786
cate2-00105,cate2,1,26,13,0.721680,0.340820,0.056641,0.232422,13,13.000000,0.940533
cate2-00105,cate2,1,27,14,0.772461,0.322266,0.056641,0.218750,14,14.000000,0.921806
cate2-00105,cate2,1,28,15,0.820312,0.314453,0.070312,0.167969,15,15.000000,0.871126
cate2-00105,cate2,1,31,16,0.519531,0.592773,0.027344,0.166016,16,16.000000,0.809554
cate2-00105,cate2,1,32,17,0.544922,0.596680,0.035156,0.185547,17,17.000000,0.922589
cate2-00105,cate2,1,33,18,0.577148,0.628906,0.048828,0.234375,18,18.000000,0.872642
cate2-00105,cate2,1,34,19,0.606445,0.626953,0.048828,0.234375,18,19.000000,0.769065
cate2-00105,cate2,1,35,20,0.647461,0.620117,0.056641,0.228516,20,20.000000,0.919343
cate2-00105,cate2,1,36,21,0.703125,0.596680,0.097656,0.224609,21,21.000000,0.863556
cate2-00105,cate2,1,37,22,0.761719,0.565430,0.101562,0.212891,22,22.000000,0.961860
cate2-00105,cate2,1,38,23,0.805664,0.527344,0.076172,0.195312,22,23.000000,0.956680
cate2-00105,cate2,1,41,24,0.494141,0.593750,0.027344,0.167969,24,24.000000,0.705757
cate2-00105,cate2,1,42,25,0.470703,0.597656,0.039062,0.187500,25,25.000000,0.739643
cate2-00105,cate2,1,43,26,0.441406,0.618164,0.039062,0.228516,26,26.000000,0.879716
cate2-00105,cate2,1,44,27,0.408203,0.618164,0.050781,0.232422,27,27.000000,0.858559
cate2-00105,cate2,1,45,28,0.368164,0.620117,0.064453,0.228516,28,28.000000,0.857147
cate2-00105,cate2,1,46,29,0.304688,0.597656,0.109375,0.230469,29,29.000000,0.914258
cate2-00105,cate2,1,47,30,0.250000,0.575195,0.093750,0.228516,30,30.000000,0.905707
cate2-00105,cate2,1,48,31,0.197266,0.522461,0.082031,0.197266,31,31.000000,0.955500
cate2-00106,cate2,1,11,0,0.478516,0.468750,0.042969,0.257812,0,0.000000,0.884814
cate2-00106,cate2,1,12,1,0.438477,0.454102,0.041016,0.259766,1,1.000000,0.826884
cate2-00106,cate2,1,13,2,0.396484,0.436523,0.042969,0.275391,2,2.000000,0.843818
cate2-00106,cate2,1,14,3,0.362305,0.448242,0.052734,0.216797,3,3.000000,0.898576
cate2-00106,cate2,1,15,4,0.327148,0.425781,0.052734,0.238281,4,4.000000,0.935251
cate2-00106,cate2,1,16,5,0.278320,0.403320,0.064453,0.224609,5,5.000000,0.863203
cate2-00106,cate2,1,17,6,0.245117,0.344727,0.068359,0.162109,7,6.000000,0.895846
cate2-00106,cate2,1,18,7,0.219727,0.261719,0.056641,0.117188,7,7.000000,0.922402
cate2-00106,cate2,1,21,8,0.520508,0.458008,0.044922,0.275391,8,8.000000,0.844677
cate2-00106,cate2,1,22,9,0.551758,0.414062,0.052734,0.265625,8,9.000000,0.864026
cate2-00106,cate2,1,23,10,0.591797,0.379883,0.050781,0.330078,10,10.000000,0.796326
cate2-00106,cate2,1,24,11,0.625000,0.437500,0.058594,0.238281,11,11.000000,0.942689
cate2-00106,cate2,1,25,12,0.663086,0.416992,0.056641,0.240234,11,12.000000,0.860425
cate2-00106,cate2,1,26,13,0.718750,0.432617,0.070312,0.173828,13,13.000000,0.885641
cate2-00106,cate2,1,27,14,0.759766,0.358398,0.062500,0.130859,14,14.000000,0.874661
cate2-00106,cate2,1,28,15,0.791992,0.280273,0.064453,0.115234,15,15.000000,0.910423
cate2-00106,cate2,1,31,16,0.524414,0.686523,0.029297,0.142578,16,16.000000,0.784180
cate2-00106,cate2,1,32,17,0.554688,0.700195,0.035156,0.177734,17,17.000000,0.808638
cate2-00106,cate2,1,33,18,0.596680,0.713867,0.052734,0.232422,18,18.000000,0.913845
cate2-00106,cate2,1,34,19,0.625977,0.705078,0.052734,0.226562,19,19.000000,0.891699
cate2-00106,cate2,1,35,20,0.677734,0.678711,0.078125,0.197266,20,20.000000,0.919284
cate2-00106,cate2,1,36,21,0.734375,0.652344,0.109375,0.218750,21,21.000000,0.919506
cate2-00106,cate2,1,37,22,0.802734,0.617188,0.089844,0.156250,23,22.000000,0.953302
cate2-00106,cate2,1,38,23,0.851562,0.546875,0.066406,0.121094,23,23.000000,0.907599
cate2-00106,cate2,1,41,24,0.496094,0.698242,0.035156,0.169922,24,24.000000,0.875670
cate2-00106,cate2,1,42,25,0.465820,0.702148,0.033203,0.173828,25,25.000000,0.894695
cate2-00106,cate2,1,43,26,0.423828,0.718750,0.062500,0.250000,26,26.000000,0.894147
cate2-00106,cate2,1,44,27,0.388672,0.705078,0.050781,0.222656,27,27.000000,0.852851
cate2-00106,cate2,1,45,28,0.339844,0.691406,0.074219,0.210938,28,28.000000,0.924034
cate2-00106,cate2,1,46,29,0.287109,0.658203,0.105469,0.222656,29,29.000000,0.945912
cate2-00106,cate2,1,47,30,0.213867,0.616211,0.083984,0.169922,30,30.000000,0.916851
cate2-00106,cate2,1,48,31,0.172852,0.536133,0.064453,0.123047,31,31.000000,0.880540
cate2-00107,cate2,4,11,0,0.490234,0.458984,0.042969,0.250000,0,0.000000,0.963168
cate2-00107,cate2,4,12,1,0.453125,0.464844,0.042969,0.218750,1,1.000000,0.845489
cate2-00107,cate2,4,13,2,0.411133,0.427734,0.041016,0.296875,2,2.000000,0.851881
cate2-00107,cate2,4,14,3,0.374023,0.468750,0.052734,0.191406,3,3.000000,0.887247
cate2-00107,cate2,4,15,4,0.332031,0.453125,0.050781,0.214844,4,4.000000,0.889492
cate2-00107,cate2,4,16,5,0.280273,0.427734,0.060547,0.242188,6,5.000000,0.878808
cate2-00107,cate2,4,17,6,0.221680,0.420898,0.068359,0.193359,6,6.000000,0.923166
cate2-00107,cate2,4,18,7,0.170898,0.385742,0.072266,0.169922,7,7.000000,0.891461
cate2-00107,cate2,4,21,8,0.531250,0.461914,0.046875,0.251953,8,8.000000,0.914415
cate2-00107,cate2,4,22,9,0.572266,0.463867,0.042969,0.228516,9,9.000000,0.865655
cate2-00107,cate2,4,23,10,0.608398,0.427734,0.048828,0.320312,10,10.000000,0.885745
cate2-00107,cate2,4,24,11,0.646484,0.458008,0.054688,0.228516,11,11.000000,0.940437
cate2-00107,cate2,4,25,12,0.692383,0.453125,0.048828,0.214844,12,12.000000,0.910992
cate2-00107,cate2,4,26,13,0.743164,0.450195,0.064453,0.189453,13,13.000000,0.920149
cate2-00107,cate2,4,27,14,0.802734,0.420898,0.062500,0.189453,14,14.000000,0.929903
cate2-00107,cate2,4,28,15,0.853516,0.391602,0.078125,0.162109,15,15.000000,0.915207
cate2-00107,cate2,4,31,16,0.520508,0.671875,0.029297,0.128906,16,16.000000,0.856798
cate2-00107,cate2,4,32,17,0.546875,0.674805,0.046875,0.150391,17,17.000000,0.938636
cate2-00107,cate2,4,33,18,0.588867,0.714844,0.064453,0.171875,18,18.000000,0.913898
cate2-00107,cate2,4,34,19,0.626953,0.708008,0.070312,0.201172,19,19.000000,0.927679
cate2-00107,cate2,4,35,20,0.666016,0.694336,0.074219,0.212891,20,20.000000,0.902577
cate2-00107,cate2,4,36,21,0.725586,0.673828,0.103516,0.226562,21,21.000000,0.969402
cate2-00107,cate2,4,37,22,0.794922,0.640625,0.109375,0.218750,22,22.000000,0.968617
cate2-00107,cate2,4,38,23,0.854492,0.598633,0.095703,0.146484,23,23.000000,0.898431
cate2-00107,cate2,4,41,24,0.495117,0.673828,0.025391,0.136719,24,24.000000,0.850789
cate2-00107,cate2,4,42,25,0.464844,0.675781,0.039062,0.156250,25,25.000000,0.839519
cate2-00107,cate2,4,43,26,0.427734,0.707031,0.050781,0.179688,26,26.000000,0.916920
cate2-00107,cate2,4,44,27,0.393555,0.702148,0.052734,0.212891,27,27.000000,0.952862
cate2-00107,cate2,4,45,28,0.353516,0.692383,0.058594,0.205078,28,28.000000,0.897954
cate2-00107,cate2,4,46,29,0.289062,0.667969,0.105469,0.214844,29,29.000000,0.920773
cate2-00107,cate2,4,47,30,0.222656,0.632812,0.101562,0.207031,30,30.000000,0.964099
cate2-00107,cate2,4,48,31,0.171875,0.587891,0.078125,0.175781,31,31.000000,0.954998
cate2-00108,cate2,3,11,0,0.480469,0.454102,0.042969,0.212891,0,0.000000,0.893324
cate2-00108,cate2,3,12,1,0.450195,0.458008,0.037109,0.193359,1,1.000000,0.911865
cate2-00108,cate2,3,13,2,0.414062,0.424805,0.035156,0.240234,2,2.000000,0.882211
cate2-00108,cate2,3,14,3,0.376953,0.411133,0.039062,0.244141,3,3.000000,0.899405
cate2-00108,cate2,3,15,4,0.342773,0.406250,0.037109,0.234375,4,4.000000,0.893623
cate2-00108,cate2,3,16,5,0.298828,0.425781,0.050781,0.179688,5,5.000000,0.923843
cate2-00108,cate2,3,17,6,0.250000,0.388672,0.050781,0.207031,6,6.000000,0.904372
cate2-00108,cate2,3,18,7,0.226562,0.324219,0.050781,0.113281,7,7.000000,0.913719
cate2-00108,cate2,3,21,8,0.518555,0.462891,0.044922,0.203125,8,8.000000,0.853402
cate2-00108,cate2,3,22,9,0.544922,0.465820,0.042969,0.208984,8,9.000000,0.870086
cate2-00108,cate2,3,23,10,0.584961,0.454102,0.041016,0.232422,10,10.000000,0.888017
cate2-00108,cate2,3,24,11,0.620117,0.454102,0.052734,0.232422,11,11.000000,0.950477
cate2-00108,cate2,3,25,12,0.660156,0.455078,0.042969,0.210938,12,12.000000,0.906828
cate2-00108,cate2,3,26,13,0.706055,0.452148,0.060547,0.197266,13,13.000000,0.936237
cate2-00108,cate2,3,27,14,0.759766,0.441406,0.058594,0.175781,14,14.000000,0.906420
cate2-00108,cate2,3,28,15,0.791992,0.357422,0.056641,0.160156,15,15.000000,0.918766
cate2-00108,cate2,3,31,16,0.507812,0.674805,0.027344,0.189453,16,16.000000,0.867374
cate2-00108,cate2,3,32,17,0.532227,0.681641,0.041016,0.187500,17,17.000000,0.888529
cate2-00108,cate2,3,33,18,0.561523,0.684570,0.044922,0.193359,17,18.000000,0.820194
cate2-00108,cate2,3,34,19,0.599609,0.666992,0.042969,0.193359,18,19.000000,0.879087
cate2-00108,cate2,3,35,20,0.638672,0.676758,0.042969,0.201172,19,20.000000,0.924905
cate2-00108,cate2,3,36,21,0.692383,0.664062,0.076172,0.214844,21,21.000000,0.912070
cate2-00108,cate2,3,37,22,0.763672,0.626953,0.093750,0.195312,22,22.000000,0.946663
cate2-00108,cate2,3,38,23,0.831055,0.587891,0.087891,0.136719,23,23.000000,0.902300
cate2-00108,cate2,3,41,24,0.477539,0.664062,0.029297,0.156250,24,24.000000,0.883029
cate2-00108,cate2,3,42,25,0.458984,0.671875,0.035156,0.175781,25,25.000000,0.877207
cate2-00108,cate2,3,43,26,0.424805,0.681641,0.041016,0.222656,26,26.000000,0.812604
cate2-00108,cate2,3,44,27,0.387695,0.658203,0.052734,0.214844,27,27.000000,0.947581
cate2-00108,cate2,3,45,28,0.356445,0.645508,0.044922,0.212891,28,28.000000,0.856053
cate2-00108,cate2,3,46,29,0.306641,0.628906,0.074219,0.203125,29,29.000000,0.916764
cate2-00108,cate2,3,47,30,0.250000,0.575195,0.085938,0.177734,30,30.000000,0.919395
cate2-00108,cate2,3,48,31,0.190430,0.531250,0.072266,0.125000,31,31.000000,0.961021
cate2-00109,cate2,0,11,0,0.468750,0.502930,0.046875,0.228516,0,0.000000,0.902277
cate2-00109,cate2,0,12,1,0.432617,0.504883,0.033203,0.212891,1,1.000000,0.920372
cate2-00109,cate2,0,13,2,0.396484,0.483398,0.035156,0.263672,2,2.000000,0.812210
cate2-00109,cate2,0,14,3,0.360352,0.497070,0.044922,0.216797,4,3.000000,0.842312
cate2-00109,cate2,0,15,4,0.324219,0.484375,0.042969,0.210938,4,4.000000,0.862110
cate2-00109,cate2,0,16,5,0.285156,0.478516,0.054688,0.191406,5,5.000000,0.916877
cate2-00109,cate2,0,17,6,0.237305,0.452148,0.064453,0.189453,6,6.000000,0.929749
cate2-00109,cate2,0,18,7,0.198242,0.385742,0.052734,0.119141,7,7.000000,0.856912
cate2-00109,cate2,0,21,8,0.511719,0.509766,0.039062,0.203125,8,8.000000,0.851633
cate2-00109,cate2,0,22,9,0.543945,0.518555,0.041016,0.181641,8,9.000000,0.922894
cate2-00109,cate2,0,23,10,0.586914,0.493164,0.048828,0.263672,10,10.000000,0.858321
cate2-00109,cate2,0,24,11,0.623047,0.505859,0.050781,0.238281,11,11.000000,0.882264
cate2-00109,cate2,0,25,12,0.661133,0.503906,0.052734,0.214844,11,12.000000,0.900139
cate2-00109,cate2,0,26,13,0.711914,0.495117,0.060547,0.208984,13,13.000000,0.908854
cate2-00109,cate2,0,27,14,0.762695,0.475586,0.064453,0.189453,14,14.000000,0.912493
cate2-00109,cate2,0,28,15,0.798828,0.405273,0.054688,0.126953,15,15.000000,0.901039
cate2-00109,cate2,0,31,16,0.496094,0.729492,0.039062,0.150391,24,16.000000,0.867991
cate2-00109,cate2,0,32,17,0.521484,0.725586,0.031250,0.185547,16,17.000000,0.859925
cate2-00109,cate2,0,33,18,0.556641,0.744141,0.042969,0.230469,18,18.000000,0.818206
cate2-00109,cate2,0,34,19,0.592773,0.736328,0.048828,0.218750,18,19.000000,0.901773
cate2-00109,cate2,0,35,20,0.635742,0.734375,0.064453,0.222656,19,20.000000,0.893280
cate2-00109,cate2,0,36,21,0.696289,0.717773,0.091797,0.220703,21,21.000000,0.910342
cate2-00109,cate2,0,37,22,0.762695,0.684570,0.091797,0.208984,21,22.000000,0.946063
cate2-00109,cate2,0,38,23,0.829102,0.636719,0.091797,0.160156,23,23.000000,0.921837
cate2-00109,cate2,0,41,24,0.471680,0.714844,0.041016,0.171875,25,24.000000,0.863185
cate2-00109,cate2,0,42,25,0.448242,0.714844,0.033203,0.179688,25,25.000000,0.901774
cate2-00109,cate2,0,43,26,0.406250,0.734375,0.054688,0.226562,26,26.000000,0.911070
cate2-00109,cate2,0,44,27,0.375977,0.711914,0.048828,0.193359,27,27.000000,0.900003
cate2-00109,cate2,0,45,28,0.335938,0.711914,0.058594,0.212891,28,28.000000,0.900678
cate2-00109,cate2,0,46,29,0.290039,0.685547,0.087891,0.210938,29,29.000000,0.943693
cate2-00109,cate2,0,47,30,0.233398,0.657227,0.087891,0.216797,30,30.000000,0.921284
cate2-00109,cate2,0,48,31,0.174805,0.605469,0.080078,0.144531,31,31.000000,0.951678
cate2-00110,cate2,0,11,0,0.501953,0.458984,0.042969,0.222656,0,0.000000,0.871023
cate2-00110,cate2,0,12,1,0.465820,0.464844,0.041016,0.210938,1,1.000000,0.912137
cate2-00110,cate2,0,13,2,0.423828,0.439453,0.050781,0.234375,2,2.000000,0.832676
cate2-00110,cate2,0,14,3,0.386719,0.444336,0.046875,0.212891,3,3.000000,0.869162
cate2-00110,cate2,0,15,4,0.349609,0.444336,0.050781,0.212891,4,4.000000,0.932709
cate2-00110,cate2,0,16,5,0.297852,0.464844,0.068359,0.164062,5,5.000000,0.925736
cate2-00110,cate2,0,17,6,0.231445,0.469727,0.064453,0.130859,6,6.000000,0.910638
cate2-00110,cate2,0,18,7,0.181641,0.456055,0.054688,0.126953,7,,
cate2-00110,cate2,0,21,8,0.539062,0.465820,0.039062,0.208984,8,8.000000,0.873065
cate2-00110,cate2,0,22,9,0.574219,0.457031,0.027344,0.210938,9,9.000000,0.926858
cate2-00110,cate2,0,23,10,0.611328,0.435547,0.042969,0.253906,10,10.000000,0.905882
cate2-00110,cate2,0,24,11,0.640625,0.456055,0.039062,0.205078,11,11.000000,0.870776
cate2-00110,cate2,0,25,12,0.678711,0.461914,0.041016,0.197266,12,12.000000,0.916120
cate2-00110,cate2,0,26,13,0.726562,0.465820,0.058594,0.185547,13,13.000000,0.887031
cate2-00110,cate2,0,27,14,0.781250,0.454102,0.054688,0.208984,14,14.000000,0.912017
cate2-00110,cate2,0,28,15,0.826172,0.445312,0.058594,0.187500,14,15.000000,0.820219
cate2-00110,cate2,0,31,16,0.536133,0.674805,0.029297,0.150391,16,16.000000,0.853954
cate2-00110,cate2,0,32,17,0.563477,0.686523,0.033203,0.185547,17,17.000000,0.693679
cate2-00110,cate2,0,33,18,0.598633,0.712891,0.044922,0.222656,18,18.000000,0.856406
cate2-00110,cate2,0,34,19,0.634766,0.712891,0.054688,0.218750,19,19.000000,0.901198
cate2-00110,cate2,0,35,20,0.672852,0.703125,0.052734,0.207031,20,20.000000,0.921785
cate2-00110,cate2,0,36,21,0.732422,0.699219,0.093750,0.222656,21,21.000000,0.886746
cate2-00110,cate2,0,37,22,0.790039,0.680664,0.080078,0.205078,22,22.000000,0.933252
cate2-00110,cate2,0,38,23,0.836914,0.642578,0.072266,0.175781,23,23.000000,0.918051
cate2-00110,cate2,0,41,24,0.509766,0.680664,0.027344,0.154297,16,24.000000,0.843031
cate2-00110,cate2,0,42,25,0.486328,0.674805,0.035156,0.173828,24,25.000000,0.864555
cate2-00110,cate2,0,43,26,0.450195,0.681641,0.044922,0.207031,25,26.000000,0.894442
cate2-00110,cate2,0,44,27,0.409180,0.685547,0.052734,0.199219,27,27.000000,0.920661
cate2-00110,cate2,0,45,28,0.361328,0.694336,0.066406,0.220703,28,28.000000,0.843115
cate2-00110,cate2,0,46,29,0.295898,0.675781,0.111328,0.210938,29,29.000000,0.924302
cate2-00110,cate2,0,47,30,0.225586,0.647461,0.099609,0.197266,30,30.000000,0.903573
cate2-00110,cate2,0,48,31,0.164062,0.599609,0.093750,0.148438,31,31.000000,0.954446
cate2-00111,cate2,4,11,0,0.499023,0.475586,0.041016,0.201172,0,0.000000,0.904644
cate2-00111,cate2,4,12,1,0.468750,0.459961,0.050781,0.201172,1,1.000000,0.915458
cate2-00111,cate2,4,13,2,0.429688,0.408203,0.050781,0.230469,2,2.000000,0.902385
cate2-00111,cate2,4,14,3,0.390625,0.452148,0.050781,0.181641,3,3.000000,0.879930
cate2-00111,cate2,4,15,4,0.351562,0.446289,0.050781,0.146484,4,4.000000,0.791788
cate2-00111,cate2,4,16,5,0.294922,0.436523,0.062500,0.169922,5,5.000000,0.518151
cate2-00111,cate2,4,17,6,0.257812,0.374023,0.066406,0.123047,7,6.000000,0.925054
cate2-00111,cate2,4,18,7,0.231445,0.286133,0.048828,0.091797,7,7.000000,0.920377
cate2-00111,cate2,4,21,8,0.543945,0.470703,0.044922,0.218750,8,8.000000,0.919389
cate2-00111,cate2,4,22,9,0.579102,0.469727,0.033203,0.201172,9,9.000000,0.915401
cate2-00111,cate2,4,23,10,0.612305,0.428711,0.041016,0.244141,10,10.000000,0.843560
cate2-00111,cate2,4,24,11,0.654297,0.472656,0.046875,0.164062,11,11.000000,0.821214
cate2-00111,cate2,4,25,12,0.688477,0.424805,0.048828,0.138672,12,12.000000,0.854917
cate2-00111,cate2,4,26,13,0.741211,0.434570,0.064453,0.181641,13,13.000000,0.929392
cate2-00111,cate2,4,27,14,0.773438,0.373047,0.058594,0.121094,15,14.000000,0.939782
cate2-00111,cate2,4,28,15,0.797852,0.284180,0.048828,0.083984,15,15.000000,0.893638
cate2-00111,cate2,4,31,16,0.535156,0.680664,0.031250,0.162109,16,16.000000,0.857430
cate2-00111,cate2,4,32,17,0.562500,0.693359,0.035156,0.191406,18,17.000000,0.859829
cate2-00111,cate2,4,33,18,0.595703,0.705078,0.039062,0.226562,18,18.000000,0.907239
cate2-00111,cate2,4,34,19,0.626953,0.675781,0.042969,0.175781,19,19.000000,0.945559
cate2-00111,cate2,4,35,20,0.677734,0.660156,0.054688,0.156250,20,20.000000,0.896053
cate2-00111,cate2,4,36,21,0.739258,0.646484,0.103516,0.203125,22,21.000000,0.941697
cate2-00111,cate2,4,37,22,0.798828,0.614258,0.078125,0.146484,23,22.000000,0.918767
cate2-00111,cate2,4,38,23,0.842773,0.548828,0.052734,0.093750,23,23.000000,0.919881
cate2-00111,cate2,4,41,24,0.506836,0.668945,0.025391,0.154297,16,24.000000,0.820358
cate2-00111,cate2,4,42,25,0.483398,0.673828,0.033203,0.171875,25,25.000000,0.758736
cate2-00111,cate2,4,43,26,0.447266,0.676758,0.042969,0.197266,26,26.000000,0.901661
cate2-00111,cate2,4,44,27,0.409180,0.666016,0.048828,0.175781,27,27.000000,0.845674
cate2-00111,cate2,4,45,28,0.354492,0.645508,0.060547,0.162109,28,28.000000,0.812141
cate2-00111,cate2,4,46,29,0.292969,0.632812,0.101562,0.203125,29,29.000000,0.893557
cate2-00111,cate2,4,47,30,0.229492,0.617188,0.072266,0.144531,31,30.000000,0.923485
cate2-00111,cate2,4,48,31,0.185547,0.542969,0.042969,0.101562,31,31.000000,0.833160
cate2-00112,cate2,3,11,0,0.481445,0.475586,0.041016,0.208984,0,0.000000,0.884891
cate2-00112,cate2,3,12,1,0.445312,0.471680,0.035156,0.197266,1,1.000000,0.898858
cate2-00112,cate2,3,13,2,0.410156,0.453125,0.039062,0.234375,2,2.000000,0.895162
cate2-00112,cate2,3,14,3,0.371094,0.467773,0.046875,0.197266,3,3.000000,0.909261
cate2-00112,cate2,3,15,4,0.332031,0.461914,0.042969,0.201172,4,4.000000,0.973619
cate2-00112,cate2,3,16,5,0.286133,0.455078,0.056641,0.191406,5,5.000000,0.921459
cate2-00112,cate2,3,17,6,0.232422,0.434570,0.054688,0.189453,6,6.000000,0.909244
cate2-00112,cate2,3,18,7,0.199219,0.360352,0.054688,0.111328,7,7.000000,0.920727
cate2-00112,cate2,3,21,8,0.523438,0.484375,0.042969,0.199219,8,8.000000,0.895389
cate2-00112,cate2,3,22,9,0.561523,0.481445,0.029297,0.201172,9,9.000000,0.895357
cate2-00112,cate2,3,23,10,0.596680,0.467773,0.041016,0.240234,10,10.000000,0.886615
cate2-00112,cate2,3,24,11,0.631836,0.471680,0.052734,0.224609,11,11.000000,0.921871
cate2-00112,cate2,3,25,12,0.672852,0.460938,0.044922,0.234375,12,12.000000,0.881522
cate2-00112,cate2,3,26,13,0.721680,0.469727,0.064453,0.201172,13,13.000000,0.946442
cate2-00112,cate2,3,27,14,0.780273,0.456055,0.060547,0.185547,14,14.000000,0.916158
cate2-00112,cate2,3,28,15,0.820312,0.376953,0.058594,0.109375,15,15.000000,0.902460
cate2-00112,cate2,3,31,16,0.495117,0.673828,0.029297,0.140625,24,16.000000,0.776932
cate2-00112,cate2,3,32,17,0.519531,0.684570,0.042969,0.166016,16,17.000000,0.834243
cate2-00112,cate2,3,33,18,0.554688,0.691406,0.042969,0.187500,17,18.000000,0.881443
cate2-00112,cate2,3,34,19,0.593750,0.691406,0.050781,0.187500,19,19.000000,0.942902
cate2-00112,cate2,3,35,20,0.638672,0.691406,0.054688,0.203125,19,20.000000,0.912078
cate2-00112,cate2,3,36,21,0.703125,0.680664,0.097656,0.216797,21,21.000000,0.921121
cate2-00112,cate2,3,37,22,0.768555,0.652344,0.095703,0.191406,22,22.000000,0.953885
cate2-00112,cate2,3,38,23,0.835938,0.623047,0.085938,0.156250,23,23.000000,0.906680
cate2-00112,cate2,3,41,24,0.471680,0.669922,0.041016,0.152344,25,24.000000,0.791649
cate2-00112,cate2,3,42,25,0.442383,0.673828,0.037109,0.160156,25,25.000000,0.878240
cate2-00112,cate2,3,43,26,0.404297,0.692383,0.050781,0.208984,27,26.000000,0.915711
cate2-00112,cate2,3,44,27,0.373047,0.663086,0.046875,0.166016,27,27.000000,0.942991
cate2-00112,cate2,3,45,28,0.334961,0.674805,0.056641,0.201172,28,28.000000,0.931333
cate2-00112,cate2,3,46,29,0.282227,0.645508,0.087891,0.193359,29,29.000000,0.928360
cate2-00112,cate2,3,47,30,0.225586,0.617188,0.080078,0.183594,30,30.000000,0.928809
cate2-00112,cate2,3,48,31,0.167969,0.587891,0.074219,0.136719,31,31.000000,0.939113
cate2-00113,cate2,1,11,0,0.467773,0.464844,0.044922,0.234375,0,0.000000,0.811178
cate2-00113,cate2,1,12,1,0.436523,0.457031,0.041016,0.230469,1,1.000000,0.873664
cate2-00113,cate2,1,13,2,0.398438,0.425781,0.042969,0.226562,2,2.000000,0.899740
cate2-00113,cate2,1,14,3,0.369141,0.453125,0.050781,0.226562,3,3.000000,0.889853
cate2-00113,cate2,1,15,4,0.329102,0.462891,0.048828,0.203125,4,4.000000,0.826571
cate2-00113,cate2,1,16,5,0.282227,0.460938,0.060547,0.179688,6,5.000000,0.885961
cate2-00113,cate2,1,17,6,0.233398,0.431641,0.072266,0.183594,6,6.000000,0.893971
cate2-00113,cate2,1,18,7,0.196289,0.369141,0.056641,0.136719,7,7.000000,0.954445
cate2-00113,cate2,1,21,8,0.512695,0.452148,0.048828,0.267578,8,8.000000,0.854957
cate2-00113,cate2,1,22,9,0.548828,0.451172,0.054688,0.226562,9,9.000000,0.761414
cate2-00113,cate2,1,23,10,0.586914,0.407227,0.048828,0.224609,10,10.000000,0.900400
cate2-00113,cate2,1,24,11,0.606445,0.445312,0.052734,0.218750,11,11.000000,0.875275
cate2-00113,cate2,1,25,12,0.650391,0.447266,0.046875,0.218750,11,12.000000,0.880803
cate2-00113,cate2,1,26,13,0.703125,0.442383,0.066406,0.201172,13,13.000000,0.924519
cate2-00113,cate2,1,27,14,0.762695,0.427734,0.064453,0.183594,14,14.000000,0.876251
cate2-00113,cate2,1,28,15,0.791016,0.362305,0.074219,0.162109,14,15.000000,0.918363
cate2-00113,cate2,1,31,16,0.505859,0.690430,0.031250,0.173828,24,16.000000,0.769777
cate2-00113,cate2,1,32,17,0.532227,0.693359,0.033203,0.187500,17,17.000000,0.831147
cate2-00113,cate2,1,33,18,0.568359,0.708008,0.046875,0.216797,18,18.000000,0.895459
cate2-00113,cate2,1,34,19,0.604492,0.693359,0.052734,0.207031,18,19.000000,0.937302
cate2-00113,cate2,1,35,20,0.649414,0.697266,0.072266,0.222656,20,20.000000,0.892571
cate2-00113,cate2,1,36,21,0.709961,0.669922,0.095703,0.207031,21,21.000000,0.924881
cate2-00113,cate2,1,37,22,0.773438,0.631836,0.093750,0.193359,22,22.000000,0.955775
cate2-00113,cate2,1,38,23,0.836914,0.601562,0.080078,0.136719,23,23.000000,0.944396
cate2-00113,cate2,1,41,24,0.477539,0.687500,0.037109,0.175781,25,24.000000,0.784978
cate2-00113,cate2,1,42,25,0.451172,0.689453,0.031250,0.175781,25,25.000000,0.817035
cate2-00113,cate2,1,43,26,0.417969,0.689453,0.046875,0.214844,27,26.000000,0.872040
cate2-00113,cate2,1,44,27,0.380859,0.688477,0.050781,0.205078,27,27.000000,0.917238
cate2-00113,cate2,1,45,28,0.332031,0.701172,0.070312,0.218750,28,28.000000,0.906450
cate2-00113,cate2,1,46,29,0.269531,0.666992,0.097656,0.205078,29,29.000000,0.924012
cate2-00113,cate2,1,47,30,0.212891,0.629883,0.082031,0.189453,30,30.000000,0.913421
cate2-00113,cate2,1,48,31,0.146484,0.587891,0.082031,0.117188,31,31.000000,0.922778
cate2-00114,cate2,2,11,0,0.473633,0.500977,0.044922,0.267578,0,0.000000,0.920629
cate2-00114,cate2,2,12,1,0.431641,0.516602,0.039062,0.220703,1,1.000000,0.832152
cate2-00114,cate2,2,13,2,0.393555,0.490234,0.041016,0.261719,2,2.000000,0.898184
cate2-00114,cate2,2,14,3,0.360352,0.502930,0.048828,0.205078,3,3.000000,0.930831
cate2-00114,cate2,2,15,4,0.322266,0.501953,0.042969,0.191406,4,4.000000,0.904794
cate2-00114,cate2,2,16,5,0.277344,0.489258,0.066406,0.189453,5,5.000000,0.944775
cate2-00114,cate2,2,17,6,0.215820,0.478516,0.064453,0.195312,6,6.000000,0.915826
cate2-00114,cate2,2,18,7,0.182617,0.380859,0.056641,0.175781,7,7.000000,0.918337
cate2-00114,cate2,2,21,8,0.518555,0.500977,0.041016,0.251953,8,8.000000,0.835724
cate2-00114,cate2,2,22,9,0.557617,0.505859,0.041016,0.214844,9,9.000000,0.898517
cate2-00114,cate2,2,23,10,0.593750,0.482422,0.046875,0.257812,10,10.000000,0.919901
cate2-00114,cate2,2,24,11,0.630859,0.494141,0.054688,0.214844,11,11.000000,0.874692
cate2-00114,cate2,2,25,12,0.672852,0.479492,0.048828,0.224609,11,12.000000,0.937944
cate2-00114,cate2,2,26,13,0.720703,0.474609,0.070312,0.210938,13,13.000000,0.907496
cate2-00114,cate2,2,27,14,0.790039,0.467773,0.068359,0.201172,14,14.000000,0.906519
cate2-00114,cate2,2,28,15,0.828125,0.397461,0.054688,0.150391,15,15.000000,0.918202
cate2-00114,cate2,2,31,16,0.523438,0.708008,0.027344,0.115234,16,16.000000,0.838427
cate2-00114,cate2,2,32,17,0.555664,0.709961,0.037109,0.134766,17,17.000000,0.895228
cate2-00114,cate2,2,33,18,0.592773,0.737305,0.041016,0.201172,18,18.000000,0.917343
cate2-00114,cate2,2,34,19,0.638672,0.735352,0.050781,0.197266,19,19.000000,0.887588
cate2-00114,cate2,2,35,20,0.679688,0.722656,0.058594,0.203125,20,20.000000,0.901420
cate2-00114,cate2,2,36,21,0.738281,0.712891,0.082031,0.210938,22,21.000000,0.918041
cate2-00114,cate2,2,37,22,0.800781,0.675781,0.082031,0.183594,22,22.000000,0.934247
cate2-00114,cate2,2,38,23,0.862305,0.637695,0.076172,0.119141,23,23.000000,0.898975
cate2-00114,cate2,2,41,24,0.493164,0.709961,0.029297,0.130859,24,24.000000,0.855967
cate2-00114,cate2,2,42,25,0.463867,0.712891,0.033203,0.125000,25,25.000000,0.865839
cate2-00114,cate2,2,43,26,0.422852,0.735352,0.044922,0.177734,27,26.000000,0.898987
cate2-00114,cate2,2,44,27,0.381836,0.739258,0.052734,0.185547,27,27.000000,0.955496
cate2-00114,cate2,2,45,28,0.341797,0.738281,0.062500,0.195312,28,28.000000,0.919796
cate2-00114,cate2,2,46,29,0.280273,0.714844,0.087891,0.203125,29,29.000000,0.955119
cate2-00114,cate2,2,47,30,0.222656,0.686523,0.078125,0.185547,30,30.000000,0.932748
cate2-00114,cate2,2,48,31,0.151367,0.650391,0.087891,0.109375,31,31.000000,0.937469
cate2-00115,cate2,3,11,0,0.473633,0.416992,0.044922,0.236328,0,0.000000,0.905294
cate2-00115,cate2,3,12,1,0.430664,0.420898,0.041016,0.205078,1,1.000000,0.901414
cate2-00115,cate2,3,13,2,0.391602,0.399414,0.044922,0.240234,2,2.000000,0.900735
cate2-00115,cate2,3,14,3,0.353516,0.399414,0.054688,0.224609,4,3.000000,0.887703
cate2-00115,cate2,3,15,4,0.316406,0.399414,0.050781,0.208984,4,4.000000,0.888251
cate2-00115,cate2,3,16,5,0.260742,0.396484,0.064453,0.179688,6,5.000000,0.918367
cate2-00115,cate2,3,17,6,0.202148,0.358398,0.060547,0.201172,6,6.000000,0.904867
cate2-00115,cate2,3,18,7,0.176758,0.285156,0.060547,0.125000,7,7.000000,0.925283
cate2-00115,cate2,3,21,8,0.519531,0.413086,0.046875,0.236328,8,8.000000,0.903391
cate2-00115,cate2,3,22,9,0.561523,0.408203,0.044922,0.218750,9,9.000000,0.864631
cate2-00115,cate2,3,23,10,0.603516,0.396484,0.050781,0.257812,10,10.000000,0.909756
cate2-00115,cate2,3,24,11,0.642578,0.397461,0.058594,0.236328,11,11.000000,0.912667
cate2-00115,cate2,3,25,12,0.690430,0.402344,0.052734,0.207031,12,12.000000,0.787488
cate2-00115,cate2,3,26,13,0.746094,0.393555,0.070312,0.197266,14,13.000000,0.899392
cate2-00115,cate2,3,27,14,0.808594,0.365234,0.066406,0.203125,14,14.000000,0.918277
cate2-00115,cate2,3,28,15,0.828125,0.285156,0.074219,0.136719,15,15.000000,0.911264
cate2-00115,cate2,3,31,16,0.511719,0.635742,0.031250,0.169922,24,16.000000,0.881437
cate2-00115,cate2,3,32,17,0.534180,0.639648,0.052734,0.181641,17,17.000000,0.876505
cate2-00115,cate2,3,33,18,0.570312,0.665039,0.039062,0.193359,18,18.000000,0.866164
cate2-00115,cate2,3,34,19,0.602539,0.658203,0.048828,0.210938,19,19.000000,0.751027
cate2-00115,cate2,3,35,20,0.651367,0.598633,0.076172,0.115234,20,,
cate2-00115,cate2,3,36,21,0.720703,0.632812,0.093750,0.207031,21,21.000000,0.914186
cate2-00115,cate2,3,37,22,0.789062,0.589844,0.085938,0.195312,22,22.000000,0.953962
cate2-00115,cate2,3,38,23,0.852539,0.565430,0.072266,0.115234,23,23.000000,0.899260
cate2-00115,cate2,3,41,24,0.479492,0.625977,0.029297,0.146484,24,24.000000,0.824226
cate2-00115,cate2,3,42,25,0.453125,0.629883,0.035156,0.169922,25,25.000000,0.870845
cate2-00115,cate2,3,43,26,0.417969,0.648438,0.039062,0.203125,27,26.000000,0.907680
cate2-00115,cate2,3,44,27,0.376953,0.660156,0.050781,0.222656,27,27.000000,0.951994
cate2-00115,cate2,3,45,28,0.333008,0.656250,0.048828,0.207031,28,28.000000,0.873579
cate2-00115,cate2,3,46,29,0.274414,0.631836,0.083984,0.224609,29,29.000000,0.901246
cate2-00115,cate2,3,47,30,0.209961,0.578125,0.083984,0.195312,30,30.000000,0.934345
cate2-00115,cate2,3,48,31,0.151367,0.560547,0.068359,0.128906,31,31.000000,0.917324
cate2-00116,cate2,2,11,0,0.492188,0.446289,0.042969,0.216797,0,0.000000,0.892063
cate2-00116,cate2,2,12,1,0.456055,0.420898,0.029297,0.248047,1,1.000000,0.891193
cate2-00116,cate2,2,13,2,0.419922,0.413086,0.046875,0.263672,2,2.000000,0.932090
cate2-00116,cate2,2,14,3,0.386719,0.430664,0.058594,0.208984,3,3.000000,0.835589
cate2-00116,cate2,2,15,4,0.349609,0.427734,0.050781,0.199219,4,4.000000,0.834822
cate2-00116,cate2,2,16,5,0.304688,0.407227,0.066406,0.205078,5,5.000000,0.913225
cate2-00116,cate2,2,17,6,0.247070,0.392578,0.056641,0.199219,6,6.000000,0.903985
cate2-00116,cate2,2,18,7,0.194336,0.375000,0.056641,0.191406,7,7.000000,0.895358
cate2-00116,cate2,2,21,8,0.536133,0.438477,0.041016,0.240234,8,8.000000,0.957664
cate2-00116,cate2,2,22,9,0.572266,0.431641,0.031250,0.226562,9,9.000000,0.935506
cate2-00116,cate2,2,23,10,0.605469,0.425781,0.039062,0.242188,10,10.000000,0.941382
cate2-00116,cate2,2,24,11,0.634766,0.435547,0.050781,0.199219,11,11.000000,0.923048
cate2-00116,cate2,2,25,12,0.672852,0.429688,0.044922,0.195312,12,12.000000,0.876081
cate2-00116,cate2,2,26,13,0.718750,0.421875,0.054688,0.179688,13,13.000000,0.928031
cate2-00116,cate2,2,27,14,0.767578,0.398438,0.054688,0.179688,15,14.000000,0.909373
cate2-00116,cate2,2,28,15,0.815430,0.377930,0.052734,0.166016,15,15.000000,0.929420
cate2-00116,cate2,2,31,16,0.525391,0.651367,0.031250,0.158203,16,16.000000,0.837335
cate2-00116,cate2,2,32,17,0.552734,0.668945,0.027344,0.162109,17,17.000000,0.847103
cate2-00116,cate2,2,33,18,0.585938,0.667969,0.042969,0.171875,18,18.000000,0.894971
cate2-00116,cate2,2,34,19,0.615234,0.666992,0.050781,0.201172,19,19.000000,0.939008
cate2-00116,cate2,2,35,20,0.669922,0.661133,0.089844,0.205078,21,20.000000,0.934056
cate2-00116,cate2,2,36,21,0.710938,0.639648,0.089844,0.212891,21,21.000000,0.916263
cate2-00116,cate2,2,37,22,0.766602,0.590820,0.083984,0.162109,23,22.000000,0.925492
cate2-00116,cate2,2,38,23,0.812500,0.548828,0.066406,0.152344,23,23.000000,0.942375
cate2-00116,cate2,2,41,24,0.502930,0.654297,0.029297,0.128906,24,24.000000,0.691278
cate2-00116,cate2,2,42,25,0.474609,0.655273,0.031250,0.150391,25,25.000000,0.748135
cate2-00116,cate2,2,43,26,0.441406,0.668945,0.046875,0.185547,26,26.000000,0.862045
cate2-00116,cate2,2,44,27,0.402344,0.667969,0.062500,0.195312,27,27.000000,0.951415
cate2-00116,cate2,2,45,28,0.362305,0.666992,0.099609,0.220703,28,28.000000,0.910204
cate2-00116,cate2,2,46,29,0.311523,0.632812,0.103516,0.207031,29,29.000000,0.947087
cate2-00116,cate2,2,47,30,0.237305,0.608398,0.115234,0.193359,29,30.000000,0.918870
cate2-00116,cate2,2,48,31,0.181641,0.557617,0.101562,0.154297,31,31.000000,0.965528
cate2-00117,cate2,2,11,0,0.483398,0.359375,0.044922,0.261719,0,0.000000,0.904903
cate2-00117,cate2,2,12,1,0.450195,0.350586,0.041016,0.267578,1,1.000000,0.831593
cate2-00117,cate2,2,13,2,0.413086,0.343750,0.037109,0.281250,2,2.000000,0.892164
cate2-00117,cate2,2,14,3,0.381836,0.361328,0.048828,0.230469,3,3.000000,0.870675
cate2-00117,cate2,2,15,4,0.342773,0.366211,0.044922,0.216797,4,4.000000,0.890946
cate2-00117,cate2,2,16,5,0.298828,0.369141,0.062500,0.187500,5,5.000000,0.909423
cate2-00117,cate2,2,17,6,0.242188,0.355469,0.058594,0.183594,6,6.000000,0.884209
cate2-00117,cate2,2,18,7,0.218750,0.260742,0.074219,0.126953,7,7.000000,0.929400
cate2-00117,cate2,2,21,8,0.524414,0.363281,0.041016,0.257812,8,8.000000,0.900578
cate2-00117,cate2,2,22,9,0.560547,0.361328,0.042969,0.250000,9,9.000000,0.859747
cate2-00117,cate2,2,23,10,0.597656,0.355469,0.035156,0.277344,9,10.000000,0.874542
cate2-00117,cate2,2,24,11,0.630859,0.387695,0.046875,0.193359,11,11.000000,0.907801
cate2-00117,cate2,2,25,12,0.668945,0.362305,0.041016,0.228516,12,12.000000,0.887697
cate2-00117,cate2,2,26,13,0.714844,0.365234,0.054688,0.210938,13,13.000000,0.909973
cate2-00117,cate2,2,27,14,0.762695,0.354492,0.056641,0.189453,14,14.000000,0.869437
cate2-00117,cate2,2,28,15,0.785156,0.264648,0.062500,0.119141,15,15.000000,0.924967
cate2-00117,cate2,2,31,16,0.515625,0.587891,0.027344,0.152344,16,16.000000,0.835187
cate2-00117,cate2,2,32,17,0.541992,0.588867,0.033203,0.169922,17,17.000000,0.862679
cate2-00117,cate2,2,33,18,0.576172,0.606445,0.035156,0.212891,17,18.000000,0.861954
cate2-00117,cate2,2,34,19,0.615234,0.604492,0.046875,0.212891,19,19.000000,0.845149
cate2-00117,cate2,2,35,20,0.655273,0.607422,0.060547,0.222656,20,20.000000,0.894567
cate2-00117,cate2,2,36,21,0.710938,0.594727,0.097656,0.224609,21,21.000000,0.936459
cate2-00117,cate2,2,37,22,0.776367,0.564453,0.103516,0.214844,22,22.000000,0.957880
cate2-00117,cate2,2,38,23,0.826172,0.521484,0.074219,0.140625,23,23.000000,0.914411
cate2-00117,cate2,2,41,24,0.489258,0.575195,0.029297,0.123047,24,24.000000,0.856252
cate2-00117,cate2,2,42,25,0.467773,0.593750,0.048828,0.179688,25,25.000000,0.906092
cate2-00117,cate2,2,43,26,0.425781,0.605469,0.039062,0.218750,26,26.000000,0.815528
cate2-00117,cate2,2,44,27,0.390625,0.591797,0.050781,0.199219,27,27.000000,0.899330
cate2-00117,cate2,2,45,28,0.348633,0.608398,0.060547,0.240234,28,28.000000,0.866419
cate2-00117,cate2,2,46,29,0.290039,0.584961,0.103516,0.224609,29,29.000000,0.924718
cate2-00117,cate2,2,47,30,0.225586,0.558594,0.107422,0.222656,30,30.000000,0.937944
cate2-00117,cate2,2,48,31,0.168945,0.510742,0.080078,0.119141,31,31.000000,0.927256
cate2-00118,cate2,4,11,0,0.476562,0.477539,0.042969,0.228516,0,0.000000,0.938283
cate2-00118,cate2,4,12,1,0.442383,0.476562,0.044922,0.230469,1,1.000000,0.935864
cate2-00118,cate2,4,13,2,0.404297,0.444336,0.042969,0.244141,2,2.000000,0.857580
cate2-00118,cate2,4,14,3,0.365234,0.452148,0.050781,0.224609,3,3.000000,0.890083
cate2-00118,cate2,4,15,4,0.327148,0.443359,0.044922,0.214844,4,4.000000,0.835426
cate2-00118,cate2,4,16,5,0.282227,0.431641,0.060547,0.195312,5,5.000000,0.901440
cate2-00118,cate2,4,17,6,0.229492,0.406250,0.068359,0.187500,6,6.000000,0.887126
cate2-00118,cate2,4,18,7,0.208008,0.316406,0.072266,0.128906,7,7.000000,0.922811
cate2-00118,cate2,4,21,8,0.519531,0.481445,0.039062,0.224609,8,8.000000,0.906364
cate2-00118,cate2,4,22,9,0.559570,0.472656,0.037109,0.214844,9,9.000000,0.881959
cate2-00118,cate2,4,23,10,0.594727,0.445312,0.048828,0.269531,10,10.000000,0.892827
cate2-00118,cate2,4,24,11,0.635742,0.461914,0.048828,0.212891,11,11.000000,0.878953
cate2-00118,cate2,4,25,12,0.674805,0.446289,0.044922,0.208984,12,12.000000,0.791127
cate2-00118,cate2,4,26,13,0.721680,0.437500,0.064453,0.199219,13,13.000000,0.918820
cate2-00118,cate2,4,27,14,0.783203,0.408203,0.066406,0.195312,14,14.000000,0.923673
cate2-00118,cate2,4,28,15,0.802734,0.340820,0.078125,0.103516,15,15.000000,0.920873
cate2-00118,cate2,4,31,16,0.509766,0.683594,0.027344,0.132812,16,16.000000,0.826112
cate2-00118,cate2,4,32,17,0.539062,0.683594,0.035156,0.132812,17,17.000000,0.774571
cate2-00118,cate2,4,33,18,0.572266,0.685547,0.042969,0.171875,17,18.000000,0.890139
cate2-00118,cate2,4,34,19,0.612305,0.680664,0.060547,0.197266,19,19.000000,0.929180
cate2-00118,cate2,4,35,20,0.659180,0.667969,0.064453,0.187500,20,20.000000,0.911077
cate2-00118,cate2,4,36,21,0.719727,0.653320,0.103516,0.220703,21,21.000000,0.947726
cate2-00118,cate2,4,37,22,0.788086,0.615234,0.091797,0.199219,22,22.000000,0.964045
cate2-00118,cate2,4,38,23,0.854492,0.580078,0.076172,0.132812,23,23.000000,0.898153
cate2-00118,cate2,4,41,24,0.483398,0.681641,0.029297,0.136719,24,24.000000,0.857422
cate2-00118,cate2,4,42,25,0.455078,0.686523,0.031250,0.130859,25,25.000000,0.835870
cate2-00118,cate2,4,43,26,0.423828,0.681641,0.039062,0.160156,27,26.000000,0.936251
cate2-00118,cate2,4,44,27,0.385742,0.669922,0.052734,0.191406,27,27.000000,0.861130
cate2-00118,cate2,4,45,28,0.349609,0.666016,0.046875,0.199219,28,28.000000,0.864880
cate2-00118,cate2,4,46,29,0.282227,0.639648,0.103516,0.208984,29,29.000000,0.930638
cate2-00118,cate2,4,47,30,0.222656,0.592773,0.093750,0.197266,30,30.000000,0.967953
cate2-00118,cate2,4,48,31,0.154297,0.547852,0.074219,0.134766,31,31.000000,0.942827
cate2-00119,cate2,3,11,0,0.483398,0.444336,0.041016,0.185547,0,1.000000,0.528607
cate2-00119,cate2,3,12,1,0.447266,0.454102,0.031250,0.193359,1,1.000000,0.700902
cate2-00119,cate2,3,13,2,0.410156,0.455078,0.042969,0.238281,2,2.000000,0.881255
cate2-00119,cate2,3,14,3,0.375000,0.477539,0.050781,0.181641,3,3.000000,0.912620
cate2-00119,cate2,3,15,4,0.332031,0.467773,0.042969,0.181641,4,4.000000,0.974092
cate2-00119,cate2,3,16,5,0.287109,0.469727,0.058594,0.154297,5,5.000000,0.925131
cate2-00119,cate2,3,17,6,0.231445,0.449219,0.072266,0.164062,6,6.000000,0.921303
cate2-00119,cate2,3,18,7,0.178711,0.421875,0.064453,0.152344,7,7.000000,0.885425
cate2-00119,cate2,3,21,8,0.523438,0.422852,0.042969,0.228516,8,8.000000,0.819816
cate2-00119,cate2,3,22,9,0.563477,0.447266,0.044922,0.218750,9,9.000000,0.801251
cate2-00119,cate2,3,23,10,0.598633,0.468750,0.060547,0.246094,11,10.000000,0.921752
cate2-00119,cate2,3,24,11,0.624023,0.492188,0.052734,0.203125,11,11.000000,0.845258
cate2-00119,cate2,3,25,12,0.660156,0.494141,0.046875,0.199219,12,12.000000,0.844668
cate2-00119,cate2,3,26,13,0.710938,0.489258,0.066406,0.201172,13,13.000000,0.912822
cate2-00119,cate2,3,27,14,0.774414,0.492188,0.064453,0.167969,14,14.000000,0.933381
cate2-00119,cate2,3,28,15,0.828125,0.472656,0.062500,0.156250,23,15.000000,0.903725
cate2-00119,cate2,3,31,16,0.508789,0.659180,0.044922,0.146484,24,16.000000,0.862451
cate2-00119,cate2,3,32,17,0.543945,0.682617,0.041016,0.173828,17,17.000000,0.833842
cate2-00119,cate2,3,33,18,0.583008,0.695312,0.048828,0.191406,18,18.000000,0.866283
cate2-00119,cate2,3,34,19,0.624023,0.693359,0.048828,0.179688,19,19.000000,0.890098
cate2-00119,cate2,3,35,20,0.667969,0.696289,0.050781,0.197266,20,20.000000,0.916281
cate2-00119,cate2,3,36,21,0.736328,0.696289,0.089844,0.228516,21,21.000000,0.915233
cate2-00119,cate2,3,37,22,0.792969,0.669922,0.082031,0.207031,22,22.000000,0.947323
cate2-00119,cate2,3,38,23,0.850586,0.654297,0.076172,0.167969,23,23.000000,0.893072
cate2-00119,cate2,3,41,24,0.478516,0.658203,0.042969,0.148438,25,24.000000,0.616587
cate2-00119,cate2,3,42,25,0.439453,0.667969,0.046875,0.175781,26,25.000000,0.762435
cate2-00119,cate2,3,43,26,0.406250,0.680664,0.050781,0.197266,27,26.000000,0.819763
cate2-00119,cate2,3,44,27,0.370117,0.667969,0.044922,0.179688,27,27.000000,0.953635
cate2-00119,cate2,3,45,28,0.322266,0.660156,0.054688,0.183594,28,28.000000,0.940381
cate2-00119,cate2,3,46,29,0.259766,0.654297,0.097656,0.210938,30,29.000000,0.924618
cate2-00119,cate2,3,47,30,0.205078,0.611328,0.085938,0.187500,30,30.000000,0.909447
cate2-00119,cate2,3,48,31,0.159180,0.602539,0.056641,0.205078,31,31.000000,0.802722
cate2-00120,cate2,4,11,0,0.484375,0.445312,0.046875,0.234375,0,0.000000,0.936480
cate2-00120,cate2,4,12,1,0.452148,0.451172,0.044922,0.195312,1,1.000000,0.893553
cate2-00120,cate2,4,13,2,0.411133,0.392578,0.044922,0.242188,2,2.000000,0.844355
cate2-00120,cate2,4,14,3,0.384766,0.438477,0.050781,0.212891,3,3.000000,0.918190
cate2-00120,cate2,4,15,4,0.339844,0.416992,0.050781,0.169922,4,4.000000,0.902455
cate2-00120,cate2,4,16,5,0.285156,0.424805,0.062500,0.173828,5,5.000000,0.914775
cate2-00120,cate2,4,17,6,0.250000,0.387695,0.082031,0.166016,6,6.000000,0.909768
cate2-00120,cate2,4,18,7,0.238281,0.274414,0.054688,0.095703,7,7.000000,0.918742
cate2-00120,cate2,4,21,8,0.533203,0.452148,0.050781,0.236328,8,8.000000,0.917347
cate2-00120,cate2,4,22,9,0.572266,0.442383,0.039062,0.220703,9,9.000000,0.877369
cate2-00120,cate2,4,23,10,0.608398,0.409180,0.041016,0.271484,10,10.000000,0.852387
cate2-00120,cate2,4,24,11,0.641602,0.439453,0.048828,0.226562,11,11.000000,0.889322
cate2-00120,cate2,4,25,12,0.681641,0.409180,0.046875,0.162109,12,12.000000,0.790956
cate2-00120,cate2,4,26,13,0.728516,0.416016,0.062500,0.187500,13,13.000000,0.899358
cate2-00120,cate2,4,27,14,0.764648,0.386719,0.080078,0.171875,14,14.000000,0.915259
cate2-00120,cate2,4,28,15,0.783203,0.271484,0.050781,0.101562,15,15.000000,0.935531
cate2-00120,cate2,4,31,16,0.516602,0.661133,0.029297,0.150391,16,16.000000,0.883270
cate2-00120,cate2,4,32,17,0.548828,0.660156,0.035156,0.152344,17,17.000000,0.886068
cate2-00120,cate2,4,33,18,0.583008,0.695312,0.041016,0.238281,18,18.000000,0.842251
cate2-00120,cate2,4,34,19,0.618164,0.671875,0.052734,0.207031,19,19.000000,0.908994
cate2-00120,cate2,4,35,20,0.672852,0.664062,0.072266,0.210938,20,20.000000,0.926187
cate2-00120,cate2,4,36,21,0.728516,0.636719,0.105469,0.226562,21,21.000000,0.968262
cate2-00120,cate2,4,37,22,0.781250,0.584961,0.089844,0.205078,22,22.000000,0.919046
cate2-00120,cate2,4,38,23,0.838867,0.580078,0.064453,0.113281,23,23.000000,0.932239
cate2-00120,cate2,4,41,24,0.486328,0.668945,0.031250,0.177734,24,24.000000,0.869902
cate2-00120,cate2,4,42,25,0.455078,0.677734,0.031250,0.195312,25,25.000000,0.867098
cate2-00120,cate2,4,43,26,0.421875,0.677734,0.039062,0.207031,26,26.000000,0.930538
cate2-00120,cate2,4,44,27,0.386719,0.666992,0.046875,0.205078,27,27.000000,0.910052
cate2-00120,cate2,4,45,28,0.333008,0.660156,0.068359,0.218750,28,28.000000,0.902389
cate2-00120,cate2,4,46,29,0.277344,0.627930,0.101562,0.212891,29,29.000000,0.893826
cate2-00120,cate2,4,47,30,0.212891,0.583008,0.101562,0.205078,30,30.000000,0.919409
cate2-00120,cate2,4,48,31,0.164062,0.568359,0.062500,0.109375,31,31.000000,0.928093
cate2-00122,cate2,0,11,0,0.480469,0.402344,0.050781,0.207031,0,0.000000,0.845413
cate2-00122,cate2,0,12,1,0.439453,0.392578,0.039062,0.210938,1,1.000000,0.775303
cate2-00122,cate2,0,13,2,0.394531,0.346680,0.070312,0.283203,2,2.000000,0.900552
cate2-00122,cate2,0,14,3,0.364258,0.372070,0.060547,0.236328,4,3.000000,0.881266
cate2-00122,cate2,0,15,4,0.325195,0.366211,0.044922,0.236328,4,4.000000,0.906408
cate2-00122,cate2,0,16,5,0.279297,0.355469,0.062500,0.226562,6,5.000000,0.906973
cate2-00122,cate2,0,17,6,0.221680,0.337891,0.060547,0.214844,6,6.000000,0.898821
cate2-00122,cate2,0,18,7,0.164062,0.341797,0.058594,0.167969,7,7.000000,0.898307
cate2-00122,cate2,0,21,8,0.522461,0.362305,0.044922,0.275391,8,8.000000,0.837384
cate2-00122,cate2,0,22,9,0.559570,0.371094,0.033203,0.226562,9,9.000000,0.931153
cate2-00122,cate2,0,23,10,0.600586,0.327148,0.052734,0.306641,10,10.000000,0.883704
cate2-00122,cate2,0,24,11,0.637695,0.347656,0.044922,0.253906,11,11.000000,0.910260
cate2-00122,cate2,0,25,12,0.675781,0.342773,0.042969,0.255859,12,12.000000,0.887594
cate2-00122,cate2,0,26,13,0.721680,0.332031,0.060547,0.230469,13,13.000000,0.913139
cate2-00122,cate2,0,27,14,0.775391,0.326172,0.058594,0.214844,14,14.000000,0.905252
cate2-00122,cate2,0,28,15,0.822266,0.322266,0.066406,0.175781,15,15.000000,0.919572
cate2-00122,cate2,0,31,16,0.520508,0.614258,0.044922,0.169922,16,16.000000,0.857634
cate2-00122,cate2,0,32,17,0.543945,0.622070,0.041016,0.166016,17,17.000000,0.851976
cate2-00122,cate2,0,33,18,0.581055,0.642578,0.068359,0.214844,18,18.000000,0.928729
cate2-00122,cate2,0,34,19,0.619141,0.633789,0.070312,0.208984,19,19.000000,0.912581
cate2-00122,cate2,0,35,20,0.655273,0.618164,0.091797,0.205078,20,20.000000,0.911996
cate2-00122,cate2,0,36,21,0.709961,0.611328,0.103516,0.242188,21,21.000000,0.935909
cate2-00122,cate2,0,37,22,0.763672,0.563477,0.093750,0.197266,22,22.000000,0.957508
cate2-00122,cate2,0,38,23,0.816406,0.546875,0.070312,0.195312,23,23.000000,0.875585
cate2-00122,cate2,0,41,24,0.497070,0.619141,0.041016,0.152344,24,24.000000,0.836846
cate2-00122,cate2,0,42,25,0.468750,0.629883,0.035156,0.166016,25,25.000000,0.870816
cate2-00122,cate2,0,43,26,0.435547,0.641602,0.042969,0.216797,26,26.000000,0.792449
cate2-00122,cate2,0,44,27,0.398438,0.638672,0.042969,0.210938,26,27.000000,0.895546
cate2-00122,cate2,0,45,28,0.354492,0.625000,0.068359,0.210938,28,28.000000,0.935263
cate2-00122,cate2,0,46,29,0.297852,0.615234,0.099609,0.238281,29,29.000000,0.937309
cate2-00122,cate2,0,47,30,0.228516,0.572266,0.105469,0.199219,30,30.000000,0.912910
cate2-00122,cate2,0,48,31,0.160156,0.552734,0.089844,0.152344,31,31.000000,0.955744
cate2-00123,cate2,0,11,0,0.492188,0.410156,0.039062,0.214844,0,0.000000,0.922214
cate2-00123,cate2,0,12,1,0.453125,0.409180,0.035156,0.212891,1,1.000000,0.922934
cate2-00123,cate2,0,13,2,0.416016,0.381836,0.042969,0.271484,2,2.000000,0.873925
cate2-00123,cate2,0,14,3,0.380859,0.412109,0.046875,0.195312,3,3.000000,0.879249
cate2-00123,cate2,0,15,4,0.342773,0.402344,0.037109,0.183594,4,4.000000,0.927098
cate2-00123,cate2,0,16,5,0.299805,0.409180,0.060547,0.154297,5,5.000000,0.876751
cate2-00123,cate2,0,17,6,0.247070,0.391602,0.056641,0.146484,6,6.000000,0.909161
cate2-00123,cate2,0,18,7,0.213867,0.314453,0.056641,0.132812,7,7.000000,0.906126
cate2-00123,cate2,0,21,8,0.533203,0.394531,0.046875,0.238281,8,8.000000,0.889628
cate2-00123,cate2,0,22,9,0.573242,0.402344,0.033203,0.207031,9,9.000000,0.882696
cate2-00123,cate2,0,23,10,0.608398,0.390625,0.033203,0.238281,10,10.000000,0.915148
cate2-00123,cate2,0,24,11,0.643555,0.391602,0.041016,0.208984,11,11.000000,0.830969
cate2-00123,cate2,0,25,12,0.676758,0.382812,0.041016,0.199219,12,12.000000,0.923661
cate2-00123,cate2,0,26,13,0.719727,0.376953,0.052734,0.171875,13,13.000000,0.899964
cate2-00123,cate2,0,27,14,0.767578,0.355469,0.050781,0.164062,15,14.000000,0.942999
cate2-00123,cate2,0,28,15,0.798828,0.329102,0.050781,0.103516,15,15.000000,0.891713
cate2-00123,cate2,0,31,16,0.530273,0.606445,0.041016,0.134766,16,16.000000,0.850155
cate2-00123,cate2,0,32,17,0.558594,0.616211,0.039062,0.169922,17,17.000000,0.874921
cate2-00123,cate2,0,33,18,0.599609,0.633789,0.058594,0.228516,18,18.000000,0.816894
cate2-00123,cate2,0,34,19,0.625000,0.597656,0.039062,0.175781,19,19.000000,0.913274
cate2-00123,cate2,0,35,20,0.659180,0.588867,0.052734,0.177734,20,20.000000,0.892990
cate2-00123,cate2,0,36,21,0.709961,0.575195,0.083984,0.197266,21,21.000000,0.937973
cate2-00123,cate2,0,37,22,0.759766,0.541016,0.074219,0.175781,22,22.000000,0.935977
cate2-00123,cate2,0,38,23,0.815430,0.518555,0.068359,0.166016,23,23.000000,0.917174
cate2-00123,cate2,0,41,24,0.498047,0.620117,0.027344,0.166016,24,24.000000,0.838985
cate2-00123,cate2,0,42,25,0.473633,0.617188,0.029297,0.164062,24,25.000000,0.883010
cate2-00123,cate2,0,43,26,0.440430,0.619141,0.033203,0.195312,25,26.000000,0.884558
cate2-00123,cate2,0,44,27,0.402344,0.618164,0.039062,0.212891,27,27.000000,0.890572
cate2-00123,cate2,0,45,28,0.367188,0.620117,0.050781,0.216797,28,28.000000,0.913668
cate2-00123,cate2,0,46,29,0.315430,0.600586,0.087891,0.201172,29,29.000000,0.935297
cate2-00123,cate2,0,47,30,0.253906,0.569336,0.078125,0.181641,30,30.000000,0.924417
cate2-00123,cate2,0,48,31,0.201172,0.539062,0.066406,0.171875,31,31.000000,0.866485
cate2-00124,cate2,2,11,0,0.481445,0.420898,0.037109,0.236328,0,0.000000,0.913316
cate2-00124,cate2,2,12,1,0.448242,0.406250,0.037109,0.230469,1,1.000000,0.804268
cate2-00124,cate2,2,13,2,0.415039,0.395508,0.041016,0.244141,2,2.000000,0.880930
cate2-00124,cate2,2,14,3,0.387695,0.406250,0.044922,0.222656,3,3.000000,0.873006
cate2-00124,cate2,2,15,4,0.353516,0.401367,0.039062,0.224609,4,4.000000,0.872903
cate2-00124,cate2,2,16,5,0.311523,0.429688,0.060547,0.148438,5,5.000000,0.925067
cate2-00124,cate2,2,17,6,0.256836,0.405273,0.060547,0.162109,6,6.000000,0.919250
cate2-00124,cate2,2,18,7,0.223633,0.310547,0.060547,0.156250,7,7.000000,0.935888
cate2-00124,cate2,2,21,8,0.526367,0.416992,0.041016,0.240234,8,8.000000,0.899362
cate2-00124,cate2,2,22,9,0.559570,0.427734,0.037109,0.195312,9,9.000000,0.901507
cate2-00124,cate2,2,23,10,0.588867,0.411133,0.048828,0.244141,9,10.000000,0.869256
cate2-00124,cate2,2,24,11,0.621094,0.405273,0.046875,0.240234,10,11.000000,0.898753
cate2-00124,cate2,2,25,12,0.651367,0.421875,0.044922,0.210938,11,12.000000,0.944966
cate2-00124,cate2,2,26,13,0.694336,0.429688,0.056641,0.187500,13,13.000000,0.954616
cate2-00124,cate2,2,27,14,0.749023,0.438477,0.056641,0.154297,14,14.000000,0.917825
cate2-00124,cate2,2,28,15,0.782227,0.364258,0.052734,0.126953,15,15.000000,0.919664
cate2-00124,cate2,2,31,16,0.520508,0.651367,0.025391,0.189453,16,16.000000,0.832828
cate2-00124,cate2,2,32,17,0.544922,0.666016,0.027344,0.207031,17,17.000000,0.897874
cate2-00124,cate2,2,33,18,0.578125,0.682617,0.039062,0.244141,18,18.000000,0.850942
cate2-00124,cate2,2,34,19,0.609375,0.671875,0.046875,0.218750,19,19.000000,0.902021
cate2-00124,cate2,2,35,20,0.643555,0.675781,0.060547,0.230469,20,20.000000,0.931354
cate2-00124,cate2,2,36,21,0.701172,0.669922,0.093750,0.230469,21,21.000000,0.902456
cate2-00124,cate2,2,37,22,0.750977,0.639648,0.076172,0.208984,22,22.000000,0.919401
cate2-00124,cate2,2,38,23,0.804688,0.595703,0.078125,0.179688,22,23.000000,0.899079
cate2-00124,cate2,2,41,24,0.493164,0.637695,0.025391,0.173828,24,24.000000,0.829029
cate2-00124,cate2,2,42,25,0.461914,0.649414,0.029297,0.193359,26,25.000000,0.870427
cate2-00124,cate2,2,43,26,0.431641,0.667969,0.042969,0.242188,26,26.000000,0.888675
cate2-00124,cate2,2,44,27,0.397461,0.658203,0.052734,0.222656,27,27.000000,0.908913
cate2-00124,cate2,2,45,28,0.358398,0.661133,0.060547,0.232422,28,28.000000,0.902186
cate2-00124,cate2,2,46,29,0.301758,0.653320,0.103516,0.220703,29,29.000000,0.943175
cate2-00124,cate2,2,47,30,0.252930,0.620117,0.087891,0.205078,30,30.000000,0.895132
cate2-00124,cate2,2,48,31,0.200195,0.572266,0.080078,0.171875,31,31.000000,0.930656
cate2-00126,cate2,2,11,0,0.487305,0.513672,0.044922,0.234375,0,0.000000,0.921244
cate2-00126,cate2,2,12,1,0.444336,0.499023,0.041016,0.201172,1,1.000000,0.816243
cate2-00126,cate2,2,13,2,0.405273,0.478516,0.044922,0.261719,2,2.000000,0.906084
cate2-00126,cate2,2,14,3,0.375000,0.482422,0.062500,0.250000,3,3.000000,0.940172
cate2-00126,cate2,2,15,4,0.326172,0.509766,0.046875,0.171875,4,4.000000,0.878288
cate2-00126,cate2,2,16,5,0.278320,0.480469,0.056641,0.195312,5,5.000000,0.960704
cate2-00126,cate2,2,17,6,0.227539,0.456055,0.064453,0.173828,6,6.000000,0.952179
cate2-00126,cate2,2,18,7,0.219727,0.359375,0.048828,0.093750,7,7.000000,0.929760
cate2-00126,cate2,2,21,8,0.540039,0.526367,0.048828,0.205078,8,8.000000,0.925923
cate2-00126,cate2,2,22,9,0.579102,0.567383,0.033203,0.103516,19,9.000000,0.859309
cate2-00126,cate2,2,23,10,0.611328,0.538086,0.039062,0.162109,11,11.000000,0.625203
cate2-00126,cate2,2,24,11,0.651367,0.527344,0.037109,0.183594,11,11.000000,0.522072
cate2-00126,cate2,2,25,12,0.690430,0.503906,0.048828,0.179688,13,12.000000,0.861362
cate2-00126,cate2,2,26,13,0.736328,0.491211,0.058594,0.181641,13,13.000000,0.953403
cate2-00126,cate2,2,27,14,0.785156,0.455078,0.062500,0.179688,14,14.000000,0.898165
cate2-00126,cate2,2,28,15,0.792969,0.357422,0.054688,0.089844,15,15.000000,0.937626
cate2-00126,cate2,2,31,16,0.524414,0.721680,0.025391,0.150391,17,16.000000,0.841335
cate2-00126,cate2,2,32,17,0.554688,0.728516,0.031250,0.152344,17,17.000000,0.893628
cate2-00126,cate2,2,33,18,0.597656,0.740234,0.058594,0.191406,18,18.000000,0.933400
cate2-00126,cate2,2,34,19,0.631836,0.723633,0.041016,0.177734,19,19.000000,0.912050
cate2-00126,cate2,2,35,20,0.676758,0.715820,0.052734,0.201172,20,20.000000,0.952905
cate2-00126,cate2,2,36,21,0.732422,0.685547,0.089844,0.199219,21,21.000000,0.963421
cate2-00126,cate2,2,37,22,0.794922,0.638672,0.085938,0.183594,22,22.000000,0.940138
cate2-00126,cate2,2,38,23,0.849609,0.625000,0.058594,0.113281,23,23.000000,0.921328
cate2-00126,cate2,2,41,24,0.496094,0.721680,0.031250,0.150391,24,24.000000,0.897785
cate2-00126,cate2,2,42,25,0.465820,0.720703,0.033203,0.152344,25,25.000000,0.890670
cate2-00126,cate2,2,43,26,0.427734,0.719727,0.046875,0.185547,26,26.000000,0.916912
cate2-00126,cate2,2,44,27,0.384766,0.720703,0.046875,0.191406,27,27.000000,0.882875
cate2-00126,cate2,2,45,28,0.336914,0.708008,0.068359,0.201172,28,28.000000,0.931167
cate2-00126,cate2,2,46,29,0.282227,0.679688,0.087891,0.191406,29,29.000000,0.949274
cate2-00126,cate2,2,47,30,0.218750,0.637695,0.085938,0.197266,30,30.000000,0.926738
cate2-00126,cate2,2,48,31,0.162109,0.623047,0.062500,0.105469,31,31.000000,0.928569
cate2-00127,cate2,2,11,0,0.470703,0.404297,0.046875,0.257812,0,0.000000,0.874102
cate2-00127,cate2,2,12,1,0.432617,0.393555,0.044922,0.236328,2,1.000000,0.861463
cate2-00127,cate2,2,13,2,0.397461,0.369141,0.044922,0.273438,2,2.000000,0.898796
cate2-00127,cate2,2,14,3,0.362305,0.370117,0.041016,0.236328,3,3.000000,0.854429
cate2-00127,cate2,2,15,4,0.324219,0.369141,0.046875,0.214844,4,4.000000,0.874072
cate2-00127,cate2,2,16,5,0.272461,0.363281,0.068359,0.210938,5,5.000000,0.935316
cate2-00127,cate2,2,17,6,0.215820,0.318359,0.068359,0.218750,6,6.000000,0.932349
cate2-00127,cate2,2,18,7,0.177734,0.237305,0.062500,0.154297,7,7.000000,0.898349
cate2-00127,cate2,2,21,8,0.509766,0.409180,0.042969,0.220703,0,8.000000,0.889329
cate2-00127,cate2,2,22,9,0.552734,0.405273,0.039062,0.224609,9,9.000000,0.922650
cate2-00127,cate2,2,23,10,0.589844,0.376953,0.039062,0.285156,10,10.000000,0.803520
cate2-00127,cate2,2,24,11,0.614258,0.391602,0.060547,0.232422,10,11.000000,0.882505
cate2-00127,cate2,2,25,12,0.661133,0.384766,0.044922,0.214844,12,12.000000,0.771770
cate2-00127,cate2,2,26,13,0.712891,0.365234,0.070312,0.218750,13,13.000000,0.933760
cate2-00127,cate2,2,27,14,0.781250,0.333984,0.062500,0.214844,14,14.000000,0.922481
cate2-00127,cate2,2,28,15,0.828125,0.261719,0.066406,0.175781,15,15.000000,0.919441
cate2-00127,cate2,2,31,16,0.500977,0.625000,0.029297,0.160156,24,16.000000,0.769341
cate2-00127,cate2,2,32,17,0.527344,0.630859,0.027344,0.171875,16,17.000000,0.835837
cate2-00127,cate2,2,33,18,0.570312,0.667969,0.050781,0.246094,18,18.000000,0.865168
cate2-00127,cate2,2,34,19,0.608398,0.657227,0.056641,0.240234,18,19.000000,0.843941
cate2-00127,cate2,2,35,20,0.646484,0.636719,0.070312,0.238281,20,20.000000,0.940845
cate2-00127,cate2,2,36,21,0.705078,0.607422,0.113281,0.242188,21,21.000000,0.931066
cate2-00127,cate2,2,37,22,0.780273,0.566406,0.103516,0.218750,22,22.000000,0.945740
cate2-00127,cate2,2,38,23,0.841797,0.516602,0.078125,0.126953,23,23.000000,0.949804
cate2-00127,cate2,2,41,24,0.473633,0.633789,0.025391,0.177734,25,24.000000,0.831284
cate2-00127,cate2,2,42,25,0.451172,0.640625,0.039062,0.187500,25,25.000000,0.887375
cate2-00127,cate2,2,43,26,0.398438,0.679688,0.070312,0.230469,27,26.000000,0.940158
cate2-00127,cate2,2,44,27,0.372070,0.650391,0.083984,0.234375,28,27.000000,0.807432
cate2-00127,cate2,2,45,28,0.341797,0.629883,0.074219,0.232422,28,28.000000,0.845898
cate2-00127,cate2,2,46,29,0.282227,0.604492,0.115234,0.232422,29,29.000000,0.921478
cate2-00127,cate2,2,47,30,0.225586,0.566406,0.087891,0.207031,30,30.000000,0.939435
cate2-00127,cate2,2,48,31,0.154297,0.511719,0.093750,0.164062,31,31.000000,0.956886
cate2-00128,cate2,4,11,0,0.491211,0.366211,0.056641,0.267578,0,0.000000,0.937684
cate2-00128,cate2,4,12,1,0.453125,0.361328,0.039062,0.230469,1,1.000000,0.948828
cate2-00128,cate2,4,13,2,0.410156,0.350586,0.046875,0.251953,2,2.000000,0.871800
cate2-00128,cate2,4,14,3,0.374023,0.361328,0.048828,0.210938,3,3.000000,0.953156
cate2-00128,cate2,4,15,4,0.335938,0.344727,0.046875,0.212891,4,4.000000,0.759080
cate2-00128,cate2,4,16,5,0.285156,0.341797,0.066406,0.187500,5,5.000000,0.915665
cate2-00128,cate2,4,17,6,0.226562,0.303711,0.058594,0.208984,6,6.000000,0.912286
cate2-00128,cate2,4,18,7,0.184570,0.274414,0.048828,0.166016,7,7.000000,0.885843
cate2-00128,cate2,4,21,8,0.528320,0.367188,0.041016,0.250000,8,8.000000,0.924070
cate2-00128,cate2,4,22,9,0.569336,0.365234,0.041016,0.238281,9,9.000000,0.879257
cate2-00128,cate2,4,23,10,0.607422,0.355469,0.046875,0.253906,10,10.000000,0.786796
cate2-00128,cate2,4,24,11,0.644531,0.349609,0.046875,0.226562,11,11.000000,0.796942
cate2-00128,cate2,4,25,12,0.675781,0.339844,0.050781,0.218750,12,12.000000,0.848559
cate2-00128,cate2,4,26,13,0.723633,0.298828,0.064453,0.250000,13,13.000000,0.887678
cate2-00128,cate2,4,27,14,0.783203,0.296875,0.054688,0.203125,14,14.000000,0.918074
cate2-00128,cate2,4,28,15,0.829102,0.279297,0.052734,0.164062,15,15.000000,0.903777
cate2-00128,cate2,4,31,16,0.540039,0.583008,0.037109,0.130859,17,16.000000,0.875772
cate2-00128,cate2,4,32,17,0.566406,0.596680,0.039062,0.154297,17,17.000000,0.921245
cate2-00128,cate2,4,33,18,0.601562,0.614258,0.050781,0.220703,19,18.000000,0.934489
cate2-00128,cate2,4,34,19,0.642578,0.602539,0.062500,0.220703,20,19.000000,0.921402
cate2-00128,cate2,4,35,20,0.680664,0.587891,0.080078,0.222656,21,20.000000,0.879348
cate2-00128,cate2,4,36,21,0.737305,0.556641,0.107422,0.218750,22,21.000000,0.968434
cate2-00128,cate2,4,37,22,0.796875,0.515625,0.101562,0.203125,22,22.000000,0.925793
cate2-00128,cate2,4,38,23,0.846680,0.451172,0.087891,0.183594,23,23.000000,0.922925
cate2-00128,cate2,4,41,24,0.507812,0.586914,0.035156,0.119141,16,24.000000,0.809964
cate2-00128,cate2,4,42,25,0.476562,0.584961,0.031250,0.130859,24,25.000000,0.815565
cate2-00128,cate2,4,43,26,0.430664,0.615234,0.060547,0.187500,26,26.000000,0.944107
cate2-00128,cate2,4,44,27,0.399414,0.607422,0.060547,0.207031,27,27.000000,0.935810
cate2-00128,cate2,4,45,28,0.362305,0.595703,0.068359,0.222656,28,28.000000,0.866600
cate2-00128,cate2,4,46,29,0.302734,0.578125,0.097656,0.226562,29,29.000000,0.907452
cate2-00128,cate2,4,47,30,0.236328,0.544922,0.105469,0.203125,30,30.000000,0.958929
cate2-00128,cate2,4,48,31,0.179688,0.469727,0.097656,0.158203,31,31.000000,0.956367
cate2-00129,cate2,1,11,0,0.480469,0.485352,0.046875,0.228516,0,0.000000,0.909351
cate2-00129,cate2,1,12,1,0.436523,0.489258,0.033203,0.193359,1,1.000000,0.895206
cate2-00129,cate2,1,13,2,0.403320,0.456055,0.044922,0.248047,2,2.000000,0.860376
cate2-00129,cate2,1,14,3,0.365234,0.456055,0.050781,0.216797,3,3.000000,0.878792
cate2-00129,cate2,1,15,4,0.326172,0.438477,0.050781,0.212891,4,4.000000,0.917757
cate2-00129,cate2,1,16,5,0.284180,0.423828,0.068359,0.199219,5,5.000000,0.926856
cate2-00129,cate2,1,17,6,0.230469,0.400391,0.066406,0.191406,6,6.000000,0.934130
cate2-00129,cate2,1,18,7,0.207031,0.317383,0.062500,0.115234,7,7.000000,0.947413
cate2-00129,cate2,1,21,8,0.520508,0.475586,0.044922,0.240234,8,8.000000,0.823047
cate2-00129,cate2,1,22,9,0.557617,0.491211,0.037109,0.193359,9,9.000000,0.828757
cate2-00129,cate2,1,23,10,0.595703,0.453125,0.046875,0.246094,10,10.000000,0.878022
cate2-00129,cate2,1,24,11,0.635742,0.459961,0.056641,0.216797,11,11.000000,0.797676
cate2-00129,cate2,1,25,12,0.671875,0.441406,0.054688,0.218750,12,12.000000,0.869811
cate2-00129,cate2,1,26,13,0.724609,0.446289,0.066406,0.185547,13,13.000000,0.951585
cate2-00129,cate2,1,27,14,0.780273,0.416992,0.068359,0.173828,14,14.000000,0.933065
cate2-00129,cate2,1,28,15,0.804688,0.321289,0.058594,0.103516,15,15.000000,0.871756
cate2-00129,cate2,1,31,16,0.522461,0.670898,0.025391,0.123047,16,16.000000,0.828511
cate2-00129,cate2,1,32,17,0.553711,0.674805,0.037109,0.126953,17,17.000000,0.867384
cate2-00129,cate2,1,33,18,0.588867,0.691406,0.044922,0.195312,18,18.000000,0.894521
cate2-00129,cate2,1,34,19,0.625000,0.677734,0.046875,0.191406,19,19.000000,0.890071
cate2-00129,cate2,1,35,20,0.668945,0.672852,0.056641,0.197266,20,20.000000,0.925423
cate2-00129,cate2,1,36,21,0.725586,0.651367,0.091797,0.208984,21,21.000000,0.941893
cate2-00129,cate2,1,37,22,0.791992,0.608398,0.091797,0.189453,22,22.000000,0.958802
cate2-00129,cate2,1,38,23,0.851562,0.587891,0.058594,0.117188,23,23.000000,0.919500
cate2-00129,cate2,1,41,24,0.497070,0.672852,0.029297,0.115234,24,24.000000,0.803401
cate2-00129,cate2,1,42,25,0.470703,0.679688,0.039062,0.144531,25,25.000000,0.892484
cate2-00129,cate2,1,43,26,0.430664,0.684570,0.048828,0.189453,26,26.000000,0.867591
cate2-00129,cate2,1,44,27,0.396484,0.667969,0.046875,0.179688,27,27.000000,0.945491
cate2-00129,cate2,1,45,28,0.354492,0.669922,0.052734,0.203125,28,28.000000,0.862400
cate2-00129,cate2,1,46,29,0.298828,0.639648,0.093750,0.201172,29,29.000000,0.917877
cate2-00129,cate2,1,47,30,0.233398,0.605469,0.087891,0.187500,30,30.000000,0.920512
cate2-00129,cate2,1,48,31,0.171875,0.596680,0.058594,0.119141,31,31.000000,0.906006
cate2-00130,cate2,1,11,0,0.465820,0.480469,0.037109,0.234375,1,0.000000,0.835900
cate2-00130,cate2,1,12,1,0.434570,0.476562,0.025391,0.207031,1,1.000000,0.831547
cate2-00130,cate2,1,13,2,0.401367,0.448242,0.044922,0.248047,2,2.000000,0.834640
cate2-00130,cate2,1,14,3,0.375000,0.456055,0.050781,0.201172,3,3.000000,0.902936
cate2-00130,cate2,1,15,4,0.335938,0.450195,0.046875,0.177734,4,4.000000,0.802484
cate2-00130,cate2,1,16,5,0.294922,0.434570,0.066406,0.220703,5,5.000000,0.922754
cate2-00130,cate2,1,17,6,0.235352,0.439453,0.060547,0.183594,6,6.000000,0.933834
cate2-00130,cate2,1,18,7,0.196289,0.427734,0.083984,0.171875,6,7.000000,0.899617
cate2-00130,cate2,1,21,8,0.500977,0.484375,0.041016,0.230469,0,8.000000,0.850553
cate2-00130,cate2,1,22,9,0.536133,0.475586,0.029297,0.228516,8,9.000000,0.848508
cate2-00130,cate2,1,23,10,0.571289,0.461914,0.044922,0.236328,9,10.000000,0.895725
cate2-00130,cate2,1,24,11,0.597656,0.471680,0.046875,0.212891,10,11.000000,0.844939
cate2-00130,cate2,1,25,12,0.631836,0.473633,0.044922,0.201172,11,12.000000,0.868514
cate2-00130,cate2,1,26,13,0.677734,0.459961,0.062500,0.208984,13,13.000000,0.950150
cate2-00130,cate2,1,27,14,0.730469,0.439453,0.058594,0.207031,13,14.000000,0.918000
cate2-00130,cate2,1,28,15,0.774414,0.432617,0.068359,0.169922,14,15.000000,0.924553
cate2-00130,cate2,1,31,16,0.483398,0.678711,0.029297,0.146484,25,16.000000,0.815919
cate2-00130,cate2,1,32,17,0.504883,0.684570,0.041016,0.150391,24,17.000000,0.862621
cate2-00130,cate2,1,33,18,0.537109,0.715820,0.046875,0.228516,17,18.000000,0.887427
cate2-00130,cate2,1,34,19,0.574219,0.689453,0.046875,0.179688,18,19.000000,0.942556
cate2-00130,cate2,1,35,20,0.599609,0.688477,0.078125,0.208984,18,20.000000,0.820264
cate2-00130,cate2,1,36,21,0.653320,0.674805,0.083984,0.208984,20,21.000000,0.929872
cate2-00130,cate2,1,37,22,0.710938,0.647461,0.074219,0.197266,21,22.000000,0.950958
cate2-00130,cate2,1,38,23,0.791016,0.635742,0.097656,0.123047,23,23.000000,0.868099
cate2-00130,cate2,1,41,24,0.460938,0.676758,0.027344,0.146484,25,24.000000,0.818332
cate2-00130,cate2,1,42,25,0.434570,0.677734,0.025391,0.148438,25,25.000000,0.888556
cate2-00130,cate2,1,43,26,0.403320,0.699219,0.037109,0.210938,27,26.000000,0.916504
cate2-00130,cate2,1,44,27,0.372070,0.680664,0.044922,0.193359,27,27.000000,0.931720
cate2-00130,cate2,1,45,28,0.336914,0.671875,0.064453,0.195312,28,28.000000,0.916317
cate2-00130,cate2,1,46,29,0.294922,0.655273,0.085938,0.197266,29,29.000000,0.941948
cate2-00130,cate2,1,47,30,0.229492,0.635742,0.083984,0.181641,30,30.000000,0.917604
cate2-00130,cate2,1,48,31,0.178711,0.609375,0.068359,0.167969,31,31.000000,0.871068
cate2-00133,cate2,3,11,0,0.490234,0.452148,0.046875,0.216797,0,0.000000,0.889195
cate2-00133,cate2,3,12,1,0.451172,0.400391,0.035156,0.289062,1,1.000000,0.914687
cate2-00133,cate2,3,13,2,0.416992,0.389648,0.048828,0.283203,2,2.000000,0.892421
cate2-00133,cate2,3,14,3,0.384766,0.407227,0.054688,0.240234,3,3.000000,0.924028
cate2-00133,cate2,3,15,4,0.345703,0.398438,0.046875,0.218750,4,4.000000,0.928765
cate2-00133,cate2,3,16,5,0.298828,0.398438,0.062500,0.191406,5,5.000000,0.923611
cate2-00133,cate2,3,17,6,0.246094,0.364258,0.066406,0.197266,6,6.000000,0.902936
cate2-00133,cate2,3,18,7,0.218750,0.282227,0.074219,0.142578,7,7.000000,0.920946
cate2-00133,cate2,3,21,8,0.528320,0.444336,0.044922,0.232422,8,8.000000,0.888391
cate2-00133,cate2,3,22,9,0.565430,0.416016,0.041016,0.253906,9,9.000000,0.838251
cate2-00133,cate2,3,23,10,0.598633,0.395508,0.048828,0.275391,10,10.000000,0.901726
cate2-00133,cate2,3,24,11,0.638672,0.397461,0.050781,0.244141,11,11.000000,0.949846
cate2-00133,cate2,3,25,12,0.671875,0.397461,0.042969,0.208984,12,12.000000,0.935113
cate2-00133,cate2,3,26,13,0.718750,0.389648,0.062500,0.205078,13,13.000000,0.927738
cate2-00133,cate2,3,27,14,0.776367,0.352539,0.060547,0.212891,14,14.000000,0.935546
cate2-00133,cate2,3,28,15,0.795898,0.248047,0.052734,0.117188,15,15.000000,0.859374
cate2-00133,cate2,3,31,16,0.520508,0.671875,0.025391,0.183594,16,16.000000,0.886384
cate2-00133,cate2,3,32,17,0.542969,0.677734,0.031250,0.218750,17,17.000000,0.878739
cate2-00133,cate2,3,33,18,0.578125,0.680664,0.035156,0.216797,18,18.000000,0.850715
cate2-00133,cate2,3,34,19,0.612305,0.665039,0.060547,0.232422,19,19.000000,0.864456
cate2-00133,cate2,3,35,20,0.650391,0.641602,0.062500,0.216797,20,20.000000,0.926218
cate2-00133,cate2,3,36,21,0.709961,0.627930,0.103516,0.220703,21,21.000000,0.919543
cate2-00133,cate2,3,37,22,0.771484,0.597656,0.097656,0.230469,22,22.000000,0.934180
cate2-00133,cate2,3,38,23,0.835938,0.548828,0.089844,0.160156,23,23.000000,0.930237
cate2-00133,cate2,3,41,24,0.492188,0.658203,0.023438,0.148438,24,24.000000,0.823827
cate2-00133,cate2,3,42,25,0.466797,0.662109,0.031250,0.175781,25,25.000000,0.847844
cate2-00133,cate2,3,43,26,0.435547,0.680664,0.035156,0.216797,26,26.000000,0.924448
cate2-00133,cate2,3,44,27,0.390625,0.674805,0.074219,0.236328,27,27.000000,0.887462
cate2-00133,cate2,3,45,28,0.362305,0.647461,0.064453,0.205078,28,28.000000,0.907031
cate2-00133,cate2,3,46,29,0.308594,0.632812,0.097656,0.230469,29,29.000000,0.942123
cate2-00133,cate2,3,47,30,0.243164,0.592773,0.103516,0.208984,30,30.000000,0.922673
cate2-00133,cate2,3,48,31,0.177734,0.548828,0.097656,0.167969,31,31.000000,0.924612
cate2-00134,cate2,3,11,0,0.498047,0.481445,0.039062,0.248047,0,0.000000,0.890308
cate2-00134,cate2,3,12,1,0.462891,0.482422,0.031250,0.218750,1,1.000000,0.853695
cate2-00134,cate2,3,13,2,0.426758,0.456055,0.044922,0.271484,2,2.000000,0.880901
cate2-00134,cate2,3,14,3,0.396484,0.459961,0.050781,0.248047,3,3.000000,0.855358
cate2-00134,cate2,3,15,4,0.357422,0.457031,0.046875,0.234375,3,4.000000,0.923201
cate2-00134,cate2,3,16,5,0.313477,0.457031,0.068359,0.207031,5,5.000000,0.930812
cate2-00134,cate2,3,17,6,0.256836,0.427734,0.064453,0.203125,6,6.000000,0.903222
cate2-00134,cate2,3,18,7,0.227539,0.364258,0.052734,0.119141,7,7.000000,0.934555
cate2-00134,cate2,3,21,8,0.539062,0.487305,0.039062,0.232422,8,8.000000,0.853738
cate2-00134,cate2,3,22,9,0.576172,0.486328,0.031250,0.218750,9,9.000000,0.865879
cate2-00134,cate2,3,23,10,0.607422,0.470703,0.039062,0.253906,10,10.000000,0.858528
cate2-00134,cate2,3,24,11,0.647461,0.457031,0.037109,0.253906,11,11.000000,0.903078
cate2-00134,cate2,3,25,12,0.676758,0.457031,0.037109,0.226562,12,12.000000,0.919082
cate2-00134,cate2,3,26,13,0.720703,0.454102,0.058594,0.216797,13,13.000000,0.873479
cate2-00134,cate2,3,27,14,0.766602,0.413086,0.064453,0.236328,14,14.000000,0.851488
cate2-00134,cate2,3,28,15,0.792969,0.357422,0.046875,0.136719,15,15.000000,0.909414
cate2-00134,cate2,3,31,16,0.539062,0.713867,0.031250,0.181641,17,16.000000,0.807172
cate2-00134,cate2,3,32,17,0.563477,0.718750,0.029297,0.183594,17,17.000000,0.873272
cate2-00134,cate2,3,33,18,0.595703,0.734375,0.042969,0.226562,18,18.000000,0.914669
cate2-00134,cate2,3,34,19,0.628906,0.732422,0.046875,0.222656,19,19.000000,0.898643
cate2-00134,cate2,3,35,20,0.682617,0.712891,0.083984,0.210938,21,20.000000,0.929360
cate2-00134,cate2,3,36,21,0.722656,0.695312,0.097656,0.230469,21,21.000000,0.940037
cate2-00134,cate2,3,37,22,0.791016,0.652344,0.105469,0.226562,22,22.000000,0.944887
cate2-00134,cate2,3,38,23,0.841797,0.597656,0.082031,0.128906,23,23.000000,0.874717
cate2-00134,cate2,3,41,24,0.511719,0.709961,0.031250,0.166016,24,24.000000,0.856572
cate2-00134,cate2,3,42,25,0.488281,0.702148,0.035156,0.158203,24,25.000000,0.843648
cate2-00134,cate2,3,43,26,0.454102,0.715820,0.033203,0.189453,25,26.000000,0.888031
cate2-00134,cate2,3,44,27,0.420898,0.718750,0.041016,0.214844,26,27.000000,0.925066
cate2-00134,cate2,3,45,28,0.374023,0.712891,0.072266,0.222656,28,28.000000,0.925310
cate2-00134,cate2,3,46,29,0.319336,0.693359,0.107422,0.226562,29,29.000000,0.933046
cate2-00134,cate2,3,47,30,0.247070,0.654297,0.111328,0.214844,30,30.000000,0.943642
cate2-00134,cate2,3,48,31,0.187500,0.616211,0.093750,0.142578,31,31.000000,0.963739
cate2-00135,cate2,4,11,0,0.481445,0.453125,0.041016,0.187500,0,0.000000,0.925000
cate2-00135,cate2,4,12,1,0.453125,0.447266,0.039062,0.175781,1,1.000000,0.858633
cate2-00135,cate2,4,13,2,0.418945,0.431641,0.037109,0.230469,2,2.000000,0.882558
cate2-00135,cate2,4,14,3,0.388672,0.452148,0.039062,0.193359,3,3.000000,0.925664
cate2-00135,cate2,4,15,4,0.354492,0.455078,0.041016,0.183594,3,4.000000,0.846357
cate2-00135,cate2,4,16,5,0.312500,0.459961,0.054688,0.177734,5,5.000000,0.925848
cate2-00135,cate2,4,17,6,0.262695,0.439453,0.044922,0.187500,6,6.000000,0.922770
cate2-00135,cate2,4,18,7,0.216797,0.416992,0.050781,0.177734,7,7.000000,0.914379
cate2-00135,cate2,4,21,8,0.525391,0.442383,0.042969,0.205078,8,8.000000,0.927217
cate2-00135,cate2,4,22,9,0.558594,0.442383,0.031250,0.197266,9,9.000000,0.881648
cate2-00135,cate2,4,23,10,0.587891,0.432617,0.039062,0.224609,9,10.000000,0.853641
cate2-00135,cate2,4,24,11,0.621094,0.441406,0.042969,0.214844,11,11.000000,0.901805
cate2-00135,cate2,4,25,12,0.655273,0.441406,0.044922,0.214844,12,12.000000,0.881864
cate2-00135,cate2,4,26,13,0.698242,0.458008,0.064453,0.162109,13,13.000000,0.957041
cate2-00135,cate2,4,27,14,0.750977,0.437500,0.048828,0.187500,14,14.000000,0.927487
cate2-00135,cate2,4,28,15,0.798828,0.412109,0.058594,0.195312,14,15.000000,0.898523
cate2-00135,cate2,4,31,16,0.525391,0.648438,0.027344,0.160156,16,16.000000,0.751438
cate2-00135,cate2,4,32,17,0.548828,0.644531,0.035156,0.160156,17,17.000000,0.902819
cate2-00135,cate2,4,33,18,0.583008,0.658203,0.029297,0.214844,18,18.000000,0.856336
cate2-00135,cate2,4,34,19,0.616211,0.667969,0.056641,0.203125,19,19.000000,0.922710
cate2-00135,cate2,4,35,20,0.653320,0.652344,0.060547,0.199219,20,20.000000,0.904473
cate2-00135,cate2,4,36,21,0.704102,0.629883,0.091797,0.193359,21,21.000000,0.970078
cate2-00135,cate2,4,37,22,0.751953,0.613281,0.066406,0.183594,22,22.000000,0.931949
cate2-00135,cate2,4,38,23,0.821289,0.572266,0.095703,0.152344,23,23.000000,0.904345
cate2-00135,cate2,4,41,24,0.501953,0.667969,0.027344,0.214844,24,24.000000,0.707006
cate2-00135,cate2,4,42,25,0.475586,0.661133,0.037109,0.185547,25,25.000000,0.861545
cate2-00135,cate2,4,43,26,0.441406,0.660156,0.039062,0.195312,26,26.000000,0.948913
cate2-00135,cate2,4,44,27,0.409180,0.659180,0.044922,0.201172,27,27.000000,0.904157
cate2-00135,cate2,4,45,28,0.375977,0.654297,0.044922,0.203125,27,28.000000,0.882479
cate2-00135,cate2,4,46,29,0.323242,0.642578,0.083984,0.187500,29,29.000000,0.951561
cate2-00135,cate2,4,47,30,0.265625,0.620117,0.078125,0.173828,30,30.000000,0.947985
cate2-00135,cate2,4,48,31,0.215820,0.579102,0.076172,0.162109,31,31.000000,0.926992
cate2-00136,cate2,1,11,0,0.479492,0.492188,0.037109,0.175781,1,0.000000,0.895694
cate2-00136,cate2,1,12,1,0.446289,0.477539,0.029297,0.181641,1,1.000000,0.921095
cate2-00136,cate2,1,13,2,0.416992,0.459961,0.033203,0.232422,2,2.000000,0.944518
cate2-00136,cate2,1,14,3,0.384766,0.474609,0.039062,0.175781,3,3.000000,0.946239
cate2-00136,cate2,1,15,4,0.348633,0.461914,0.037109,0.177734,4,4.000000,0.889624
cate2-00136,cate2,1,16,5,0.303711,0.440430,0.052734,0.197266,5,5.000000,0.946684
cate2-00136,cate2,1,17,6,0.256836,0.428711,0.052734,0.169922,6,6.000000,0.928252
cate2-00136,cate2,1,18,7,0.223633,0.383789,0.064453,0.126953,7,7.000000,0.924734
cate2-00136,cate2,1,21,8,0.517578,0.491211,0.039062,0.189453,8,8.000000,0.844357
cate2-00136,cate2,1,22,9,0.550781,0.494141,0.031250,0.183594,9,9.000000,0.769504
cate2-00136,cate2,1,23,10,0.582031,0.482422,0.035156,0.222656,9,10.000000,0.912076
cate2-00136,cate2,1,24,11,0.618164,0.502930,0.041016,0.166016,11,11.000000,0.869871
cate2-00136,cate2,1,25,12,0.652344,0.493164,0.042969,0.177734,11,12.000000,0.834905
cate2-00136,cate2,1,26,13,0.700195,0.475586,0.052734,0.181641,12,13.000000,0.872029
cate2-00136,cate2,1,27,14,0.754883,0.453125,0.056641,0.175781,14,14.000000,0.887910
cate2-00136,cate2,1,28,15,0.791992,0.382812,0.060547,0.148438,15,15.000000,0.911630
cate2-00136,cate2,1,31,16,0.503906,0.682617,0.035156,0.158203,24,16.000000,0.881185
cate2-00136,cate2,1,32,17,0.527344,0.681641,0.031250,0.144531,16,17.000000,0.894712
cate2-00136,cate2,1,33,18,0.555664,0.693359,0.037109,0.171875,17,18.000000,0.906375
cate2-00136,cate2,1,34,19,0.588867,0.699219,0.048828,0.191406,18,19.000000,0.879395
cate2-00136,cate2,1,35,20,0.631836,0.680664,0.060547,0.177734,19,20.000000,0.914804
cate2-00136,cate2,1,36,21,0.692383,0.671875,0.095703,0.199219,21,21.000000,0.934431
cate2-00136,cate2,1,37,22,0.758789,0.628906,0.107422,0.175781,22,22.000000,0.964710
cate2-00136,cate2,1,38,23,0.803711,0.586914,0.072266,0.166016,23,23.000000,0.921418
cate2-00136,cate2,1,41,24,0.472656,0.668945,0.039062,0.158203,25,24.000000,0.871211
cate2-00136,cate2,1,42,25,0.449219,0.678711,0.027344,0.158203,25,25.000000,0.916433
cate2-00136,cate2,1,43,26,0.416992,0.691406,0.041016,0.191406,27,26.000000,0.923265
cate2-00136,cate2,1,44,27,0.385742,0.687500,0.044922,0.191406,27,27.000000,0.913299
cate2-00136,cate2,1,45,28,0.350586,0.658203,0.056641,0.152344,28,28.000000,0.914177
cate2-00136,cate2,1,46,29,0.301758,0.650391,0.087891,0.187500,29,29.000000,0.960669
cate2-00136,cate2,1,47,30,0.239258,0.593750,0.095703,0.160156,30,30.000000,0.931679
cate2-00136,cate2,1,48,31,0.194336,0.544922,0.076172,0.144531,31,31.000000,0.926010
cate3-00003,cate3,0,11,0,0.488281,0.423828,0.046875,0.257812,0,0.000000,0.916769
cate3-00003,cate3,0,12,1,0.447266,0.413086,0.042969,0.240234,1,1.000000,0.876142
cate3-00003,cate3,0,13,2,0.411133,0.411133,0.056641,0.240234,2,2.000000,0.795589
cate3-00003,cate3,0,14,3,0.374023,0.398438,0.052734,0.222656,3,3.000000,0.828311
cate3-00003,cate3,0,15,4,0.338867,0.394531,0.052734,0.187500,4,4.000000,0.883140
cate3-00003,cate3,0,16,5,0.294922,0.375977,0.066406,0.197266,5,5.000000,0.931021
cate3-00003,cate3,0,17,6,0.236328,0.358398,0.062500,0.173828,6,6.000000,0.925475
cate3-00003,cate3,0,18,7,0.224609,0.224609,0.058594,0.105469,7,7.000000,0.914708
cate3-00003,cate3,0,21,8,0.533203,0.417969,0.046875,0.261719,8,8.000000,0.841414
cate3-00003,cate3,0,22,9,0.575195,0.417969,0.041016,0.238281,10,9.000000,0.805430
cate3-00003,cate3,0,23,10,0.614258,0.406250,0.037109,0.253906,10,10.000000,0.871758
cate3-00003,cate3,0,24,11,0.651367,0.396484,0.044922,0.210938,12,11.000000,0.864560
cate3-00003,cate3,0,25,12,0.687500,0.390625,0.042969,0.214844,12,12.000000,0.955922
cate3-00003,cate3,0,26,13,0.730469,0.375000,0.062500,0.179688,13,13.000000,0.892797
cate3-00003,cate3,0,27,14,0.779297,0.340820,0.074219,0.201172,14,14.000000,0.894023
cate3-00003,cate3,0,28,15,0.792969,0.222656,0.074219,0.109375,15,15.000000,0.821737
cate3-00003,cate3,0,31,16,0.519531,0.645508,0.023438,0.158203,16,16.000000,0.789330
cate3-00003,cate3,0,32,17,0.551758,0.654297,0.037109,0.183594,17,17.000000,0.878463
cate3-00003,cate3,0,33,18,0.588867,0.651367,0.048828,0.212891,18,18.000000,0.821373
cate3-00003,cate3,0,34,19,0.616211,0.634766,0.048828,0.191406,19,19.000000,0.879210
cate3-00003,cate3,0,35,20,0.655273,0.623047,0.041016,0.195312,20,20.000000,0.903953
cate3-00003,cate3,0,36,21,0.704102,0.594727,0.083984,0.208984,21,21.000000,0.927779
cate3-00003,cate3,0,37,22,0.769531,0.550781,0.082031,0.195312,22,22.000000,0.937339
cate3-00003,cate3,0,38,23,0.831055,0.531250,0.068359,0.113281,23,23.000000,0.872420
cate3-00003,cate3,0,41,24,0.489258,0.641602,0.033203,0.142578,24,24.000000,0.890597
cate3-00003,cate3,0,42,25,0.458984,0.644531,0.042969,0.164062,25,25.000000,0.836989
cate3-00003,cate3,0,43,26,0.415039,0.642578,0.056641,0.183594,26,26.000000,0.914088
cate3-00003,cate3,0,44,27,0.388672,0.637695,0.035156,0.197266,27,27.000000,0.878302
cate3-00003,cate3,0,45,28,0.357422,0.624023,0.050781,0.193359,27,28.000000,0.859861
cate3-00003,cate3,0,46,29,0.300781,0.601562,0.097656,0.218750,29,29.000000,0.956580
cate3-00003,cate3,0,47,30,0.238281,0.545898,0.097656,0.205078,30,30.000000,0.945254
cate3-00003,cate3,0,48,31,0.186523,0.528320,0.068359,0.119141,31,31.000000,0.908175
cate3-00006,cate3,1,11,0,0.499023,0.368164,0.048828,0.224609,0,0.000000,0.855263
cate3-00006,cate3,1,12,1,0.470703,0.356445,0.046875,0.224609,0,1.000000,0.813377
cate3-00006,cate3,1,13,2,0.426758,0.338867,0.052734,0.283203,2,2.000000,0.885883
cate3-00006,cate3,1,14,3,0.378906,0.350586,0.039062,0.228516,3,3.000000,0.884445
cate3-00006,cate3,1,15,4,0.337891,0.334961,0.054688,0.232422,3,4.000000,0.853736
cate3-00006,cate3,1,16,5,0.282227,0.342773,0.068359,0.197266,5,5.000000,0.879426
cate3-00006,cate3,1,17,6,0.247070,0.266602,0.068359,0.162109,7,6.000000,0.898928
cate3-00006,cate3,1,18,7,0.208008,0.187500,0.064453,0.136719,7,7.000000,0.930444
cate3-00006,cate3,1,21,8,0.541016,0.364258,0.042969,0.251953,8,8.000000,0.901526
cate3-00006,cate3,1,22,9,0.579102,0.359375,0.037109,0.250000,9,9.000000,0.816454
cate3-00006,cate3,1,23,10,0.615234,0.350586,0.039062,0.275391,10,10.000000,0.876942
cate3-00006,cate3,1,24,11,0.650391,0.358398,0.035156,0.228516,11,11.000000,0.900679
cate3-00006,cate3,1,25,12,0.684570,0.347656,0.041016,0.226562,12,12.000000,0.805072
cate3-00006,cate3,1,26,13,0.730469,0.348633,0.062500,0.181641,13,13.000000,0.933361
cate3-00006,cate3,1,27,14,0.780273,0.325195,0.060547,0.162109,14,14.000000,0.934813
cate3-00006,cate3,1,28,15,0.811523,0.202148,0.072266,0.150391,15,15.000000,0.875256
cate3-00006,cate3,1,31,16,0.543945,0.607422,0.029297,0.203125,16,16.000000,0.785227
cate3-00006,cate3,1,32,17,0.572266,0.615234,0.035156,0.214844,18,17.000000,0.847025
cate3-00006,cate3,1,33,18,0.610352,0.621094,0.052734,0.250000,18,18.000000,0.895939
cate3-00006,cate3,1,34,19,0.635742,0.607422,0.037109,0.218750,19,19.000000,0.870197
cate3-00006,cate3,1,35,20,0.675781,0.601562,0.050781,0.238281,20,20.000000,0.932714
cate3-00006,cate3,1,36,21,0.729492,0.583984,0.080078,0.230469,21,21.000000,0.926345
cate3-00006,cate3,1,37,22,0.785156,0.565430,0.070312,0.220703,22,22.000000,0.905844
cate3-00006,cate3,1,38,23,0.846680,0.500000,0.064453,0.136719,23,23.000000,0.924346
cate3-00006,cate3,1,41,24,0.519531,0.600586,0.023438,0.193359,16,24.000000,0.798882
cate3-00006,cate3,1,42,25,0.495117,0.610352,0.025391,0.208984,24,25.000000,0.791094
cate3-00006,cate3,1,43,26,0.458984,0.613281,0.039062,0.246094,26,26.000000,0.742637
cate3-00006,cate3,1,44,27,0.421875,0.599609,0.042969,0.234375,26,27.000000,0.887892
cate3-00006,cate3,1,45,28,0.379883,0.609375,0.056641,0.269531,28,28.000000,0.869358
cate3-00006,cate3,1,46,29,0.314453,0.578125,0.082031,0.218750,29,29.000000,0.945588
cate3-00006,cate3,1,47,30,0.249023,0.551758,0.076172,0.201172,30,30.000000,0.920310
cate3-00006,cate3,1,48,31,0.183594,0.505859,0.070312,0.148438,31,31.000000,0.892151
cate3-00007,cate3,0,11,0,0.483398,0.454102,0.044922,0.220703,0,0.000000,0.912690
cate3-00007,cate3,0,12,1,0.444336,0.442383,0.044922,0.216797,1,1.000000,0.840428
cate3-00007,cate3,0,13,2,0.404297,0.403320,0.046875,0.279297,2,2.000000,0.870225
cate3-00007,cate3,0,14,3,0.360352,0.431641,0.048828,0.207031,3,3.000000,0.836116
cate3-00007,cate3,0,15,4,0.320312,0.423828,0.042969,0.199219,4,4.000000,0.880808
cate3-00007,cate3,0,16,5,0.277344,0.416992,0.062500,0.173828,6,5.000000,0.906248
cate3-00007,cate3,0,17,6,0.216797,0.397461,0.062500,0.177734,7,6.000000,0.939225
cate3-00007,cate3,0,18,7,0.181641,0.322266,0.070312,0.167969,7,7.000000,0.946938
cate3-00007,cate3,0,21,8,0.525391,0.442383,0.054688,0.248047,8,8.000000,0.859523
cate3-00007,cate3,0,22,9,0.563477,0.445312,0.044922,0.222656,9,9.000000,0.830758
cate3-00007,cate3,0,23,10,0.603516,0.414062,0.046875,0.265625,10,10.000000,0.863018
cate3-00007,cate3,0,24,11,0.640625,0.434570,0.050781,0.212891,11,11.000000,0.827879
cate3-00007,cate3,0,25,12,0.683594,0.425781,0.046875,0.183594,12,12.000000,0.898748
cate3-00007,cate3,0,26,13,0.736328,0.414062,0.062500,0.191406,13,13.000000,0.944594
cate3-00007,cate3,0,27,14,0.791992,0.397461,0.060547,0.185547,14,14.000000,0.864168
cate3-00007,cate3,0,28,15,0.824219,0.305664,0.058594,0.154297,15,15.000000,0.905997
cate3-00007,cate3,0,31,16,0.509766,0.652344,0.027344,0.105469,24,16.000000,0.893092
cate3-00007,cate3,0,32,17,0.537109,0.656250,0.023438,0.125000,17,17.000000,0.896662
cate3-00007,cate3,0,33,18,0.575195,0.672852,0.041016,0.201172,18,18.000000,0.904688
cate3-00007,cate3,0,34,19,0.613281,0.667969,0.054688,0.210938,19,19.000000,0.863271
cate3-00007,cate3,0,35,20,0.656250,0.653320,0.082031,0.189453,20,20.000000,0.858132
cate3-00007,cate3,0,36,21,0.708008,0.628906,0.091797,0.203125,21,21.000000,0.939065
cate3-00007,cate3,0,37,22,0.780273,0.597656,0.087891,0.191406,22,22.000000,0.955849
cate3-00007,cate3,0,38,23,0.846680,0.548828,0.087891,0.175781,23,23.000000,0.911088
cate3-00007,cate3,0,41,24,0.484375,0.652344,0.023438,0.109375,24,24.000000,0.867956
cate3-00007,cate3,0,42,25,0.457031,0.652344,0.035156,0.148438,25,25.000000,0.852510
cate3-00007,cate3,0,43,26,0.416992,0.672852,0.048828,0.193359,26,26.000000,0.879853
cate3-00007,cate3,0,44,27,0.386719,0.658203,0.050781,0.210938,27,27.000000,0.957405
cate3-00007,cate3,0,45,28,0.338867,0.651367,0.076172,0.205078,28,28.000000,0.904823
cate3-00007,cate3,0,46,29,0.293945,0.634766,0.087891,0.214844,29,29.000000,0.935380
cate3-00007,cate3,0,47,30,0.226562,0.593750,0.093750,0.191406,30,30.000000,0.923397
cate3-00007,cate3,0,48,31,0.164062,0.550781,0.082031,0.183594,31,31.000000,0.878750
cate3-00008,cate3,2,11,0,0.496094,0.421875,0.054688,0.226562,0,0.000000,0.896236
cate3-00008,cate3,2,12,1,0.452148,0.420898,0.048828,0.205078,1,1.000000,0.917413
cate3-00008,cate3,2,13,2,0.407227,0.398438,0.056641,0.273438,2,2.000000,0.905435
cate3-00008,cate3,2,14,3,0.356445,0.411133,0.056641,0.216797,4,3.000000,0.892465
cate3-00008,cate3,2,15,4,0.319336,0.407227,0.052734,0.208984,4,4.000000,0.880496
cate3-00008,cate3,2,16,5,0.259766,0.415039,0.074219,0.185547,6,5.000000,0.930515
cate3-00008,cate3,2,17,6,0.200195,0.386719,0.076172,0.191406,7,6.000000,0.945827
cate3-00008,cate3,2,18,7,0.181641,0.274414,0.058594,0.115234,7,7.000000,0.906413
cate3-00008,cate3,2,21,8,0.545898,0.417969,0.056641,0.238281,8,8.000000,0.882747
cate3-00008,cate3,2,22,9,0.591797,0.416016,0.046875,0.234375,10,9.000000,0.873460
cate3-00008,cate3,2,23,10,0.636719,0.418945,0.046875,0.244141,11,10.000000,0.873220
cate3-00008,cate3,2,24,11,0.672852,0.418945,0.037109,0.220703,12,11.000000,0.934010
cate3-00008,cate3,2,25,12,0.711914,0.403320,0.044922,0.228516,12,12.000000,0.890647
cate3-00008,cate3,2,26,13,0.762695,0.402344,0.064453,0.203125,14,13.000000,0.951943
cate3-00008,cate3,2,27,14,0.811523,0.381836,0.080078,0.205078,14,14.000000,0.934546
cate3-00008,cate3,2,28,15,0.830078,0.271484,0.062500,0.132812,15,15.000000,0.865545
cate3-00008,cate3,2,31,16,0.532227,0.637695,0.037109,0.146484,16,16.000000,0.810763
cate3-00008,cate3,2,32,17,0.563477,0.642578,0.029297,0.171875,18,17.000000,0.879507
cate3-00008,cate3,2,33,18,0.599609,0.656250,0.046875,0.226562,18,18.000000,0.890892
cate3-00008,cate3,2,34,19,0.637695,0.655273,0.041016,0.216797,19,19.000000,0.887723
cate3-00008,cate3,2,35,20,0.692383,0.648438,0.060547,0.210938,20,20.000000,0.896781
cate3-00008,cate3,2,36,21,0.743164,0.618164,0.083984,0.212891,22,21.000000,0.883523
cate3-00008,cate3,2,37,22,0.809570,0.592773,0.072266,0.205078,22,22.000000,0.939855
cate3-00008,cate3,2,38,23,0.873047,0.606445,0.082031,0.158203,23,23.000000,0.917441
cate3-00008,cate3,2,41,24,0.502930,0.630859,0.025391,0.156250,16,24.000000,0.844649
cate3-00008,cate3,2,42,25,0.466797,0.624023,0.039062,0.166016,25,25.000000,0.823027
cate3-00008,cate3,2,43,26,0.423828,0.651367,0.042969,0.224609,26,26.000000,0.893255
cate3-00008,cate3,2,44,27,0.382812,0.636719,0.050781,0.210938,27,27.000000,0.875557
cate3-00008,cate3,2,45,28,0.337891,0.632812,0.042969,0.218750,28,28.000000,0.833450
cate3-00008,cate3,2,46,29,0.273438,0.620117,0.089844,0.216797,29,29.000000,0.960784
cate3-00008,cate3,2,47,30,0.202148,0.594727,0.076172,0.216797,30,30.000000,0.916324
cate3-00008,cate3,2,48,31,0.136719,0.595703,0.082031,0.144531,31,31.000000,0.959303
cate3-00009,cate3,2,11,0,0.486328,0.440430,0.042969,0.240234,0,0.000000,0.927801
cate3-00009,cate3,2,12,1,0.448242,0.429688,0.033203,0.230469,1,1.000000,0.865728
cate3-00009,cate3,2,13,2,0.417969,0.405273,0.035156,0.244141,2,2.000000,0.897338
cate3-00009,cate3,2,14,3,0.382812,0.392578,0.042969,0.230469,3,3.000000,0.829466
cate3-00009,cate3,2,15,4,0.352539,0.381836,0.052734,0.216797,4,4.000000,0.820480
cate3-00009,cate3,2,16,5,0.303711,0.384766,0.064453,0.203125,5,5.000000,0.899229
cate3-00009,cate3,2,17,6,0.265625,0.352539,0.082031,0.181641,6,6.000000,0.900166
cate3-00009,cate3,2,18,7,0.256836,0.235352,0.056641,0.095703,7,7.000000,0.918642
cate3-00009,cate3,2,21,8,0.522461,0.436523,0.041016,0.248047,8,8.000000,0.911286
cate3-00009,cate3,2,22,9,0.559570,0.425781,0.041016,0.246094,9,9.000000,0.805353
cate3-00009,cate3,2,23,10,0.596680,0.418945,0.033203,0.255859,10,10.000000,0.872653
cate3-00009,cate3,2,24,11,0.632812,0.416016,0.042969,0.203125,11,11.000000,0.858716
cate3-00009,cate3,2,25,12,0.659180,0.404297,0.048828,0.195312,12,12.000000,0.851762
cate3-00009,cate3,2,26,13,0.709961,0.410156,0.068359,0.164062,13,13.000000,0.910775
cate3-00009,cate3,2,27,14,0.740234,0.360352,0.078125,0.158203,14,14.000000,0.905485
cate3-00009,cate3,2,28,15,0.754883,0.243164,0.064453,0.099609,15,15.000000,0.926444
cate3-00009,cate3,2,31,16,0.509766,0.681641,0.027344,0.199219,16,16.000000,0.848683
cate3-00009,cate3,2,32,17,0.539062,0.678711,0.035156,0.208984,17,17.000000,0.904173
cate3-00009,cate3,2,33,18,0.576172,0.681641,0.050781,0.234375,18,18.000000,0.892132
cate3-00009,cate3,2,34,19,0.610352,0.668945,0.048828,0.205078,19,19.000000,0.861445
cate3-00009,cate3,2,35,20,0.648438,0.658203,0.050781,0.218750,20,20.000000,0.936025
cate3-00009,cate3,2,36,21,0.707031,0.617188,0.101562,0.226562,21,21.000000,0.944781
cate3-00009,cate3,2,37,22,0.763672,0.562500,0.089844,0.207031,22,22.000000,0.948144
cate3-00009,cate3,2,38,23,0.815430,0.500977,0.044922,0.119141,23,23.000000,0.917158
cate3-00009,cate3,2,41,24,0.484375,0.686523,0.031250,0.208984,24,24.000000,0.755217
cate3-00009,cate3,2,42,25,0.454102,0.687500,0.033203,0.226562,25,25.000000,0.871907
cate3-00009,cate3,2,43,26,0.410156,0.676758,0.054688,0.236328,27,26.000000,0.919038
cate3-00009,cate3,2,44,27,0.384766,0.662109,0.039062,0.218750,27,27.000000,0.867442
cate3-00009,cate3,2,45,28,0.353516,0.639648,0.050781,0.216797,28,28.000000,0.883141
cate3-00009,cate3,2,46,29,0.293945,0.604492,0.099609,0.228516,29,29.000000,0.947084
cate3-00009,cate3,2,47,30,0.239258,0.556641,0.080078,0.210938,30,30.000000,0.921277
cate3-00009,cate3,2,48,31,0.185547,0.504883,0.050781,0.119141,31,31.000000,0.915066
cate3-00013,cate3,3,11,0,0.490234,0.434570,0.039062,0.251953,0,0.000000,0.924855
cate3-00013,cate3,3,12,1,0.455078,0.422852,0.042969,0.236328,1,1.000000,0.910939
cate3-00013,cate3,3,13,2,0.420898,0.402344,0.044922,0.269531,2,2.000000,0.909418
cate3-00013,cate3,3,14,3,0.381836,0.414062,0.041016,0.226562,3,3.000000,0.884966
cate3-00013,cate3,3,15,4,0.343750,0.410156,0.042969,0.226562,4,4.000000,0.900186
cate3-00013,cate3,3,16,5,0.292969,0.411133,0.062500,0.208984,5,5.000000,0.898794
cate3-00013,cate3,3,17,6,0.236328,0.386719,0.066406,0.214844,6,6.000000,0.958022
cate3-00013,cate3,3,18,7,0.196289,0.311523,0.060547,0.177734,7,7.000000,0.913552
cate3-00013,cate3,3,21,8,0.528320,0.436523,0.041016,0.251953,8,8.000000,0.918818
cate3-00013,cate3,3,22,9,0.561523,0.439453,0.044922,0.222656,9,9.000000,0.829807
cate3-00013,cate3,3,23,10,0.598633,0.405273,0.044922,0.291016,10,10.000000,0.864318
cate3-00013,cate3,3,24,11,0.636719,0.429688,0.042969,0.214844,11,11.000000,0.921108
cate3-00013,cate3,3,25,12,0.673828,0.419922,0.042969,0.210938,12,12.000000,0.923473
cate3-00013,cate3,3,26,13,0.718750,0.416016,0.062500,0.195312,13,13.000000,0.860163
cate3-00013,cate3,3,27,14,0.772461,0.387695,0.056641,0.212891,14,14.000000,0.916433
cate3-00013,cate3,3,28,15,0.807617,0.320312,0.060547,0.156250,15,15.000000,0.910127
cate3-00013,cate3,3,31,16,0.516602,0.662109,0.029297,0.164062,16,16.000000,0.892917
cate3-00013,cate3,3,32,17,0.542969,0.663086,0.035156,0.146484,17,17.000000,0.850005
cate3-00013,cate3,3,33,18,0.582031,0.683594,0.050781,0.171875,18,18.000000,0.877434
cate3-00013,cate3,3,34,19,0.609375,0.670898,0.039062,0.185547,19,19.000000,0.875830
cate3-00013,cate3,3,35,20,0.651367,0.672852,0.064453,0.224609,20,20.000000,0.883983
cate3-00013,cate3,3,36,21,0.705078,0.652344,0.082031,0.218750,21,21.000000,0.905333
cate3-00013,cate3,3,37,22,0.772461,0.615234,0.087891,0.210938,22,22.000000,0.945038
cate3-00013,cate3,3,38,23,0.838867,0.572266,0.087891,0.148438,23,23.000000,0.912455
cate3-00013,cate3,3,41,24,0.493164,0.659180,0.025391,0.166016,24,24.000000,0.840745
cate3-00013,cate3,3,42,25,0.464844,0.654297,0.031250,0.156250,25,25.000000,0.812827
cate3-00013,cate3,3,43,26,0.431641,0.681641,0.039062,0.214844,26,26.000000,0.916427
cate3-00013,cate3,3,44,27,0.394531,0.669922,0.035156,0.203125,27,27.000000,0.926378
cate3-00013,cate3,3,45,28,0.361328,0.667969,0.046875,0.222656,28,28.000000,0.862205
cate3-00013,cate3,3,46,29,0.297852,0.652344,0.095703,0.226562,29,29.000000,0.928013
cate3-00013,cate3,3,47,30,0.227539,0.610352,0.111328,0.212891,30,30.000000,0.944356
cate3-00013,cate3,3,48,31,0.156250,0.569336,0.093750,0.146484,31,31.000000,0.943688
cate3-00014,cate3,4,11,0,0.495117,0.462891,0.037109,0.222656,0,0.000000,0.870630
cate3-00014,cate3,4,12,1,0.465820,0.464844,0.037109,0.203125,0,1.000000,0.835091
cate3-00014,cate3,4,13,2,0.435547,0.444336,0.042969,0.255859,1,2.000000,0.858757
cate3-00014,cate3,4,14,3,0.396484,0.443359,0.035156,0.218750,3,3.000000,0.880231
cate3-00014,cate3,4,15,4,0.366211,0.437500,0.037109,0.203125,3,4.000000,0.821924
cate3-00014,cate3,4,16,5,0.318359,0.425781,0.062500,0.210938,5,5.000000,0.915226
cate3-00014,cate3,4,17,6,0.263672,0.418945,0.058594,0.181641,5,6.000000,0.904963
cate3-00014,cate3,4,18,7,0.215820,0.411133,0.068359,0.126953,7,7.000000,0.896006
cate3-00014,cate3,4,21,8,0.529297,0.463867,0.042969,0.232422,8,8.000000,0.887781
cate3-00014,cate3,4,22,9,0.564453,0.472656,0.031250,0.199219,9,9.000000,0.858628
cate3-00014,cate3,4,23,10,0.592773,0.436523,0.029297,0.251953,10,10.000000,0.827065
cate3-00014,cate3,4,24,11,0.623047,0.445312,0.042969,0.207031,10,11.000000,0.868132
cate3-00014,cate3,4,25,12,0.657227,0.423828,0.037109,0.214844,11,12.000000,0.807545
cate3-00014,cate3,4,26,13,0.696289,0.417969,0.052734,0.191406,12,13.000000,0.943071
cate3-00014,cate3,4,27,14,0.745117,0.400391,0.048828,0.179688,14,14.000000,0.920074
cate3-00014,cate3,4,28,15,0.786133,0.385742,0.060547,0.146484,15,15.000000,0.864065
cate3-00014,cate3,4,31,16,0.520508,0.678711,0.025391,0.158203,16,16.000000,0.850937
cate3-00014,cate3,4,32,17,0.543945,0.670898,0.025391,0.146484,16,17.000000,0.884345
cate3-00014,cate3,4,33,18,0.576172,0.683594,0.035156,0.187500,18,18.000000,0.880582
cate3-00014,cate3,4,34,19,0.602539,0.668945,0.037109,0.193359,19,19.000000,0.908498
cate3-00014,cate3,4,35,20,0.646484,0.669922,0.062500,0.222656,20,20.000000,0.868018
cate3-00014,cate3,4,36,21,0.689453,0.638672,0.082031,0.214844,21,21.000000,0.922046
cate3-00014,cate3,4,37,22,0.746094,0.616211,0.074219,0.208984,22,22.000000,0.909728
cate3-00014,cate3,4,38,23,0.798828,0.549805,0.078125,0.150391,23,23.000000,0.901179
cate3-00014,cate3,4,41,24,0.498047,0.671875,0.035156,0.148438,24,24.000000,0.843807
cate3-00014,cate3,4,42,25,0.477539,0.654297,0.029297,0.132812,25,25.000000,0.833826
cate3-00014,cate3,4,43,26,0.449219,0.660156,0.031250,0.164062,25,26.000000,0.928621
cate3-00014,cate3,4,44,27,0.415039,0.675781,0.044922,0.218750,26,27.000000,0.936107
cate3-00014,cate3,4,45,28,0.375000,0.675781,0.054688,0.238281,28,28.000000,0.861143
cate3-00014,cate3,4,46,29,0.318359,0.653320,0.089844,0.232422,29,29.000000,0.888049
cate3-00014,cate3,4,47,30,0.255859,0.629883,0.085938,0.220703,30,30.000000,0.959117
cate3-00014,cate3,4,48,31,0.198242,0.575195,0.091797,0.177734,30,31.000000,0.947045
cate3-00016,cate3,1,11,0,0.488281,0.427734,0.042969,0.238281,0,0.000000,0.906981
cate3-00016,cate3,1,12,1,0.455078,0.431641,0.042969,0.210938,1,1.000000,0.854793
cate3-00016,cate3,1,13,2,0.420898,0.418945,0.037109,0.208984,1,2.000000,0.861471
cate3-00016,cate3,1,14,3,0.382812,0.449219,0.042969,0.156250,3,3.000000,0.828696
cate3-00016,cate3,1,15,4,0.351562,0.440430,0.042969,0.169922,4,4.000000,0.858116
cate3-00016,cate3,1,16,5,0.300781,0.427734,0.062500,0.171875,5,5.000000,0.880211
cate3-00016,cate3,1,17,6,0.261719,0.384766,0.074219,0.167969,6,6.000000,0.919925
cate3-00016,cate3,1,18,7,0.240234,0.288086,0.062500,0.111328,7,7.000000,0.944861
cate3-00016,cate3,1,21,8,0.534180,0.421875,0.044922,0.250000,8,8.000000,0.886648
cate3-00016,cate3,1,22,9,0.572266,0.425781,0.039062,0.218750,9,9.000000,0.872627
cate3-00016,cate3,1,23,10,0.602539,0.375977,0.044922,0.177734,10,10.000000,0.875568
cate3-00016,cate3,1,24,11,0.634766,0.436523,0.042969,0.169922,11,11.000000,0.904952
cate3-00016,cate3,1,25,12,0.667969,0.420898,0.050781,0.197266,12,12.000000,0.903714
cate3-00016,cate3,1,26,13,0.713867,0.418945,0.064453,0.193359,13,13.000000,0.916700
cate3-00016,cate3,1,27,14,0.754883,0.384766,0.060547,0.144531,15,14.000000,0.913357
cate3-00016,cate3,1,28,15,0.774414,0.292969,0.068359,0.117188,15,15.000000,0.908321
cate3-00016,cate3,1,31,16,0.514648,0.651367,0.025391,0.173828,16,16.000000,0.850824
cate3-00016,cate3,1,32,17,0.542969,0.661133,0.027344,0.185547,17,17.000000,0.881538
cate3-00016,cate3,1,33,18,0.577148,0.665039,0.033203,0.185547,18,18.000000,0.898405
cate3-00016,cate3,1,34,19,0.606445,0.641602,0.037109,0.189453,19,19.000000,0.868603
cate3-00016,cate3,1,35,20,0.652344,0.632812,0.054688,0.183594,20,20.000000,0.923201
cate3-00016,cate3,1,36,21,0.704102,0.629883,0.091797,0.212891,21,21.000000,0.925238
cate3-00016,cate3,1,37,22,0.761719,0.592773,0.066406,0.185547,22,22.000000,0.925416
cate3-00016,cate3,1,38,23,0.814453,0.558594,0.074219,0.121094,23,23.000000,0.901705
cate3-00016,cate3,1,41,24,0.486328,0.653320,0.031250,0.181641,24,24.000000,0.812430
cate3-00016,cate3,1,42,25,0.460938,0.654297,0.027344,0.179688,25,25.000000,0.815532
cate3-00016,cate3,1,43,26,0.430664,0.650391,0.037109,0.167969,26,26.000000,0.828226
cate3-00016,cate3,1,44,27,0.394531,0.651367,0.039062,0.201172,27,27.000000,0.876232
cate3-00016,cate3,1,45,28,0.355469,0.647461,0.046875,0.197266,28,28.000000,0.911571
cate3-00016,cate3,1,46,29,0.304688,0.637695,0.097656,0.224609,29,29.000000,0.938902
cate3-00016,cate3,1,47,30,0.244141,0.606445,0.078125,0.193359,30,30.000000,0.897027
cate3-00016,cate3,1,48,31,0.191406,0.584961,0.070312,0.130859,31,31.000000,0.913879
cate3-00018,cate3,3,11,0,0.503906,0.477539,0.046875,0.208984,0,0.000000,0.885997
cate3-00018,cate3,3,12,1,0.461914,0.484375,0.048828,0.171875,1,1.000000,0.935778
cate3-00018,cate3,3,13,2,0.417969,0.461914,0.050781,0.244141,2,2.000000,0.867085
cate3-00018,cate3,3,14,3,0.378906,0.478516,0.042969,0.144531,3,3.000000,0.876406
cate3-00018,cate3,3,15,4,0.343750,0.448242,0.058594,0.197266,4,4.000000,0.938934
cate3-00018,cate3,3,16,5,0.284180,0.451172,0.072266,0.187500,5,5.000000,0.919557
cate3-00018,cate3,3,17,6,0.232422,0.430664,0.070312,0.169922,6,6.000000,0.925747
cate3-00018,cate3,3,18,7,0.218750,0.333008,0.074219,0.115234,7,7.000000,0.916910
cate3-00018,cate3,3,21,8,0.545898,0.474609,0.048828,0.214844,8,8.000000,0.875114
cate3-00018,cate3,3,22,9,0.587891,0.483398,0.039062,0.197266,9,9.000000,0.839396
cate3-00018,cate3,3,23,10,0.627930,0.459961,0.041016,0.255859,10,10.000000,0.877361
cate3-00018,cate3,3,24,11,0.668945,0.490234,0.048828,0.167969,12,11.000000,0.868393
cate3-00018,cate3,3,25,12,0.701172,0.463867,0.042969,0.193359,12,12.000000,0.917397
cate3-00018,cate3,3,26,13,0.750977,0.458008,0.060547,0.185547,14,13.000000,0.940306
cate3-00018,cate3,3,27,14,0.801758,0.429688,0.060547,0.183594,14,14.000000,0.957338
cate3-00018,cate3,3,28,15,0.813477,0.337891,0.072266,0.101562,15,15.000000,0.905445
cate3-00018,cate3,3,31,16,0.534180,0.665039,0.025391,0.142578,16,16.000000,0.819164
cate3-00018,cate3,3,32,17,0.564453,0.679688,0.027344,0.160156,17,17.000000,0.814257
cate3-00018,cate3,3,33,18,0.594727,0.687500,0.041016,0.199219,18,18.000000,0.833967
cate3-00018,cate3,3,34,19,0.633789,0.688477,0.044922,0.201172,19,19.000000,0.897755
cate3-00018,cate3,3,35,20,0.675781,0.690430,0.046875,0.208984,20,20.000000,0.924570
cate3-00018,cate3,3,36,21,0.734375,0.659180,0.093750,0.201172,21,21.000000,0.917192
cate3-00018,cate3,3,37,22,0.797852,0.617188,0.083984,0.187500,22,22.000000,0.936610
cate3-00018,cate3,3,38,23,0.853516,0.583008,0.058594,0.134766,23,23.000000,0.920831
cate3-00018,cate3,3,41,24,0.501953,0.668945,0.035156,0.142578,24,24.000000,0.830647
cate3-00018,cate3,3,42,25,0.473633,0.670898,0.033203,0.150391,25,25.000000,0.815417
cate3-00018,cate3,3,43,26,0.440430,0.678711,0.037109,0.181641,26,26.000000,0.920393
cate3-00018,cate3,3,44,27,0.402344,0.680664,0.046875,0.193359,27,27.000000,0.922323
cate3-00018,cate3,3,45,28,0.357422,0.682617,0.050781,0.208984,28,28.000000,0.902636
cate3-00018,cate3,3,46,29,0.296875,0.647461,0.097656,0.201172,29,29.000000,0.932917
cate3-00018,cate3,3,47,30,0.220703,0.611328,0.093750,0.191406,30,30.000000,0.927032
cate3-00018,cate3,3,48,31,0.166992,0.572266,0.072266,0.136719,31,31.000000,0.899831
cate3-00019,cate3,4,11,0,0.476562,0.438477,0.042969,0.236328,1,0.000000,0.905717
cate3-00019,cate3,4,12,1,0.442383,0.439453,0.041016,0.214844,1,1.000000,0.879861
cate3-00019,cate3,4,13,2,0.407227,0.434570,0.041016,0.244141,2,2.000000,0.853802
cate3-00019,cate3,4,14,3,0.371094,0.439453,0.042969,0.214844,3,3.000000,0.826370
cate3-00019,cate3,4,15,4,0.340820,0.428711,0.041016,0.212891,4,4.000000,0.848633
cate3-00019,cate3,4,16,5,0.294922,0.428711,0.054688,0.189453,5,5.000000,0.922031
cate3-00019,cate3,4,17,6,0.241211,0.417969,0.056641,0.187500,6,6.000000,0.890131
cate3-00019,cate3,4,18,7,0.216797,0.354492,0.046875,0.111328,7,7.000000,0.918789
cate3-00019,cate3,4,21,8,0.517578,0.438477,0.042969,0.236328,8,8.000000,0.914765
cate3-00019,cate3,4,22,9,0.550781,0.439453,0.042969,0.226562,8,9.000000,0.856494
cate3-00019,cate3,4,23,10,0.584961,0.439453,0.052734,0.246094,10,10.000000,0.840986
cate3-00019,cate3,4,24,11,0.623047,0.432617,0.050781,0.228516,11,11.000000,0.854034
cate3-00019,cate3,4,25,12,0.655273,0.427734,0.044922,0.218750,11,12.000000,0.772265
cate3-00019,cate3,4,26,13,0.706055,0.440430,0.060547,0.189453,13,13.000000,0.905038
cate3-00019,cate3,4,27,14,0.763672,0.439453,0.062500,0.167969,14,14.000000,0.909123
cate3-00019,cate3,4,28,15,0.787109,0.359375,0.054688,0.121094,15,15.000000,0.903555
cate3-00019,cate3,4,31,16,0.515625,0.654297,0.023438,0.152344,16,16.000000,0.851547
cate3-00019,cate3,4,32,17,0.544922,0.661133,0.031250,0.158203,17,17.000000,0.916689
cate3-00019,cate3,4,33,18,0.581055,0.679688,0.041016,0.207031,18,18.000000,0.895019
cate3-00019,cate3,4,34,19,0.611328,0.680664,0.035156,0.220703,18,19.000000,0.853644
cate3-00019,cate3,4,35,20,0.656250,0.676758,0.054688,0.224609,20,20.000000,0.781540
cate3-00019,cate3,4,36,21,0.700195,0.665039,0.091797,0.216797,21,21.000000,0.939956
cate3-00019,cate3,4,37,22,0.764648,0.626953,0.095703,0.203125,22,22.000000,0.946862
cate3-00019,cate3,4,38,23,0.830078,0.596680,0.066406,0.115234,23,23.000000,0.913606
cate3-00019,cate3,4,41,24,0.487305,0.648438,0.025391,0.148438,24,24.000000,0.859007
cate3-00019,cate3,4,42,25,0.456055,0.658203,0.037109,0.171875,25,25.000000,0.816177
cate3-00019,cate3,4,43,26,0.425781,0.674805,0.042969,0.224609,26,26.000000,0.904163
cate3-00019,cate3,4,44,27,0.393555,0.670898,0.037109,0.220703,27,27.000000,0.925705
cate3-00019,cate3,4,45,28,0.355469,0.671875,0.042969,0.226562,28,28.000000,0.739662
cate3-00019,cate3,4,46,29,0.299805,0.661133,0.080078,0.228516,29,29.000000,0.918691
cate3-00019,cate3,4,47,30,0.240234,0.630859,0.089844,0.226562,30,30.000000,0.938454
cate3-00019,cate3,4,48,31,0.176758,0.589844,0.076172,0.125000,31,31.000000,0.933559
cate3-00020,cate3,1,11,0,0.489258,0.499023,0.044922,0.212891,0,0.000000,0.885606
cate3-00020,cate3,1,12,1,0.454102,0.487305,0.033203,0.197266,1,1.000000,0.837059
cate3-00020,cate3,1,13,2,0.420898,0.469727,0.041016,0.216797,2,2.000000,0.836347
cate3-00020,cate3,1,14,3,0.384766,0.461914,0.039062,0.205078,3,3.000000,0.851903
cate3-00020,cate3,1,15,4,0.352539,0.453125,0.041016,0.191406,4,4.000000,0.903717
cate3-00020,cate3,1,16,5,0.309570,0.446289,0.064453,0.177734,5,5.000000,0.927790
cate3-00020,cate3,1,17,6,0.261719,0.422852,0.066406,0.154297,6,6.000000,0.919221
cate3-00020,cate3,1,18,7,0.243164,0.310547,0.064453,0.105469,7,7.000000,0.931284
cate3-00020,cate3,1,21,8,0.530273,0.496094,0.048828,0.214844,8,8.000000,0.840720
cate3-00020,cate3,1,22,9,0.566406,0.506836,0.035156,0.150391,9,9.000000,0.871057
cate3-00020,cate3,1,23,10,0.597656,0.469727,0.039062,0.201172,10,10.000000,0.821112
cate3-00020,cate3,1,24,11,0.627930,0.466797,0.044922,0.175781,11,11.000000,0.867704
cate3-00020,cate3,1,25,12,0.663086,0.446289,0.044922,0.197266,12,12.000000,0.846412
cate3-00020,cate3,1,26,13,0.708984,0.437500,0.062500,0.187500,13,13.000000,0.906330
cate3-00020,cate3,1,27,14,0.752930,0.406250,0.068359,0.183594,14,14.000000,0.947569
cate3-00020,cate3,1,28,15,0.770508,0.307617,0.064453,0.119141,15,15.000000,0.888565
cate3-00020,cate3,1,31,16,0.527344,0.689453,0.042969,0.097656,16,16.000000,0.846687
cate3-00020,cate3,1,32,17,0.559570,0.691406,0.037109,0.113281,17,17.000000,0.907783
cate3-00020,cate3,1,33,18,0.605469,0.685547,0.062500,0.160156,19,18.000000,0.931820
cate3-00020,cate3,1,34,19,0.634766,0.679688,0.054688,0.179688,19,19.000000,0.872986
cate3-00020,cate3,1,35,20,0.672852,0.666016,0.064453,0.195312,20,20.000000,0.925108
cate3-00020,cate3,1,36,21,0.727539,0.636719,0.095703,0.207031,21,21.000000,0.927481
cate3-00020,cate3,1,37,22,0.786133,0.576172,0.099609,0.187500,22,22.000000,0.961699
cate3-00020,cate3,1,38,23,0.834961,0.541992,0.068359,0.126953,23,23.000000,0.931556
cate3-00020,cate3,1,41,24,0.501953,0.691406,0.027344,0.105469,24,24.000000,0.860769
cate3-00020,cate3,1,42,25,0.474609,0.698242,0.035156,0.119141,25,25.000000,0.739052
cate3-00020,cate3,1,43,26,0.440430,0.685547,0.041016,0.171875,26,26.000000,0.873949
cate3-00020,cate3,1,44,27,0.399414,0.684570,0.052734,0.185547,27,27.000000,0.922597
cate3-00020,cate3,1,45,28,0.355469,0.684570,0.066406,0.220703,28,28.000000,0.923726
cate3-00020,cate3,1,46,29,0.293945,0.652344,0.103516,0.218750,29,29.000000,0.942737
cate3-00020,cate3,1,47,30,0.225586,0.586914,0.111328,0.189453,30,30.000000,0.928088
cate3-00020,cate3,1,48,31,0.174805,0.550781,0.068359,0.125000,31,31.000000,0.918714
cate3-00021,cate3,3,11,0,0.484375,0.405273,0.054688,0.197266,0,0.000000,0.897852
cate3-00021,cate3,3,12,1,0.437500,0.402344,0.046875,0.191406,1,1.000000,0.917433
cate3-00021,cate3,3,13,2,0.391602,0.381836,0.044922,0.236328,3,2.000000,0.865393
cate3-00021,cate3,3,14,3,0.354492,0.414062,0.041016,0.171875,4,3.000000,0.902811
cate3-00021,cate3,3,15,4,0.314453,0.411133,0.046875,0.173828,4,4.000000,0.964092
cate3-00021,cate3,3,16,5,0.257812,0.384766,0.066406,0.187500,6,5.000000,0.935135
cate3-00021,cate3,3,17,6,0.199219,0.358398,0.066406,0.205078,7,6.000000,0.918962
cate3-00021,cate3,3,18,7,0.166016,0.259766,0.062500,0.117188,7,7.000000,0.958491
cate3-00021,cate3,3,21,8,0.536133,0.406250,0.056641,0.191406,8,8.000000,0.891756
cate3-00021,cate3,3,22,9,0.585938,0.387695,0.054688,0.232422,10,9.000000,0.840194
cate3-00021,cate3,3,23,10,0.619141,0.371094,0.046875,0.199219,10,10.000000,0.853805
cate3-00021,cate3,3,24,11,0.653320,0.419922,0.048828,0.164062,12,11.000000,0.931902
cate3-00021,cate3,3,25,12,0.694336,0.401367,0.044922,0.185547,12,12.000000,0.904781
cate3-00021,cate3,3,26,13,0.752930,0.386719,0.072266,0.175781,14,13.000000,0.918967
cate3-00021,cate3,3,27,14,0.812500,0.371094,0.066406,0.183594,14,14.000000,0.912884
cate3-00021,cate3,3,28,15,0.849609,0.282227,0.058594,0.103516,15,15.000000,0.895345
cate3-00021,cate3,3,31,16,0.515625,0.594727,0.035156,0.138672,16,16.000000,0.894779
cate3-00021,cate3,3,32,17,0.554688,0.600586,0.054688,0.162109,17,17.000000,0.871116
cate3-00021,cate3,3,33,18,0.597656,0.622070,0.062500,0.216797,18,18.000000,0.904329
cate3-00021,cate3,3,34,19,0.637695,0.594727,0.048828,0.197266,19,19.000000,0.911300
cate3-00021,cate3,3,35,20,0.673828,0.588867,0.046875,0.173828,20,20.000000,0.884632
cate3-00021,cate3,3,36,21,0.738281,0.588867,0.082031,0.197266,21,21.000000,0.934066
cate3-00021,cate3,3,37,22,0.808594,0.552734,0.085938,0.187500,22,22.000000,0.955624
cate3-00021,cate3,3,38,23,0.883789,0.534180,0.087891,0.154297,23,23.000000,0.927508
cate3-00021,cate3,3,41,24,0.484375,0.593750,0.035156,0.152344,24,24.000000,0.895114
cate3-00021,cate3,3,42,25,0.448242,0.603516,0.044922,0.160156,26,25.000000,0.803423
cate3-00021,cate3,3,43,26,0.409180,0.612305,0.048828,0.205078,27,26.000000,0.849541
cate3-00021,cate3,3,44,27,0.368164,0.602539,0.044922,0.189453,27,27.000000,0.927950
cate3-00021,cate3,3,45,28,0.335938,0.589844,0.058594,0.164062,28,28.000000,0.901743
cate3-00021,cate3,3,46,29,0.274414,0.586914,0.087891,0.205078,30,29.000000,0.940960
cate3-00021,cate3,3,47,30,0.208984,0.564453,0.085938,0.199219,30,30.000000,0.936840
cate3-00021,cate3,3,48,31,0.132812,0.539062,0.089844,0.152344,31,31.000000,0.953665
cate3-00023,cate3,4,11,0,0.500977,0.460938,0.048828,0.191406,0,0.000000,0.926154
cate3-00023,cate3,4,12,1,0.466797,0.459961,0.042969,0.169922,1,1.000000,0.876659
cate3-00023,cate3,4,13,2,0.435547,0.336914,0.058594,0.205078,2,2.000000,0.797704
cate3-00023,cate3,4,14,3,0.396484,0.406250,0.042969,0.250000,2,3.000000,0.795874
cate3-00023,cate3,4,15,4,0.365234,0.396484,0.050781,0.226562,3,4.000000,0.854915
cate3-00023,cate3,4,16,5,0.309570,0.387695,0.068359,0.212891,5,5.000000,0.930949
cate3-00023,cate3,4,17,6,0.261719,0.371094,0.070312,0.171875,6,6.000000,0.931128
cate3-00023,cate3,4,18,7,0.267578,0.228516,0.074219,0.101562,7,7.000000,0.916154
cate3-00023,cate3,4,21,8,0.542969,0.460938,0.050781,0.187500,8,8.000000,0.893225
cate3-00023,cate3,4,22,9,0.582031,0.458984,0.039062,0.175781,9,9.000000,0.866725
cate3-00023,cate3,4,23,10,0.594727,0.301758,0.091797,0.142578,10,,
cate3-00023,cate3,4,24,11,0.639648,0.425781,0.041016,0.203125,11,11.000000,0.747901
cate3-00023,cate3,4,25,12,0.673828,0.404297,0.042969,0.226562,12,12.000000,0.793749
cate3-00023,cate3,4,26,13,0.715820,0.388672,0.060547,0.222656,13,13.000000,0.839193
cate3-00023,cate3,4,27,14,0.761719,0.365234,0.062500,0.179688,14,15.000000,0.683887
cate3-00023,cate3,4,28,15,0.755859,0.206055,0.058594,0.111328,15,15.000000,0.921305
cate3-00023,cate3,4,31,16,0.515625,0.645508,0.023438,0.138672,16,16.000000,0.884184
cate3-00023,cate3,4,32,17,0.545898,0.663086,0.033203,0.169922,17,17.000000,0.913013
cate3-00023,cate3,4,33,18,0.578125,0.721680,0.039062,0.162109,18,18.000000,0.820013
cate3-00023,cate3,4,34,19,0.611328,0.663086,0.039062,0.220703,18,19.000000,0.902636
cate3-00023,cate3,4,35,20,0.655273,0.645508,0.056641,0.197266,20,20.000000,0.909028
cate3-00023,cate3,4,36,21,0.702148,0.619141,0.076172,0.210938,21,21.000000,0.984071
cate3-00023,cate3,4,37,22,0.753906,0.571289,0.070312,0.177734,22,22.000000,0.938985
cate3-00023,cate3,4,38,23,0.803711,0.568359,0.060547,0.128906,23,23.000000,0.923592
cate3-00023,cate3,4,41,24,0.493164,0.651367,0.029297,0.150391,24,24.000000,0.914032
cate3-00023,cate3,4,42,25,0.462891,0.646484,0.031250,0.164062,25,25.000000,0.830265
cate3-00023,cate3,4,43,26,0.433594,0.638672,0.023438,0.140625,25,,
cate3-00023,cate3,4,44,27,0.403320,0.642578,0.037109,0.195312,27,27.000000,0.721881
cate3-00023,cate3,4,45,28,0.363281,0.659180,0.062500,0.228516,28,28.000000,0.778410
cate3-00023,cate3,4,46,29,0.309570,0.625977,0.099609,0.220703,29,29.000000,0.907994
cate3-00023,cate3,4,47,30,0.256836,0.566406,0.087891,0.179688,30,30.000000,0.942917
cate3-00023,cate3,4,48,31,0.194336,0.565430,0.064453,0.119141,31,31.000000,0.925173
cate3-00026,cate3,2,11,0,0.484375,0.424805,0.050781,0.248047,0,0.000000,0.922756
cate3-00026,cate3,2,12,1,0.442383,0.428711,0.037109,0.232422,1,1.000000,0.892906
cate3-00026,cate3,2,13,2,0.399414,0.401367,0.044922,0.302734,2,2.000000,0.914219
cate3-00026,cate3,2,14,3,0.356445,0.429688,0.041016,0.242188,3,3.000000,0.877107
cate3-00026,cate3,2,15,4,0.316406,0.429688,0.042969,0.218750,4,4.000000,0.924675
cate3-00026,cate3,2,16,5,0.264648,0.409180,0.068359,0.216797,5,5.000000,0.881643
cate3-00026,cate3,2,17,6,0.203125,0.389648,0.074219,0.205078,6,6.000000,0.927688
cate3-00026,cate3,2,18,7,0.172852,0.303711,0.064453,0.138672,7,7.000000,0.878409
cate3-00026,cate3,2,21,8,0.533203,0.425781,0.054688,0.250000,8,8.000000,0.889844
cate3-00026,cate3,2,22,9,0.580078,0.428711,0.042969,0.240234,9,9.000000,0.884669
cate3-00026,cate3,2,23,10,0.623047,0.412109,0.042969,0.289062,10,10.000000,0.927743
cate3-00026,cate3,2,24,11,0.661133,0.413086,0.041016,0.255859,12,11.000000,0.860717
cate3-00026,cate3,2,25,12,0.702148,0.416016,0.048828,0.238281,12,12.000000,0.880641
cate3-00026,cate3,2,26,13,0.750000,0.408203,0.066406,0.226562,13,13.000000,0.935219
cate3-00026,cate3,2,27,14,0.800781,0.374023,0.074219,0.212891,14,14.000000,0.918674
cate3-00026,cate3,2,28,15,0.831055,0.287109,0.064453,0.140625,15,15.000000,0.904585
cate3-00026,cate3,2,31,16,0.510742,0.649414,0.033203,0.158203,16,16.000000,0.895990
cate3-00026,cate3,2,32,17,0.540039,0.654297,0.033203,0.179688,17,17.000000,0.868043
cate3-00026,cate3,2,33,18,0.583984,0.683594,0.054688,0.257812,18,18.000000,0.915768
cate3-00026,cate3,2,34,19,0.619141,0.665039,0.046875,0.216797,19,19.000000,0.903547
cate3-00026,cate3,2,35,20,0.668945,0.666992,0.060547,0.244141,20,20.000000,0.942405
cate3-00026,cate3,2,36,21,0.727539,0.638672,0.095703,0.242188,21,21.000000,0.891923
cate3-00026,cate3,2,37,22,0.794922,0.608398,0.066406,0.212891,22,22.000000,0.934101
cate3-00026,cate3,2,38,23,0.872070,0.602539,0.103516,0.130859,23,23.000000,0.913497
cate3-00026,cate3,2,41,24,0.480469,0.642578,0.027344,0.156250,24,24.000000,0.876879
cate3-00026,cate3,2,42,25,0.451172,0.648438,0.035156,0.179688,25,25.000000,0.846942
cate3-00026,cate3,2,43,26,0.415039,0.671875,0.033203,0.230469,26,26.000000,0.932059
cate3-00026,cate3,2,44,27,0.375000,0.666016,0.050781,0.230469,27,27.000000,0.893596
cate3-00026,cate3,2,45,28,0.332031,0.662109,0.050781,0.230469,28,28.000000,0.876180
cate3-00026,cate3,2,46,29,0.268555,0.659180,0.111328,0.263672,29,29.000000,0.926310
cate3-00026,cate3,2,47,30,0.204102,0.635742,0.083984,0.248047,30,30.000000,0.921202
cate3-00026,cate3,2,48,31,0.124023,0.568359,0.123047,0.144531,31,31.000000,0.938451
cate3-00027,cate3,0,11,0,0.491211,0.491211,0.052734,0.263672,0,0.000000,0.905676
cate3-00027,cate3,0,12,1,0.444336,0.496094,0.052734,0.222656,1,1.000000,0.819215
cate3-00027,cate3,0,13,2,0.398438,0.448242,0.050781,0.294922,2,2.000000,0.862775
cate3-00027,cate3,0,14,3,0.352539,0.455078,0.056641,0.222656,4,3.000000,0.865635
cate3-00027,cate3,0,15,4,0.310547,0.443359,0.054688,0.214844,5,4.000000,0.893481
cate3-00027,cate3,0,16,5,0.257812,0.422852,0.074219,0.224609,5,5.000000,0.937720
cate3-00027,cate3,0,17,6,0.208984,0.392578,0.078125,0.210938,6,6.000000,0.937315
cate3-00027,cate3,0,18,7,0.184570,0.295898,0.072266,0.138672,7,7.000000,0.948996
cate3-00027,cate3,0,21,8,0.541016,0.499023,0.058594,0.248047,8,8.000000,0.873981
cate3-00027,cate3,0,22,9,0.588867,0.494141,0.044922,0.230469,9,9.000000,0.807110
cate3-00027,cate3,0,23,10,0.633789,0.464844,0.048828,0.281250,10,10.000000,0.852918
cate3-00027,cate3,0,24,11,0.675781,0.467773,0.050781,0.220703,11,11.000000,0.863071
cate3-00027,cate3,0,25,12,0.711914,0.453125,0.041016,0.207031,12,12.000000,0.919272
cate3-00027,cate3,0,26,13,0.767578,0.451172,0.070312,0.179688,14,13.000000,0.917555
cate3-00027,cate3,0,27,14,0.812500,0.406250,0.070312,0.191406,14,14.000000,0.901836
cate3-00027,cate3,0,28,15,0.845703,0.316406,0.066406,0.144531,15,15.000000,0.905267
cate3-00027,cate3,0,31,16,0.526367,0.698242,0.037109,0.115234,17,16.000000,0.704554
cate3-00027,cate3,0,32,17,0.570312,0.706055,0.058594,0.126953,18,17.000000,0.749955
cate3-00027,cate3,0,33,18,0.616211,0.728516,0.068359,0.195312,19,18.000000,0.919394
cate3-00027,cate3,0,34,19,0.651367,0.706055,0.052734,0.193359,20,19.000000,0.822306
cate3-00027,cate3,0,35,20,0.704102,0.684570,0.068359,0.197266,20,20.000000,0.901256
cate3-00027,cate3,0,36,21,0.757812,0.647461,0.085938,0.201172,22,21.000000,0.923158
cate3-00027,cate3,0,37,22,0.825195,0.603516,0.091797,0.207031,22,22.000000,0.954128
cate3-00027,cate3,0,38,23,0.883789,0.567383,0.064453,0.150391,23,23.000000,0.917904
cate3-00027,cate3,0,41,24,0.486328,0.700195,0.035156,0.111328,24,24.000000,0.712493
cate3-00027,cate3,0,42,25,0.455078,0.703125,0.039062,0.121094,25,25.000000,0.776002
cate3-00027,cate3,0,43,26,0.405273,0.721680,0.056641,0.197266,27,26.000000,0.918371
cate3-00027,cate3,0,44,27,0.354492,0.694336,0.068359,0.177734,28,27.000000,0.917985
cate3-00027,cate3,0,45,28,0.312500,0.666016,0.066406,0.179688,29,28.000000,0.876898
cate3-00027,cate3,0,46,29,0.256836,0.646484,0.123047,0.234375,30,29.000000,0.941634
cate3-00027,cate3,0,47,30,0.188477,0.586914,0.091797,0.201172,31,30.000000,0.917006
cate3-00027,cate3,0,48,31,0.133789,0.542969,0.080078,0.156250,31,31.000000,0.920970
cate4-00069,cate4,0,11,0,0.500977,0.485352,0.044922,0.251953,0,0.000000,0.930107
cate4-00069,cate4,0,12,1,0.463867,0.484375,0.048828,0.203125,1,1.000000,0.877796
cate4-00069,cate4,0,13,2,0.425781,0.481445,0.050781,0.197266,2,2.000000,0.852699
cate4-00069,cate4,0,14,3,0.386719,0.467773,0.062500,0.208984,3,3.000000,0.927742
cate4-00069,cate4,0,15,4,0.344727,0.455078,0.056641,0.175781,4,4.000000,0.915352
cate4-00069,cate4,0,16,5,0.289062,0.444336,0.078125,0.197266,6,5.000000,0.925236
cate4-00069,cate4,0,17,6,0.247070,0.386719,0.072266,0.128906,7,6.000000,0.891324
cate4-00069,cate4,0,18,7,0.235352,0.284180,0.064453,0.095703,7,7.000000,0.920557
cate4-00069,cate4,0,21,8,0.543945,0.493164,0.044922,0.236328,8,8.000000,0.889392
cate4-00069,cate4,0,22,9,0.580078,0.488281,0.042969,0.218750,9,9.000000,0.878390
cate4-00069,cate4,0,23,10,0.612305,0.460938,0.052734,0.230469,10,10.000000,0.772236
cate4-00069,cate4,0,24,11,0.649414,0.451172,0.052734,0.199219,11,11.000000,0.618431
cate4-00069,cate4,0,25,12,0.688477,0.431641,0.044922,0.187500,12,12.000000,0.863258
cate4-00069,cate4,0,26,13,0.737305,0.422852,0.064453,0.193359,13,13.000000,0.889912
cate4-00069,cate4,0,27,14,0.774414,0.361328,0.064453,0.152344,14,14.000000,0.913073
cate4-00069,cate4,0,28,15,0.781250,0.262695,0.062500,0.099609,15,15.000000,0.911995
cate4-00069,cate4,0,31,16,0.529297,0.698242,0.027344,0.138672,16,16.000000,0.861799
cate4-00069,cate4,0,32,17,0.554688,0.693359,0.031250,0.152344,17,17.000000,0.909390
cate4-00069,cate4,0,33,18,0.585938,0.694336,0.039062,0.185547,18,18.000000,0.840834
cate4-00069,cate4,0,34,19,0.625000,0.697266,0.042969,0.191406,19,19.000000,0.914651
cate4-00069,cate4,0,35,20,0.675781,0.673828,0.062500,0.160156,20,20.000000,0.858951
cate4-00069,cate4,0,36,21,0.728516,0.649414,0.093750,0.208984,21,21.000000,0.940016
cate4-00069,cate4,0,37,22,0.791016,0.622070,0.085938,0.169922,22,22.000000,0.909857
cate4-00069,cate4,0,38,23,0.841797,0.542969,0.062500,0.128906,23,23.000000,0.874844
cate4-00069,cate4,0,41,24,0.501953,0.702148,0.027344,0.142578,24,24.000000,0.841155
cate4-00069,cate4,0,42,25,0.476562,0.695312,0.031250,0.140625,24,25.000000,0.735400
cate4-00069,cate4,0,43,26,0.448242,0.712891,0.044922,0.199219,26,26.000000,0.808071
cate4-00069,cate4,0,44,27,0.410156,0.714844,0.050781,0.210938,26,27.000000,0.876347
cate4-00069,cate4,0,45,28,0.347656,0.708984,0.066406,0.195312,28,28.000000,0.865973
cate4-00069,cate4,0,46,29,0.286133,0.669922,0.107422,0.210938,29,29.000000,0.940325
cate4-00069,cate4,0,47,30,0.209961,0.639648,0.091797,0.162109,30,30.000000,0.938807
cate4-00069,cate4,0,48,31,0.161133,0.566406,0.072266,0.128906,31,31.000000,0.954445
cate4-00070,cate4,3,11,0,0.478516,0.451172,0.046875,0.238281,0,0.000000,0.842160
cate4-00070,cate4,3,12,1,0.453125,0.449219,0.050781,0.230469,1,1.000000,0.894017
cate4-00070,cate4,3,13,2,0.413086,0.414062,0.048828,0.253906,2,2.000000,0.927956
cate4-00070,cate4,3,14,3,0.375000,0.427734,0.046875,0.234375,3,3.000000,0.919209
cate4-00070,cate4,3,15,4,0.334961,0.418945,0.048828,0.220703,4,4.000000,0.929654
cate4-00070,cate4,3,16,5,0.286133,0.425781,0.064453,0.183594,5,5.000000,0.920735
cate4-00070,cate4,3,17,6,0.235352,0.375000,0.076172,0.210938,6,6.000000,0.913670
cate4-00070,cate4,3,18,7,0.216797,0.300781,0.066406,0.113281,7,7.000000,0.945421
cate4-00070,cate4,3,21,8,0.522461,0.446289,0.044922,0.244141,8,8.000000,0.872777
cate4-00070,cate4,3,22,9,0.562500,0.453125,0.050781,0.214844,9,9.000000,0.847789
cate4-00070,cate4,3,23,10,0.598633,0.426758,0.052734,0.287109,10,10.000000,0.886112
cate4-00070,cate4,3,24,11,0.638672,0.435547,0.050781,0.246094,11,11.000000,0.945412
cate4-00070,cate4,3,25,12,0.677734,0.420898,0.054688,0.224609,12,12.000000,0.931331
cate4-00070,cate4,3,26,13,0.724609,0.431641,0.070312,0.187500,13,13.000000,0.860680
cate4-00070,cate4,3,27,14,0.768555,0.375977,0.080078,0.193359,14,14.000000,0.911740
cate4-00070,cate4,3,28,15,0.781250,0.295898,0.078125,0.107422,15,15.000000,0.921697
cate4-00070,cate4,3,31,16,0.527344,0.677734,0.031250,0.175781,16,16.000000,0.805227
cate4-00070,cate4,3,32,17,0.555664,0.676758,0.033203,0.162109,17,17.000000,0.832773
cate4-00070,cate4,3,33,18,0.591797,0.690430,0.042969,0.208984,19,18.000000,0.831306
cate4-00070,cate4,3,34,19,0.632812,0.666016,0.058594,0.199219,20,19.000000,0.911004
cate4-00070,cate4,3,35,20,0.668945,0.648438,0.056641,0.199219,20,20.000000,0.903568
cate4-00070,cate4,3,36,21,0.727539,0.638672,0.099609,0.234375,21,21.000000,0.949669
cate4-00070,cate4,3,37,22,0.784180,0.569336,0.091797,0.193359,22,22.000000,0.961305
cate4-00070,cate4,3,38,23,0.842773,0.538086,0.076172,0.142578,23,23.000000,0.913090
cate4-00070,cate4,3,41,24,0.500977,0.671875,0.025391,0.171875,24,24.000000,0.865511
cate4-00070,cate4,3,42,25,0.472656,0.670898,0.035156,0.169922,25,25.000000,0.792856
cate4-00070,cate4,3,43,26,0.439453,0.666016,0.046875,0.183594,26,26.000000,0.911380
cate4-00070,cate4,3,44,27,0.401367,0.652344,0.048828,0.203125,27,27.000000,0.931770
cate4-00070,cate4,3,45,28,0.364258,0.638672,0.056641,0.207031,28,28.000000,0.877855
cate4-00070,cate4,3,46,29,0.294922,0.634766,0.105469,0.234375,29,29.000000,0.939028
cate4-00070,cate4,3,47,30,0.230469,0.578125,0.109375,0.195312,30,30.000000,0.941396
cate4-00070,cate4,3,48,31,0.172852,0.544922,0.064453,0.125000,31,31.000000,0.903268
cate4-00072,cate4,3,11,0,0.512695,0.381836,0.048828,0.275391,8,0.000000,0.890735
cate4-00072,cate4,3,12,1,0.478516,0.388672,0.042969,0.230469,0,1.000000,0.852152
cate4-00072,cate4,3,13,2,0.436523,0.405273,0.048828,0.220703,2,2.000000,0.908965
cate4-00072,cate4,3,14,3,0.409180,0.371094,0.056641,0.253906,2,3.000000,0.796070
cate4-00072,cate4,3,15,4,0.359375,0.380859,0.058594,0.246094,3,4.000000,0.871173
cate4-00072,cate4,3,16,5,0.301758,0.382812,0.068359,0.214844,5,5.000000,0.924439
cate4-00072,cate4,3,17,6,0.242188,0.354492,0.074219,0.208984,6,6.000000,0.935579
cate4-00072,cate4,3,18,7,0.216797,0.252930,0.062500,0.115234,7,7.000000,0.893975
cate4-00072,cate4,3,21,8,0.556641,0.381836,0.042969,0.279297,8,8.000000,0.926415
cate4-00072,cate4,3,22,9,0.587891,0.381836,0.039062,0.244141,9,9.000000,0.825631
cate4-00072,cate4,3,23,10,0.626953,0.387695,0.039062,0.263672,10,10.000000,0.821292
cate4-00072,cate4,3,24,11,0.658203,0.390625,0.039062,0.253906,11,11.000000,0.952946
cate4-00072,cate4,3,25,12,0.698242,0.385742,0.060547,0.224609,13,12.000000,0.895996
cate4-00072,cate4,3,26,13,0.745117,0.370117,0.060547,0.212891,14,13.000000,0.947236
cate4-00072,cate4,3,27,14,0.792969,0.345703,0.085938,0.222656,14,14.000000,0.932097
cate4-00072,cate4,3,28,15,0.812500,0.256836,0.070312,0.123047,15,15.000000,0.902829
cate4-00072,cate4,3,31,16,0.549805,0.649414,0.037109,0.205078,17,16.000000,0.776476
cate4-00072,cate4,3,32,17,0.574219,0.650391,0.031250,0.195312,18,17.000000,0.907546
cate4-00072,cate4,3,33,18,0.611328,0.668945,0.054688,0.263672,18,18.000000,0.910307
cate4-00072,cate4,3,34,19,0.644531,0.650391,0.046875,0.246094,19,19.000000,0.938852
cate4-00072,cate4,3,35,20,0.687500,0.637695,0.058594,0.228516,20,20.000000,0.918882
cate4-00072,cate4,3,36,21,0.744141,0.625000,0.097656,0.250000,21,21.000000,0.928853
cate4-00072,cate4,3,37,22,0.796875,0.567383,0.105469,0.201172,22,22.000000,0.941136
cate4-00072,cate4,3,38,23,0.851562,0.536133,0.078125,0.142578,23,23.000000,0.922238
cate4-00072,cate4,3,41,24,0.516602,0.630859,0.037109,0.183594,16,24.000000,0.848341
cate4-00072,cate4,3,42,25,0.500977,0.648438,0.041016,0.210938,24,25.000000,0.757568
cate4-00072,cate4,3,43,26,0.467773,0.660156,0.041016,0.246094,26,26.000000,0.873549
cate4-00072,cate4,3,44,27,0.421875,0.659180,0.050781,0.248047,27,27.000000,0.906280
cate4-00072,cate4,3,45,28,0.375000,0.655273,0.074219,0.248047,28,28.000000,0.895734
cate4-00072,cate4,3,46,29,0.297852,0.637695,0.119141,0.251953,29,29.000000,0.900199
cate4-00072,cate4,3,47,30,0.230469,0.584961,0.125000,0.220703,30,30.000000,0.937544
cate4-00072,cate4,3,48,31,0.164062,0.548828,0.078125,0.128906,31,31.000000,0.933166
cate4-00073,cate4,4,11,0,0.492188,0.474609,0.042969,0.238281,0,0.000000,0.912293
cate4-00073,cate4,4,12,1,0.454102,0.467773,0.041016,0.224609,1,1.000000,0.890735
cate4-00073,cate4,4,13,2,0.415039,0.456055,0.044922,0.248047,2,2.000000,0.873320
cate4-00073,cate4,4,14,3,0.381836,0.467773,0.048828,0.205078,3,3.000000,0.920317
cate4-00073,cate4,4,15,4,0.341797,0.454102,0.050781,0.201172,4,4.000000,0.808245
cate4-00073,cate4,4,16,5,0.291992,0.453125,0.076172,0.167969,6,5.000000,0.907116
cate4-00073,cate4,4,17,6,0.239258,0.412109,0.064453,0.199219,6,6.000000,0.916237
cate4-00073,cate4,4,18,7,0.224609,0.323242,0.070312,0.130859,7,7.000000,0.919884
cate4-00073,cate4,4,21,8,0.535156,0.479492,0.042969,0.220703,8,8.000000,0.911007
cate4-00073,cate4,4,22,9,0.570312,0.466797,0.042969,0.218750,9,9.000000,0.890404
cate4-00073,cate4,4,23,10,0.603516,0.440430,0.039062,0.263672,10,10.000000,0.820805
cate4-00073,cate4,4,24,11,0.640625,0.458984,0.042969,0.207031,11,11.000000,0.908578
cate4-00073,cate4,4,25,12,0.678711,0.450195,0.048828,0.208984,12,12.000000,0.858674
cate4-00073,cate4,4,26,13,0.719727,0.458984,0.068359,0.179688,13,13.000000,0.911699
cate4-00073,cate4,4,27,14,0.765625,0.422852,0.058594,0.193359,14,14.000000,0.879885
cate4-00073,cate4,4,28,15,0.785156,0.333984,0.050781,0.136719,15,15.000000,0.949295
cate4-00073,cate4,4,31,16,0.513672,0.686523,0.035156,0.138672,16,16.000000,0.834977
cate4-00073,cate4,4,32,17,0.539062,0.691406,0.042969,0.171875,17,17.000000,0.823179
cate4-00073,cate4,4,33,18,0.571289,0.695312,0.041016,0.187500,18,18.000000,0.899872
cate4-00073,cate4,4,34,19,0.609375,0.699219,0.046875,0.214844,19,19.000000,0.897089
cate4-00073,cate4,4,35,20,0.651367,0.705078,0.056641,0.195312,20,20.000000,0.917889
cate4-00073,cate4,4,36,21,0.708984,0.681641,0.085938,0.207031,21,21.000000,0.974859
cate4-00073,cate4,4,37,22,0.765625,0.632812,0.089844,0.179688,22,22.000000,0.954895
cate4-00073,cate4,4,38,23,0.820312,0.611328,0.074219,0.121094,23,23.000000,0.927691
cate4-00073,cate4,4,41,24,0.490234,0.686523,0.031250,0.162109,24,24.000000,0.830377
cate4-00073,cate4,4,42,25,0.461914,0.688477,0.037109,0.181641,25,25.000000,0.813784
cate4-00073,cate4,4,43,26,0.430664,0.701172,0.037109,0.210938,26,26.000000,0.920336
cate4-00073,cate4,4,44,27,0.389648,0.700195,0.052734,0.197266,27,27.000000,0.929449
cate4-00073,cate4,4,45,28,0.351562,0.703125,0.070312,0.218750,28,28.000000,0.888917
cate4-00073,cate4,4,46,29,0.289062,0.671875,0.097656,0.207031,29,29.000000,0.896915
cate4-00073,cate4,4,47,30,0.237305,0.620117,0.099609,0.185547,30,30.000000,0.927078
cate4-00073,cate4,4,48,31,0.176758,0.602539,0.076172,0.126953,31,31.000000,0.920764
cate4-00075,cate4,3,11,0,0.473633,0.394531,0.048828,0.269531,0,0.000000,0.923413
cate4-00075,cate4,3,12,1,0.439453,0.397461,0.046875,0.216797,2,1.000000,0.865513
cate4-00075,cate4,3,13,2,0.399414,0.376953,0.052734,0.253906,2,2.000000,0.846575
cate4-00075,cate4,3,14,3,0.358398,0.367188,0.052734,0.242188,3,3.000000,0.916226
cate4-00075,cate4,3,15,4,0.321289,0.375000,0.041016,0.210938,4,4.000000,0.955647
cate4-00075,cate4,3,16,5,0.285156,0.348633,0.058594,0.220703,5,5.000000,0.892912
cate4-00075,cate4,3,17,6,0.232422,0.344727,0.054688,0.212891,6,6.000000,0.940012
cate4-00075,cate4,3,18,7,0.196289,0.279297,0.056641,0.152344,7,7.000000,0.857563
cate4-00075,cate4,3,21,8,0.517578,0.411133,0.046875,0.228516,8,8.000000,0.826616
cate4-00075,cate4,3,22,9,0.548828,0.393555,0.054688,0.236328,8,9.000000,0.807322
cate4-00075,cate4,3,23,10,0.597656,0.375977,0.054688,0.291016,10,10.000000,0.891140
cate4-00075,cate4,3,24,11,0.633789,0.390625,0.052734,0.234375,11,11.000000,0.925008
cate4-00075,cate4,3,25,12,0.672852,0.376953,0.044922,0.230469,12,12.000000,0.931791
cate4-00075,cate4,3,26,13,0.720703,0.376953,0.062500,0.214844,13,13.000000,0.932751
cate4-00075,cate4,3,27,14,0.775391,0.354492,0.070312,0.201172,14,14.000000,0.945191
cate4-00075,cate4,3,28,15,0.812500,0.273438,0.070312,0.140625,15,15.000000,0.927166
cate4-00075,cate4,3,31,16,0.508789,0.642578,0.029297,0.199219,16,16.000000,0.854201
cate4-00075,cate4,3,32,17,0.540039,0.635742,0.037109,0.189453,17,17.000000,0.857913
cate4-00075,cate4,3,33,18,0.573242,0.627930,0.044922,0.181641,17,18.000000,0.880541
cate4-00075,cate4,3,34,19,0.611328,0.636719,0.042969,0.226562,18,19.000000,0.870315
cate4-00075,cate4,3,35,20,0.657227,0.643555,0.056641,0.251953,20,20.000000,0.888240
cate4-00075,cate4,3,36,21,0.715820,0.624023,0.095703,0.244141,21,21.000000,0.914171
cate4-00075,cate4,3,37,22,0.782227,0.578125,0.099609,0.207031,22,22.000000,0.953372
cate4-00075,cate4,3,38,23,0.844727,0.535156,0.083984,0.156250,23,23.000000,0.893145
cate4-00075,cate4,3,41,24,0.483398,0.634766,0.029297,0.175781,25,24.000000,0.778815
cate4-00075,cate4,3,42,25,0.450195,0.654297,0.041016,0.222656,26,25.000000,0.848454
cate4-00075,cate4,3,43,26,0.416016,0.649414,0.046875,0.240234,26,26.000000,0.832028
cate4-00075,cate4,3,44,27,0.379883,0.633789,0.048828,0.232422,27,27.000000,0.883937
cate4-00075,cate4,3,45,28,0.344727,0.624023,0.060547,0.224609,28,28.000000,0.824734
cate4-00075,cate4,3,46,29,0.291016,0.610352,0.082031,0.220703,29,29.000000,0.940441
cate4-00075,cate4,3,47,30,0.227539,0.571289,0.083984,0.212891,30,30.000000,0.941658
cate4-00075,cate4,3,48,31,0.164062,0.529297,0.082031,0.132812,31,31.000000,0.932390
cate4-00077,cate4,1,11,0,0.492188,0.457031,0.046875,0.210938,0,0.000000,0.812582
cate4-00077,cate4,1,12,1,0.455078,0.444336,0.039062,0.220703,1,1.000000,0.876321
cate4-00077,cate4,1,13,2,0.418945,0.429688,0.044922,0.246094,2,2.000000,0.891154
cate4-00077,cate4,1,14,3,0.386719,0.439453,0.050781,0.214844,3,3.000000,0.794710
cate4-00077,cate4,1,15,4,0.344727,0.435547,0.048828,0.207031,4,4.000000,0.884902
cate4-00077,cate4,1,16,5,0.298828,0.428711,0.066406,0.185547,5,5.000000,0.916993
cate4-00077,cate4,1,17,6,0.239258,0.402344,0.064453,0.191406,6,6.000000,0.937230
cate4-00077,cate4,1,18,7,0.199219,0.363281,0.054688,0.148438,7,7.000000,0.922323
cate4-00077,cate4,1,21,8,0.530273,0.463867,0.052734,0.197266,8,8.000000,0.882158
cate4-00077,cate4,1,22,9,0.567383,0.458984,0.033203,0.199219,9,9.000000,0.885101
cate4-00077,cate4,1,23,10,0.603516,0.446289,0.042969,0.255859,10,10.000000,0.884157
cate4-00077,cate4,1,24,11,0.642578,0.458008,0.042969,0.212891,11,11.000000,0.896860
cate4-00077,cate4,1,25,12,0.677734,0.453125,0.039062,0.207031,12,12.000000,0.868662
cate4-00077,cate4,1,26,13,0.723633,0.443359,0.060547,0.199219,13,13.000000,0.946261
cate4-00077,cate4,1,27,14,0.771484,0.415039,0.066406,0.212891,14,14.000000,0.835072
cate4-00077,cate4,1,28,15,0.807617,0.391602,0.056641,0.138672,15,15.000000,0.895598
cate4-00077,cate4,1,31,16,0.527344,0.669922,0.035156,0.171875,16,16.000000,0.778895
cate4-00077,cate4,1,32,17,0.551758,0.689453,0.044922,0.195312,17,17.000000,0.873389
cate4-00077,cate4,1,33,18,0.590820,0.681641,0.048828,0.222656,18,18.000000,0.924872
cate4-00077,cate4,1,34,19,0.622070,0.676758,0.048828,0.212891,19,19.000000,0.889687
cate4-00077,cate4,1,35,20,0.668945,0.666016,0.072266,0.207031,20,20.000000,0.923282
cate4-00077,cate4,1,36,21,0.712891,0.650391,0.093750,0.199219,21,21.000000,0.941332
cate4-00077,cate4,1,37,22,0.767578,0.605469,0.078125,0.164062,22,22.000000,0.934305
cate4-00077,cate4,1,38,23,0.819336,0.550781,0.076172,0.152344,23,23.000000,0.926125
cate4-00077,cate4,1,41,24,0.496094,0.681641,0.039062,0.203125,24,24.000000,0.766995
cate4-00077,cate4,1,42,25,0.463867,0.683594,0.041016,0.214844,25,25.000000,0.818622
cate4-00077,cate4,1,43,26,0.429688,0.684570,0.050781,0.248047,26,26.000000,0.866821
cate4-00077,cate4,1,44,27,0.391602,0.669922,0.056641,0.230469,27,27.000000,0.906247
cate4-00077,cate4,1,45,28,0.353516,0.655273,0.054688,0.205078,28,28.000000,0.852689
cate4-00077,cate4,1,46,29,0.290039,0.638672,0.115234,0.210938,29,29.000000,0.924142
cate4-00077,cate4,1,47,30,0.243164,0.584961,0.080078,0.166016,30,30.000000,0.903847
cate4-00077,cate4,1,48,31,0.177734,0.546875,0.085938,0.140625,31,31.000000,0.918362
cate4-00079,cate4,1,11,0,0.500000,0.377930,0.046875,0.287109,0,0.000000,0.855104
cate4-00079,cate4,1,12,1,0.465820,0.371094,0.056641,0.277344,1,1.000000,0.813780
cate4-00079,cate4,1,13,2,0.428711,0.326172,0.048828,0.328125,2,2.000000,0.816803
cate4-00079,cate4,1,14,3,0.400391,0.368164,0.042969,0.279297,2,,
cate4-00079,cate4,1,15,4,0.373047,0.341797,0.058594,0.292969,2,4.000000,0.635725
cate4-00079,cate4,1,16,5,0.325195,0.333008,0.072266,0.259766,5,5.000000,0.886486
cate4-00079,cate4,1,17,6,0.275391,0.304688,0.105469,0.226562,6,6.000000,0.941676
cate4-00079,cate4,1,18,7,0.250977,0.195312,0.064453,0.128906,7,7.000000,0.931237
cate4-00079,cate4,1,21,8,0.539062,0.380859,0.046875,0.285156,8,8.000000,0.867684
cate4-00079,cate4,1,22,9,0.571289,0.374023,0.060547,0.279297,10,9.000000,0.794981
cate4-00079,cate4,1,23,10,0.604492,0.302734,0.048828,0.312500,10,10.000000,0.903054
cate4-00079,cate4,1,24,11,0.625977,0.389648,0.052734,0.181641,11,11.000000,0.729953
cate4-00079,cate4,1,25,12,0.659180,0.338867,0.060547,0.244141,11,11.000000,0.563648
cate4-00079,cate4,1,26,13,0.709961,0.327148,0.076172,0.236328,13,13.000000,0.896286
cate4-00079,cate4,1,27,14,0.762695,0.299805,0.080078,0.193359,14,14.000000,0.964015
cate4-00079,cate4,1,28,15,0.772461,0.186523,0.072266,0.126953,15,15.000000,0.911515
cate4-00079,cate4,1,31,16,0.524414,0.641602,0.033203,0.201172,16,16.000000,0.833398
cate4-00079,cate4,1,32,17,0.552734,0.641602,0.046875,0.177734,17,17.000000,0.888656
cate4-00079,cate4,1,33,18,0.584961,0.660156,0.048828,0.234375,18,18.000000,0.926308
cate4-00079,cate4,1,34,19,0.627930,0.637695,0.064453,0.201172,19,19.000000,0.922224
cate4-00079,cate4,1,35,20,0.666992,0.604492,0.080078,0.212891,20,20.000000,0.910422
cate4-00079,cate4,1,36,21,0.721680,0.579102,0.111328,0.244141,21,21.000000,0.937663
cate4-00079,cate4,1,37,22,0.794922,0.505859,0.117188,0.218750,22,22.000000,0.961085
cate4-00079,cate4,1,38,23,0.850586,0.460938,0.083984,0.132812,23,23.000000,0.923089
cate4-00079,cate4,1,41,24,0.499023,0.647461,0.037109,0.208984,24,24.000000,0.844899
cate4-00079,cate4,1,42,25,0.468750,0.651367,0.039062,0.197266,25,25.000000,0.847388
cate4-00079,cate4,1,43,26,0.433594,0.656250,0.046875,0.218750,26,26.000000,0.858970
cate4-00079,cate4,1,44,27,0.392578,0.638672,0.062500,0.230469,27,27.000000,0.894311
cate4-00079,cate4,1,45,28,0.350586,0.615234,0.060547,0.187500,28,28.000000,0.868649
cate4-00079,cate4,1,46,29,0.296875,0.598633,0.125000,0.263672,29,29.000000,0.964112
cate4-00079,cate4,1,47,30,0.233398,0.508789,0.111328,0.205078,30,30.000000,0.915554
cate4-00079,cate4,1,48,31,0.175781,0.458984,0.074219,0.140625,31,31.000000,0.922620
cate4-00082,cate4,4,11,0,0.509766,0.488281,0.039062,0.238281,8,0.000000,0.899795
cate4-00082,cate4,4,12,1,0.477539,0.546875,0.025391,0.093750,24,,
cate4-00082,cate4,4,13,2,0.455078,0.421875,0.074219,0.187500,1,2.000000,0.909914
cate4-00082,cate4,4,14,3,0.445312,0.515625,0.035156,0.179688,1,2.000000,0.658985
cate4-00082,cate4,4,15,4,0.409180,0.491211,0.048828,0.197266,2,3.000000,0.949456
cate4-00082,cate4,4,16,5,0.371094,0.479492,0.046875,0.177734,3,4.000000,0.862610
cate4-00082,cate4,4,17,6,0.322266,0.474609,0.062500,0.175781,5,5.000000,0.905834
cate4-00082,cate4,4,18,7,0.269531,0.451172,0.058594,0.164062,5,6.000000,0.830333
cate4-00082,cate4,4,21,8,0.548828,0.495117,0.039062,0.236328,8,8.000000,0.879989
cate4-00082,cate4,4,22,9,0.580078,0.554688,0.023438,0.085938,9,,
cate4-00082,cate4,4,23,10,0.594727,0.413086,0.052734,0.212891,11,10.000000,0.894589
cate4-00082,cate4,4,24,11,0.609375,0.526367,0.035156,0.154297,11,,
cate4-00082,cate4,4,25,12,0.642578,0.499023,0.042969,0.181641,11,11.000000,0.878042
cate4-00082,cate4,4,26,13,0.674805,0.476562,0.037109,0.195312,12,12.000000,0.858786
cate4-00082,cate4,4,27,14,0.713867,0.466797,0.052734,0.183594,13,13.000000,0.905885
cate4-00082,cate4,4,28,15,0.756836,0.446289,0.052734,0.158203,14,15.000000,0.896464
cate4-00082,cate4,4,31,16,0.532227,0.728516,0.025391,0.207031,16,16.000000,0.861133
cate4-00082,cate4,4,32,17,0.561523,0.726562,0.029297,0.183594,17,17.000000,0.899018
cate4-00082,cate4,4,33,18,0.587891,0.768555,0.054688,0.244141,18,18.000000,0.858469
cate4-00082,cate4,4,34,19,0.623047,0.710938,0.042969,0.195312,19,19.000000,0.847310
cate4-00082,cate4,4,35,20,0.657227,0.701172,0.044922,0.199219,19,20.000000,0.877847
cate4-00082,cate4,4,36,21,0.705078,0.675781,0.074219,0.187500,21,21.000000,0.968738
cate4-00082,cate4,4,37,22,0.764648,0.632812,0.087891,0.183594,22,22.000000,0.961187
cate4-00082,cate4,4,38,23,0.814453,0.606445,0.058594,0.123047,23,23.000000,0.923727
cate4-00082,cate4,4,41,24,0.503906,0.715820,0.035156,0.185547,16,24.000000,0.777114
cate4-00082,cate4,4,42,25,0.482422,0.717773,0.039062,0.185547,25,25.000000,0.773757
cate4-00082,cate4,4,43,26,0.453125,0.736328,0.050781,0.210938,26,26.000000,0.919370
cate4-00082,cate4,4,44,27,0.412109,0.711914,0.046875,0.201172,27,27.000000,0.837415
cate4-00082,cate4,4,45,28,0.368164,0.701172,0.072266,0.214844,28,28.000000,0.902214
cate4-00082,cate4,4,46,29,0.311523,0.685547,0.087891,0.207031,29,29.000000,0.915671
cate4-00082,cate4,4,47,30,0.253906,0.630859,0.082031,0.175781,30,30.000000,0.948323
cate4-00082,cate4,4,48,31,0.205078,0.611328,0.070312,0.113281,31,31.000000,0.908156
cate4-00085,cate4,2,11,0,0.491211,0.462891,0.044922,0.250000,0,0.000000,0.922755
cate4-00085,cate4,2,12,1,0.452148,0.467773,0.037109,0.212891,1,1.000000,0.909670
cate4-00085,cate4,2,13,2,0.414062,0.450195,0.046875,0.248047,2,2.000000,0.909559
cate4-00085,cate4,2,14,3,0.386719,0.461914,0.046875,0.216797,3,3.000000,0.858135
cate4-00085,cate4,2,15,4,0.346680,0.452148,0.041016,0.228516,4,4.000000,0.912337
cate4-00085,cate4,2,16,5,0.301758,0.458984,0.060547,0.191406,5,5.000000,0.908650
cate4-00085,cate4,2,17,6,0.261719,0.402344,0.074219,0.187500,6,6.000000,0.956319
cate4-00085,cate4,2,18,7,0.245117,0.308594,0.060547,0.105469,7,7.000000,0.932680
cate4-00085,cate4,2,21,8,0.532227,0.471680,0.044922,0.224609,8,8.000000,0.850777
cate4-00085,cate4,2,22,9,0.564453,0.453125,0.046875,0.226562,9,9.000000,0.891594
cate4-00085,cate4,2,23,10,0.595703,0.422852,0.046875,0.240234,10,10.000000,0.904622
cate4-00085,cate4,2,24,11,0.616211,0.475586,0.033203,0.173828,11,,
cate4-00085,cate4,2,25,12,0.648438,0.448242,0.046875,0.228516,11,12.000000,0.905167
cate4-00085,cate4,2,26,13,0.692383,0.446289,0.052734,0.201172,12,13.000000,0.889288
cate4-00085,cate4,2,27,14,0.737305,0.422852,0.072266,0.185547,13,14.000000,0.939718
cate4-00085,cate4,2,28,15,0.754883,0.324219,0.060547,0.097656,15,15.000000,0.943880
cate4-00085,cate4,2,31,16,0.517578,0.692383,0.031250,0.173828,16,16.000000,0.794693
cate4-00085,cate4,2,32,17,0.542969,0.703125,0.035156,0.187500,17,17.000000,0.858948
cate4-00085,cate4,2,33,18,0.575195,0.712891,0.041016,0.234375,18,18.000000,0.864474
cate4-00085,cate4,2,34,19,0.612305,0.717773,0.044922,0.181641,19,19.000000,0.918624
cate4-00085,cate4,2,35,20,0.649414,0.710938,0.068359,0.214844,20,20.000000,0.931890
cate4-00085,cate4,2,36,21,0.710938,0.683594,0.105469,0.218750,21,21.000000,0.946778
cate4-00085,cate4,2,37,22,0.766602,0.633789,0.087891,0.193359,22,22.000000,0.935316
cate4-00085,cate4,2,38,23,0.820312,0.600586,0.066406,0.126953,23,23.000000,0.922766
cate4-00085,cate4,2,41,24,0.494141,0.700195,0.031250,0.181641,24,24.000000,0.775471
cate4-00085,cate4,2,42,25,0.462891,0.694336,0.031250,0.185547,25,25.000000,0.897146
cate4-00085,cate4,2,43,26,0.428711,0.708984,0.041016,0.226562,26,26.000000,0.889696
cate4-00085,cate4,2,44,27,0.391602,0.716797,0.048828,0.214844,27,27.000000,0.880242
cate4-00085,cate4,2,45,28,0.345703,0.716797,0.054688,0.210938,28,28.000000,0.889729
cate4-00085,cate4,2,46,29,0.284180,0.677734,0.099609,0.203125,29,29.000000,0.954420
cate4-00085,cate4,2,47,30,0.227539,0.627930,0.091797,0.189453,30,30.000000,0.963936
cate4-00085,cate4,2,48,31,0.170898,0.590820,0.068359,0.119141,31,31.000000,0.936117
cate4-00086,cate4,2,11,0,0.507812,0.506836,0.042969,0.232422,0,0.000000,0.918658
cate4-00086,cate4,2,12,1,0.472656,0.500977,0.039062,0.208984,0,1.000000,0.925680
cate4-00086,cate4,2,13,2,0.439453,0.482422,0.046875,0.210938,1,2.000000,0.906465
cate4-00086,cate4,2,14,3,0.410156,0.480469,0.050781,0.246094,2,3.000000,0.891729
cate4-00086,cate4,2,15,4,0.375977,0.478516,0.052734,0.203125,3,4.000000,0.888827
cate4-00086,cate4,2,16,5,0.321289,0.467773,0.068359,0.201172,5,5.000000,0.922262
cate4-00086,cate4,2,17,6,0.269531,0.440430,0.066406,0.177734,5,6.000000,0.938535
cate4-00086,cate4,2,18,7,0.249023,0.357422,0.080078,0.125000,7,7.000000,0.916743
cate4-00086,cate4,2,21,8,0.548828,0.514648,0.042969,0.208984,9,8.000000,0.897172
cate4-00086,cate4,2,22,9,0.585938,0.502930,0.035156,0.212891,9,9.000000,0.908198
cate4-00086,cate4,2,23,10,0.614258,0.500000,0.037109,0.214844,10,10.000000,0.869303
cate4-00086,cate4,2,24,11,0.649414,0.497070,0.041016,0.181641,12,11.000000,0.896588
cate4-00086,cate4,2,25,12,0.685547,0.481445,0.035156,0.228516,12,12.000000,0.921695
cate4-00086,cate4,2,26,13,0.729492,0.472656,0.064453,0.210938,13,13.000000,0.938930
cate4-00086,cate4,2,27,14,0.770508,0.451172,0.064453,0.183594,14,14.000000,0.922656
cate4-00086,cate4,2,28,15,0.791992,0.351562,0.060547,0.121094,15,15.000000,0.947401
cate4-00086,cate4,2,31,16,0.551758,0.730469,0.037109,0.183594,17,16.000000,0.824445
cate4-00086,cate4,2,32,17,0.573242,0.733398,0.033203,0.189453,17,17.000000,0.885101
cate4-00086,cate4,2,33,18,0.604492,0.753906,0.037109,0.238281,18,18.000000,0.911662
cate4-00086,cate4,2,34,19,0.644531,0.719727,0.050781,0.197266,19,19.000000,0.905696
cate4-00086,cate4,2,35,20,0.680664,0.713867,0.056641,0.197266,20,20.000000,0.899840
cate4-00086,cate4,2,36,21,0.737305,0.689453,0.103516,0.207031,21,21.000000,0.961347
cate4-00086,cate4,2,37,22,0.786133,0.624023,0.091797,0.169922,22,22.000000,0.924594
cate4-00086,cate4,2,38,23,0.830078,0.580078,0.062500,0.121094,23,23.000000,0.920766
cate4-00086,cate4,2,41,24,0.519531,0.727539,0.031250,0.169922,16,24.000000,0.876863
cate4-00086,cate4,2,42,25,0.496094,0.728516,0.039062,0.183594,24,25.000000,0.935634
cate4-00086,cate4,2,43,26,0.457031,0.731445,0.039062,0.197266,25,26.000000,0.905397
cate4-00086,cate4,2,44,27,0.427734,0.703125,0.054688,0.191406,26,27.000000,0.923213
cate4-00086,cate4,2,45,28,0.383789,0.705078,0.076172,0.210938,28,28.000000,0.895047
cate4-00086,cate4,2,46,29,0.307617,0.684570,0.123047,0.220703,30,29.000000,0.932467
cate4-00086,cate4,2,47,30,0.251953,0.627930,0.101562,0.189453,30,30.000000,0.937490
cate4-00086,cate4,2,48,31,0.190430,0.595703,0.072266,0.125000,31,31.000000,0.933279
cate4-00087,cate4,0,11,0,0.491211,0.428711,0.060547,0.283203,0,0.000000,0.918144
cate4-00087,cate4,0,12,1,0.460938,0.438477,0.042969,0.251953,1,1.000000,0.873785
cate4-00087,cate4,0,13,2,0.414062,0.417969,0.054688,0.304688,2,2.000000,0.878601
cate4-00087,cate4,0,14,3,0.373047,0.430664,0.042969,0.259766,2,3.000000,0.900135
cate4-00087,cate4,0,15,4,0.332031,0.424805,0.046875,0.255859,4,4.000000,0.825033
cate4-00087,cate4,0,16,5,0.282227,0.440430,0.060547,0.201172,5,5.000000,0.918970
cate4-00087,cate4,0,17,6,0.225586,0.411133,0.064453,0.232422,6,6.000000,0.918014
cate4-00087,cate4,0,18,7,0.201172,0.311523,0.066406,0.181641,7,7.000000,0.945610
cate4-00087,cate4,0,21,8,0.530273,0.443359,0.052734,0.253906,8,8.000000,0.898171
cate4-00087,cate4,0,22,9,0.574219,0.434570,0.042969,0.251953,9,9.000000,0.867423
cate4-00087,cate4,0,23,10,0.615234,0.425781,0.050781,0.289062,10,10.000000,0.862788
cate4-00087,cate4,0,24,11,0.655273,0.426758,0.044922,0.259766,11,11.000000,0.912902
cate4-00087,cate4,0,25,12,0.694336,0.442383,0.041016,0.212891,12,12.000000,0.918823
cate4-00087,cate4,0,26,13,0.745117,0.431641,0.052734,0.207031,14,13.000000,0.895598
cate4-00087,cate4,0,27,14,0.791992,0.415039,0.060547,0.205078,14,14.000000,0.893358
cate4-00087,cate4,0,28,15,0.820312,0.327148,0.058594,0.142578,15,15.000000,0.901681
cate4-00087,cate4,0,31,16,0.532227,0.666992,0.041016,0.162109,16,16.000000,0.860811
cate4-00087,cate4,0,32,17,0.566406,0.670898,0.039062,0.189453,18,17.000000,0.903319
cate4-00087,cate4,0,33,18,0.608398,0.676758,0.060547,0.240234,19,18.000000,0.874300
cate4-00087,cate4,0,34,19,0.643555,0.658203,0.052734,0.207031,20,19.000000,0.893768
cate4-00087,cate4,0,35,20,0.685547,0.651367,0.054688,0.201172,20,20.000000,0.910321
cate4-00087,cate4,0,36,21,0.736328,0.648438,0.082031,0.222656,21,21.000000,0.912197
cate4-00087,cate4,0,37,22,0.791992,0.625000,0.072266,0.214844,22,22.000000,0.940416
cate4-00087,cate4,0,38,23,0.851562,0.585938,0.062500,0.148438,23,23.000000,0.922480
cate4-00087,cate4,0,41,24,0.504883,0.664062,0.041016,0.148438,24,24.000000,0.849669
cate4-00087,cate4,0,42,25,0.477539,0.675781,0.048828,0.171875,25,25.000000,0.821975
cate4-00087,cate4,0,43,26,0.439453,0.707031,0.058594,0.250000,26,26.000000,0.883931
cate4-00087,cate4,0,44,27,0.395508,0.677734,0.052734,0.207031,27,27.000000,0.851814
cate4-00087,cate4,0,45,28,0.342773,0.677734,0.064453,0.226562,28,28.000000,0.878031
cate4-00087,cate4,0,46,29,0.282227,0.665039,0.103516,0.228516,29,29.000000,0.929797
cate4-00087,cate4,0,47,30,0.226562,0.638672,0.089844,0.226562,30,30.000000,0.917782
cate4-00087,cate4,0,48,31,0.160156,0.610352,0.085938,0.146484,31,31.000000,0.943376
cate4-00088,cate4,3,11,0,0.490234,0.369141,0.046875,0.246094,0,0.000000,0.916653
cate4-00088,cate4,3,12,1,0.460938,0.363281,0.050781,0.242188,1,1.000000,0.921231
cate4-00088,cate4,3,13,2,0.419922,0.358398,0.046875,0.251953,2,2.000000,0.934481
cate4-00088,cate4,3,14,3,0.392578,0.360352,0.058594,0.208984,3,,
cate4-00088,cate4,3,15,4,0.368164,0.329102,0.052734,0.224609,3,4.000000,0.515258
cate4-00088,cate4,3,16,5,0.308594,0.327148,0.070312,0.193359,5,5.000000,0.956128
cate4-00088,cate4,3,17,6,0.247070,0.307617,0.068359,0.205078,6,6.000000,0.917110
cate4-00088,cate4,3,18,7,0.224609,0.207031,0.074219,0.117188,7,7.000000,0.927880
cate4-00088,cate4,3,21,8,0.529297,0.369141,0.042969,0.253906,8,8.000000,0.894837
cate4-00088,cate4,3,22,9,0.561523,0.366211,0.037109,0.232422,9,9.000000,0.832773
cate4-00088,cate4,3,23,10,0.599609,0.349609,0.039062,0.265625,10,10.000000,0.885579
cate4-00088,cate4,3,24,11,0.632812,0.355469,0.046875,0.222656,11,11.000000,0.943760
cate4-00088,cate4,3,25,12,0.667969,0.352539,0.046875,0.212891,12,12.000000,0.921786
cate4-00088,cate4,3,26,13,0.713867,0.339844,0.064453,0.203125,13,13.000000,0.908597
cate4-00088,cate4,3,27,14,0.763672,0.316406,0.066406,0.195312,14,14.000000,0.930759
cate4-00088,cate4,3,28,15,0.785156,0.223633,0.062500,0.103516,15,15.000000,0.911888
cate4-00088,cate4,3,31,16,0.532227,0.598633,0.037109,0.169922,17,16.000000,0.898371
cate4-00088,cate4,3,32,17,0.555664,0.599609,0.029297,0.167969,17,17.000000,0.876550
cate4-00088,cate4,3,33,18,0.589844,0.612305,0.046875,0.220703,18,18.000000,0.898052
cate4-00088,cate4,3,34,19,0.613281,0.593750,0.046875,0.207031,19,19.000000,0.896944
cate4-00088,cate4,3,35,20,0.655273,0.586914,0.048828,0.208984,20,20.000000,0.911850
cate4-00088,cate4,3,36,21,0.711914,0.573242,0.091797,0.216797,21,21.000000,0.950671
cate4-00088,cate4,3,37,22,0.774414,0.526367,0.087891,0.197266,22,22.000000,0.961090
cate4-00088,cate4,3,38,23,0.827148,0.492188,0.064453,0.125000,23,23.000000,0.923655
cate4-00088,cate4,3,41,24,0.508789,0.592773,0.037109,0.169922,24,24.000000,0.879583
cate4-00088,cate4,3,42,25,0.487305,0.597656,0.037109,0.175781,25,25.000000,0.768802
cate4-00088,cate4,3,43,26,0.455078,0.610352,0.050781,0.236328,26,26.000000,0.949810
cate4-00088,cate4,3,44,27,0.424805,0.598633,0.048828,0.208984,27,27.000000,0.903043
cate4-00088,cate4,3,45,28,0.386719,0.584961,0.070312,0.208984,28,28.000000,0.869221
cate4-00088,cate4,3,46,29,0.325195,0.559570,0.111328,0.228516,29,29.000000,0.945724
cate4-00088,cate4,3,47,30,0.253906,0.526367,0.093750,0.197266,30,30.000000,0.938210
cate4-00088,cate4,3,48,31,0.191406,0.513672,0.078125,0.128906,31,31.000000,0.905975
cate4-00089,cate4,0,11,0,0.504883,0.433594,0.056641,0.273438,0,0.000000,0.867984
cate4-00089,cate4,0,12,1,0.475586,0.422852,0.060547,0.267578,1,1.000000,0.888341
cate4-00089,cate4,0,13,2,0.434570,0.397461,0.060547,0.259766,2,2.000000,0.835303
cate4-00089,cate4,0,14,3,0.394531,0.414062,0.050781,0.257812,2,3.000000,0.851169
cate4-00089,cate4,0,15,4,0.358398,0.408203,0.056641,0.238281,4,4.000000,0.895042
cate4-00089,cate4,0,16,5,0.301758,0.410156,0.068359,0.210938,5,5.000000,0.850845
cate4-00089,cate4,0,17,6,0.249023,0.402344,0.080078,0.195312,6,6.000000,0.928468
cate4-00089,cate4,0,18,7,0.225586,0.307617,0.060547,0.119141,7,7.000000,0.927600
cate4-00089,cate4,0,21,8,0.540039,0.445312,0.044922,0.250000,8,8.000000,0.830284
cate4-00089,cate4,0,22,9,0.576172,0.449219,0.039062,0.234375,9,9.000000,0.905955
cate4-00089,cate4,0,23,10,0.616211,0.406250,0.044922,0.308594,10,10.000000,0.887844
cate4-00089,cate4,0,24,11,0.658203,0.423828,0.042969,0.242188,11,11.000000,0.908650
cate4-00089,cate4,0,25,12,0.695312,0.411133,0.042969,0.248047,12,12.000000,0.942784
cate4-00089,cate4,0,26,13,0.739258,0.406250,0.064453,0.222656,13,13.000000,0.846684
cate4-00089,cate4,0,27,14,0.780273,0.399414,0.068359,0.181641,14,14.000000,0.896605
cate4-00089,cate4,0,28,15,0.795898,0.319336,0.068359,0.103516,15,15.000000,0.681427
cate4-00089,cate4,0,31,16,0.538086,0.669922,0.037109,0.160156,16,16.000000,0.887849
cate4-00089,cate4,0,32,17,0.559570,0.670898,0.037109,0.173828,18,17.000000,0.875201
cate4-00089,cate4,0,33,18,0.600586,0.680664,0.056641,0.201172,18,18.000000,0.876927
cate4-00089,cate4,0,34,19,0.627930,0.667969,0.048828,0.218750,19,19.000000,0.878893
cate4-00089,cate4,0,35,20,0.666016,0.657227,0.058594,0.220703,20,20.000000,0.898820
cate4-00089,cate4,0,36,21,0.717773,0.639648,0.083984,0.212891,21,21.000000,0.900431
cate4-00089,cate4,0,37,22,0.776367,0.598633,0.080078,0.193359,22,22.000000,0.953829
cate4-00089,cate4,0,38,23,0.832031,0.565430,0.066406,0.123047,23,23.000000,0.879664
cate4-00089,cate4,0,41,24,0.512695,0.667969,0.029297,0.156250,16,24.000000,0.848316
cate4-00089,cate4,0,42,25,0.484375,0.670898,0.039062,0.169922,24,25.000000,0.883093
cate4-00089,cate4,0,43,26,0.445312,0.687500,0.062500,0.207031,26,26.000000,0.915728
cate4-00089,cate4,0,44,27,0.413086,0.660156,0.048828,0.214844,26,27.000000,0.884844
cate4-00089,cate4,0,45,28,0.373047,0.659180,0.093750,0.240234,28,28.000000,0.921121
cate4-00089,cate4,0,46,29,0.311523,0.637695,0.099609,0.224609,29,29.000000,0.944760
cate4-00089,cate4,0,47,30,0.244141,0.601562,0.085938,0.203125,30,30.000000,0.958057
cate4-00089,cate4,0,48,31,0.172852,0.565430,0.087891,0.130859,31,31.000000,0.957394
cate4-00091,cate4,2,11,0,0.501953,0.457031,0.046875,0.261719,0,0.000000,0.896902
cate4-00091,cate4,2,12,1,0.465820,0.443359,0.041016,0.246094,0,1.000000,0.873568
cate4-00091,cate4,2,13,2,0.427734,0.442383,0.054688,0.259766,2,2.000000,0.891870
cate4-00091,cate4,2,14,3,0.388672,0.441406,0.062500,0.226562,3,3.000000,0.856442
cate4-00091,cate4,2,15,4,0.346680,0.422852,0.056641,0.232422,4,4.000000,0.882462
cate4-00091,cate4,2,16,5,0.291992,0.427734,0.068359,0.191406,5,5.000000,0.840951
cate4-00091,cate4,2,17,6,0.240234,0.394531,0.074219,0.207031,6,6.000000,0.959469
cate4-00091,cate4,2,18,7,0.198242,0.336914,0.060547,0.142578,7,7.000000,0.879004
cate4-00091,cate4,2,21,8,0.542969,0.453125,0.050781,0.269531,8,8.000000,0.919198
cate4-00091,cate4,2,22,9,0.584961,0.443359,0.037109,0.257812,10,9.000000,0.839787
cate4-00091,cate4,2,23,10,0.620117,0.438477,0.044922,0.271484,10,10.000000,0.889242
cate4-00091,cate4,2,24,11,0.655273,0.433594,0.048828,0.257812,11,11.000000,0.910380
cate4-00091,cate4,2,25,12,0.690430,0.432617,0.041016,0.232422,12,12.000000,0.902601
cate4-00091,cate4,2,26,13,0.738281,0.430664,0.062500,0.205078,13,13.000000,0.929145
cate4-00091,cate4,2,27,14,0.788086,0.386719,0.064453,0.242188,14,14.000000,0.918774
cate4-00091,cate4,2,28,15,0.821289,0.307617,0.048828,0.162109,15,15.000000,0.930242
cate4-00091,cate4,2,31,16,0.538086,0.680664,0.048828,0.134766,16,16.000000,0.814874
cate4-00091,cate4,2,32,17,0.569336,0.693359,0.037109,0.160156,18,17.000000,0.846054
cate4-00091,cate4,2,33,18,0.621094,0.709961,0.085938,0.193359,20,18.000000,0.835085
cate4-00091,cate4,2,34,19,0.645508,0.683594,0.064453,0.175781,20,19.000000,0.920616
cate4-00091,cate4,2,35,20,0.680664,0.678711,0.060547,0.201172,20,20.000000,0.903931
cate4-00091,cate4,2,36,21,0.738281,0.649414,0.097656,0.224609,21,21.000000,0.938424
cate4-00091,cate4,2,37,22,0.811523,0.618164,0.107422,0.228516,22,22.000000,0.926690
cate4-00091,cate4,2,38,23,0.867188,0.607422,0.089844,0.199219,23,23.000000,0.928367
cate4-00091,cate4,2,41,24,0.507812,0.689453,0.046875,0.160156,24,24.000000,0.825970
cate4-00091,cate4,2,42,25,0.473633,0.686523,0.041016,0.158203,25,25.000000,0.818978
cate4-00091,cate4,2,43,26,0.420898,0.708008,0.076172,0.181641,26,26.000000,0.964910
cate4-00091,cate4,2,44,27,0.393555,0.683594,0.068359,0.191406,27,27.000000,0.846696
cate4-00091,cate4,2,45,28,0.344727,0.693359,0.087891,0.246094,28,28.000000,0.904527
cate4-00091,cate4,2,46,29,0.282227,0.659180,0.115234,0.251953,29,29.000000,0.928654
cate4-00091,cate4,2,47,30,0.205078,0.622070,0.121094,0.232422,30,30.000000,0.931166
cate4-00091,cate4,2,48,31,0.141602,0.597656,0.107422,0.187500,31,31.000000,0.949646
cate4-00094,cate4,0,11,0,0.488281,0.469727,0.050781,0.255859,0,0.000000,0.890192
cate4-00094,cate4,0,12,1,0.445312,0.470703,0.039062,0.242188,1,1.000000,0.883449
cate4-00094,cate4,0,13,2,0.412109,0.447266,0.046875,0.277344,2,2.000000,0.838432
cate4-00094,cate4,0,14,3,0.375000,0.435547,0.058594,0.261719,3,3.000000,0.896748
cate4-00094,cate4,0,15,4,0.332031,0.440430,0.046875,0.216797,4,4.000000,0.845227
cate4-00094,cate4,0,16,5,0.287109,0.419922,0.062500,0.207031,5,5.000000,0.909067
cate4-00094,cate4,0,17,6,0.228516,0.382812,0.070312,0.199219,6,6.000000,0.909752
cate4-00094,cate4,0,18,7,0.207031,0.282227,0.109375,0.134766,7,7.000000,0.916417
cate4-00094,cate4,0,21,8,0.529297,0.472656,0.058594,0.261719,8,8.000000,0.839365
cate4-00094,cate4,0,22,9,0.576172,0.462891,0.042969,0.250000,10,9.000000,0.899993
cate4-00094,cate4,0,23,10,0.613281,0.456055,0.050781,0.271484,10,10.000000,0.866755
cate4-00094,cate4,0,24,11,0.651367,0.458984,0.048828,0.234375,11,11.000000,0.845526
cate4-00094,cate4,0,25,12,0.689453,0.443359,0.054688,0.226562,12,12.000000,0.909210
cate4-00094,cate4,0,26,13,0.734375,0.426758,0.070312,0.201172,13,13.000000,0.931787
cate4-00094,cate4,0,27,14,0.787109,0.387695,0.066406,0.197266,14,14.000000,0.909484
cate4-00094,cate4,0,28,15,0.810547,0.294922,0.085938,0.128906,15,15.000000,0.880579
cate4-00094,cate4,0,31,16,0.521484,0.698242,0.031250,0.162109,16,16.000000,0.719865
cate4-00094,cate4,0,32,17,0.552734,0.698242,0.035156,0.173828,17,17.000000,0.875267
cate4-00094,cate4,0,33,18,0.589844,0.715820,0.058594,0.201172,18,18.000000,0.857272
cate4-00094,cate4,0,34,19,0.624023,0.709961,0.064453,0.244141,19,19.000000,0.900031
cate4-00094,cate4,0,35,20,0.661133,0.686523,0.068359,0.216797,20,20.000000,0.912120
cate4-00094,cate4,0,36,21,0.729492,0.655273,0.099609,0.216797,21,21.000000,0.930874
cate4-00094,cate4,0,37,22,0.792969,0.602539,0.097656,0.205078,22,22.000000,0.957143
cate4-00094,cate4,0,38,23,0.842773,0.572266,0.080078,0.132812,23,23.000000,0.930994
cate4-00094,cate4,0,41,24,0.497070,0.697266,0.029297,0.160156,24,24.000000,0.732036
cate4-00094,cate4,0,42,25,0.465820,0.693359,0.033203,0.171875,25,25.000000,0.832127
cate4-00094,cate4,0,43,26,0.423828,0.712891,0.054688,0.222656,26,26.000000,0.917908
cate4-00094,cate4,0,44,27,0.384766,0.701172,0.062500,0.234375,27,27.000000,0.840682
cate4-00094,cate4,0,45,28,0.344727,0.682617,0.076172,0.228516,28,28.000000,0.888771
cate4-00094,cate4,0,46,29,0.284180,0.643555,0.111328,0.212891,29,29.000000,0.942592
cate4-00094,cate4,0,47,30,0.219727,0.583008,0.099609,0.193359,30,30.000000,0.916027
cate4-00094,cate4,0,48,31,0.161133,0.555664,0.083984,0.134766,31,31.000000,0.920869
cate4-00095,cate4,1,11,0,0.495117,0.432617,0.052734,0.216797,0,0.000000,0.851796
cate4-00095,cate4,1,12,1,0.449219,0.425781,0.046875,0.214844,1,1.000000,0.893948
cate4-00095,cate4,1,13,2,0.408203,0.405273,0.039062,0.248047,2,2.000000,0.866186
cate4-00095,cate4,1,14,3,0.369141,0.408203,0.042969,0.222656,3,3.000000,0.905953
cate4-00095,cate4,1,15,4,0.331055,0.414062,0.044922,0.226562,4,4.000000,0.793609
cate4-00095,cate4,1,16,5,0.282227,0.422852,0.060547,0.197266,5,5.000000,0.864081
cate4-00095,cate4,1,17,6,0.223633,0.412109,0.060547,0.203125,7,6.000000,0.921012
cate4-00095,cate4,1,18,7,0.177734,0.383789,0.050781,0.205078,7,7.000000,0.899948
cate4-00095,cate4,1,21,8,0.540039,0.436523,0.044922,0.208984,8,8.000000,0.858874
cate4-00095,cate4,1,22,9,0.583008,0.425781,0.041016,0.218750,11,9.000000,0.766781
cate4-00095,cate4,1,23,10,0.625000,0.416992,0.050781,0.232422,11,10.000000,0.931379
cate4-00095,cate4,1,24,11,0.658203,0.423828,0.042969,0.214844,12,11.000000,0.784983
cate4-00095,cate4,1,25,12,0.698242,0.406250,0.044922,0.222656,12,12.000000,0.870062
cate4-00095,cate4,1,26,13,0.745117,0.425781,0.060547,0.187500,13,13.000000,0.902629
cate4-00095,cate4,1,27,14,0.802734,0.406250,0.066406,0.179688,14,14.000000,0.845206
cate4-00095,cate4,1,28,15,0.828125,0.325195,0.054688,0.166016,15,15.000000,0.855235
cate4-00095,cate4,1,31,16,0.507812,0.648438,0.027344,0.144531,16,16.000000,0.832872
cate4-00095,cate4,1,32,17,0.539062,0.644531,0.027344,0.140625,17,17.000000,0.889774
cate4-00095,cate4,1,33,18,0.582031,0.651367,0.054688,0.205078,18,18.000000,0.885761
cate4-00095,cate4,1,34,19,0.610352,0.640625,0.044922,0.175781,19,19.000000,0.850724
cate4-00095,cate4,1,35,20,0.656250,0.634766,0.058594,0.187500,20,20.000000,0.850314
cate4-00095,cate4,1,36,21,0.707031,0.633789,0.089844,0.224609,21,21.000000,0.943480
cate4-00095,cate4,1,37,22,0.769531,0.624023,0.070312,0.224609,22,22.000000,0.922334
cate4-00095,cate4,1,38,23,0.850586,0.567383,0.099609,0.123047,23,23.000000,0.921320
cate4-00095,cate4,1,41,24,0.479492,0.627930,0.033203,0.138672,24,24.000000,0.812903
cate4-00095,cate4,1,42,25,0.444336,0.631836,0.041016,0.158203,25,25.000000,0.921987
cate4-00095,cate4,1,43,26,0.407227,0.636719,0.052734,0.175781,27,26.000000,0.925351
cate4-00095,cate4,1,44,27,0.375000,0.641602,0.039062,0.181641,27,27.000000,0.895760
cate4-00095,cate4,1,45,28,0.339844,0.652344,0.042969,0.199219,28,28.000000,0.882672
cate4-00095,cate4,1,46,29,0.279297,0.655273,0.085938,0.224609,29,29.000000,0.912821
cate4-00095,cate4,1,47,30,0.217773,0.632812,0.087891,0.214844,30,30.000000,0.923247
cate4-00095,cate4,1,48,31,0.147461,0.587891,0.099609,0.156250,31,31.000000,0.941502
cate4-00099,cate4,0,11,0,0.478516,0.509766,0.046875,0.226562,0,0.000000,0.927123
cate4-00099,cate4,0,12,1,0.441406,0.506836,0.039062,0.236328,1,1.000000,0.890400
cate4-00099,cate4,0,13,2,0.407227,0.507812,0.041016,0.246094,2,2.000000,0.829515
cate4-00099,cate4,0,14,3,0.372070,0.500977,0.056641,0.212891,3,3.000000,0.726423
cate4-00099,cate4,0,15,4,0.331055,0.487305,0.048828,0.208984,4,4.000000,0.799813
cate4-00099,cate4,0,16,5,0.285156,0.483398,0.062500,0.193359,5,5.000000,0.908771
cate4-00099,cate4,0,17,6,0.243164,0.448242,0.072266,0.166016,6,6.000000,0.928393
cate4-00099,cate4,0,18,7,0.228516,0.342773,0.066406,0.107422,7,7.000000,0.946837
cate4-00099,cate4,0,21,8,0.520508,0.507812,0.044922,0.234375,8,8.000000,0.900392
cate4-00099,cate4,0,22,9,0.558594,0.500977,0.042969,0.220703,9,9.000000,0.910487
cate4-00099,cate4,0,23,10,0.595703,0.480469,0.046875,0.265625,10,10.000000,0.904362
cate4-00099,cate4,0,24,11,0.634766,0.500000,0.054688,0.199219,11,11.000000,0.796171
cate4-00099,cate4,0,25,12,0.671875,0.469727,0.054688,0.216797,12,12.000000,0.890644
cate4-00099,cate4,0,26,13,0.719727,0.461914,0.064453,0.193359,13,13.000000,0.914367
cate4-00099,cate4,0,27,14,0.764648,0.419922,0.072266,0.187500,14,14.000000,0.911366
cate4-00099,cate4,0,28,15,0.771484,0.322266,0.078125,0.117188,15,15.000000,0.861530
cate4-00099,cate4,0,31,16,0.530273,0.708008,0.041016,0.138672,16,16.000000,0.773199
cate4-00099,cate4,0,32,17,0.554688,0.704102,0.042969,0.162109,17,17.000000,0.925624
cate4-00099,cate4,0,33,18,0.587891,0.694336,0.050781,0.189453,18,18.000000,0.859971
cate4-00099,cate4,0,34,19,0.628906,0.684570,0.050781,0.177734,19,19.000000,0.907393
cate4-00099,cate4,0,35,20,0.674805,0.674805,0.064453,0.193359,20,20.000000,0.905891
cate4-00099,cate4,0,36,21,0.724609,0.650391,0.089844,0.203125,21,21.000000,0.906012
cate4-00099,cate4,0,37,22,0.787109,0.591797,0.089844,0.187500,22,22.000000,0.938226
cate4-00099,cate4,0,38,23,0.847656,0.564453,0.066406,0.128906,23,23.000000,0.913214
cate4-00099,cate4,0,41,24,0.498047,0.715820,0.031250,0.150391,24,24.000000,0.857727
cate4-00099,cate4,0,42,25,0.470703,0.708008,0.035156,0.150391,25,25.000000,0.835697
cate4-00099,cate4,0,43,26,0.437500,0.713867,0.042969,0.185547,26,26.000000,0.902871
cate4-00099,cate4,0,44,27,0.395508,0.708984,0.056641,0.187500,27,27.000000,0.880138
cate4-00099,cate4,0,45,28,0.349609,0.704102,0.058594,0.185547,28,28.000000,0.872517
cate4-00099,cate4,0,46,29,0.293945,0.672852,0.099609,0.201172,29,29.000000,0.927664
cate4-00099,cate4,0,47,30,0.229492,0.623047,0.095703,0.183594,30,30.000000,0.895848
cate4-00099,cate4,0,48,31,0.166016,0.584961,0.062500,0.123047,31,31.000000,0.948755
cate4-00100,cate4,3,11,0,0.492188,0.487305,0.046875,0.232422,0,0.000000,0.871485
cate4-00100,cate4,3,12,1,0.450195,0.477539,0.041016,0.232422,1,1.000000,0.865349
cate4-00100,cate4,3,13,2,0.411133,0.466797,0.048828,0.238281,2,2.000000,0.894265
cate4-00100,cate4,3,14,3,0.374023,0.457031,0.056641,0.234375,3,3.000000,0.899523
cate4-00100,cate4,3,15,4,0.333984,0.461914,0.050781,0.193359,4,4.000000,0.946371
cate4-00100,cate4,3,16,5,0.287109,0.453125,0.070312,0.191406,5,5.000000,0.914814
cate4-00100,cate4,3,17,6,0.234375,0.421875,0.066406,0.179688,6,6.000000,0.913510
cate4-00100,cate4,3,18,7,0.218750,0.324219,0.066406,0.109375,7,7.000000,0.937166
cate4-00100,cate4,3,21,8,0.537109,0.487305,0.046875,0.236328,8,8.000000,0.880163
cate4-00100,cate4,3,22,9,0.576172,0.477539,0.046875,0.220703,9,9.000000,0.852468
cate4-00100,cate4,3,23,10,0.618164,0.472656,0.044922,0.226562,11,10.000000,0.835703
cate4-00100,cate4,3,24,11,0.648438,0.473633,0.054688,0.208984,11,11.000000,0.933819
cate4-00100,cate4,3,25,12,0.687500,0.457031,0.050781,0.214844,12,12.000000,0.927381
cate4-00100,cate4,3,26,13,0.735352,0.441406,0.064453,0.218750,13,13.000000,0.910470
cate4-00100,cate4,3,27,14,0.786133,0.423828,0.068359,0.179688,14,14.000000,0.924644
cate4-00100,cate4,3,28,15,0.798828,0.323242,0.066406,0.107422,15,15.000000,0.910415
cate4-00100,cate4,3,31,16,0.518555,0.686523,0.029297,0.150391,16,16.000000,0.852999
cate4-00100,cate4,3,32,17,0.549805,0.694336,0.037109,0.154297,17,17.000000,0.864242
cate4-00100,cate4,3,33,18,0.584961,0.724609,0.044922,0.230469,18,18.000000,0.915259
cate4-00100,cate4,3,34,19,0.625000,0.701172,0.050781,0.199219,19,19.000000,0.887015
cate4-00100,cate4,3,35,20,0.667969,0.685547,0.070312,0.195312,20,20.000000,0.916856
cate4-00100,cate4,3,36,21,0.728516,0.666992,0.109375,0.205078,21,21.000000,0.925754
cate4-00100,cate4,3,37,22,0.791016,0.621094,0.109375,0.191406,22,22.000000,0.956227
cate4-00100,cate4,3,38,23,0.846680,0.586914,0.072266,0.123047,23,23.000000,0.891806
cate4-00100,cate4,3,41,24,0.494141,0.677734,0.039062,0.140625,24,24.000000,0.844370
cate4-00100,cate4,3,42,25,0.460938,0.686523,0.031250,0.154297,25,25.000000,0.841451
cate4-00100,cate4,3,43,26,0.424805,0.689453,0.041016,0.171875,26,26.000000,0.914504
cate4-00100,cate4,3,44,27,0.386719,0.690430,0.054688,0.197266,27,27.000000,0.917444
cate4-00100,cate4,3,45,28,0.340820,0.680664,0.080078,0.208984,28,28.000000,0.914084
cate4-00100,cate4,3,46,29,0.283203,0.652344,0.105469,0.199219,29,29.000000,0.936590
cate4-00100,cate4,3,47,30,0.216797,0.616211,0.113281,0.201172,30,30.000000,0.956779
cate4-00100,cate4,3,48,31,0.162109,0.577148,0.070312,0.123047,31,31.000000,0.949205
cate4-00101,cate4,4,11,0,0.491211,0.437500,0.044922,0.226562,0,0.000000,0.938940
cate4-00101,cate4,4,12,1,0.455078,0.427734,0.046875,0.207031,1,1.000000,0.904790
cate4-00101,cate4,4,13,2,0.411133,0.393555,0.048828,0.240234,2,2.000000,0.870793
cate4-00101,cate4,4,14,3,0.375000,0.404297,0.054688,0.238281,3,3.000000,0.924211
cate4-00101,cate4,4,15,4,0.334961,0.414062,0.052734,0.207031,4,4.000000,0.834165
cate4-00101,cate4,4,16,5,0.280273,0.416016,0.064453,0.183594,5,5.000000,0.899517
cate4-00101,cate4,4,17,6,0.226562,0.390625,0.074219,0.171875,6,6.000000,0.897565
cate4-00101,cate4,4,18,7,0.208008,0.304688,0.060547,0.093750,7,7.000000,0.933059
cate4-00101,cate4,4,21,8,0.535156,0.437500,0.050781,0.226562,8,8.000000,0.906876
cate4-00101,cate4,4,22,9,0.572266,0.431641,0.039062,0.199219,9,9.000000,0.896394
cate4-00101,cate4,4,23,10,0.609375,0.403320,0.042969,0.216797,10,10.000000,0.846142
cate4-00101,cate4,4,24,11,0.643555,0.426758,0.048828,0.208984,11,11.000000,0.875527
cate4-00101,cate4,4,25,12,0.681641,0.413086,0.046875,0.244141,12,12.000000,0.884502
cate4-00101,cate4,4,26,13,0.730469,0.434570,0.066406,0.181641,13,13.000000,0.875424
cate4-00101,cate4,4,27,14,0.788086,0.405273,0.068359,0.189453,14,14.000000,0.904793
cate4-00101,cate4,4,28,15,0.806641,0.321289,0.066406,0.107422,15,15.000000,0.925475
cate4-00101,cate4,4,31,16,0.527344,0.644531,0.035156,0.152344,16,16.000000,0.877898
cate4-00101,cate4,4,32,17,0.559570,0.646484,0.037109,0.160156,17,17.000000,0.952639
cate4-00101,cate4,4,33,18,0.593750,0.668945,0.042969,0.189453,18,18.000000,0.907286
cate4-00101,cate4,4,34,19,0.632812,0.688477,0.050781,0.208984,19,19.000000,0.883077
cate4-00101,cate4,4,35,20,0.680664,0.691406,0.064453,0.210938,20,20.000000,0.928565
cate4-00101,cate4,4,36,21,0.739258,0.665039,0.091797,0.208984,21,21.000000,0.978176
cate4-00101,cate4,4,37,22,0.798828,0.619141,0.089844,0.179688,22,22.000000,0.937277
cate4-00101,cate4,4,38,23,0.853516,0.605469,0.066406,0.128906,23,23.000000,0.878514
cate4-00101,cate4,4,41,24,0.500977,0.644531,0.029297,0.160156,24,24.000000,0.856679
cate4-00101,cate4,4,42,25,0.472656,0.649414,0.039062,0.169922,25,25.000000,0.890311
cate4-00101,cate4,4,43,26,0.436523,0.650391,0.044922,0.187500,26,26.000000,0.926210
cate4-00101,cate4,4,44,27,0.392578,0.676758,0.050781,0.205078,27,27.000000,0.861278
cate4-00101,cate4,4,45,28,0.344727,0.686523,0.068359,0.220703,28,28.000000,0.916873
cate4-00101,cate4,4,46,29,0.290039,0.662109,0.091797,0.230469,29,29.000000,0.927370
cate4-00101,cate4,4,47,30,0.222656,0.604492,0.093750,0.197266,30,30.000000,0.954786
cate4-00101,cate4,4,48,31,0.167969,0.569336,0.066406,0.119141,31,31.000000,0.896482
cate4-00102,cate4,3,11,0,0.485352,0.467773,0.044922,0.267578,0,0.000000,0.896336
cate4-00102,cate4,3,12,1,0.454102,0.462891,0.041016,0.253906,1,1.000000,0.913154
cate4-00102,cate4,3,13,2,0.416992,0.443359,0.048828,0.281250,2,2.000000,0.942522
cate4-00102,cate4,3,14,3,0.384766,0.447266,0.058594,0.222656,3,3.000000,0.876675
cate4-00102,cate4,3,15,4,0.338867,0.444336,0.052734,0.189453,4,4.000000,0.924707
cate4-00102,cate4,3,16,5,0.291016,0.420898,0.070312,0.197266,5,5.000000,0.712687
cate4-00102,cate4,3,17,6,0.248047,0.362305,0.082031,0.166016,6,7.000000,0.605826
cate4-00102,cate4,3,18,7,0.233398,0.257812,0.072266,0.097656,7,7.000000,0.779978
cate4-00102,cate4,3,21,8,0.531250,0.477539,0.042969,0.263672,8,8.000000,0.875624
cate4-00102,cate4,3,22,9,0.564453,0.454102,0.042969,0.263672,10,9.000000,0.850746
cate4-00102,cate4,3,23,10,0.603516,0.442383,0.042969,0.271484,10,10.000000,0.870428
cate4-00102,cate4,3,24,11,0.640625,0.443359,0.042969,0.226562,11,11.000000,0.821995
cate4-00102,cate4,3,25,12,0.676758,0.439453,0.052734,0.191406,12,12.000000,0.900336
cate4-00102,cate4,3,26,13,0.731445,0.421875,0.068359,0.203125,13,13.000000,0.908385
cate4-00102,cate4,3,27,14,0.772461,0.378906,0.068359,0.167969,14,14.000000,0.944376
cate4-00102,cate4,3,28,15,0.789062,0.265625,0.054688,0.093750,15,15.000000,0.902363
cate4-00102,cate4,3,31,16,0.531250,0.686523,0.031250,0.134766,16,16.000000,0.840584
cate4-00102,cate4,3,32,17,0.555664,0.703125,0.041016,0.175781,17,17.000000,0.844843
cate4-00102,cate4,3,33,18,0.588867,0.717773,0.037109,0.232422,18,18.000000,0.906798
cate4-00102,cate4,3,34,19,0.625977,0.698242,0.044922,0.208984,19,19.000000,0.902374
cate4-00102,cate4,3,35,20,0.675781,0.678711,0.074219,0.205078,20,20.000000,0.946952
cate4-00102,cate4,3,36,21,0.734375,0.654297,0.113281,0.226562,21,21.000000,0.939723
cate4-00102,cate4,3,37,22,0.787109,0.618164,0.082031,0.201172,22,22.000000,0.920937
cate4-00102,cate4,3,38,23,0.845703,0.563477,0.066406,0.123047,23,23.000000,0.898379
cate4-00102,cate4,3,41,24,0.504883,0.699219,0.029297,0.167969,24,24.000000,0.818605
cate4-00102,cate4,3,42,25,0.480469,0.702148,0.031250,0.173828,24,25.000000,0.799271
cate4-00102,cate4,3,43,26,0.452148,0.710938,0.044922,0.214844,25,26.000000,0.899035
cate4-00102,cate4,3,44,27,0.411133,0.699219,0.044922,0.207031,27,27.000000,0.909790
cate4-00102,cate4,3,45,28,0.362305,0.689453,0.083984,0.230469,28,28.000000,0.912933
cate4-00102,cate4,3,46,29,0.298828,0.658203,0.109375,0.230469,29,29.000000,0.941205
cate4-00102,cate4,3,47,30,0.234375,0.616211,0.097656,0.181641,30,30.000000,0.954321
cate4-00102,cate4,3,48,31,0.168945,0.572266,0.068359,0.117188,31,31.000000,0.927565
cate4-00103,cate4,2,11,0,0.487305,0.504883,0.048828,0.232422,0,0.000000,0.898538
cate4-00103,cate4,2,12,1,0.445312,0.492188,0.046875,0.234375,1,1.000000,0.883932
cate4-00103,cate4,2,13,2,0.410156,0.484375,0.054688,0.253906,2,2.000000,0.903680
cate4-00103,cate4,2,14,3,0.375000,0.488281,0.058594,0.218750,3,3.000000,0.851355
cate4-00103,cate4,2,15,4,0.332031,0.485352,0.058594,0.212891,5,4.000000,0.873816
cate4-00103,cate4,2,16,5,0.283203,0.472656,0.070312,0.214844,5,5.000000,0.927132
cate4-00103,cate4,2,17,6,0.223633,0.460938,0.076172,0.156250,6,6.000000,0.937607
cate4-00103,cate4,2,18,7,0.208008,0.339844,0.068359,0.113281,7,7.000000,0.888922
cate4-00103,cate4,2,21,8,0.536133,0.503906,0.048828,0.246094,8,8.000000,0.923624
cate4-00103,cate4,2,22,9,0.580078,0.505859,0.035156,0.218750,9,9.000000,0.843348
cate4-00103,cate4,2,23,10,0.623047,0.477539,0.050781,0.263672,10,10.000000,0.884107
cate4-00103,cate4,2,24,11,0.656250,0.493164,0.050781,0.208984,11,11.000000,0.861272
cate4-00103,cate4,2,25,12,0.693359,0.488281,0.046875,0.195312,12,12.000000,0.872747
cate4-00103,cate4,2,26,13,0.741211,0.466797,0.064453,0.210938,13,13.000000,0.936116
cate4-00103,cate4,2,27,14,0.789062,0.436523,0.078125,0.201172,14,14.000000,0.936223
cate4-00103,cate4,2,28,15,0.807617,0.348633,0.060547,0.099609,15,15.000000,0.953316
cate4-00103,cate4,2,31,16,0.528320,0.724609,0.029297,0.156250,16,16.000000,0.813268
cate4-00103,cate4,2,32,17,0.557617,0.725586,0.037109,0.154297,17,17.000000,0.865196
cate4-00103,cate4,2,33,18,0.603516,0.761719,0.058594,0.230469,18,18.000000,0.898859
cate4-00103,cate4,2,34,19,0.635742,0.744141,0.052734,0.195312,19,19.000000,0.881715
cate4-00103,cate4,2,35,20,0.683594,0.733398,0.070312,0.208984,20,20.000000,0.928733
cate4-00103,cate4,2,36,21,0.745117,0.709961,0.115234,0.236328,21,21.000000,0.947665
cate4-00103,cate4,2,37,22,0.797852,0.649414,0.099609,0.201172,22,22.000000,0.923953
cate4-00103,cate4,2,38,23,0.839844,0.602539,0.066406,0.119141,23,23.000000,0.881299
cate4-00103,cate4,2,41,24,0.497070,0.723633,0.033203,0.166016,24,24.000000,0.883238
cate4-00103,cate4,2,42,25,0.466797,0.707031,0.039062,0.132812,25,25.000000,0.865232
cate4-00103,cate4,2,43,26,0.433594,0.736328,0.050781,0.191406,26,26.000000,0.888479
cate4-00103,cate4,2,44,27,0.392578,0.753906,0.050781,0.199219,27,27.000000,0.886892
cate4-00103,cate4,2,45,28,0.343750,0.739258,0.074219,0.208984,28,28.000000,0.888406
cate4-00103,cate4,2,46,29,0.269531,0.723633,0.132812,0.240234,29,29.000000,0.944393
cate4-00103,cate4,2,47,30,0.213867,0.660156,0.111328,0.203125,30,30.000000,0.944520
cate4-00103,cate4,2,48,31,0.157227,0.618164,0.072266,0.115234,31,31.000000,0.920958
cate4-00104,cate4,1,11,0,0.479492,0.366211,0.052734,0.294922,0,0.000000,0.882863
cate4-00104,cate4,1,12,1,0.437500,0.372070,0.054688,0.279297,1,1.000000,0.905909
cate4-00104,cate4,1,13,2,0.391602,0.364258,0.052734,0.298828,2,2.000000,0.860152
cate4-00104,cate4,1,14,3,0.350586,0.365234,0.072266,0.265625,5,3.000000,0.910467
cate4-00104,cate4,1,15,4,0.297852,0.348633,0.076172,0.259766,5,4.000000,0.876380
cate4-00104,cate4,1,16,5,0.232422,0.339844,0.078125,0.250000,6,5.000000,0.910150
cate4-00104,cate4,1,17,6,0.172852,0.314453,0.083984,0.214844,6,6.000000,0.947801
cate4-00104,cate4,1,18,7,0.141602,0.199219,0.076172,0.113281,7,7.000000,0.907841
cate4-00104,cate4,1,21,8,0.533203,0.361328,0.050781,0.312500,8,8.000000,0.789409
cate4-00104,cate4,1,22,9,0.574219,0.379883,0.054688,0.287109,10,9.000000,0.849002
cate4-00104,cate4,1,23,10,0.619141,0.364258,0.054688,0.322266,10,10.000000,0.908327
cate4-00104,cate4,1,24,11,0.666992,0.372070,0.056641,0.259766,12,11.000000,0.914912
cate4-00104,cate4,1,25,12,0.712891,0.372070,0.058594,0.236328,13,12.000000,0.898832
cate4-00104,cate4,1,26,13,0.771484,0.362305,0.078125,0.224609,14,13.000000,0.922516
cate4-00104,cate4,1,27,14,0.833984,0.335938,0.078125,0.210938,15,14.000000,0.956278
cate4-00104,cate4,1,28,15,0.866211,0.223633,0.087891,0.115234,15,15.000000,0.920679
cate4-00104,cate4,1,31,16,0.505859,0.617188,0.035156,0.171875,24,16.000000,0.881691
cate4-00104,cate4,1,32,17,0.534180,0.616211,0.048828,0.173828,16,17.000000,0.893333
cate4-00104,cate4,1,33,18,0.573242,0.636719,0.056641,0.222656,18,18.000000,0.798828
cate4-00104,cate4,1,34,19,0.621094,0.648438,0.062500,0.250000,19,19.000000,0.900012
cate4-00104,cate4,1,35,20,0.671875,0.640625,0.074219,0.250000,20,20.000000,0.938727
cate4-00104,cate4,1,36,21,0.750977,0.618164,0.123047,0.275391,21,21.000000,0.931040
cate4-00104,cate4,1,37,22,0.820312,0.553711,0.109375,0.224609,22,22.000000,0.943189
cate4-00104,cate4,1,38,23,0.875000,0.533203,0.085938,0.132812,23,23.000000,0.921776
cate4-00104,cate4,1,41,24,0.474609,0.630859,0.031250,0.191406,25,24.000000,0.802848
cate4-00104,cate4,1,42,25,0.445312,0.625000,0.039062,0.199219,26,25.000000,0.834162
cate4-00104,cate4,1,43,26,0.403320,0.651367,0.048828,0.248047,27,26.000000,0.895539
cate4-00104,cate4,1,44,27,0.361328,0.651367,0.066406,0.251953,28,27.000000,0.858407
cate4-00104,cate4,1,45,28,0.313477,0.642578,0.076172,0.242188,29,28.000000,0.898895
cate4-00104,cate4,1,46,29,0.243164,0.610352,0.123047,0.267578,30,29.000000,0.942281
cate4-00104,cate4,1,47,30,0.180664,0.550781,0.111328,0.218750,31,30.000000,0.921072
cate4-00104,cate4,1,48,31,0.123047,0.516602,0.078125,0.130859,31,31.000000,0.899975
cate4-00105,cate4,2,11,0,0.507812,0.433594,0.054688,0.261719,0,0.000000,0.861862
cate4-00105,cate4,2,12,1,0.473633,0.430664,0.048828,0.251953,0,1.000000,0.903397
cate4-00105,cate4,2,13,2,0.427734,0.426758,0.054688,0.244141,2,2.000000,0.882378
cate4-00105,cate4,2,14,3,0.390625,0.424805,0.062500,0.244141,2,3.000000,0.860090
cate4-00105,cate4,2,15,4,0.343750,0.416992,0.054688,0.244141,3,4.000000,0.899995
cate4-00105,cate4,2,16,5,0.287109,0.416992,0.070312,0.212891,5,5.000000,0.927144
cate4-00105,cate4,2,17,6,0.228516,0.410156,0.066406,0.210938,6,6.000000,0.937316
cate4-00105,cate4,2,18,7,0.188477,0.345703,0.056641,0.152344,7,7.000000,0.916327
cate4-00105,cate4,2,21,8,0.541016,0.449219,0.054688,0.253906,9,8.000000,0.872100
cate4-00105,cate4,2,22,9,0.582031,0.437500,0.046875,0.253906,10,9.000000,0.865990
cate4-00105,cate4,2,23,10,0.622070,0.419922,0.052734,0.277344,10,10.000000,0.854828
cate4-00105,cate4,2,24,11,0.659180,0.421875,0.052734,0.234375,12,11.000000,0.891257
cate4-00105,cate4,2,25,12,0.696289,0.416016,0.048828,0.246094,13,12.000000,0.896811
cate4-00105,cate4,2,26,13,0.747070,0.427734,0.064453,0.210938,13,13.000000,0.942973
cate4-00105,cate4,2,27,14,0.800781,0.401367,0.058594,0.216797,14,14.000000,0.876001
cate4-00105,cate4,2,28,15,0.839844,0.331055,0.058594,0.181641,14,15.000000,0.904615
cate4-00105,cate4,2,31,16,0.536133,0.685547,0.037109,0.179688,17,16.000000,0.766560
cate4-00105,cate4,2,32,17,0.563477,0.697266,0.041016,0.218750,18,17.000000,0.867492
cate4-00105,cate4,2,33,18,0.597656,0.705078,0.050781,0.207031,18,18.000000,0.895625
cate4-00105,cate4,2,34,19,0.626953,0.703125,0.062500,0.195312,19,19.000000,0.885962
cate4-00105,cate4,2,35,20,0.659180,0.686523,0.068359,0.216797,20,20.000000,0.947361
cate4-00105,cate4,2,36,21,0.717773,0.677734,0.099609,0.226562,21,21.000000,0.889523
cate4-00105,cate4,2,37,22,0.784180,0.651367,0.103516,0.212891,22,22.000000,0.924832
cate4-00105,cate4,2,38,23,0.850586,0.615234,0.099609,0.160156,23,23.000000,0.949852
cate4-00105,cate4,2,41,24,0.509766,0.672852,0.042969,0.166016,24,24.000000,0.744449
cate4-00105,cate4,2,42,25,0.483398,0.683594,0.048828,0.167969,25,25.000000,0.668625
cate4-00105,cate4,2,43,26,0.453125,0.698242,0.050781,0.208984,26,26.000000,0.876236
cate4-00105,cate4,2,44,27,0.418945,0.704102,0.060547,0.224609,26,27.000000,0.867580
cate4-00105,cate4,2,45,28,0.375977,0.700195,0.076172,0.228516,28,28.000000,0.904810
cate4-00105,cate4,2,46,29,0.312500,0.679688,0.113281,0.222656,29,29.000000,0.935114
cate4-00105,cate4,2,47,30,0.240234,0.656250,0.113281,0.214844,30,30.000000,0.912064
cate4-00105,cate4,2,48,31,0.171875,0.614258,0.097656,0.169922,31,31.000000,0.971958
cate4-00106,cate4,4,11,0,0.481445,0.332031,0.048828,0.261719,0,0.000000,0.869133
cate4-00106,cate4,4,12,1,0.440430,0.346680,0.044922,0.236328,1,1.000000,0.847565
cate4-00106,cate4,4,13,2,0.400391,0.330078,0.050781,0.273438,2,2.000000,0.894327
cate4-00106,cate4,4,14,3,0.363281,0.351562,0.054688,0.230469,4,3.000000,0.871451
cate4-00106,cate4,4,15,4,0.320312,0.356445,0.058594,0.220703,5,4.000000,0.822397
cate4-00106,cate4,4,16,5,0.275391,0.360352,0.066406,0.201172,5,5.000000,0.879181
cate4-00106,cate4,4,17,6,0.210938,0.339844,0.062500,0.222656,6,6.000000,0.865916
cate4-00106,cate4,4,18,7,0.170898,0.291016,0.060547,0.144531,7,7.000000,0.932774
cate4-00106,cate4,4,21,8,0.524414,0.339844,0.048828,0.253906,8,8.000000,0.902995
cate4-00106,cate4,4,22,9,0.568359,0.336914,0.046875,0.251953,9,9.000000,0.878311
cate4-00106,cate4,4,23,10,0.611328,0.327148,0.050781,0.279297,10,10.000000,0.890297
cate4-00106,cate4,4,24,11,0.652344,0.349609,0.058594,0.238281,12,11.000000,0.911866
cate4-00106,cate4,4,25,12,0.694336,0.356445,0.060547,0.228516,13,12.000000,0.853595
cate4-00106,cate4,4,26,13,0.746094,0.366211,0.070312,0.208984,13,13.000000,0.933425
cate4-00106,cate4,4,27,14,0.809570,0.353516,0.068359,0.210938,14,14.000000,0.892636
cate4-00106,cate4,4,28,15,0.846680,0.293945,0.064453,0.154297,15,15.000000,0.918057
cate4-00106,cate4,4,31,16,0.509766,0.568359,0.031250,0.167969,16,16.000000,0.813537
cate4-00106,cate4,4,32,17,0.538086,0.578125,0.037109,0.171875,17,17.000000,0.858302
cate4-00106,cate4,4,33,18,0.576172,0.600586,0.058594,0.248047,18,18.000000,0.923365
cate4-00106,cate4,4,34,19,0.614258,0.601562,0.056641,0.234375,19,19.000000,0.917449
cate4-00106,cate4,4,35,20,0.665039,0.608398,0.064453,0.236328,20,20.000000,0.928926
cate4-00106,cate4,4,36,21,0.722656,0.603516,0.105469,0.250000,21,21.000000,0.963388
cate4-00106,cate4,4,37,22,0.800781,0.576172,0.105469,0.210938,22,22.000000,0.958243
cate4-00106,cate4,4,38,23,0.862305,0.543945,0.087891,0.173828,23,23.000000,0.909838
cate4-00106,cate4,4,41,24,0.481445,0.569336,0.033203,0.173828,25,24.000000,0.775613
cate4-00106,cate4,4,42,25,0.458008,0.588867,0.041016,0.177734,25,25.000000,0.814918
cate4-00106,cate4,4,43,26,0.421875,0.600586,0.046875,0.240234,27,26.000000,0.910598
cate4-00106,cate4,4,44,27,0.381836,0.603516,0.048828,0.230469,27,27.000000,0.878192
cate4-00106,cate4,4,45,28,0.342773,0.604492,0.076172,0.232422,28,28.000000,0.882086
cate4-00106,cate4,4,46,29,0.284180,0.590820,0.099609,0.236328,29,29.000000,0.915611
cate4-00106,cate4,4,47,30,0.216797,0.577148,0.089844,0.228516,30,30.000000,0.943994
cate4-00106,cate4,4,48,31,0.134766,0.524414,0.105469,0.142578,31,31.000000,0.943609
cate4-00107,cate4,3,11,0,0.491211,0.435547,0.048828,0.234375,0,0.000000,0.916720
cate4-00107,cate4,3,12,1,0.455078,0.417969,0.050781,0.230469,1,1.000000,0.940699
cate4-00107,cate4,3,13,2,0.410156,0.394531,0.054688,0.238281,3,2.000000,0.903912
cate4-00107,cate4,3,14,3,0.375000,0.419922,0.054688,0.203125,3,3.000000,0.889764
cate4-00107,cate4,3,15,4,0.333008,0.412109,0.056641,0.214844,4,4.000000,0.952646
cate4-00107,cate4,3,16,5,0.282227,0.407227,0.068359,0.205078,5,5.000000,0.930433
cate4-00107,cate4,3,17,6,0.229492,0.390625,0.076172,0.167969,6,6.000000,0.936966
cate4-00107,cate4,3,18,7,0.207031,0.302734,0.066406,0.097656,7,7.000000,0.954993
cate4-00107,cate4,3,21,8,0.531250,0.430664,0.054688,0.236328,8,8.000000,0.889182
cate4-00107,cate4,3,22,9,0.570312,0.428711,0.042969,0.205078,9,9.000000,0.871458
cate4-00107,cate4,3,23,10,0.608398,0.404297,0.044922,0.218750,10,10.000000,0.834005
cate4-00107,cate4,3,24,11,0.647461,0.417969,0.048828,0.230469,11,11.000000,0.969484
cate4-00107,cate4,3,25,12,0.682617,0.435547,0.044922,0.199219,12,12.000000,0.894392
cate4-00107,cate4,3,26,13,0.730469,0.431641,0.066406,0.187500,13,13.000000,0.939623
cate4-00107,cate4,3,27,14,0.787109,0.413086,0.066406,0.181641,14,14.000000,0.913641
cate4-00107,cate4,3,28,15,0.805664,0.321289,0.060547,0.103516,15,15.000000,0.922318
cate4-00107,cate4,3,31,16,0.524414,0.647461,0.041016,0.169922,17,16.000000,0.896646
cate4-00107,cate4,3,32,17,0.558594,0.652344,0.039062,0.167969,17,17.000000,0.905272
cate4-00107,cate4,3,33,18,0.593750,0.666992,0.039062,0.189453,18,18.000000,0.843719
cate4-00107,cate4,3,34,19,0.630859,0.689453,0.046875,0.203125,20,19.000000,0.932479
cate4-00107,cate4,3,35,20,0.676758,0.691406,0.072266,0.214844,20,20.000000,0.906735
cate4-00107,cate4,3,36,21,0.740234,0.660156,0.089844,0.199219,21,21.000000,0.933666
cate4-00107,cate4,3,37,22,0.798828,0.615234,0.093750,0.183594,22,22.000000,0.929218
cate4-00107,cate4,3,38,23,0.851562,0.605469,0.074219,0.132812,23,23.000000,0.907898
cate4-00107,cate4,3,41,24,0.498047,0.646484,0.039062,0.183594,24,24.000000,0.887424
cate4-00107,cate4,3,42,25,0.471680,0.653320,0.037109,0.189453,25,25.000000,0.834223
cate4-00107,cate4,3,43,26,0.435547,0.661133,0.046875,0.212891,26,26.000000,0.889909
cate4-00107,cate4,3,44,27,0.390625,0.682617,0.050781,0.228516,27,27.000000,0.875797
cate4-00107,cate4,3,45,28,0.341797,0.686523,0.078125,0.224609,28,28.000000,0.917969
cate4-00107,cate4,3,46,29,0.288086,0.667969,0.095703,0.230469,29,29.000000,0.920914
cate4-00107,cate4,3,47,30,0.223633,0.606445,0.099609,0.197266,30,30.000000,0.939466
cate4-00107,cate4,3,48,31,0.166992,0.571289,0.072266,0.138672,31,31.000000,0.923615
cate4-00108,cate4,2,11,0,0.495117,0.431641,0.064453,0.234375,0,0.000000,0.892026
cate4-00108,cate4,2,12,1,0.447266,0.418945,0.042969,0.216797,1,1.000000,0.878690
cate4-00108,cate4,2,13,2,0.405273,0.415039,0.052734,0.236328,2,2.000000,0.865935
cate4-00108,cate4,2,14,3,0.374023,0.424805,0.056641,0.224609,3,3.000000,0.818381
cate4-00108,cate4,2,15,4,0.331055,0.439453,0.048828,0.222656,4,4.000000,0.871284
cate4-00108,cate4,2,16,5,0.273438,0.427734,0.074219,0.253906,5,5.000000,0.935511
cate4-00108,cate4,2,17,6,0.217773,0.413086,0.072266,0.216797,6,6.000000,0.936473
cate4-00108,cate4,2,18,7,0.188477,0.321289,0.076172,0.119141,7,7.000000,0.928047
cate4-00108,cate4,2,21,8,0.541992,0.430664,0.060547,0.248047,8,8.000000,0.909601
cate4-00108,cate4,2,22,9,0.584961,0.426758,0.048828,0.236328,9,9.000000,0.878710
cate4-00108,cate4,2,23,10,0.630859,0.426758,0.070312,0.271484,10,10.000000,0.893423
cate4-00108,cate4,2,24,11,0.659180,0.444336,0.064453,0.244141,11,11.000000,0.878342
cate4-00108,cate4,2,25,12,0.690430,0.468750,0.044922,0.207031,12,12.000000,0.950863
cate4-00108,cate4,2,26,13,0.747070,0.457031,0.072266,0.230469,14,13.000000,0.947659
cate4-00108,cate4,2,27,14,0.807617,0.445312,0.068359,0.226562,14,14.000000,0.933332
cate4-00108,cate4,2,28,15,0.841797,0.375000,0.062500,0.125000,15,15.000000,0.942320
cate4-00108,cate4,2,31,16,0.521484,0.681641,0.042969,0.230469,17,16.000000,0.851072
cate4-00108,cate4,2,32,17,0.549805,0.676758,0.041016,0.232422,17,17.000000,0.888312
cate4-00108,cate4,2,33,18,0.587891,0.692383,0.054688,0.275391,18,18.000000,0.882945
cate4-00108,cate4,2,34,19,0.620117,0.691406,0.052734,0.246094,19,19.000000,0.946466
cate4-00108,cate4,2,35,20,0.652344,0.697266,0.054688,0.210938,20,20.000000,0.864099
cate4-00108,cate4,2,36,21,0.717773,0.710938,0.087891,0.246094,21,21.000000,0.920053
cate4-00108,cate4,2,37,22,0.783203,0.677734,0.085938,0.207031,22,22.000000,0.921470
cate4-00108,cate4,2,38,23,0.837891,0.658203,0.066406,0.121094,23,23.000000,0.931503
cate4-00108,cate4,2,41,24,0.489258,0.668945,0.048828,0.212891,25,24.000000,0.884788
cate4-00108,cate4,2,42,25,0.454102,0.678711,0.044922,0.224609,26,25.000000,0.875911
cate4-00108,cate4,2,43,26,0.418945,0.697266,0.056641,0.289062,26,26.000000,0.915263
cate4-00108,cate4,2,44,27,0.387695,0.693359,0.048828,0.265625,27,27.000000,0.879512
cate4-00108,cate4,2,45,28,0.344727,0.688477,0.060547,0.228516,28,28.000000,0.862155
cate4-00108,cate4,2,46,29,0.282227,0.692383,0.091797,0.244141,29,29.000000,0.948622
cate4-00108,cate4,2,47,30,0.217773,0.649414,0.083984,0.208984,30,30.000000,0.911140
cate4-00108,cate4,2,48,31,0.160156,0.614258,0.066406,0.134766,31,31.000000,0.927279
cate4-00111,cate4,0,11,0,0.477539,0.482422,0.060547,0.222656,1,0.000000,0.912365
cate4-00111,cate4,0,12,1,0.439453,0.472656,0.066406,0.234375,1,1.000000,0.804969
cate4-00111,cate4,0,13,2,0.388672,0.430664,0.062500,0.240234,3,2.000000,0.887890
cate4-00111,cate4,0,14,3,0.345703,0.459961,0.054688,0.244141,4,3.000000,0.886763
cate4-00111,cate4,0,15,4,0.303711,0.448242,0.056641,0.236328,5,4.000000,0.906414
cate4-00111,cate4,0,16,5,0.264648,0.428711,0.083984,0.228516,6,5.000000,0.839258
cate4-00111,cate4,0,17,6,0.233398,0.350586,0.076172,0.173828,6,6.000000,0.947211
cate4-00111,cate4,0,18,7,0.203125,0.265625,0.078125,0.109375,7,7.000000,0.907111
cate4-00111,cate4,0,21,8,0.536133,0.465820,0.048828,0.232422,8,8.000000,0.853427
cate4-00111,cate4,0,22,9,0.577148,0.463867,0.048828,0.236328,9,9.000000,0.925484
cate4-00111,cate4,0,23,10,0.621094,0.432617,0.054688,0.251953,11,10.000000,0.890175
cate4-00111,cate4,0,24,11,0.664062,0.453125,0.058594,0.234375,13,11.000000,0.911197
cate4-00111,cate4,0,25,12,0.702148,0.446289,0.052734,0.208984,13,12.000000,0.898006
cate4-00111,cate4,0,26,13,0.749023,0.424805,0.076172,0.228516,13,13.000000,0.929686
cate4-00111,cate4,0,27,14,0.782227,0.347656,0.072266,0.164062,15,14.000000,0.949651
cate4-00111,cate4,0,28,15,0.804688,0.272461,0.054688,0.087891,15,15.000000,0.905776
cate4-00111,cate4,0,31,16,0.522461,0.698242,0.037109,0.205078,16,16.000000,0.840607
cate4-00111,cate4,0,32,17,0.554688,0.697266,0.046875,0.222656,18,17.000000,0.876373
cate4-00111,cate4,0,33,18,0.590820,0.721680,0.048828,0.251953,18,18.000000,0.844693
cate4-00111,cate4,0,34,19,0.629883,0.692383,0.056641,0.212891,19,19.000000,0.910788
cate4-00111,cate4,0,35,20,0.667969,0.671875,0.066406,0.199219,20,20.000000,0.936563
cate4-00111,cate4,0,36,21,0.727539,0.652344,0.099609,0.226562,21,21.000000,0.950093
cate4-00111,cate4,0,37,22,0.795898,0.604492,0.087891,0.181641,22,22.000000,0.953934
cate4-00111,cate4,0,38,23,0.849609,0.571289,0.066406,0.123047,23,23.000000,0.907839
cate4-00111,cate4,0,41,24,0.491211,0.698242,0.041016,0.197266,24,24.000000,0.797089
cate4-00111,cate4,0,42,25,0.460938,0.703125,0.042969,0.210938,26,25.000000,0.854514
cate4-00111,cate4,0,43,26,0.419922,0.719727,0.046875,0.224609,27,26.000000,0.906493
cate4-00111,cate4,0,44,27,0.377930,0.700195,0.060547,0.208984,27,27.000000,0.923681
cate4-00111,cate4,0,45,28,0.335938,0.685547,0.078125,0.199219,28,28.000000,0.917152
cate4-00111,cate4,0,46,29,0.270508,0.657227,0.103516,0.228516,29,29.000000,0.958842
cate4-00111,cate4,0,47,30,0.208984,0.596680,0.093750,0.173828,30,30.000000,0.937097
cate4-00111,cate4,0,48,31,0.153320,0.576172,0.064453,0.125000,31,31.000000,0.933589
cate4-00112,cate4,2,11,0,0.484375,0.475586,0.046875,0.271484,0,0.000000,0.924902
cate4-00112,cate4,2,12,1,0.443359,0.473633,0.042969,0.255859,1,1.000000,0.859568
cate4-00112,cate4,2,13,2,0.405273,0.463867,0.048828,0.283203,2,2.000000,0.882063
cate4-00112,cate4,2,14,3,0.371094,0.468750,0.046875,0.234375,3,3.000000,0.895142
cate4-00112,cate4,2,15,4,0.338867,0.450195,0.052734,0.244141,4,4.000000,0.855763
cate4-00112,cate4,2,16,5,0.291992,0.451172,0.072266,0.210938,5,5.000000,0.893029
cate4-00112,cate4,2,17,6,0.240234,0.434570,0.074219,0.169922,6,6.000000,0.955870
cate4-00112,cate4,2,18,7,0.215820,0.387695,0.091797,0.154297,7,7.000000,0.905912
cate4-00112,cate4,2,21,8,0.522461,0.482422,0.052734,0.250000,8,8.000000,0.893792
cate4-00112,cate4,2,22,9,0.560547,0.473633,0.046875,0.232422,9,9.000000,0.892710
cate4-00112,cate4,2,23,10,0.601562,0.441406,0.050781,0.304688,10,10.000000,0.916954
cate4-00112,cate4,2,24,11,0.633789,0.466797,0.048828,0.234375,11,11.000000,0.837920
cate4-00112,cate4,2,25,12,0.671875,0.457031,0.058594,0.226562,12,12.000000,0.899248
cate4-00112,cate4,2,26,13,0.718750,0.442383,0.062500,0.212891,13,13.000000,0.915680
cate4-00112,cate4,2,27,14,0.771484,0.436523,0.058594,0.158203,14,14.000000,0.941171
cate4-00112,cate4,2,28,15,0.799805,0.387695,0.080078,0.130859,15,15.000000,0.906102
cate4-00112,cate4,2,31,16,0.531250,0.693359,0.039062,0.136719,16,16.000000,0.831118
cate4-00112,cate4,2,32,17,0.560547,0.688477,0.035156,0.142578,17,17.000000,0.926148
cate4-00112,cate4,2,33,18,0.599609,0.708008,0.050781,0.185547,19,18.000000,0.893706
cate4-00112,cate4,2,34,19,0.637695,0.704102,0.064453,0.197266,20,19.000000,0.883210
cate4-00112,cate4,2,35,20,0.679688,0.693359,0.066406,0.210938,20,20.000000,0.915833
cate4-00112,cate4,2,36,21,0.732422,0.669922,0.113281,0.226562,21,21.000000,0.957444
cate4-00112,cate4,2,37,22,0.788086,0.620117,0.099609,0.201172,22,22.000000,0.955887
cate4-00112,cate4,2,38,23,0.837891,0.580078,0.074219,0.179688,23,23.000000,0.945470
cate4-00112,cate4,2,41,24,0.502930,0.696289,0.037109,0.146484,24,24.000000,0.854845
cate4-00112,cate4,2,42,25,0.476562,0.689453,0.039062,0.128906,25,25.000000,0.853811
cate4-00112,cate4,2,43,26,0.443359,0.703125,0.042969,0.187500,26,26.000000,0.892217
cate4-00112,cate4,2,44,27,0.405273,0.699219,0.041016,0.187500,26,27.000000,0.902546
cate4-00112,cate4,2,45,28,0.361328,0.696289,0.074219,0.224609,28,28.000000,0.931195
cate4-00112,cate4,2,46,29,0.306641,0.676758,0.109375,0.236328,29,29.000000,0.934904
cate4-00112,cate4,2,47,30,0.243164,0.632812,0.091797,0.203125,30,30.000000,0.927411
cate4-00112,cate4,2,48,31,0.192383,0.600586,0.072266,0.189453,31,31.000000,0.960204
cate4-00113,cate4,1,11,0,0.478516,0.419922,0.050781,0.246094,0,0.000000,0.819995
cate4-00113,cate4,1,12,1,0.449219,0.422852,0.039062,0.224609,1,1.000000,0.918385
cate4-00113,cate4,1,13,2,0.406250,0.389648,0.054688,0.294922,2,2.000000,0.836197
cate4-00113,cate4,1,14,3,0.375977,0.398438,0.052734,0.242188,3,3.000000,0.892567
cate4-00113,cate4,1,15,4,0.332031,0.391602,0.050781,0.240234,4,4.000000,0.901196
cate4-00113,cate4,1,16,5,0.279297,0.385742,0.058594,0.224609,5,5.000000,0.890502
cate4-00113,cate4,1,17,6,0.222656,0.366211,0.066406,0.216797,6,6.000000,0.924603
cate4-00113,cate4,1,18,7,0.199219,0.285156,0.074219,0.109375,7,7.000000,0.939385
cate4-00113,cate4,1,21,8,0.531250,0.414062,0.050781,0.250000,8,8.000000,0.840053
cate4-00113,cate4,1,22,9,0.559570,0.416992,0.044922,0.240234,9,9.000000,0.768074
cate4-00113,cate4,1,23,10,0.603516,0.395508,0.050781,0.294922,10,10.000000,0.918010
cate4-00113,cate4,1,24,11,0.637695,0.406250,0.056641,0.238281,11,11.000000,0.866864
cate4-00113,cate4,1,25,12,0.679688,0.392578,0.050781,0.246094,12,12.000000,0.866971
cate4-00113,cate4,1,26,13,0.731445,0.394531,0.064453,0.218750,13,13.000000,0.939836
cate4-00113,cate4,1,27,14,0.784180,0.370117,0.076172,0.189453,14,14.000000,0.914663
cate4-00113,cate4,1,28,15,0.797852,0.275391,0.072266,0.125000,15,15.000000,0.934053
cate4-00113,cate4,1,31,16,0.504883,0.651367,0.033203,0.193359,16,16.000000,0.524445
cate4-00113,cate4,1,32,17,0.533203,0.652344,0.042969,0.195312,17,17.000000,0.860599
cate4-00113,cate4,1,33,18,0.568359,0.676758,0.050781,0.244141,18,18.000000,0.888604
cate4-00113,cate4,1,34,19,0.610352,0.672852,0.044922,0.224609,19,19.000000,0.825884
cate4-00113,cate4,1,35,20,0.653320,0.678711,0.064453,0.248047,20,20.000000,0.917785
cate4-00113,cate4,1,36,21,0.713867,0.648438,0.103516,0.222656,21,21.000000,0.918560
cate4-00113,cate4,1,37,22,0.772461,0.599609,0.095703,0.199219,22,22.000000,0.957342
cate4-00113,cate4,1,38,23,0.822266,0.573242,0.082031,0.126953,23,23.000000,0.917130
cate4-00113,cate4,1,41,24,0.474609,0.655273,0.042969,0.197266,25,25.000000,0.733553
cate4-00113,cate4,1,42,25,0.442383,0.667969,0.044922,0.234375,26,26.000000,0.858171
cate4-00113,cate4,1,43,26,0.405273,0.678711,0.044922,0.236328,27,27.000000,0.829867
cate4-00113,cate4,1,44,27,0.367188,0.673828,0.062500,0.246094,28,28.000000,0.814959
cate4-00113,cate4,1,45,28,0.304688,0.649414,0.101562,0.224609,29,29.000000,0.913946
cate4-00113,cate4,1,47,30,0.243164,0.607422,0.099609,0.210938,30,30.000000,0.914946
cate4-00113,cate4,1,48,31,0.188477,0.583008,0.076172,0.126953,31,31.000000,0.926704
cate4-00114,cate4,4,11,0,0.483398,0.428711,0.048828,0.228516,0,0.000000,0.923260
cate4-00114,cate4,4,12,1,0.458984,0.401367,0.050781,0.224609,1,1.000000,0.613632
cate4-00114,cate4,4,13,2,0.432617,0.386719,0.048828,0.246094,2,2.000000,0.816954
cate4-00114,cate4,4,14,3,0.400391,0.422852,0.058594,0.193359,3,3.000000,0.852478
cate4-00114,cate4,4,15,4,0.359375,0.417969,0.050781,0.210938,4,4.000000,0.850839
cate4-00114,cate4,4,16,5,0.306641,0.408203,0.066406,0.207031,5,5.000000,0.945756
cate4-00114,cate4,4,17,6,0.250000,0.378906,0.066406,0.218750,6,6.000000,0.886399
cate4-00114,cate4,4,18,7,0.224609,0.303711,0.066406,0.130859,7,7.000000,0.946084
cate4-00114,cate4,4,21,8,0.517578,0.431641,0.042969,0.234375,8,8.000000,0.839855
cate4-00114,cate4,4,22,9,0.554688,0.415039,0.046875,0.236328,9,9.000000,0.828313
cate4-00114,cate4,4,23,10,0.589844,0.405273,0.054688,0.244141,10,10.000000,0.864605
cate4-00114,cate4,4,24,11,0.621094,0.423828,0.050781,0.199219,11,11.000000,0.847763
cate4-00114,cate4,4,25,12,0.659180,0.426758,0.052734,0.212891,12,12.000000,0.811921
cate4-00114,cate4,4,26,13,0.712891,0.416016,0.070312,0.210938,13,13.000000,0.907916
cate4-00114,cate4,4,27,14,0.767578,0.381836,0.066406,0.216797,14,14.000000,0.937977
cate4-00114,cate4,4,28,15,0.798828,0.310547,0.066406,0.132812,15,15.000000,0.924194
cate4-00114,cate4,4,31,16,0.519531,0.662109,0.039062,0.179688,16,16.000000,0.851043
cate4-00114,cate4,4,32,17,0.546875,0.653320,0.050781,0.193359,17,17.000000,0.883267
cate4-00114,cate4,4,33,18,0.583008,0.681641,0.052734,0.203125,18,18.000000,0.902987
cate4-00114,cate4,4,34,19,0.623047,0.666016,0.050781,0.183594,19,19.000000,0.919147
cate4-00114,cate4,4,35,20,0.665039,0.665039,0.056641,0.177734,20,20.000000,0.890895
cate4-00114,cate4,4,36,21,0.727539,0.658203,0.099609,0.210938,21,21.000000,0.971275
cate4-00114,cate4,4,37,22,0.795898,0.600586,0.103516,0.185547,22,22.000000,0.944767
cate4-00114,cate4,4,38,23,0.855469,0.572266,0.074219,0.132812,23,23.000000,0.908319
cate4-00114,cate4,4,41,24,0.500977,0.688477,0.044922,0.166016,24,24.000000,0.810344
cate4-00114,cate4,4,42,25,0.474609,0.687500,0.058594,0.187500,25,25.000000,0.782981
cate4-00114,cate4,4,43,26,0.431641,0.695312,0.062500,0.222656,26,26.000000,0.931757
cate4-00114,cate4,4,44,27,0.398438,0.671875,0.058594,0.183594,27,27.000000,0.916324
cate4-00114,cate4,4,45,28,0.346680,0.687500,0.068359,0.210938,28,28.000000,0.911055
cate4-00114,cate4,4,46,29,0.294922,0.660156,0.105469,0.226562,29,29.000000,0.926739
cate4-00114,cate4,4,47,30,0.227539,0.596680,0.107422,0.185547,30,30.000000,0.952045
cate4-00114,cate4,4,48,31,0.169922,0.571289,0.066406,0.146484,31,31.000000,0.938628
cate4-00116,cate4,1,11,0,0.496094,0.389648,0.054688,0.291016,0,0.000000,0.816380
cate4-00116,cate4,1,12,1,0.447266,0.389648,0.050781,0.271484,1,1.000000,0.867846
cate4-00116,cate4,1,13,2,0.406250,0.380859,0.054688,0.273438,2,2.000000,0.868650
cate4-00116,cate4,1,14,3,0.363281,0.399414,0.066406,0.244141,4,3.000000,0.870738
cate4-00116,cate4,1,15,4,0.321289,0.396484,0.064453,0.253906,5,4.000000,0.905698
cate4-00116,cate4,1,16,5,0.270508,0.415039,0.072266,0.205078,6,5.000000,0.828195
cate4-00116,cate4,1,17,6,0.208984,0.400391,0.078125,0.214844,6,6.000000,0.891319
cate4-00116,cate4,1,18,7,0.153320,0.371094,0.068359,0.199219,7,7.000000,0.913423
cate4-00116,cate4,1,21,8,0.543945,0.401367,0.048828,0.267578,8,8.000000,0.872110
cate4-00116,cate4,1,22,9,0.587891,0.400391,0.046875,0.246094,10,9.000000,0.863737
cate4-00116,cate4,1,23,10,0.628906,0.393555,0.046875,0.255859,11,10.000000,0.881086
cate4-00116,cate4,1,24,11,0.666016,0.417969,0.046875,0.214844,12,11.000000,0.887905
cate4-00116,cate4,1,25,12,0.705078,0.411133,0.046875,0.240234,12,12.000000,0.925417
cate4-00116,cate4,1,26,13,0.750977,0.414062,0.068359,0.207031,13,13.000000,0.956415
cate4-00116,cate4,1,27,14,0.816406,0.397461,0.078125,0.212891,14,14.000000,0.942365
cate4-00116,cate4,1,28,15,0.866211,0.368164,0.068359,0.189453,15,15.000000,0.898452
cate4-00116,cate4,1,31,16,0.517578,0.642578,0.050781,0.167969,16,16.000000,0.878546
cate4-00116,cate4,1,32,17,0.550781,0.652344,0.046875,0.195312,17,17.000000,0.892455
cate4-00116,cate4,1,33,18,0.597656,0.690430,0.066406,0.275391,18,18.000000,0.901125
cate4-00116,cate4,1,34,19,0.634766,0.675781,0.054688,0.218750,19,19.000000,0.872204
cate4-00116,cate4,1,35,20,0.682617,0.676758,0.080078,0.240234,20,20.000000,0.894836
cate4-00116,cate4,1,36,21,0.738281,0.663086,0.097656,0.212891,21,21.000000,0.913370
cate4-00116,cate4,1,37,22,0.808594,0.634766,0.097656,0.210938,22,22.000000,0.960689
cate4-00116,cate4,1,38,23,0.862305,0.607422,0.080078,0.195312,23,23.000000,0.911723
cate4-00116,cate4,1,41,24,0.487305,0.647461,0.037109,0.181641,24,24.000000,0.816130
cate4-00116,cate4,1,42,25,0.456055,0.658203,0.044922,0.203125,25,25.000000,0.861978
cate4-00116,cate4,1,43,26,0.416992,0.686523,0.056641,0.267578,26,26.000000,0.895160
cate4-00116,cate4,1,44,27,0.377930,0.682617,0.052734,0.255859,28,27.000000,0.890152
cate4-00116,cate4,1,45,28,0.338867,0.682617,0.068359,0.255859,28,28.000000,0.820216
cate4-00116,cate4,1,46,29,0.274414,0.662109,0.099609,0.234375,29,29.000000,0.889228
cate4-00116,cate4,1,47,30,0.204102,0.636719,0.103516,0.226562,30,30.000000,0.893287
cate4-00116,cate4,1,48,31,0.146484,0.592773,0.089844,0.201172,31,31.000000,0.947270
cate4-00131,cate4,4,11,0,0.494141,0.468750,0.062500,0.203125,0,0.000000,0.921680
cate4-00131,cate4,4,12,1,0.465820,0.457031,0.068359,0.199219,1,1.000000,0.775592
cate4-00131,cate4,4,13,2,0.431641,0.406250,0.070312,0.199219,2,2.000000,0.792804
cate4-00131,cate4,4,14,3,0.402344,0.436523,0.066406,0.212891,3,3.000000,0.917758
cate4-00131,cate4,4,15,4,0.354492,0.424805,0.056641,0.232422,4,4.000000,0.883768
cate4-00131,cate4,4,16,5,0.298828,0.437500,0.074219,0.207031,5,5.000000,0.915956
cate4-00131,cate4,4,17,6,0.239258,0.426758,0.083984,0.177734,6,6.000000,0.904059
cate4-00131,cate4,4,18,7,0.217773,0.325195,0.072266,0.126953,7,7.000000,0.921346
cate4-00131,cate4,4,21,8,0.529297,0.457031,0.050781,0.234375,8,8.000000,0.909187
cate4-00131,cate4,4,22,9,0.568359,0.456055,0.039062,0.224609,9,9.000000,0.857070
cate4-00131,cate4,4,23,10,0.603516,0.426758,0.039062,0.263672,10,10.000000,0.873846
cate4-00131,cate4,4,24,11,0.648438,0.451172,0.042969,0.230469,11,11.000000,0.905287
cate4-00131,cate4,4,25,12,0.684570,0.446289,0.041016,0.220703,12,12.000000,0.824215
cate4-00131,cate4,4,26,13,0.732422,0.439453,0.066406,0.203125,13,13.000000,0.907334
cate4-00131,cate4,4,27,14,0.777344,0.413086,0.078125,0.177734,14,14.000000,0.908145
cate4-00131,cate4,4,28,15,0.793945,0.317383,0.064453,0.107422,15,15.000000,0.951215
cate4-00131,cate4,4,31,16,0.524414,0.680664,0.033203,0.185547,16,16.000000,0.847746
cate4-00131,cate4,4,32,17,0.551758,0.681641,0.033203,0.183594,17,17.000000,0.903043
cate4-00131,cate4,4,33,18,0.594727,0.709961,0.060547,0.232422,18,18.000000,0.829354
cate4-00131,cate4,4,34,19,0.629883,0.695312,0.064453,0.218750,19,19.000000,0.878717
cate4-00131,cate4,4,35,20,0.671875,0.696289,0.062500,0.216797,20,20.000000,0.883871
cate4-00131,cate4,4,36,21,0.733398,0.678711,0.095703,0.224609,21,21.000000,0.941873
cate4-00131,cate4,4,37,22,0.788086,0.630859,0.083984,0.207031,22,22.000000,0.929919
cate4-00131,cate4,4,38,23,0.840820,0.615234,0.072266,0.121094,23,23.000000,0.897576
cate4-00131,cate4,4,41,24,0.493164,0.676758,0.033203,0.177734,24,24.000000,0.869515
cate4-00131,cate4,4,42,25,0.465820,0.677734,0.037109,0.183594,25,25.000000,0.836975
cate4-00131,cate4,4,43,26,0.426758,0.708984,0.060547,0.257812,26,26.000000,0.891712
cate4-00131,cate4,4,44,27,0.381836,0.706055,0.068359,0.236328,28,27.000000,0.891441
cate4-00131,cate4,4,45,28,0.332031,0.690430,0.082031,0.224609,28,28.000000,0.902330
cate4-00131,cate4,4,46,29,0.265625,0.667969,0.121094,0.230469,30,29.000000,0.892244
cate4-00131,cate4,4,47,30,0.209961,0.626953,0.095703,0.210938,30,30.000000,0.944779
cate4-00131,cate4,4,48,31,0.142578,0.598633,0.074219,0.130859,31,31.000000,0.932643
cate5-00001,cate5,0,31,16,0.518555,0.649414,0.025391,0.158203,16,16.000000,0.787861
cate5-00001,cate5,0,32,17,0.544922,0.630859,0.035156,0.160156,17,17.000000,0.911906
cate5-00001,cate5,0,33,18,0.580078,0.666016,0.046875,0.218750,18,18.000000,0.906731
cate5-00001,cate5,0,34,19,0.612305,0.652344,0.048828,0.207031,19,19.000000,0.916332
cate5-00006,cate5,4,31,16,0.523438,0.595703,0.035156,0.164062,16,16.000000,0.776430
cate5-00006,cate5,4,32,17,0.554688,0.595703,0.039062,0.164062,17,17.000000,0.882834
cate5-00006,cate5,4,33,18,0.585938,0.615234,0.050781,0.230469,18,18.000000,0.817235
cate5-00006,cate5,4,34,19,0.625000,0.594727,0.046875,0.201172,19,19.000000,0.900795
cate5-00006,cate5,4,41,24,0.494141,0.602539,0.027344,0.177734,16,24.000000,0.638159
cate5-00006,cate5,4,42,25,0.462891,0.604492,0.031250,0.177734,25,25.000000,0.758675
cate5-00006,cate5,4,43,26,0.426758,0.610352,0.041016,0.197266,26,26.000000,0.927490
cate5-00006,cate5,4,44,27,0.379883,0.624023,0.048828,0.201172,27,27.000000,0.928434
cate5-00007,cate5,4,17,6,0.190430,0.461914,0.056641,0.189453,7,7.000000,0.925481
cate5-00007,cate5,4,27,14,0.752930,0.501953,0.056641,0.187500,14,15.000000,0.780813
cate5-00012,cate5,2,11,0,0.473633,0.446289,0.044922,0.197266,1,0.000000,0.861468
cate5-00012,cate5,2,12,1,0.432617,0.438477,0.029297,0.181641,1,1.000000,0.852136
cate5-00012,cate5,2,13,2,0.393555,0.425781,0.052734,0.253906,2,2.000000,0.930556
cate5-00012,cate5,2,15,4,0.315430,0.448242,0.052734,0.193359,4,4.000000,0.716759
cate5-00012,cate5,2,17,6,0.219727,0.429688,0.041016,0.175781,7,,
cate5-00012,cate5,2,18,7,0.182617,0.424805,0.044922,0.162109,7,,
cate5-00012,cate5,2,21,8,0.519531,0.442383,0.046875,0.197266,8,8.000000,0.784677
cate5-00012,cate5,2,25,12,0.655273,0.422852,0.064453,0.181641,12,,
cate5-00012,cate5,2,27,14,0.732422,0.434570,0.074219,0.224609,13,14.000000,0.572047
cate5-00012,cate5,2,31,16,0.514648,0.643555,0.029297,0.158203,16,16.000000,0.880239
cate5-00012,cate5,2,32,17,0.542969,0.646484,0.035156,0.175781,17,17.000000,0.886488
cate5-00012,cate5,2,33,18,0.580078,0.658203,0.046875,0.214844,18,18.000000,0.905107
cate5-00012,cate5,2,34,19,0.619141,0.646484,0.039062,0.195312,19,19.000000,0.886285
cate5-00012,cate5,2,35,20,0.664062,0.648438,0.058594,0.195312,20,20.000000,0.951132
cate5-00012,cate5,2,41,24,0.485352,0.632812,0.033203,0.140625,24,24.000000,0.868214
cate5-00012,cate5,2,42,25,0.457031,0.640625,0.035156,0.148438,25,25.000000,0.900904
cate5-00012,cate5,2,43,26,0.423828,0.650391,0.035156,0.191406,26,26.000000,0.910066
cate5-00012,cate5,2,44,27,0.381836,0.655273,0.037109,0.177734,27,27.000000,0.950131
cate5-00012,cate5,2,45,28,0.341797,0.655273,0.042969,0.205078,28,28.000000,0.954688
cate5-00012,cate5,2,48,31,0.177734,0.583984,0.089844,0.156250,31,31.000000,0.847190
cate5-00018,cate5,1,11,0,0.485352,0.485352,0.048828,0.177734,0,0.000000,0.911338
cate5-00018,cate5,1,12,1,0.445312,0.481445,0.035156,0.189453,1,1.000000,0.880541
cate5-00018,cate5,1,13,2,0.413086,0.477539,0.037109,0.189453,1,2.000000,0.802894
cate5-00018,cate5,1,14,3,0.374023,0.460938,0.037109,0.187500,3,3.000000,0.909340
cate5-00018,cate5,1,17,6,0.264648,0.422852,0.056641,0.205078,6,6.000000,0.944578
cate5-00018,cate5,1,21,8,0.536133,0.480469,0.041016,0.191406,8,8.000000,0.897435
cate5-00018,cate5,1,22,9,0.575195,0.478516,0.033203,0.191406,9,9.000000,0.847946
cate5-00018,cate5,1,23,10,0.610352,0.463867,0.048828,0.224609,10,10.000000,0.909595
cate5-00018,cate5,1,24,11,0.655273,0.473633,0.037109,0.189453,11,11.000000,0.924754
cate5-00018,cate5,1,25,12,0.688477,0.459961,0.029297,0.177734,12,12.000000,0.854821
cate5-00018,cate5,1,26,13,0.734375,0.448242,0.050781,0.193359,14,13.000000,0.953189
cate5-00018,cate5,1,28,15,0.792969,0.436523,0.054688,0.197266,14,14.000000,0.907200
cate5-00018,cate5,1,31,16,0.521484,0.680664,0.042969,0.162109,17,16.000000,0.788396
cate5-00018,cate5,1,32,17,0.549805,0.680664,0.041016,0.158203,17,17.000000,0.882464
cate5-00018,cate5,1,33,18,0.583008,0.688477,0.044922,0.205078,18,18.000000,0.898489
cate5-00018,cate5,1,38,23,0.798828,0.629883,0.074219,0.150391,22,22.000000,0.953274
cate5-00018,cate5,1,41,24,0.498047,0.678711,0.042969,0.169922,24,24.000000,0.832240
cate5-00018,cate5,1,42,25,0.469727,0.689453,0.037109,0.160156,25,25.000000,0.880075
cate5-00018,cate5,1,43,26,0.439453,0.685547,0.035156,0.199219,26,26.000000,0.902419
cate5-00018,cate5,1,44,27,0.401367,0.672852,0.041016,0.177734,27,27.000000,0.867573
cate5-00018,cate5,1,45,28,0.354492,0.663086,0.056641,0.189453,28,28.000000,0.958498
cate5-00018,cate5,1,46,29,0.305664,0.644531,0.080078,0.191406,29,29.000000,0.899324
cate5-00018,cate5,1,47,30,0.242188,0.614258,0.078125,0.169922,30,30.000000,0.917205
cate5-00019,cate5,1,16,5,0.286133,0.476562,0.080078,0.179688,5,6.000000,0.932178
cate5-00024,cate5,0,11,0,0.484375,0.474609,0.042969,0.214844,0,0.000000,0.858616
cate5-00024,cate5,0,12,1,0.444336,0.487305,0.037109,0.193359,1,1.000000,0.865894
cate5-00024,cate5,0,13,2,0.410156,0.454102,0.042969,0.232422,2,2.000000,0.943700
cate5-00024,cate5,0,14,3,0.375977,0.467773,0.041016,0.162109,3,3.000000,0.719833
cate5-00024,cate5,0,16,5,0.325195,0.463867,0.068359,0.173828,5,5.000000,0.885493
cate5-00024,cate5,0,17,6,0.272461,0.464844,0.060547,0.167969,6,6.000000,0.940790
cate5-00024,cate5,0,18,7,0.213867,0.451172,0.052734,0.164062,6,7.000000,0.941408
cate5-00024,cate5,0,21,8,0.520508,0.480469,0.037109,0.195312,8,8.000000,0.846746
cate5-00024,cate5,0,22,9,0.558594,0.470703,0.039062,0.183594,9,9.000000,0.891163
cate5-00024,cate5,0,23,10,0.595703,0.437500,0.039062,0.246094,10,10.000000,0.856992
cate5-00024,cate5,0,24,11,0.624023,0.474609,0.037109,0.152344,11,11.000000,0.838602
cate5-00024,cate5,0,25,12,0.660156,0.454102,0.035156,0.193359,12,12.000000,0.931119
cate5-00024,cate5,0,26,13,0.698242,0.450195,0.064453,0.169922,13,13.000000,0.936780
cate5-00024,cate5,0,31,16,0.546875,0.672852,0.023438,0.111328,16,16.000000,0.885431
cate5-00024,cate5,0,32,17,0.570312,0.661133,0.035156,0.146484,18,17.000000,0.891065
cate5-00024,cate5,0,33,18,0.603516,0.668945,0.046875,0.173828,19,18.000000,0.830331
cate5-00024,cate5,0,34,19,0.632812,0.666992,0.039062,0.177734,19,19.000000,0.909180
cate5-00024,cate5,0,35,20,0.666016,0.662109,0.058594,0.187500,20,20.000000,0.913417
cate5-00024,cate5,0,36,21,0.714844,0.634766,0.074219,0.199219,22,21.000000,0.910028
cate5-00024,cate5,0,37,22,0.758789,0.576172,0.068359,0.144531,23,22.000000,0.882502
cate5-00024,cate5,0,41,24,0.526367,0.670898,0.029297,0.126953,16,24.000000,0.794358
cate5-00024,cate5,0,42,25,0.503906,0.672852,0.027344,0.158203,24,25.000000,0.806902
cate5-00024,cate5,0,43,26,0.467773,0.681641,0.033203,0.199219,25,26.000000,0.918396
cate5-00024,cate5,0,44,27,0.434570,0.658203,0.037109,0.144531,26,27.000000,0.784933
cate5-00024,cate5,0,45,28,0.394531,0.668945,0.050781,0.173828,27,28.000000,0.837945
cate5-00025,cate5,0,31,16,0.517578,0.660156,0.019531,0.132812,16,16.000000,0.771646
cate5-00025,cate5,0,32,17,0.539062,0.653320,0.027344,0.126953,17,17.000000,0.853243
cate5-00025,cate5,0,33,18,0.566406,0.679688,0.023438,0.191406,17,18.000000,0.851876
cate5-00025,cate5,0,41,24,0.497070,0.661133,0.021484,0.138672,24,24.000000,0.696864
cate5-00025,cate5,0,42,25,0.474609,0.656250,0.023438,0.128906,24,25.000000,0.855406
cate5-00025,cate5,0,43,26,0.449219,0.686523,0.031250,0.185547,25,26.000000,0.712507
cate5-00030,cate5,3,11,0,0.476562,0.464844,0.039062,0.199219,0,0.000000,0.879735
cate5-00030,cate5,3,12,1,0.441406,0.454102,0.031250,0.208984,1,1.000000,0.850807
cate5-00030,cate5,3,13,2,0.410156,0.443359,0.039062,0.230469,2,2.000000,0.908018
cate5-00030,cate5,3,14,3,0.375977,0.459961,0.037109,0.166016,3,3.000000,0.935014
cate5-00030,cate5,3,17,6,0.271484,0.426758,0.054688,0.154297,6,6.000000,0.885580
cate5-00030,cate5,3,18,7,0.219727,0.410156,0.052734,0.152344,6,7.000000,0.902804
cate5-00030,cate5,3,21,8,0.513672,0.458008,0.039062,0.216797,8,8.000000,0.845720
cate5-00030,cate5,3,22,9,0.546875,0.469727,0.031250,0.208984,9,9.000000,0.869461
cate5-00030,cate5,3,23,10,0.581055,0.452148,0.041016,0.228516,10,10.000000,0.903026
cate5-00030,cate5,3,24,11,0.610352,0.460938,0.044922,0.179688,10,11.000000,0.881835
cate5-00030,cate5,3,26,13,0.686523,0.440430,0.056641,0.154297,13,13.000000,0.952078
cate5-00030,cate5,3,27,14,0.737305,0.432617,0.052734,0.166016,13,14.000000,0.862187
cate5-00030,cate5,3,28,15,0.786133,0.403320,0.056641,0.166016,14,15.000000,0.907605
cate5-00030,cate5,3,31,16,0.504883,0.661133,0.013672,0.138672,24,16.000000,0.900651
cate5-00030,cate5,3,32,17,0.531250,0.658203,0.027344,0.136719,16,17.000000,0.871599
cate5-00030,cate5,3,33,18,0.563477,0.664062,0.029297,0.164062,17,18.000000,0.848157
cate5-00030,cate5,3,34,19,0.598633,0.664062,0.044922,0.171875,19,19.000000,0.921586
cate5-00030,cate5,3,35,20,0.634766,0.656250,0.058594,0.183594,20,20.000000,0.903452
cate5-00030,cate5,3,36,21,0.674805,0.628906,0.080078,0.160156,21,21.000000,0.922129
cate5-00030,cate5,3,37,22,0.731445,0.605469,0.076172,0.160156,22,22.000000,0.933415
cate5-00030,cate5,3,38,23,0.785156,0.561523,0.089844,0.134766,23,23.000000,0.925427
cate5-00030,cate5,3,41,24,0.480469,0.659180,0.015625,0.142578,24,24.000000,0.842503
cate5-00030,cate5,3,42,25,0.454102,0.656250,0.033203,0.144531,25,25.000000,0.821949
cate5-00030,cate5,3,43,26,0.428711,0.667969,0.029297,0.175781,25,26.000000,0.894142
cate5-00030,cate5,3,44,27,0.395508,0.665039,0.044922,0.185547,27,27.000000,0.881495
cate5-00030,cate5,3,45,28,0.361328,0.666992,0.046875,0.208984,27,28.000000,0.912564
cate5-00030,cate5,3,46,29,0.305664,0.632812,0.091797,0.191406,29,29.000000,0.938034
cate5-00030,cate5,3,47,30,0.251953,0.606445,0.097656,0.166016,30,30.000000,0.926049
cate5-00030,cate5,3,48,31,0.207031,0.554688,0.078125,0.140625,31,31.000000,0.921342
cate5-00031,cate5,2,11,0,0.437500,0.440430,0.039062,0.193359,1,0.000000,0.830531
cate5-00031,cate5,2,12,1,0.400391,0.452148,0.023438,0.181641,4,1.000000,0.882924
cate5-00031,cate5,2,13,2,0.365234,0.429688,0.042969,0.265625,3,2.000000,0.865186
cate5-00031,cate5,2,14,3,0.331055,0.449219,0.044922,0.203125,4,4.000000,0.717290
cate5-00031,cate5,2,16,5,0.279297,0.447266,0.062500,0.203125,5,,
cate5-00031,cate5,2,21,8,0.480469,0.431641,0.039062,0.238281,0,8.000000,0.725483
cate5-00031,cate5,2,31,16,0.507812,0.668945,0.027344,0.166016,24,17.000000,0.721981
cate5-00031,cate5,2,32,17,0.541016,0.670898,0.035156,0.185547,17,18.000000,0.811641
cate5-00031,cate5,2,33,18,0.571289,0.689453,0.029297,0.230469,18,19.000000,0.857689
cate5-00031,cate5,2,34,19,0.617188,0.689453,0.062500,0.226562,19,20.000000,0.880002
cate5-00031,cate5,2,41,24,0.473633,0.666992,0.029297,0.150391,25,,
cate5-00031,cate5,2,42,25,0.443359,0.697266,0.031250,0.167969,25,25.000000,0.805199
cate5-00031,cate5,2,43,26,0.405273,0.688477,0.029297,0.205078,27,26.000000,0.837772
cate5-00031,cate5,2,44,27,0.374023,0.677734,0.037109,0.210938,27,27.000000,0.847685
cate5-00036,cate5,3,11,0,0.476562,0.392578,0.046875,0.226562,0,0.000000,0.922015
cate5-00036,cate5,3,12,1,0.435547,0.382812,0.042969,0.226562,1,1.000000,0.900149
cate5-00036,cate5,3,13,2,0.395508,0.393555,0.044922,0.248047,3,2.000000,0.912013
cate5-00036,cate5,3,14,3,0.353516,0.377930,0.050781,0.185547,4,3.000000,0.739914
cate5-00036,cate5,3,15,4,0.313477,0.371094,0.052734,0.179688,5,4.000000,0.954505
cate5-00036,cate5,3,16,5,0.262695,0.347656,0.060547,0.195312,6,5.000000,0.759170
cate5-00036,cate5,3,21,8,0.534180,0.395508,0.044922,0.212891,8,8.000000,0.856752
cate5-00036,cate5,3,22,9,0.572266,0.373047,0.035156,0.199219,9,9.000000,0.899215
cate5-00036,cate5,3,23,10,0.608398,0.364258,0.044922,0.228516,10,10.000000,0.890599
cate5-00036,cate5,3,24,11,0.642578,0.369141,0.054688,0.187500,11,11.000000,0.899642
cate5-00036,cate5,3,25,12,0.686523,0.378906,0.041016,0.156250,12,12.000000,0.911658
cate5-00036,cate5,3,26,13,0.732422,0.360352,0.062500,0.162109,13,13.000000,0.958088
cate5-00036,cate5,3,33,18,0.576172,0.582031,0.042969,0.195312,18,18.000000,0.901610
cate5-00036,cate5,3,34,19,0.601562,0.586914,0.042969,0.212891,19,19.000000,0.831029
cate5-00036,cate5,3,35,20,0.642578,0.577148,0.066406,0.185547,19,20.000000,0.855087
cate5-00036,cate5,3,36,21,0.689453,0.553711,0.093750,0.193359,21,21.000000,0.929578
cate5-00036,cate5,3,37,22,0.757812,0.509766,0.101562,0.199219,22,22.000000,0.943386
cate5-00036,cate5,3,45,28,0.347656,0.592773,0.062500,0.201172,28,28.000000,0.728066
cate5-00036,cate5,3,46,29,0.298828,0.549805,0.097656,0.185547,29,29.000000,0.912192
cate5-00036,cate5,3,47,30,0.238281,0.527344,0.113281,0.191406,30,30.000000,0.941049
cate5-00037,cate5,1,11,0,0.481445,0.401367,0.041016,0.232422,0,0.000000,0.914606
cate5-00037,cate5,1,12,1,0.442383,0.410156,0.033203,0.199219,1,1.000000,0.903612
cate5-00037,cate5,1,13,2,0.406250,0.368164,0.039062,0.279297,2,2.000000,0.788155
cate5-00037,cate5,1,14,3,0.373047,0.390625,0.039062,0.214844,3,3.000000,0.930553
cate5-00037,cate5,1,15,4,0.333984,0.383789,0.042969,0.224609,4,4.000000,0.837281
cate5-00037,cate5,1,16,5,0.284180,0.404297,0.052734,0.171875,5,5.000000,0.877965
cate5-00037,cate5,1,17,6,0.236328,0.355469,0.058594,0.210938,6,6.000000,0.897013
cate5-00037,cate5,1,21,8,0.521484,0.398438,0.042969,0.230469,8,8.000000,0.838025
cate5-00037,cate5,1,22,9,0.561523,0.416992,0.037109,0.185547,9,9.000000,0.833351
cate5-00037,cate5,1,23,10,0.601562,0.381836,0.046875,0.244141,10,10.000000,0.929577
cate5-00037,cate5,1,24,11,0.636719,0.408203,0.050781,0.167969,11,11.000000,0.903988
cate5-00037,cate5,1,26,13,0.730469,0.350586,0.066406,0.228516,13,13.000000,0.738002
cate5-00037,cate5,1,27,14,0.785156,0.355469,0.050781,0.191406,14,14.000000,0.889374
cate5-00037,cate5,1,31,16,0.500977,0.606445,0.029297,0.119141,24,16.000000,0.837817
cate5-00037,cate5,1,32,17,0.535156,0.612305,0.035156,0.119141,16,17.000000,0.858859
cate5-00037,cate5,1,33,18,0.570312,0.617188,0.046875,0.171875,17,18.000000,0.859456
cate5-00037,cate5,1,34,19,0.618164,0.629883,0.052734,0.189453,19,19.000000,0.861518
cate5-00037,cate5,1,35,20,0.668945,0.622070,0.060547,0.205078,20,20.000000,0.807407
cate5-00037,cate5,1,36,21,0.735352,0.596680,0.095703,0.181641,22,22.000000,0.923832
cate5-00037,cate5,1,37,22,0.802734,0.553711,0.101562,0.162109,23,23.000000,0.934243
cate5-00037,cate5,1,41,24,0.472656,0.612305,0.031250,0.134766,25,24.000000,0.846669
cate5-00037,cate5,1,42,25,0.442383,0.628906,0.033203,0.167969,26,25.000000,0.830317
cate5-00037,cate5,1,43,26,0.401367,0.641602,0.052734,0.212891,27,26.000000,0.873982
cate5-00037,cate5,1,44,27,0.364258,0.630859,0.052734,0.183594,28,27.000000,0.682110
cate5-00037,cate5,1,47,30,0.213867,0.576172,0.095703,0.183594,30,30.000000,0.959292
cate5-00037,cate5,1,48,31,0.153320,0.563477,0.083984,0.142578,31,31.000000,0.918042
cate5-00042,cate5,1,12,1,0.459961,0.378906,0.029297,0.160156,1,,
cate5-00042,cate5,1,13,2,0.430664,0.377930,0.033203,0.208984,1,2.000000,0.685670
cate5-00042,cate5,1,14,3,0.402344,0.388672,0.035156,0.175781,3,3.000000,0.772090
cate5-00042,cate5,1,16,5,0.273438,0.361328,0.050781,0.132812,7,,
cate5-00042,cate5,1,17,6,0.227539,0.382812,0.044922,0.164062,6,6.000000,0.746779
cate5-00042,cate5,1,22,9,0.569336,0.377930,0.029297,0.130859,9,9.000000,0.702899
cate5-00042,cate5,1,23,10,0.604492,0.366211,0.037109,0.212891,10,10.000000,0.935119
cate5-00042,cate5,1,26,13,0.713867,0.399414,0.048828,0.158203,12,13.000000,0.854867
cate5-00042,cate5,1,27,14,0.771484,0.392578,0.058594,0.183594,14,14.000000,0.898360
cate5-00042,cate5,1,28,15,0.810547,0.375977,0.058594,0.142578,15,15.000000,0.892825
cate5-00042,cate5,1,31,16,0.508789,0.596680,0.033203,0.134766,16,24.000000,0.549524
cate5-00042,cate5,1,32,17,0.562500,0.610352,0.031250,0.146484,17,17.000000,0.858378
cate5-00042,cate5,1,33,18,0.585938,0.636719,0.046875,0.210938,18,18.000000,0.871845
cate5-00042,cate5,1,34,19,0.625000,0.630859,0.035156,0.218750,19,19.000000,0.924059
cate5-00042,cate5,1,35,20,0.658203,0.631836,0.042969,0.212891,20,20.000000,0.931624
cate5-00042,cate5,1,36,21,0.720703,0.608398,0.085938,0.201172,21,21.000000,0.755348
cate5-00042,cate5,1,37,22,0.781250,0.546875,0.093750,0.160156,23,22.000000,0.948699
cate5-00042,cate5,1,41,24,0.481445,0.600586,0.033203,0.158203,24,,
cate5-00042,cate5,1,42,25,0.458984,0.611328,0.027344,0.167969,25,25.000000,0.772187
cate5-00042,cate5,1,43,26,0.428711,0.624023,0.033203,0.201172,26,26.000000,0.865185
cate5-00042,cate5,1,44,27,0.391602,0.624023,0.037109,0.197266,27,27.000000,0.936157
cate5-00042,cate5,1,45,28,0.360352,0.617188,0.052734,0.210938,28,28.000000,0.856784
cate5-00042,cate5,1,46,29,0.302734,0.589844,0.082031,0.207031,29,29.000000,0.943085
cate5-00042,cate5,1,47,30,0.236328,0.549805,0.082031,0.162109,30,30.000000,0.924339
cate5-00043,cate5,1,11,0,0.493164,0.396484,0.021484,0.164062,0,0.000000,0.571774
cate5-00043,cate5,1,12,1,0.458984,0.389648,0.023438,0.154297,1,,
cate5-00043,cate5,1,15,4,0.310547,0.375977,0.019531,0.107422,4,,
cate5-00043,cate5,1,16,5,0.289062,0.365234,0.050781,0.152344,5,,
cate5-00043,cate5,1,17,6,0.234375,0.357422,0.058594,0.183594,6,6.000000,0.861386
cate5-00043,cate5,1,21,8,0.533203,0.404297,0.046875,0.210938,8,8.000000,0.838220
cate5-00043,cate5,1,22,9,0.570312,0.407227,0.031250,0.185547,9,9.000000,0.780356
cate5-00043,cate5,1,31,16,0.521484,0.596680,0.035156,0.146484,16,16.000000,0.861331
cate5-00043,cate5,1,32,17,0.544922,0.596680,0.039062,0.154297,17,17.000000,0.858076
cate5-00043,cate5,1,33,18,0.577148,0.608398,0.044922,0.201172,18,18.000000,0.905364
cate5-00043,cate5,1,34,19,0.611328,0.601562,0.023438,0.148438,19,19.000000,0.630894
cate5-00043,cate5,1,41,24,0.491211,0.591797,0.025391,0.140625,24,24.000000,0.797035
cate5-00043,cate5,1,42,25,0.464844,0.600586,0.031250,0.158203,25,25.000000,0.870934
cate5-00043,cate5,1,43,26,0.432617,0.598633,0.037109,0.177734,26,26.000000,0.874501
cate5-00043,cate5,1,44,27,0.401367,0.583008,0.041016,0.166016,27,27.000000,0.853581
cate5-00048,cate5,1,11,0,0.496094,0.411133,0.042969,0.216797,0,0.000000,0.842999
cate5-00048,cate5,1,12,1,0.461914,0.389648,0.033203,0.232422,1,1.000000,0.865114
cate5-00048,cate5,1,13,2,0.427734,0.384766,0.046875,0.230469,2,2.000000,0.885782
cate5-00048,cate5,1,14,3,0.396484,0.376953,0.039062,0.207031,3,3.000000,0.911523
cate5-00048,cate5,1,16,5,0.338867,0.393555,0.068359,0.162109,5,5.000000,0.912576
cate5-00048,cate5,1,17,6,0.279297,0.403320,0.050781,0.173828,5,5.000000,0.628335
cate5-00048,cate5,1,18,7,0.226562,0.388672,0.062500,0.179688,6,6.000000,0.530449
cate5-00048,cate5,1,21,8,0.535156,0.418945,0.042969,0.205078,8,8.000000,0.879904
cate5-00048,cate5,1,22,9,0.574219,0.405273,0.031250,0.232422,9,9.000000,0.829491
cate5-00048,cate5,1,23,10,0.611328,0.400391,0.042969,0.234375,10,10.000000,0.790022
cate5-00048,cate5,1,26,13,0.698242,0.404297,0.056641,0.167969,13,13.000000,0.893300
cate5-00048,cate5,1,27,14,0.748047,0.424805,0.050781,0.138672,14,14.000000,0.872288
cate5-00048,cate5,1,28,15,0.798828,0.431641,0.046875,0.156250,15,15.000000,0.756783
cate5-00048,cate5,1,31,16,0.517578,0.614258,0.031250,0.154297,16,16.000000,0.862939
cate5-00048,cate5,1,32,17,0.548828,0.609375,0.031250,0.144531,17,17.000000,0.864853
cate5-00048,cate5,1,33,18,0.579102,0.643555,0.037109,0.212891,18,18.000000,0.835545
cate5-00048,cate5,1,34,19,0.618164,0.634766,0.033203,0.191406,19,19.000000,0.670786
cate5-00048,cate5,1,35,20,0.653320,0.609375,0.033203,0.187500,20,20.000000,0.630821
cate5-00048,cate5,1,37,22,0.747070,0.610352,0.091797,0.138672,23,22.000000,0.905502
cate5-00048,cate5,1,41,24,0.486328,0.602539,0.023438,0.138672,24,24.000000,0.764434
cate5-00048,cate5,1,42,25,0.461914,0.607422,0.033203,0.171875,25,25.000000,0.876202
cate5-00048,cate5,1,43,26,0.425781,0.608398,0.035156,0.193359,26,26.000000,0.915508
cate5-00048,cate5,1,44,27,0.390625,0.590820,0.031250,0.169922,27,27.000000,0.888206
cate5-00048,cate5,1,45,28,0.350586,0.599609,0.041016,0.191406,28,28.000000,0.950002
cate5-00049,cate5,3,11,0,0.462891,0.376953,0.050781,0.253906,0,0.000000,0.910723
cate5-00049,cate5,3,12,1,0.417969,0.365234,0.046875,0.234375,2,1.000000,0.878966
cate5-00049,cate5,3,13,2,0.371094,0.349609,0.050781,0.281250,3,2.000000,0.900504
cate5-00049,cate5,3,18,7,0.144531,0.332031,0.089844,0.179688,7,7.000000,0.917842
cate5-00049,cate5,3,21,8,0.512695,0.375000,0.048828,0.250000,8,8.000000,0.857880
cate5-00049,cate5,3,22,9,0.554688,0.375000,0.046875,0.234375,9,9.000000,0.854900
cate5-00049,cate5,3,23,10,0.599609,0.356445,0.050781,0.283203,10,10.000000,0.904888
cate5-00049,cate5,3,27,14,0.719727,0.341797,0.076172,0.210938,13,13.000000,0.937649
cate5-00049,cate5,3,28,15,0.790039,0.331055,0.064453,0.177734,15,14.000000,0.939183
cate5-00049,cate5,3,31,16,0.505859,0.598633,0.046875,0.154297,24,16.000000,0.791151
cate5-00049,cate5,3,32,17,0.542969,0.600586,0.046875,0.169922,17,17.000000,0.789436
cate5-00049,cate5,3,33,18,0.584961,0.610352,0.060547,0.240234,18,18.000000,0.906889
cate5-00049,cate5,3,34,19,0.632812,0.609375,0.062500,0.230469,19,19.000000,0.872446
cate5-00049,cate5,3,35,20,0.678711,0.592773,0.056641,0.220703,20,20.000000,0.829886
cate5-00049,cate5,3,37,22,0.741211,0.560547,0.103516,0.199219,21,21.000000,0.939081
cate5-00049,cate5,3,38,23,0.805664,0.517578,0.111328,0.195312,22,22.000000,0.940901
cate5-00049,cate5,3,41,24,0.470703,0.609375,0.042969,0.183594,25,24.000000,0.852942
cate5-00049,cate5,3,42,25,0.436523,0.617188,0.037109,0.214844,26,,
cate5-00049,cate5,3,43,26,0.386719,0.621094,0.054688,0.250000,27,26.000000,0.793363
cate5-00049,cate5,3,44,27,0.342773,0.631836,0.041016,0.232422,28,27.000000,0.622860
cate5-00049,cate5,3,48,31,0.142578,0.506836,0.105469,0.154297,31,31.000000,0.924751
cate5-00054,cate5,1,15,4,0.313477,0.376953,0.083984,0.207031,5,3.000000,0.525570
cate5-00054,cate5,1,27,14,0.791016,0.384766,0.066406,0.175781,15,14.000000,0.816554
cate5-00054,cate5,1,33,18,0.588867,0.636719,0.048828,0.226562,18,18.000000,0.788751
cate5-00054,cate5,1,34,19,0.631836,0.630859,0.041016,0.218750,19,19.000000,0.834313
cate5-00054,cate5,1,35,20,0.681641,0.613281,0.066406,0.199219,20,20.000000,0.955433
cate5-00054,cate5,1,38,23,0.799805,0.544922,0.099609,0.144531,23,22.000000,0.918188
cate5-00054,cate5,1,43,26,0.421875,0.620117,0.042969,0.208984,26,26.000000,0.789334
cate5-00054,cate5,1,44,27,0.371094,0.626953,0.042969,0.222656,28,27.000000,0.925804
cate5-00054,cate5,1,45,28,0.295898,0.637695,0.087891,0.185547,29,28.000000,0.967840
cate5-00054,cate5,1,47,30,0.193359,0.569336,0.085938,0.166016,31,30.000000,0.922086
cate5-00055,cate5,3,38,23,0.823242,0.627930,0.099609,0.150391,23,23.000000,0.947686
cate5-00060,cate5,0,17,6,0.241211,0.386719,0.056641,0.183594,6,6.000000,0.936084
cate5-00060,cate5,0,27,14,0.718750,0.384766,0.050781,0.191406,13,14.000000,0.950735
cate5-00060,cate5,0,31,16,0.518555,0.631836,0.025391,0.169922,16,16.000000,0.826666
cate5-00060,cate5,0,32,17,0.547852,0.633789,0.029297,0.173828,17,17.000000,0.834007
cate5-00060,cate5,0,33,18,0.575195,0.666016,0.029297,0.234375,18,18.000000,0.879279
cate5-00060,cate5,0,34,19,0.605469,0.662109,0.050781,0.191406,19,19.000000,0.910379
cate5-00060,cate5,0,35,20,0.642578,0.668945,0.039062,0.197266,19,20.000000,0.892160
cate5-00060,cate5,0,37,22,0.717773,0.620117,0.087891,0.154297,22,22.000000,0.916404
cate5-00060,cate5,0,41,24,0.496094,0.636719,0.019531,0.171875,24,24.000000,0.802964
cate5-00060,cate5,0,42,25,0.469727,0.640625,0.037109,0.191406,25,25.000000,0.818917
cate5-00060,cate5,0,43,26,0.441406,0.670898,0.039062,0.236328,26,26.000000,0.693479
cate5-00060,cate5,0,45,28,0.363281,0.655273,0.058594,0.173828,28,28.000000,0.840100
cate5-00060,cate5,0,47,30,0.277344,0.616211,0.113281,0.166016,30,30.000000,0.720743
cate5-00061,cate5,4,15,4,0.332031,0.404297,0.039062,0.187500,4,,
cate5-00061,cate5,4,17,6,0.233398,0.395508,0.048828,0.146484,7,6.000000,0.504532
cate5-00061,cate5,4,21,8,0.523438,0.449219,0.046875,0.207031,8,8.000000,0.931769
cate5-00061,cate5,4,22,9,0.565430,0.428711,0.037109,0.216797,9,9.000000,0.893006
cate5-00061,cate5,4,23,10,0.598633,0.422852,0.037109,0.228516,10,10.000000,0.886020
cate5-00061,cate5,4,24,11,0.634766,0.428711,0.046875,0.224609,11,11.000000,0.883727
cate5-00061,cate5,4,26,13,0.711914,0.430664,0.044922,0.193359,12,14.000000,0.881314
cate5-00061,cate5,4,27,14,0.757812,0.422852,0.050781,0.138672,14,15.000000,0.888242
cate5-00061,cate5,4,31,16,0.497070,0.655273,0.029297,0.189453,24,16.000000,0.891591
cate5-00061,cate5,4,32,17,0.526367,0.672852,0.029297,0.216797,16,17.000000,0.901815
cate5-00061,cate5,4,33,18,0.560547,0.684570,0.042969,0.224609,18,18.000000,0.881148
cate5-00061,cate5,4,34,19,0.594727,0.655273,0.044922,0.208984,19,20.000000,0.509072
cate5-00061,cate5,4,41,24,0.469727,0.651367,0.033203,0.173828,25,24.000000,0.849698
cate5-00061,cate5,4,42,25,0.439453,0.666016,0.031250,0.199219,26,25.000000,0.802308
cate5-00061,cate5,4,43,26,0.408203,0.661133,0.042969,0.220703,27,26.000000,0.928436
cate5-00061,cate5,4,44,27,0.374023,0.634766,0.044922,0.203125,27,27.000000,0.921721
cate5-00061,cate5,4,45,28,0.333984,0.627930,0.046875,0.197266,28,28.000000,0.893697
cate5-00061,cate5,4,47,30,0.211914,0.542969,0.091797,0.152344,31,31.000000,0.794281
cate5-00066,cate5,3,11,0,0.478516,0.405273,0.039062,0.181641,0,0.000000,0.918055
cate5-00066,cate5,3,13,2,0.422852,0.381836,0.052734,0.197266,2,2.000000,0.793335
cate5-00066,cate5,3,16,5,0.333984,0.359375,0.078125,0.175781,5,5.000000,0.761652
cate5-00066,cate5,3,17,6,0.264648,0.359375,0.064453,0.195312,6,6.000000,0.850115
cate5-00066,cate5,3,21,8,0.515625,0.417969,0.046875,0.191406,8,8.000000,0.916348
cate5-00066,cate5,3,22,9,0.547852,0.411133,0.033203,0.173828,8,9.000000,0.831233
cate5-00066,cate5,3,23,10,0.581055,0.383789,0.037109,0.228516,9,10.000000,0.830366
cate5-00066,cate5,3,24,11,0.607422,0.393555,0.039062,0.189453,10,11.000000,0.857872
cate5-00066,cate5,3,27,14,0.725586,0.351562,0.056641,0.187500,13,,
cate5-00066,cate5,3,31,16,0.516602,0.594727,0.025391,0.111328,16,16.000000,0.680206
cate5-00066,cate5,3,32,17,0.541016,0.602539,0.035156,0.130859,16,17.000000,0.857884
cate5-00066,cate5,3,33,18,0.568359,0.604492,0.050781,0.181641,17,18.000000,0.915375
cate5-00066,cate5,3,38,23,0.762695,0.503906,0.103516,0.117188,23,23.000000,0.857503
cate5-00066,cate5,3,41,24,0.492188,0.578125,0.023438,0.101562,24,,
cate5-00066,cate5,3,42,25,0.471680,0.581055,0.021484,0.123047,25,,
cate5-00066,cate5,3,43,26,0.442383,0.592773,0.037109,0.173828,25,27.000000,0.897585
cate5-00066,cate5,3,44,27,0.405273,0.588867,0.041016,0.169922,27,28.000000,0.882791
cate5-00067,cate5,0,11,0,0.479492,0.431641,0.044922,0.234375,0,0.000000,0.929931
cate5-00067,cate5,0,12,1,0.442383,0.435547,0.041016,0.226562,1,1.000000,0.897413
cate5-00067,cate5,0,13,2,0.405273,0.428711,0.048828,0.248047,2,2.000000,0.897240
cate5-00067,cate5,0,15,4,0.333984,0.431641,0.039062,0.226562,4,4.000000,0.762080
cate5-00067,cate5,0,18,7,0.207031,0.412109,0.066406,0.195312,6,6.000000,0.843789
cate5-00067,cate5,0,21,8,0.535156,0.437500,0.050781,0.210938,8,8.000000,0.917478
cate5-00067,cate5,0,22,9,0.572266,0.436523,0.035156,0.220703,9,9.000000,0.885985
cate5-00067,cate5,0,23,10,0.609375,0.433594,0.042969,0.261719,10,10.000000,0.867096
cate5-00067,cate5,0,24,11,0.645508,0.441406,0.037109,0.210938,11,11.000000,0.886658
cate5-00067,cate5,0,28,15,0.789062,0.408203,0.070312,0.199219,14,14.000000,0.943835
cate5-00067,cate5,0,31,16,0.513672,0.671875,0.019531,0.195312,16,16.000000,0.868989
cate5-00067,cate5,0,32,17,0.541016,0.669922,0.035156,0.207031,17,17.000000,0.878287
cate5-00067,cate5,0,33,18,0.572266,0.683594,0.035156,0.257812,18,18.000000,0.873542
cate5-00067,cate5,0,34,19,0.605469,0.674805,0.042969,0.228516,19,19.000000,0.838620
cate5-00067,cate5,0,35,20,0.643555,0.676758,0.044922,0.220703,19,20.000000,0.906753
cate5-00067,cate5,0,37,22,0.801758,0.631836,0.107422,0.189453,22,23.000000,0.943794
cate5-00067,cate5,0,41,24,0.487305,0.680664,0.033203,0.189453,24,24.000000,0.881219
cate5-00067,cate5,0,42,25,0.465820,0.682617,0.029297,0.232422,25,25.000000,0.760729
cate5-00067,cate5,0,43,26,0.432617,0.685547,0.037109,0.230469,26,26.000000,0.924065
cate5-00067,cate5,0,44,27,0.393555,0.690430,0.041016,0.228516,27,27.000000,0.898313
cate5-00067,cate5,0,45,28,0.353516,0.691406,0.039062,0.210938,28,28.000000,0.905220
cate5-00067,cate5,0,47,30,0.197266,0.641602,0.121094,0.197266,30,30.000000,0.839512
cate5-00072,cate5,0,11,0,0.458008,0.430664,0.056641,0.185547,1,0.000000,0.901968
cate5-00072,cate5,0,12,1,0.413086,0.420898,0.033203,0.205078,2,1.000000,0.934498
cate5-00072,cate5,0,13,2,0.377930,0.413086,0.048828,0.244141,3,2.000000,0.852004
cate5-00072,cate5,0,14,3,0.343750,0.449219,0.035156,0.160156,3,4.000000,0.609384
cate5-00072,cate5,0,21,8,0.508789,0.429688,0.052734,0.199219,0,8.000000,0.889498
cate5-00072,cate5,0,22,9,0.545898,0.420898,0.029297,0.154297,9,9.000000,0.897131
cate5-00072,cate5,0,23,10,0.583984,0.408203,0.042969,0.246094,9,10.000000,0.910791
cate5-00072,cate5,0,24,11,0.620117,0.441406,0.041016,0.164062,11,11.000000,0.524432
cate5-00072,cate5,0,25,12,0.661133,0.435547,0.048828,0.152344,11,13.000000,0.918618
cate5-00072,cate5,0,26,13,0.708008,0.423828,0.052734,0.171875,13,14.000000,0.868249
cate5-00072,cate5,0,31,16,0.497070,0.622070,0.029297,0.181641,24,16.000000,0.828624
cate5-00072,cate5,0,32,17,0.526367,0.625000,0.029297,0.171875,16,17.000000,0.875084
cate5-00072,cate5,0,33,18,0.556641,0.645508,0.035156,0.220703,17,18.000000,0.828309
cate5-00072,cate5,0,34,19,0.590820,0.620117,0.052734,0.173828,19,19.000000,0.915241
cate5-00072,cate5,0,41,24,0.469727,0.614258,0.025391,0.173828,24,24.000000,0.872779
cate5-00072,cate5,0,42,25,0.440430,0.632812,0.037109,0.171875,26,25.000000,0.881100
cate5-00072,cate5,0,43,26,0.414062,0.632812,0.042969,0.187500,26,26.000000,0.894844
cate5-00072,cate5,0,44,27,0.382812,0.636719,0.054688,0.199219,27,27.000000,0.860048
cate5-00072,cate5,0,47,30,0.230469,0.546875,0.097656,0.164062,30,30.000000,0.930179
cate5-00073,cate5,4,11,0,0.505859,0.427734,0.050781,0.179688,8,0.000000,0.872357
cate5-00073,cate5,4,12,1,0.466797,0.420898,0.039062,0.185547,1,1.000000,0.787477
cate5-00073,cate5,4,13,2,0.430664,0.387695,0.048828,0.263672,2,2.000000,0.791965
cate5-00073,cate5,4,15,4,0.375000,0.437500,0.046875,0.167969,3,3.000000,0.793365
cate5-00073,cate5,4,16,5,0.330078,0.459961,0.062500,0.154297,5,5.000000,0.838221
cate5-00073,cate5,4,17,6,0.265625,0.451172,0.066406,0.175781,6,6.000000,0.887814
cate5-00073,cate5,4,21,8,0.551758,0.428711,0.048828,0.201172,8,8.000000,0.874877
cate5-00073,cate5,4,22,9,0.588867,0.442383,0.029297,0.181641,9,9.000000,0.777655
cate5-00073,cate5,4,23,10,0.624023,0.452148,0.048828,0.169922,11,10.000000,0.765591
cate5-00073,cate5,4,33,18,0.581055,0.637695,0.044922,0.193359,18,18.000000,0.815643
cate5-00073,cate5,4,34,19,0.617188,0.633789,0.039062,0.166016,20,19.000000,0.919324
cate5-00073,cate5,4,35,20,0.650391,0.634766,0.031250,0.187500,20,20.000000,0.873228
cate5-00073,cate5,4,36,21,0.696289,0.642578,0.064453,0.199219,20,21.000000,0.937320
cate5-00073,cate5,4,37,22,0.756836,0.637695,0.064453,0.177734,22,22.000000,0.913472
cate5-00073,cate5,4,41,24,0.481445,0.619141,0.033203,0.152344,24,24.000000,0.503041
cate5-00073,cate5,4,42,25,0.445312,0.646484,0.039062,0.210938,26,26.000000,0.917028
cate5-00073,cate5,4,43,26,0.404297,0.625977,0.039062,0.162109,27,27.000000,0.954518
cate5-00073,cate5,4,44,27,0.370117,0.650391,0.048828,0.164062,27,28.000000,0.810260
cate5-00073,cate5,4,46,29,0.255859,0.644531,0.093750,0.191406,30,30.000000,0.914964
cate5-00078,cate5,4,31,16,0.522461,0.617188,0.021484,0.136719,16,16.000000,0.889026
cate5-00078,cate5,4,32,17,0.551758,0.621094,0.029297,0.152344,17,17.000000,0.911060
cate5-00078,cate5,4,33,18,0.596680,0.625977,0.037109,0.185547,18,18.000000,0.882548
cate5-00078,cate5,4,34,19,0.625977,0.625977,0.033203,0.185547,19,19.000000,0.843551
cate5-00078,cate5,4,35,20,0.660156,0.625000,0.035156,0.214844,20,20.000000,0.872806
cate5-00078,cate5,4,38,23,0.790039,0.584961,0.107422,0.173828,22,22.000000,0.559293
cate5-00078,cate5,4,41,24,0.488281,0.628906,0.031250,0.156250,24,24.000000,0.872608
cate5-00078,cate5,4,42,25,0.461914,0.628906,0.029297,0.167969,25,25.000000,0.828313
cate5-00078,cate5,4,43,26,0.428711,0.628906,0.029297,0.183594,26,26.000000,0.930371
cate5-00078,cate5,4,44,27,0.394531,0.636719,0.035156,0.179688,27,27.000000,0.931551
cate5-00078,cate5,4,45,28,0.357422,0.636719,0.046875,0.203125,28,28.000000,0.911479
cate5-00078,cate5,4,47,30,0.223633,0.587891,0.126953,0.148438,31,30.000000,0.881375
cate5-00079,cate5,3,11,0,0.483398,0.479492,0.041016,0.173828,0,0.000000,0.961399
cate5-00079,cate5,3,12,1,0.450195,0.457031,0.033203,0.195312,1,1.000000,0.951240
cate5-00079,cate5,3,13,2,0.414062,0.432617,0.042969,0.251953,2,2.000000,0.900488
cate5-00079,cate5,3,14,3,0.385742,0.463867,0.033203,0.154297,3,3.000000,0.872374
cate5-00079,cate5,3,15,4,0.355469,0.442383,0.042969,0.201172,4,4.000000,0.859324
cate5-00079,cate5,3,16,5,0.305664,0.454102,0.056641,0.173828,5,5.000000,0.794609
cate5-00079,cate5,3,17,6,0.256836,0.449219,0.056641,0.167969,5,6.000000,0.863532
cate5-00079,cate5,3,21,8,0.526367,0.457031,0.041016,0.210938,8,8.000000,0.870944
cate5-00079,cate5,3,22,9,0.565430,0.473633,0.041016,0.177734,9,9.000000,0.883311
cate5-00079,cate5,3,23,10,0.597656,0.431641,0.039062,0.238281,10,10.000000,0.905900
cate5-00079,cate5,3,26,13,0.685547,0.427734,0.062500,0.109375,12,13.000000,0.825696
cate5-00079,cate5,3,31,16,0.501953,0.673828,0.023438,0.152344,24,16.000000,0.918462
cate5-00079,cate5,3,32,17,0.533203,0.671875,0.031250,0.187500,16,17.000000,0.869826
cate5-00079,cate5,3,33,18,0.566406,0.683594,0.042969,0.191406,18,18.000000,0.885303
cate5-00079,cate5,3,34,19,0.602539,0.682617,0.041016,0.181641,19,19.000000,0.888422
cate5-00079,cate5,3,35,20,0.646484,0.688477,0.050781,0.185547,20,20.000000,0.865823
cate5-00079,cate5,3,41,24,0.477539,0.666992,0.025391,0.158203,24,24.000000,0.898866
cate5-00079,cate5,3,42,25,0.450195,0.678711,0.033203,0.181641,25,25.000000,0.815824
cate5-00079,cate5,3,43,26,0.419922,0.695312,0.042969,0.207031,26,26.000000,0.916173
cate5-00079,cate5,3,44,27,0.386719,0.682617,0.042969,0.177734,27,27.000000,0.912529
cate5-00079,cate5,3,45,28,0.346680,0.674805,0.044922,0.162109,28,28.000000,0.911704
cate5-00084,cate5,0,15,4,0.333008,0.431641,0.048828,0.207031,4,4.000000,0.954206
cate5-00084,cate5,0,16,5,0.281250,0.432617,0.054688,0.177734,5,,
cate5-00084,cate5,0,17,6,0.224609,0.398438,0.050781,0.160156,7,7.000000,0.602353
cate5-00084,cate5,0,25,12,0.660156,0.446289,0.042969,0.220703,12,12.000000,0.941661
cate5-00084,cate5,0,26,13,0.707031,0.449219,0.062500,0.199219,13,13.000000,0.906915
cate5-00084,cate5,0,27,14,0.761719,0.415039,0.050781,0.189453,14,14.000000,0.745154
cate5-00084,cate5,0,31,16,0.506836,0.629883,0.025391,0.158203,24,16.000000,0.857844
cate5-00084,cate5,0,32,17,0.535156,0.634766,0.035156,0.175781,17,17.000000,0.917880
cate5-00084,cate5,0,33,18,0.570312,0.642578,0.027344,0.187500,17,18.000000,0.864888
cate5-00084,cate5,0,34,19,0.602539,0.649414,0.041016,0.224609,19,19.000000,0.888578
cate5-00084,cate5,0,35,20,0.643555,0.647461,0.044922,0.177734,20,20.000000,0.829962
cate5-00084,cate5,0,38,23,0.776367,0.601562,0.103516,0.148438,23,23.000000,0.832597
cate5-00084,cate5,0,41,24,0.477539,0.619141,0.029297,0.156250,24,24.000000,0.886475
cate5-00084,cate5,0,42,25,0.451172,0.623047,0.027344,0.160156,26,25.000000,0.861275
cate5-00084,cate5,0,43,26,0.416992,0.642578,0.037109,0.218750,26,26.000000,0.850438
cate5-00084,cate5,0,44,27,0.383789,0.641602,0.041016,0.212891,27,27.000000,0.888053
cate5-00084,cate5,0,45,28,0.340820,0.643555,0.052734,0.201172,28,28.000000,0.904130
cate5-00085,cate5,2,13,2,0.412109,0.448242,0.031250,0.228516,2,2.000000,0.871028
cate5-00085,cate5,2,14,3,0.380859,0.483398,0.039062,0.146484,3,3.000000,0.916833
cate5-00085,cate5,2,15,4,0.351562,0.495117,0.042969,0.181641,4,4.000000,0.905224
cate5-00085,cate5,2,16,5,0.312500,0.493164,0.050781,0.185547,4,5.000000,0.910779
cate5-00085,cate5,2,17,6,0.260742,0.468750,0.056641,0.191406,6,6.000000,0.958264
cate5-00085,cate5,2,23,10,0.601562,0.446289,0.031250,0.220703,10,10.000000,0.855354
cate5-00085,cate5,2,24,11,0.642578,0.480469,0.031250,0.148438,12,11.000000,0.689477
cate5-00085,cate5,2,25,12,0.684570,0.487305,0.044922,0.197266,12,12.000000,0.801516
cate5-00085,cate5,2,27,14,0.771484,0.459961,0.046875,0.162109,14,14.000000,0.911433
cate5-00085,cate5,2,33,18,0.586914,0.684570,0.029297,0.185547,18,18.000000,0.806503
cate5-00085,cate5,2,34,19,0.623047,0.688477,0.050781,0.189453,19,,
cate5-00085,cate5,2,37,22,0.735352,0.630859,0.080078,0.156250,22,22.000000,0.916666
cate5-00085,cate5,2,38,23,0.792969,0.598633,0.078125,0.138672,23,23.000000,0.903670
cate5-00085,cate5,2,42,25,0.483398,0.653320,0.029297,0.142578,24,25.000000,0.800044
cate5-00085,cate5,2,43,26,0.454102,0.665039,0.033203,0.181641,25,26.000000,0.865013
cate5-00085,cate5,2,44,27,0.417969,0.684570,0.050781,0.193359,26,27.000000,0.890293
cate5-00085,cate5,2,45,28,0.367188,0.669922,0.062500,0.156250,28,28.000000,0.599027
cate5-00085,cate5,2,47,30,0.270508,0.660156,0.091797,0.148438,30,30.000000,0.811947
cate5-00085,cate5,2,48,31,0.208008,0.609375,0.115234,0.152344,30,31.000000,0.949450
cate5-00090,cate5,3,11,0,0.459961,0.450195,0.041016,0.212891,1,1.000000,0.845208
cate5-00090,cate5,3,13,2,0.416016,0.431641,0.054688,0.265625,2,2.000000,0.901149
cate5-00090,cate5,3,14,3,0.349609,0.471680,0.054688,0.173828,4,,
cate5-00090,cate5,3,21,8,0.500977,0.440430,0.041016,0.212891,0,0.000000,0.894447
cate5-00090,cate5,3,22,9,0.545898,0.457031,0.041016,0.199219,8,8.000000,0.867325
cate5-00090,cate5,3,23,10,0.584961,0.434570,0.033203,0.228516,9,9.000000,0.852947
cate5-00090,cate5,3,24,11,0.625000,0.422852,0.039062,0.275391,10,10.000000,0.903566
cate5-00090,cate5,3,25,12,0.663086,0.434570,0.044922,0.212891,12,11.000000,0.825492
cate5-00090,cate5,3,31,16,0.519531,0.668945,0.027344,0.181641,16,16.000000,0.853712
cate5-00090,cate5,3,32,17,0.549805,0.679688,0.025391,0.199219,17,17.000000,0.872689
cate5-00090,cate5,3,33,18,0.586914,0.699219,0.037109,0.253906,18,18.000000,0.927214
cate5-00090,cate5,3,34,19,0.626953,0.696289,0.050781,0.244141,19,19.000000,0.911743
cate5-00090,cate5,3,41,24,0.494141,0.675781,0.031250,0.183594,24,24.000000,0.861614
cate5-00090,cate5,3,42,25,0.463867,0.696289,0.041016,0.205078,25,25.000000,0.794496
cate5-00090,cate5,3,43,26,0.433594,0.710938,0.050781,0.226562,26,26.000000,0.855394
cate5-00090,cate5,3,44,27,0.386719,0.717773,0.054688,0.220703,27,27.000000,0.808354
cate5-00090,cate5,3,46,29,0.262695,0.679688,0.115234,0.199219,30,30.000000,0.884850
cate5-00091,cate5,2,38,23,0.827148,0.656250,0.083984,0.148438,23,23.000000,0.941476
cate5-00096,cate5,1,12,1,0.448242,0.427734,0.041016,0.191406,1,1.000000,0.769304
cate5-00096,cate5,1,13,2,0.416992,0.418945,0.041016,0.189453,1,2.000000,0.794050
cate5-00096,cate5,1,15,4,0.374023,0.405273,0.044922,0.169922,3,,
cate5-00096,cate5,1,16,5,0.324219,0.416992,0.058594,0.177734,5,5.000000,0.853961
cate5-00096,cate5,1,17,6,0.276367,0.406250,0.048828,0.191406,5,6.000000,0.919205
cate5-00096,cate5,1,18,7,0.228516,0.396484,0.050781,0.171875,6,7.000000,0.935500
cate5-00096,cate5,1,21,8,0.528320,0.426758,0.041016,0.208984,8,8.000000,0.700321
cate5-00096,cate5,1,22,9,0.561523,0.424805,0.037109,0.193359,9,9.000000,0.772138
cate5-00096,cate5,1,23,10,0.591797,0.408203,0.042969,0.199219,10,10.000000,0.689853
cate5-00096,cate5,1,26,13,0.683594,0.397461,0.050781,0.181641,12,13.000000,0.724344
cate5-00096,cate5,1,27,14,0.730469,0.393555,0.054688,0.193359,13,14.000000,0.890921
cate5-00096,cate5,1,28,15,0.774414,0.382812,0.048828,0.140625,15,15.000000,0.898783
cate5-00096,cate5,1,31,16,0.529297,0.632812,0.027344,0.156250,16,16.000000,0.876043
cate5-00096,cate5,1,32,17,0.555664,0.634766,0.029297,0.167969,17,17.000000,0.862732
cate5-00096,cate5,1,33,18,0.582031,0.629883,0.031250,0.169922,19,18.000000,0.818681
cate5-00096,cate5,1,34,19,0.611328,0.639648,0.035156,0.205078,19,19.000000,0.890949
cate5-00096,cate5,1,35,20,0.640625,0.615234,0.039062,0.167969,19,20.000000,0.895074
cate5-00096,cate5,1,36,21,0.696289,0.627930,0.076172,0.205078,21,21.000000,0.890074
cate5-00096,cate5,1,38,23,0.778320,0.572266,0.103516,0.152344,23,22.000000,0.826867
cate5-00096,cate5,1,41,24,0.509766,0.631836,0.023438,0.146484,16,24.000000,0.763210
cate5-00096,cate5,1,42,25,0.488281,0.632812,0.027344,0.167969,24,25.000000,0.770008
cate5-00096,cate5,1,43,26,0.461914,0.648438,0.025391,0.171875,25,26.000000,0.777681
cate5-00096,cate5,1,44,27,0.428711,0.666016,0.041016,0.207031,26,27.000000,0.939157
cate5-00096,cate5,1,45,28,0.397461,0.652344,0.052734,0.183594,27,28.000000,0.885434
cate5-00096,cate5,1,46,29,0.336914,0.658203,0.099609,0.214844,28,29.000000,0.963806
cate5-00096,cate5,1,48,31,0.247070,0.592773,0.107422,0.162109,30,30.000000,0.913440
cate5-00097,cate5,2,13,2,0.413086,0.419922,0.044922,0.234375,2,,
cate5-00097,cate5,2,23,10,0.622070,0.459961,0.041016,0.216797,10,,
cate5-00097,cate5,2,26,13,0.746094,0.494141,0.066406,0.167969,14,14.000000,0.555714
cate5-00097,cate5,2,31,16,0.526367,0.647461,0.021484,0.150391,16,16.000000,0.836300
cate5-00097,cate5,2,32,17,0.552734,0.657227,0.027344,0.169922,17,17.000000,0.862224
cate5-00097,cate5,2,33,18,0.586914,0.668945,0.033203,0.166016,18,18.000000,0.774208
cate5-00097,cate5,2,38,23,0.786133,0.645508,0.107422,0.119141,23,23.000000,0.934989
cate5-00097,cate5,2,41,24,0.500977,0.642578,0.025391,0.136719,24,24.000000,0.812054
cate5-00097,cate5,2,42,25,0.469727,0.652344,0.037109,0.179688,25,25.000000,0.867189
cate5-00097,cate5,2,43,26,0.445312,0.656250,0.035156,0.167969,25,26.000000,0.882518
cate5-00097,cate5,2,44,27,0.403320,0.676758,0.041016,0.189453,27,27.000000,0.919539
cate5-00097,cate5,2,48,31,0.250000,0.630859,0.093750,0.132812,30,30.000000,0.869412
cate5-00102,cate5,4,31,16,0.480469,0.535156,0.023438,0.140625,24,16.000000,0.826194
cate5-00102,cate5,4,32,17,0.505859,0.548828,0.027344,0.179688,0,17.000000,0.897608
cate5-00102,cate5,4,33,18,0.536133,0.579102,0.037109,0.216797,17,18.000000,0.859049
cate5-00102,cate5,4,34,19,0.569336,0.583008,0.041016,0.197266,18,19.000000,0.854694
cate5-00102,cate5,4,35,20,0.608398,0.590820,0.041016,0.212891,18,20.000000,0.845449
cate5-00102,cate5,4,37,22,0.770508,0.587891,0.142578,0.203125,22,22.000000,0.947570
cate5-00102,cate5,4,41,24,0.453125,0.536133,0.031250,0.173828,1,24.000000,0.834526
cate5-00102,cate5,4,42,25,0.426758,0.541992,0.033203,0.193359,1,25.000000,0.813397
cate5-00102,cate5,4,43,26,0.393555,0.543945,0.033203,0.212891,2,26.000000,0.939566
cate5-00102,cate5,4,44,27,0.359375,0.547852,0.039062,0.208984,4,27.000000,0.931632
cate5-00102,cate5,4,45,28,0.320312,0.545898,0.046875,0.197266,4,28.000000,0.762729
cate5-00102,cate5,4,47,30,0.203125,0.520508,0.117188,0.193359,30,30.000000,0.949133
cate5-00103,cate5,2,11,0,0.472656,0.371094,0.042969,0.207031,0,0.000000,0.911586
cate5-00103,cate5,2,12,1,0.432617,0.353516,0.037109,0.218750,1,1.000000,0.792111
cate5-00103,cate5,2,13,2,0.391602,0.333984,0.048828,0.261719,2,2.000000,0.779716
cate5-00103,cate5,2,17,6,0.245117,0.344727,0.072266,0.197266,6,5.000000,0.763962
cate5-00103,cate5,2,18,7,0.177734,0.326172,0.062500,0.195312,7,7.000000,0.680345
cate5-00103,cate5,2,21,8,0.516602,0.371094,0.048828,0.199219,8,8.000000,0.919958
cate5-00103,cate5,2,22,9,0.555664,0.343750,0.037109,0.199219,9,9.000000,0.884883
cate5-00103,cate5,2,23,10,0.591797,0.312500,0.042969,0.273438,10,10.000000,0.893319
cate5-00103,cate5,2,24,11,0.627930,0.350586,0.048828,0.197266,11,11.000000,0.935456
cate5-00103,cate5,2,25,12,0.665039,0.329102,0.037109,0.201172,12,12.000000,0.887349
cate5-00103,cate5,2,26,13,0.706055,0.339844,0.052734,0.183594,13,13.000000,0.919347
cate5-00103,cate5,2,27,14,0.753906,0.302734,0.054688,0.167969,14,14.000000,0.798886
cate5-00103,cate5,2,28,15,0.798828,0.294922,0.058594,0.121094,15,15.000000,0.729539
cate5-00103,cate5,2,31,16,0.514648,0.583984,0.029297,0.152344,16,16.000000,0.850539
cate5-00103,cate5,2,32,17,0.541016,0.586914,0.031250,0.185547,17,17.000000,0.872896
cate5-00103,cate5,2,33,18,0.572266,0.609375,0.035156,0.195312,18,18.000000,0.889576
cate5-00103,cate5,2,35,20,0.643555,0.574219,0.025391,0.183594,20,,
cate5-00103,cate5,2,38,23,0.770508,0.459961,0.115234,0.150391,22,22.000000,0.703427
cate5-00103,cate5,2,41,24,0.485352,0.579102,0.033203,0.158203,24,24.000000,0.850908
cate5-00103,cate5,2,42,25,0.462891,0.577148,0.031250,0.166016,25,25.000000,0.752770
cate5-00103,cate5,2,43,26,0.430664,0.564453,0.037109,0.183594,26,26.000000,0.885988
cate5-00103,cate5,2,44,27,0.396484,0.574219,0.046875,0.203125,26,27.000000,0.904737
cate5-00103,cate5,2,45,28,0.355469,0.572266,0.054688,0.222656,28,28.000000,0.940317
cate5-00108,cate5,2,31,16,0.506836,0.658203,0.025391,0.191406,24,16.000000,0.837358
cate5-00108,cate5,2,32,17,0.536133,0.670898,0.037109,0.212891,17,17.000000,0.916203
cate5-00108,cate5,2,33,18,0.568359,0.693359,0.042969,0.261719,18,18.000000,0.862815
cate5-00108,cate5,2,34,19,0.605469,0.686523,0.042969,0.201172,18,19.000000,0.803730
cate5-00108,cate5,2,37,22,0.745117,0.642578,0.091797,0.156250,22,22.000000,0.911522
cate5-00108,cate5,2,41,24,0.482422,0.660156,0.031250,0.210938,24,24.000000,0.816144
cate5-00108,cate5,2,42,25,0.452148,0.667969,0.033203,0.218750,25,25.000000,0.876594
cate5-00108,cate5,2,43,26,0.416016,0.687500,0.042969,0.273438,26,26.000000,0.828508
cate5-00108,cate5,2,44,27,0.377930,0.691406,0.044922,0.250000,27,27.000000,0.680421
cate5-00108,cate5,2,47,30,0.237305,0.664062,0.103516,0.167969,30,30.000000,0.937984
cate5-00109,cate5,0,31,16,0.535156,0.682617,0.023438,0.158203,17,16.000000,0.816888
cate5-00109,cate5,0,32,17,0.559570,0.684570,0.029297,0.154297,17,17.000000,0.880390
cate5-00109,cate5,0,33,18,0.589844,0.708984,0.042969,0.195312,18,18.000000,0.900580
cate5-00109,cate5,0,34,19,0.622070,0.718750,0.029297,0.187500,19,19.000000,0.766548
cate5-00109,cate5,0,41,24,0.508789,0.681641,0.025391,0.144531,16,24.000000,0.821638
cate5-00109,cate5,0,42,25,0.485352,0.675781,0.033203,0.171875,24,25.000000,0.813392
cate5-00109,cate5,0,43,26,0.453125,0.689453,0.039062,0.183594,26,26.000000,0.892713
cate5-00115,cate5,4,16,5,0.334961,0.543945,0.052734,0.169922,4,5.000000,0.800631
cate5-00115,cate5,4,17,6,0.288086,0.528320,0.044922,0.177734,6,6.000000,0.861854
cate5-00115,cate5,4,18,7,0.245117,0.528320,0.052734,0.177734,6,6.000000,0.957456
cate5-00115,cate5,4,26,13,0.715820,0.535156,0.048828,0.191406,12,13.000000,0.730588
cate5-00115,cate5,4,27,14,0.757812,0.525391,0.046875,0.179688,14,15.000000,0.500419
cate5-00115,cate5,4,31,16,0.504883,0.712891,0.021484,0.148438,24,16.000000,0.786441
cate5-00115,cate5,4,32,17,0.523438,0.708984,0.023438,0.144531,16,17.000000,0.871806
cate5-00115,cate5,4,33,18,0.550781,0.715820,0.035156,0.166016,17,18.000000,0.906560
cate5-00115,cate5,4,34,19,0.587891,0.724609,0.035156,0.140625,19,19.000000,0.899325
cate5-00115,cate5,4,41,24,0.485352,0.711914,0.017578,0.146484,24,24.000000,0.855888
cate5-00115,cate5,4,42,25,0.465820,0.723633,0.021484,0.181641,25,25.000000,0.820610
cate5-00115,cate5,4,43,26,0.440430,0.716797,0.033203,0.183594,26,26.000000,0.735835
cate5-00115,cate5,4,44,27,0.405273,0.733398,0.029297,0.181641,26,26.000000,0.518463
cate5-00115,cate5,4,45,28,0.377930,0.735352,0.029297,0.158203,28,27.000000,0.890566
cate6-00003,cate6,2,11,0,0.473633,0.486328,0.048828,0.214844,0,0.000000,0.916397
cate6-00003,cate6,2,12,1,0.435547,0.464844,0.039062,0.156250,1,1.000000,0.897202
cate6-00003,cate6,2,13,2,0.399414,0.329102,0.064453,0.154297,2,2.000000,0.973660
cate6-00003,cate6,2,14,3,0.378906,0.424805,0.054688,0.138672,4,3.000000,0.953873
cate6-00003,cate6,2,15,4,0.336914,0.402344,0.048828,0.125000,4,4.000000,0.799259
cate6-00003,cate6,2,16,5,0.328125,0.509766,0.054688,0.128906,5,5.000000,0.921052
cate6-00003,cate6,2,17,6,0.282227,0.444336,0.080078,0.208984,5,6.000000,0.934901
cate6-00003,cate6,2,18,7,0.252930,0.375977,0.064453,0.130859,6,7.000000,0.927458
cate6-00003,cate6,2,21,8,0.518555,0.482422,0.044922,0.218750,8,8.000000,0.909646
cate6-00003,cate6,2,22,9,0.555664,0.476562,0.041016,0.148438,9,9.000000,0.714435
cate6-00003,cate6,2,23,10,0.590820,0.324219,0.064453,0.160156,10,10.000000,0.969183
cate6-00003,cate6,2,24,11,0.615234,0.433594,0.058594,0.132812,11,11.000000,0.955054
cate6-00003,cate6,2,25,12,0.660156,0.411133,0.046875,0.119141,12,12.000000,0.926486
cate6-00003,cate6,2,26,13,0.667969,0.516602,0.054688,0.130859,13,13.000000,0.911913
cate6-00003,cate6,2,27,14,0.716797,0.448242,0.082031,0.228516,14,14.000000,0.960762
cate6-00003,cate6,2,28,15,0.747070,0.383789,0.064453,0.126953,14,15.000000,0.926805
cate6-00003,cate6,2,31,16,0.519531,0.704102,0.031250,0.177734,16,16.000000,0.879413
cate6-00003,cate6,2,32,17,0.553711,0.717773,0.044922,0.189453,17,17.000000,0.807080
cate6-00003,cate6,2,33,18,0.588867,0.856445,0.064453,0.154297,18,18.000000,0.929371
cate6-00003,cate6,2,34,19,0.579102,0.704102,0.033203,0.166016,18,19.000000,0.779858
cate6-00003,cate6,2,35,20,0.618164,0.694336,0.052734,0.154297,19,20.000000,0.859951
cate6-00003,cate6,2,36,21,0.673828,0.701172,0.089844,0.207031,21,21.000000,0.953912
cate6-00003,cate6,2,37,22,0.737305,0.674805,0.103516,0.212891,21,22.000000,0.948816
cate6-00003,cate6,2,38,23,0.800781,0.666016,0.074219,0.125000,23,23.000000,0.949643
cate6-00003,cate6,2,41,24,0.485352,0.704102,0.037109,0.177734,25,24.000000,0.861821
cate6-00003,cate6,2,42,25,0.454102,0.705078,0.029297,0.187500,25,25.000000,0.805539
cate6-00003,cate6,2,43,26,0.416016,0.833984,0.054688,0.152344,26,26.000000,0.942582
cate6-00003,cate6,2,44,27,0.421875,0.690430,0.039062,0.169922,26,27.000000,0.793208
cate6-00003,cate6,2,45,28,0.383789,0.750000,0.044922,0.093750,27,,
cate6-00003,cate6,2,46,29,0.332031,0.683594,0.101562,0.187500,29,29.000000,0.943821
cate6-00003,cate6,2,47,30,0.268555,0.665039,0.107422,0.216797,29,30.000000,0.921860
cate6-00003,cate6,2,48,31,0.201172,0.658203,0.066406,0.125000,31,31.000000,0.932642
cate6-00009,cate6,3,11,0,0.485352,0.546875,0.041016,0.183594,0,0.000000,0.943752
cate6-00009,cate6,3,13,2,0.452148,0.493164,0.041016,0.111328,1,1.000000,0.849782
cate6-00009,cate6,3,14,3,0.423828,0.393555,0.050781,0.123047,1,2.000000,0.939073
cate6-00009,cate6,3,15,4,0.400391,0.474609,0.054688,0.101562,3,3.000000,0.926604
cate6-00009,cate6,3,16,5,0.356445,0.445312,0.048828,0.085938,4,4.000000,0.910228
cate6-00009,cate6,3,17,6,0.297852,0.496094,0.076172,0.167969,5,6.000000,0.911527
cate6-00009,cate6,3,18,7,0.263672,0.400391,0.062500,0.113281,7,7.000000,0.928601
cate6-00009,cate6,3,21,8,0.533203,0.531250,0.046875,0.101562,16,8.000000,0.643092
cate6-00009,cate6,3,23,10,0.573242,0.518555,0.033203,0.107422,9,,
cate6-00009,cate6,3,24,11,0.601562,0.409180,0.050781,0.138672,10,10.000000,0.940227
cate6-00009,cate6,3,25,12,0.625000,0.480469,0.054688,0.113281,11,11.000000,0.927130
cate6-00009,cate6,3,26,13,0.666992,0.453125,0.052734,0.105469,12,12.000000,0.876189
cate6-00009,cate6,3,27,14,0.726562,0.498047,0.066406,0.175781,14,14.000000,0.901183
cate6-00009,cate6,3,28,15,0.761719,0.414062,0.062500,0.109375,15,15.000000,0.901430
cate6-00009,cate6,3,31,16,0.500977,0.735352,0.029297,0.154297,24,24.000000,0.850865
cate6-00009,cate6,3,32,17,0.530273,0.731445,0.029297,0.154297,16,16.000000,0.860849
cate6-00009,cate6,3,33,18,0.557617,0.740234,0.037109,0.175781,17,17.000000,0.800603
cate6-00009,cate6,3,34,19,0.592773,0.714844,0.033203,0.136719,19,19.000000,0.884650
cate6-00009,cate6,3,35,20,0.636719,0.708984,0.054688,0.125000,19,20.000000,0.863534
cate6-00009,cate6,3,36,21,0.685547,0.698242,0.074219,0.150391,21,21.000000,0.939222
cate6-00009,cate6,3,37,22,0.750000,0.691406,0.085938,0.187500,22,22.000000,0.920920
cate6-00009,cate6,3,38,23,0.836914,0.616211,0.064453,0.111328,23,23.000000,0.881071
cate6-00009,cate6,3,41,24,0.470703,0.736328,0.031250,0.144531,25,25.000000,0.821913
cate6-00009,cate6,3,43,26,0.437500,0.717773,0.039062,0.142578,26,26.000000,0.574923
cate6-00009,cate6,3,45,28,0.390625,0.702148,0.058594,0.130859,28,28.000000,0.718697
cate6-00009,cate6,3,46,29,0.339844,0.700195,0.085938,0.181641,29,29.000000,0.914554
cate6-00009,cate6,3,47,30,0.279297,0.678711,0.085938,0.197266,30,30.000000,0.955688
cate6-00009,cate6,3,48,31,0.202148,0.644531,0.056641,0.093750,31,31.000000,0.953186
cate6-00014,cate6,2,11,0,0.508789,0.522461,0.037109,0.162109,16,0.000000,0.916527
cate6-00014,cate6,2,12,1,0.480469,0.499023,0.066406,0.181641,0,1.000000,0.907523
cate6-00014,cate6,2,13,2,0.473633,0.342773,0.060547,0.208984,0,2.000000,0.603295
cate6-00014,cate6,2,14,3,0.424805,0.385742,0.060547,0.208984,2,3.000000,0.940967
cate6-00014,cate6,2,15,4,0.386719,0.367188,0.058594,0.140625,3,4.000000,0.707925
cate6-00014,cate6,2,16,5,0.368164,0.443359,0.064453,0.191406,3,5.000000,0.662078
cate6-00014,cate6,2,17,6,0.316406,0.398438,0.078125,0.226562,5,6.000000,0.909516
cate6-00014,cate6,2,18,7,0.281250,0.327148,0.074219,0.146484,7,7.000000,0.945026
cate6-00014,cate6,2,21,8,0.544922,0.495117,0.039062,0.224609,8,8.000000,0.881391
cate6-00014,cate6,2,22,9,0.581055,0.508789,0.041016,0.162109,9,9.000000,0.869939
cate6-00014,cate6,2,23,10,0.587891,0.328125,0.066406,0.234375,9,10.000000,0.959647
cate6-00014,cate6,2,24,11,0.614258,0.429688,0.064453,0.144531,11,11.000000,0.830515
cate6-00014,cate6,2,25,12,0.667969,0.368164,0.042969,0.181641,12,12.000000,0.921402
cate6-00014,cate6,2,26,13,0.681641,0.500977,0.050781,0.103516,12,13.000000,0.897091
cate6-00014,cate6,2,27,14,0.719727,0.412109,0.076172,0.203125,13,14.000000,0.912609
cate6-00014,cate6,2,28,15,0.750977,0.328125,0.060547,0.144531,14,15.000000,0.928058
cate6-00014,cate6,2,31,16,0.542969,0.697266,0.031250,0.148438,17,16.000000,0.800518
cate6-00014,cate6,2,32,17,0.563477,0.698242,0.029297,0.158203,17,17.000000,0.909739
cate6-00014,cate6,2,33,18,0.596680,0.721680,0.044922,0.181641,18,18.000000,0.900527
cate6-00014,cate6,2,34,19,0.635742,0.742188,0.048828,0.210938,19,19.000000,0.902407
cate6-00014,cate6,2,36,21,0.678711,0.671875,0.080078,0.183594,21,,
cate6-00014,cate6,2,37,22,0.745117,0.640625,0.123047,0.214844,21,22.000000,0.945066
cate6-00014,cate6,2,38,23,0.810547,0.606445,0.085938,0.150391,23,23.000000,0.939743
cate6-00014,cate6,2,41,24,0.514648,0.693359,0.033203,0.148438,16,24.000000,0.882281
cate6-00014,cate6,2,42,25,0.495117,0.720703,0.041016,0.203125,25,25.000000,0.892753
cate6-00014,cate6,2,43,26,0.461914,0.708008,0.041016,0.185547,25,26.000000,0.899229
cate6-00014,cate6,2,44,27,0.416992,0.742188,0.056641,0.191406,26,27.000000,0.889971
cate6-00014,cate6,2,46,29,0.368164,0.646484,0.095703,0.144531,29,29.000000,0.831324
cate6-00014,cate6,2,47,30,0.301758,0.636719,0.123047,0.214844,30,30.000000,0.937361
cate6-00014,cate6,2,48,31,0.227539,0.604492,0.087891,0.142578,30,31.000000,0.936915
cate6-00021,cate6,0,11,0,0.489258,0.497070,0.044922,0.228516,0,0.000000,0.921977
cate6-00021,cate6,0,12,1,0.459961,0.486328,0.044922,0.234375,1,1.000000,0.881626
cate6-00021,cate6,0,13,2,0.428711,0.416016,0.052734,0.195312,2,2.000000,0.926853
cate6-00021,cate6,0,14,3,0.390625,0.453125,0.054688,0.238281,3,3.000000,0.928796
cate6-00021,cate6,0,15,4,0.352539,0.415039,0.048828,0.150391,4,4.000000,0.961624
cate6-00021,cate6,0,16,5,0.297852,0.462891,0.068359,0.175781,5,5.000000,0.913961
cate6-00021,cate6,0,17,6,0.258789,0.380859,0.076172,0.167969,6,6.000000,0.941433
cate6-00021,cate6,0,18,7,0.227539,0.321289,0.064453,0.091797,7,7.000000,0.933993
cate6-00021,cate6,0,21,8,0.533203,0.492188,0.042969,0.242188,8,8.000000,0.890776
cate6-00021,cate6,0,22,9,0.565430,0.481445,0.044922,0.232422,9,9.000000,0.910380
cate6-00021,cate6,0,23,10,0.600586,0.431641,0.052734,0.195312,11,10.000000,0.909627
cate6-00021,cate6,0,24,11,0.625000,0.475586,0.050781,0.244141,11,11.000000,0.889719
cate6-00021,cate6,0,25,12,0.663086,0.449219,0.048828,0.125000,12,12.000000,0.915229
cate6-00021,cate6,0,26,13,0.716797,0.475586,0.058594,0.189453,14,13.000000,0.844301
cate6-00021,cate6,0,27,14,0.750977,0.416992,0.072266,0.130859,14,14.000000,0.881968
cate6-00021,cate6,0,28,15,0.784180,0.339844,0.052734,0.093750,15,15.000000,0.883538
cate6-00021,cate6,0,31,16,0.530273,0.716797,0.025391,0.164062,16,16.000000,0.916135
cate6-00021,cate6,0,32,17,0.554688,0.715820,0.035156,0.189453,17,17.000000,0.933764
cate6-00021,cate6,0,33,18,0.583008,0.780273,0.041016,0.169922,18,18.000000,0.909491
cate6-00021,cate6,0,34,19,0.621094,0.753906,0.042969,0.144531,19,19.000000,0.891352
cate6-00021,cate6,0,35,20,0.670898,0.760742,0.068359,0.138672,20,20.000000,0.910964
cate6-00021,cate6,0,36,21,0.716797,0.701172,0.093750,0.214844,21,21.000000,0.897031
cate6-00021,cate6,0,37,22,0.777344,0.674805,0.082031,0.162109,22,22.000000,0.969192
cate6-00021,cate6,0,38,23,0.822266,0.608398,0.054688,0.099609,23,23.000000,0.881909
cate6-00021,cate6,0,41,24,0.502930,0.730469,0.025391,0.144531,24,24.000000,0.834110
cate6-00021,cate6,0,42,25,0.477539,0.720703,0.033203,0.195312,25,25.000000,0.750187
cate6-00021,cate6,0,43,26,0.437500,0.773438,0.046875,0.160156,26,26.000000,0.863646
cate6-00021,cate6,0,44,27,0.397461,0.713867,0.072266,0.166016,27,27.000000,0.757443
cate6-00021,cate6,0,45,28,0.343750,0.750000,0.074219,0.148438,28,28.000000,0.861332
cate6-00021,cate6,0,46,29,0.294922,0.677734,0.105469,0.214844,29,30.000000,0.778360
cate6-00021,cate6,0,47,30,0.227539,0.649414,0.083984,0.142578,30,31.000000,0.773011
cate6-00021,cate6,0,48,31,0.183594,0.577148,0.054688,0.099609,31,31.000000,0.951380
cate6-00022,cate6,2,11,0,0.481445,0.462891,0.052734,0.218750,0,0.000000,0.897025
cate6-00022,cate6,2,12,1,0.436523,0.440430,0.044922,0.169922,1,1.000000,0.893974
cate6-00022,cate6,2,13,2,0.401367,0.318359,0.064453,0.171875,2,2.000000,0.949628
cate6-00022,cate6,2,14,3,0.370117,0.398438,0.060547,0.156250,4,3.000000,0.910865
cate6-00022,cate6,2,15,4,0.325195,0.388672,0.056641,0.105469,4,4.000000,0.725330
cate6-00022,cate6,2,16,5,0.322266,0.487305,0.058594,0.142578,5,5.000000,0.902759
cate6-00022,cate6,2,17,6,0.264648,0.430664,0.072266,0.205078,5,6.000000,0.924793
cate6-00022,cate6,2,18,7,0.232422,0.345703,0.074219,0.128906,7,7.000000,0.914210
cate6-00022,cate6,2,21,8,0.537109,0.458008,0.050781,0.236328,8,8.000000,0.925350
cate6-00022,cate6,2,22,9,0.575195,0.478516,0.044922,0.183594,9,9.000000,0.889814
cate6-00022,cate6,2,23,10,0.613281,0.323242,0.062500,0.169922,10,10.000000,0.950356
cate6-00022,cate6,2,24,11,0.641602,0.413086,0.052734,0.130859,11,11.000000,0.945423
cate6-00022,cate6,2,25,12,0.688477,0.397461,0.048828,0.138672,12,12.000000,0.956788
cate6-00022,cate6,2,26,13,0.691406,0.507812,0.054688,0.109375,13,13.000000,0.913448
cate6-00022,cate6,2,27,14,0.740234,0.434570,0.089844,0.212891,14,14.000000,0.956677
cate6-00022,cate6,2,28,15,0.777344,0.345703,0.070312,0.136719,15,15.000000,0.944764
cate6-00022,cate6,2,31,16,0.514648,0.686523,0.029297,0.169922,16,16.000000,0.896302
cate6-00022,cate6,2,32,17,0.547852,0.687500,0.041016,0.187500,17,17.000000,0.870098
cate6-00022,cate6,2,33,18,0.584961,0.660156,0.037109,0.152344,17,19.000000,0.880464
cate6-00022,cate6,2,34,19,0.624023,0.658203,0.068359,0.156250,20,20.000000,0.898762
cate6-00022,cate6,2,36,21,0.684570,0.643555,0.080078,0.154297,21,21.000000,0.938527
cate6-00022,cate6,2,37,22,0.757812,0.649414,0.089844,0.208984,21,22.000000,0.957478
cate6-00022,cate6,2,38,23,0.826172,0.644531,0.074219,0.125000,23,23.000000,0.940482
cate6-00022,cate6,2,41,24,0.481445,0.681641,0.033203,0.167969,25,24.000000,0.879395
cate6-00022,cate6,2,42,25,0.449219,0.680664,0.046875,0.193359,26,25.000000,0.934188
cate6-00022,cate6,2,43,26,0.412109,0.643555,0.031250,0.142578,27,27.000000,0.647857
cate6-00022,cate6,2,44,27,0.386719,0.624023,0.050781,0.103516,27,28.000000,0.645981
cate6-00022,cate6,2,46,29,0.333008,0.630859,0.080078,0.132812,28,29.000000,0.886780
cate6-00022,cate6,2,47,30,0.254883,0.640625,0.095703,0.210938,30,30.000000,0.934353
cate6-00022,cate6,2,48,31,0.183594,0.642578,0.074219,0.121094,31,31.000000,0.931290
cate6-00027,cate6,0,11,0,0.487305,0.455078,0.044922,0.253906,0,0.000000,0.913473
cate6-00027,cate6,0,12,1,0.458984,0.443359,0.039062,0.250000,1,1.000000,0.848745
cate6-00027,cate6,0,13,2,0.418945,0.414062,0.041016,0.257812,2,2.000000,0.847721
cate6-00027,cate6,0,14,3,0.391602,0.447266,0.037109,0.214844,3,3.000000,0.755067
cate6-00027,cate6,0,15,4,0.362305,0.453125,0.052734,0.187500,3,4.000000,0.716873
cate6-00027,cate6,0,16,5,0.309570,0.445312,0.068359,0.160156,5,5.000000,0.909175
cate6-00027,cate6,0,17,6,0.250977,0.416992,0.060547,0.166016,6,6.000000,0.931275
cate6-00027,cate6,0,18,7,0.224609,0.326172,0.062500,0.109375,7,7.000000,0.904211
cate6-00027,cate6,0,21,8,0.532227,0.457031,0.037109,0.250000,8,8.000000,0.886798
cate6-00027,cate6,0,22,9,0.567383,0.459961,0.033203,0.220703,9,9.000000,0.882309
cate6-00027,cate6,0,23,10,0.604492,0.426758,0.037109,0.259766,10,10.000000,0.845664
cate6-00027,cate6,0,24,11,0.632812,0.445312,0.046875,0.210938,11,11.000000,0.834347
cate6-00027,cate6,0,25,12,0.670898,0.428711,0.041016,0.201172,12,12.000000,0.938328
cate6-00027,cate6,0,26,13,0.715820,0.411133,0.060547,0.201172,13,13.000000,0.921574
cate6-00027,cate6,0,27,14,0.768555,0.389648,0.056641,0.189453,14,14.000000,0.861621
cate6-00027,cate6,0,28,15,0.795898,0.308594,0.056641,0.109375,15,15.000000,0.855571
cate6-00027,cate6,0,31,16,0.526367,0.665039,0.029297,0.138672,16,16.000000,0.895218
cate6-00027,cate6,0,32,17,0.559570,0.671875,0.044922,0.167969,17,17.000000,0.916454
cate6-00027,cate6,0,33,18,0.597656,0.678711,0.054688,0.216797,18,18.000000,0.847694
cate6-00027,cate6,0,34,19,0.632812,0.685547,0.054688,0.230469,19,19.000000,0.906501
cate6-00027,cate6,0,35,20,0.680664,0.671875,0.072266,0.226562,20,,
cate6-00027,cate6,0,36,21,0.732422,0.634766,0.105469,0.222656,21,21.000000,0.954698
cate6-00027,cate6,0,37,22,0.791992,0.590820,0.095703,0.193359,22,22.000000,0.939688
cate6-00027,cate6,0,38,23,0.835938,0.546875,0.062500,0.121094,23,23.000000,0.889585
cate6-00027,cate6,0,41,24,0.499023,0.668945,0.033203,0.150391,24,24.000000,0.843017
cate6-00027,cate6,0,42,25,0.468750,0.666016,0.031250,0.148438,25,25.000000,0.886394
cate6-00027,cate6,0,43,26,0.434570,0.679688,0.041016,0.218750,26,26.000000,0.851375
cate6-00027,cate6,0,44,27,0.395508,0.684570,0.048828,0.224609,27,27.000000,0.941274
cate6-00027,cate6,0,45,28,0.345703,0.672852,0.078125,0.216797,28,28.000000,0.885749
cate6-00027,cate6,0,46,29,0.281250,0.646484,0.117188,0.230469,29,29.000000,0.946140
cate6-00027,cate6,0,47,30,0.219727,0.597656,0.095703,0.195312,30,30.000000,0.957145
cate6-00027,cate6,0,48,31,0.167969,0.559570,0.066406,0.123047,31,31.000000,0.939425
cate6-00036,cate6,4,11,0,0.499023,0.501953,0.041016,0.214844,0,0.000000,0.903387
cate6-00036,cate6,4,12,1,0.470703,0.468750,0.039062,0.183594,0,1.000000,0.956164
cate6-00036,cate6,4,13,2,0.443359,0.332031,0.050781,0.171875,1,2.000000,0.960635
cate6-00036,cate6,4,14,3,0.416992,0.412109,0.052734,0.171875,3,3.000000,0.764904
cate6-00036,cate6,4,15,4,0.379883,0.412109,0.052734,0.117188,3,4.000000,0.846919
cate6-00036,cate6,4,16,5,0.366211,0.518555,0.056641,0.119141,5,5.000000,0.658845
cate6-00036,cate6,4,17,6,0.316406,0.457031,0.066406,0.187500,5,6.000000,0.918798
cate6-00036,cate6,4,18,7,0.287109,0.368164,0.066406,0.123047,6,7.000000,0.934796
cate6-00036,cate6,4,21,8,0.541016,0.458984,0.039062,0.222656,8,8.000000,0.833855
cate6-00036,cate6,4,22,9,0.566406,0.495117,0.035156,0.169922,9,9.000000,0.801007
cate6-00036,cate6,4,23,10,0.587891,0.327148,0.054688,0.169922,10,10.000000,0.954077
cate6-00036,cate6,4,24,11,0.619141,0.415039,0.050781,0.162109,11,11.000000,0.926176
cate6-00036,cate6,4,25,12,0.654297,0.405273,0.046875,0.115234,11,12.000000,0.878837
cate6-00036,cate6,4,26,13,0.668945,0.497070,0.048828,0.146484,13,13.000000,0.810027
cate6-00036,cate6,4,27,14,0.711914,0.450195,0.060547,0.193359,13,14.000000,0.902619
cate6-00036,cate6,4,28,15,0.738281,0.372070,0.062500,0.119141,15,15.000000,0.948723
cate6-00036,cate6,4,31,16,0.535156,0.722656,0.027344,0.187500,16,16.000000,0.863161
cate6-00036,cate6,4,32,17,0.563477,0.722656,0.033203,0.179688,17,17.000000,0.888147
cate6-00036,cate6,4,33,18,0.604492,0.819336,0.048828,0.158203,18,18.000000,0.931991
cate6-00036,cate6,4,34,19,0.589844,0.673828,0.039062,0.148438,19,19.000000,0.516796
cate6-00036,cate6,4,35,20,0.628906,0.671875,0.058594,0.125000,20,20.000000,0.858443
cate6-00036,cate6,4,36,21,0.677734,0.653320,0.085938,0.166016,21,21.000000,0.952220
cate6-00036,cate6,4,37,22,0.736328,0.637695,0.105469,0.212891,22,22.000000,0.972729
cate6-00036,cate6,4,38,23,0.796875,0.609375,0.062500,0.105469,23,23.000000,0.950850
cate6-00036,cate6,4,41,24,0.507812,0.721680,0.027344,0.177734,16,24.000000,0.818694
cate6-00036,cate6,4,42,25,0.486328,0.721680,0.039062,0.181641,25,25.000000,0.896702
cate6-00036,cate6,4,43,26,0.457031,0.819336,0.050781,0.162109,26,26.000000,0.938111
cate6-00036,cate6,4,44,27,0.450195,0.684570,0.029297,0.154297,25,27.000000,0.904963
cate6-00036,cate6,4,45,28,0.413086,0.670898,0.064453,0.134766,28,28.000000,0.868778
cate6-00036,cate6,4,46,29,0.360352,0.655273,0.095703,0.169922,29,29.000000,0.922282
cate6-00036,cate6,4,47,30,0.293945,0.640625,0.103516,0.203125,29,30.000000,0.973427
cate6-00036,cate6,4,48,31,0.228516,0.620117,0.066406,0.115234,31,31.000000,0.906343
cate6-00039,cate6,2,11,0,0.468750,0.461914,0.042969,0.244141,0,0.000000,0.908776
cate6-00039,cate6,2,12,1,0.426758,0.463867,0.048828,0.224609,2,1.000000,0.877064
cate6-00039,cate6,2,13,2,0.393555,0.397461,0.048828,0.212891,2,2.000000,0.911789
cate6-00039,cate6,2,14,3,0.347656,0.443359,0.042969,0.167969,4,3.000000,0.851598
cate6-00039,cate6,2,15,4,0.310547,0.376953,0.042969,0.164062,4,4.000000,0.956235
cate6-00039,cate6,2,16,5,0.305664,0.495117,0.048828,0.103516,4,,
cate6-00039,cate6,2,17,6,0.254883,0.423828,0.064453,0.179688,6,6.000000,0.935096
cate6-00039,cate6,2,18,7,0.228516,0.336914,0.058594,0.138672,7,7.000000,0.908745
cate6-00039,cate6,2,21,8,0.514648,0.465820,0.041016,0.236328,8,8.000000,0.897214
cate6-00039,cate6,2,22,9,0.548828,0.465820,0.066406,0.205078,8,9.000000,0.863477
cate6-00039,cate6,2,23,10,0.576172,0.368164,0.066406,0.212891,9,10.000000,0.955054
cate6-00039,cate6,2,24,11,0.633789,0.450195,0.060547,0.197266,11,,
cate6-00039,cate6,2,25,12,0.665039,0.383789,0.052734,0.111328,12,12.000000,0.840106
cate6-00039,cate6,2,26,13,0.735352,0.428711,0.072266,0.162109,14,13.000000,0.804315
cate6-00039,cate6,2,27,14,0.773438,0.354492,0.066406,0.123047,15,14.000000,0.935519
cate6-00039,cate6,2,28,15,0.807617,0.273438,0.041016,0.070312,15,15.000000,0.910248
cate6-00039,cate6,2,31,16,0.507812,0.695312,0.027344,0.191406,16,16.000000,0.876667
cate6-00039,cate6,2,32,17,0.535156,0.697266,0.042969,0.175781,17,17.000000,0.901070
cate6-00039,cate6,2,33,18,0.578125,0.778320,0.050781,0.259766,18,18.000000,0.891559
cate6-00039,cate6,2,34,19,0.624023,0.713867,0.052734,0.208984,19,19.000000,0.900790
cate6-00039,cate6,2,35,20,0.676758,0.681641,0.068359,0.171875,20,20.000000,0.914281
cate6-00039,cate6,2,36,21,0.735352,0.659180,0.111328,0.224609,21,21.000000,0.952718
cate6-00039,cate6,2,37,22,0.797852,0.618164,0.087891,0.177734,22,22.000000,0.925225
cate6-00039,cate6,2,38,23,0.837891,0.551758,0.062500,0.126953,23,23.000000,0.911297
cate6-00039,cate6,2,41,24,0.477539,0.693359,0.025391,0.183594,24,24.000000,0.880119
cate6-00039,cate6,2,42,25,0.451172,0.698242,0.039062,0.173828,26,25.000000,0.882442
cate6-00039,cate6,2,43,26,0.412109,0.759766,0.046875,0.214844,27,26.000000,0.896934
cate6-00039,cate6,2,44,27,0.371094,0.708008,0.046875,0.169922,27,27.000000,0.892196
cate6-00039,cate6,2,45,28,0.319336,0.708008,0.064453,0.201172,28,28.000000,0.573584
cate6-00039,cate6,2,46,29,0.266602,0.661133,0.095703,0.208984,29,29.000000,0.915417
cate6-00039,cate6,2,47,30,0.208984,0.615234,0.082031,0.160156,31,30.000000,0.923009
cate6-00039,cate6,2,48,31,0.168945,0.548828,0.056641,0.121094,31,31.000000,0.912571
cate6-00051,cate6,0,11,0,0.461914,0.483398,0.044922,0.208984,1,0.000000,0.881553
cate6-00051,cate6,0,12,1,0.419922,0.490234,0.035156,0.187500,2,1.000000,0.865221
cate6-00051,cate6,0,13,2,0.388672,0.456055,0.046875,0.228516,3,2.000000,0.794432
cate6-00051,cate6,0,14,3,0.350586,0.450195,0.060547,0.205078,4,3.000000,0.500479
cate6-00051,cate6,0,15,4,0.340820,0.397461,0.048828,0.169922,4,4.000000,0.716484
cate6-00051,cate6,0,16,5,0.288086,0.429688,0.076172,0.195312,5,6.000000,0.879176
cate6-00051,cate6,0,17,6,0.261719,0.337891,0.070312,0.152344,7,,
cate6-00051,cate6,0,18,7,0.229492,0.265625,0.060547,0.078125,7,7.000000,0.909733
cate6-00051,cate6,0,21,8,0.504883,0.485352,0.041016,0.205078,8,8.000000,0.838890
cate6-00051,cate6,0,22,9,0.536133,0.491211,0.048828,0.158203,8,9.000000,0.851000
cate6-00051,cate6,0,23,10,0.556641,0.279297,0.066406,0.304688,8,,
cate6-00051,cate6,0,24,11,0.597656,0.436523,0.062500,0.232422,10,10.000000,0.532110
cate6-00051,cate6,0,25,12,0.641602,0.441406,0.060547,0.210938,11,12.000000,0.941634
cate6-00051,cate6,0,26,13,0.705078,0.433594,0.082031,0.191406,14,13.000000,0.832808
cate6-00051,cate6,0,27,14,0.739258,0.343750,0.072266,0.144531,15,14.000000,0.886657
cate6-00051,cate6,0,28,15,0.784180,0.278320,0.064453,0.099609,15,15.000000,0.753525
cate6-00051,cate6,0,31,16,0.504883,0.693359,0.033203,0.136719,24,16.000000,0.793003
cate6-00051,cate6,0,32,17,0.526367,0.684570,0.041016,0.173828,17,17.000000,0.925864
cate6-00051,cate6,0,33,18,0.549805,0.730469,0.056641,0.210938,18,18.000000,0.859739
cate6-00051,cate6,0,34,19,0.592773,0.726562,0.048828,0.183594,19,19.000000,0.929221
cate6-00051,cate6,0,35,20,0.645508,0.736328,0.068359,0.175781,19,20.000000,0.885097
cate6-00051,cate6,0,36,21,0.706055,0.653320,0.134766,0.220703,21,21.000000,0.883568
cate6-00051,cate6,0,37,22,0.784180,0.644531,0.095703,0.160156,22,22.000000,0.938666
cate6-00051,cate6,0,38,23,0.827148,0.541992,0.068359,0.126953,23,23.000000,0.881107
cate6-00051,cate6,0,41,24,0.480469,0.700195,0.027344,0.166016,24,24.000000,0.834293
cate6-00051,cate6,0,42,25,0.454102,0.703125,0.037109,0.191406,25,25.000000,0.809462
cate6-00051,cate6,0,43,26,0.425781,0.727539,0.039062,0.189453,26,26.000000,0.879999
cate6-00051,cate6,0,44,27,0.394531,0.711914,0.039062,0.185547,27,27.000000,0.938393
cate6-00051,cate6,0,45,28,0.344727,0.728516,0.048828,0.144531,28,28.000000,0.908690
cate6-00051,cate6,0,46,29,0.292969,0.654297,0.093750,0.199219,29,29.000000,0.923783
cate6-00051,cate6,0,47,30,0.231445,0.653320,0.076172,0.150391,30,30.000000,0.821401
cate6-00051,cate6,0,48,31,0.190430,0.551758,0.056641,0.119141,31,31.000000,0.821596
cate6-00063,cate6,3,11,0,0.486328,0.487305,0.046875,0.236328,0,0.000000,0.933990
cate6-00063,cate6,3,12,1,0.446289,0.480469,0.044922,0.234375,1,1.000000,0.885522
cate6-00063,cate6,3,13,2,0.410156,0.416016,0.042969,0.269531,2,2.000000,0.895094
cate6-00063,cate6,3,14,3,0.387695,0.481445,0.052734,0.232422,3,3.000000,0.755685
cate6-00063,cate6,3,15,4,0.348633,0.390625,0.052734,0.207031,4,4.000000,0.839513
cate6-00063,cate6,3,16,5,0.287109,0.461914,0.066406,0.240234,5,5.000000,0.933703
cate6-00063,cate6,3,17,6,0.238281,0.417969,0.062500,0.164062,6,6.000000,0.920089
cate6-00063,cate6,3,18,7,0.202148,0.340820,0.064453,0.103516,7,7.000000,0.942204
cate6-00063,cate6,3,21,8,0.528320,0.488281,0.044922,0.234375,8,8.000000,0.888914
cate6-00063,cate6,3,22,9,0.570312,0.483398,0.039062,0.240234,9,9.000000,0.902222
cate6-00063,cate6,3,23,10,0.605469,0.439453,0.039062,0.273438,10,10.000000,0.912783
cate6-00063,cate6,3,24,11,0.644531,0.489258,0.042969,0.197266,11,11.000000,0.559346
cate6-00063,cate6,3,25,12,0.664062,0.396484,0.062500,0.125000,12,12.000000,0.640386
cate6-00063,cate6,3,26,13,0.737305,0.457031,0.064453,0.210938,13,13.000000,0.884447
cate6-00063,cate6,3,27,14,0.773438,0.380859,0.062500,0.183594,14,14.000000,0.950293
cate6-00063,cate6,3,28,15,0.806641,0.326172,0.054688,0.101562,15,15.000000,0.902169
cate6-00063,cate6,3,31,16,0.527344,0.710938,0.035156,0.179688,16,16.000000,0.887035
cate6-00063,cate6,3,32,17,0.554688,0.710938,0.039062,0.195312,17,17.000000,0.867579
cate6-00063,cate6,3,33,18,0.591797,0.732422,0.042969,0.246094,18,18.000000,0.899205
cate6-00063,cate6,3,34,19,0.625000,0.716797,0.042969,0.195312,19,19.000000,0.868522
cate6-00063,cate6,3,35,20,0.682617,0.750000,0.048828,0.175781,20,20.000000,0.903625
cate6-00063,cate6,3,36,21,0.737305,0.698242,0.087891,0.232422,21,21.000000,0.952581
cate6-00063,cate6,3,37,22,0.799805,0.680664,0.072266,0.169922,22,22.000000,0.890483
cate6-00063,cate6,3,38,23,0.850586,0.609375,0.056641,0.117188,23,23.000000,0.908331
cate6-00063,cate6,3,41,24,0.504883,0.705078,0.044922,0.156250,24,24.000000,0.826000
cate6-00063,cate6,3,42,25,0.480469,0.721680,0.050781,0.189453,25,25.000000,0.682397
cate6-00063,cate6,3,43,26,0.449219,0.727539,0.062500,0.212891,26,26.000000,0.900727
cate6-00063,cate6,3,44,27,0.395508,0.735352,0.048828,0.189453,27,27.000000,0.956480
cate6-00063,cate6,3,45,28,0.348633,0.750000,0.060547,0.187500,28,28.000000,0.856515
cate6-00063,cate6,3,46,29,0.279297,0.708008,0.117188,0.224609,29,29.000000,0.939972
cate6-00063,cate6,3,47,30,0.210938,0.718750,0.085938,0.171875,30,30.000000,0.951026
cate6-00063,cate6,3,48,31,0.151367,0.641602,0.068359,0.126953,31,31.000000,0.950486
cate6-00065,cate6,1,11,0,0.491211,0.457031,0.044922,0.253906,0,0.000000,0.848621
cate6-00065,cate6,1,12,1,0.457031,0.449219,0.046875,0.253906,1,1.000000,0.909826
cate6-00065,cate6,1,13,2,0.431641,0.307617,0.058594,0.177734,2,2.000000,0.944278
cate6-00065,cate6,1,14,3,0.395508,0.384766,0.056641,0.156250,3,3.000000,0.913750
cate6-00065,cate6,1,15,4,0.350586,0.350586,0.060547,0.126953,4,4.000000,0.923663
cate6-00065,cate6,1,16,5,0.335938,0.455078,0.054688,0.128906,4,5.000000,0.630251
cate6-00065,cate6,1,17,6,0.285156,0.385742,0.074219,0.201172,5,6.000000,0.902900
cate6-00065,cate6,1,18,7,0.270508,0.280273,0.076172,0.130859,7,7.000000,0.939804
cate6-00065,cate6,1,21,8,0.540039,0.455078,0.044922,0.261719,8,8.000000,0.862337
cate6-00065,cate6,1,22,9,0.582031,0.469727,0.035156,0.212891,9,9.000000,0.779223
cate6-00065,cate6,1,23,10,0.607422,0.332031,0.054688,0.179688,10,10.000000,0.962165
cate6-00065,cate6,1,24,11,0.645508,0.434570,0.052734,0.134766,11,11.000000,0.892183
cate6-00065,cate6,1,25,12,0.676758,0.362305,0.060547,0.134766,12,12.000000,0.872921
cate6-00065,cate6,1,26,13,0.693359,0.469727,0.058594,0.126953,13,13.000000,0.747889
cate6-00065,cate6,1,27,14,0.743164,0.407227,0.076172,0.181641,13,14.000000,0.960683
cate6-00065,cate6,1,28,15,0.758789,0.292969,0.068359,0.132812,15,15.000000,0.901023
cate6-00065,cate6,1,31,16,0.540039,0.703125,0.029297,0.195312,17,16.000000,0.837522
cate6-00065,cate6,1,32,17,0.570312,0.708984,0.031250,0.191406,17,17.000000,0.872389
cate6-00065,cate6,1,33,18,0.599609,0.831055,0.054688,0.158203,18,18.000000,0.923720
cate6-00065,cate6,1,34,19,0.635742,0.768555,0.048828,0.154297,19,,
cate6-00065,cate6,1,35,20,0.694336,0.740234,0.048828,0.117188,20,,
cate6-00065,cate6,1,36,21,0.673828,0.640625,0.078125,0.148438,21,21.000000,0.694076
cate6-00065,cate6,1,37,22,0.740234,0.628906,0.097656,0.207031,22,22.000000,0.937821
cate6-00065,cate6,1,38,23,0.801758,0.605469,0.068359,0.132812,23,23.000000,0.932117
cate6-00065,cate6,1,41,24,0.507812,0.702148,0.035156,0.197266,24,24.000000,0.845620
cate6-00065,cate6,1,42,25,0.480469,0.707031,0.039062,0.203125,25,25.000000,0.772953
cate6-00065,cate6,1,43,26,0.447266,0.820312,0.054688,0.167969,26,26.000000,0.853055
cate6-00065,cate6,1,44,27,0.407227,0.735352,0.052734,0.142578,27,,
cate6-00065,cate6,1,45,28,0.343750,0.741211,0.050781,0.115234,28,,
cate6-00065,cate6,1,46,29,0.356445,0.651367,0.099609,0.173828,29,29.000000,0.830988
cate6-00065,cate6,1,47,30,0.294922,0.624023,0.109375,0.216797,29,30.000000,0.933066
cate6-00065,cate6,1,48,31,0.228516,0.603516,0.070312,0.128906,31,31.000000,0.945423
cate6-00069,cate6,1,11,0,0.488281,0.438477,0.046875,0.251953,0,0.000000,0.895457
cate6-00069,cate6,1,12,1,0.450195,0.442383,0.041016,0.224609,1,1.000000,0.856579
cate6-00069,cate6,1,13,2,0.408203,0.378906,0.050781,0.332031,2,2.000000,0.887986
cate6-00069,cate6,1,14,3,0.364258,0.432617,0.056641,0.220703,3,3.000000,0.921375
cate6-00069,cate6,1,15,4,0.317383,0.414062,0.048828,0.230469,4,4.000000,0.903365
cate6-00069,cate6,1,16,5,0.260742,0.417969,0.064453,0.207031,6,5.000000,0.877054
cate6-00069,cate6,1,17,6,0.203125,0.388672,0.074219,0.210938,6,6.000000,0.923060
cate6-00069,cate6,1,18,7,0.158203,0.357422,0.089844,0.171875,7,7.000000,0.862207
cate6-00069,cate6,1,21,8,0.541992,0.439453,0.044922,0.257812,8,8.000000,0.887434
cate6-00069,cate6,1,22,9,0.583008,0.443359,0.037109,0.234375,9,9.000000,0.888004
cate6-00069,cate6,1,23,10,0.624023,0.416016,0.044922,0.289062,10,10.000000,0.893279
cate6-00069,cate6,1,24,11,0.663086,0.432617,0.048828,0.236328,11,11.000000,0.645982
cate6-00069,cate6,1,25,12,0.705078,0.445312,0.042969,0.210938,12,,
cate6-00069,cate6,1,26,13,0.756836,0.432617,0.060547,0.193359,14,,
cate6-00069,cate6,1,27,14,0.812500,0.416016,0.062500,0.203125,15,14.000000,0.953850
cate6-00069,cate6,1,28,15,0.863281,0.375000,0.062500,0.214844,15,15.000000,0.897769
cate6-00069,cate6,1,31,16,0.529297,0.664062,0.027344,0.156250,16,16.000000,0.662831
cate6-00069,cate6,1,32,17,0.584961,0.675781,0.044922,0.167969,18,17.000000,0.813852
cate6-00069,cate6,1,33,18,0.616211,0.694336,0.052734,0.216797,19,18.000000,0.893020
cate6-00069,cate6,1,34,19,0.658203,0.692383,0.054688,0.212891,20,19.000000,0.909386
cate6-00069,cate6,1,35,20,0.706055,0.688477,0.068359,0.224609,20,20.000000,0.887994
cate6-00069,cate6,1,36,21,0.760742,0.655273,0.091797,0.197266,22,21.000000,0.927762
cate6-00069,cate6,1,37,22,0.825195,0.627930,0.091797,0.201172,22,22.000000,0.945855
cate6-00069,cate6,1,38,23,0.885742,0.571289,0.087891,0.181641,23,23.000000,0.942629
cate6-00069,cate6,1,41,24,0.501953,0.667969,0.031250,0.171875,24,24.000000,0.774779
cate6-00069,cate6,1,42,25,0.471680,0.666016,0.033203,0.156250,25,25.000000,0.858416
cate6-00069,cate6,1,43,26,0.435547,0.685547,0.054688,0.207031,26,26.000000,0.894289
cate6-00069,cate6,1,44,27,0.382812,0.686523,0.066406,0.216797,27,27.000000,0.901119
cate6-00069,cate6,1,45,28,0.335938,0.673828,0.066406,0.226562,28,28.000000,0.890090
cate6-00069,cate6,1,46,29,0.269531,0.644531,0.097656,0.210938,29,29.000000,0.923598
cate6-00069,cate6,1,47,30,0.202148,0.607422,0.103516,0.191406,30,30.000000,0.913964
cate6-00069,cate6,1,48,31,0.134766,0.558594,0.101562,0.187500,31,31.000000,0.955517
cate6-00075,cate6,1,11,0,0.508789,0.453125,0.044922,0.246094,8,0.000000,0.880851
cate6-00075,cate6,1,12,1,0.479492,0.457031,0.056641,0.199219,0,1.000000,0.873272
cate6-00075,cate6,1,13,2,0.443359,0.330078,0.062500,0.175781,2,2.000000,0.835443
cate6-00075,cate6,1,14,3,0.416016,0.418945,0.066406,0.119141,2,3.000000,0.874084
cate6-00075,cate6,1,15,4,0.365234,0.403320,0.039062,0.095703,4,4.000000,0.849849
cate6-00075,cate6,1,16,5,0.364258,0.497070,0.060547,0.142578,3,5.000000,0.896697
cate6-00075,cate6,1,17,6,0.304688,0.448242,0.074219,0.220703,5,6.000000,0.923446
cate6-00075,cate6,1,18,7,0.269531,0.375000,0.066406,0.132812,6,7.000000,0.935428
cate6-00075,cate6,1,21,8,0.553711,0.475586,0.044922,0.220703,8,8.000000,0.841805
cate6-00075,cate6,1,22,9,0.592773,0.471680,0.041016,0.224609,10,9.000000,0.850924
cate6-00075,cate6,1,23,10,0.630859,0.373047,0.050781,0.167969,11,10.000000,0.912566
cate6-00075,cate6,1,24,11,0.656250,0.436523,0.054688,0.123047,12,11.000000,0.922177
cate6-00075,cate6,1,25,12,0.650391,0.537109,0.042969,0.121094,11,,
cate6-00075,cate6,1,26,13,0.686523,0.496094,0.044922,0.183594,12,13.000000,0.825033
cate6-00075,cate6,1,27,14,0.734375,0.469727,0.062500,0.185547,13,14.000000,0.950423
cate6-00075,cate6,1,28,15,0.766602,0.387695,0.056641,0.134766,15,15.000000,0.865921
cate6-00075,cate6,1,31,16,0.542969,0.708984,0.027344,0.203125,17,16.000000,0.856443
cate6-00075,cate6,1,32,17,0.568359,0.700195,0.031250,0.212891,18,17.000000,0.897102
cate6-00075,cate6,1,33,18,0.602539,0.803711,0.041016,0.185547,19,18.000000,0.862731
cate6-00075,cate6,1,34,19,0.594727,0.658203,0.029297,0.113281,19,19.000000,0.851275
cate6-00075,cate6,1,35,20,0.625977,0.664062,0.044922,0.113281,20,20.000000,0.874424
cate6-00075,cate6,1,36,21,0.669922,0.660156,0.058594,0.128906,21,21.000000,0.814606
cate6-00075,cate6,1,37,22,0.727539,0.676758,0.087891,0.216797,21,22.000000,0.949407
cate6-00075,cate6,1,38,23,0.790039,0.671875,0.064453,0.128906,23,23.000000,0.941782
cate6-00075,cate6,1,41,24,0.521484,0.701172,0.031250,0.195312,16,24.000000,0.846520
cate6-00075,cate6,1,42,25,0.498047,0.719727,0.039062,0.251953,25,25.000000,0.676373
cate6-00075,cate6,1,43,26,0.465820,0.782227,0.052734,0.173828,25,26.000000,0.856578
cate6-00075,cate6,1,44,27,0.461914,0.649414,0.033203,0.103516,25,27.000000,0.894017
cate6-00075,cate6,1,45,28,0.429688,0.653320,0.062500,0.123047,26,28.000000,0.883703
cate6-00075,cate6,1,46,29,0.375977,0.654297,0.083984,0.144531,27,29.000000,0.863805
cate6-00075,cate6,1,47,30,0.305664,0.666016,0.115234,0.210938,29,30.000000,0.912582
cate6-00075,cate6,1,48,31,0.235352,0.659180,0.076172,0.126953,31,31.000000,0.941791
cate6-00086,cate6,1,11,0,0.496094,0.471680,0.046875,0.248047,0,0.000000,0.866489
cate6-00086,cate6,1,12,1,0.460938,0.454102,0.050781,0.244141,1,1.000000,0.913599
cate6-00086,cate6,1,13,2,0.420898,0.373047,0.056641,0.257812,2,2.000000,0.896417
cate6-00086,cate6,1,14,3,0.375977,0.403320,0.060547,0.189453,3,3.000000,0.848674
cate6-00086,cate6,1,15,4,0.328125,0.391602,0.050781,0.166016,4,4.000000,0.915743
cate6-00086,cate6,1,16,5,0.266602,0.424805,0.068359,0.224609,5,5.000000,0.703049
cate6-00086,cate6,1,17,6,0.228516,0.348633,0.070312,0.162109,7,6.000000,0.898366
cate6-00086,cate6,1,18,7,0.193359,0.291016,0.046875,0.074219,7,7.000000,0.922939
cate6-00086,cate6,1,21,8,0.543945,0.472656,0.048828,0.246094,8,8.000000,0.866784
cate6-00086,cate6,1,22,9,0.585938,0.474609,0.042969,0.234375,9,9.000000,0.897176
cate6-00086,cate6,1,23,10,0.619141,0.395508,0.050781,0.236328,11,10.000000,0.918381
cate6-00086,cate6,1,24,11,0.662109,0.421875,0.054688,0.167969,11,11.000000,0.926843
cate6-00086,cate6,1,25,12,0.699219,0.397461,0.042969,0.162109,12,12.000000,0.915964
cate6-00086,cate6,1,26,13,0.756836,0.452148,0.060547,0.201172,14,13.000000,0.895542
cate6-00086,cate6,1,27,14,0.788086,0.381836,0.072266,0.130859,15,14.000000,0.897695
cate6-00086,cate6,1,28,15,0.822266,0.293945,0.050781,0.095703,15,15.000000,0.621341
cate6-00086,cate6,1,31,16,0.530273,0.705078,0.033203,0.191406,16,16.000000,0.878232
cate6-00086,cate6,1,32,17,0.559570,0.700195,0.033203,0.181641,17,17.000000,0.898023
cate6-00086,cate6,1,33,18,0.598633,0.714844,0.041016,0.218750,18,18.000000,0.901561
cate6-00086,cate6,1,34,19,0.634766,0.716797,0.042969,0.175781,19,19.000000,0.888476
cate6-00086,cate6,1,35,20,0.686523,0.746094,0.048828,0.171875,20,,
cate6-00086,cate6,1,36,21,0.731445,0.665039,0.076172,0.224609,21,21.000000,0.935190
cate6-00086,cate6,1,37,22,0.792969,0.618164,0.085938,0.181641,22,22.000000,0.919976
cate6-00086,cate6,1,38,23,0.843750,0.602539,0.046875,0.107422,23,23.000000,0.903001
cate6-00086,cate6,1,41,24,0.499023,0.699219,0.029297,0.175781,24,24.000000,0.840548
cate6-00086,cate6,1,42,25,0.467773,0.702148,0.033203,0.197266,25,25.000000,0.898087
cate6-00086,cate6,1,43,26,0.424805,0.712891,0.056641,0.230469,26,26.000000,0.888401
cate6-00086,cate6,1,44,27,0.392578,0.688477,0.058594,0.201172,27,27.000000,0.736358
cate6-00086,cate6,1,45,28,0.327148,0.741211,0.048828,0.162109,28,,
cate6-00086,cate6,1,46,29,0.278320,0.656250,0.091797,0.226562,29,29.000000,0.941399
cate6-00086,cate6,1,47,30,0.209961,0.639648,0.087891,0.169922,30,30.000000,0.925060
cate6-00086,cate6,1,48,31,0.165039,0.590820,0.056641,0.107422,31,31.000000,0.883006
cate6-00087,cate6,4,11,0,0.462891,0.515625,0.050781,0.210938,0,0.000000,0.925466
cate6-00087,cate6,4,12,1,0.416016,0.490234,0.042969,0.156250,3,1.000000,0.885388
cate6-00087,cate6,4,13,2,0.369141,0.369141,0.070312,0.148438,3,2.000000,0.877151
cate6-00087,cate6,4,14,3,0.341797,0.451172,0.058594,0.125000,4,3.000000,0.876940
cate6-00087,cate6,4,15,4,0.295898,0.429688,0.052734,0.105469,5,4.000000,0.967676
cate6-00087,cate6,4,16,5,0.291016,0.524414,0.054688,0.142578,5,5.000000,0.877781
cate6-00087,cate6,4,17,6,0.236328,0.477539,0.070312,0.189453,6,6.000000,0.866973
cate6-00087,cate6,4,18,7,0.195312,0.387695,0.066406,0.126953,7,7.000000,0.924122
cate6-00087,cate6,4,21,8,0.524414,0.511719,0.052734,0.222656,8,8.000000,0.949638
cate6-00087,cate6,4,22,9,0.571289,0.482422,0.052734,0.152344,9,9.000000,0.803741
cate6-00087,cate6,4,23,10,0.625977,0.370117,0.080078,0.138672,10,10.000000,0.835689
cate6-00087,cate6,4,24,11,0.650391,0.468750,0.058594,0.105469,12,11.000000,0.917444
cate6-00087,cate6,4,25,12,0.702148,0.429688,0.052734,0.140625,13,12.000000,0.882168
cate6-00087,cate6,4,26,13,0.706055,0.540039,0.060547,0.138672,12,13.000000,0.765271
cate6-00087,cate6,4,27,14,0.768555,0.496094,0.072266,0.195312,15,14.000000,0.929923
cate6-00087,cate6,4,28,15,0.813477,0.417969,0.068359,0.132812,14,15.000000,0.941519
cate6-00087,cate6,4,31,16,0.514648,0.735352,0.041016,0.201172,16,16.000000,0.893856
cate6-00087,cate6,4,32,17,0.545898,0.743164,0.052734,0.197266,17,17.000000,0.934551
cate6-00087,cate6,4,33,18,0.591797,0.721680,0.039062,0.150391,19,19.000000,0.638608
cate6-00087,cate6,4,34,19,0.583984,0.859375,0.058594,0.152344,18,,
cate6-00087,cate6,4,35,20,0.642578,0.807617,0.054688,0.103516,19,,
cate6-00087,cate6,4,36,21,0.691406,0.703125,0.074219,0.152344,21,21.000000,0.934593
cate6-00087,cate6,4,37,22,0.762695,0.724609,0.095703,0.226562,21,22.000000,0.966878
cate6-00087,cate6,4,38,23,0.824219,0.731445,0.070312,0.111328,23,23.000000,0.928697
cate6-00087,cate6,4,41,24,0.483398,0.729492,0.037109,0.181641,25,24.000000,0.803186
cate6-00087,cate6,4,42,25,0.449219,0.719727,0.035156,0.173828,25,25.000000,0.912187
cate6-00087,cate6,4,43,26,0.408203,0.706055,0.039062,0.173828,27,26.000000,0.855354
cate6-00087,cate6,4,44,27,0.411133,0.850586,0.056641,0.142578,26,26.000000,0.888670
cate6-00087,cate6,4,45,28,0.361328,0.789062,0.046875,0.105469,28,,
cate6-00087,cate6,4,46,29,0.319336,0.694336,0.068359,0.166016,28,29.000000,0.963421
cate6-00087,cate6,4,47,30,0.250000,0.705078,0.093750,0.214844,30,30.000000,0.966700
cate6-00087,cate6,4,48,31,0.188477,0.702148,0.068359,0.115234,31,31.000000,0.928796
cate6-00093,cate6,1,11,0,0.492188,0.487305,0.058594,0.275391,0,0.000000,0.804619
cate6-00093,cate6,1,12,1,0.461914,0.517578,0.056641,0.183594,0,1.000000,0.869185
cate6-00093,cate6,1,13,2,0.417969,0.372070,0.070312,0.158203,2,2.000000,0.874306
cate6-00093,cate6,1,14,3,0.395508,0.468750,0.064453,0.117188,3,3.000000,0.748724
cate6-00093,cate6,1,15,4,0.345703,0.410156,0.054688,0.109375,4,4.000000,0.870044
cate6-00093,cate6,1,16,5,0.332031,0.526367,0.070312,0.142578,5,5.000000,0.868149
cate6-00093,cate6,1,17,6,0.276367,0.454102,0.087891,0.216797,6,6.000000,0.922905
cate6-00093,cate6,1,18,7,0.247070,0.356445,0.080078,0.150391,7,7.000000,0.943669
cate6-00093,cate6,1,21,8,0.536133,0.515625,0.052734,0.226562,8,8.000000,0.839666
cate6-00093,cate6,1,22,9,0.577148,0.530273,0.044922,0.205078,9,9.000000,0.882634
cate6-00093,cate6,1,23,10,0.609375,0.372070,0.058594,0.146484,10,10.000000,0.838456
cate6-00093,cate6,1,24,11,0.638672,0.445312,0.050781,0.140625,11,11.000000,0.937355
cate6-00093,cate6,1,25,12,0.683594,0.404297,0.042969,0.113281,12,13.000000,0.613864
cate6-00093,cate6,1,26,13,0.693359,0.513672,0.054688,0.164062,13,13.000000,0.917020
cate6-00093,cate6,1,27,14,0.736328,0.452148,0.085938,0.216797,14,14.000000,0.955929
cate6-00093,cate6,1,28,15,0.765625,0.352539,0.066406,0.146484,14,15.000000,0.906490
cate6-00093,cate6,1,31,16,0.534180,0.736328,0.041016,0.175781,16,,
cate6-00093,cate6,1,33,18,0.574219,0.762695,0.054688,0.177734,17,18.000000,0.902792
cate6-00093,cate6,1,34,19,0.634766,0.807617,0.054688,0.115234,20,,
cate6-00093,cate6,1,35,20,0.687500,0.785156,0.058594,0.105469,20,,
cate6-00093,cate6,1,36,21,0.663086,0.702148,0.087891,0.173828,21,21.000000,0.771642
cate6-00093,cate6,1,37,22,0.725586,0.670898,0.099609,0.201172,21,22.000000,0.947254
cate6-00093,cate6,1,38,23,0.789062,0.645508,0.066406,0.119141,23,23.000000,0.936011
cate6-00093,cate6,1,41,24,0.508789,0.734375,0.048828,0.183594,25,24.000000,0.755477
cate6-00093,cate6,1,43,26,0.474609,0.797852,0.050781,0.169922,25,25.000000,0.790940
cate6-00093,cate6,1,44,27,0.411133,0.814453,0.064453,0.109375,28,,
cate6-00093,cate6,1,45,28,0.333984,0.768555,0.078125,0.115234,28,,
cate6-00093,cate6,1,46,29,0.375000,0.706055,0.085938,0.181641,28,29.000000,0.599428
cate6-00093,cate6,1,47,30,0.290039,0.672852,0.123047,0.208984,29,30.000000,0.889625
cate6-00093,cate6,1,48,31,0.216797,0.656250,0.074219,0.125000,31,31.000000,0.932232
cate6-00099,cate6,2,11,0,0.499023,0.486328,0.044922,0.253906,0,0.000000,0.931492
cate6-00099,cate6,2,12,1,0.458984,0.478516,0.039062,0.253906,1,1.000000,0.916481
cate6-00099,cate6,2,13,2,0.416016,0.369141,0.058594,0.246094,2,2.000000,0.924848
cate6-00099,cate6,2,14,3,0.402344,0.448242,0.058594,0.205078,3,,
cate6-00099,cate6,2,15,4,0.353516,0.404297,0.054688,0.167969,4,4.000000,0.852013
cate6-00099,cate6,2,16,5,0.304688,0.516602,0.066406,0.189453,5,5.000000,0.775812
cate6-00099,cate6,2,17,6,0.258789,0.460938,0.068359,0.156250,5,6.000000,0.959385
cate6-00099,cate6,2,18,7,0.216797,0.402344,0.062500,0.093750,7,7.000000,0.917975
cate6-00099,cate6,2,21,8,0.542969,0.492188,0.050781,0.246094,8,8.000000,0.886118
cate6-00099,cate6,2,22,9,0.577148,0.493164,0.037109,0.224609,9,9.000000,0.893607
cate6-00099,cate6,2,23,10,0.619141,0.397461,0.054688,0.255859,10,10.000000,0.952642
cate6-00099,cate6,2,24,11,0.676758,0.396484,0.060547,0.187500,13,12.000000,0.755917
cate6-00099,cate6,2,25,12,0.688477,0.529297,0.052734,0.144531,13,,
cate6-00099,cate6,2,26,13,0.739258,0.504883,0.060547,0.216797,13,13.000000,0.790381
cate6-00099,cate6,2,27,14,0.785156,0.450195,0.066406,0.169922,14,14.000000,0.941891
cate6-00099,cate6,2,28,15,0.820312,0.395508,0.054688,0.107422,15,15.000000,0.942856
cate6-00099,cate6,2,31,16,0.531250,0.726562,0.027344,0.191406,16,16.000000,0.847067
cate6-00099,cate6,2,32,17,0.560547,0.727539,0.031250,0.185547,17,17.000000,0.933018
cate6-00099,cate6,2,33,18,0.597656,0.827148,0.062500,0.216797,18,18.000000,0.923596
cate6-00099,cate6,2,34,19,0.646484,0.847656,0.050781,0.179688,20,19.000000,0.899082
cate6-00099,cate6,2,35,20,0.678711,0.714844,0.076172,0.140625,21,21.000000,0.807023
cate6-00099,cate6,2,36,21,0.742188,0.750000,0.085938,0.230469,21,21.000000,0.741827
cate6-00099,cate6,2,37,22,0.813477,0.763672,0.076172,0.171875,23,22.000000,0.924187
cate6-00099,cate6,2,38,23,0.851562,0.671875,0.062500,0.128906,23,23.000000,0.935872
cate6-00099,cate6,2,41,24,0.500977,0.722656,0.029297,0.191406,24,24.000000,0.836085
cate6-00099,cate6,2,42,25,0.474609,0.723633,0.035156,0.193359,25,25.000000,0.836806
cate6-00099,cate6,2,43,26,0.445312,0.839844,0.058594,0.238281,26,26.000000,0.895764
cate6-00099,cate6,2,44,27,0.391602,0.838867,0.048828,0.185547,27,27.000000,0.714155
cate6-00099,cate6,2,45,28,0.363281,0.698242,0.078125,0.123047,28,29.000000,0.890312
cate6-00099,cate6,2,46,29,0.293945,0.742188,0.095703,0.222656,29,30.000000,0.921149
cate6-00099,cate6,2,47,30,0.217773,0.752930,0.087891,0.173828,30,30.000000,0.889606
cate6-00099,cate6,2,48,31,0.175781,0.671875,0.058594,0.125000,31,31.000000,0.948243
cate6-00101,cate6,3,11,0,0.488281,0.436523,0.042969,0.283203,0,0.000000,0.925851
cate6-00101,cate6,3,12,1,0.452148,0.424805,0.048828,0.283203,1,1.000000,0.889310
cate6-00101,cate6,3,13,2,0.413086,0.391602,0.052734,0.310547,2,2.000000,0.887119
cate6-00101,cate6,3,14,3,0.376953,0.405273,0.062500,0.232422,3,3.000000,0.907268
cate6-00101,cate6,3,15,4,0.333984,0.394531,0.050781,0.234375,4,4.000000,0.913683
cate6-00101,cate6,3,16,5,0.285156,0.381836,0.074219,0.224609,6,5.000000,0.910117
cate6-00101,cate6,3,17,6,0.249023,0.308594,0.056641,0.171875,7,6.000000,0.904654
cate6-00101,cate6,3,18,7,0.217773,0.233398,0.060547,0.111328,7,7.000000,0.921524
cate6-00101,cate6,3,21,8,0.533203,0.433594,0.042969,0.296875,8,8.000000,0.890485
cate6-00101,cate6,3,22,9,0.572266,0.436523,0.039062,0.251953,9,9.000000,0.901949
cate6-00101,cate6,3,23,10,0.610352,0.386719,0.044922,0.320312,10,10.000000,0.870217
cate6-00101,cate6,3,24,11,0.644531,0.385742,0.050781,0.271484,11,11.000000,0.910635
cate6-00101,cate6,3,25,12,0.680664,0.376953,0.056641,0.265625,12,12.000000,0.818169
cate6-00101,cate6,3,26,13,0.729492,0.372070,0.072266,0.240234,13,13.000000,0.914146
cate6-00101,cate6,3,27,14,0.768555,0.329102,0.064453,0.169922,14,14.000000,0.953675
cate6-00101,cate6,3,28,15,0.797852,0.248047,0.056641,0.105469,15,15.000000,0.933823
cate6-00101,cate6,3,31,16,0.535156,0.680664,0.039062,0.154297,16,16.000000,0.843767
cate6-00101,cate6,3,32,17,0.562500,0.680664,0.039062,0.185547,17,17.000000,0.848673
cate6-00101,cate6,3,33,18,0.610352,0.722656,0.068359,0.292969,18,18.000000,0.924695
cate6-00101,cate6,3,34,19,0.641602,0.677734,0.060547,0.222656,20,19.000000,0.928352
cate6-00101,cate6,3,35,20,0.688477,0.667969,0.080078,0.257812,20,20.000000,0.900317
cate6-00101,cate6,3,36,21,0.755859,0.629883,0.113281,0.248047,21,21.000000,0.974958
cate6-00101,cate6,3,37,22,0.814453,0.607422,0.085938,0.207031,22,22.000000,0.959826
cate6-00101,cate6,3,38,23,0.862305,0.534180,0.064453,0.126953,23,23.000000,0.893481
cate6-00101,cate6,3,41,24,0.502930,0.671875,0.029297,0.140625,25,24.000000,0.887339
cate6-00101,cate6,3,42,25,0.472656,0.671875,0.039062,0.175781,25,25.000000,0.822453
cate6-00101,cate6,3,43,26,0.432617,0.704102,0.052734,0.255859,26,26.000000,0.893147
cate6-00101,cate6,3,44,27,0.394531,0.683594,0.042969,0.230469,27,27.000000,0.862725
cate6-00101,cate6,3,45,28,0.339844,0.672852,0.062500,0.216797,28,28.000000,0.876360
cate6-00101,cate6,3,46,29,0.278320,0.629883,0.111328,0.240234,29,29.000000,0.945358
cate6-00101,cate6,3,47,30,0.213867,0.593750,0.099609,0.218750,30,30.000000,0.937600
cate6-00101,cate6,3,48,31,0.161133,0.550781,0.064453,0.128906,31,31.000000,0.935265
cate6-00105,cate6,3,11,0,0.499023,0.507812,0.048828,0.210938,0,0.000000,0.902399
cate6-00105,cate6,3,12,1,0.456055,0.493164,0.041016,0.224609,1,1.000000,0.948538
cate6-00105,cate6,3,13,2,0.411133,0.465820,0.052734,0.259766,2,2.000000,0.910950
cate6-00105,cate6,3,14,3,0.367188,0.500977,0.042969,0.197266,3,3.000000,0.901995
cate6-00105,cate6,3,15,4,0.325195,0.505859,0.044922,0.191406,4,4.000000,0.951079
cate6-00105,cate6,3,16,5,0.270508,0.492188,0.068359,0.199219,5,5.000000,0.901735
cate6-00105,cate6,3,17,6,0.228516,0.445312,0.082031,0.179688,6,6.000000,0.906295
cate6-00105,cate6,3,18,7,0.198242,0.373047,0.056641,0.093750,7,7.000000,0.887248
cate6-00105,cate6,3,21,8,0.547852,0.509766,0.048828,0.210938,8,8.000000,0.894332
cate6-00105,cate6,3,22,9,0.594727,0.500000,0.044922,0.222656,10,9.000000,0.909073
cate6-00105,cate6,3,23,10,0.637695,0.481445,0.048828,0.259766,11,10.000000,0.899936
cate6-00105,cate6,3,24,11,0.674805,0.510742,0.048828,0.208984,12,11.000000,0.929160
cate6-00105,cate6,3,25,12,0.716797,0.515625,0.046875,0.191406,13,12.000000,0.921736
cate6-00105,cate6,3,26,13,0.771484,0.500977,0.062500,0.205078,14,13.000000,0.925415
cate6-00105,cate6,3,27,14,0.811523,0.444336,0.068359,0.162109,15,14.000000,0.954580
cate6-00105,cate6,3,28,15,0.844727,0.370117,0.052734,0.087891,15,15.000000,0.930427
cate6-00105,cate6,3,31,16,0.529297,0.702148,0.031250,0.138672,16,16.000000,0.825208
cate6-00105,cate6,3,32,17,0.567383,0.715820,0.041016,0.169922,18,17.000000,0.853627
cate6-00105,cate6,3,33,18,0.611328,0.730469,0.046875,0.234375,18,18.000000,0.908016
cate6-00105,cate6,3,34,19,0.656250,0.727539,0.050781,0.212891,20,19.000000,0.933908
cate6-00105,cate6,3,35,20,0.703125,0.720703,0.054688,0.207031,20,20.000000,0.917505
cate6-00105,cate6,3,36,21,0.766602,0.703125,0.087891,0.203125,22,21.000000,0.922151
cate6-00105,cate6,3,37,22,0.830078,0.677734,0.074219,0.187500,22,22.000000,0.940045
cate6-00105,cate6,3,38,23,0.889648,0.621094,0.068359,0.117188,23,23.000000,0.890772
cate6-00105,cate6,3,41,24,0.496094,0.704102,0.035156,0.150391,24,24.000000,0.876979
cate6-00105,cate6,3,42,25,0.458008,0.707031,0.041016,0.160156,25,25.000000,0.868278
cate6-00105,cate6,3,43,26,0.413086,0.724609,0.052734,0.234375,26,26.000000,0.873596
cate6-00105,cate6,3,44,27,0.369141,0.713867,0.054688,0.212891,27,27.000000,0.873643
cate6-00105,cate6,3,45,28,0.320312,0.712891,0.054688,0.218750,28,28.000000,0.904004
cate6-00105,cate6,3,46,29,0.258789,0.698242,0.095703,0.208984,30,29.000000,0.939593
cate6-00105,cate6,3,47,30,0.193359,0.679688,0.082031,0.195312,31,30.000000,0.917165
cate6-00105,cate6,3,48,31,0.138672,0.616211,0.062500,0.119141,31,31.000000,0.933986
cate6-00108,cate6,4,11,0,0.489258,0.432617,0.041016,0.212891,0,0.000000,0.935891
cate6-00108,cate6,4,12,1,0.459961,0.429688,0.041016,0.191406,0,1.000000,0.881061
cate6-00108,cate6,4,13,2,0.420898,0.411133,0.037109,0.236328,2,2.000000,0.787167
cate6-00108,cate6,4,14,3,0.391602,0.440430,0.041016,0.205078,3,3.000000,0.798460
cate6-00108,cate6,4,15,4,0.358398,0.450195,0.044922,0.185547,4,4.000000,0.803111
cate6-00108,cate6,4,16,5,0.307617,0.440430,0.060547,0.205078,5,5.000000,0.913899
cate6-00108,cate6,4,17,6,0.250000,0.428711,0.058594,0.193359,6,6.000000,0.920042
cate6-00108,cate6,4,18,7,0.226562,0.350586,0.058594,0.115234,7,7.000000,0.929952
cate6-00108,cate6,4,21,8,0.532227,0.429688,0.041016,0.238281,8,8.000000,0.927643
cate6-00108,cate6,4,22,9,0.566406,0.412109,0.035156,0.214844,9,9.000000,0.859469
cate6-00108,cate6,4,23,10,0.594727,0.416992,0.037109,0.232422,10,10.000000,0.800228
cate6-00108,cate6,4,24,11,0.626953,0.428711,0.042969,0.216797,10,11.000000,0.752126
cate6-00108,cate6,4,25,12,0.660156,0.430664,0.042969,0.197266,12,12.000000,0.839837
cate6-00108,cate6,4,26,13,0.708984,0.438477,0.062500,0.197266,13,13.000000,0.893638
cate6-00108,cate6,4,27,14,0.765625,0.413086,0.058594,0.220703,14,14.000000,0.889119
cate6-00108,cate6,4,28,15,0.797852,0.351562,0.052734,0.113281,15,15.000000,0.940022
cate6-00108,cate6,4,31,16,0.511719,0.656250,0.031250,0.183594,16,16.000000,0.833788
cate6-00108,cate6,4,32,17,0.536133,0.649414,0.037109,0.181641,17,17.000000,0.838928
cate6-00108,cate6,4,33,18,0.567383,0.667969,0.033203,0.203125,17,18.000000,0.843331
cate6-00108,cate6,4,34,19,0.597656,0.682617,0.039062,0.232422,19,19.000000,0.866480
cate6-00108,cate6,4,35,20,0.634766,0.669922,0.042969,0.222656,19,20.000000,0.814255
cate6-00108,cate6,4,36,21,0.691406,0.664062,0.070312,0.218750,21,21.000000,0.829935
cate6-00108,cate6,4,37,22,0.748047,0.643555,0.085938,0.205078,21,22.000000,0.955654
cate6-00108,cate6,4,38,23,0.819336,0.626953,0.080078,0.132812,23,23.000000,0.923493
cate6-00108,cate6,4,41,24,0.488281,0.660156,0.027344,0.191406,24,24.000000,0.759847
cate6-00108,cate6,4,42,25,0.459961,0.653320,0.029297,0.181641,25,25.000000,0.766506
cate6-00108,cate6,4,43,26,0.432617,0.681641,0.033203,0.226562,26,26.000000,0.929929
cate6-00108,cate6,4,44,27,0.405273,0.685547,0.041016,0.238281,26,27.000000,0.921601
cate6-00108,cate6,4,45,28,0.366211,0.679688,0.048828,0.218750,28,28.000000,0.882669
cate6-00108,cate6,4,46,29,0.310547,0.670898,0.078125,0.220703,29,29.000000,0.887156
cate6-00108,cate6,4,47,30,0.250000,0.644531,0.078125,0.207031,30,30.000000,0.915743
cate6-00108,cate6,4,48,31,0.193359,0.636719,0.070312,0.121094,31,31.000000,0.949501
cate6-00115,cate6,1,11,0,0.503906,0.449219,0.046875,0.234375,0,0.000000,0.821785
cate6-00115,cate6,1,12,1,0.475586,0.434570,0.048828,0.232422,0,1.000000,0.815490
cate6-00115,cate6,1,13,2,0.451172,0.333984,0.050781,0.246094,1,2.000000,0.912925
cate6-00115,cate6,1,14,3,0.413086,0.397461,0.064453,0.216797,2,3.000000,0.838805
cate6-00115,cate6,1,15,4,0.370117,0.333008,0.052734,0.173828,3,4.000000,0.923554
cate6-00115,cate6,1,16,5,0.363281,0.457031,0.058594,0.109375,4,,
cate6-00115,cate6,1,17,6,0.301758,0.400391,0.064453,0.199219,5,6.000000,0.940886
cate6-00115,cate6,1,18,7,0.274414,0.309570,0.080078,0.150391,7,7.000000,0.951564
cate6-00115,cate6,1,21,8,0.545898,0.458008,0.041016,0.216797,9,8.000000,0.820069
cate6-00115,cate6,1,22,9,0.572266,0.449219,0.042969,0.226562,9,9.000000,0.811571
cate6-00115,cate6,1,23,10,0.604492,0.357422,0.052734,0.277344,10,10.000000,0.938040
cate6-00115,cate6,1,24,11,0.635742,0.456055,0.052734,0.185547,12,11.000000,0.818978
cate6-00115,cate6,1,25,12,0.672852,0.377930,0.044922,0.158203,12,12.000000,0.869809
cate6-00115,cate6,1,26,13,0.682617,0.467773,0.052734,0.134766,13,,
cate6-00115,cate6,1,27,14,0.737305,0.430664,0.060547,0.185547,13,13.000000,0.724098
cate6-00115,cate6,1,28,15,0.766602,0.324219,0.064453,0.148438,15,15.000000,0.929533
cate6-00115,cate6,1,31,16,0.547852,0.673828,0.033203,0.175781,17,16.000000,0.887556
cate6-00115,cate6,1,32,17,0.581055,0.679688,0.037109,0.183594,18,17.000000,0.948515
cate6-00115,cate6,1,33,18,0.615234,0.727539,0.050781,0.208984,19,18.000000,0.899830
cate6-00115,cate6,1,34,19,0.651367,0.731445,0.044922,0.197266,20,19.000000,0.903888
cate6-00115,cate6,1,35,20,0.704102,0.732422,0.052734,0.179688,20,20.000000,0.620171
cate6-00115,cate6,1,36,21,0.690430,0.611328,0.064453,0.121094,21,21.000000,0.518124
cate6-00115,cate6,1,37,22,0.755859,0.630859,0.097656,0.214844,21,22.000000,0.683076
cate6-00115,cate6,1,38,23,0.816406,0.616211,0.082031,0.169922,22,22.000000,0.958983
cate6-00115,cate6,1,41,24,0.522461,0.676758,0.033203,0.173828,16,24.000000,0.861306
cate6-00115,cate6,1,42,25,0.493164,0.681641,0.037109,0.199219,24,25.000000,0.875940
cate6-00115,cate6,1,43,26,0.456055,0.697266,0.048828,0.222656,26,26.000000,0.860102
cate6-00115,cate6,1,44,27,0.418945,0.693359,0.056641,0.222656,26,27.000000,0.927061
cate6-00115,cate6,1,45,28,0.352539,0.703125,0.068359,0.191406,28,28.000000,0.773466
cate6-00115,cate6,1,46,29,0.372070,0.590820,0.083984,0.123047,28,,
cate6-00115,cate6,1,47,30,0.300781,0.615234,0.105469,0.218750,29,29.000000,0.944657
cate6-00115,cate6,1,48,31,0.226562,0.591797,0.082031,0.164062,30,30.000000,0.839529
cate6-00122,cate6,4,11,0,0.491211,0.475586,0.048828,0.224609,0,0.000000,0.941889
cate6-00122,cate6,4,12,1,0.457031,0.464844,0.039062,0.234375,1,1.000000,0.885977
cate6-00122,cate6,4,13,2,0.424805,0.434570,0.048828,0.244141,2,2.000000,0.824126
cate6-00122,cate6,4,14,3,0.397461,0.444336,0.056641,0.220703,3,3.000000,0.853715
cate6-00122,cate6,4,15,4,0.364258,0.393555,0.060547,0.158203,3,,
cate6-00122,cate6,4,16,5,0.296875,0.429688,0.066406,0.195312,5,5.000000,0.928031
cate6-00122,cate6,4,17,6,0.243164,0.407227,0.072266,0.166016,6,6.000000,0.896981
cate6-00122,cate6,4,18,7,0.225586,0.269531,0.056641,0.070312,7,,
cate6-00122,cate6,4,21,8,0.532227,0.448242,0.044922,0.275391,8,8.000000,0.911442
cate6-00122,cate6,4,22,9,0.568359,0.463867,0.046875,0.208984,9,9.000000,0.868856
cate6-00122,cate6,4,23,10,0.601562,0.428711,0.042969,0.248047,10,10.000000,0.864448
cate6-00122,cate6,4,24,11,0.636719,0.436523,0.054688,0.224609,11,11.000000,0.827629
cate6-00122,cate6,4,25,12,0.660156,0.381836,0.054688,0.154297,11,12.000000,0.515864
cate6-00122,cate6,4,26,13,0.728516,0.421875,0.062500,0.179688,13,13.000000,0.793061
cate6-00122,cate6,4,27,14,0.776367,0.381836,0.072266,0.166016,14,14.000000,0.931195
cate6-00122,cate6,4,28,15,0.798828,0.252930,0.050781,0.056641,15,,
cate6-00122,cate6,4,31,16,0.520508,0.683594,0.025391,0.156250,16,16.000000,0.831823
cate6-00122,cate6,4,32,17,0.548828,0.689453,0.031250,0.183594,17,17.000000,0.808794
cate6-00122,cate6,4,33,18,0.581055,0.704102,0.044922,0.240234,18,18.000000,0.866453
cate6-00122,cate6,4,34,19,0.623047,0.687500,0.066406,0.203125,19,19.000000,0.925357
cate6-00122,cate6,4,35,20,0.659180,0.670898,0.056641,0.193359,20,20.000000,0.850366
cate6-00122,cate6,4,36,21,0.718750,0.632812,0.101562,0.207031,21,21.000000,0.965762
cate6-00122,cate6,4,37,22,0.780273,0.575195,0.099609,0.201172,22,22.000000,0.973664
cate6-00122,cate6,4,38,23,0.848633,0.524414,0.044922,0.087891,23,23.000000,0.802177
cate6-00122,cate6,4,41,24,0.497070,0.682617,0.029297,0.146484,24,24.000000,0.794796
cate6-00122,cate6,4,42,25,0.472656,0.679688,0.035156,0.167969,25,25.000000,0.838884
cate6-00122,cate6,4,43,26,0.445312,0.684570,0.050781,0.205078,26,26.000000,0.929483
cate6-00122,cate6,4,44,27,0.401367,0.694336,0.052734,0.208984,27,27.000000,0.949698
cate6-00122,cate6,4,45,28,0.351562,0.684570,0.066406,0.189453,28,28.000000,0.935168
cate6-00122,cate6,4,46,29,0.292969,0.642578,0.109375,0.214844,29,29.000000,0.907997
cate6-00122,cate6,4,47,30,0.225586,0.594727,0.095703,0.193359,30,30.000000,0.931764
cate6-00123,cate6,0,11,0,0.495117,0.503906,0.041016,0.195312,0,0.000000,0.917315
cate6-00123,cate6,0,12,1,0.460938,0.473633,0.035156,0.126953,1,1.000000,0.837929
cate6-00123,cate6,0,13,2,0.425781,0.341797,0.054688,0.136719,2,2.000000,0.886767
cate6-00123,cate6,0,14,3,0.405273,0.438477,0.052734,0.115234,4,3.000000,0.880236
cate6-00123,cate6,0,15,4,0.360352,0.418945,0.048828,0.083984,5,,
cate6-00123,cate6,0,16,5,0.355469,0.509766,0.054688,0.117188,5,5.000000,0.920932
cate6-00123,cate6,0,17,6,0.298828,0.468750,0.062500,0.171875,5,6.000000,0.878313
cate6-00123,cate6,0,18,7,0.272461,0.399414,0.056641,0.087891,7,7.000000,0.954690
cate6-00123,cate6,0,21,8,0.535156,0.480469,0.039062,0.144531,8,8.000000,0.900834
cate6-00123,cate6,0,22,9,0.573242,0.473633,0.037109,0.138672,9,10.000000,0.671577
cate6-00123,cate6,0,23,10,0.614258,0.384766,0.052734,0.140625,11,10.000000,0.509618
cate6-00123,cate6,0,24,11,0.627930,0.477539,0.048828,0.111328,11,11.000000,0.880238
cate6-00123,cate6,0,25,12,0.669922,0.459961,0.039062,0.099609,13,12.000000,0.975866
cate6-00123,cate6,0,26,13,0.667969,0.549805,0.054688,0.123047,13,13.000000,0.869198
cate6-00123,cate6,0,27,14,0.722656,0.507812,0.066406,0.167969,14,14.000000,0.859098
cate6-00123,cate6,0,28,15,0.754883,0.439453,0.060547,0.101562,15,15.000000,0.914365
cate6-00123,cate6,0,31,16,0.527344,0.708984,0.031250,0.179688,16,16.000000,0.884230
cate6-00123,cate6,0,32,17,0.551758,0.753906,0.037109,0.152344,17,,
cate6-00123,cate6,0,33,18,0.590820,0.851562,0.064453,0.132812,18,,
cate6-00123,cate6,0,34,19,0.575195,0.708984,0.033203,0.160156,18,19.000000,0.919862
cate6-00123,cate6,0,35,20,0.611328,0.714844,0.058594,0.148438,18,20.000000,0.917852
cate6-00123,cate6,0,36,21,0.665039,0.708008,0.076172,0.162109,21,21.000000,0.941433
cate6-00123,cate6,0,37,22,0.723633,0.695312,0.095703,0.175781,21,22.000000,0.937537
cate6-00123,cate6,0,38,23,0.792969,0.702148,0.062500,0.099609,23,23.000000,0.944178
cate6-00123,cate6,0,41,24,0.498047,0.701172,0.027344,0.171875,24,24.000000,0.887128
cate6-00123,cate6,0,42,25,0.467773,0.764648,0.044922,0.126953,25,,
cate6-00123,cate6,0,43,26,0.414062,0.828125,0.070312,0.132812,26,,
cate6-00123,cate6,0,44,27,0.443359,0.680664,0.046875,0.154297,25,27.000000,0.647926
cate6-00123,cate6,0,45,28,0.415039,0.679688,0.056641,0.136719,27,27.000000,0.720766
cate6-00123,cate6,0,46,29,0.360352,0.659180,0.080078,0.134766,29,29.000000,0.909738
cate6-00123,cate6,0,47,30,0.298828,0.656250,0.097656,0.175781,29,30.000000,0.922385
cate6-00123,cate6,0,48,31,0.231445,0.650391,0.064453,0.101562,31,31.000000,0.943081
cate6-00141,cate6,4,11,0,0.485352,0.445312,0.041016,0.316406,0,0.000000,0.945934
cate6-00141,cate6,4,12,1,0.455078,0.462891,0.058594,0.238281,1,1.000000,0.838131
cate6-00141,cate6,4,13,2,0.418945,0.346680,0.064453,0.275391,2,2.000000,0.866415
cate6-00141,cate6,4,14,3,0.375977,0.432617,0.056641,0.197266,3,3.000000,0.889373
cate6-00141,cate6,4,15,4,0.339844,0.400391,0.054688,0.171875,4,4.000000,0.827007
cate6-00141,cate6,4,16,5,0.278320,0.430664,0.068359,0.208984,5,5.000000,0.901325
cate6-00141,cate6,4,17,6,0.229492,0.387695,0.072266,0.162109,6,6.000000,0.904999
cate6-00141,cate6,4,18,7,0.202148,0.302734,0.048828,0.082031,7,7.000000,0.900720
cate6-00141,cate6,4,21,8,0.531250,0.433594,0.042969,0.335938,8,8.000000,0.920943
cate6-00141,cate6,4,22,9,0.571289,0.474609,0.041016,0.230469,9,9.000000,0.901984
cate6-00141,cate6,4,23,10,0.601562,0.380859,0.050781,0.218750,10,10.000000,0.868409
cate6-00141,cate6,4,24,11,0.636719,0.464844,0.046875,0.195312,11,11.000000,0.901738
cate6-00141,cate6,4,25,12,0.671875,0.395508,0.050781,0.166016,12,12.000000,0.836044
cate6-00141,cate6,4,26,13,0.730469,0.418945,0.074219,0.208984,13,13.000000,0.909083
cate6-00141,cate6,4,27,14,0.780273,0.379883,0.072266,0.146484,14,14.000000,0.923769
cate6-00141,cate6,4,28,15,0.809570,0.305664,0.056641,0.087891,15,15.000000,0.933529
cate6-00141,cate6,4,31,16,0.524414,0.708984,0.041016,0.152344,17,16.000000,0.861878
cate6-00141,cate6,4,32,17,0.548828,0.708984,0.035156,0.171875,17,17.000000,0.882999
cate6-00141,cate6,4,33,18,0.598633,0.796875,0.072266,0.187500,18,18.000000,0.912462
cate6-00141,cate6,4,34,19,0.624023,0.742188,0.076172,0.195312,18,19.000000,0.864769
cate6-00141,cate6,4,35,20,0.677734,0.742188,0.078125,0.175781,20,20.000000,0.849133
cate6-00141,cate6,4,36,21,0.720703,0.668945,0.105469,0.224609,21,21.000000,0.958562
cate6-00141,cate6,4,37,22,0.790039,0.644531,0.091797,0.171875,22,22.000000,0.935605
cate6-00141,cate6,4,38,23,0.835938,0.589844,0.054688,0.113281,23,23.000000,0.908067
cate6-00141,cate6,4,41,24,0.498047,0.727539,0.039062,0.193359,25,24.000000,0.749855
cate6-00141,cate6,4,42,25,0.472656,0.697266,0.035156,0.171875,25,25.000000,0.863472
cate6-00141,cate6,4,43,26,0.437500,0.791016,0.054688,0.167969,26,26.000000,0.924747
cate6-00141,cate6,4,44,27,0.410156,0.716797,0.062500,0.179688,27,27.000000,0.944503
cate6-00141,cate6,4,45,28,0.345703,0.750000,0.074219,0.152344,28,28.000000,0.882717
cate6-00141,cate6,4,46,29,0.292969,0.674805,0.117188,0.216797,30,29.000000,0.913262
cate6-00141,cate6,4,47,30,0.219727,0.652344,0.095703,0.171875,30,30.000000,0.951437
cate6-00141,cate6,4,48,31,0.166016,0.598633,0.054688,0.107422,31,31.000000,0.903075
cate6-00144,cate6,0,11,0,0.488281,0.528320,0.042969,0.169922,0,0.000000,0.928209
cate6-00144,cate6,0,12,1,0.452148,0.485352,0.041016,0.130859,1,,
cate6-00144,cate6,0,13,2,0.422852,0.382812,0.056641,0.128906,3,2.000000,0.640494
cate6-00144,cate6,0,14,3,0.401367,0.463867,0.056641,0.115234,4,3.000000,0.649930
cate6-00144,cate6,0,15,4,0.350586,0.447266,0.044922,0.097656,4,4.000000,0.931558
cate6-00144,cate6,0,16,5,0.344727,0.538086,0.052734,0.126953,5,5.000000,0.839909
cate6-00144,cate6,0,17,6,0.293945,0.500977,0.068359,0.177734,5,6.000000,0.901141
cate6-00144,cate6,0,18,7,0.253906,0.416992,0.066406,0.111328,7,7.000000,0.949268
cate6-00144,cate6,0,21,8,0.536133,0.525391,0.044922,0.144531,8,8.000000,0.922984
cate6-00144,cate6,0,22,9,0.571289,0.528320,0.033203,0.126953,9,9.000000,0.897081
cate6-00144,cate6,0,23,10,0.603516,0.400391,0.050781,0.136719,11,10.000000,0.543814
cate6-00144,cate6,0,24,11,0.626953,0.478516,0.050781,0.121094,11,11.000000,0.917825
cate6-00144,cate6,0,25,12,0.667969,0.458984,0.050781,0.097656,13,12.000000,0.909750
cate6-00144,cate6,0,26,13,0.675781,0.543945,0.050781,0.142578,12,13.000000,0.939061
cate6-00144,cate6,0,27,14,0.730469,0.510742,0.062500,0.177734,14,14.000000,0.827025
cate6-00144,cate6,0,28,15,0.768555,0.429688,0.064453,0.109375,15,15.000000,0.897676
cate6-00144,cate6,0,31,16,0.527344,0.717773,0.027344,0.162109,16,16.000000,0.801078
cate6-00144,cate6,0,32,17,0.554688,0.715820,0.042969,0.166016,17,17.000000,0.907780
cate6-00144,cate6,0,33,18,0.583008,0.828125,0.060547,0.148438,18,18.000000,0.731646
cate6-00144,cate6,0,34,19,0.587891,0.700195,0.031250,0.138672,19,19.000000,0.505854
cate6-00144,cate6,0,35,20,0.625977,0.702148,0.056641,0.126953,20,20.000000,0.926809
cate6-00144,cate6,0,36,21,0.679688,0.690430,0.074219,0.138672,21,21.000000,0.934224
cate6-00144,cate6,0,37,22,0.742188,0.698242,0.085938,0.193359,21,22.000000,0.918994
cate6-00144,cate6,0,38,23,0.834961,0.638672,0.060547,0.109375,23,23.000000,0.915622
cate6-00144,cate6,0,41,24,0.500000,0.715820,0.031250,0.166016,24,24.000000,0.620278
cate6-00144,cate6,0,42,25,0.470703,0.718750,0.035156,0.167969,25,25.000000,0.733705
cate6-00144,cate6,0,43,26,0.435547,0.827148,0.050781,0.142578,26,26.000000,0.630676
cate6-00144,cate6,0,44,27,0.437500,0.696289,0.035156,0.150391,26,26.000000,0.885388
cate6-00144,cate6,0,45,28,0.393555,0.687500,0.056641,0.125000,27,27.000000,0.753116
cate6-00144,cate6,0,46,29,0.342773,0.702148,0.083984,0.185547,29,29.000000,0.900952
cate6-00144,cate6,0,47,30,0.277344,0.685547,0.089844,0.195312,29,30.000000,0.905075
cate6-00144,cate6,0,48,31,0.200195,0.658203,0.060547,0.097656,31,31.000000,0.953055
cate6-00147,cate6,0,11,0,0.478516,0.478516,0.050781,0.234375,0,0.000000,0.914902
cate6-00147,cate6,0,12,1,0.437500,0.454102,0.046875,0.201172,2,1.000000,0.774344
cate6-00147,cate6,0,13,2,0.397461,0.308594,0.060547,0.183594,2,2.000000,0.953877
cate6-00147,cate6,0,14,3,0.376953,0.405273,0.062500,0.138672,3,3.000000,0.766712
cate6-00147,cate6,0,15,4,0.326172,0.385742,0.050781,0.126953,4,4.000000,0.920733
cate6-00147,cate6,0,16,5,0.315430,0.499023,0.056641,0.130859,5,5.000000,0.715009
cate6-00147,cate6,0,17,6,0.265625,0.425781,0.085938,0.214844,6,6.000000,0.922044
cate6-00147,cate6,0,18,7,0.236328,0.332031,0.066406,0.132812,7,7.000000,0.931681
cate6-00147,cate6,0,21,8,0.533203,0.466797,0.046875,0.261719,8,8.000000,0.849674
cate6-00147,cate6,0,22,9,0.579102,0.460938,0.044922,0.214844,9,9.000000,0.813098
cate6-00147,cate6,0,23,10,0.607422,0.300781,0.058594,0.179688,10,10.000000,0.884314
cate6-00147,cate6,0,24,11,0.632812,0.382812,0.062500,0.164062,10,11.000000,0.927601
cate6-00147,cate6,0,25,12,0.678711,0.361328,0.052734,0.136719,12,12.000000,0.956183
cate6-00147,cate6,0,26,13,0.694336,0.483398,0.056641,0.126953,13,13.000000,0.882380
cate6-00147,cate6,0,27,14,0.744141,0.406250,0.085938,0.207031,14,14.000000,0.861842
cate6-00147,cate6,0,28,15,0.771484,0.317383,0.070312,0.126953,15,15.000000,0.928581
cate6-00147,cate6,0,31,16,0.530273,0.699219,0.044922,0.167969,17,16.000000,0.788974
cate6-00147,cate6,0,32,17,0.560547,0.694336,0.042969,0.177734,17,17.000000,0.814272
cate6-00147,cate6,0,33,18,0.610352,0.830078,0.076172,0.160156,18,18.000000,0.684838
cate6-00147,cate6,0,34,19,0.597656,0.683594,0.042969,0.160156,19,19.000000,0.739201
cate6-00147,cate6,0,35,20,0.633789,0.658203,0.056641,0.125000,20,20.000000,0.866586
cate6-00147,cate6,0,36,21,0.700195,0.732422,0.060547,0.125000,20,20.000000,0.905914
cate6-00147,cate6,0,37,22,0.739258,0.647461,0.111328,0.224609,21,22.000000,0.970502
cate6-00147,cate6,0,38,23,0.804688,0.619141,0.078125,0.125000,23,23.000000,0.931180
cate6-00147,cate6,0,41,24,0.500977,0.716797,0.060547,0.191406,25,24.000000,0.833742
cate6-00147,cate6,0,42,25,0.461914,0.708984,0.056641,0.167969,25,25.000000,0.505548
cate6-00147,cate6,0,43,26,0.431641,0.848633,0.082031,0.150391,26,,
cate6-00147,cate6,0,44,27,0.416992,0.700195,0.037109,0.169922,26,27.000000,0.917695
cate6-00147,cate6,0,45,28,0.378906,0.682617,0.054688,0.134766,28,28.000000,0.711481
cate6-00147,cate6,0,46,29,0.317383,0.776367,0.052734,0.130859,28,,
cate6-00147,cate6,0,47,30,0.273438,0.678711,0.121094,0.236328,29,30.000000,0.923331
cate6-00147,cate6,0,48,31,0.208984,0.654297,0.078125,0.128906,31,31.000000,0.960682
cate6-00151,cate6,3,11,0,0.492188,0.463867,0.050781,0.232422,0,0.000000,0.919827
cate6-00151,cate6,3,12,1,0.450195,0.456055,0.052734,0.228516,1,1.000000,0.925452
cate6-00151,cate6,3,13,2,0.408203,0.300781,0.078125,0.191406,2,2.000000,0.916089
cate6-00151,cate6,3,14,3,0.378906,0.385742,0.054688,0.166016,4,3.000000,0.916349
cate6-00151,cate6,3,15,4,0.326172,0.380859,0.046875,0.148438,5,4.000000,0.978486
cate6-00151,cate6,3,16,5,0.321289,0.493164,0.056641,0.119141,5,5.000000,0.686995
cate6-00151,cate6,3,17,6,0.257812,0.445312,0.074219,0.195312,6,6.000000,0.953337
cate6-00151,cate6,3,18,7,0.218750,0.368164,0.066406,0.138672,7,7.000000,0.941489
cate6-00151,cate6,3,21,8,0.544922,0.462891,0.046875,0.234375,8,8.000000,0.931217
cate6-00151,cate6,3,22,9,0.587891,0.471680,0.035156,0.201172,9,9.000000,0.903031
cate6-00151,cate6,3,23,10,0.633789,0.330078,0.076172,0.187500,11,10.000000,0.835092
cate6-00151,cate6,3,24,11,0.657227,0.407227,0.048828,0.150391,11,11.000000,0.949668
cate6-00151,cate6,3,25,12,0.703125,0.397461,0.046875,0.138672,12,12.000000,0.954553
cate6-00151,cate6,3,26,13,0.705078,0.508789,0.054688,0.123047,13,13.000000,0.716768
cate6-00151,cate6,3,27,14,0.766602,0.447266,0.068359,0.214844,13,14.000000,0.912521
cate6-00151,cate6,3,28,15,0.808594,0.390625,0.058594,0.132812,15,15.000000,0.876373
cate6-00151,cate6,3,31,16,0.529297,0.699219,0.031250,0.199219,17,16.000000,0.866414
cate6-00151,cate6,3,32,17,0.565430,0.700195,0.037109,0.193359,18,17.000000,0.895030
cate6-00151,cate6,3,33,18,0.603516,0.847656,0.082031,0.191406,18,18.000000,0.949812
cate6-00151,cate6,3,34,19,0.600586,0.685547,0.033203,0.160156,19,19.000000,0.836594
cate6-00151,cate6,3,35,20,0.638672,0.667969,0.058594,0.132812,20,20.000000,0.808053
cate6-00151,cate6,3,36,21,0.696289,0.680664,0.080078,0.189453,21,21.000000,0.773774
cate6-00151,cate6,3,37,22,0.772461,0.682617,0.111328,0.228516,22,22.000000,0.949910
cate6-00151,cate6,3,38,23,0.837891,0.672852,0.078125,0.138672,23,23.000000,0.917171
cate6-00151,cate6,3,41,24,0.495117,0.700195,0.029297,0.205078,24,24.000000,0.862286
cate6-00151,cate6,3,42,25,0.460938,0.703125,0.035156,0.203125,25,25.000000,0.868472
cate6-00151,cate6,3,43,26,0.415039,0.847656,0.064453,0.187500,26,26.000000,0.843886
cate6-00151,cate6,3,44,27,0.419922,0.689453,0.042969,0.179688,26,27.000000,0.757380
cate6-00151,cate6,3,45,28,0.381836,0.665039,0.064453,0.142578,28,28.000000,0.798987
cate6-00151,cate6,3,46,29,0.323242,0.668945,0.091797,0.173828,29,29.000000,0.888699
cate6-00151,cate6,3,47,30,0.250977,0.678711,0.111328,0.236328,30,30.000000,0.951181
cate6-00151,cate6,3,48,31,0.185547,0.655273,0.074219,0.130859,31,31.000000,0.960154
cate6-00153,cate6,3,11,0,0.490234,0.524414,0.050781,0.169922,0,0.000000,0.921068
cate6-00153,cate6,3,12,1,0.440430,0.520508,0.052734,0.193359,1,1.000000,0.840254
cate6-00153,cate6,3,13,2,0.392578,0.386719,0.082031,0.171875,2,2.000000,0.862774
cate6-00153,cate6,3,14,3,0.367188,0.466797,0.062500,0.140625,5,3.000000,0.914613
cate6-00153,cate6,3,15,4,0.314453,0.470703,0.054688,0.132812,5,4.000000,0.920207
cate6-00153,cate6,3,16,5,0.254883,0.512695,0.072266,0.173828,5,5.000000,0.802863
cate6-00153,cate6,3,17,6,0.211914,0.439453,0.068359,0.117188,7,6.000000,0.955181
cate6-00153,cate6,3,18,7,0.165039,0.379883,0.052734,0.083984,7,7.000000,0.845690
cate6-00153,cate6,3,21,8,0.550781,0.511719,0.050781,0.199219,8,8.000000,0.915088
cate6-00153,cate6,3,22,9,0.598633,0.505859,0.041016,0.187500,10,9.000000,0.926748
cate6-00153,cate6,3,23,10,0.638672,0.375000,0.062500,0.160156,11,10.000000,0.952216
cate6-00153,cate6,3,24,11,0.666992,0.467773,0.041016,0.146484,12,11.000000,0.920158
cate6-00153,cate6,3,25,12,0.707031,0.451172,0.046875,0.136719,12,12.000000,0.930773
cate6-00153,cate6,3,26,13,0.757812,0.488281,0.066406,0.175781,14,14.000000,0.768706
cate6-00153,cate6,3,27,14,0.792969,0.414062,0.058594,0.121094,15,15.000000,0.769866
cate6-00153,cate6,3,28,15,0.832031,0.356445,0.046875,0.083984,15,15.000000,0.534756
cate6-00153,cate6,3,31,16,0.559570,0.750000,0.052734,0.179688,17,16.000000,0.763059
cate6-00153,cate6,3,32,17,0.595703,0.746094,0.054688,0.191406,18,17.000000,0.830474
cate6-00153,cate6,3,33,18,0.635742,0.809570,0.060547,0.177734,20,18.000000,0.957855
cate6-00153,cate6,3,34,19,0.628906,0.697266,0.050781,0.164062,19,19.000000,0.856441
cate6-00153,cate6,3,35,20,0.665039,0.675781,0.052734,0.125000,20,20.000000,0.755101
cate6-00153,cate6,3,36,21,0.714844,0.663086,0.078125,0.150391,22,21.000000,0.907278
cate6-00153,cate6,3,37,22,0.774414,0.665039,0.087891,0.205078,22,22.000000,0.958832
cate6-00153,cate6,3,38,23,0.825195,0.647461,0.060547,0.123047,23,23.000000,0.834481
cate6-00153,cate6,3,41,24,0.525391,0.751953,0.058594,0.175781,17,24.000000,0.766579
cate6-00153,cate6,3,42,25,0.476562,0.727539,0.039062,0.130859,25,,
cate6-00153,cate6,3,43,26,0.445312,0.810547,0.066406,0.156250,26,,
cate6-00153,cate6,3,44,27,0.428711,0.698242,0.048828,0.126953,28,27.000000,0.778457
cate6-00153,cate6,3,45,28,0.382812,0.679688,0.074219,0.113281,28,,
cate6-00153,cate6,3,46,29,0.328125,0.669922,0.085938,0.125000,29,29.000000,0.752073
cate6-00153,cate6,3,47,30,0.250000,0.699219,0.109375,0.218750,30,30.000000,0.928435
cate6-00153,cate6,3,48,31,0.175781,0.696289,0.078125,0.138672,31,31.000000,0.704011
cate6-00158,cate6,4,11,0,0.500977,0.495117,0.041016,0.169922,0,0.000000,0.937099
cate6-00158,cate6,4,12,1,0.466797,0.487305,0.039062,0.166016,1,1.000000,0.892222
cate6-00158,cate6,4,13,2,0.431641,0.437500,0.050781,0.246094,2,2.000000,0.826697
cate6-00158,cate6,4,14,3,0.391602,0.478516,0.044922,0.144531,3,3.000000,0.691937
cate6-00158,cate6,4,15,4,0.359375,0.460938,0.054688,0.175781,3,4.000000,0.725064
cate6-00158,cate6,4,16,5,0.313477,0.441406,0.076172,0.179688,5,5.000000,0.910397
cate6-00158,cate6,4,17,6,0.270508,0.429688,0.091797,0.156250,6,6.000000,0.864676
cate6-00158,cate6,4,18,7,0.251953,0.329102,0.062500,0.123047,7,7.000000,0.940021
cate6-00158,cate6,4,21,8,0.540039,0.491211,0.037109,0.181641,9,8.000000,0.828999
cate6-00158,cate6,4,22,9,0.580078,0.496094,0.035156,0.175781,9,9.000000,0.920501
cate6-00158,cate6,4,23,10,0.612305,0.464844,0.037109,0.226562,10,10.000000,0.876384
cate6-00158,cate6,4,24,11,0.645508,0.484375,0.037109,0.152344,11,11.000000,0.855123
cate6-00158,cate6,4,25,12,0.672852,0.460938,0.041016,0.160156,12,12.000000,0.854115
cate6-00158,cate6,4,26,13,0.711914,0.438477,0.060547,0.197266,13,13.000000,0.939036
cate6-00158,cate6,4,27,14,0.765625,0.423828,0.062500,0.171875,14,14.000000,0.931347
cate6-00158,cate6,4,28,15,0.779297,0.352539,0.050781,0.099609,15,15.000000,0.919210
cate6-00158,cate6,4,31,16,0.527344,0.662109,0.031250,0.121094,16,16.000000,0.843484
cate6-00158,cate6,4,32,17,0.555664,0.664062,0.037109,0.125000,17,17.000000,0.900746
cate6-00158,cate6,4,33,18,0.588867,0.674805,0.041016,0.181641,19,18.000000,0.908226
cate6-00158,cate6,4,34,19,0.625000,0.657227,0.054688,0.166016,20,19.000000,0.888121
cate6-00158,cate6,4,35,20,0.662109,0.601562,0.062500,0.089844,20,,
cate6-00158,cate6,4,36,21,0.718750,0.639648,0.085938,0.205078,21,21.000000,0.850333
cate6-00158,cate6,4,37,22,0.781250,0.604492,0.082031,0.189453,22,22.000000,0.950083
cate6-00158,cate6,4,38,23,0.839844,0.576172,0.070312,0.125000,23,23.000000,0.889176
cate6-00158,cate6,4,41,24,0.499023,0.662109,0.029297,0.132812,24,24.000000,0.869028
cate6-00158,cate6,4,42,25,0.481445,0.663086,0.052734,0.138672,25,25.000000,0.863385
cate6-00158,cate6,4,43,26,0.439453,0.667969,0.050781,0.203125,26,26.000000,0.896959
cate6-00158,cate6,4,44,27,0.393555,0.720703,0.048828,0.156250,27,,
cate6-00158,cate6,4,45,28,0.352539,0.662109,0.080078,0.199219,28,,
cate6-00158,cate6,4,46,29,0.295898,0.632812,0.091797,0.191406,29,29.000000,0.858295
cate6-00158,cate6,4,47,30,0.232422,0.595703,0.082031,0.187500,30,30.000000,0.902867
cate6-00158,cate6,4,48,31,0.175781,0.575195,0.070312,0.138672,31,31.000000,0.938206
cate6-00159,cate6,2,11,0,0.495117,0.491211,0.048828,0.228516,0,0.000000,0.892382
cate6-00159,cate6,2,12,1,0.458984,0.460938,0.058594,0.210938,1,1.000000,0.831313
cate6-00159,cate6,2,13,2,0.409180,0.368164,0.056641,0.185547,2,2.000000,0.880975
cate6-00159,cate6,2,14,3,0.375977,0.438477,0.056641,0.142578,3,3.000000,0.840361
cate6-00159,cate6,2,15,4,0.336914,0.420898,0.056641,0.126953,4,4.000000,0.924382
cate6-00159,cate6,2,16,5,0.333984,0.518555,0.058594,0.119141,5,5.000000,0.782482
cate6-00159,cate6,2,17,6,0.275391,0.468750,0.066406,0.183594,5,6.000000,0.915136
cate6-00159,cate6,2,18,7,0.232422,0.384766,0.070312,0.132812,7,7.000000,0.922191
cate6-00159,cate6,2,21,8,0.546875,0.484375,0.050781,0.238281,8,8.000000,0.929836
cate6-00159,cate6,2,22,9,0.580078,0.462891,0.042969,0.203125,9,9.000000,0.815190
cate6-00159,cate6,2,23,10,0.610352,0.361328,0.048828,0.203125,10,10.000000,0.943171
cate6-00159,cate6,2,24,11,0.649414,0.407227,0.044922,0.115234,12,11.000000,0.729477
cate6-00159,cate6,2,25,12,0.691406,0.404297,0.042969,0.117188,12,12.000000,0.944132
cate6-00159,cate6,2,26,13,0.697266,0.499023,0.054688,0.126953,13,13.000000,0.928606
cate6-00159,cate6,2,27,14,0.748047,0.450195,0.058594,0.193359,13,14.000000,0.958868
cate6-00159,cate6,2,28,15,0.785156,0.385742,0.058594,0.126953,15,15.000000,0.934897
cate6-00159,cate6,2,31,16,0.536133,0.731445,0.037109,0.205078,17,16.000000,0.842565
cate6-00159,cate6,2,32,17,0.564453,0.736328,0.035156,0.210938,17,17.000000,0.879645
cate6-00159,cate6,2,33,18,0.606445,0.829102,0.060547,0.189453,18,18.000000,0.936711
cate6-00159,cate6,2,34,19,0.591797,0.691406,0.039062,0.113281,19,19.000000,0.787229
cate6-00159,cate6,2,35,20,0.626953,0.696289,0.046875,0.126953,20,20.000000,0.764668
cate6-00159,cate6,2,36,21,0.678711,0.683594,0.064453,0.140625,20,21.000000,0.733606
cate6-00159,cate6,2,37,22,0.740234,0.693359,0.093750,0.207031,22,22.000000,0.944736
cate6-00159,cate6,2,38,23,0.802734,0.683594,0.070312,0.128906,23,23.000000,0.952311
cate6-00159,cate6,2,41,24,0.511719,0.714844,0.035156,0.148438,16,24.000000,0.855210
cate6-00159,cate6,2,42,25,0.491211,0.725586,0.048828,0.208984,25,25.000000,0.831844
cate6-00159,cate6,2,43,26,0.457031,0.827148,0.066406,0.173828,26,26.000000,0.862913
cate6-00159,cate6,2,44,27,0.450195,0.694336,0.037109,0.115234,25,27.000000,0.805370
cate6-00159,cate6,2,45,28,0.410156,0.770508,0.050781,0.130859,27,,
cate6-00159,cate6,2,46,29,0.365234,0.684570,0.074219,0.134766,28,29.000000,0.830109
cate6-00159,cate6,2,47,30,0.291016,0.708008,0.109375,0.216797,29,30.000000,0.933815
cate6-00159,cate6,2,48,31,0.216797,0.708008,0.085938,0.134766,30,31.000000,0.935797
cate7-00002,cate7,1,11,0,0.485352,0.339844,0.044922,0.246094,0,0.000000,0.812602
cate7-00002,cate7,1,12,1,0.454102,0.346680,0.048828,0.216797,1,1.000000,0.855611
cate7-00002,cate7,1,13,2,0.416992,0.326172,0.052734,0.246094,2,2.000000,0.849072
cate7-00002,cate7,1,14,3,0.381836,0.314453,0.068359,0.218750,3,3.000000,0.848605
cate7-00002,cate7,1,15,4,0.348633,0.299805,0.056641,0.208984,4,4.000000,0.825046
cate7-00002,cate7,1,16,5,0.304688,0.272461,0.066406,0.201172,5,5.000000,0.864675
cate7-00002,cate7,1,17,6,0.255859,0.224609,0.062500,0.214844,6,6.000000,0.933635
cate7-00002,cate7,1,18,7,0.212891,0.200195,0.054688,0.173828,7,7.000000,0.937948
cate7-00002,cate7,1,21,8,0.525391,0.345703,0.042969,0.199219,8,8.000000,0.825220
cate7-00002,cate7,1,22,9,0.560547,0.340820,0.039062,0.216797,9,9.000000,0.836517
cate7-00002,cate7,1,23,10,0.590820,0.326172,0.052734,0.242188,10,10.000000,0.884608
cate7-00002,cate7,1,24,11,0.627930,0.314453,0.056641,0.210938,10,11.000000,0.869817
cate7-00002,cate7,1,25,12,0.664062,0.288086,0.058594,0.212891,11,12.000000,0.885547
cate7-00002,cate7,1,26,13,0.706055,0.267578,0.072266,0.214844,13,13.000000,0.930658
cate7-00002,cate7,1,27,14,0.754883,0.220703,0.056641,0.207031,14,14.000000,0.898449
cate7-00002,cate7,1,28,15,0.799805,0.187500,0.056641,0.183594,15,15.000000,0.866697
cate7-00002,cate7,1,31,16,0.519531,0.556641,0.035156,0.152344,24,16.000000,0.902410
cate7-00002,cate7,1,32,17,0.544922,0.556641,0.035156,0.167969,17,17.000000,0.898990
cate7-00002,cate7,1,33,18,0.582031,0.572266,0.046875,0.218750,18,18.000000,0.933372
cate7-00002,cate7,1,34,19,0.623047,0.553711,0.058594,0.193359,19,19.000000,0.895091
cate7-00002,cate7,1,35,20,0.662109,0.518555,0.074219,0.185547,13,20.000000,0.929079
cate7-00002,cate7,1,37,22,0.759766,0.427734,0.097656,0.179688,14,22.000000,0.965116
cate7-00002,cate7,1,38,23,0.812500,0.368164,0.085938,0.162109,15,23.000000,0.913239
cate7-00002,cate7,1,42,25,0.452148,0.570312,0.029297,0.144531,25,25.000000,0.864632
cate7-00002,cate7,1,43,26,0.419922,0.571289,0.050781,0.189453,27,26.000000,0.883720
cate7-00002,cate7,1,44,27,0.381836,0.558594,0.056641,0.203125,27,27.000000,0.870712
cate7-00002,cate7,1,45,28,0.346680,0.523438,0.068359,0.199219,5,28.000000,0.905563
cate7-00002,cate7,1,47,30,0.234375,0.430664,0.101562,0.197266,6,30.000000,0.931166
cate7-00002,cate7,1,48,31,0.185547,0.362305,0.085938,0.162109,7,31.000000,0.935952
cate7-00004,cate7,0,11,0,0.497070,0.466797,0.037109,0.207031,0,0.000000,0.864672
cate7-00004,cate7,0,12,1,0.461914,0.468750,0.033203,0.187500,1,1.000000,0.886813
cate7-00004,cate7,0,13,2,0.424805,0.465820,0.041016,0.212891,2,2.000000,0.847761
cate7-00004,cate7,0,14,3,0.389648,0.464844,0.044922,0.199219,3,3.000000,0.859905
cate7-00004,cate7,0,15,4,0.350586,0.459961,0.041016,0.205078,4,4.000000,0.900543
cate7-00004,cate7,0,17,6,0.300781,0.465820,0.062500,0.201172,5,5.000000,0.915012
cate7-00004,cate7,0,18,7,0.236328,0.451172,0.062500,0.195312,6,6.000000,0.932751
cate7-00004,cate7,0,21,8,0.538086,0.460938,0.037109,0.222656,8,8.000000,0.876629
cate7-00004,cate7,0,22,9,0.571289,0.478516,0.029297,0.152344,9,9.000000,0.798428
cate7-00004,cate7,0,24,11,0.640625,0.454102,0.050781,0.208984,11,11.000000,0.624997
cate7-00004,cate7,0,25,12,0.671875,0.441406,0.042969,0.199219,12,12.000000,0.923810
cate7-00004,cate7,0,26,13,0.722656,0.448242,0.070312,0.208984,13,13.000000,0.836195
cate7-00004,cate7,0,27,14,0.785156,0.449219,0.062500,0.187500,14,15.000000,0.831904
cate7-00004,cate7,0,31,16,0.519531,0.674805,0.027344,0.166016,16,16.000000,0.887380
cate7-00004,cate7,0,32,17,0.546875,0.684570,0.035156,0.197266,17,17.000000,0.857943
cate7-00004,cate7,0,33,18,0.582031,0.681641,0.039062,0.214844,18,18.000000,0.794515
cate7-00004,cate7,0,35,20,0.677734,0.679688,0.062500,0.187500,20,20.000000,0.772938
cate7-00004,cate7,0,38,23,0.830078,0.564453,0.082031,0.121094,23,23.000000,0.923233
cate7-00004,cate7,0,41,24,0.496094,0.676758,0.031250,0.166016,24,24.000000,0.804373
cate7-00004,cate7,0,42,25,0.466797,0.685547,0.035156,0.183594,25,25.000000,0.811290
cate7-00004,cate7,0,43,26,0.433594,0.707031,0.039062,0.222656,26,26.000000,0.884833
cate7-00004,cate7,0,44,27,0.398438,0.710938,0.042969,0.218750,27,27.000000,0.867213
cate7-00004,cate7,0,45,28,0.339844,0.700195,0.078125,0.197266,28,28.000000,0.829942
cate7-00004,cate7,0,48,31,0.182617,0.574219,0.095703,0.140625,31,31.000000,0.902975
cate7-00008,cate7,0,11,0,0.503906,0.484375,0.042969,0.179688,0,0.000000,0.885259
cate7-00008,cate7,0,12,1,0.466797,0.489258,0.046875,0.181641,1,1.000000,0.878222
cate7-00008,cate7,0,13,2,0.423828,0.485352,0.058594,0.205078,2,2.000000,0.865686
cate7-00008,cate7,0,15,4,0.344727,0.491211,0.056641,0.158203,5,4.000000,0.942030
cate7-00008,cate7,0,16,5,0.300781,0.486328,0.082031,0.160156,6,5.000000,0.934445
cate7-00008,cate7,0,17,6,0.233398,0.460938,0.052734,0.183594,6,7.000000,0.500677
cate7-00008,cate7,0,21,8,0.543945,0.482422,0.044922,0.175781,8,8.000000,0.885569
cate7-00008,cate7,0,22,9,0.585938,0.487305,0.042969,0.169922,9,9.000000,0.864842
cate7-00008,cate7,0,23,10,0.624023,0.461914,0.044922,0.212891,11,10.000000,0.937831
cate7-00008,cate7,0,25,12,0.692383,0.488281,0.048828,0.160156,13,12.000000,0.934142
cate7-00008,cate7,0,26,13,0.734375,0.460938,0.058594,0.199219,13,13.000000,0.857264
cate7-00008,cate7,0,27,14,0.788086,0.444336,0.056641,0.169922,14,,
cate7-00008,cate7,0,31,16,0.522461,0.663086,0.033203,0.150391,16,16.000000,0.835227
cate7-00008,cate7,0,32,17,0.557617,0.676758,0.041016,0.169922,17,17.000000,0.887948
cate7-00008,cate7,0,33,18,0.599609,0.675781,0.062500,0.195312,19,18.000000,0.862525
cate7-00008,cate7,0,34,19,0.627930,0.667969,0.044922,0.171875,19,19.000000,0.909863
cate7-00008,cate7,0,35,20,0.666016,0.660156,0.042969,0.167969,20,20.000000,0.885972
cate7-00008,cate7,0,36,21,0.721680,0.652344,0.087891,0.191406,21,21.000000,0.933805
cate7-00008,cate7,0,37,22,0.777344,0.613281,0.074219,0.164062,22,22.000000,0.966261
cate7-00008,cate7,0,38,23,0.824219,0.592773,0.062500,0.111328,23,23.000000,0.889832
cate7-00008,cate7,0,41,24,0.499023,0.663086,0.037109,0.150391,24,24.000000,0.809747
cate7-00008,cate7,0,42,25,0.462891,0.665039,0.039062,0.150391,25,25.000000,0.810365
cate7-00008,cate7,0,43,26,0.428711,0.669922,0.048828,0.179688,26,26.000000,0.860231
cate7-00008,cate7,0,44,27,0.386719,0.668945,0.046875,0.169922,27,27.000000,0.912485
cate7-00008,cate7,0,45,28,0.341797,0.662109,0.050781,0.148438,28,28.000000,0.896327
cate7-00008,cate7,0,46,29,0.283203,0.666016,0.093750,0.195312,29,29.000000,0.929242
cate7-00008,cate7,0,47,30,0.217773,0.607422,0.103516,0.167969,31,30.000000,0.857016
cate7-00008,cate7,0,48,31,0.169922,0.610352,0.070312,0.111328,31,31.000000,0.933033
cate7-00011,cate7,3,11,0,0.481445,0.420898,0.041016,0.189453,0,0.000000,0.927146
cate7-00011,cate7,3,12,1,0.444336,0.408203,0.033203,0.195312,1,1.000000,0.950023
cate7-00011,cate7,3,13,2,0.402344,0.400391,0.046875,0.207031,3,2.000000,0.905379
cate7-00011,cate7,3,15,4,0.334961,0.410156,0.037109,0.175781,4,4.000000,0.973504
cate7-00011,cate7,3,16,5,0.288086,0.397461,0.056641,0.208984,5,5.000000,0.730786
cate7-00011,cate7,3,17,6,0.236328,0.377930,0.046875,0.205078,7,7.000000,0.892755
cate7-00011,cate7,3,21,8,0.526367,0.432617,0.048828,0.181641,8,8.000000,0.921295
cate7-00011,cate7,3,22,9,0.559570,0.423828,0.037109,0.191406,9,9.000000,0.932081
cate7-00011,cate7,3,23,10,0.608398,0.417969,0.056641,0.230469,10,10.000000,0.901843
cate7-00011,cate7,3,25,12,0.654297,0.428711,0.046875,0.189453,12,11.000000,0.683766
cate7-00011,cate7,3,26,13,0.710938,0.433594,0.070312,0.207031,13,13.000000,0.911580
cate7-00011,cate7,3,28,15,0.797852,0.354492,0.052734,0.197266,14,15.000000,0.894395
cate7-00011,cate7,3,31,16,0.501953,0.618164,0.035156,0.162109,24,16.000000,0.842802
cate7-00011,cate7,3,32,17,0.526367,0.625977,0.033203,0.173828,16,17.000000,0.854291
cate7-00011,cate7,3,33,18,0.558594,0.637695,0.035156,0.201172,17,18.000000,0.861095
cate7-00011,cate7,3,34,19,0.596680,0.634766,0.037109,0.175781,18,19.000000,0.895358
cate7-00011,cate7,3,35,20,0.636719,0.623047,0.042969,0.156250,20,20.000000,0.884624
cate7-00011,cate7,3,38,23,0.781250,0.540039,0.093750,0.138672,22,23.000000,0.928427
cate7-00011,cate7,3,41,24,0.476562,0.617188,0.027344,0.160156,24,24.000000,0.865694
cate7-00011,cate7,3,42,25,0.450195,0.625000,0.037109,0.175781,25,25.000000,0.728251
cate7-00011,cate7,3,43,26,0.415039,0.626953,0.048828,0.199219,27,26.000000,0.852540
cate7-00011,cate7,3,44,27,0.386719,0.623047,0.039062,0.187500,27,27.000000,0.914271
cate7-00011,cate7,3,45,28,0.351562,0.611328,0.050781,0.179688,27,28.000000,0.951884
cate7-00014,cate7,4,11,0,0.479492,0.483398,0.044922,0.212891,0,0.000000,0.926141
cate7-00014,cate7,4,12,1,0.438477,0.479492,0.044922,0.224609,1,1.000000,0.863278
cate7-00014,cate7,4,13,2,0.407227,0.445312,0.044922,0.226562,2,2.000000,0.906844
cate7-00014,cate7,4,14,3,0.389648,0.469727,0.052734,0.216797,3,3.000000,0.772474
cate7-00014,cate7,4,15,4,0.353516,0.456055,0.046875,0.205078,4,4.000000,0.809910
cate7-00014,cate7,4,16,5,0.308594,0.453125,0.074219,0.203125,5,5.000000,0.928390
cate7-00014,cate7,4,17,6,0.250000,0.433594,0.066406,0.203125,6,6.000000,0.829999
cate7-00014,cate7,4,18,7,0.220703,0.349609,0.070312,0.164062,6,7.000000,0.914476
cate7-00014,cate7,4,21,8,0.524414,0.477539,0.044922,0.228516,8,8.000000,0.897635
cate7-00014,cate7,4,22,9,0.560547,0.462891,0.050781,0.218750,9,9.000000,0.883501
cate7-00014,cate7,4,23,10,0.592773,0.446289,0.056641,0.236328,9,10.000000,0.820405
cate7-00014,cate7,4,24,11,0.626953,0.437500,0.054688,0.207031,11,11.000000,0.765601
cate7-00014,cate7,4,25,12,0.663086,0.432617,0.052734,0.201172,11,12.000000,0.860875
cate7-00014,cate7,4,26,13,0.708008,0.407227,0.064453,0.205078,13,13.000000,0.810277
cate7-00014,cate7,4,27,14,0.761719,0.390625,0.058594,0.171875,14,15.000000,0.891025
cate7-00014,cate7,4,31,16,0.515625,0.682617,0.035156,0.158203,16,16.000000,0.686419
cate7-00014,cate7,4,32,17,0.546875,0.685547,0.031250,0.152344,17,17.000000,0.881653
cate7-00014,cate7,4,33,18,0.574219,0.681641,0.035156,0.167969,17,18.000000,0.901270
cate7-00014,cate7,4,34,19,0.611328,0.683594,0.054688,0.183594,19,19.000000,0.894133
cate7-00014,cate7,4,35,20,0.646484,0.677734,0.058594,0.203125,20,20.000000,0.888069
cate7-00014,cate7,4,36,21,0.704102,0.634766,0.115234,0.218750,21,21.000000,0.959425
cate7-00014,cate7,4,37,22,0.759766,0.600586,0.089844,0.197266,22,22.000000,0.951852
cate7-00014,cate7,4,38,23,0.822266,0.575195,0.097656,0.119141,23,23.000000,0.839789
cate7-00014,cate7,4,41,24,0.485352,0.687500,0.037109,0.164062,24,24.000000,0.528310
cate7-00014,cate7,4,42,25,0.453125,0.693359,0.035156,0.167969,26,25.000000,0.723483
cate7-00014,cate7,4,43,26,0.420898,0.686523,0.041016,0.169922,27,26.000000,0.852214
cate7-00014,cate7,4,44,27,0.389648,0.697266,0.041016,0.199219,27,27.000000,0.958704
cate7-00014,cate7,4,45,28,0.348633,0.687500,0.044922,0.203125,28,28.000000,0.929010
cate7-00014,cate7,4,46,29,0.288086,0.663086,0.103516,0.197266,29,29.000000,0.908928
cate7-00014,cate7,4,47,30,0.223633,0.589844,0.099609,0.152344,31,31.000000,0.943195
cate7-00018,cate7,4,11,0,0.460938,0.409180,0.046875,0.224609,1,0.000000,0.933493
cate7-00018,cate7,4,12,1,0.426758,0.412109,0.044922,0.222656,2,1.000000,0.866416
cate7-00018,cate7,4,13,2,0.390625,0.395508,0.046875,0.240234,3,2.000000,0.849622
cate7-00018,cate7,4,14,3,0.361328,0.417969,0.050781,0.187500,4,3.000000,0.769479
cate7-00018,cate7,4,15,4,0.327148,0.410156,0.056641,0.179688,4,4.000000,0.557753
cate7-00018,cate7,4,16,5,0.290039,0.413086,0.064453,0.173828,5,5.000000,0.665933
cate7-00018,cate7,4,17,6,0.232422,0.397461,0.062500,0.185547,6,6.000000,0.544681
cate7-00018,cate7,4,18,7,0.183594,0.380859,0.062500,0.167969,7,7.000000,0.876984
cate7-00018,cate7,4,21,8,0.500977,0.416992,0.044922,0.212891,0,8.000000,0.900638
cate7-00018,cate7,4,22,9,0.539062,0.416016,0.039062,0.191406,9,9.000000,0.806713
cate7-00018,cate7,4,23,10,0.577148,0.396484,0.041016,0.238281,9,10.000000,0.873947
cate7-00018,cate7,4,24,11,0.608398,0.416992,0.044922,0.193359,11,11.000000,0.834344
cate7-00018,cate7,4,25,12,0.639648,0.412109,0.044922,0.179688,11,12.000000,0.537127
cate7-00018,cate7,4,26,13,0.679688,0.413086,0.062500,0.197266,13,13.000000,0.836516
cate7-00018,cate7,4,27,14,0.734375,0.390625,0.054688,0.203125,14,14.000000,0.895453
cate7-00018,cate7,4,28,15,0.776367,0.403320,0.056641,0.130859,15,15.000000,0.849286
cate7-00018,cate7,4,31,16,0.505859,0.622070,0.027344,0.166016,24,16.000000,0.788217
cate7-00018,cate7,4,32,17,0.530273,0.621094,0.033203,0.167969,17,17.000000,0.896733
cate7-00018,cate7,4,33,18,0.562500,0.644531,0.031250,0.214844,18,18.000000,0.867902
cate7-00018,cate7,4,34,19,0.592773,0.629883,0.037109,0.193359,18,19.000000,0.898633
cate7-00018,cate7,4,35,20,0.624023,0.630859,0.041016,0.210938,19,20.000000,0.894884
cate7-00018,cate7,4,37,22,0.705078,0.612305,0.078125,0.193359,21,22.000000,0.609595
cate7-00018,cate7,4,38,23,0.765625,0.569336,0.074219,0.177734,22,22.000000,0.927149
cate7-00018,cate7,4,41,24,0.481445,0.622070,0.025391,0.169922,24,24.000000,0.795732
cate7-00018,cate7,4,42,25,0.457031,0.625977,0.035156,0.181641,25,25.000000,0.846405
cate7-00018,cate7,4,43,26,0.424805,0.635742,0.033203,0.208984,26,26.000000,0.858673
cate7-00018,cate7,4,44,27,0.392578,0.626953,0.035156,0.199219,27,27.000000,0.933529
cate7-00018,cate7,4,45,28,0.358398,0.627930,0.041016,0.220703,27,28.000000,0.736566
cate7-00018,cate7,4,46,29,0.308594,0.625977,0.109375,0.224609,29,29.000000,0.898358
cate7-00018,cate7,4,47,30,0.252930,0.600586,0.091797,0.216797,30,30.000000,0.954868
cate7-00018,cate7,4,48,31,0.187500,0.549805,0.078125,0.177734,31,31.000000,0.818406
cate7-00020,cate7,1,11,0,0.495117,0.426758,0.041016,0.216797,0,0.000000,0.836842
cate7-00020,cate7,1,12,1,0.464844,0.423828,0.035156,0.210938,1,1.000000,0.867784
cate7-00020,cate7,1,13,2,0.432617,0.398438,0.048828,0.261719,2,2.000000,0.786526
cate7-00020,cate7,1,14,3,0.398438,0.414062,0.054688,0.226562,3,3.000000,0.909953
cate7-00020,cate7,1,15,4,0.363281,0.418945,0.050781,0.201172,4,4.000000,0.838844
cate7-00020,cate7,1,16,5,0.311523,0.420898,0.060547,0.181641,5,5.000000,0.918138
cate7-00020,cate7,1,17,6,0.254883,0.397461,0.064453,0.208984,6,6.000000,0.953682
cate7-00020,cate7,1,21,8,0.532227,0.425781,0.037109,0.210938,8,8.000000,0.851267
cate7-00020,cate7,1,22,9,0.565430,0.416016,0.033203,0.214844,9,9.000000,0.832054
cate7-00020,cate7,1,23,10,0.600586,0.399414,0.044922,0.244141,10,10.000000,0.931218
cate7-00020,cate7,1,24,11,0.633789,0.434570,0.041016,0.162109,11,11.000000,0.826367
cate7-00020,cate7,1,25,12,0.666992,0.408203,0.041016,0.191406,12,12.000000,0.864128
cate7-00020,cate7,1,26,13,0.711914,0.408203,0.060547,0.183594,13,13.000000,0.875100
cate7-00020,cate7,1,27,14,0.761719,0.369141,0.054688,0.210938,14,14.000000,0.918321
cate7-00020,cate7,1,31,16,0.517578,0.617188,0.027344,0.144531,16,16.000000,0.850324
cate7-00020,cate7,1,32,17,0.547852,0.628906,0.029297,0.152344,17,17.000000,0.899456
cate7-00020,cate7,1,33,18,0.583008,0.649414,0.052734,0.193359,18,18.000000,0.874401
cate7-00020,cate7,1,34,19,0.621094,0.630859,0.054688,0.167969,19,19.000000,0.846258
cate7-00020,cate7,1,35,20,0.652344,0.628906,0.058594,0.203125,20,20.000000,0.925832
cate7-00020,cate7,1,36,21,0.708008,0.615234,0.091797,0.207031,21,21.000000,0.933918
cate7-00020,cate7,1,37,22,0.769531,0.583008,0.093750,0.189453,22,22.000000,0.938384
cate7-00020,cate7,1,41,24,0.498047,0.619141,0.027344,0.136719,24,24.000000,0.838387
cate7-00020,cate7,1,42,25,0.468750,0.622070,0.035156,0.154297,25,25.000000,0.857033
cate7-00020,cate7,1,43,26,0.441406,0.649414,0.042969,0.205078,26,26.000000,0.825175
cate7-00020,cate7,1,44,27,0.402344,0.633789,0.042969,0.158203,27,27.000000,0.905198
cate7-00020,cate7,1,45,28,0.369141,0.636719,0.054688,0.183594,27,28.000000,0.912638
cate7-00020,cate7,1,46,29,0.305664,0.631836,0.111328,0.216797,29,29.000000,0.958010
cate7-00020,cate7,1,47,30,0.250000,0.610352,0.089844,0.216797,30,30.000000,0.919305
cate7-00025,cate7,3,11,0,0.493164,0.408203,0.056641,0.250000,0,0.000000,0.912251
cate7-00025,cate7,3,12,1,0.454102,0.400391,0.044922,0.246094,1,1.000000,0.898702
cate7-00025,cate7,3,13,2,0.414062,0.375977,0.050781,0.279297,2,2.000000,0.930499
cate7-00025,cate7,3,14,3,0.372070,0.396484,0.052734,0.199219,3,3.000000,0.903217
cate7-00025,cate7,3,15,4,0.337891,0.389648,0.058594,0.193359,5,4.000000,0.954005
cate7-00025,cate7,3,16,5,0.283203,0.373047,0.082031,0.210938,6,5.000000,0.729750
cate7-00025,cate7,3,17,6,0.239258,0.349609,0.087891,0.187500,6,6.000000,0.637677
cate7-00025,cate7,3,21,8,0.536133,0.409180,0.044922,0.248047,8,8.000000,0.894790
cate7-00025,cate7,3,23,10,0.610352,0.387695,0.044922,0.275391,10,10.000000,0.880037
cate7-00025,cate7,3,24,11,0.648438,0.403320,0.039062,0.220703,11,11.000000,0.909403
cate7-00025,cate7,3,25,12,0.681641,0.415039,0.062500,0.169922,13,12.000000,0.878273
cate7-00025,cate7,3,26,13,0.731445,0.392578,0.060547,0.218750,13,13.000000,0.863453
cate7-00025,cate7,3,27,14,0.775391,0.369141,0.078125,0.171875,14,15.000000,0.804185
cate7-00025,cate7,3,31,16,0.542969,0.648438,0.031250,0.191406,17,16.000000,0.874478
cate7-00025,cate7,3,32,17,0.573242,0.664062,0.037109,0.207031,18,17.000000,0.870377
cate7-00025,cate7,3,33,18,0.606445,0.680664,0.044922,0.248047,19,18.000000,0.928384
cate7-00025,cate7,3,34,19,0.640625,0.675781,0.042969,0.222656,20,19.000000,0.896150
cate7-00025,cate7,3,35,20,0.679688,0.664062,0.050781,0.214844,20,20.000000,0.921837
cate7-00025,cate7,3,37,22,0.781250,0.583008,0.105469,0.162109,22,22.000000,0.947141
cate7-00025,cate7,3,41,24,0.512695,0.640625,0.033203,0.179688,16,24.000000,0.887165
cate7-00025,cate7,3,42,25,0.484375,0.648438,0.042969,0.207031,25,25.000000,0.819963
cate7-00025,cate7,3,43,26,0.441406,0.657227,0.066406,0.228516,26,26.000000,0.896360
cate7-00025,cate7,3,44,27,0.405273,0.647461,0.048828,0.208984,27,27.000000,0.892769
cate7-00025,cate7,3,45,28,0.359375,0.640625,0.050781,0.191406,28,28.000000,0.867558
cate7-00025,cate7,3,47,30,0.252930,0.589844,0.115234,0.175781,30,30.000000,0.924364
cate7-00026,cate7,2,11,0,0.487305,0.444336,0.041016,0.216797,0,0.000000,0.899659
cate7-00026,cate7,2,12,1,0.452148,0.430664,0.033203,0.216797,1,1.000000,0.919184
cate7-00026,cate7,2,13,2,0.416016,0.424805,0.046875,0.232422,2,2.000000,0.905927
cate7-00026,cate7,2,14,3,0.376953,0.430664,0.050781,0.224609,3,3.000000,0.939860
cate7-00026,cate7,2,15,4,0.340820,0.445312,0.044922,0.203125,4,4.000000,0.841013
cate7-00026,cate7,2,17,6,0.247070,0.430664,0.064453,0.197266,6,6.000000,0.868105
cate7-00026,cate7,2,18,7,0.192383,0.407227,0.056641,0.169922,7,7.000000,0.836604
cate7-00026,cate7,2,21,8,0.529297,0.429688,0.042969,0.238281,8,8.000000,0.822232
cate7-00026,cate7,2,22,9,0.569336,0.440430,0.033203,0.201172,9,9.000000,0.868509
cate7-00026,cate7,2,23,10,0.609375,0.433594,0.046875,0.234375,10,10.000000,0.908442
cate7-00026,cate7,2,24,11,0.654297,0.437500,0.046875,0.222656,12,11.000000,0.784616
cate7-00026,cate7,2,27,14,0.769531,0.465820,0.078125,0.177734,14,14.000000,0.958124
cate7-00026,cate7,2,31,16,0.531250,0.651367,0.027344,0.169922,16,16.000000,0.874547
cate7-00026,cate7,2,32,17,0.564453,0.650391,0.031250,0.171875,17,17.000000,0.921473
cate7-00026,cate7,2,33,18,0.598633,0.672852,0.041016,0.205078,18,18.000000,0.914897
cate7-00026,cate7,2,34,19,0.637695,0.668945,0.044922,0.205078,19,19.000000,0.924616
cate7-00026,cate7,2,35,20,0.681641,0.672852,0.046875,0.212891,20,20.000000,0.946857
cate7-00026,cate7,2,41,24,0.500977,0.650391,0.029297,0.171875,24,24.000000,0.867386
cate7-00026,cate7,2,42,25,0.468750,0.650391,0.035156,0.179688,25,25.000000,0.879769
cate7-00026,cate7,2,43,26,0.429688,0.665039,0.042969,0.212891,26,26.000000,0.921148
cate7-00026,cate7,2,44,27,0.388672,0.669922,0.042969,0.203125,27,27.000000,0.902235
cate7-00026,cate7,2,45,28,0.343750,0.672852,0.046875,0.205078,28,28.000000,0.928085
cate7-00026,cate7,2,46,29,0.270508,0.649414,0.103516,0.201172,29,30.000000,0.889268
cate7-00026,cate7,2,47,30,0.208008,0.595703,0.091797,0.160156,30,31.000000,0.880351
cate7-00032,cate7,4,11,0,0.504883,0.467773,0.037109,0.208984,0,0.000000,0.942705
cate7-00032,cate7,4,12,1,0.470703,0.462891,0.035156,0.203125,1,1.000000,0.895401
cate7-00032,cate7,4,13,2,0.433594,0.461914,0.050781,0.220703,2,2.000000,0.841367
cate7-00032,cate7,4,14,3,0.399414,0.470703,0.044922,0.210938,3,3.000000,0.943181
cate7-00032,cate7,4,15,4,0.365234,0.468750,0.046875,0.214844,3,4.000000,0.823658
cate7-00032,cate7,4,16,5,0.321289,0.461914,0.060547,0.220703,5,5.000000,0.919499
cate7-00032,cate7,4,17,6,0.259766,0.447266,0.062500,0.214844,6,6.000000,0.912725
cate7-00032,cate7,4,18,7,0.208984,0.432617,0.070312,0.177734,6,7.000000,0.926435
cate7-00032,cate7,4,21,8,0.547852,0.475586,0.064453,0.205078,9,8.000000,0.943598
cate7-00032,cate7,4,22,9,0.581055,0.475586,0.037109,0.201172,9,9.000000,0.928483
cate7-00032,cate7,4,23,10,0.610352,0.474609,0.041016,0.214844,10,10.000000,0.857140
cate7-00032,cate7,4,24,11,0.644531,0.484375,0.046875,0.191406,12,11.000000,0.790395
cate7-00032,cate7,4,25,12,0.677734,0.487305,0.035156,0.189453,12,12.000000,0.863118
cate7-00032,cate7,4,26,13,0.716797,0.480469,0.054688,0.207031,13,13.000000,0.901413
cate7-00032,cate7,4,27,14,0.771484,0.463867,0.054688,0.216797,14,14.000000,0.925549
cate7-00032,cate7,4,28,15,0.821289,0.453125,0.056641,0.171875,15,15.000000,0.922881
cate7-00032,cate7,4,31,16,0.520508,0.694336,0.025391,0.193359,16,16.000000,0.585848
cate7-00032,cate7,4,32,17,0.547852,0.690430,0.033203,0.185547,17,17.000000,0.651435
cate7-00032,cate7,4,33,18,0.581055,0.713867,0.037109,0.232422,18,18.000000,0.801321
cate7-00032,cate7,4,34,19,0.620117,0.707031,0.041016,0.218750,19,19.000000,0.938629
cate7-00032,cate7,4,35,20,0.658203,0.704102,0.042969,0.216797,20,20.000000,0.820033
cate7-00032,cate7,4,37,22,0.726562,0.694336,0.097656,0.208984,21,21.000000,0.668932
cate7-00032,cate7,4,38,23,0.772461,0.658203,0.076172,0.183594,22,23.000000,0.858586
cate7-00032,cate7,4,41,24,0.500000,0.700195,0.035156,0.212891,24,24.000000,0.700009
cate7-00032,cate7,4,42,25,0.469727,0.688477,0.029297,0.201172,25,25.000000,0.861536
cate7-00032,cate7,4,43,26,0.440430,0.686523,0.041016,0.197266,26,26.000000,0.924688
cate7-00032,cate7,4,44,27,0.407227,0.688477,0.041016,0.193359,26,27.000000,0.947327
cate7-00032,cate7,4,45,28,0.371094,0.696289,0.050781,0.212891,27,28.000000,0.897148
cate7-00032,cate7,4,47,30,0.303711,0.690430,0.103516,0.205078,29,29.000000,0.896677
cate7-00032,cate7,4,48,31,0.239258,0.629883,0.107422,0.158203,30,30.000000,0.910931
cate7-00033,cate7,0,11,0,0.484375,0.422852,0.046875,0.279297,0,0.000000,0.927049
cate7-00033,cate7,0,12,1,0.448242,0.430664,0.044922,0.244141,1,1.000000,0.786931
cate7-00033,cate7,0,13,2,0.406250,0.418945,0.046875,0.267578,2,2.000000,0.819291
cate7-00033,cate7,0,14,3,0.364258,0.422852,0.048828,0.228516,3,3.000000,0.729282
cate7-00033,cate7,0,16,5,0.305664,0.410156,0.087891,0.234375,5,5.000000,0.947287
cate7-00033,cate7,0,17,6,0.245117,0.410156,0.056641,0.195312,6,6.000000,0.936704
cate7-00033,cate7,0,18,7,0.192383,0.410156,0.064453,0.144531,7,7.000000,0.893719
cate7-00033,cate7,0,21,8,0.527344,0.434570,0.050781,0.248047,8,8.000000,0.884986
cate7-00033,cate7,0,22,9,0.566406,0.433594,0.042969,0.234375,9,9.000000,0.872848
cate7-00033,cate7,0,23,10,0.608398,0.419922,0.048828,0.273438,10,10.000000,0.871446
cate7-00033,cate7,0,24,11,0.645508,0.423828,0.048828,0.214844,12,,
cate7-00033,cate7,0,26,13,0.692383,0.440430,0.072266,0.193359,13,13.000000,0.662602
cate7-00033,cate7,0,27,14,0.752930,0.420898,0.064453,0.197266,14,14.000000,0.908530
cate7-00033,cate7,0,28,15,0.803711,0.402344,0.060547,0.218750,14,15.000000,0.921023
cate7-00033,cate7,0,31,16,0.515625,0.664062,0.031250,0.175781,16,16.000000,0.900431
cate7-00033,cate7,0,32,17,0.548828,0.671875,0.042969,0.195312,17,17.000000,0.868165
cate7-00033,cate7,0,33,18,0.592773,0.688477,0.056641,0.212891,18,18.000000,0.835735
cate7-00033,cate7,0,34,19,0.624023,0.694336,0.052734,0.208984,19,19.000000,0.917314
cate7-00033,cate7,0,35,20,0.663086,0.709961,0.052734,0.236328,20,20.000000,0.843562
cate7-00033,cate7,0,36,21,0.733398,0.697266,0.103516,0.222656,21,21.000000,0.908629
cate7-00033,cate7,0,37,22,0.796875,0.633789,0.093750,0.181641,22,,
cate7-00033,cate7,0,41,24,0.486328,0.666016,0.035156,0.195312,24,24.000000,0.882816
cate7-00033,cate7,0,42,25,0.453125,0.681641,0.035156,0.203125,25,25.000000,0.850969
cate7-00033,cate7,0,43,26,0.418945,0.793945,0.056641,0.236328,26,26.000000,0.748751
cate7-00033,cate7,0,44,27,0.404297,0.706055,0.046875,0.228516,27,27.000000,0.843163
cate7-00033,cate7,0,45,28,0.354492,0.710938,0.044922,0.238281,28,28.000000,0.907179
cate7-00033,cate7,0,47,30,0.257812,0.666992,0.109375,0.228516,29,29.000000,0.687235
cate7-00033,cate7,0,48,31,0.191406,0.605469,0.097656,0.199219,31,31.000000,0.597078
cate7-00038,cate7,2,11,0,0.489258,0.381836,0.044922,0.236328,0,0.000000,0.863299
cate7-00038,cate7,2,12,1,0.454102,0.385742,0.037109,0.212891,1,1.000000,0.878207
cate7-00038,cate7,2,13,2,0.420898,0.359375,0.052734,0.273438,2,2.000000,0.903756
cate7-00038,cate7,2,14,3,0.381836,0.369141,0.037109,0.250000,3,3.000000,0.844730
cate7-00038,cate7,2,15,4,0.350586,0.377930,0.044922,0.236328,4,4.000000,0.878560
cate7-00038,cate7,2,16,5,0.305664,0.405273,0.060547,0.189453,5,5.000000,0.906169
cate7-00038,cate7,2,17,6,0.252930,0.349609,0.060547,0.234375,6,6.000000,0.925386
cate7-00038,cate7,2,18,7,0.203125,0.342773,0.058594,0.197266,7,7.000000,0.901692
cate7-00038,cate7,2,21,8,0.538086,0.391602,0.048828,0.220703,8,8.000000,0.896581
cate7-00038,cate7,2,22,9,0.575195,0.380859,0.037109,0.218750,9,9.000000,0.907977
cate7-00038,cate7,2,23,10,0.611328,0.358398,0.046875,0.248047,10,10.000000,0.895471
cate7-00038,cate7,2,24,11,0.645508,0.357422,0.037109,0.203125,11,11.000000,0.780665
cate7-00038,cate7,2,25,12,0.676758,0.359375,0.037109,0.230469,12,12.000000,0.874132
cate7-00038,cate7,2,26,13,0.719727,0.374023,0.068359,0.212891,13,13.000000,0.944708
cate7-00038,cate7,2,27,14,0.772461,0.345703,0.056641,0.210938,14,14.000000,0.891130
cate7-00038,cate7,2,28,15,0.816406,0.341797,0.058594,0.183594,15,15.000000,0.916337
cate7-00038,cate7,2,31,16,0.526367,0.605469,0.029297,0.175781,17,16.000000,0.848335
cate7-00038,cate7,2,32,17,0.548828,0.619141,0.035156,0.207031,17,17.000000,0.851100
cate7-00038,cate7,2,33,18,0.587891,0.636719,0.046875,0.253906,18,18.000000,0.904942
cate7-00038,cate7,2,34,19,0.620117,0.617188,0.041016,0.230469,19,19.000000,0.902600
cate7-00038,cate7,2,35,20,0.655273,0.616211,0.041016,0.232422,20,20.000000,0.892210
cate7-00038,cate7,2,37,22,0.745117,0.582031,0.111328,0.203125,22,22.000000,0.944425
cate7-00038,cate7,2,38,23,0.785156,0.522461,0.082031,0.146484,22,23.000000,0.936749
cate7-00038,cate7,2,41,24,0.501953,0.596680,0.035156,0.162109,16,24.000000,0.867403
cate7-00038,cate7,2,42,25,0.478516,0.597656,0.039062,0.167969,25,25.000000,0.875853
cate7-00038,cate7,2,43,26,0.444336,0.622070,0.041016,0.232422,26,26.000000,0.925365
cate7-00038,cate7,2,44,27,0.409180,0.617188,0.041016,0.214844,27,27.000000,0.913011
cate7-00038,cate7,2,45,28,0.372070,0.619141,0.044922,0.226562,27,28.000000,0.889737
cate7-00038,cate7,2,48,31,0.221680,0.538086,0.119141,0.169922,30,30.000000,0.900368
cate7-00044,cate7,1,11,0,0.482422,0.498047,0.050781,0.238281,0,0.000000,0.851249
cate7-00044,cate7,1,12,1,0.448242,0.492188,0.052734,0.234375,1,1.000000,0.883025
cate7-00044,cate7,1,13,2,0.406250,0.476562,0.054688,0.250000,2,2.000000,0.848831
cate7-00044,cate7,1,14,3,0.366211,0.483398,0.060547,0.212891,3,3.000000,0.931851
cate7-00044,cate7,1,15,4,0.333984,0.474609,0.066406,0.195312,5,4.000000,0.890743
cate7-00044,cate7,1,16,5,0.275391,0.473633,0.066406,0.185547,5,5.000000,0.927593
cate7-00044,cate7,1,17,6,0.220703,0.444336,0.066406,0.185547,6,6.000000,0.931600
cate7-00044,cate7,1,21,8,0.523438,0.493164,0.054688,0.240234,8,8.000000,0.833397
cate7-00044,cate7,1,22,9,0.567383,0.500977,0.044922,0.228516,9,9.000000,0.880912
cate7-00044,cate7,1,23,10,0.606445,0.475586,0.048828,0.259766,10,10.000000,0.888444
cate7-00044,cate7,1,24,11,0.644531,0.482422,0.062500,0.218750,11,11.000000,0.890649
cate7-00044,cate7,1,25,12,0.678711,0.476562,0.064453,0.207031,13,12.000000,0.922015
cate7-00044,cate7,1,26,13,0.729492,0.473633,0.064453,0.189453,13,13.000000,0.863611
cate7-00044,cate7,1,27,14,0.781250,0.449219,0.070312,0.171875,14,14.000000,0.847503
cate7-00044,cate7,1,31,16,0.518555,0.716797,0.037109,0.175781,16,16.000000,0.840146
cate7-00044,cate7,1,32,17,0.551758,0.725586,0.041016,0.181641,17,17.000000,0.846338
cate7-00044,cate7,1,33,18,0.589844,0.721680,0.046875,0.197266,18,18.000000,0.924980
cate7-00044,cate7,1,34,19,0.624023,0.705078,0.044922,0.164062,19,19.000000,0.920023
cate7-00044,cate7,1,35,20,0.666016,0.711914,0.050781,0.185547,20,20.000000,0.897333
cate7-00044,cate7,1,36,21,0.728516,0.696289,0.089844,0.201172,21,21.000000,0.905180
cate7-00044,cate7,1,37,22,0.793945,0.642578,0.103516,0.183594,22,22.000000,0.944230
cate7-00044,cate7,1,41,24,0.489258,0.719727,0.033203,0.166016,24,24.000000,0.874598
cate7-00044,cate7,1,42,25,0.458984,0.713867,0.035156,0.173828,25,25.000000,0.884005
cate7-00044,cate7,1,43,26,0.424805,0.725586,0.041016,0.205078,26,26.000000,0.879975
cate7-00044,cate7,1,44,27,0.387695,0.721680,0.048828,0.216797,27,27.000000,0.889330
cate7-00044,cate7,1,45,28,0.342773,0.719727,0.064453,0.216797,28,28.000000,0.895361
cate7-00044,cate7,1,46,29,0.287109,0.690430,0.085938,0.208984,29,29.000000,0.945458
cate7-00044,cate7,1,47,30,0.211914,0.650391,0.099609,0.203125,30,30.000000,0.925046
cate7-00047,cate7,4,11,0,0.465820,0.456055,0.041016,0.228516,1,0.000000,0.899155
cate7-00047,cate7,4,12,1,0.439453,0.447266,0.054688,0.242188,2,1.000000,0.774682
cate7-00047,cate7,4,13,2,0.401367,0.441406,0.052734,0.246094,2,2.000000,0.834230
cate7-00047,cate7,4,14,3,0.362305,0.448242,0.044922,0.205078,3,3.000000,0.915837
cate7-00047,cate7,4,15,4,0.333008,0.432617,0.056641,0.216797,5,4.000000,0.872720
cate7-00047,cate7,4,16,5,0.265625,0.398438,0.070312,0.226562,5,5.000000,0.911067
cate7-00047,cate7,4,21,8,0.505859,0.460938,0.042969,0.226562,0,8.000000,0.918564
cate7-00047,cate7,4,22,9,0.537109,0.469727,0.035156,0.197266,9,9.000000,0.852772
cate7-00047,cate7,4,23,10,0.569336,0.452148,0.041016,0.236328,9,10.000000,0.759507
cate7-00047,cate7,4,24,11,0.603516,0.443359,0.054688,0.246094,10,11.000000,0.872771
cate7-00047,cate7,4,25,12,0.633789,0.438477,0.041016,0.232422,11,12.000000,0.817771
cate7-00047,cate7,4,26,13,0.673828,0.422852,0.058594,0.236328,12,13.000000,0.943073
cate7-00047,cate7,4,27,14,0.728516,0.409180,0.058594,0.236328,13,14.000000,0.922935
cate7-00047,cate7,4,31,16,0.505859,0.674805,0.031250,0.166016,24,16.000000,0.838084
cate7-00047,cate7,4,32,17,0.533203,0.673828,0.031250,0.167969,16,17.000000,0.902114
cate7-00047,cate7,4,33,18,0.568359,0.686523,0.039062,0.197266,18,18.000000,0.894934
cate7-00047,cate7,4,34,19,0.602539,0.670898,0.041016,0.166016,19,19.000000,0.924918
cate7-00047,cate7,4,41,24,0.474609,0.673828,0.027344,0.164062,25,,
cate7-00047,cate7,4,42,25,0.446289,0.670898,0.029297,0.177734,25,,
cate7-00047,cate7,4,43,26,0.414062,0.681641,0.046875,0.210938,26,26.000000,0.931798
cate7-00047,cate7,4,44,27,0.375000,0.666992,0.046875,0.201172,27,27.000000,0.840101
cate7-00047,cate7,4,45,28,0.338867,0.654297,0.048828,0.195312,28,28.000000,0.811471
cate7-00050,cate7,0,11,0,0.515625,0.348633,0.042969,0.216797,8,0.000000,0.797460
cate7-00050,cate7,0,12,1,0.481445,0.385742,0.037109,0.154297,0,,
cate7-00050,cate7,0,13,2,0.447266,0.348633,0.046875,0.240234,1,2.000000,0.827109
cate7-00050,cate7,0,16,5,0.386719,0.350586,0.054688,0.208984,3,,
cate7-00050,cate7,0,17,6,0.326172,0.396484,0.066406,0.097656,5,,
cate7-00050,cate7,0,18,7,0.262695,0.332031,0.060547,0.203125,6,6.000000,0.937842
cate7-00050,cate7,0,21,8,0.547852,0.384766,0.037109,0.199219,9,8.000000,0.864675
cate7-00050,cate7,0,22,9,0.579102,0.385742,0.029297,0.173828,9,9.000000,0.874309
cate7-00050,cate7,0,23,10,0.607422,0.364258,0.035156,0.228516,10,10.000000,0.883918
cate7-00050,cate7,0,24,11,0.639648,0.367188,0.033203,0.210938,11,11.000000,0.852122
cate7-00050,cate7,0,25,12,0.668945,0.371094,0.033203,0.203125,12,12.000000,0.927670
cate7-00050,cate7,0,26,13,0.713867,0.383789,0.060547,0.197266,13,14.000000,0.591575
cate7-00050,cate7,0,31,16,0.551758,0.571289,0.029297,0.158203,17,16.000000,0.887739
cate7-00050,cate7,0,32,17,0.577148,0.571289,0.029297,0.154297,17,17.000000,0.928317
cate7-00050,cate7,0,33,18,0.609375,0.590820,0.042969,0.197266,19,18.000000,0.815205
cate7-00050,cate7,0,34,19,0.641602,0.589844,0.037109,0.183594,19,20.000000,0.542755
cate7-00050,cate7,0,41,24,0.525391,0.569336,0.035156,0.146484,16,24.000000,0.742316
cate7-00050,cate7,0,42,25,0.496094,0.576172,0.042969,0.160156,24,25.000000,0.700181
cate7-00050,cate7,0,44,27,0.460938,0.584961,0.054688,0.197266,25,26.000000,0.859275
cate7-00050,cate7,0,45,28,0.429688,0.583984,0.058594,0.214844,26,27.000000,0.890384
cate7-00054,cate7,0,11,0,0.500977,0.441406,0.044922,0.250000,0,0.000000,0.912035
cate7-00054,cate7,0,12,1,0.466797,0.437500,0.042969,0.238281,0,1.000000,0.872644
cate7-00054,cate7,0,13,2,0.422852,0.420898,0.044922,0.259766,2,2.000000,0.859476
cate7-00054,cate7,0,14,3,0.385742,0.416992,0.052734,0.236328,3,3.000000,0.873579
cate7-00054,cate7,0,16,5,0.298828,0.414062,0.074219,0.218750,5,5.000000,0.822044
cate7-00054,cate7,0,17,6,0.238281,0.384766,0.070312,0.214844,6,,
cate7-00054,cate7,0,21,8,0.541992,0.452148,0.044922,0.236328,8,8.000000,0.852543
cate7-00054,cate7,0,22,9,0.583008,0.449219,0.037109,0.230469,9,9.000000,0.772692
cate7-00054,cate7,0,23,10,0.612305,0.415039,0.041016,0.267578,10,10.000000,0.891644
cate7-00054,cate7,0,24,11,0.651367,0.417969,0.048828,0.222656,11,11.000000,0.809443
cate7-00054,cate7,0,27,14,0.741211,0.374023,0.064453,0.216797,13,14.000000,0.905586
cate7-00054,cate7,0,28,15,0.789062,0.354492,0.054688,0.177734,14,15.000000,0.907189
cate7-00054,cate7,0,31,16,0.516602,0.669922,0.029297,0.167969,16,16.000000,0.846383
cate7-00054,cate7,0,32,17,0.543945,0.673828,0.037109,0.167969,17,17.000000,0.915642
cate7-00054,cate7,0,33,18,0.578125,0.697266,0.039062,0.230469,18,18.000000,0.866499
cate7-00054,cate7,0,34,19,0.616211,0.675781,0.041016,0.191406,19,19.000000,0.880541
cate7-00054,cate7,0,35,20,0.662109,0.668945,0.070312,0.197266,20,20.000000,0.910524
cate7-00054,cate7,0,36,21,0.713867,0.610352,0.115234,0.201172,21,21.000000,0.944379
cate7-00054,cate7,0,37,22,0.775391,0.576172,0.109375,0.187500,22,23.000000,0.769870
cate7-00054,cate7,0,41,24,0.492188,0.666016,0.035156,0.160156,24,24.000000,0.847836
cate7-00054,cate7,0,42,25,0.463867,0.667969,0.052734,0.171875,25,25.000000,0.872171
cate7-00054,cate7,0,43,26,0.422852,0.700195,0.044922,0.248047,26,26.000000,0.882081
cate7-00054,cate7,0,44,27,0.387695,0.682617,0.044922,0.212891,27,27.000000,0.899212
cate7-00054,cate7,0,45,28,0.349609,0.666992,0.054688,0.212891,28,28.000000,0.897704
cate7-00056,cate7,0,11,0,0.511719,0.425781,0.046875,0.210938,8,0.000000,0.880927
cate7-00056,cate7,0,12,1,0.470703,0.412109,0.042969,0.207031,0,1.000000,0.949548
cate7-00056,cate7,0,13,2,0.425781,0.398438,0.058594,0.238281,2,2.000000,0.842092
cate7-00056,cate7,0,14,3,0.378906,0.404297,0.046875,0.203125,3,4.000000,0.739374
cate7-00056,cate7,0,16,5,0.324219,0.401367,0.066406,0.212891,5,5.000000,0.934589
cate7-00056,cate7,0,17,6,0.265625,0.386719,0.062500,0.222656,6,6.000000,0.930569
cate7-00056,cate7,0,21,8,0.553711,0.427734,0.044922,0.222656,9,8.000000,0.911120
cate7-00056,cate7,0,22,9,0.592773,0.435547,0.037109,0.191406,9,9.000000,0.856702
cate7-00056,cate7,0,23,10,0.628906,0.415039,0.042969,0.244141,10,10.000000,0.862692
cate7-00056,cate7,0,24,11,0.670898,0.416992,0.037109,0.208984,12,12.000000,0.918301
cate7-00056,cate7,0,26,13,0.716797,0.416992,0.058594,0.193359,13,13.000000,0.926052
cate7-00056,cate7,0,27,14,0.772461,0.401367,0.056641,0.208984,14,14.000000,0.904561
cate7-00056,cate7,0,31,16,0.535156,0.634766,0.031250,0.164062,16,16.000000,0.680029
cate7-00056,cate7,0,32,17,0.566406,0.645508,0.035156,0.181641,17,17.000000,0.854074
cate7-00056,cate7,0,33,18,0.604492,0.671875,0.041016,0.226562,18,18.000000,0.826407
cate7-00056,cate7,0,34,19,0.640625,0.661133,0.050781,0.212891,19,19.000000,0.843576
cate7-00056,cate7,0,35,20,0.680664,0.657227,0.044922,0.205078,20,20.000000,0.902608
cate7-00056,cate7,0,36,21,0.738281,0.638672,0.082031,0.191406,22,21.000000,0.917855
cate7-00056,cate7,0,37,22,0.791992,0.598633,0.080078,0.193359,22,22.000000,0.848685
cate7-00056,cate7,0,41,24,0.505859,0.641602,0.031250,0.169922,24,24.000000,0.785066
cate7-00056,cate7,0,42,25,0.473633,0.641602,0.037109,0.177734,25,25.000000,0.877656
cate7-00056,cate7,0,43,26,0.437500,0.649414,0.042969,0.197266,26,26.000000,0.901446
cate7-00056,cate7,0,44,27,0.394531,0.648438,0.050781,0.210938,27,27.000000,0.845331
cate7-00056,cate7,0,45,28,0.347656,0.653320,0.074219,0.236328,28,28.000000,0.894845
cate7-00056,cate7,0,46,29,0.291992,0.625977,0.103516,0.205078,29,29.000000,0.924547
cate7-00056,cate7,0,47,30,0.232422,0.587891,0.093750,0.187500,30,30.000000,0.566015
cate7-00061,cate7,1,11,0,0.496094,0.384766,0.050781,0.214844,8,0.000000,0.855952
cate7-00061,cate7,1,12,1,0.458008,0.379883,0.037109,0.212891,1,1.000000,0.877472
cate7-00061,cate7,1,13,2,0.419922,0.360352,0.050781,0.263672,2,2.000000,0.866887
cate7-00061,cate7,1,14,3,0.380859,0.375000,0.050781,0.207031,4,3.000000,0.910672
cate7-00061,cate7,1,15,4,0.349609,0.353516,0.054688,0.230469,3,4.000000,0.906719
cate7-00061,cate7,1,16,5,0.297852,0.340820,0.068359,0.220703,5,5.000000,0.884022
cate7-00061,cate7,1,17,6,0.239258,0.321289,0.060547,0.232422,6,6.000000,0.933822
cate7-00061,cate7,1,18,7,0.187500,0.320312,0.062500,0.199219,6,7.000000,0.905078
cate7-00061,cate7,1,21,8,0.537109,0.378906,0.054688,0.238281,8,8.000000,0.865963
cate7-00061,cate7,1,22,9,0.579102,0.401367,0.044922,0.181641,9,9.000000,0.898582
cate7-00061,cate7,1,23,10,0.615234,0.381836,0.039062,0.216797,11,10.000000,0.880907
cate7-00061,cate7,1,24,11,0.653320,0.364258,0.044922,0.224609,11,11.000000,0.864951
cate7-00061,cate7,1,25,12,0.691406,0.365234,0.046875,0.214844,12,12.000000,0.790277
cate7-00061,cate7,1,26,13,0.741211,0.344727,0.072266,0.212891,14,13.000000,0.916334
cate7-00061,cate7,1,27,14,0.798828,0.328125,0.058594,0.226562,14,14.000000,0.932926
cate7-00061,cate7,1,28,15,0.846680,0.312500,0.060547,0.207031,15,15.000000,0.922477
cate7-00061,cate7,1,31,16,0.519531,0.588867,0.031250,0.158203,16,16.000000,0.869491
cate7-00061,cate7,1,32,17,0.547852,0.586914,0.037109,0.150391,17,17.000000,0.889742
cate7-00061,cate7,1,33,18,0.583984,0.604492,0.046875,0.189453,18,18.000000,0.888768
cate7-00061,cate7,1,34,19,0.615234,0.583008,0.054688,0.193359,19,19.000000,0.913158
cate7-00061,cate7,1,35,20,0.653320,0.588867,0.052734,0.208984,20,20.000000,0.877347
cate7-00061,cate7,1,37,22,0.771484,0.552734,0.093750,0.203125,22,22.000000,0.941259
cate7-00061,cate7,1,38,23,0.848633,0.496094,0.119141,0.121094,23,23.000000,0.910099
cate7-00061,cate7,1,41,24,0.500000,0.584961,0.039062,0.146484,24,24.000000,0.772852
cate7-00061,cate7,1,42,25,0.466797,0.578125,0.035156,0.140625,25,25.000000,0.885472
cate7-00061,cate7,1,43,26,0.427734,0.599609,0.062500,0.195312,26,26.000000,0.860984
cate7-00061,cate7,1,44,27,0.402344,0.570312,0.058594,0.164062,27,27.000000,0.893293
cate7-00061,cate7,1,45,28,0.366211,0.565430,0.052734,0.169922,27,28.000000,0.785942
cate7-00061,cate7,1,46,29,0.307617,0.561523,0.095703,0.201172,29,29.000000,0.883628
cate7-00061,cate7,1,47,30,0.250000,0.543945,0.085938,0.205078,30,30.000000,0.926690
cate7-00061,cate7,1,48,31,0.176758,0.488281,0.107422,0.136719,31,31.000000,0.942107
cate7-00062,cate7,1,11,0,0.461914,0.376953,0.044922,0.261719,1,0.000000,0.883234
cate7-00062,cate7,1,12,1,0.416016,0.378906,0.039062,0.253906,2,1.000000,0.734660
cate7-00062,cate7,1,13,2,0.381836,0.365234,0.064453,0.281250,3,2.000000,0.619552
cate7-00062,cate7,1,14,3,0.339844,0.387695,0.054688,0.232422,4,3.000000,0.737819
cate7-00062,cate7,1,15,4,0.302734,0.380859,0.039062,0.250000,4,4.000000,0.873757
cate7-00062,cate7,1,17,6,0.252930,0.375000,0.064453,0.222656,6,5.000000,0.879049
cate7-00062,cate7,1,18,7,0.198242,0.368164,0.064453,0.177734,7,6.000000,0.925404
cate7-00062,cate7,1,21,8,0.510742,0.376953,0.048828,0.242188,8,8.000000,0.841899
cate7-00062,cate7,1,22,9,0.542969,0.370117,0.058594,0.236328,9,9.000000,0.800349
cate7-00062,cate7,1,23,10,0.596680,0.333008,0.064453,0.306641,10,10.000000,0.922558
cate7-00062,cate7,1,24,11,0.642578,0.352539,0.058594,0.267578,11,11.000000,0.848478
cate7-00062,cate7,1,25,12,0.682617,0.369141,0.048828,0.250000,12,12.000000,0.817850
cate7-00062,cate7,1,27,14,0.735352,0.375977,0.072266,0.224609,14,13.000000,0.933190
cate7-00062,cate7,1,28,15,0.795898,0.344727,0.068359,0.220703,14,14.000000,0.953893
cate7-00062,cate7,1,31,16,0.531250,0.605469,0.031250,0.179688,16,16.000000,0.802206
cate7-00062,cate7,1,32,17,0.561523,0.616211,0.037109,0.193359,17,17.000000,0.843055
cate7-00062,cate7,1,33,18,0.607422,0.648438,0.042969,0.261719,18,18.000000,0.840856
cate7-00062,cate7,1,34,19,0.647461,0.662109,0.048828,0.238281,20,19.000000,0.889896
cate7-00062,cate7,1,35,20,0.697266,0.662109,0.066406,0.246094,20,20.000000,0.930765
cate7-00062,cate7,1,37,22,0.781250,0.605469,0.121094,0.210938,22,22.000000,0.953347
cate7-00062,cate7,1,38,23,0.838867,0.536133,0.111328,0.189453,23,23.000000,0.935707
cate7-00062,cate7,1,41,24,0.496094,0.614258,0.039062,0.197266,24,24.000000,0.893566
cate7-00062,cate7,1,42,25,0.462891,0.615234,0.054688,0.187500,25,25.000000,0.868934
cate7-00062,cate7,1,43,26,0.422852,0.647461,0.048828,0.248047,26,26.000000,0.907422
cate7-00062,cate7,1,44,27,0.381836,0.659180,0.056641,0.263672,27,27.000000,0.918228
cate7-00062,cate7,1,45,28,0.322266,0.661133,0.066406,0.263672,28,28.000000,0.913342
cate7-00062,cate7,1,47,30,0.250977,0.606445,0.119141,0.212891,30,29.000000,0.951692
cate7-00062,cate7,1,48,31,0.191406,0.543945,0.101562,0.177734,31,30.000000,0.731711
cate7-00068,cate7,4,11,0,0.500977,0.427734,0.041016,0.226562,0,0.000000,0.916592
cate7-00068,cate7,4,12,1,0.465820,0.425781,0.044922,0.207031,0,1.000000,0.901253
cate7-00068,cate7,4,13,2,0.429688,0.403320,0.046875,0.240234,2,2.000000,0.903684
cate7-00068,cate7,4,14,3,0.392578,0.408203,0.054688,0.210938,3,3.000000,0.933817
cate7-00068,cate7,4,15,4,0.348633,0.389648,0.056641,0.220703,4,4.000000,0.888609
cate7-00068,cate7,4,16,5,0.305664,0.372070,0.068359,0.224609,5,5.000000,0.912604
cate7-00068,cate7,4,17,6,0.251953,0.350586,0.074219,0.224609,6,6.000000,0.804844
cate7-00068,cate7,4,21,8,0.541992,0.439453,0.044922,0.226562,8,8.000000,0.918555
cate7-00068,cate7,4,22,9,0.578125,0.423828,0.035156,0.222656,9,9.000000,0.878326
cate7-00068,cate7,4,23,10,0.612305,0.416016,0.041016,0.238281,10,10.000000,0.839993
cate7-00068,cate7,4,24,11,0.648438,0.408203,0.050781,0.214844,11,11.000000,0.868877
cate7-00068,cate7,4,25,12,0.683594,0.393555,0.042969,0.201172,12,12.000000,0.823631
cate7-00068,cate7,4,26,13,0.728516,0.373047,0.062500,0.226562,13,13.000000,0.892814
cate7-00068,cate7,4,27,14,0.778320,0.344727,0.056641,0.244141,14,14.000000,0.905323
cate7-00068,cate7,4,31,16,0.527344,0.638672,0.031250,0.160156,16,16.000000,0.823931
cate7-00068,cate7,4,32,17,0.553711,0.646484,0.037109,0.167969,17,17.000000,0.840637
cate7-00068,cate7,4,33,18,0.587891,0.644531,0.042969,0.187500,18,18.000000,0.896621
cate7-00068,cate7,4,34,19,0.625000,0.641602,0.046875,0.208984,19,19.000000,0.895756
cate7-00068,cate7,4,35,20,0.659180,0.636719,0.048828,0.218750,20,20.000000,0.834037
cate7-00068,cate7,4,36,21,0.714844,0.622070,0.093750,0.228516,21,21.000000,0.956343
cate7-00068,cate7,4,37,22,0.777344,0.584961,0.093750,0.208984,22,22.000000,0.936833
cate7-00068,cate7,4,41,24,0.507812,0.644531,0.039062,0.171875,24,24.000000,0.820067
cate7-00068,cate7,4,42,25,0.478516,0.652344,0.039062,0.195312,25,25.000000,0.808245
cate7-00068,cate7,4,43,26,0.446289,0.653320,0.041016,0.212891,26,26.000000,0.908133
cate7-00068,cate7,4,44,27,0.411133,0.644531,0.044922,0.226562,26,27.000000,0.897447
cate7-00068,cate7,4,45,28,0.368164,0.638672,0.056641,0.226562,28,28.000000,0.896964
cate7-00068,cate7,4,46,29,0.314453,0.623047,0.105469,0.234375,29,29.000000,0.923485
cate7-00068,cate7,4,47,30,0.237305,0.587891,0.103516,0.222656,30,30.000000,0.951341
cate7-00069,cate7,4,11,0,0.483398,0.351562,0.052734,0.261719,0,0.000000,0.935873
cate7-00069,cate7,4,12,1,0.444336,0.367188,0.041016,0.222656,1,1.000000,0.877121
cate7-00069,cate7,4,13,2,0.405273,0.352539,0.044922,0.259766,2,2.000000,0.870661
cate7-00069,cate7,4,14,3,0.368164,0.343750,0.041016,0.250000,2,3.000000,0.848707
cate7-00069,cate7,4,15,4,0.331055,0.348633,0.048828,0.232422,4,4.000000,0.845990
cate7-00069,cate7,4,16,5,0.279297,0.335938,0.058594,0.222656,5,5.000000,0.823497
cate7-00069,cate7,4,17,6,0.223633,0.314453,0.056641,0.207031,7,6.000000,0.909180
cate7-00069,cate7,4,21,8,0.530273,0.353516,0.048828,0.250000,8,8.000000,0.928748
cate7-00069,cate7,4,22,9,0.573242,0.360352,0.041016,0.224609,9,9.000000,0.912171
cate7-00069,cate7,4,24,11,0.613281,0.321289,0.054688,0.291016,10,10.000000,0.834471
cate7-00069,cate7,4,25,12,0.661133,0.314453,0.044922,0.265625,11,11.000000,0.557213
cate7-00069,cate7,4,26,13,0.710938,0.325195,0.066406,0.220703,13,13.000000,0.900290
cate7-00069,cate7,4,27,14,0.775391,0.322266,0.070312,0.207031,14,14.000000,0.937946
cate7-00069,cate7,4,31,16,0.552734,0.602539,0.046875,0.216797,17,16.000000,0.715819
cate7-00069,cate7,4,32,17,0.578125,0.600586,0.039062,0.228516,18,17.000000,0.884257
cate7-00069,cate7,4,33,18,0.618164,0.627930,0.052734,0.298828,18,18.000000,0.897672
cate7-00069,cate7,4,34,19,0.654297,0.601562,0.058594,0.250000,20,19.000000,0.852774
cate7-00069,cate7,4,35,20,0.692383,0.586914,0.052734,0.240234,20,20.000000,0.906406
cate7-00069,cate7,4,37,22,0.778320,0.536133,0.087891,0.181641,22,22.000000,0.770913
cate7-00069,cate7,4,41,24,0.518555,0.607422,0.037109,0.210938,16,,
cate7-00069,cate7,4,42,25,0.487305,0.603516,0.037109,0.203125,25,25.000000,0.577481
cate7-00069,cate7,4,43,26,0.448242,0.639648,0.048828,0.283203,26,26.000000,0.895048
cate7-00069,cate7,4,44,27,0.408203,0.605469,0.046875,0.218750,27,27.000000,0.895229
cate7-00069,cate7,4,45,28,0.359375,0.601562,0.066406,0.226562,28,28.000000,0.961079
cate7-00069,cate7,4,47,30,0.228516,0.546875,0.085938,0.203125,30,31.000000,0.641453
cate7-00074,cate7,3,11,0,0.487305,0.442383,0.052734,0.267578,0,0.000000,0.886460
cate7-00074,cate7,3,12,1,0.445312,0.458008,0.058594,0.212891,1,1.000000,0.860588
cate7-00074,cate7,3,13,2,0.405273,0.451172,0.056641,0.226562,3,2.000000,0.817449
cate7-00074,cate7,3,14,3,0.365234,0.439453,0.070312,0.218750,5,4.000000,0.908817
cate7-00074,cate7,3,16,5,0.306641,0.433594,0.070312,0.222656,5,5.000000,0.908448
cate7-00074,cate7,3,17,6,0.247070,0.429688,0.064453,0.183594,6,6.000000,0.934519
cate7-00074,cate7,3,21,8,0.533203,0.451172,0.050781,0.261719,8,8.000000,0.884309
cate7-00074,cate7,3,22,9,0.581055,0.463867,0.048828,0.232422,9,9.000000,0.857974
cate7-00074,cate7,3,23,10,0.616211,0.461914,0.048828,0.228516,10,10.000000,0.832698
cate7-00074,cate7,3,24,11,0.653320,0.460938,0.041016,0.214844,11,11.000000,0.900170
cate7-00074,cate7,3,25,12,0.687500,0.449219,0.046875,0.218750,12,12.000000,0.872208
cate7-00074,cate7,3,26,13,0.730469,0.441406,0.070312,0.203125,13,13.000000,0.901611
cate7-00074,cate7,3,27,14,0.787109,0.434570,0.058594,0.177734,14,15.000000,0.710774
cate7-00074,cate7,3,31,16,0.523438,0.683594,0.031250,0.175781,16,16.000000,0.783182
cate7-00074,cate7,3,32,17,0.555664,0.687500,0.037109,0.179688,17,17.000000,0.773602
cate7-00074,cate7,3,33,18,0.592773,0.716797,0.044922,0.230469,18,18.000000,0.905712
cate7-00074,cate7,3,34,19,0.633789,0.720703,0.044922,0.218750,19,19.000000,0.874314
cate7-00074,cate7,3,35,20,0.672852,0.716797,0.052734,0.242188,20,20.000000,0.897813
cate7-00074,cate7,3,36,21,0.728516,0.683594,0.089844,0.234375,21,21.000000,0.884716
cate7-00074,cate7,3,38,23,0.828125,0.627930,0.078125,0.162109,23,23.000000,0.920995
cate7-00074,cate7,3,41,24,0.499023,0.678711,0.029297,0.177734,24,24.000000,0.791200
cate7-00074,cate7,3,42,25,0.462891,0.673828,0.042969,0.167969,25,25.000000,0.698677
cate7-00074,cate7,3,43,26,0.421875,0.704102,0.058594,0.248047,26,26.000000,0.854213
cate7-00074,cate7,3,44,27,0.382812,0.690430,0.050781,0.216797,27,27.000000,0.915618
cate7-00074,cate7,3,45,28,0.331055,0.687500,0.076172,0.230469,28,28.000000,0.898946
cate7-00074,cate7,3,46,29,0.276367,0.660156,0.107422,0.234375,29,29.000000,0.918437
cate7-00074,cate7,3,47,30,0.209961,0.624023,0.083984,0.177734,30,31.000000,0.933388
cate7-00076,cate7,3,11,0,0.493164,0.402344,0.044922,0.257812,0,0.000000,0.917410
cate7-00076,cate7,3,12,1,0.461914,0.396484,0.052734,0.238281,0,1.000000,0.906343
cate7-00076,cate7,3,13,2,0.422852,0.376953,0.056641,0.257812,2,2.000000,0.859622
cate7-00076,cate7,3,14,3,0.381836,0.367188,0.056641,0.246094,3,,
cate7-00076,cate7,3,16,5,0.327148,0.375000,0.068359,0.191406,5,5.000000,0.877775
cate7-00076,cate7,3,17,6,0.262695,0.348633,0.064453,0.208984,6,6.000000,0.904743
cate7-00076,cate7,3,18,7,0.208984,0.343750,0.054688,0.160156,7,7.000000,0.905222
cate7-00076,cate7,3,21,8,0.532227,0.409180,0.041016,0.248047,8,8.000000,0.917988
cate7-00076,cate7,3,22,9,0.565430,0.405273,0.037109,0.232422,9,9.000000,0.843213
cate7-00076,cate7,3,23,10,0.603516,0.381836,0.042969,0.283203,10,10.000000,0.862539
cate7-00076,cate7,3,24,11,0.637695,0.389648,0.041016,0.228516,11,11.000000,0.802041
cate7-00076,cate7,3,25,12,0.669922,0.381836,0.042969,0.220703,12,12.000000,0.878127
cate7-00076,cate7,3,26,13,0.710938,0.357422,0.062500,0.234375,13,13.000000,0.944096
cate7-00076,cate7,3,27,14,0.763672,0.356445,0.054688,0.189453,14,14.000000,0.933743
cate7-00076,cate7,3,28,15,0.813477,0.340820,0.052734,0.166016,15,15.000000,0.909583
cate7-00076,cate7,3,31,16,0.506836,0.630859,0.029297,0.167969,24,16.000000,0.699772
cate7-00076,cate7,3,32,17,0.533203,0.644531,0.035156,0.187500,17,17.000000,0.820243
cate7-00076,cate7,3,33,18,0.569336,0.673828,0.056641,0.265625,18,18.000000,0.910860
cate7-00076,cate7,3,34,19,0.600586,0.637695,0.048828,0.220703,18,19.000000,0.906663
cate7-00076,cate7,3,35,20,0.644531,0.625000,0.066406,0.214844,20,20.000000,0.894575
cate7-00076,cate7,3,36,21,0.697266,0.608398,0.101562,0.224609,21,21.000000,0.932631
cate7-00076,cate7,3,37,22,0.751953,0.565430,0.089844,0.201172,22,22.000000,0.938370
cate7-00076,cate7,3,38,23,0.804688,0.519531,0.078125,0.171875,23,23.000000,0.910725
cate7-00076,cate7,3,41,24,0.488281,0.636719,0.035156,0.179688,24,24.000000,0.658100
cate7-00076,cate7,3,42,25,0.456055,0.631836,0.033203,0.193359,25,25.000000,0.728155
cate7-00076,cate7,3,43,26,0.416992,0.653320,0.060547,0.255859,26,26.000000,0.906697
cate7-00076,cate7,3,44,27,0.383789,0.636719,0.056641,0.226562,27,27.000000,0.950689
cate7-00076,cate7,3,45,28,0.344727,0.617188,0.072266,0.218750,28,28.000000,0.903724
cate7-00076,cate7,3,46,29,0.291992,0.596680,0.107422,0.224609,29,29.000000,0.946122
cate7-00076,cate7,3,47,30,0.225586,0.551758,0.115234,0.216797,30,30.000000,0.934019
cate7-00076,cate7,3,48,31,0.174805,0.492188,0.087891,0.164062,31,31.000000,0.928450
cate7-00080,cate7,2,11,0,0.493164,0.416016,0.044922,0.250000,0,0.000000,0.902157
cate7-00080,cate7,2,12,1,0.458008,0.410156,0.037109,0.250000,1,1.000000,0.874378
cate7-00080,cate7,2,13,2,0.423828,0.406250,0.042969,0.250000,2,2.000000,0.903682
cate7-00080,cate7,2,14,3,0.388672,0.395508,0.046875,0.240234,2,3.000000,0.847534
cate7-00080,cate7,2,15,4,0.353516,0.403320,0.058594,0.212891,3,4.000000,0.834010
cate7-00080,cate7,2,16,5,0.306641,0.408203,0.066406,0.187500,5,5.000000,0.933275
cate7-00080,cate7,2,17,6,0.256836,0.383789,0.060547,0.201172,6,6.000000,0.910270
cate7-00080,cate7,2,21,8,0.531250,0.416992,0.042969,0.248047,8,8.000000,0.846382
cate7-00080,cate7,2,22,9,0.564453,0.414062,0.035156,0.234375,9,9.000000,0.857357
cate7-00080,cate7,2,23,10,0.596680,0.381836,0.048828,0.287109,10,10.000000,0.906032
cate7-00080,cate7,2,24,11,0.631836,0.415039,0.041016,0.201172,11,11.000000,0.849376
cate7-00080,cate7,2,25,12,0.665039,0.388672,0.041016,0.238281,12,12.000000,0.895049
cate7-00080,cate7,2,26,13,0.707031,0.391602,0.058594,0.205078,13,13.000000,0.931253
cate7-00080,cate7,2,27,14,0.753906,0.370117,0.050781,0.205078,14,14.000000,0.878470
cate7-00080,cate7,2,31,16,0.517578,0.627930,0.031250,0.150391,16,16.000000,0.795111
cate7-00080,cate7,2,32,17,0.543945,0.645508,0.029297,0.162109,17,17.000000,0.848967
cate7-00080,cate7,2,33,18,0.577148,0.677734,0.048828,0.230469,18,18.000000,0.857518
cate7-00080,cate7,2,34,19,0.614258,0.663086,0.044922,0.205078,19,19.000000,0.877245
cate7-00080,cate7,2,35,20,0.649414,0.659180,0.052734,0.208984,19,20.000000,0.897161
cate7-00080,cate7,2,36,21,0.702148,0.626953,0.091797,0.199219,21,21.000000,0.926509
cate7-00080,cate7,2,37,22,0.756836,0.601562,0.099609,0.207031,22,22.000000,0.961732
cate7-00080,cate7,2,41,24,0.494141,0.632812,0.035156,0.148438,24,24.000000,0.821901
cate7-00080,cate7,2,42,25,0.465820,0.636719,0.048828,0.167969,25,25.000000,0.855232
cate7-00080,cate7,2,43,26,0.439453,0.666016,0.042969,0.210938,26,26.000000,0.898504
cate7-00080,cate7,2,44,27,0.397461,0.658203,0.044922,0.179688,27,27.000000,0.859127
cate7-00080,cate7,2,45,28,0.356445,0.657227,0.087891,0.251953,28,28.000000,0.879483
cate7-00080,cate7,2,46,29,0.310547,0.637695,0.125000,0.220703,29,29.000000,0.926458
cate7-00080,cate7,2,47,30,0.249023,0.611328,0.095703,0.214844,30,30.000000,0.913836
cate7-00083,cate7,2,11,0,0.463867,0.533203,0.044922,0.183594,1,0.000000,0.916429
cate7-00083,cate7,2,12,1,0.429688,0.537109,0.039062,0.191406,26,1.000000,0.773927
cate7-00083,cate7,2,13,2,0.396484,0.532227,0.039062,0.205078,3,2.000000,0.788592
cate7-00083,cate7,2,14,3,0.367188,0.533203,0.054688,0.191406,3,3.000000,0.779170
cate7-00083,cate7,2,15,4,0.344727,0.532227,0.060547,0.181641,28,4.000000,0.844690
cate7-00083,cate7,2,16,5,0.291016,0.510742,0.070312,0.189453,5,5.000000,0.930242
cate7-00083,cate7,2,17,6,0.231445,0.498047,0.060547,0.214844,6,6.000000,0.941407
cate7-00083,cate7,2,18,7,0.179688,0.500000,0.062500,0.187500,31,7.000000,0.920116
cate7-00083,cate7,2,21,8,0.504883,0.539062,0.041016,0.164062,0,8.000000,0.896425
cate7-00083,cate7,2,22,9,0.542969,0.535156,0.031250,0.179688,17,9.000000,0.887410
cate7-00083,cate7,2,23,10,0.570312,0.531250,0.050781,0.187500,9,10.000000,0.837483
cate7-00083,cate7,2,24,11,0.604492,0.518555,0.044922,0.208984,10,11.000000,0.844654
cate7-00083,cate7,2,25,12,0.637695,0.520508,0.037109,0.189453,11,12.000000,0.909313
cate7-00083,cate7,2,26,13,0.675781,0.513672,0.058594,0.183594,13,13.000000,0.920777
cate7-00083,cate7,2,27,14,0.730469,0.502930,0.058594,0.189453,14,14.000000,0.939150
cate7-00083,cate7,2,28,15,0.770508,0.477539,0.064453,0.197266,14,15.000000,0.937731
cate7-00083,cate7,2,31,16,0.500977,0.712891,0.029297,0.121094,24,16.000000,0.794684
cate7-00083,cate7,2,32,17,0.524414,0.708984,0.037109,0.121094,16,17.000000,0.717941
cate7-00083,cate7,2,33,18,0.553711,0.712891,0.037109,0.144531,17,18.000000,0.856780
cate7-00083,cate7,2,34,19,0.588867,0.726562,0.041016,0.183594,18,19.000000,0.884639
cate7-00083,cate7,2,35,20,0.706055,0.701172,0.041016,0.167969,20,,
cate7-00083,cate7,2,36,21,0.766602,0.671875,0.091797,0.164062,22,22.000000,0.839993
cate7-00083,cate7,2,41,24,0.476562,0.726562,0.031250,0.152344,25,24.000000,0.802960
cate7-00083,cate7,2,42,25,0.451172,0.714844,0.031250,0.136719,25,25.000000,0.885469
cate7-00083,cate7,2,43,26,0.429688,0.718750,0.039062,0.171875,26,26.000000,0.858424
cate7-00083,cate7,2,44,27,0.392578,0.738281,0.042969,0.203125,27,28.000000,0.584809
cate7-00083,cate7,2,45,28,0.278320,0.724609,0.052734,0.195312,28,28.000000,0.803543
cate7-00083,cate7,2,46,29,0.213867,0.699219,0.095703,0.171875,30,30.000000,0.921839
cate7-00086,cate7,1,11,0,0.504883,0.433594,0.041016,0.222656,0,0.000000,0.811947
cate7-00086,cate7,1,12,1,0.467773,0.429688,0.037109,0.210938,1,1.000000,0.872253
cate7-00086,cate7,1,13,2,0.426758,0.424805,0.056641,0.216797,2,2.000000,0.888713
cate7-00086,cate7,1,14,3,0.396484,0.409180,0.062500,0.220703,3,3.000000,0.897557
cate7-00086,cate7,1,15,4,0.353516,0.398438,0.046875,0.218750,3,4.000000,0.922589
cate7-00086,cate7,1,16,5,0.291992,0.401367,0.076172,0.232422,5,5.000000,0.872620
cate7-00086,cate7,1,17,6,0.232422,0.382812,0.066406,0.210938,6,6.000000,0.890028
cate7-00086,cate7,1,21,8,0.547852,0.444336,0.044922,0.212891,9,8.000000,0.867854
cate7-00086,cate7,1,22,9,0.585938,0.449219,0.031250,0.191406,9,9.000000,0.897600
cate7-00086,cate7,1,23,10,0.629883,0.428711,0.041016,0.216797,11,10.000000,0.863087
cate7-00086,cate7,1,26,13,0.730469,0.422852,0.070312,0.208984,13,13.000000,0.566160
cate7-00086,cate7,1,27,14,0.791016,0.432617,0.058594,0.189453,14,14.000000,0.589807
cate7-00086,cate7,1,28,15,0.829102,0.412109,0.044922,0.148438,15,15.000000,0.713430
cate7-00086,cate7,1,31,16,0.528320,0.634766,0.033203,0.164062,16,16.000000,0.749166
cate7-00086,cate7,1,32,17,0.558594,0.644531,0.031250,0.175781,17,17.000000,0.866369
cate7-00086,cate7,1,33,18,0.592773,0.656250,0.037109,0.203125,19,18.000000,0.889625
cate7-00086,cate7,1,34,19,0.628906,0.664062,0.042969,0.210938,19,19.000000,0.817717
cate7-00086,cate7,1,35,20,0.664062,0.660156,0.042969,0.222656,20,20.000000,0.898502
cate7-00086,cate7,1,36,21,0.719727,0.662109,0.087891,0.222656,21,21.000000,0.911270
cate7-00086,cate7,1,38,23,0.813477,0.611328,0.095703,0.167969,22,23.000000,0.575559
cate7-00086,cate7,1,41,24,0.506836,0.640625,0.037109,0.167969,24,24.000000,0.843777
cate7-00086,cate7,1,42,25,0.485352,0.647461,0.056641,0.169922,25,25.000000,0.849437
cate7-00086,cate7,1,43,26,0.439453,0.661133,0.039062,0.185547,26,,
cate7-00086,cate7,1,45,28,0.373047,0.675781,0.062500,0.214844,28,28.000000,0.858044
cate7-00086,cate7,1,47,30,0.242188,0.627930,0.128906,0.208984,30,30.000000,0.912400
cate7-00086,cate7,1,48,31,0.199219,0.577148,0.078125,0.185547,31,31.000000,0.901364
cate7-00090,cate7,1,11,0,0.495117,0.380859,0.044922,0.238281,0,0.000000,0.878333
cate7-00090,cate7,1,12,1,0.461914,0.374023,0.041016,0.251953,1,1.000000,0.759869
cate7-00090,cate7,1,15,4,0.357422,0.337891,0.054688,0.246094,3,4.000000,0.687477
cate7-00090,cate7,1,17,6,0.269531,0.345703,0.062500,0.242188,6,6.000000,0.952935
cate7-00090,cate7,1,18,7,0.198242,0.334961,0.072266,0.205078,6,7.000000,0.936396
cate7-00090,cate7,1,21,8,0.533203,0.361328,0.042969,0.285156,8,8.000000,0.853005
cate7-00090,cate7,1,22,9,0.567383,0.362305,0.052734,0.267578,10,9.000000,0.838421
cate7-00090,cate7,1,23,10,0.601562,0.348633,0.042969,0.287109,10,10.000000,0.893068
cate7-00090,cate7,1,24,11,0.635742,0.346680,0.041016,0.263672,11,11.000000,0.826755
cate7-00090,cate7,1,25,12,0.670898,0.340820,0.044922,0.259766,12,12.000000,0.765478
cate7-00090,cate7,1,27,14,0.762695,0.330078,0.064453,0.234375,14,14.000000,0.748565
cate7-00090,cate7,1,28,15,0.816406,0.332031,0.066406,0.199219,15,15.000000,0.578141
cate7-00090,cate7,1,31,16,0.520508,0.596680,0.029297,0.201172,16,16.000000,0.817108
cate7-00090,cate7,1,32,17,0.545898,0.609375,0.033203,0.207031,18,17.000000,0.826911
cate7-00090,cate7,1,33,18,0.576172,0.626953,0.039062,0.257812,18,18.000000,0.906638
cate7-00090,cate7,1,34,19,0.635742,0.612305,0.044922,0.240234,19,19.000000,0.921373
cate7-00090,cate7,1,35,20,0.674805,0.605469,0.052734,0.242188,20,20.000000,0.936978
cate7-00090,cate7,1,36,21,0.754883,0.572266,0.107422,0.214844,22,22.000000,0.913356
cate7-00090,cate7,1,37,22,0.802734,0.521484,0.085938,0.179688,22,23.000000,0.936940
cate7-00090,cate7,1,41,24,0.495117,0.606445,0.033203,0.212891,24,24.000000,0.793019
cate7-00090,cate7,1,42,25,0.468750,0.608398,0.031250,0.216797,25,25.000000,0.865051
cate7-00090,cate7,1,43,26,0.440430,0.607422,0.033203,0.246094,26,26.000000,0.870845
cate7-00090,cate7,1,44,27,0.404297,0.600586,0.042969,0.236328,27,27.000000,0.856015
cate7-00090,cate7,1,45,28,0.371094,0.595703,0.050781,0.253906,28,28.000000,0.922261
cate7-00092,cate7,4,11,0,0.491211,0.515625,0.044922,0.195312,0,0.000000,0.955584
cate7-00092,cate7,4,12,1,0.456055,0.498047,0.029297,0.218750,1,1.000000,0.915282
cate7-00092,cate7,4,13,2,0.427734,0.492188,0.042969,0.207031,2,2.000000,0.889346
cate7-00092,cate7,4,14,3,0.392578,0.480469,0.046875,0.210938,3,3.000000,0.916852
cate7-00092,cate7,4,15,4,0.355469,0.466797,0.066406,0.210938,4,4.000000,0.743139
cate7-00092,cate7,4,16,5,0.318359,0.451172,0.070312,0.183594,5,5.000000,0.925267
cate7-00092,cate7,4,17,6,0.269531,0.422852,0.082031,0.185547,6,6.000000,0.924006
cate7-00092,cate7,4,18,7,0.251953,0.353516,0.085938,0.140625,7,7.000000,0.926458
cate7-00092,cate7,4,21,8,0.528320,0.514648,0.052734,0.205078,8,8.000000,0.947114
cate7-00092,cate7,4,22,9,0.567383,0.508789,0.037109,0.177734,9,9.000000,0.905308
cate7-00092,cate7,4,23,10,0.594727,0.482422,0.048828,0.226562,10,10.000000,0.786573
cate7-00092,cate7,4,24,11,0.627930,0.471680,0.041016,0.208984,11,11.000000,0.793813
cate7-00092,cate7,4,25,12,0.657227,0.467773,0.041016,0.189453,12,12.000000,0.861215
cate7-00092,cate7,4,26,13,0.700195,0.432617,0.056641,0.212891,13,13.000000,0.937081
cate7-00092,cate7,4,27,14,0.739258,0.417969,0.068359,0.156250,14,14.000000,0.936676
cate7-00092,cate7,4,28,15,0.763672,0.340820,0.058594,0.111328,15,15.000000,0.889905
cate7-00092,cate7,4,31,16,0.521484,0.692383,0.035156,0.123047,17,16.000000,0.821486
cate7-00092,cate7,4,32,17,0.545898,0.699219,0.033203,0.144531,17,17.000000,0.929580
cate7-00092,cate7,4,33,18,0.580078,0.704102,0.042969,0.193359,18,18.000000,0.919889
cate7-00092,cate7,4,34,19,0.618164,0.693359,0.056641,0.183594,19,19.000000,0.921635
cate7-00092,cate7,4,35,20,0.658203,0.677734,0.070312,0.179688,20,20.000000,0.825577
cate7-00092,cate7,4,36,21,0.703125,0.646484,0.109375,0.195312,21,21.000000,0.958792
cate7-00092,cate7,4,37,22,0.752930,0.590820,0.095703,0.169922,22,22.000000,0.922604
cate7-00092,cate7,4,38,23,0.815430,0.553711,0.091797,0.138672,23,23.000000,0.893857
cate7-00092,cate7,4,41,24,0.494141,0.692383,0.031250,0.123047,24,24.000000,0.864544
cate7-00092,cate7,4,42,25,0.464844,0.704102,0.042969,0.154297,25,25.000000,0.790095
cate7-00092,cate7,4,43,26,0.434570,0.700195,0.041016,0.173828,26,26.000000,0.909269
cate7-00092,cate7,4,44,27,0.399414,0.686523,0.052734,0.166016,27,27.000000,0.935653
cate7-00092,cate7,4,45,28,0.354492,0.683594,0.064453,0.179688,28,28.000000,0.927864
cate7-00092,cate7,4,47,30,0.252930,0.612305,0.111328,0.181641,30,30.000000,0.964821
cate7-00092,cate7,4,48,31,0.183594,0.553711,0.109375,0.130859,31,31.000000,0.955041
cate7-00097,cate7,3,11,0,0.477539,0.430664,0.041016,0.244141,1,0.000000,0.878890
cate7-00097,cate7,3,12,1,0.443359,0.419922,0.042969,0.253906,1,1.000000,0.892159
cate7-00097,cate7,3,13,2,0.409180,0.393555,0.044922,0.298828,2,2.000000,0.890953
cate7-00097,cate7,3,14,3,0.376953,0.416016,0.050781,0.218750,3,3.000000,0.546424
cate7-00097,cate7,3,16,5,0.339844,0.388672,0.070312,0.234375,5,5.000000,0.823094
cate7-00097,cate7,3,17,6,0.281250,0.382812,0.058594,0.195312,6,6.000000,0.956149
cate7-00097,cate7,3,18,7,0.233398,0.348633,0.048828,0.185547,7,7.000000,0.919384
cate7-00097,cate7,3,21,8,0.525391,0.431641,0.042969,0.246094,8,8.000000,0.907712
cate7-00097,cate7,3,22,9,0.560547,0.428711,0.031250,0.240234,9,9.000000,0.875779
cate7-00097,cate7,3,23,10,0.593750,0.413086,0.039062,0.283203,10,10.000000,0.861553
cate7-00097,cate7,3,24,11,0.623047,0.419922,0.054688,0.226562,11,11.000000,0.919169
cate7-00097,cate7,3,26,13,0.675781,0.407227,0.070312,0.220703,13,13.000000,0.916422
cate7-00097,cate7,3,27,14,0.732422,0.380859,0.050781,0.210938,14,14.000000,0.757450
cate7-00097,cate7,3,28,15,0.779297,0.348633,0.046875,0.201172,14,15.000000,0.690634
cate7-00097,cate7,3,31,16,0.503906,0.665039,0.027344,0.193359,24,24.000000,0.606538
cate7-00097,cate7,3,32,17,0.530273,0.666016,0.029297,0.183594,16,,
cate7-00097,cate7,3,33,18,0.582031,0.673828,0.085938,0.226562,18,18.000000,0.866404
cate7-00097,cate7,3,34,19,0.610352,0.665039,0.060547,0.208984,19,19.000000,0.865684
cate7-00097,cate7,3,35,20,0.656250,0.665039,0.070312,0.216797,20,20.000000,0.891375
cate7-00097,cate7,3,37,22,0.738281,0.615234,0.113281,0.199219,22,22.000000,0.964699
cate7-00097,cate7,3,38,23,0.788086,0.543945,0.099609,0.162109,22,23.000000,0.877080
cate7-00097,cate7,3,41,24,0.476562,0.668945,0.035156,0.201172,25,25.000000,0.685214
cate7-00097,cate7,3,42,25,0.437500,0.668945,0.042969,0.216797,26,26.000000,0.879741
cate7-00097,cate7,3,43,26,0.405273,0.665039,0.056641,0.228516,27,27.000000,0.894314
cate7-00097,cate7,3,44,27,0.367188,0.648438,0.054688,0.214844,28,28.000000,0.869032
cate7-00097,cate7,3,46,29,0.278320,0.608398,0.115234,0.201172,30,30.000000,0.933792
cate7-00097,cate7,3,47,30,0.224609,0.553711,0.105469,0.185547,30,31.000000,0.939563
cate7-00098,cate7,0,11,0,0.487305,0.405273,0.044922,0.240234,0,0.000000,0.879236
cate7-00098,cate7,0,12,1,0.450195,0.397461,0.037109,0.240234,1,1.000000,0.885548
cate7-00098,cate7,0,13,2,0.411133,0.382812,0.056641,0.265625,2,2.000000,0.865009
cate7-00098,cate7,0,14,3,0.384766,0.403320,0.070312,0.232422,3,3.000000,0.788239
cate7-00098,cate7,0,15,4,0.345703,0.404297,0.066406,0.218750,5,4.000000,0.967514
cate7-00098,cate7,0,16,5,0.289062,0.403320,0.066406,0.216797,5,5.000000,0.899559
cate7-00098,cate7,0,17,6,0.226562,0.405273,0.062500,0.177734,6,6.000000,0.913374
cate7-00098,cate7,0,21,8,0.530273,0.404297,0.044922,0.242188,8,8.000000,0.856641
cate7-00098,cate7,0,22,9,0.563477,0.402344,0.037109,0.234375,9,9.000000,0.840348
cate7-00098,cate7,0,23,10,0.603516,0.379883,0.054688,0.271484,10,10.000000,0.898306
cate7-00098,cate7,0,24,11,0.641602,0.402344,0.044922,0.218750,11,11.000000,0.906021
cate7-00098,cate7,0,25,12,0.675781,0.395508,0.039062,0.228516,12,12.000000,0.868618
cate7-00098,cate7,0,26,13,0.720703,0.379883,0.066406,0.240234,13,13.000000,0.898574
cate7-00098,cate7,0,27,14,0.779297,0.378906,0.062500,0.207031,14,14.000000,0.917256
cate7-00098,cate7,0,28,15,0.820312,0.318359,0.062500,0.167969,15,15.000000,0.874622
cate7-00098,cate7,0,31,16,0.504883,0.635742,0.029297,0.193359,24,16.000000,0.908527
cate7-00098,cate7,0,32,17,0.531250,0.633789,0.035156,0.197266,16,17.000000,0.846001
cate7-00098,cate7,0,33,18,0.564453,0.649414,0.042969,0.232422,18,18.000000,0.845570
cate7-00098,cate7,0,34,19,0.598633,0.661133,0.041016,0.228516,18,19.000000,0.881235
cate7-00098,cate7,0,35,20,0.633789,0.649414,0.052734,0.216797,19,20.000000,0.911949
cate7-00098,cate7,0,37,22,0.735352,0.627930,0.111328,0.212891,21,22.000000,0.972170
cate7-00098,cate7,0,38,23,0.787109,0.571289,0.093750,0.173828,22,23.000000,0.902996
cate7-00098,cate7,0,41,24,0.481445,0.640625,0.033203,0.207031,24,24.000000,0.831932
cate7-00098,cate7,0,42,25,0.454102,0.632812,0.037109,0.187500,25,25.000000,0.816589
cate7-00098,cate7,0,43,26,0.422852,0.659180,0.048828,0.216797,26,26.000000,0.880305
cate7-00098,cate7,0,44,27,0.392578,0.673828,0.050781,0.222656,27,27.000000,0.876856
cate7-00098,cate7,0,45,28,0.359375,0.666992,0.046875,0.220703,28,28.000000,0.843892
cate7-00098,cate7,0,46,29,0.306641,0.651367,0.082031,0.220703,29,29.000000,0.945740
cate7-00098,cate7,0,47,30,0.250000,0.633789,0.089844,0.205078,30,30.000000,0.787128
cate7-00098,cate7,0,48,31,0.192383,0.588867,0.080078,0.181641,31,31.000000,0.857449
cate7-00105,cate7,3,11,0,0.486328,0.391602,0.050781,0.291016,0,0.000000,0.939193
cate7-00105,cate7,3,12,1,0.449219,0.399414,0.050781,0.255859,1,1.000000,0.892120
cate7-00105,cate7,3,13,2,0.413086,0.368164,0.056641,0.283203,2,2.000000,0.843061
cate7-00105,cate7,3,15,4,0.364258,0.374023,0.052734,0.232422,3,,
cate7-00105,cate7,3,16,5,0.314453,0.376953,0.070312,0.222656,5,5.000000,0.918009
cate7-00105,cate7,3,17,6,0.250977,0.371094,0.056641,0.214844,6,6.000000,0.939024
cate7-00105,cate7,3,18,7,0.201172,0.367188,0.070312,0.199219,6,7.000000,0.929340
cate7-00105,cate7,3,21,8,0.533203,0.394531,0.050781,0.281250,8,8.000000,0.904277
cate7-00105,cate7,3,22,9,0.568359,0.399414,0.046875,0.259766,10,9.000000,0.868233
cate7-00105,cate7,3,23,10,0.609375,0.357422,0.046875,0.296875,10,10.000000,0.886528
cate7-00105,cate7,3,25,12,0.648438,0.372070,0.042969,0.236328,11,11.000000,0.878105
cate7-00105,cate7,3,26,13,0.701172,0.375977,0.066406,0.208984,13,13.000000,0.897255
cate7-00105,cate7,3,27,14,0.757812,0.369141,0.054688,0.207031,14,14.000000,0.924356
cate7-00105,cate7,3,28,15,0.809570,0.359375,0.076172,0.175781,15,15.000000,0.865111
cate7-00105,cate7,3,31,16,0.509766,0.649414,0.035156,0.189453,16,16.000000,0.827065
cate7-00105,cate7,3,32,17,0.543945,0.659180,0.037109,0.193359,17,17.000000,0.836768
cate7-00105,cate7,3,33,18,0.590820,0.672852,0.044922,0.224609,18,18.000000,0.891385
cate7-00105,cate7,3,35,20,0.650391,0.669922,0.089844,0.234375,20,20.000000,0.944126
cate7-00105,cate7,3,36,21,0.716797,0.635742,0.125000,0.236328,21,21.000000,0.900560
cate7-00105,cate7,3,37,22,0.774414,0.608398,0.099609,0.236328,22,22.000000,0.926733
cate7-00105,cate7,3,38,23,0.854492,0.557617,0.115234,0.134766,23,23.000000,0.607597
cate7-00105,cate7,3,41,24,0.476562,0.647461,0.035156,0.185547,25,24.000000,0.817532
cate7-00105,cate7,3,42,25,0.443359,0.654297,0.035156,0.199219,26,25.000000,0.814070
cate7-00105,cate7,3,43,26,0.401367,0.669922,0.041016,0.238281,27,26.000000,0.821046
cate7-00105,cate7,3,45,28,0.341797,0.666016,0.109375,0.253906,29,28.000000,0.807797
cate7-00105,cate7,3,46,29,0.285156,0.638672,0.121094,0.238281,29,29.000000,0.937256
cate7-00105,cate7,3,47,30,0.227539,0.607422,0.095703,0.226562,30,30.000000,0.930633
cate7-00105,cate7,3,48,31,0.145508,0.541992,0.115234,0.134766,31,31.000000,0.822909
cate7-00110,cate7,2,11,0,0.497070,0.345703,0.060547,0.218750,0,0.000000,0.852661
cate7-00110,cate7,2,12,1,0.455078,0.340820,0.062500,0.212891,2,1.000000,0.753235
cate7-00110,cate7,2,13,2,0.449219,0.248047,0.082031,0.246094,2,2.000000,0.563128
cate7-00110,cate7,2,14,3,0.404297,0.334961,0.062500,0.208984,2,3.000000,0.716168
cate7-00110,cate7,2,15,4,0.354492,0.337891,0.056641,0.214844,4,4.000000,0.892333
cate7-00110,cate7,2,16,5,0.297852,0.313477,0.080078,0.232422,5,5.000000,0.873539
cate7-00110,cate7,2,17,6,0.246094,0.289062,0.082031,0.214844,6,6.000000,0.957488
cate7-00110,cate7,2,18,7,0.211914,0.198242,0.060547,0.162109,7,7.000000,0.892537
cate7-00110,cate7,2,21,8,0.537109,0.349609,0.046875,0.218750,8,8.000000,0.885586
cate7-00110,cate7,2,22,9,0.580078,0.354492,0.039062,0.216797,9,9.000000,0.778748
cate7-00110,cate7,2,23,10,0.622070,0.352539,0.048828,0.232422,10,10.000000,0.884880
cate7-00110,cate7,2,24,11,0.661133,0.370117,0.044922,0.201172,12,11.000000,0.891281
cate7-00110,cate7,2,25,12,0.698242,0.367188,0.044922,0.203125,12,12.000000,0.928815
cate7-00110,cate7,2,26,13,0.750000,0.354492,0.074219,0.193359,14,13.000000,0.905488
cate7-00110,cate7,2,27,14,0.787109,0.315430,0.082031,0.181641,14,14.000000,0.901880
cate7-00110,cate7,2,28,15,0.829102,0.255859,0.048828,0.085938,15,15.000000,0.890761
cate7-00110,cate7,2,31,16,0.535156,0.571289,0.035156,0.162109,16,16.000000,0.803002
cate7-00110,cate7,2,32,17,0.562500,0.560547,0.042969,0.199219,18,17.000000,0.820935
cate7-00110,cate7,2,33,18,0.588867,0.602539,0.037109,0.240234,18,18.000000,0.877676
cate7-00110,cate7,2,34,19,0.630859,0.588867,0.054688,0.216797,20,19.000000,0.923409
cate7-00110,cate7,2,35,20,0.675781,0.588867,0.054688,0.193359,20,20.000000,0.879307
cate7-00110,cate7,2,36,21,0.731445,0.593750,0.087891,0.226562,21,21.000000,0.947902
cate7-00110,cate7,2,37,22,0.793945,0.558594,0.080078,0.222656,22,22.000000,0.879614
cate7-00110,cate7,2,38,23,0.863281,0.541016,0.093750,0.136719,23,23.000000,0.904247
cate7-00110,cate7,2,41,24,0.522461,0.568359,0.033203,0.203125,17,24.000000,0.702390
cate7-00110,cate7,2,42,25,0.494141,0.585938,0.042969,0.207031,25,25.000000,0.738807
cate7-00110,cate7,2,43,26,0.463867,0.606445,0.041016,0.255859,26,26.000000,0.885192
cate7-00110,cate7,2,44,27,0.423828,0.586914,0.054688,0.220703,26,27.000000,0.872102
cate7-00110,cate7,2,45,28,0.374023,0.582031,0.064453,0.238281,28,28.000000,0.886258
cate7-00110,cate7,2,46,29,0.306641,0.572266,0.101562,0.238281,29,29.000000,0.933871
cate7-00110,cate7,2,47,30,0.233398,0.532227,0.083984,0.240234,30,30.000000,0.899963
cate7-00110,cate7,2,48,31,0.171875,0.514648,0.089844,0.154297,31,31.000000,0.953967
cate7-00112,cate7,2,11,0,0.500000,0.486328,0.046875,0.160156,0,0.000000,0.913393
cate7-00112,cate7,2,12,1,0.467773,0.485352,0.060547,0.166016,0,1.000000,0.919742
cate7-00112,cate7,2,13,2,0.417969,0.469727,0.050781,0.212891,2,2.000000,0.905427
cate7-00112,cate7,2,14,3,0.377930,0.475586,0.048828,0.205078,3,4.000000,0.547045
cate7-00112,cate7,2,16,5,0.324219,0.489258,0.066406,0.173828,5,5.000000,0.885834
cate7-00112,cate7,2,17,6,0.264648,0.481445,0.060547,0.177734,6,6.000000,0.952817
cate7-00112,cate7,2,18,7,0.225586,0.419922,0.072266,0.148438,7,7.000000,0.934960
cate7-00112,cate7,2,21,8,0.541992,0.491211,0.048828,0.166016,8,8.000000,0.861848
cate7-00112,cate7,2,22,9,0.581055,0.498047,0.033203,0.167969,9,9.000000,0.827531
cate7-00112,cate7,2,23,10,0.617188,0.501953,0.042969,0.183594,11,10.000000,0.909512
cate7-00112,cate7,2,24,11,0.655273,0.508789,0.033203,0.158203,12,11.000000,0.822003
cate7-00112,cate7,2,25,12,0.682617,0.509766,0.041016,0.160156,12,12.000000,0.913457
cate7-00112,cate7,2,26,13,0.728516,0.495117,0.062500,0.185547,14,13.000000,0.945290
cate7-00112,cate7,2,27,14,0.777344,0.485352,0.058594,0.166016,14,14.000000,0.920485
cate7-00112,cate7,2,28,15,0.803711,0.405273,0.072266,0.146484,15,15.000000,0.932287
cate7-00112,cate7,2,31,16,0.539062,0.678711,0.027344,0.166016,17,16.000000,0.850860
cate7-00112,cate7,2,32,17,0.568359,0.682617,0.031250,0.173828,18,17.000000,0.787750
cate7-00112,cate7,2,33,18,0.600586,0.695312,0.037109,0.210938,18,18.000000,0.849869
cate7-00112,cate7,2,34,19,0.635742,0.690430,0.041016,0.189453,20,19.000000,0.799358
cate7-00112,cate7,2,35,20,0.669922,0.685547,0.042969,0.187500,20,20.000000,0.862082
cate7-00112,cate7,2,37,22,0.771484,0.649414,0.082031,0.177734,22,22.000000,0.882635
cate7-00112,cate7,2,38,23,0.831055,0.625000,0.068359,0.121094,23,23.000000,0.905982
cate7-00112,cate7,2,41,24,0.514648,0.677734,0.033203,0.171875,16,24.000000,0.849154
cate7-00112,cate7,2,42,25,0.483398,0.677734,0.029297,0.175781,24,25.000000,0.817411
cate7-00112,cate7,2,43,26,0.446289,0.684570,0.041016,0.208984,26,26.000000,0.889783
cate7-00112,cate7,2,45,28,0.374023,0.673828,0.056641,0.187500,28,28.000000,0.953605
cate7-00112,cate7,2,46,29,0.315430,0.667969,0.083984,0.187500,29,29.000000,0.935368
cate7-00112,cate7,2,47,30,0.248047,0.650391,0.074219,0.179688,30,30.000000,0.915957
cate7-00112,cate7,2,48,31,0.184570,0.640625,0.080078,0.125000,31,31.000000,0.939153
cate8-00001,cate8,1,11,0,0.494141,0.453125,0.050781,0.218750,0,0.000000,0.839269
cate8-00001,cate8,1,12,1,0.454102,0.440430,0.044922,0.205078,1,1.000000,0.835168
cate8-00001,cate8,1,13,2,0.410156,0.410156,0.046875,0.269531,2,2.000000,0.845387
cate8-00001,cate8,1,14,3,0.376953,0.426758,0.042969,0.216797,3,3.000000,0.894401
cate8-00001,cate8,1,15,4,0.340820,0.426758,0.041016,0.212891,4,4.000000,0.889041
cate8-00001,cate8,1,16,5,0.291016,0.405273,0.058594,0.224609,5,5.000000,0.896060
cate8-00001,cate8,1,17,6,0.244141,0.378906,0.070312,0.214844,6,6.000000,0.927369
cate8-00001,cate8,1,18,7,0.210938,0.325195,0.054688,0.138672,7,7.000000,0.882416
cate8-00001,cate8,1,21,8,0.532227,0.458984,0.041016,0.214844,8,8.000000,0.774701
cate8-00001,cate8,1,22,9,0.568359,0.447266,0.031250,0.199219,9,9.000000,0.844443
cate8-00001,cate8,1,23,10,0.609375,0.424805,0.054688,0.263672,10,10.000000,0.925341
cate8-00001,cate8,1,24,11,0.642578,0.422852,0.046875,0.248047,11,11.000000,0.879238
cate8-00001,cate8,1,25,12,0.676758,0.424805,0.037109,0.248047,12,12.000000,0.897171
cate8-00001,cate8,1,26,13,0.721680,0.414062,0.056641,0.234375,13,13.000000,0.913214
cate8-00001,cate8,1,27,14,0.768555,0.388672,0.064453,0.199219,14,14.000000,0.910428
cate8-00001,cate8,1,28,15,0.804688,0.367188,0.058594,0.148438,15,15.000000,0.866165
cate8-00001,cate8,1,31,16,0.519531,0.680664,0.027344,0.189453,16,16.000000,0.780948
cate8-00001,cate8,1,32,17,0.554688,0.687500,0.046875,0.207031,18,17.000000,0.864009
cate8-00001,cate8,1,33,18,0.592773,0.689453,0.068359,0.250000,18,18.000000,0.932068
cate8-00001,cate8,1,34,19,0.622070,0.677734,0.052734,0.218750,19,19.000000,0.898568
cate8-00001,cate8,1,35,20,0.662109,0.662109,0.062500,0.214844,20,20.000000,0.926071
cate8-00001,cate8,1,37,22,0.786133,0.608398,0.111328,0.189453,22,22.000000,0.961335
cate8-00001,cate8,1,38,23,0.843750,0.568359,0.089844,0.125000,23,23.000000,0.951307
cate8-00001,cate8,1,41,24,0.494141,0.679688,0.027344,0.191406,24,24.000000,0.892877
cate8-00001,cate8,1,42,25,0.463867,0.676758,0.029297,0.197266,25,25.000000,0.839387
cate8-00001,cate8,1,43,26,0.427734,0.682617,0.042969,0.255859,26,26.000000,0.908774
cate8-00001,cate8,1,44,27,0.389648,0.665039,0.044922,0.232422,27,27.000000,0.901263
cate8-00001,cate8,1,45,28,0.348633,0.654297,0.060547,0.226562,28,28.000000,0.927162
cate8-00001,cate8,1,47,30,0.237305,0.605469,0.115234,0.187500,30,30.000000,0.962891
cate8-00001,cate8,1,48,31,0.186523,0.556641,0.095703,0.167969,31,31.000000,0.935154
cate8-00005,cate8,4,11,0,0.500000,0.420898,0.050781,0.294922,0,0.000000,0.890457
cate8-00005,cate8,4,12,1,0.476562,0.409180,0.070312,0.291016,0,,
cate8-00005,cate8,4,13,2,0.416016,0.414062,0.046875,0.281250,2,2.000000,0.901659
cate8-00005,cate8,4,14,3,0.371094,0.437500,0.050781,0.214844,3,3.000000,0.934581
cate8-00005,cate8,4,15,4,0.327148,0.420898,0.048828,0.220703,4,4.000000,0.839929
cate8-00005,cate8,4,16,5,0.272461,0.439453,0.068359,0.179688,6,5.000000,0.892314
cate8-00005,cate8,4,17,6,0.219727,0.389648,0.080078,0.201172,6,6.000000,0.890286
cate8-00005,cate8,4,18,7,0.180664,0.336914,0.072266,0.138672,7,7.000000,0.927468
cate8-00005,cate8,4,21,8,0.539062,0.442383,0.054688,0.271484,8,8.000000,0.928559
cate8-00005,cate8,4,22,9,0.580078,0.451172,0.050781,0.261719,10,9.000000,0.882623
cate8-00005,cate8,4,23,10,0.617188,0.456055,0.050781,0.248047,10,10.000000,0.855486
cate8-00005,cate8,4,24,11,0.657227,0.459961,0.044922,0.212891,12,11.000000,0.861544
cate8-00005,cate8,4,25,12,0.698242,0.458008,0.044922,0.201172,12,12.000000,0.853889
cate8-00005,cate8,4,26,13,0.750000,0.456055,0.066406,0.201172,13,13.000000,0.896687
cate8-00005,cate8,4,27,14,0.803711,0.422852,0.072266,0.193359,14,14.000000,0.912637
cate8-00005,cate8,4,28,15,0.837891,0.366211,0.078125,0.146484,15,15.000000,0.903240
cate8-00005,cate8,4,31,16,0.525391,0.698242,0.023438,0.154297,16,16.000000,0.876113
cate8-00005,cate8,4,32,17,0.557617,0.688477,0.037109,0.177734,17,17.000000,0.891036
cate8-00005,cate8,4,33,18,0.590820,0.712891,0.037109,0.238281,18,18.000000,0.900217
cate8-00005,cate8,4,34,19,0.630859,0.703125,0.050781,0.218750,19,19.000000,0.840560
cate8-00005,cate8,4,35,20,0.678711,0.690430,0.052734,0.220703,20,20.000000,0.937207
cate8-00005,cate8,4,38,23,0.837891,0.590820,0.105469,0.126953,23,23.000000,0.907409
cate8-00005,cate8,4,41,24,0.496094,0.691406,0.035156,0.199219,24,24.000000,0.836656
cate8-00005,cate8,4,42,25,0.468750,0.700195,0.042969,0.216797,25,25.000000,0.779139
cate8-00005,cate8,4,43,26,0.420898,0.706055,0.056641,0.259766,26,26.000000,0.903570
cate8-00005,cate8,4,44,27,0.382812,0.693359,0.066406,0.238281,27,27.000000,0.899879
cate8-00005,cate8,4,45,28,0.336914,0.669922,0.064453,0.207031,28,28.000000,0.880563
cate8-00005,cate8,4,47,30,0.223633,0.611328,0.103516,0.199219,30,30.000000,0.967624
cate8-00005,cate8,4,48,31,0.159180,0.570312,0.087891,0.164062,31,31.000000,0.929436
cate8-00008,cate8,1,11,0,0.467773,0.444336,0.048828,0.212891,0,0.000000,0.770069
cate8-00008,cate8,1,12,1,0.445312,0.430664,0.039062,0.185547,1,1.000000,0.774033
cate8-00008,cate8,1,13,2,0.423828,0.384766,0.039062,0.207031,2,2.000000,0.914761
cate8-00008,cate8,1,14,3,0.399414,0.427734,0.044922,0.175781,3,3.000000,0.881548
cate8-00008,cate8,1,15,4,0.368164,0.423828,0.041016,0.199219,3,4.000000,0.937945
cate8-00008,cate8,1,16,5,0.326172,0.422852,0.054688,0.208984,4,5.000000,0.892226
cate8-00008,cate8,1,17,6,0.276367,0.430664,0.048828,0.150391,6,6.000000,0.931504
cate8-00008,cate8,1,21,8,0.504883,0.444336,0.041016,0.224609,0,8.000000,0.760818
cate8-00008,cate8,1,22,9,0.537109,0.437500,0.039062,0.187500,8,9.000000,0.767721
cate8-00008,cate8,1,23,10,0.567383,0.416992,0.048828,0.224609,9,10.000000,0.903024
cate8-00008,cate8,1,24,11,0.605469,0.416016,0.042969,0.195312,11,11.000000,0.888570
cate8-00008,cate8,1,25,12,0.642578,0.414062,0.042969,0.191406,11,12.000000,0.911513
cate8-00008,cate8,1,26,13,0.688477,0.415039,0.060547,0.197266,13,13.000000,0.765667
cate8-00008,cate8,1,27,14,0.737305,0.399414,0.052734,0.177734,14,14.000000,0.886749
cate8-00008,cate8,1,31,16,0.527344,0.653320,0.031250,0.158203,16,16.000000,0.867606
cate8-00008,cate8,1,32,17,0.547852,0.651367,0.029297,0.162109,17,17.000000,0.865940
cate8-00008,cate8,1,33,18,0.581055,0.670898,0.044922,0.220703,18,18.000000,0.902430
cate8-00008,cate8,1,34,19,0.614258,0.669922,0.041016,0.207031,19,19.000000,0.862520
cate8-00008,cate8,1,35,20,0.646484,0.680664,0.042969,0.208984,19,20.000000,0.902375
cate8-00008,cate8,1,36,21,0.706055,0.661133,0.091797,0.201172,21,21.000000,0.920842
cate8-00008,cate8,1,37,22,0.759766,0.602539,0.085938,0.177734,22,22.000000,0.892756
cate8-00008,cate8,1,41,24,0.499023,0.655273,0.025391,0.177734,24,24.000000,0.810507
cate8-00008,cate8,1,42,25,0.473633,0.655273,0.037109,0.177734,25,25.000000,0.871953
cate8-00008,cate8,1,43,26,0.446289,0.671875,0.048828,0.210938,26,26.000000,0.886966
cate8-00008,cate8,1,44,27,0.403320,0.686523,0.037109,0.224609,27,27.000000,0.876551
cate8-00008,cate8,1,45,28,0.362305,0.691406,0.041016,0.210938,28,28.000000,0.878570
cate8-00008,cate8,1,46,29,0.289062,0.631836,0.101562,0.166016,30,30.000000,0.915937
cate8-00011,cate8,0,11,0,0.464844,0.378906,0.042969,0.230469,1,0.000000,0.816755
cate8-00011,cate8,0,12,1,0.423828,0.372070,0.042969,0.232422,1,1.000000,0.833859
cate8-00011,cate8,0,13,2,0.382812,0.357422,0.042969,0.257812,2,2.000000,0.843551
cate8-00011,cate8,0,14,3,0.350586,0.361328,0.044922,0.246094,4,3.000000,0.875664
cate8-00011,cate8,0,15,4,0.310547,0.364258,0.042969,0.228516,4,4.000000,0.892322
cate8-00011,cate8,0,16,5,0.264648,0.376953,0.052734,0.171875,6,5.000000,0.931852
cate8-00011,cate8,0,17,6,0.212891,0.328125,0.070312,0.214844,6,6.000000,0.933202
cate8-00011,cate8,0,18,7,0.162109,0.300781,0.074219,0.191406,7,7.000000,0.898743
cate8-00011,cate8,0,21,8,0.512695,0.371094,0.048828,0.238281,8,8.000000,0.877792
cate8-00011,cate8,0,22,9,0.556641,0.372070,0.039062,0.236328,9,9.000000,0.911322
cate8-00011,cate8,0,23,10,0.596680,0.364258,0.041016,0.248047,10,10.000000,0.877066
cate8-00011,cate8,0,24,11,0.628906,0.363281,0.042969,0.250000,10,11.000000,0.865647
cate8-00011,cate8,0,25,12,0.669922,0.361328,0.039062,0.238281,12,12.000000,0.926756
cate8-00011,cate8,0,26,13,0.716797,0.380859,0.062500,0.191406,13,13.000000,0.875100
cate8-00011,cate8,0,27,14,0.774414,0.353516,0.064453,0.179688,14,14.000000,0.902586
cate8-00011,cate8,0,28,15,0.820312,0.308594,0.070312,0.183594,15,15.000000,0.941797
cate8-00011,cate8,0,31,16,0.500977,0.591797,0.037109,0.207031,24,16.000000,0.896397
cate8-00011,cate8,0,32,17,0.539062,0.598633,0.035156,0.189453,17,17.000000,0.930387
cate8-00011,cate8,0,33,18,0.576172,0.609375,0.042969,0.218750,18,18.000000,0.855997
cate8-00011,cate8,0,34,19,0.617188,0.598633,0.042969,0.216797,19,19.000000,0.872017
cate8-00011,cate8,0,35,20,0.660156,0.595703,0.046875,0.222656,20,20.000000,0.863253
cate8-00011,cate8,0,37,22,0.774414,0.550781,0.111328,0.207031,22,22.000000,0.967081
cate8-00011,cate8,0,38,23,0.832031,0.496094,0.109375,0.187500,23,23.000000,0.916478
cate8-00011,cate8,0,41,24,0.472656,0.607422,0.031250,0.187500,25,24.000000,0.899893
cate8-00011,cate8,0,42,25,0.433594,0.602539,0.031250,0.189453,26,25.000000,0.913437
cate8-00011,cate8,0,43,26,0.395508,0.612305,0.041016,0.240234,27,26.000000,0.888111
cate8-00011,cate8,0,44,27,0.355469,0.596680,0.039062,0.232422,27,27.000000,0.848639
cate8-00011,cate8,0,45,28,0.316406,0.606445,0.042969,0.244141,28,28.000000,0.878364
cate8-00011,cate8,0,47,30,0.228516,0.548828,0.097656,0.203125,30,30.000000,0.913937
cate8-00011,cate8,0,48,31,0.166992,0.497070,0.099609,0.185547,31,31.000000,0.919203
cate8-00015,cate8,1,11,0,0.481445,0.477539,0.037109,0.228516,0,0.000000,0.800121
cate8-00015,cate8,1,12,1,0.451172,0.480469,0.031250,0.218750,1,1.000000,0.787673
cate8-00015,cate8,1,13,2,0.415039,0.463867,0.037109,0.263672,2,2.000000,0.819064
cate8-00015,cate8,1,14,3,0.379883,0.465820,0.037109,0.236328,3,3.000000,0.867156
cate8-00015,cate8,1,16,5,0.314453,0.478516,0.058594,0.175781,5,5.000000,0.880870
cate8-00015,cate8,1,17,6,0.263672,0.445312,0.062500,0.191406,6,6.000000,0.938505
cate8-00015,cate8,1,21,8,0.521484,0.474609,0.039062,0.242188,8,8.000000,0.815186
cate8-00015,cate8,1,22,9,0.553711,0.483398,0.029297,0.224609,9,9.000000,0.710239
cate8-00015,cate8,1,23,10,0.590820,0.448242,0.041016,0.306641,10,10.000000,0.875698
cate8-00015,cate8,1,24,11,0.623047,0.466797,0.046875,0.222656,11,11.000000,0.953644
cate8-00015,cate8,1,25,12,0.662109,0.459961,0.039062,0.201172,12,12.000000,0.897657
cate8-00015,cate8,1,27,14,0.721680,0.447266,0.056641,0.183594,13,14.000000,0.782581
cate8-00015,cate8,1,28,15,0.769531,0.440430,0.031250,0.123047,14,15.000000,0.829055
cate8-00015,cate8,1,31,16,0.513672,0.702148,0.027344,0.142578,16,16.000000,0.820632
cate8-00015,cate8,1,32,17,0.541992,0.699219,0.033203,0.152344,17,17.000000,0.892424
cate8-00015,cate8,1,33,18,0.582031,0.712891,0.054688,0.199219,18,18.000000,0.932145
cate8-00015,cate8,1,34,19,0.620117,0.695312,0.056641,0.183594,19,19.000000,0.924841
cate8-00015,cate8,1,35,20,0.660156,0.679688,0.066406,0.199219,20,20.000000,0.937912
cate8-00015,cate8,1,36,21,0.717773,0.659180,0.099609,0.205078,21,21.000000,0.932162
cate8-00015,cate8,1,38,23,0.802734,0.581055,0.109375,0.142578,23,22.000000,0.682799
cate8-00015,cate8,1,41,24,0.484375,0.705078,0.035156,0.148438,24,24.000000,0.755798
cate8-00015,cate8,1,42,25,0.453125,0.715820,0.042969,0.169922,26,25.000000,0.815053
cate8-00015,cate8,1,43,26,0.403320,0.723633,0.076172,0.193359,26,26.000000,0.892060
cate8-00015,cate8,1,44,27,0.376953,0.701172,0.054688,0.167969,27,27.000000,0.901044
cate8-00015,cate8,1,45,28,0.342773,0.692383,0.064453,0.185547,28,28.000000,0.909655
cate8-00015,cate8,1,46,29,0.291016,0.672852,0.109375,0.197266,29,29.000000,0.936731
cate8-00015,cate8,1,47,30,0.229492,0.625000,0.103516,0.171875,30,30.000000,0.915403
cate8-00015,cate8,1,48,31,0.192383,0.562500,0.080078,0.164062,31,31.000000,0.959246
cate8-00017,cate8,3,11,0,0.478516,0.363281,0.042969,0.242188,0,0.000000,0.853393
cate8-00017,cate8,3,12,1,0.440430,0.357422,0.041016,0.210938,1,1.000000,0.952581
cate8-00017,cate8,3,13,2,0.404297,0.352539,0.042969,0.251953,2,2.000000,0.880592
cate8-00017,cate8,3,14,3,0.366211,0.366211,0.044922,0.212891,3,3.000000,0.920305
cate8-00017,cate8,3,15,4,0.332031,0.351562,0.046875,0.207031,4,4.000000,0.955849
cate8-00017,cate8,3,17,6,0.262695,0.333008,0.064453,0.197266,6,6.000000,0.924889
cate8-00017,cate8,3,18,7,0.223633,0.262695,0.064453,0.130859,7,7.000000,0.917719
cate8-00017,cate8,3,21,8,0.516602,0.362305,0.037109,0.240234,8,8.000000,0.906757
cate8-00017,cate8,3,22,9,0.556641,0.366211,0.039062,0.216797,9,9.000000,0.882881
cate8-00017,cate8,3,23,10,0.593750,0.361328,0.046875,0.234375,10,10.000000,0.895329
cate8-00017,cate8,3,24,11,0.633789,0.358398,0.044922,0.220703,11,11.000000,0.907739
cate8-00017,cate8,3,25,12,0.676758,0.352539,0.044922,0.228516,12,12.000000,0.905956
cate8-00017,cate8,3,27,14,0.763672,0.331055,0.066406,0.212891,14,14.000000,0.937318
cate8-00017,cate8,3,28,15,0.792969,0.245117,0.078125,0.130859,15,15.000000,0.879413
cate8-00017,cate8,3,31,16,0.523438,0.587891,0.031250,0.152344,16,16.000000,0.912561
cate8-00017,cate8,3,32,17,0.549805,0.596680,0.048828,0.181641,17,17.000000,0.875513
cate8-00017,cate8,3,33,18,0.590820,0.616211,0.044922,0.228516,18,18.000000,0.865633
cate8-00017,cate8,3,34,19,0.634766,0.613281,0.046875,0.222656,19,19.000000,0.905175
cate8-00017,cate8,3,35,20,0.683594,0.610352,0.054688,0.220703,20,20.000000,0.940561
cate8-00017,cate8,3,37,22,0.770508,0.564453,0.115234,0.164062,22,22.000000,0.956796
cate8-00017,cate8,3,38,23,0.840820,0.513672,0.091797,0.148438,23,23.000000,0.927743
cate8-00017,cate8,3,41,24,0.503906,0.585938,0.027344,0.140625,24,24.000000,0.854317
cate8-00017,cate8,3,42,25,0.478516,0.590820,0.031250,0.158203,24,25.000000,0.845009
cate8-00017,cate8,3,43,26,0.440430,0.610352,0.044922,0.216797,26,26.000000,0.862037
cate8-00017,cate8,3,44,27,0.391602,0.626953,0.056641,0.207031,27,27.000000,0.882519
cate8-00017,cate8,3,45,28,0.349609,0.608398,0.066406,0.208984,28,28.000000,0.920505
cate8-00017,cate8,3,46,29,0.299805,0.588867,0.080078,0.205078,29,29.000000,0.909832
cate8-00017,cate8,3,47,30,0.221680,0.540039,0.107422,0.189453,30,30.000000,0.929427
cate8-00017,cate8,3,48,31,0.161133,0.497070,0.076172,0.119141,31,31.000000,0.957883
cate8-00022,cate8,0,11,0,0.483398,0.389648,0.044922,0.283203,0,0.000000,0.891158
cate8-00022,cate8,0,12,1,0.451172,0.381836,0.046875,0.255859,1,1.000000,0.869088
cate8-00022,cate8,0,13,2,0.404297,0.355469,0.050781,0.308594,2,2.000000,0.899071
cate8-00022,cate8,0,14,3,0.367188,0.382812,0.046875,0.218750,3,3.000000,0.891090
cate8-00022,cate8,0,15,4,0.333984,0.369141,0.046875,0.195312,4,4.000000,0.891576
cate8-00022,cate8,0,16,5,0.279297,0.368164,0.066406,0.197266,5,5.000000,0.906340
cate8-00022,cate8,0,17,6,0.228516,0.331055,0.078125,0.208984,6,6.000000,0.938924
cate8-00022,cate8,0,18,7,0.208984,0.253906,0.078125,0.152344,7,7.000000,0.923558
cate8-00022,cate8,0,21,8,0.526367,0.402344,0.044922,0.253906,8,8.000000,0.881799
cate8-00022,cate8,0,22,9,0.568359,0.401367,0.039062,0.248047,9,9.000000,0.871123
cate8-00022,cate8,0,23,10,0.606445,0.390625,0.044922,0.289062,10,10.000000,0.823234
cate8-00022,cate8,0,24,11,0.646484,0.399414,0.046875,0.228516,11,11.000000,0.851255
cate8-00022,cate8,0,25,12,0.682617,0.395508,0.044922,0.216797,12,12.000000,0.899981
cate8-00022,cate8,0,26,13,0.732422,0.370117,0.062500,0.220703,13,13.000000,0.943273
cate8-00022,cate8,0,27,14,0.787109,0.356445,0.062500,0.185547,14,14.000000,0.909999
cate8-00022,cate8,0,28,15,0.804688,0.282227,0.070312,0.126953,15,15.000000,0.850544
cate8-00022,cate8,0,31,16,0.529297,0.636719,0.027344,0.167969,16,16.000000,0.883158
cate8-00022,cate8,0,32,17,0.555664,0.637695,0.033203,0.177734,17,17.000000,0.873383
cate8-00022,cate8,0,33,18,0.593750,0.667969,0.054688,0.214844,18,18.000000,0.860248
cate8-00022,cate8,0,34,19,0.624023,0.645508,0.056641,0.201172,20,19.000000,0.916352
cate8-00022,cate8,0,35,20,0.663086,0.644531,0.056641,0.199219,20,20.000000,0.905489
cate8-00022,cate8,0,36,21,0.714844,0.622070,0.082031,0.212891,21,21.000000,0.936898
cate8-00022,cate8,0,37,22,0.775391,0.594727,0.074219,0.205078,22,22.000000,0.967493
cate8-00022,cate8,0,38,23,0.845703,0.546875,0.093750,0.117188,23,23.000000,0.938452
cate8-00022,cate8,0,41,24,0.500000,0.630859,0.031250,0.160156,24,24.000000,0.844359
cate8-00022,cate8,0,42,25,0.476562,0.629883,0.035156,0.181641,25,25.000000,0.866139
cate8-00022,cate8,0,43,26,0.435547,0.652344,0.054688,0.214844,26,26.000000,0.830055
cate8-00022,cate8,0,44,27,0.406250,0.632812,0.054688,0.222656,26,27.000000,0.870968
cate8-00022,cate8,0,45,28,0.358398,0.630859,0.056641,0.226562,28,28.000000,0.857729
cate8-00022,cate8,0,47,30,0.241211,0.571289,0.115234,0.185547,30,30.000000,0.929482
cate8-00022,cate8,0,48,31,0.176758,0.522461,0.091797,0.146484,31,31.000000,0.959938
cate8-00023,cate8,4,11,0,0.493164,0.417969,0.044922,0.234375,0,0.000000,0.916946
cate8-00023,cate8,4,12,1,0.461914,0.412109,0.044922,0.210938,0,1.000000,0.829340
cate8-00023,cate8,4,13,2,0.420898,0.398438,0.037109,0.250000,2,2.000000,0.853945
cate8-00023,cate8,4,14,3,0.392578,0.401367,0.046875,0.201172,3,3.000000,0.850053
cate8-00023,cate8,4,15,4,0.358398,0.394531,0.044922,0.203125,4,4.000000,0.659289
cate8-00023,cate8,4,16,5,0.317383,0.394531,0.056641,0.167969,5,5.000000,0.934568
cate8-00023,cate8,4,17,6,0.272461,0.369141,0.060547,0.156250,5,6.000000,0.892452
cate8-00023,cate8,4,18,7,0.241211,0.273438,0.052734,0.152344,7,7.000000,0.926297
cate8-00023,cate8,4,21,8,0.529297,0.413086,0.035156,0.240234,8,8.000000,0.910289
cate8-00023,cate8,4,22,9,0.560547,0.416992,0.035156,0.201172,9,9.000000,0.855708
cate8-00023,cate8,4,23,10,0.594727,0.405273,0.037109,0.240234,10,10.000000,0.825560
cate8-00023,cate8,4,24,11,0.628906,0.404297,0.046875,0.214844,11,11.000000,0.800920
cate8-00023,cate8,4,25,12,0.659180,0.398438,0.041016,0.207031,11,12.000000,0.872889
cate8-00023,cate8,4,26,13,0.701172,0.411133,0.062500,0.181641,13,13.000000,0.945293
cate8-00023,cate8,4,27,14,0.748047,0.382812,0.058594,0.171875,14,14.000000,0.944045
cate8-00023,cate8,4,28,15,0.778320,0.292969,0.056641,0.140625,15,15.000000,0.907889
cate8-00023,cate8,4,31,16,0.514648,0.633789,0.021484,0.162109,16,16.000000,0.899398
cate8-00023,cate8,4,32,17,0.541992,0.651367,0.029297,0.189453,17,17.000000,0.891663
cate8-00023,cate8,4,33,18,0.571289,0.657227,0.033203,0.208984,17,18.000000,0.907310
cate8-00023,cate8,4,34,19,0.618164,0.654297,0.044922,0.207031,19,19.000000,0.942436
cate8-00023,cate8,4,35,20,0.661133,0.648438,0.060547,0.203125,20,20.000000,0.842854
cate8-00023,cate8,4,37,22,0.749023,0.595703,0.115234,0.171875,22,22.000000,0.970132
cate8-00023,cate8,4,38,23,0.795898,0.555664,0.091797,0.154297,23,23.000000,0.898461
cate8-00023,cate8,4,41,24,0.489258,0.630859,0.029297,0.160156,24,24.000000,0.801854
cate8-00023,cate8,4,42,25,0.460938,0.619141,0.031250,0.136719,24,25.000000,0.791065
cate8-00023,cate8,4,43,26,0.429688,0.644531,0.042969,0.195312,26,26.000000,0.920836
cate8-00023,cate8,4,44,27,0.383789,0.643555,0.044922,0.201172,27,27.000000,0.892569
cate8-00023,cate8,4,45,28,0.338867,0.628906,0.056641,0.191406,28,28.000000,0.924622
cate8-00023,cate8,4,47,30,0.246094,0.555664,0.117188,0.150391,31,30.000000,0.866150
cate8-00023,cate8,4,48,31,0.197266,0.506836,0.082031,0.134766,31,31.000000,0.942930
cate8-00029,cate8,3,11,0,0.502930,0.381836,0.037109,0.251953,0,0.000000,0.819063
cate8-00029,cate8,3,12,1,0.473633,0.361328,0.041016,0.246094,0,1.000000,0.776400
cate8-00029,cate8,3,13,2,0.437500,0.339844,0.050781,0.281250,1,2.000000,0.884485
cate8-00029,cate8,3,14,3,0.401367,0.345703,0.052734,0.218750,2,3.000000,0.771602
cate8-00029,cate8,3,15,4,0.361328,0.329102,0.074219,0.193359,3,4.000000,0.892435
cate8-00029,cate8,3,16,5,0.327148,0.301758,0.080078,0.212891,5,5.000000,0.898661
cate8-00029,cate8,3,17,6,0.281250,0.262695,0.078125,0.197266,7,6.000000,0.935484
cate8-00029,cate8,3,18,7,0.258789,0.182617,0.060547,0.115234,7,7.000000,0.641208
cate8-00029,cate8,3,21,8,0.541992,0.378906,0.041016,0.250000,9,8.000000,0.698067
cate8-00029,cate8,3,22,9,0.583008,0.368164,0.041016,0.251953,9,10.000000,0.831759
cate8-00029,cate8,3,23,10,0.618164,0.355469,0.041016,0.246094,12,11.000000,0.916837
cate8-00029,cate8,3,24,11,0.653320,0.349609,0.041016,0.230469,11,12.000000,0.881275
cate8-00029,cate8,3,27,14,0.726562,0.304688,0.074219,0.203125,13,14.000000,0.936819
cate8-00029,cate8,3,28,15,0.758789,0.234375,0.048828,0.152344,15,15.000000,0.865532
cate8-00029,cate8,3,31,16,0.527344,0.634766,0.027344,0.152344,16,16.000000,0.850351
cate8-00029,cate8,3,32,17,0.550781,0.649414,0.031250,0.185547,17,17.000000,0.793372
cate8-00029,cate8,3,33,18,0.583008,0.647461,0.037109,0.240234,18,18.000000,0.897559
cate8-00029,cate8,3,34,19,0.617188,0.641602,0.039062,0.212891,19,19.000000,0.916306
cate8-00029,cate8,3,35,20,0.650391,0.612305,0.046875,0.197266,19,20.000000,0.936821
cate8-00029,cate8,3,37,22,0.746094,0.543945,0.117188,0.177734,23,22.000000,0.941065
cate8-00029,cate8,3,38,23,0.797852,0.501953,0.095703,0.156250,23,23.000000,0.929225
cate8-00029,cate8,3,41,24,0.510742,0.634766,0.025391,0.191406,16,24.000000,0.804619
cate8-00029,cate8,3,42,25,0.487305,0.622070,0.037109,0.201172,25,25.000000,0.804358
cate8-00029,cate8,3,43,26,0.448242,0.644531,0.052734,0.222656,26,26.000000,0.902022
cate8-00029,cate8,3,44,27,0.418945,0.606445,0.052734,0.212891,27,27.000000,0.786195
cate8-00029,cate8,3,45,28,0.388672,0.579102,0.066406,0.201172,27,28.000000,0.885570
cate8-00029,cate8,3,47,30,0.271484,0.497070,0.125000,0.177734,30,30.000000,0.953521
cate8-00029,cate8,3,48,31,0.217773,0.449219,0.087891,0.144531,7,31.000000,0.953255
cate8-00030,cate8,1,11,0,0.474609,0.372070,0.042969,0.205078,0,0.000000,0.852517
cate8-00030,cate8,1,12,1,0.439453,0.364258,0.031250,0.220703,1,1.000000,0.828972
cate8-00030,cate8,1,13,2,0.401367,0.349609,0.041016,0.257812,2,2.000000,0.802377
cate8-00030,cate8,1,14,3,0.368164,0.363281,0.037109,0.203125,3,3.000000,0.944538
cate8-00030,cate8,1,15,4,0.333984,0.351562,0.039062,0.203125,4,4.000000,0.929698
cate8-00030,cate8,1,16,5,0.288086,0.329102,0.056641,0.212891,5,5.000000,0.914860
cate8-00030,cate8,1,17,6,0.235352,0.317383,0.052734,0.197266,6,6.000000,0.960935
cate8-00030,cate8,1,18,7,0.194336,0.300781,0.064453,0.156250,7,7.000000,0.938676
cate8-00030,cate8,1,21,8,0.521484,0.359375,0.042969,0.214844,8,8.000000,0.838784
cate8-00030,cate8,1,22,9,0.556641,0.361328,0.035156,0.218750,9,9.000000,0.821371
cate8-00030,cate8,1,23,10,0.593750,0.356445,0.042969,0.244141,9,10.000000,0.887694
cate8-00030,cate8,1,24,11,0.633789,0.342773,0.041016,0.228516,11,11.000000,0.811434
cate8-00030,cate8,1,25,12,0.668945,0.318359,0.029297,0.175781,12,12.000000,0.589416
cate8-00030,cate8,1,26,13,0.715820,0.336914,0.060547,0.173828,13,13.000000,0.927127
cate8-00030,cate8,1,27,14,0.773438,0.302734,0.054688,0.203125,14,14.000000,0.894257
cate8-00030,cate8,1,31,16,0.516602,0.579102,0.029297,0.146484,16,16.000000,0.854574
cate8-00030,cate8,1,32,17,0.551758,0.571289,0.037109,0.154297,17,17.000000,0.886543
cate8-00030,cate8,1,33,18,0.586914,0.573242,0.048828,0.201172,18,18.000000,0.915951
cate8-00030,cate8,1,34,19,0.623047,0.562500,0.050781,0.199219,19,19.000000,0.890239
cate8-00030,cate8,1,35,20,0.662109,0.545898,0.054688,0.212891,20,20.000000,0.918737
cate8-00030,cate8,1,36,21,0.723633,0.513672,0.083984,0.187500,14,21.000000,0.904921
cate8-00030,cate8,1,37,22,0.784180,0.494141,0.091797,0.191406,14,22.000000,0.948341
cate8-00030,cate8,1,41,24,0.482422,0.587891,0.031250,0.140625,24,24.000000,0.839371
cate8-00030,cate8,1,42,25,0.449219,0.579102,0.039062,0.158203,25,25.000000,0.894273
cate8-00030,cate8,1,43,26,0.409180,0.584961,0.048828,0.201172,27,26.000000,0.896525
cate8-00030,cate8,1,44,27,0.381836,0.552734,0.041016,0.175781,3,27.000000,0.933431
cate8-00030,cate8,1,45,28,0.340820,0.554688,0.041016,0.199219,27,28.000000,0.919674
cate8-00030,cate8,1,47,30,0.223633,0.501953,0.099609,0.195312,30,30.000000,0.896431
cate8-00030,cate8,1,48,31,0.163086,0.442383,0.103516,0.166016,31,31.000000,0.951651
cate8-00035,cate8,1,15,4,0.354492,0.466797,0.068359,0.207031,4,5.000000,0.893796
cate8-00035,cate8,1,17,6,0.260742,0.486328,0.048828,0.183594,6,7.000000,0.833482
cate8-00035,cate8,1,23,10,0.576172,0.498047,0.035156,0.203125,9,10.000000,0.885722
cate8-00035,cate8,1,27,14,0.710938,0.488281,0.066406,0.175781,13,14.000000,0.927622
cate8-00035,cate8,1,31,16,0.506836,0.665039,0.025391,0.197266,16,16.000000,0.895686
cate8-00035,cate8,1,32,17,0.531250,0.661133,0.027344,0.181641,16,17.000000,0.856463
cate8-00035,cate8,1,33,18,0.558594,0.665039,0.035156,0.193359,17,18.000000,0.794802
cate8-00035,cate8,1,41,24,0.480469,0.664062,0.027344,0.199219,25,24.000000,0.858030
cate8-00035,cate8,1,42,25,0.457031,0.657227,0.031250,0.197266,25,25.000000,0.875390
cate8-00035,cate8,1,43,26,0.424805,0.661133,0.033203,0.220703,26,26.000000,0.855020
cate8-00035,cate8,1,44,27,0.389648,0.644531,0.041016,0.187500,27,27.000000,0.847009
cate8-00037,cate8,4,11,0,0.504883,0.451172,0.044922,0.179688,0,0.000000,0.915024
cate8-00037,cate8,4,12,1,0.470703,0.452148,0.035156,0.177734,1,1.000000,0.884394
cate8-00037,cate8,4,13,2,0.428711,0.436523,0.052734,0.205078,2,2.000000,0.896077
cate8-00037,cate8,4,14,3,0.401367,0.427734,0.044922,0.175781,3,3.000000,0.822423
cate8-00037,cate8,4,15,4,0.362305,0.420898,0.033203,0.201172,3,4.000000,0.844335
cate8-00037,cate8,4,16,5,0.318359,0.433594,0.066406,0.195312,5,5.000000,0.925063
cate8-00037,cate8,4,17,6,0.269531,0.421875,0.062500,0.175781,6,6.000000,0.895334
cate8-00037,cate8,4,18,7,0.236328,0.333984,0.054688,0.117188,7,7.000000,0.910028
cate8-00037,cate8,4,21,8,0.548828,0.466797,0.050781,0.171875,8,8.000000,0.803151
cate8-00037,cate8,4,22,9,0.584961,0.438477,0.041016,0.205078,9,9.000000,0.844436
cate8-00037,cate8,4,23,10,0.621094,0.438477,0.039062,0.201172,10,10.000000,0.868974
cate8-00037,cate8,4,24,11,0.642578,0.432617,0.042969,0.173828,11,11.000000,0.884309
cate8-00037,cate8,4,26,13,0.717773,0.429688,0.052734,0.164062,13,13.000000,0.913498
cate8-00037,cate8,4,27,14,0.763672,0.396484,0.046875,0.191406,14,14.000000,0.940484
cate8-00037,cate8,4,28,15,0.804688,0.390625,0.050781,0.164062,15,15.000000,0.866567
cate8-00037,cate8,4,31,16,0.530273,0.666016,0.044922,0.167969,16,16.000000,0.809031
cate8-00037,cate8,4,32,17,0.549805,0.665039,0.041016,0.189453,17,17.000000,0.936188
cate8-00037,cate8,4,33,18,0.582031,0.672852,0.050781,0.201172,18,18.000000,0.846246
cate8-00037,cate8,4,34,19,0.614258,0.677734,0.044922,0.195312,19,19.000000,0.886431
cate8-00037,cate8,4,35,20,0.650391,0.672852,0.046875,0.185547,20,20.000000,0.891412
cate8-00037,cate8,4,36,21,0.706055,0.664062,0.080078,0.199219,21,21.000000,0.963762
cate8-00037,cate8,4,37,22,0.761719,0.647461,0.078125,0.205078,22,22.000000,0.916658
cate8-00037,cate8,4,38,23,0.812500,0.605469,0.070312,0.160156,23,23.000000,0.888165
cate8-00037,cate8,4,41,24,0.500977,0.656250,0.033203,0.152344,24,24.000000,0.749898
cate8-00037,cate8,4,42,25,0.469727,0.660156,0.033203,0.195312,25,25.000000,0.883450
cate8-00037,cate8,4,43,26,0.434570,0.666992,0.037109,0.205078,26,26.000000,0.931773
cate8-00037,cate8,4,44,27,0.393555,0.679688,0.041016,0.191406,27,27.000000,0.949538
cate8-00037,cate8,4,45,28,0.352539,0.678711,0.041016,0.181641,28,28.000000,0.859281
cate8-00037,cate8,4,47,30,0.261719,0.652344,0.089844,0.187500,30,30.000000,0.954280
cate8-00037,cate8,4,48,31,0.185547,0.640625,0.093750,0.125000,31,31.000000,0.959431
cate8-00041,cate8,0,11,0,0.495117,0.422852,0.048828,0.248047,0,0.000000,0.882995
cate8-00041,cate8,0,12,1,0.458984,0.402344,0.039062,0.261719,1,1.000000,0.854064
cate8-00041,cate8,0,13,2,0.416992,0.363281,0.048828,0.320312,2,2.000000,0.882081
cate8-00041,cate8,0,14,3,0.382812,0.384766,0.050781,0.261719,2,3.000000,0.883908
cate8-00041,cate8,0,15,4,0.342773,0.381836,0.048828,0.236328,4,4.000000,0.920763
cate8-00041,cate8,0,16,5,0.291016,0.378906,0.062500,0.207031,5,5.000000,0.937034
cate8-00041,cate8,0,17,6,0.242188,0.372070,0.078125,0.197266,6,6.000000,0.935791
cate8-00041,cate8,0,18,7,0.219727,0.252930,0.064453,0.146484,7,7.000000,0.920939
cate8-00041,cate8,0,21,8,0.534180,0.421875,0.044922,0.257812,8,8.000000,0.854845
cate8-00041,cate8,0,22,9,0.572266,0.416016,0.039062,0.265625,9,9.000000,0.889596
cate8-00041,cate8,0,23,10,0.607422,0.390625,0.035156,0.296875,10,10.000000,0.875957
cate8-00041,cate8,0,24,11,0.640625,0.414062,0.042969,0.222656,11,11.000000,0.872858
cate8-00041,cate8,0,25,12,0.685547,0.410156,0.050781,0.222656,12,12.000000,0.616614
cate8-00041,cate8,0,26,13,0.739258,0.407227,0.060547,0.224609,14,13.000000,0.945787
cate8-00041,cate8,0,27,14,0.779297,0.375977,0.070312,0.224609,14,14.000000,0.906244
cate8-00041,cate8,0,28,15,0.788086,0.285156,0.076172,0.128906,15,15.000000,0.921841
cate8-00041,cate8,0,31,16,0.528320,0.666992,0.029297,0.193359,16,16.000000,0.827861
cate8-00041,cate8,0,32,17,0.557617,0.680664,0.033203,0.216797,17,17.000000,0.877240
cate8-00041,cate8,0,33,18,0.594727,0.697266,0.048828,0.261719,18,18.000000,0.842442
cate8-00041,cate8,0,34,19,0.625977,0.688477,0.041016,0.220703,19,19.000000,0.858816
cate8-00041,cate8,0,35,20,0.670898,0.678711,0.052734,0.220703,20,20.000000,0.884009
cate8-00041,cate8,0,36,21,0.733398,0.666016,0.095703,0.238281,21,21.000000,0.908170
cate8-00041,cate8,0,37,22,0.790039,0.626953,0.087891,0.222656,22,22.000000,0.949473
cate8-00041,cate8,0,38,23,0.835938,0.570312,0.070312,0.121094,23,23.000000,0.914842
cate8-00041,cate8,0,41,24,0.501953,0.658203,0.027344,0.179688,24,24.000000,0.859451
cate8-00041,cate8,0,42,25,0.473633,0.659180,0.033203,0.185547,25,25.000000,0.796966
cate8-00041,cate8,0,43,26,0.440430,0.660156,0.052734,0.230469,26,26.000000,0.895863
cate8-00041,cate8,0,44,27,0.406250,0.666992,0.046875,0.228516,27,27.000000,0.893420
cate8-00041,cate8,0,45,28,0.364258,0.651367,0.060547,0.232422,28,28.000000,0.913205
cate8-00041,cate8,0,46,29,0.299805,0.631836,0.095703,0.232422,29,29.000000,0.952564
cate8-00041,cate8,0,48,31,0.200195,0.555664,0.083984,0.146484,31,31.000000,0.932517
cate8-00044,cate8,2,11,0,0.513672,0.396484,0.054688,0.269531,8,0.000000,0.897952
cate8-00044,cate8,2,12,1,0.484375,0.380859,0.058594,0.261719,0,1.000000,0.868084
cate8-00044,cate8,2,13,2,0.437500,0.389648,0.050781,0.228516,1,2.000000,0.838297
cate8-00044,cate8,2,14,3,0.392578,0.389648,0.050781,0.224609,3,3.000000,0.861056
cate8-00044,cate8,2,15,4,0.358398,0.392578,0.044922,0.214844,4,4.000000,0.822100
cate8-00044,cate8,2,16,5,0.308594,0.371094,0.066406,0.230469,5,5.000000,0.928927
cate8-00044,cate8,2,17,6,0.245117,0.360352,0.064453,0.216797,6,6.000000,0.949707
cate8-00044,cate8,2,21,8,0.552734,0.401367,0.042969,0.251953,9,8.000000,0.859066
cate8-00044,cate8,2,22,9,0.587891,0.393555,0.042969,0.244141,10,9.000000,0.880841
cate8-00044,cate8,2,23,10,0.617188,0.336914,0.046875,0.263672,10,10.000000,0.888489
cate8-00044,cate8,2,24,11,0.648438,0.364258,0.042969,0.244141,11,11.000000,0.594475
cate8-00044,cate8,2,25,12,0.675781,0.366211,0.039062,0.236328,12,12.000000,0.834021
cate8-00044,cate8,2,26,13,0.718750,0.387695,0.058594,0.193359,13,13.000000,0.931714
cate8-00044,cate8,2,27,14,0.775391,0.371094,0.054688,0.199219,14,14.000000,0.906664
cate8-00044,cate8,2,28,15,0.829102,0.354492,0.060547,0.189453,15,15.000000,0.931690
cate8-00044,cate8,2,31,16,0.543945,0.667969,0.025391,0.214844,16,16.000000,0.708428
cate8-00044,cate8,2,32,17,0.571289,0.660156,0.033203,0.222656,18,17.000000,0.903087
cate8-00044,cate8,2,33,18,0.603516,0.685547,0.062500,0.234375,18,18.000000,0.884046
cate8-00044,cate8,2,34,19,0.624023,0.639648,0.056641,0.212891,19,19.000000,0.883885
cate8-00044,cate8,2,35,20,0.654297,0.628906,0.039062,0.214844,20,20.000000,0.902226
cate8-00044,cate8,2,37,22,0.771484,0.598633,0.097656,0.201172,22,22.000000,0.914062
cate8-00044,cate8,2,38,23,0.830078,0.552734,0.093750,0.179688,23,23.000000,0.914103
cate8-00044,cate8,2,41,24,0.522461,0.656250,0.029297,0.234375,16,24.000000,0.669247
cate8-00044,cate8,2,42,25,0.496094,0.666016,0.039062,0.238281,25,25.000000,0.757125
cate8-00044,cate8,2,43,26,0.459961,0.678711,0.048828,0.251953,26,26.000000,0.818608
cate8-00044,cate8,2,44,27,0.429688,0.654297,0.050781,0.246094,26,27.000000,0.898000
cate8-00044,cate8,2,45,28,0.396484,0.653320,0.050781,0.251953,27,28.000000,0.893417
cate8-00044,cate8,2,47,30,0.288086,0.625000,0.130859,0.218750,29,29.000000,0.833872
cate8-00044,cate8,2,48,31,0.210938,0.578125,0.117188,0.203125,30,30.000000,0.915128
cate8-00047,cate8,1,11,0,0.488281,0.401367,0.046875,0.236328,0,0.000000,0.897696
cate8-00047,cate8,1,12,1,0.447266,0.392578,0.042969,0.226562,1,1.000000,0.874295
cate8-00047,cate8,1,13,2,0.410156,0.376953,0.046875,0.285156,2,2.000000,0.801619
cate8-00047,cate8,1,14,3,0.371094,0.390625,0.046875,0.238281,3,3.000000,0.879301
cate8-00047,cate8,1,15,4,0.332031,0.402344,0.050781,0.191406,4,4.000000,0.839066
cate8-00047,cate8,1,16,5,0.280273,0.401367,0.060547,0.173828,5,5.000000,0.914746
cate8-00047,cate8,1,17,6,0.219727,0.378906,0.060547,0.183594,6,6.000000,0.920908
cate8-00047,cate8,1,21,8,0.526367,0.400391,0.044922,0.238281,8,8.000000,0.814238
cate8-00047,cate8,1,22,9,0.564453,0.401367,0.046875,0.216797,10,9.000000,0.848864
cate8-00047,cate8,1,23,10,0.605469,0.374023,0.046875,0.283203,10,10.000000,0.889970
cate8-00047,cate8,1,24,11,0.642578,0.387695,0.050781,0.216797,11,11.000000,0.928141
cate8-00047,cate8,1,25,12,0.682617,0.390625,0.048828,0.207031,12,12.000000,0.900732
cate8-00047,cate8,1,26,13,0.739258,0.391602,0.064453,0.173828,14,13.000000,0.939698
cate8-00047,cate8,1,27,14,0.799805,0.365234,0.064453,0.191406,14,14.000000,0.925881
cate8-00047,cate8,1,31,16,0.532227,0.621094,0.033203,0.148438,16,16.000000,0.846490
cate8-00047,cate8,1,32,17,0.563477,0.625977,0.033203,0.166016,17,17.000000,0.873555
cate8-00047,cate8,1,33,18,0.609375,0.653320,0.046875,0.224609,19,18.000000,0.878262
cate8-00047,cate8,1,34,19,0.651367,0.645508,0.052734,0.205078,20,19.000000,0.913992
cate8-00047,cate8,1,35,20,0.696289,0.637695,0.060547,0.201172,20,20.000000,0.949821
cate8-00047,cate8,1,36,21,0.757812,0.627930,0.089844,0.216797,21,21.000000,0.913895
cate8-00047,cate8,1,37,22,0.827148,0.582031,0.103516,0.179688,23,22.000000,0.941612
cate8-00047,cate8,1,41,24,0.501953,0.619141,0.027344,0.148438,24,24.000000,0.813181
cate8-00047,cate8,1,42,25,0.471680,0.620117,0.037109,0.162109,25,25.000000,0.900630
cate8-00047,cate8,1,43,26,0.418945,0.651367,0.048828,0.228516,27,26.000000,0.921642
cate8-00047,cate8,1,44,27,0.369141,0.640625,0.046875,0.199219,27,27.000000,0.903879
cate8-00047,cate8,1,45,28,0.316406,0.651367,0.054688,0.212891,28,28.000000,0.923797
cate8-00047,cate8,1,46,29,0.235352,0.604492,0.107422,0.181641,30,30.000000,0.920060
cate8-00051,cate8,0,11,0,0.484375,0.333008,0.042969,0.236328,0,0.000000,0.904511
cate8-00051,cate8,0,12,1,0.438477,0.318359,0.037109,0.234375,1,1.000000,0.934880
cate8-00051,cate8,0,13,2,0.391602,0.296875,0.044922,0.281250,2,2.000000,0.886442
cate8-00051,cate8,0,14,3,0.352539,0.321289,0.044922,0.224609,4,3.000000,0.762830
cate8-00051,cate8,0,15,4,0.311523,0.315430,0.041016,0.220703,4,4.000000,0.927721
cate8-00051,cate8,0,17,6,0.220703,0.282227,0.066406,0.193359,6,6.000000,0.941200
cate8-00051,cate8,0,18,7,0.173828,0.235352,0.062500,0.189453,7,7.000000,0.912742
cate8-00051,cate8,0,21,8,0.543945,0.344727,0.044922,0.232422,8,8.000000,0.880608
cate8-00051,cate8,0,22,9,0.581055,0.333008,0.041016,0.232422,9,9.000000,0.915132
cate8-00051,cate8,0,23,10,0.624023,0.323242,0.048828,0.271484,10,10.000000,0.879025
cate8-00051,cate8,0,24,11,0.666992,0.344727,0.048828,0.216797,12,11.000000,0.835722
cate8-00051,cate8,0,25,12,0.719727,0.336914,0.048828,0.201172,13,12.000000,0.929718
cate8-00051,cate8,0,27,14,0.802734,0.302734,0.062500,0.191406,14,14.000000,0.942261
cate8-00051,cate8,0,28,15,0.853516,0.285156,0.062500,0.152344,15,15.000000,0.906317
cate8-00051,cate8,0,31,16,0.507812,0.540039,0.027344,0.138672,16,16.000000,0.866139
cate8-00051,cate8,0,32,17,0.536133,0.550781,0.037109,0.164062,8,17.000000,0.899370
cate8-00051,cate8,0,33,18,0.571289,0.570312,0.041016,0.210938,17,18.000000,0.847126
cate8-00051,cate8,0,34,19,0.618164,0.580078,0.052734,0.199219,19,19.000000,0.876861
cate8-00051,cate8,0,35,20,0.659180,0.573242,0.052734,0.201172,20,20.000000,0.851891
cate8-00051,cate8,0,36,21,0.719727,0.523438,0.080078,0.179688,21,21.000000,0.888301
cate8-00051,cate8,0,37,22,0.792969,0.515625,0.093750,0.191406,22,22.000000,0.940440
cate8-00051,cate8,0,38,23,0.840820,0.468750,0.076172,0.171875,23,23.000000,0.848222
cate8-00051,cate8,0,41,24,0.478516,0.541016,0.031250,0.136719,1,24.000000,0.860541
cate8-00051,cate8,0,42,25,0.452148,0.551758,0.029297,0.158203,1,25.000000,0.842424
cate8-00051,cate8,0,43,26,0.412109,0.582031,0.046875,0.230469,27,26.000000,0.851463
cate8-00051,cate8,0,44,27,0.375977,0.570312,0.041016,0.210938,28,27.000000,0.885319
cate8-00051,cate8,0,47,30,0.226562,0.501953,0.097656,0.179688,30,30.000000,0.945830
cate8-00051,cate8,0,48,31,0.180664,0.442383,0.087891,0.166016,31,31.000000,0.939108
cate8-00053,cate8,3,11,0,0.489258,0.438477,0.041016,0.205078,0,0.000000,0.921043
cate8-00053,cate8,3,12,1,0.456055,0.438477,0.048828,0.197266,1,1.000000,0.950028
cate8-00053,cate8,3,13,2,0.408203,0.426758,0.042969,0.208984,2,2.000000,0.894082
cate8-00053,cate8,3,14,3,0.373047,0.433594,0.046875,0.183594,3,3.000000,0.865883
cate8-00053,cate8,3,16,5,0.286133,0.419922,0.060547,0.171875,5,5.000000,0.840329
cate8-00053,cate8,3,17,6,0.231445,0.394531,0.068359,0.179688,6,7.000000,0.899617
cate8-00053,cate8,3,21,8,0.538086,0.438477,0.044922,0.212891,8,8.000000,0.889345
cate8-00053,cate8,3,22,9,0.578125,0.443359,0.031250,0.187500,9,9.000000,0.911077
cate8-00053,cate8,3,24,11,0.624023,0.444336,0.037109,0.181641,11,10.000000,0.854355
cate8-00053,cate8,3,25,12,0.660156,0.437500,0.042969,0.195312,12,11.000000,0.913183
cate8-00053,cate8,3,27,14,0.743164,0.445312,0.064453,0.156250,14,13.000000,0.741040
cate8-00053,cate8,3,31,16,0.532227,0.629883,0.029297,0.138672,16,16.000000,0.877010
cate8-00053,cate8,3,32,17,0.563477,0.633789,0.029297,0.146484,17,17.000000,0.866975
cate8-00053,cate8,3,33,18,0.599609,0.649414,0.035156,0.205078,19,18.000000,0.881073
cate8-00053,cate8,3,34,19,0.639648,0.642578,0.037109,0.191406,19,19.000000,0.887125
cate8-00053,cate8,3,35,20,0.673828,0.637695,0.042969,0.197266,20,20.000000,0.882752
cate8-00053,cate8,3,36,21,0.728516,0.624023,0.078125,0.181641,21,21.000000,0.948612
cate8-00053,cate8,3,41,24,0.502930,0.638672,0.029297,0.160156,24,24.000000,0.828980
cate8-00053,cate8,3,42,25,0.476562,0.630859,0.031250,0.152344,25,25.000000,0.822613
cate8-00053,cate8,3,43,26,0.435547,0.642578,0.039062,0.195312,26,26.000000,0.868018
cate8-00053,cate8,3,44,27,0.402344,0.634766,0.042969,0.191406,27,27.000000,0.940776
cate8-00053,cate8,3,45,28,0.359375,0.633789,0.046875,0.205078,28,28.000000,0.908149
cate8-00053,cate8,3,46,29,0.303711,0.610352,0.080078,0.185547,29,29.000000,0.952636
cate8-00053,cate8,3,47,30,0.231445,0.583008,0.091797,0.181641,30,30.000000,0.891327
cate8-00058,cate8,4,11,0,0.500977,0.399414,0.033203,0.193359,0,0.000000,0.596110
cate8-00058,cate8,4,12,1,0.473633,0.404297,0.033203,0.218750,1,1.000000,0.766779
cate8-00058,cate8,4,13,2,0.441406,0.388672,0.042969,0.269531,1,2.000000,0.891720
cate8-00058,cate8,4,14,3,0.411133,0.403320,0.033203,0.236328,2,3.000000,0.842364
cate8-00058,cate8,4,15,4,0.378906,0.397461,0.035156,0.240234,3,4.000000,0.842595
cate8-00058,cate8,4,16,5,0.335938,0.406250,0.058594,0.214844,4,5.000000,0.889270
cate8-00058,cate8,4,17,6,0.286133,0.380859,0.060547,0.203125,5,6.000000,0.891339
cate8-00058,cate8,4,18,7,0.242188,0.339844,0.078125,0.199219,6,7.000000,0.941256
cate8-00058,cate8,4,21,8,0.535156,0.416016,0.031250,0.199219,9,8.000000,0.823983
cate8-00058,cate8,4,22,9,0.564453,0.416992,0.031250,0.189453,9,9.000000,0.808531
cate8-00058,cate8,4,23,10,0.595703,0.408203,0.039062,0.269531,10,10.000000,0.812550
cate8-00058,cate8,4,24,11,0.620117,0.413086,0.037109,0.251953,10,11.000000,0.754243
cate8-00058,cate8,4,25,12,0.652344,0.417969,0.035156,0.234375,11,12.000000,0.758057
cate8-00058,cate8,4,26,13,0.694336,0.400391,0.048828,0.246094,12,13.000000,0.774883
cate8-00058,cate8,4,27,14,0.736328,0.376953,0.062500,0.230469,13,14.000000,0.762909
cate8-00058,cate8,4,28,15,0.778320,0.332031,0.064453,0.199219,14,15.000000,0.922786
cate8-00058,cate8,4,31,16,0.526367,0.643555,0.025391,0.185547,17,16.000000,0.860074
cate8-00058,cate8,4,32,17,0.551758,0.637695,0.029297,0.177734,17,17.000000,0.928501
cate8-00058,cate8,4,33,18,0.583984,0.674805,0.035156,0.263672,18,18.000000,0.851972
cate8-00058,cate8,4,34,19,0.620117,0.666992,0.041016,0.232422,19,19.000000,0.838308
cate8-00058,cate8,4,35,20,0.657227,0.660156,0.041016,0.214844,20,20.000000,0.885609
cate8-00058,cate8,4,36,21,0.723633,0.625977,0.103516,0.201172,21,21.000000,0.906418
cate8-00058,cate8,4,37,22,0.779297,0.552734,0.105469,0.183594,22,23.000000,0.876863
cate8-00058,cate8,4,41,24,0.499023,0.641602,0.025391,0.185547,24,24.000000,0.774617
cate8-00058,cate8,4,42,25,0.476562,0.642578,0.031250,0.203125,25,25.000000,0.816999
cate8-00058,cate8,4,43,26,0.447266,0.663086,0.039062,0.251953,26,26.000000,0.874431
cate8-00058,cate8,4,44,27,0.409180,0.654297,0.041016,0.222656,27,27.000000,0.854869
cate8-00058,cate8,4,46,29,0.300781,0.618164,0.113281,0.197266,29,30.000000,0.961525
cate8-00058,cate8,4,47,30,0.233398,0.549805,0.111328,0.177734,30,31.000000,0.959811
cate8-00059,cate8,3,11,0,0.491211,0.484375,0.041016,0.238281,0,0.000000,0.930921
cate8-00059,cate8,3,12,1,0.447266,0.472656,0.042969,0.238281,1,1.000000,0.919111
cate8-00059,cate8,3,13,2,0.410156,0.429688,0.046875,0.292969,2,2.000000,0.917267
cate8-00059,cate8,3,14,3,0.373047,0.440430,0.050781,0.228516,3,3.000000,0.920390
cate8-00059,cate8,3,15,4,0.333008,0.425781,0.044922,0.222656,4,4.000000,0.971300
cate8-00059,cate8,3,16,5,0.282227,0.408203,0.064453,0.214844,5,5.000000,0.946024
cate8-00059,cate8,3,17,6,0.232422,0.397461,0.066406,0.166016,6,6.000000,0.946531
cate8-00059,cate8,3,18,7,0.215820,0.309570,0.052734,0.087891,7,7.000000,0.944285
cate8-00059,cate8,3,21,8,0.530273,0.483398,0.041016,0.232422,8,8.000000,0.888915
cate8-00059,cate8,3,22,9,0.570312,0.485352,0.035156,0.228516,9,9.000000,0.893146
cate8-00059,cate8,3,23,10,0.607422,0.450195,0.042969,0.287109,10,10.000000,0.917991
cate8-00059,cate8,3,24,11,0.642578,0.454102,0.042969,0.248047,11,11.000000,0.956633
cate8-00059,cate8,3,25,12,0.679688,0.458984,0.046875,0.210938,12,12.000000,0.900974
cate8-00059,cate8,3,26,13,0.729492,0.432617,0.064453,0.205078,13,13.000000,0.901646
cate8-00059,cate8,3,27,14,0.773438,0.390625,0.074219,0.179688,14,14.000000,0.946505
cate8-00059,cate8,3,28,15,0.791016,0.309570,0.062500,0.107422,15,15.000000,0.929003
cate8-00059,cate8,3,31,16,0.529297,0.696289,0.027344,0.146484,16,16.000000,0.872409
cate8-00059,cate8,3,32,17,0.558594,0.707031,0.031250,0.160156,17,17.000000,0.858127
cate8-00059,cate8,3,33,18,0.596680,0.717773,0.044922,0.216797,18,18.000000,0.865919
cate8-00059,cate8,3,34,19,0.638672,0.703125,0.042969,0.203125,20,19.000000,0.807115
cate8-00059,cate8,3,36,21,0.712891,0.669922,0.097656,0.226562,21,21.000000,0.931492
cate8-00059,cate8,3,37,22,0.780273,0.598633,0.103516,0.193359,22,22.000000,0.962780
cate8-00059,cate8,3,38,23,0.833984,0.566406,0.066406,0.125000,23,23.000000,0.913485
cate8-00059,cate8,3,41,24,0.500000,0.695312,0.027344,0.140625,24,24.000000,0.874980
cate8-00059,cate8,3,42,25,0.470703,0.697266,0.031250,0.156250,25,25.000000,0.877037
cate8-00059,cate8,3,43,26,0.427734,0.708008,0.054688,0.212891,26,26.000000,0.880737
cate8-00059,cate8,3,44,27,0.388672,0.692383,0.058594,0.197266,27,27.000000,0.667958
cate8-00059,cate8,3,46,29,0.284180,0.645508,0.095703,0.220703,29,29.000000,0.719840
cate8-00059,cate8,3,47,30,0.222656,0.591797,0.085938,0.191406,30,30.000000,0.947901
cate8-00059,cate8,3,48,31,0.166016,0.561523,0.066406,0.123047,31,31.000000,0.918379
cate8-00065,cate8,3,11,0,0.486328,0.448242,0.039062,0.205078,0,0.000000,0.902654
cate8-00065,cate8,3,12,1,0.447266,0.445312,0.031250,0.191406,1,1.000000,0.902813
cate8-00065,cate8,3,13,2,0.410156,0.439453,0.042969,0.199219,2,2.000000,0.911856
cate8-00065,cate8,3,14,3,0.376953,0.431641,0.042969,0.199219,3,3.000000,0.912519
cate8-00065,cate8,3,15,4,0.342773,0.426758,0.041016,0.216797,4,4.000000,0.954189
cate8-00065,cate8,3,16,5,0.295898,0.417969,0.056641,0.214844,5,5.000000,0.901505
cate8-00065,cate8,3,17,6,0.242188,0.402344,0.058594,0.195312,6,6.000000,0.896422
cate8-00065,cate8,3,21,8,0.524414,0.453125,0.037109,0.195312,8,8.000000,0.896437
cate8-00065,cate8,3,22,9,0.560547,0.457031,0.035156,0.183594,9,9.000000,0.914825
cate8-00065,cate8,3,23,10,0.592773,0.451172,0.041016,0.207031,9,10.000000,0.943258
cate8-00065,cate8,3,24,11,0.629883,0.451172,0.037109,0.187500,11,11.000000,0.939957
cate8-00065,cate8,3,25,12,0.662109,0.449219,0.039062,0.191406,12,12.000000,0.883952
cate8-00065,cate8,3,26,13,0.708984,0.435547,0.062500,0.207031,13,13.000000,0.952896
cate8-00065,cate8,3,27,14,0.768555,0.424805,0.056641,0.189453,14,14.000000,0.942272
cate8-00065,cate8,3,31,16,0.515625,0.650391,0.027344,0.148438,16,16.000000,0.872305
cate8-00065,cate8,3,32,17,0.540039,0.649414,0.029297,0.166016,17,17.000000,0.864595
cate8-00065,cate8,3,33,18,0.570312,0.660156,0.035156,0.187500,17,18.000000,0.915757
cate8-00065,cate8,3,34,19,0.596680,0.652344,0.037109,0.183594,18,19.000000,0.914560
cate8-00065,cate8,3,35,20,0.633789,0.656250,0.044922,0.203125,19,20.000000,0.867611
cate8-00065,cate8,3,36,21,0.688477,0.646484,0.080078,0.187500,21,21.000000,0.945611
cate8-00065,cate8,3,37,22,0.762695,0.625000,0.103516,0.195312,22,22.000000,0.921057
cate8-00065,cate8,3,38,23,0.820312,0.568359,0.093750,0.179688,23,23.000000,0.922083
cate8-00065,cate8,3,41,24,0.491211,0.649414,0.029297,0.146484,24,24.000000,0.838737
cate8-00065,cate8,3,42,25,0.466797,0.647461,0.035156,0.146484,25,25.000000,0.820594
cate8-00065,cate8,3,43,26,0.434570,0.647461,0.044922,0.189453,26,26.000000,0.912346
cate8-00065,cate8,3,44,27,0.402344,0.640625,0.046875,0.183594,26,27.000000,0.952421
cate8-00065,cate8,3,45,28,0.369141,0.640625,0.050781,0.203125,28,28.000000,0.830134
cate8-00065,cate8,3,46,29,0.318359,0.625977,0.089844,0.185547,29,29.000000,0.908242
cate8-00065,cate8,3,47,30,0.248047,0.606445,0.089844,0.205078,30,30.000000,0.929227
cate8-00065,cate8,3,48,31,0.193359,0.532227,0.089844,0.166016,31,31.000000,0.928502
cate8-00066,cate8,1,11,0,0.467773,0.368164,0.048828,0.220703,0,0.000000,0.839122
cate8-00066,cate8,1,12,1,0.428711,0.345703,0.041016,0.242188,1,1.000000,0.821650
cate8-00066,cate8,1,13,2,0.391602,0.330078,0.052734,0.269531,2,2.000000,0.873282
cate8-00066,cate8,1,14,3,0.353516,0.320312,0.046875,0.253906,4,3.000000,0.905205
cate8-00066,cate8,1,15,4,0.313477,0.319336,0.048828,0.244141,4,4.000000,0.841261
cate8-00066,cate8,1,16,5,0.259766,0.312500,0.066406,0.218750,6,5.000000,0.964253
cate8-00066,cate8,1,17,6,0.203125,0.300781,0.062500,0.179688,7,6.000000,0.940955
cate8-00066,cate8,1,21,8,0.517578,0.365234,0.046875,0.234375,8,8.000000,0.827794
cate8-00066,cate8,1,22,9,0.558594,0.354492,0.039062,0.240234,9,9.000000,0.820289
cate8-00066,cate8,1,23,10,0.592773,0.329102,0.044922,0.298828,10,10.000000,0.867048
cate8-00066,cate8,1,24,11,0.632812,0.355469,0.046875,0.210938,11,11.000000,0.865154
cate8-00066,cate8,1,25,12,0.666992,0.345703,0.041016,0.226562,11,12.000000,0.902493
cate8-00066,cate8,1,26,13,0.715820,0.324219,0.060547,0.222656,13,13.000000,0.849665
cate8-00066,cate8,1,27,14,0.761719,0.304688,0.066406,0.183594,14,14.000000,0.875750
cate8-00066,cate8,1,31,16,0.495117,0.592773,0.029297,0.185547,24,16.000000,0.902209
cate8-00066,cate8,1,32,17,0.521484,0.602539,0.046875,0.216797,16,17.000000,0.877501
cate8-00066,cate8,1,33,18,0.554688,0.624023,0.042969,0.255859,18,18.000000,0.845900
cate8-00066,cate8,1,34,19,0.599609,0.604492,0.042969,0.205078,19,19.000000,0.868250
cate8-00066,cate8,1,36,21,0.692383,0.595703,0.091797,0.222656,21,21.000000,0.873925
cate8-00066,cate8,1,37,22,0.753906,0.532227,0.097656,0.181641,22,22.000000,0.961885
cate8-00066,cate8,1,41,24,0.468750,0.596680,0.027344,0.197266,26,24.000000,0.895688
cate8-00066,cate8,1,42,25,0.438477,0.614258,0.037109,0.236328,26,25.000000,0.865982
cate8-00066,cate8,1,43,26,0.404297,0.619141,0.058594,0.261719,26,26.000000,0.906032
cate8-00066,cate8,1,44,27,0.367188,0.617188,0.046875,0.261719,27,27.000000,0.883245
cate8-00066,cate8,1,45,28,0.316406,0.625000,0.050781,0.199219,28,28.000000,0.851745
cate8-00066,cate8,1,46,29,0.266602,0.577148,0.087891,0.228516,30,29.000000,0.960385
cate8-00066,cate8,1,47,30,0.193359,0.517578,0.109375,0.183594,31,30.000000,0.921167
cate8-00071,cate8,1,11,0,0.484375,0.482422,0.039062,0.199219,0,0.000000,0.875214
cate8-00071,cate8,1,12,1,0.452148,0.469727,0.037109,0.193359,1,1.000000,0.872846
cate8-00071,cate8,1,13,2,0.416992,0.477539,0.037109,0.193359,2,2.000000,0.887101
cate8-00071,cate8,1,14,3,0.383789,0.476562,0.037109,0.183594,3,3.000000,0.877563
cate8-00071,cate8,1,15,4,0.351562,0.475586,0.039062,0.185547,4,4.000000,0.796408
cate8-00071,cate8,1,16,5,0.308594,0.469727,0.054688,0.177734,5,5.000000,0.950768
cate8-00071,cate8,1,17,6,0.258789,0.448242,0.056641,0.173828,6,6.000000,0.883234
cate8-00071,cate8,1,21,8,0.530273,0.479492,0.037109,0.201172,8,8.000000,0.856632
cate8-00071,cate8,1,22,9,0.564453,0.476562,0.027344,0.179688,9,9.000000,0.881915
cate8-00071,cate8,1,23,10,0.597656,0.481445,0.035156,0.205078,9,10.000000,0.878722
cate8-00071,cate8,1,24,11,0.630859,0.476562,0.035156,0.199219,11,11.000000,0.903624
cate8-00071,cate8,1,25,12,0.663086,0.486328,0.033203,0.183594,12,12.000000,0.845153
cate8-00071,cate8,1,26,13,0.707031,0.475586,0.058594,0.185547,13,13.000000,0.926277
cate8-00071,cate8,1,27,14,0.755859,0.459961,0.054688,0.166016,14,14.000000,0.859472
cate8-00071,cate8,1,28,15,0.785156,0.368164,0.054688,0.091797,15,15.000000,0.921534
cate8-00071,cate8,1,31,16,0.523438,0.683594,0.027344,0.171875,16,16.000000,0.852682
cate8-00071,cate8,1,32,17,0.552734,0.684570,0.023438,0.173828,17,17.000000,0.821693
cate8-00071,cate8,1,33,18,0.587891,0.691406,0.035156,0.199219,18,18.000000,0.907544
cate8-00071,cate8,1,34,19,0.625977,0.683594,0.041016,0.183594,19,19.000000,0.897996
cate8-00071,cate8,1,35,20,0.666992,0.679688,0.044922,0.179688,20,20.000000,0.866414
cate8-00071,cate8,1,36,21,0.723633,0.666016,0.083984,0.195312,21,21.000000,0.954274
cate8-00071,cate8,1,37,22,0.784180,0.619141,0.091797,0.175781,22,22.000000,0.951472
cate8-00071,cate8,1,38,23,0.838867,0.594727,0.056641,0.099609,23,23.000000,0.932404
cate8-00071,cate8,1,41,24,0.494141,0.680664,0.027344,0.166016,24,24.000000,0.891007
cate8-00071,cate8,1,42,25,0.464844,0.676758,0.031250,0.154297,25,25.000000,0.875031
cate8-00071,cate8,1,43,26,0.427734,0.678711,0.046875,0.181641,26,26.000000,0.898270
cate8-00071,cate8,1,44,27,0.390625,0.675781,0.039062,0.191406,27,27.000000,0.918053
cate8-00071,cate8,1,45,28,0.350586,0.675781,0.052734,0.183594,28,28.000000,0.925235
cate8-00071,cate8,1,46,29,0.290039,0.665039,0.091797,0.177734,29,29.000000,0.952941
cate8-00071,cate8,1,47,30,0.234375,0.615234,0.085938,0.179688,30,30.000000,0.941899
cate8-00071,cate8,1,48,31,0.178711,0.586914,0.060547,0.115234,31,31.000000,0.897526
cate8-00073,cate8,2,11,0,0.466797,0.394531,0.054688,0.230469,1,0.000000,0.876987
cate8-00073,cate8,2,12,1,0.417969,0.377930,0.050781,0.240234,2,1.000000,0.902011
cate8-00073,cate8,2,13,2,0.378906,0.374023,0.054688,0.294922,2,2.000000,0.916062
cate8-00073,cate8,2,14,3,0.342773,0.407227,0.052734,0.224609,3,3.000000,0.893192
cate8-00073,cate8,2,15,4,0.304688,0.413086,0.042969,0.220703,4,4.000000,0.913517
cate8-00073,cate8,2,16,5,0.254883,0.408203,0.060547,0.203125,6,5.000000,0.948563
cate8-00073,cate8,2,17,6,0.201172,0.387695,0.074219,0.201172,6,6.000000,0.946262
cate8-00073,cate8,2,18,7,0.175781,0.306641,0.054688,0.113281,7,7.000000,0.930676
cate8-00073,cate8,2,21,8,0.513672,0.391602,0.050781,0.232422,8,8.000000,0.873779
cate8-00073,cate8,2,22,9,0.540039,0.376953,0.056641,0.238281,8,9.000000,0.885578
cate8-00073,cate8,2,23,10,0.590820,0.358398,0.064453,0.240234,10,10.000000,0.893117
cate8-00073,cate8,2,24,11,0.624023,0.384766,0.068359,0.214844,11,11.000000,0.902733
cate8-00073,cate8,2,25,12,0.658203,0.394531,0.054688,0.214844,12,12.000000,0.882975
cate8-00073,cate8,2,26,13,0.717773,0.401367,0.072266,0.208984,13,13.000000,0.944226
cate8-00073,cate8,2,27,14,0.778320,0.376953,0.072266,0.195312,14,14.000000,0.940311
cate8-00073,cate8,2,28,15,0.814453,0.298828,0.066406,0.109375,15,15.000000,0.934986
cate8-00073,cate8,2,31,16,0.504883,0.624023,0.037109,0.189453,24,16.000000,0.832136
cate8-00073,cate8,2,32,17,0.537109,0.629883,0.035156,0.205078,17,17.000000,0.849239
cate8-00073,cate8,2,33,18,0.572266,0.645508,0.039062,0.259766,18,18.000000,0.891722
cate8-00073,cate8,2,34,19,0.611328,0.632812,0.046875,0.210938,19,19.000000,0.896518
cate8-00073,cate8,2,35,20,0.654297,0.643555,0.046875,0.220703,20,20.000000,0.939128
cate8-00073,cate8,2,37,22,0.765625,0.586914,0.097656,0.173828,22,22.000000,0.953977
cate8-00073,cate8,2,38,23,0.833008,0.569336,0.080078,0.130859,23,23.000000,0.943208
cate8-00073,cate8,2,41,24,0.474609,0.619141,0.031250,0.175781,25,24.000000,0.824333
cate8-00073,cate8,2,42,25,0.444336,0.644531,0.048828,0.214844,26,25.000000,0.874793
cate8-00073,cate8,2,43,26,0.410156,0.663086,0.054688,0.248047,27,26.000000,0.914814
cate8-00073,cate8,2,44,27,0.365234,0.664062,0.050781,0.230469,27,27.000000,0.894629
cate8-00073,cate8,2,45,28,0.314453,0.655273,0.058594,0.220703,28,28.000000,0.928696
cate8-00073,cate8,2,47,30,0.254883,0.614258,0.083984,0.185547,30,30.000000,0.831054
cate8-00073,cate8,2,48,31,0.190430,0.575195,0.068359,0.123047,31,31.000000,0.887565
cate8-00077,cate8,4,13,2,0.415039,0.376953,0.037109,0.218750,1,2.000000,0.548576
cate8-00077,cate8,4,15,4,0.363281,0.390625,0.050781,0.203125,4,,
cate8-00077,cate8,4,16,5,0.326172,0.405273,0.046875,0.193359,4,5.000000,0.687729
cate8-00077,cate8,4,18,7,0.233398,0.365234,0.048828,0.210938,6,6.000000,0.803169
cate8-00077,cate8,4,23,10,0.569336,0.368164,0.044922,0.236328,9,10.000000,0.901991
cate8-00077,cate8,4,25,12,0.626953,0.375977,0.042969,0.224609,10,11.000000,0.844425
cate8-00077,cate8,4,31,16,0.500977,0.576172,0.025391,0.175781,24,16.000000,0.897505
cate8-00077,cate8,4,32,17,0.528320,0.571289,0.025391,0.185547,17,17.000000,0.924168
cate8-00077,cate8,4,33,18,0.557617,0.601562,0.037109,0.234375,18,18.000000,0.929904
cate8-00077,cate8,4,35,20,0.626953,0.603516,0.046875,0.222656,19,20.000000,0.816090
cate8-00077,cate8,4,37,22,0.762695,0.526367,0.138672,0.185547,22,22.000000,0.972089
cate8-00077,cate8,4,41,24,0.478516,0.576172,0.027344,0.171875,25,24.000000,0.841457
cate8-00077,cate8,4,42,25,0.454102,0.582031,0.029297,0.179688,25,25.000000,0.846022
cate8-00077,cate8,4,43,26,0.420898,0.613281,0.037109,0.210938,26,26.000000,0.886510
cate8-00077,cate8,4,44,27,0.388672,0.600586,0.031250,0.220703,26,27.000000,0.907161
cate8-00077,cate8,4,47,30,0.208984,0.547852,0.136719,0.158203,31,30.000000,0.698542
cate8-00080,cate8,4,11,0,0.502930,0.395508,0.044922,0.248047,0,0.000000,0.896785
cate8-00080,cate8,4,12,1,0.474609,0.373047,0.039062,0.253906,1,1.000000,0.920527
cate8-00080,cate8,4,13,2,0.428711,0.366211,0.056641,0.294922,2,2.000000,0.839870
cate8-00080,cate8,4,14,3,0.393555,0.377930,0.037109,0.244141,2,3.000000,0.898454
cate8-00080,cate8,4,15,4,0.364258,0.374023,0.044922,0.232422,4,4.000000,0.784787
cate8-00080,cate8,4,17,6,0.280273,0.361328,0.060547,0.218750,5,6.000000,0.891398
cate8-00080,cate8,4,18,7,0.232422,0.291992,0.058594,0.130859,7,7.000000,0.924572
cate8-00080,cate8,4,21,8,0.541016,0.407227,0.046875,0.240234,8,8.000000,0.910420
cate8-00080,cate8,4,22,9,0.580078,0.412109,0.035156,0.222656,9,9.000000,0.848930
cate8-00080,cate8,4,23,10,0.619141,0.388672,0.042969,0.261719,10,10.000000,0.850990
cate8-00080,cate8,4,24,11,0.651367,0.379883,0.060547,0.259766,11,11.000000,0.904108
cate8-00080,cate8,4,25,12,0.685547,0.376953,0.046875,0.250000,12,12.000000,0.944158
cate8-00080,cate8,4,28,15,0.790039,0.315430,0.052734,0.126953,15,15.000000,0.905050
cate8-00080,cate8,4,31,16,0.531250,0.633789,0.027344,0.162109,16,16.000000,0.869326
cate8-00080,cate8,4,32,17,0.557617,0.626953,0.033203,0.187500,17,17.000000,0.903731
cate8-00080,cate8,4,33,18,0.596680,0.658203,0.044922,0.269531,18,18.000000,0.897835
cate8-00080,cate8,4,34,19,0.641602,0.642578,0.044922,0.214844,19,19.000000,0.912801
cate8-00080,cate8,4,35,20,0.685547,0.637695,0.050781,0.224609,20,20.000000,0.947456
cate8-00080,cate8,4,36,21,0.747070,0.593750,0.091797,0.199219,22,21.000000,0.575424
cate8-00080,cate8,4,37,22,0.817383,0.567383,0.083984,0.150391,23,23.000000,0.885992
cate8-00080,cate8,4,41,24,0.505859,0.635742,0.031250,0.169922,24,24.000000,0.856782
cate8-00080,cate8,4,42,25,0.475586,0.647461,0.033203,0.189453,25,25.000000,0.801236
cate8-00080,cate8,4,43,26,0.433594,0.636719,0.050781,0.250000,26,26.000000,0.917378
cate8-00080,cate8,4,44,27,0.392578,0.621094,0.046875,0.218750,27,27.000000,0.962546
cate8-00080,cate8,4,45,28,0.347656,0.624023,0.058594,0.224609,28,28.000000,0.909326
cate8-00080,cate8,4,47,30,0.224609,0.554688,0.097656,0.156250,31,31.000000,0.950548
cate8-00083,cate8,4,11,0,0.471680,0.481445,0.037109,0.220703,1,0.000000,0.908488
cate8-00083,cate8,4,12,1,0.445312,0.478516,0.050781,0.195312,1,1.000000,0.817984
cate8-00083,cate8,4,13,2,0.410156,0.442383,0.054688,0.244141,2,2.000000,0.832470
cate8-00083,cate8,4,15,4,0.345703,0.436523,0.039062,0.208984,4,4.000000,0.861146
cate8-00083,cate8,4,16,5,0.306641,0.437500,0.050781,0.203125,4,5.000000,0.737373
cate8-00083,cate8,4,17,6,0.260742,0.426758,0.052734,0.185547,6,6.000000,0.895391
cate8-00083,cate8,4,21,8,0.513672,0.490234,0.039062,0.210938,8,8.000000,0.880283
cate8-00083,cate8,4,22,9,0.543945,0.485352,0.037109,0.197266,8,9.000000,0.902165
cate8-00083,cate8,4,23,10,0.581055,0.462891,0.041016,0.230469,10,10.000000,0.887307
cate8-00083,cate8,4,26,13,0.677734,0.450195,0.046875,0.216797,12,13.000000,0.898609
cate8-00083,cate8,4,27,14,0.728516,0.449219,0.054688,0.210938,13,14.000000,0.877002
cate8-00083,cate8,4,31,16,0.504883,0.691406,0.025391,0.140625,16,16.000000,0.834688
cate8-00083,cate8,4,32,17,0.534180,0.691406,0.029297,0.148438,16,17.000000,0.859679
cate8-00083,cate8,4,33,18,0.566406,0.701172,0.039062,0.179688,17,18.000000,0.848047
cate8-00083,cate8,4,34,19,0.596680,0.689453,0.041016,0.195312,18,19.000000,0.926073
cate8-00083,cate8,4,35,20,0.635742,0.693359,0.041016,0.199219,19,20.000000,0.876945
cate8-00083,cate8,4,36,21,0.696289,0.682617,0.091797,0.189453,21,21.000000,0.956920
cate8-00083,cate8,4,41,24,0.481445,0.692383,0.033203,0.150391,24,24.000000,0.828749
cate8-00083,cate8,4,42,25,0.457031,0.693359,0.031250,0.160156,25,25.000000,0.787732
cate8-00083,cate8,4,43,26,0.422852,0.707031,0.048828,0.187500,26,26.000000,0.939061
cate8-00083,cate8,4,44,27,0.387695,0.684570,0.056641,0.193359,27,27.000000,0.929961
cate8-00083,cate8,4,45,28,0.360352,0.679688,0.048828,0.203125,28,28.000000,0.898837
cate8-00083,cate8,4,48,31,0.232422,0.583984,0.089844,0.140625,30,31.000000,0.960488
cate8-00087,cate8,0,11,0,0.484375,0.396484,0.046875,0.238281,0,0.000000,0.880726
cate8-00087,cate8,0,12,1,0.451172,0.402344,0.035156,0.218750,1,1.000000,0.897216
cate8-00087,cate8,0,13,2,0.408203,0.396484,0.058594,0.242188,4,2.000000,0.871131
cate8-00087,cate8,0,14,3,0.368164,0.422852,0.048828,0.197266,4,3.000000,0.853874
cate8-00087,cate8,0,15,4,0.329102,0.410156,0.052734,0.214844,4,4.000000,0.514671
cate8-00087,cate8,0,16,5,0.282227,0.426758,0.068359,0.212891,5,5.000000,0.853844
cate8-00087,cate8,0,17,6,0.217773,0.399414,0.068359,0.208984,6,6.000000,0.924145
cate8-00087,cate8,0,18,7,0.166992,0.376953,0.064453,0.148438,7,7.000000,0.935140
cate8-00087,cate8,0,21,8,0.527344,0.407227,0.046875,0.220703,8,8.000000,0.837930
cate8-00087,cate8,0,22,9,0.562500,0.395508,0.039062,0.224609,9,9.000000,0.859103
cate8-00087,cate8,0,23,10,0.602539,0.373047,0.044922,0.265625,10,10.000000,0.858478
cate8-00087,cate8,0,24,11,0.637695,0.397461,0.064453,0.205078,11,11.000000,0.841386
cate8-00087,cate8,0,25,12,0.674805,0.402344,0.048828,0.214844,12,12.000000,0.912986
cate8-00087,cate8,0,26,13,0.727539,0.405273,0.072266,0.212891,13,13.000000,0.908603
cate8-00087,cate8,0,27,14,0.787109,0.382812,0.066406,0.203125,14,14.000000,0.920462
cate8-00087,cate8,0,28,15,0.835938,0.344727,0.066406,0.177734,15,15.000000,0.905541
cate8-00087,cate8,0,31,16,0.521484,0.623047,0.031250,0.175781,16,16.000000,0.866415
cate8-00087,cate8,0,32,17,0.554688,0.632812,0.031250,0.203125,17,17.000000,0.915097
cate8-00087,cate8,0,33,18,0.592773,0.650391,0.048828,0.257812,18,18.000000,0.854770
cate8-00087,cate8,0,34,19,0.626953,0.640625,0.046875,0.222656,19,19.000000,0.867724
cate8-00087,cate8,0,35,20,0.678711,0.654297,0.048828,0.238281,20,20.000000,0.847254
cate8-00087,cate8,0,37,22,0.765625,0.608398,0.113281,0.173828,22,22.000000,0.963294
cate8-00087,cate8,0,38,23,0.818359,0.540039,0.093750,0.142578,23,23.000000,0.927811
cate8-00087,cate8,0,41,24,0.495117,0.627930,0.029297,0.185547,24,24.000000,0.846481
cate8-00087,cate8,0,42,25,0.465820,0.635742,0.041016,0.205078,25,25.000000,0.819264
cate8-00087,cate8,0,43,26,0.428711,0.652344,0.048828,0.234375,26,26.000000,0.903919
cate8-00087,cate8,0,44,27,0.389648,0.653320,0.048828,0.216797,27,27.000000,0.878743
cate8-00087,cate8,0,45,28,0.344727,0.655273,0.048828,0.216797,28,28.000000,0.927050
cate8-00087,cate8,0,47,30,0.243164,0.618164,0.107422,0.177734,30,30.000000,0.916422
cate8-00087,cate8,0,48,31,0.181641,0.555664,0.105469,0.162109,31,31.000000,0.907600
cate8-00089,cate8,1,11,0,0.488281,0.548828,0.050781,0.160156,25,0.000000,0.905024
cate8-00089,cate8,1,12,1,0.442383,0.553711,0.037109,0.150391,25,1.000000,0.868465
cate8-00089,cate8,1,13,2,0.406250,0.542969,0.042969,0.191406,27,2.000000,0.896080
cate8-00089,cate8,1,14,3,0.351562,0.537109,0.050781,0.167969,5,3.000000,0.829092
cate8-00089,cate8,1,15,4,0.308594,0.536133,0.039062,0.162109,28,4.000000,0.852706
cate8-00089,cate8,1,17,6,0.244141,0.486328,0.062500,0.156250,6,6.000000,0.946827
cate8-00089,cate8,1,21,8,0.530273,0.557617,0.041016,0.146484,16,8.000000,0.780439
cate8-00089,cate8,1,22,9,0.573242,0.541016,0.037109,0.164062,9,9.000000,0.567128
cate8-00089,cate8,1,23,10,0.619141,0.529297,0.046875,0.187500,11,10.000000,0.775944
cate8-00089,cate8,1,24,11,0.659180,0.520508,0.048828,0.173828,12,11.000000,0.944188
cate8-00089,cate8,1,25,12,0.703125,0.514648,0.058594,0.142578,13,12.000000,0.946257
cate8-00089,cate8,1,27,14,0.769531,0.481445,0.062500,0.138672,14,14.000000,0.910242
cate8-00089,cate8,1,31,16,0.538086,0.705078,0.025391,0.101562,16,16.000000,0.879242
cate8-00089,cate8,1,32,17,0.571289,0.703125,0.033203,0.121094,17,17.000000,0.890196
cate8-00089,cate8,1,33,18,0.605469,0.714844,0.035156,0.156250,19,18.000000,0.919084
cate8-00089,cate8,1,34,19,0.638672,0.708008,0.035156,0.162109,19,19.000000,0.899214
cate8-00089,cate8,1,35,20,0.675781,0.698242,0.046875,0.158203,20,20.000000,0.887940
cate8-00089,cate8,1,36,21,0.726562,0.666016,0.089844,0.164062,21,21.000000,0.940285
cate8-00089,cate8,1,37,22,0.786133,0.626953,0.099609,0.152344,22,22.000000,0.926368
cate8-00089,cate8,1,41,24,0.512695,0.698242,0.025391,0.111328,16,24.000000,0.860181
cate8-00089,cate8,1,42,25,0.478516,0.707031,0.035156,0.117188,24,25.000000,0.907587
cate8-00089,cate8,1,43,26,0.446289,0.711914,0.041016,0.146484,25,26.000000,0.922921
cate8-00089,cate8,1,44,27,0.408203,0.720703,0.039062,0.140625,26,27.000000,0.939743
cate8-00089,cate8,1,45,28,0.349609,0.711914,0.050781,0.154297,28,28.000000,0.933015
cate8-00089,cate8,1,47,30,0.252930,0.664062,0.091797,0.144531,30,30.000000,0.920462
cate8-00094,cate8,0,11,0,0.496094,0.411133,0.042969,0.228516,0,0.000000,0.877974
cate8-00094,cate8,0,12,1,0.468750,0.404297,0.031250,0.230469,1,1.000000,0.838517
cate8-00094,cate8,0,13,2,0.433594,0.405273,0.039062,0.240234,1,2.000000,0.847638
cate8-00094,cate8,0,14,3,0.398438,0.402344,0.039062,0.218750,3,3.000000,0.725432
cate8-00094,cate8,0,15,4,0.364258,0.402344,0.044922,0.210938,3,4.000000,0.922606
cate8-00094,cate8,0,16,5,0.319336,0.405273,0.060547,0.205078,5,5.000000,0.932557
cate8-00094,cate8,0,17,6,0.269531,0.412109,0.054688,0.195312,6,6.000000,0.964268
cate8-00094,cate8,0,21,8,0.536133,0.409180,0.048828,0.251953,8,8.000000,0.879782
cate8-00094,cate8,0,22,9,0.570312,0.431641,0.031250,0.210938,9,9.000000,0.942274
cate8-00094,cate8,0,23,10,0.605469,0.416992,0.042969,0.244141,10,10.000000,0.946097
cate8-00094,cate8,0,24,11,0.642578,0.416992,0.039062,0.216797,11,11.000000,0.899845
cate8-00094,cate8,0,25,12,0.672852,0.426758,0.044922,0.216797,12,12.000000,0.941150
cate8-00094,cate8,0,26,13,0.720703,0.426758,0.062500,0.197266,13,13.000000,0.926696
cate8-00094,cate8,0,27,14,0.772461,0.408203,0.052734,0.214844,14,14.000000,0.826900
cate8-00094,cate8,0,31,16,0.509766,0.628906,0.035156,0.148438,24,16.000000,0.789242
cate8-00094,cate8,0,32,17,0.540039,0.652344,0.037109,0.195312,17,17.000000,0.893644
cate8-00094,cate8,0,33,18,0.575195,0.678711,0.041016,0.251953,18,18.000000,0.866093
cate8-00094,cate8,0,34,19,0.616211,0.686523,0.041016,0.244141,19,19.000000,0.749755
cate8-00094,cate8,0,37,22,0.772461,0.625977,0.099609,0.201172,22,22.000000,0.948829
cate8-00094,cate8,0,41,24,0.483398,0.648438,0.029297,0.187500,25,24.000000,0.835485
cate8-00094,cate8,0,42,25,0.458008,0.644531,0.033203,0.203125,25,25.000000,0.815914
cate8-00094,cate8,0,43,26,0.423828,0.648438,0.039062,0.207031,26,26.000000,0.868091
cate8-00094,cate8,0,44,27,0.387695,0.666992,0.048828,0.240234,27,27.000000,0.869752
cate8-00094,cate8,0,45,28,0.345703,0.660156,0.042969,0.242188,28,28.000000,0.739254
cate8-00095,cate8,0,11,0,0.463867,0.414062,0.048828,0.222656,1,0.000000,0.892330
cate8-00095,cate8,0,12,1,0.427734,0.413086,0.031250,0.216797,1,1.000000,0.898014
cate8-00095,cate8,0,13,2,0.395508,0.415039,0.048828,0.216797,3,2.000000,0.847903
cate8-00095,cate8,0,17,6,0.228516,0.393555,0.058594,0.166016,7,6.000000,0.954982
cate8-00095,cate8,0,21,8,0.498047,0.418945,0.042969,0.208984,0,8.000000,0.934142
cate8-00095,cate8,0,22,9,0.539062,0.416016,0.035156,0.203125,8,9.000000,0.911615
cate8-00095,cate8,0,23,10,0.565430,0.416016,0.041016,0.226562,9,10.000000,0.920556
cate8-00095,cate8,0,31,16,0.490234,0.618164,0.027344,0.177734,24,16.000000,0.858411
cate8-00095,cate8,0,32,17,0.514648,0.622070,0.033203,0.162109,16,17.000000,0.845606
cate8-00095,cate8,0,33,18,0.547852,0.638672,0.033203,0.207031,17,18.000000,0.802359
cate8-00095,cate8,0,34,19,0.583984,0.641602,0.039062,0.228516,18,19.000000,0.814408
cate8-00095,cate8,0,35,20,0.618164,0.614258,0.041016,0.158203,19,20.000000,0.867549
cate8-00095,cate8,0,37,22,0.693359,0.589844,0.097656,0.171875,21,21.000000,0.547209
cate8-00095,cate8,0,38,23,0.752930,0.541016,0.111328,0.175781,22,22.000000,0.842395
cate8-00095,cate8,0,41,24,0.463867,0.623047,0.029297,0.164062,25,24.000000,0.833267
cate8-00095,cate8,0,42,25,0.436523,0.632812,0.037109,0.175781,26,25.000000,0.888521
cate8-00095,cate8,0,43,26,0.406250,0.640625,0.039062,0.195312,26,26.000000,0.885614
cate8-00095,cate8,0,44,27,0.370117,0.628906,0.041016,0.207031,27,27.000000,0.907306
cate8-00095,cate8,0,45,28,0.334961,0.610352,0.041016,0.185547,28,28.000000,0.908305
cate8-00095,cate8,0,47,30,0.260742,0.582031,0.087891,0.179688,30,,
cate8-00095,cate8,0,48,31,0.203125,0.541016,0.109375,0.156250,31,30.000000,0.825356
cate8-00101,cate8,2,11,0,0.487305,0.455078,0.041016,0.250000,0,0.000000,0.932645
cate8-00101,cate8,2,12,1,0.457031,0.419922,0.042969,0.277344,1,1.000000,0.929901
cate8-00101,cate8,2,13,2,0.419922,0.415039,0.042969,0.259766,2,2.000000,0.914916
cate8-00101,cate8,2,14,3,0.380859,0.412109,0.046875,0.246094,3,3.000000,0.925343
cate8-00101,cate8,2,15,4,0.346680,0.398438,0.052734,0.253906,4,4.000000,0.880736
cate8-00101,cate8,2,16,5,0.303711,0.412109,0.064453,0.199219,5,5.000000,0.870151
cate8-00101,cate8,2,17,6,0.251953,0.406250,0.066406,0.152344,6,6.000000,0.534109
cate8-00101,cate8,2,21,8,0.531250,0.452148,0.042969,0.259766,8,8.000000,0.918762
cate8-00101,cate8,2,22,9,0.562500,0.464844,0.039062,0.207031,9,9.000000,0.923470
cate8-00101,cate8,2,23,10,0.596680,0.440430,0.044922,0.236328,10,10.000000,0.897566
cate8-00101,cate8,2,24,11,0.627930,0.438477,0.044922,0.216797,11,11.000000,0.915008
cate8-00101,cate8,2,25,12,0.666992,0.443359,0.044922,0.183594,12,12.000000,0.939066
cate8-00101,cate8,2,26,13,0.709961,0.430664,0.060547,0.173828,13,13.000000,0.781806
cate8-00101,cate8,2,27,14,0.759766,0.402344,0.058594,0.171875,14,14.000000,0.870937
cate8-00101,cate8,2,31,16,0.525391,0.686523,0.027344,0.162109,16,16.000000,0.816379
cate8-00101,cate8,2,32,17,0.548828,0.688477,0.027344,0.162109,17,17.000000,0.884729
cate8-00101,cate8,2,33,18,0.577148,0.702148,0.033203,0.205078,18,18.000000,0.876724
cate8-00101,cate8,2,34,19,0.615234,0.686523,0.054688,0.205078,19,19.000000,0.900861
cate8-00101,cate8,2,35,20,0.652344,0.668945,0.058594,0.197266,20,20.000000,0.919399
cate8-00101,cate8,2,36,21,0.704102,0.638672,0.099609,0.187500,21,21.000000,0.959292
cate8-00101,cate8,2,37,22,0.758789,0.608398,0.087891,0.197266,22,22.000000,0.948161
cate8-00101,cate8,2,38,23,0.813477,0.554688,0.068359,0.128906,23,23.000000,0.924549
cate8-00101,cate8,2,41,24,0.500977,0.680664,0.033203,0.150391,24,24.000000,0.880625
cate8-00101,cate8,2,42,25,0.478516,0.675781,0.035156,0.140625,25,25.000000,0.824311
cate8-00101,cate8,2,43,26,0.448242,0.704102,0.041016,0.220703,25,26.000000,0.893903
cate8-00101,cate8,2,44,27,0.409180,0.669922,0.056641,0.191406,26,27.000000,0.943869
cate8-00101,cate8,2,45,28,0.373047,0.661133,0.074219,0.208984,28,28.000000,0.920671
cate8-00101,cate8,2,46,29,0.317383,0.652344,0.103516,0.218750,29,29.000000,0.956454
cate8-00101,cate8,2,47,30,0.254883,0.601562,0.095703,0.187500,30,30.000000,0.931359
cate8-00101,cate8,2,48,31,0.206055,0.581055,0.064453,0.150391,31,31.000000,0.926551
cate8-00102,cate8,0,11,0,0.492188,0.440430,0.039062,0.220703,0,0.000000,0.872000
cate8-00102,cate8,0,12,1,0.458008,0.441406,0.037109,0.207031,1,1.000000,0.873884
cate8-00102,cate8,0,13,2,0.423828,0.417969,0.042969,0.253906,2,2.000000,0.873609
cate8-00102,cate8,0,14,3,0.387695,0.438477,0.048828,0.205078,3,3.000000,0.899511
cate8-00102,cate8,0,15,4,0.346680,0.430664,0.044922,0.201172,4,4.000000,0.931856
cate8-00102,cate8,0,16,5,0.300781,0.428711,0.058594,0.173828,5,5.000000,0.910762
cate8-00102,cate8,0,17,6,0.246094,0.397461,0.062500,0.185547,6,6.000000,0.911969
cate8-00102,cate8,0,21,8,0.529297,0.442383,0.039062,0.224609,8,8.000000,0.905304
cate8-00102,cate8,0,22,9,0.563477,0.443359,0.037109,0.195312,9,9.000000,0.914310
cate8-00102,cate8,0,23,10,0.596680,0.409180,0.044922,0.259766,10,10.000000,0.881371
cate8-00102,cate8,0,24,11,0.633789,0.416016,0.044922,0.218750,11,11.000000,0.890526
cate8-00102,cate8,0,25,12,0.666016,0.412109,0.042969,0.195312,12,12.000000,0.928575
cate8-00102,cate8,0,26,13,0.710938,0.402344,0.058594,0.187500,13,13.000000,0.876210
cate8-00102,cate8,0,27,14,0.764648,0.379883,0.056641,0.173828,14,14.000000,0.813189
cate8-00102,cate8,0,31,16,0.515625,0.647461,0.023438,0.142578,16,16.000000,0.872842
cate8-00102,cate8,0,32,17,0.541992,0.647461,0.033203,0.154297,17,17.000000,0.919868
cate8-00102,cate8,0,33,18,0.574219,0.654297,0.042969,0.199219,18,18.000000,0.867003
cate8-00102,cate8,0,34,19,0.613281,0.638672,0.054688,0.187500,19,19.000000,0.939489
cate8-00102,cate8,0,35,20,0.644531,0.621094,0.058594,0.171875,20,20.000000,0.922243
cate8-00102,cate8,0,36,21,0.694336,0.599609,0.080078,0.175781,21,21.000000,0.927974
cate8-00102,cate8,0,37,22,0.750000,0.568359,0.074219,0.171875,22,22.000000,0.932443
cate8-00102,cate8,0,41,24,0.493164,0.646484,0.021484,0.144531,24,24.000000,0.847285
cate8-00102,cate8,0,42,25,0.462891,0.654297,0.031250,0.167969,25,25.000000,0.847020
cate8-00102,cate8,0,43,26,0.432617,0.660156,0.037109,0.207031,26,26.000000,0.878983
cate8-00102,cate8,0,44,27,0.397461,0.643555,0.048828,0.177734,27,27.000000,0.949225
cate8-00102,cate8,0,45,28,0.362305,0.634766,0.056641,0.183594,28,28.000000,0.913032
cate8-00102,cate8,0,46,29,0.312500,0.617188,0.082031,0.175781,29,29.000000,0.940852
cate8-00102,cate8,0,47,30,0.252930,0.590820,0.076172,0.185547,30,30.000000,0.921469
cate8-00107,cate8,3,11,0,0.486328,0.401367,0.042969,0.283203,0,0.000000,0.904375
cate8-00107,cate8,3,12,1,0.446289,0.391602,0.033203,0.279297,1,1.000000,0.857987
cate8-00107,cate8,3,13,2,0.407227,0.387695,0.041016,0.279297,2,2.000000,0.911609
cate8-00107,cate8,3,14,3,0.368164,0.398438,0.048828,0.234375,3,3.000000,0.896456
cate8-00107,cate8,3,15,4,0.329102,0.406250,0.041016,0.199219,4,4.000000,0.972552
cate8-00107,cate8,3,16,5,0.280273,0.391602,0.068359,0.197266,5,5.000000,0.914493
cate8-00107,cate8,3,17,6,0.223633,0.367188,0.064453,0.187500,6,6.000000,0.910389
cate8-00107,cate8,3,21,8,0.530273,0.403320,0.041016,0.271484,8,8.000000,0.913239
cate8-00107,cate8,3,22,9,0.567383,0.407227,0.033203,0.255859,9,9.000000,0.889247
cate8-00107,cate8,3,23,10,0.604492,0.386719,0.041016,0.277344,10,10.000000,0.845919
cate8-00107,cate8,3,24,11,0.641602,0.387695,0.048828,0.255859,11,11.000000,0.794395
cate8-00107,cate8,3,25,12,0.685547,0.401367,0.046875,0.224609,12,12.000000,0.912438
cate8-00107,cate8,3,26,13,0.733398,0.386719,0.072266,0.246094,13,13.000000,0.925097
cate8-00107,cate8,3,27,14,0.796875,0.370117,0.066406,0.185547,14,14.000000,0.905430
cate8-00107,cate8,3,31,16,0.524414,0.644531,0.029297,0.164062,24,16.000000,0.876824
cate8-00107,cate8,3,32,17,0.551758,0.651367,0.037109,0.185547,17,17.000000,0.857817
cate8-00107,cate8,3,33,18,0.591797,0.692383,0.050781,0.275391,18,18.000000,0.904303
cate8-00107,cate8,3,34,19,0.628906,0.663086,0.042969,0.216797,19,19.000000,0.915367
cate8-00107,cate8,3,35,20,0.674805,0.666016,0.048828,0.234375,20,20.000000,0.921531
cate8-00107,cate8,3,37,22,0.790039,0.607422,0.115234,0.210938,22,22.000000,0.955210
cate8-00107,cate8,3,38,23,0.846680,0.541016,0.087891,0.144531,23,23.000000,0.911846
cate8-00107,cate8,3,41,24,0.499023,0.650391,0.029297,0.175781,24,24.000000,0.861416
cate8-00107,cate8,3,42,25,0.468750,0.652344,0.035156,0.179688,25,25.000000,0.890378
cate8-00107,cate8,3,43,26,0.437500,0.672852,0.039062,0.224609,26,26.000000,0.864866
cate8-00107,cate8,3,44,27,0.395508,0.666992,0.044922,0.216797,27,27.000000,0.914115
cate8-00107,cate8,3,45,28,0.351562,0.661133,0.050781,0.232422,27,28.000000,0.948629
cate8-00107,cate8,3,47,30,0.244141,0.607422,0.105469,0.207031,30,30.000000,0.942673
cate8-00107,cate8,3,48,31,0.184570,0.553711,0.091797,0.150391,31,31.000000,0.936271
cate8-00109,cate8,2,11,0,0.474609,0.394531,0.046875,0.253906,0,0.000000,0.888368
cate8-00109,cate8,2,12,1,0.435547,0.387695,0.042969,0.251953,1,1.000000,0.889207
cate8-00109,cate8,2,13,2,0.393555,0.379883,0.044922,0.267578,2,2.000000,0.923855
cate8-00109,cate8,2,16,5,0.300781,0.388672,0.062500,0.191406,5,5.000000,0.942809
cate8-00109,cate8,2,17,6,0.239258,0.355469,0.060547,0.207031,6,6.000000,0.922931
cate8-00109,cate8,2,18,7,0.206055,0.333008,0.052734,0.134766,7,7.000000,0.912266
cate8-00109,cate8,2,21,8,0.521484,0.401367,0.054688,0.236328,8,8.000000,0.897861
cate8-00109,cate8,2,22,9,0.561523,0.399414,0.041016,0.220703,9,9.000000,0.893340
cate8-00109,cate8,2,23,10,0.607422,0.384766,0.050781,0.246094,10,10.000000,0.899606
cate8-00109,cate8,2,24,11,0.643555,0.380859,0.044922,0.234375,11,11.000000,0.898830
cate8-00109,cate8,2,25,12,0.678711,0.386719,0.033203,0.207031,12,12.000000,0.898711
cate8-00109,cate8,2,26,13,0.722656,0.407227,0.058594,0.193359,13,13.000000,0.946465
cate8-00109,cate8,2,27,14,0.771484,0.375977,0.066406,0.197266,14,14.000000,0.912712
cate8-00109,cate8,2,28,15,0.811523,0.345703,0.072266,0.160156,15,15.000000,0.898227
cate8-00109,cate8,2,31,16,0.527344,0.622070,0.031250,0.158203,16,16.000000,0.815061
cate8-00109,cate8,2,32,17,0.560547,0.647461,0.042969,0.212891,18,17.000000,0.892814
cate8-00109,cate8,2,33,18,0.600586,0.659180,0.052734,0.251953,18,18.000000,0.860181
cate8-00109,cate8,2,34,19,0.642578,0.655273,0.054688,0.228516,20,19.000000,0.915509
cate8-00109,cate8,2,35,20,0.680664,0.645508,0.052734,0.216797,20,20.000000,0.904758
cate8-00109,cate8,2,38,23,0.822266,0.535156,0.082031,0.128906,23,23.000000,0.854110
cate8-00109,cate8,2,41,24,0.494141,0.630859,0.035156,0.179688,24,24.000000,0.887367
cate8-00109,cate8,2,42,25,0.458984,0.634766,0.039062,0.195312,25,25.000000,0.920245
cate8-00109,cate8,2,43,26,0.421875,0.658203,0.042969,0.246094,26,26.000000,0.900194
cate8-00109,cate8,2,44,27,0.378906,0.638672,0.046875,0.226562,27,27.000000,0.923356
cate8-00109,cate8,2,45,28,0.338867,0.631836,0.048828,0.216797,28,28.000000,0.907214
cate8-00109,cate8,2,47,30,0.248047,0.584961,0.101562,0.173828,30,30.000000,0.955149
cate8-00109,cate8,2,48,31,0.190430,0.524414,0.099609,0.142578,31,31.000000,0.942605
cate8-00113,cate8,4,11,0,0.486328,0.468750,0.039062,0.250000,0,0.000000,0.923372
cate8-00113,cate8,4,12,1,0.458008,0.467773,0.041016,0.216797,1,1.000000,0.893593
cate8-00113,cate8,4,13,2,0.420898,0.451172,0.041016,0.253906,2,2.000000,0.898605
cate8-00113,cate8,4,14,3,0.383789,0.456055,0.044922,0.216797,3,3.000000,0.925076
cate8-00113,cate8,4,15,4,0.345703,0.468750,0.046875,0.171875,4,4.000000,0.724617
cate8-00113,cate8,4,16,5,0.298828,0.464844,0.054688,0.152344,6,5.000000,0.902470
cate8-00113,cate8,4,17,6,0.256836,0.425781,0.068359,0.156250,6,6.000000,0.917827
cate8-00113,cate8,4,18,7,0.230469,0.322266,0.054688,0.140625,7,7.000000,0.923759
cate8-00113,cate8,4,21,8,0.528320,0.488281,0.037109,0.207031,8,8.000000,0.913791
cate8-00113,cate8,4,22,9,0.555664,0.491211,0.037109,0.177734,9,9.000000,0.865887
cate8-00113,cate8,4,23,10,0.594727,0.455078,0.037109,0.246094,10,10.000000,0.853340
cate8-00113,cate8,4,24,11,0.624023,0.451172,0.052734,0.210938,11,11.000000,0.887022
cate8-00113,cate8,4,25,12,0.668945,0.441406,0.041016,0.203125,12,12.000000,0.862763
cate8-00113,cate8,4,26,13,0.711914,0.436523,0.060547,0.185547,13,13.000000,0.903669
cate8-00113,cate8,4,27,14,0.755859,0.419922,0.066406,0.152344,14,14.000000,0.948016
cate8-00113,cate8,4,31,16,0.519531,0.692383,0.023438,0.146484,16,16.000000,0.835503
cate8-00113,cate8,4,32,17,0.543945,0.694336,0.029297,0.173828,17,17.000000,0.935426
cate8-00113,cate8,4,33,18,0.583008,0.693359,0.048828,0.199219,18,18.000000,0.863806
cate8-00113,cate8,4,34,19,0.630859,0.688477,0.039062,0.201172,19,19.000000,0.859787
cate8-00113,cate8,4,35,20,0.674805,0.671875,0.064453,0.191406,20,20.000000,0.927166
cate8-00113,cate8,4,36,21,0.726562,0.642578,0.093750,0.195312,21,21.000000,0.962413
cate8-00113,cate8,4,37,22,0.783203,0.592773,0.097656,0.185547,22,22.000000,0.934291
cate8-00113,cate8,4,38,23,0.822266,0.571289,0.054688,0.150391,23,23.000000,0.845736
cate8-00113,cate8,4,41,24,0.496094,0.700195,0.023438,0.173828,24,24.000000,0.811204
cate8-00113,cate8,4,42,25,0.468750,0.694336,0.031250,0.177734,25,25.000000,0.841513
cate8-00113,cate8,4,43,26,0.438477,0.701172,0.037109,0.207031,26,26.000000,0.921039
cate8-00113,cate8,4,44,27,0.391602,0.699219,0.048828,0.199219,27,27.000000,0.909404
cate8-00113,cate8,4,45,28,0.343750,0.684570,0.066406,0.189453,28,28.000000,0.916821
cate8-00113,cate8,4,46,29,0.285156,0.674805,0.097656,0.162109,29,29.000000,0.927300
cate8-00113,cate8,4,47,30,0.229492,0.595703,0.095703,0.167969,30,30.000000,0.940127
cate8-00113,cate8,4,48,31,0.179688,0.583984,0.058594,0.160156,31,31.000000,0.958315
cate8-00116,cate8,1,33,18,0.560547,0.611328,0.035156,0.171875,17,17.000000,0.878999
cate8-00116,cate8,1,34,19,0.587891,0.621094,0.042969,0.179688,18,18.000000,0.907300
cate8-00116,cate8,1,35,20,0.622070,0.627930,0.041016,0.166016,19,19.000000,0.911880
cate8-00116,cate8,1,38,23,0.763672,0.594727,0.097656,0.126953,23,22.000000,0.722139
cate8-00116,cate8,1,41,24,0.487305,0.623047,0.025391,0.136719,24,24.000000,0.665959
cate8-00116,cate8,1,42,25,0.460938,0.614258,0.035156,0.185547,25,25.000000,0.869215
cate8-00116,cate8,1,43,26,0.431641,0.625000,0.046875,0.199219,26,26.000000,0.867817
cate8-00116,cate8,1,44,27,0.391602,0.622070,0.037109,0.177734,27,27.000000,0.859738
cate8-00116,cate8,1,45,28,0.361328,0.638672,0.046875,0.191406,28,28.000000,0.609492
cate8-00116,cate8,1,47,30,0.271484,0.625000,0.070312,0.187500,29,29.000000,0.864337
cate8-00119,cate8,1,11,0,0.487305,0.428711,0.044922,0.220703,0,0.000000,0.815195
cate8-00119,cate8,1,12,1,0.456055,0.419922,0.041016,0.218750,1,1.000000,0.846340
cate8-00119,cate8,1,13,2,0.417969,0.409180,0.058594,0.255859,2,2.000000,0.874306
cate8-00119,cate8,1,14,3,0.383789,0.428711,0.052734,0.197266,3,3.000000,0.897656
cate8-00119,cate8,1,15,4,0.345703,0.421875,0.050781,0.175781,4,4.000000,0.904269
cate8-00119,cate8,1,16,5,0.294922,0.416016,0.058594,0.191406,5,5.000000,0.857718
cate8-00119,cate8,1,17,6,0.240234,0.406250,0.058594,0.187500,6,6.000000,0.945636
cate8-00119,cate8,1,18,7,0.198242,0.371094,0.068359,0.144531,7,7.000000,0.917453
cate8-00119,cate8,1,21,8,0.527344,0.435547,0.046875,0.214844,8,8.000000,0.822185
cate8-00119,cate8,1,22,9,0.564453,0.435547,0.031250,0.203125,9,9.000000,0.876828
cate8-00119,cate8,1,23,10,0.601562,0.439453,0.039062,0.222656,10,10.000000,0.946863
cate8-00119,cate8,1,24,11,0.635742,0.443359,0.044922,0.210938,11,11.000000,0.882328
cate8-00119,cate8,1,25,12,0.673828,0.434570,0.039062,0.205078,12,12.000000,0.810095
cate8-00119,cate8,1,26,13,0.717773,0.416992,0.056641,0.216797,13,13.000000,0.924233
cate8-00119,cate8,1,27,14,0.774414,0.413086,0.056641,0.205078,14,14.000000,0.844631
cate8-00119,cate8,1,31,16,0.540039,0.650391,0.029297,0.195312,17,17.000000,0.849147
cate8-00119,cate8,1,32,17,0.572266,0.650391,0.035156,0.210938,17,18.000000,0.884186
cate8-00119,cate8,1,33,18,0.611328,0.663086,0.039062,0.228516,19,19.000000,0.875823
cate8-00119,cate8,1,35,20,0.644531,0.659180,0.050781,0.220703,20,20.000000,0.891977
cate8-00119,cate8,1,36,21,0.702148,0.642578,0.087891,0.230469,21,21.000000,0.892908
cate8-00119,cate8,1,37,22,0.758789,0.621094,0.080078,0.203125,22,22.000000,0.945537
cate8-00119,cate8,1,41,24,0.509766,0.640625,0.031250,0.167969,16,16.000000,0.658940
cate8-00119,cate8,1,42,25,0.481445,0.656250,0.037109,0.195312,25,25.000000,0.760748
cate8-00119,cate8,1,43,26,0.447266,0.663086,0.039062,0.236328,26,26.000000,0.857764
cate8-00119,cate8,1,44,27,0.411133,0.660156,0.048828,0.242188,27,27.000000,0.899669
cate8-00119,cate8,1,45,28,0.373047,0.646484,0.058594,0.210938,28,28.000000,0.813822
cate8-00119,cate8,1,46,29,0.315430,0.632812,0.095703,0.222656,29,29.000000,0.943677
cate8-00119,cate8,1,47,30,0.251953,0.615234,0.089844,0.210938,30,30.000000,0.898548
cate8-00119,cate8,1,48,31,0.185547,0.561523,0.093750,0.134766,31,31.000000,0.929693
cate8-00123,cate8,2,11,0,0.488281,0.389648,0.050781,0.275391,0,0.000000,0.906201
cate8-00123,cate8,2,12,1,0.444336,0.383789,0.044922,0.251953,1,1.000000,0.932073
cate8-00123,cate8,2,13,2,0.405273,0.364258,0.044922,0.326172,2,2.000000,0.857441
cate8-00123,cate8,2,14,3,0.368164,0.409180,0.041016,0.216797,4,3.000000,0.853826
cate8-00123,cate8,2,15,4,0.325195,0.385742,0.041016,0.244141,4,4.000000,0.898280
cate8-00123,cate8,2,16,5,0.282227,0.371094,0.060547,0.218750,6,5.000000,0.929366
cate8-00123,cate8,2,17,6,0.233398,0.350586,0.076172,0.212891,6,6.000000,0.937191
cate8-00123,cate8,2,18,7,0.208008,0.254883,0.072266,0.146484,7,7.000000,0.933765
cate8-00123,cate8,2,21,8,0.539062,0.406250,0.046875,0.250000,8,8.000000,0.908224
cate8-00123,cate8,2,22,9,0.581055,0.389648,0.041016,0.259766,10,9.000000,0.901241
cate8-00123,cate8,2,23,10,0.618164,0.385742,0.044922,0.291016,10,10.000000,0.899934
cate8-00123,cate8,2,24,11,0.655273,0.395508,0.048828,0.232422,11,11.000000,0.922146
cate8-00123,cate8,2,25,12,0.694336,0.386719,0.052734,0.214844,13,12.000000,0.911339
cate8-00123,cate8,2,27,14,0.757812,0.351562,0.058594,0.210938,14,14.000000,0.938399
cate8-00123,cate8,2,28,15,0.802734,0.291992,0.058594,0.138672,15,15.000000,0.904775
cate8-00123,cate8,2,31,16,0.516602,0.624023,0.029297,0.150391,16,16.000000,0.847624
cate8-00123,cate8,2,32,17,0.545898,0.632812,0.033203,0.175781,17,17.000000,0.894394
cate8-00123,cate8,2,33,18,0.583008,0.647461,0.048828,0.232422,18,18.000000,0.866501
cate8-00123,cate8,2,34,19,0.627930,0.644531,0.064453,0.226562,19,19.000000,0.931990
cate8-00123,cate8,2,35,20,0.667969,0.619141,0.066406,0.210938,20,20.000000,0.933882
cate8-00123,cate8,2,36,21,0.730469,0.594727,0.109375,0.240234,21,21.000000,0.948074
cate8-00123,cate8,2,37,22,0.788086,0.555664,0.099609,0.228516,22,22.000000,0.935158
cate8-00123,cate8,2,38,23,0.849609,0.522461,0.082031,0.162109,23,23.000000,0.936973
cate8-00123,cate8,2,41,24,0.487305,0.628906,0.029297,0.160156,24,24.000000,0.835813
cate8-00123,cate8,2,42,25,0.457031,0.625977,0.035156,0.166016,25,25.000000,0.878313
cate8-00123,cate8,2,43,26,0.418945,0.635742,0.041016,0.205078,26,26.000000,0.888188
cate8-00123,cate8,2,44,27,0.375977,0.635742,0.056641,0.224609,28,27.000000,0.915924
cate8-00123,cate8,2,45,28,0.335938,0.623047,0.062500,0.226562,28,28.000000,0.886606
cate8-00123,cate8,2,46,29,0.273438,0.602539,0.113281,0.232422,29,29.000000,0.915879
cate8-00123,cate8,2,47,30,0.218750,0.550781,0.101562,0.207031,30,30.000000,0.928898
cate8-00123,cate8,2,48,31,0.154297,0.526367,0.085938,0.154297,31,31.000000,0.947454
cate8-00125,cate8,2,11,0,0.472656,0.417969,0.039062,0.226562,1,0.000000,0.881888
cate8-00125,cate8,2,12,1,0.440430,0.417969,0.029297,0.171875,1,1.000000,0.858084
cate8-00125,cate8,2,13,2,0.414062,0.389648,0.042969,0.220703,1,2.000000,0.872871
cate8-00125,cate8,2,14,3,0.383789,0.396484,0.041016,0.179688,3,3.000000,0.913796
cate8-00125,cate8,2,15,4,0.348633,0.386719,0.037109,0.210938,4,4.000000,0.851375
cate8-00125,cate8,2,18,7,0.265625,0.285156,0.046875,0.109375,7,7.000000,0.921176
cate8-00125,cate8,2,21,8,0.515625,0.423828,0.039062,0.210938,8,8.000000,0.908053
cate8-00125,cate8,2,22,9,0.547852,0.435547,0.025391,0.183594,9,9.000000,0.883746
cate8-00125,cate8,2,23,10,0.575195,0.373047,0.029297,0.152344,9,,
cate8-00125,cate8,2,24,11,0.601562,0.421875,0.050781,0.210938,10,11.000000,0.628051
cate8-00125,cate8,2,25,12,0.640625,0.426758,0.039062,0.224609,11,12.000000,0.875076
cate8-00125,cate8,2,27,14,0.738281,0.417969,0.082031,0.207031,14,14.000000,0.948671
cate8-00125,cate8,2,28,15,0.763672,0.342773,0.085938,0.142578,15,15.000000,0.903941
cate8-00125,cate8,2,31,16,0.505859,0.642578,0.023438,0.183594,24,16.000000,0.878688
cate8-00125,cate8,2,32,17,0.530273,0.637695,0.025391,0.169922,16,17.000000,0.768780
cate8-00125,cate8,2,33,18,0.560547,0.645508,0.039062,0.212891,18,18.000000,0.858764
cate8-00125,cate8,2,34,19,0.589844,0.629883,0.039062,0.193359,18,19.000000,0.920861
cate8-00125,cate8,2,35,20,0.624023,0.635742,0.044922,0.208984,19,20.000000,0.909052
cate8-00125,cate8,2,38,23,0.784180,0.552734,0.080078,0.152344,23,23.000000,0.897307
cate8-00125,cate8,2,41,24,0.479492,0.645508,0.033203,0.185547,25,24.000000,0.877667
cate8-00125,cate8,2,42,25,0.455078,0.630859,0.042969,0.183594,25,25.000000,0.906864
cate8-00125,cate8,2,43,26,0.425781,0.620117,0.054688,0.197266,26,26.000000,0.871862
cate8-00125,cate8,2,44,27,0.399414,0.610352,0.052734,0.208984,27,27.000000,0.875019
cate8-00125,cate8,2,45,28,0.368164,0.590820,0.056641,0.208984,28,28.000000,0.771958
cate8-00125,cate8,2,47,30,0.275391,0.512695,0.082031,0.197266,5,30.000000,0.912023
cate8-00125,cate8,2,48,31,0.223633,0.516602,0.056641,0.138672,31,31.000000,0.917507
cate8-00130,cate8,1,13,2,0.434570,0.447266,0.060547,0.207031,1,2.000000,0.867058
cate8-00130,cate8,1,15,4,0.366211,0.447266,0.048828,0.179688,3,3.000000,0.588210
cate8-00130,cate8,1,17,6,0.292969,0.425781,0.062500,0.171875,5,5.000000,0.877382
cate8-00130,cate8,1,18,7,0.239258,0.421875,0.048828,0.164062,6,6.000000,0.931932
cate8-00130,cate8,1,23,10,0.598633,0.451172,0.041016,0.234375,10,10.000000,0.919242
cate8-00130,cate8,1,24,11,0.631836,0.481445,0.041016,0.193359,11,11.000000,0.861851
cate8-00130,cate8,1,25,12,0.668945,0.471680,0.041016,0.197266,12,12.000000,0.914262
cate8-00130,cate8,1,26,13,0.712891,0.459961,0.054688,0.154297,13,13.000000,0.860180
cate8-00130,cate8,1,27,14,0.758789,0.445312,0.044922,0.140625,14,14.000000,0.764947
cate8-00130,cate8,1,31,16,0.506836,0.664062,0.033203,0.144531,16,16.000000,0.822148
cate8-00130,cate8,1,32,17,0.528320,0.667969,0.041016,0.148438,16,17.000000,0.864447
cate8-00130,cate8,1,33,18,0.560547,0.678711,0.039062,0.201172,18,18.000000,0.882651
cate8-00130,cate8,1,34,19,0.597656,0.692383,0.039062,0.166016,19,19.000000,0.745075
cate8-00130,cate8,1,36,21,0.684570,0.678711,0.111328,0.158203,21,22.000000,0.710971
cate8-00130,cate8,1,37,22,0.732422,0.638672,0.097656,0.164062,22,22.000000,0.960807
cate8-00130,cate8,1,41,24,0.486328,0.658203,0.023438,0.152344,24,24.000000,0.826392
cate8-00130,cate8,1,42,25,0.461914,0.654297,0.025391,0.152344,25,25.000000,0.785638
cate8-00130,cate8,1,43,26,0.432617,0.670898,0.033203,0.181641,27,,
cate8-00130,cate8,1,45,28,0.370117,0.673828,0.048828,0.179688,27,28.000000,0.946344
cate8-00130,cate8,1,46,29,0.320312,0.653320,0.082031,0.177734,29,29.000000,0.935108
cate8-00130,cate8,1,47,30,0.258789,0.617188,0.095703,0.144531,30,30.000000,0.933296
cate8-00131,cate8,4,11,0,0.517578,0.428711,0.054688,0.244141,8,0.000000,0.933062
cate8-00131,cate8,4,12,1,0.487305,0.414062,0.064453,0.242188,0,1.000000,0.861409
cate8-00131,cate8,4,13,2,0.433594,0.404297,0.062500,0.250000,1,,
cate8-00131,cate8,4,16,5,0.352539,0.399414,0.103516,0.189453,4,5.000000,0.973617
cate8-00131,cate8,4,17,6,0.286133,0.375000,0.064453,0.195312,6,6.000000,0.909661
cate8-00131,cate8,4,21,8,0.551758,0.440430,0.044922,0.244141,8,8.000000,0.890460
cate8-00131,cate8,4,22,9,0.586914,0.425781,0.037109,0.261719,9,9.000000,0.777517
cate8-00131,cate8,4,23,10,0.625977,0.421875,0.052734,0.238281,11,10.000000,0.633572
cate8-00131,cate8,4,25,12,0.660156,0.424805,0.046875,0.224609,11,11.000000,0.655610
cate8-00131,cate8,4,26,13,0.705078,0.415039,0.058594,0.212891,13,13.000000,0.881576
cate8-00131,cate8,4,27,14,0.763672,0.436523,0.054688,0.193359,14,14.000000,0.923339
cate8-00131,cate8,4,28,15,0.809570,0.403320,0.064453,0.173828,15,15.000000,0.931237
cate8-00131,cate8,4,31,16,0.561523,0.677734,0.037109,0.195312,17,17.000000,0.878509
cate8-00131,cate8,4,32,17,0.595703,0.699219,0.035156,0.222656,18,18.000000,0.874658
cate8-00131,cate8,4,33,18,0.632812,0.680664,0.042969,0.201172,19,19.000000,0.898245
cate8-00131,cate8,4,34,19,0.670898,0.680664,0.044922,0.232422,20,20.000000,0.877114
cate8-00131,cate8,4,37,22,0.794922,0.611328,0.105469,0.144531,23,22.000000,0.922648
cate8-00131,cate8,4,41,24,0.533203,0.670898,0.031250,0.181641,16,16.000000,0.879116
cate8-00131,cate8,4,42,25,0.511719,0.671875,0.042969,0.195312,16,24.000000,0.806457
cate8-00131,cate8,4,43,26,0.482422,0.661133,0.050781,0.193359,25,25.000000,0.815832
cate8-00131,cate8,4,44,27,0.449219,0.676758,0.058594,0.212891,26,26.000000,0.884166
cate8-00131,cate8,4,45,28,0.377930,0.648438,0.087891,0.226562,28,28.000000,0.782137
cate8-00131,cate8,4,46,29,0.304688,0.624023,0.117188,0.201172,29,29.000000,0.594063
cate8-00131,cate8,4,47,30,0.235352,0.566406,0.111328,0.164062,30,31.000000,0.908237
cate8-00137,cate8,4,11,0,0.490234,0.441406,0.046875,0.242188,0,0.000000,0.935928
cate8-00137,cate8,4,12,1,0.454102,0.458984,0.044922,0.210938,1,1.000000,0.890841
cate8-00137,cate8,4,13,2,0.415039,0.441406,0.044922,0.238281,2,2.000000,0.917132
cate8-00137,cate8,4,14,3,0.379883,0.446289,0.044922,0.228516,3,3.000000,0.886021
cate8-00137,cate8,4,15,4,0.338867,0.450195,0.041016,0.228516,4,4.000000,0.887105
cate8-00137,cate8,4,16,5,0.291992,0.441406,0.064453,0.203125,5,5.000000,0.937141
cate8-00137,cate8,4,17,6,0.237305,0.422852,0.064453,0.185547,6,6.000000,0.911695
cate8-00137,cate8,4,18,7,0.216797,0.344727,0.062500,0.123047,7,7.000000,0.928038
cate8-00137,cate8,4,21,8,0.532227,0.440430,0.044922,0.244141,8,8.000000,0.896061
cate8-00137,cate8,4,22,9,0.574219,0.457031,0.050781,0.230469,9,9.000000,0.887586
cate8-00137,cate8,4,23,10,0.607422,0.455078,0.039062,0.242188,10,10.000000,0.910341
cate8-00137,cate8,4,24,11,0.642578,0.466797,0.042969,0.222656,11,11.000000,0.885743
cate8-00137,cate8,4,25,12,0.679688,0.463867,0.039062,0.220703,12,12.000000,0.824533
cate8-00137,cate8,4,26,13,0.727539,0.465820,0.060547,0.185547,13,13.000000,0.901608
cate8-00137,cate8,4,27,14,0.784180,0.461914,0.060547,0.197266,14,14.000000,0.892921
cate8-00137,cate8,4,28,15,0.799805,0.382812,0.060547,0.113281,15,15.000000,0.933860
cate8-00137,cate8,4,31,16,0.534180,0.688477,0.029297,0.197266,16,16.000000,0.859988
cate8-00137,cate8,4,32,17,0.560547,0.690430,0.035156,0.212891,17,17.000000,0.909558
cate8-00137,cate8,4,33,18,0.597656,0.700195,0.039062,0.224609,18,18.000000,0.879215
cate8-00137,cate8,4,34,19,0.631836,0.691406,0.041016,0.218750,19,19.000000,0.902429
cate8-00137,cate8,4,35,20,0.671875,0.691406,0.050781,0.230469,20,20.000000,0.905390
cate8-00137,cate8,4,36,21,0.727539,0.678711,0.080078,0.228516,21,21.000000,0.950731
cate8-00137,cate8,4,38,23,0.835938,0.602539,0.066406,0.119141,23,23.000000,0.898301
cate8-00137,cate8,4,41,24,0.506836,0.698242,0.033203,0.224609,24,24.000000,0.662084
cate8-00137,cate8,4,42,25,0.474609,0.694336,0.035156,0.220703,25,25.000000,0.832373
cate8-00137,cate8,4,43,26,0.440430,0.699219,0.041016,0.234375,26,26.000000,0.948033
cate8-00137,cate8,4,44,27,0.402344,0.687500,0.039062,0.218750,27,27.000000,0.887030
cate8-00137,cate8,4,45,28,0.365234,0.681641,0.054688,0.226562,28,28.000000,0.903446
cate8-00137,cate8,4,46,29,0.306641,0.666016,0.097656,0.218750,29,29.000000,0.914427
cate8-00137,cate8,4,47,30,0.235352,0.613281,0.091797,0.187500,30,30.000000,0.949165
cate8-00137,cate8,4,48,31,0.177734,0.568359,0.066406,0.113281,31,31.000000,0.939983
cate8-00138,cate8,4,11,0,0.484375,0.366211,0.050781,0.283203,0,0.000000,0.904346
cate8-00138,cate8,4,12,1,0.448242,0.362305,0.044922,0.291016,1,1.000000,0.806005
cate8-00138,cate8,4,13,2,0.414062,0.344727,0.046875,0.283203,2,2.000000,0.793436
cate8-00138,cate8,4,14,3,0.378906,0.336914,0.046875,0.259766,2,3.000000,0.878091
cate8-00138,cate8,4,15,4,0.348633,0.328125,0.041016,0.238281,4,4.000000,0.880723
cate8-00138,cate8,4,16,5,0.298828,0.327148,0.062500,0.240234,5,5.000000,0.835578
cate8-00138,cate8,4,17,6,0.253906,0.328125,0.085938,0.222656,6,6.000000,0.725873
cate8-00138,cate8,4,18,7,0.221680,0.268555,0.103516,0.193359,30,7.000000,0.780096
cate8-00138,cate8,4,21,8,0.521484,0.353516,0.046875,0.304688,8,8.000000,0.844265
cate8-00138,cate8,4,22,9,0.561523,0.358398,0.041016,0.291016,9,9.000000,0.841487
cate8-00138,cate8,4,23,10,0.598633,0.345703,0.037109,0.316406,10,10.000000,0.827690
cate8-00138,cate8,4,24,11,0.630859,0.329102,0.046875,0.302734,10,11.000000,0.812408
cate8-00138,cate8,4,25,12,0.665039,0.334961,0.041016,0.259766,11,12.000000,0.863168
cate8-00138,cate8,4,26,13,0.708984,0.325195,0.058594,0.248047,13,13.000000,0.891428
cate8-00138,cate8,4,27,14,0.759766,0.314453,0.070312,0.265625,14,14.000000,0.881286
cate8-00138,cate8,4,28,15,0.793945,0.280273,0.068359,0.177734,15,15.000000,0.902011
cate8-00138,cate8,4,31,16,0.539062,0.613281,0.046875,0.164062,17,16.000000,0.592581
cate8-00138,cate8,4,32,17,0.571289,0.621094,0.052734,0.187500,18,17.000000,0.850022
cate8-00138,cate8,4,33,18,0.609375,0.630859,0.070312,0.230469,19,18.000000,0.855699
cate8-00138,cate8,4,34,19,0.634766,0.596680,0.070312,0.212891,19,19.000000,0.870432
cate8-00138,cate8,4,35,20,0.671875,0.593750,0.062500,0.234375,20,20.000000,0.910752
cate8-00138,cate8,4,36,21,0.726562,0.557617,0.097656,0.224609,21,21.000000,0.955100
cate8-00138,cate8,4,38,23,0.832031,0.528320,0.054688,0.193359,23,23.000000,0.719793
cate8-00138,cate8,4,41,24,0.506836,0.608398,0.037109,0.185547,16,24.000000,0.759090
cate8-00138,cate8,4,42,25,0.473633,0.602539,0.033203,0.173828,24,25.000000,0.809060
cate8-00138,cate8,4,43,26,0.433594,0.640625,0.062500,0.195312,26,26.000000,0.784210
cate8-00138,cate8,4,44,27,0.400391,0.602539,0.082031,0.197266,26,27.000000,0.902541
cate8-00138,cate8,4,45,28,0.372070,0.585938,0.068359,0.207031,28,28.000000,0.759848
cate8-00138,cate8,4,46,29,0.323242,0.573242,0.107422,0.248047,29,29.000000,0.917767
cate8-00138,cate8,4,47,30,0.263672,0.546875,0.105469,0.226562,30,30.000000,0.946493
cate8-00138,cate8,4,48,31,0.199219,0.500000,0.089844,0.195312,30,31.000000,0.970912
cate8-00143,cate8,2,13,2,0.428711,0.518555,0.037109,0.193359,1,2.000000,0.930752
cate8-00143,cate8,2,14,3,0.399414,0.513672,0.033203,0.203125,3,3.000000,0.896192
cate8-00143,cate8,2,15,4,0.373047,0.515625,0.039062,0.207031,3,4.000000,0.935565
cate8-00143,cate8,2,16,5,0.319336,0.529297,0.064453,0.222656,5,5.000000,0.838136
cate8-00143,cate8,2,17,6,0.272461,0.528320,0.056641,0.201172,6,6.000000,0.932090
cate8-00143,cate8,2,23,10,0.600586,0.513672,0.033203,0.226562,10,10.000000,0.876256
cate8-00143,cate8,2,24,11,0.634766,0.517578,0.039062,0.203125,11,12.000000,0.539733
cate8-00143,cate8,2,25,12,0.674805,0.543945,0.052734,0.193359,13,13.000000,0.909836
cate8-00143,cate8,2,26,13,0.723633,0.519531,0.048828,0.218750,12,14.000000,0.918633
cate8-00143,cate8,2,27,14,0.768555,0.507812,0.052734,0.199219,14,15.000000,0.941207
cate8-00143,cate8,2,33,18,0.583008,0.721680,0.033203,0.193359,18,18.000000,0.905575
cate8-00143,cate8,2,34,19,0.612305,0.728516,0.037109,0.187500,19,19.000000,0.915852
cate8-00143,cate8,2,35,20,0.647461,0.736328,0.041016,0.210938,20,20.000000,0.950887
cate8-00143,cate8,2,38,23,0.781250,0.659180,0.097656,0.130859,23,23.000000,0.934329
cate8-00143,cate8,2,43,26,0.414062,0.724609,0.031250,0.199219,27,26.000000,0.878949
cate8-00143,cate8,2,44,27,0.379883,0.723633,0.044922,0.197266,28,27.000000,0.904214
cate8-00143,cate8,2,45,28,0.335938,0.718750,0.062500,0.195312,28,28.000000,0.965923
cate8-00145,cate8,4,11,0,0.501953,0.402344,0.050781,0.230469,8,0.000000,0.897211
cate8-00145,cate8,4,12,1,0.465820,0.395508,0.033203,0.228516,1,1.000000,0.847213
cate8-00145,cate8,4,13,2,0.427734,0.391602,0.039062,0.259766,2,2.000000,0.809439
cate8-00145,cate8,4,14,3,0.393555,0.405273,0.037109,0.228516,3,3.000000,0.793879
cate8-00145,cate8,4,15,4,0.368164,0.411133,0.041016,0.212891,3,4.000000,0.785584
cate8-00145,cate8,4,16,5,0.322266,0.415039,0.062500,0.197266,5,5.000000,0.900044
cate8-00145,cate8,4,17,6,0.266602,0.380859,0.056641,0.203125,6,6.000000,0.864113
cate8-00145,cate8,4,18,7,0.220703,0.345703,0.062500,0.179688,6,7.000000,0.923605
cate8-00145,cate8,4,23,10,0.604492,0.386719,0.048828,0.281250,10,10.000000,0.857462
cate8-00145,cate8,4,24,11,0.632812,0.386719,0.042969,0.273438,10,11.000000,0.821046
cate8-00145,cate8,4,25,12,0.664062,0.381836,0.046875,0.279297,12,12.000000,0.871590
cate8-00145,cate8,4,26,13,0.707031,0.395508,0.054688,0.224609,12,13.000000,0.813598
cate8-00145,cate8,4,27,14,0.756836,0.370117,0.056641,0.216797,14,14.000000,0.903315
cate8-00145,cate8,4,28,15,0.791016,0.344727,0.058594,0.189453,14,15.000000,0.880646
cate8-00145,cate8,4,31,16,0.513672,0.623047,0.023438,0.171875,24,16.000000,0.878918
cate8-00145,cate8,4,32,17,0.541992,0.625000,0.029297,0.171875,17,17.000000,0.910531
cate8-00145,cate8,4,33,18,0.573242,0.648438,0.037109,0.234375,18,18.000000,0.908189
cate8-00145,cate8,4,34,19,0.610352,0.642578,0.041016,0.214844,19,19.000000,0.959312
cate8-00145,cate8,4,35,20,0.688477,0.627930,0.060547,0.193359,20,21.000000,0.509392
cate8-00145,cate8,4,36,21,0.745117,0.590820,0.091797,0.185547,22,22.000000,0.883087
cate8-00145,cate8,4,37,22,0.799805,0.527344,0.087891,0.148438,23,23.000000,0.873309
cate8-00145,cate8,4,41,24,0.488281,0.627930,0.023438,0.185547,24,24.000000,0.845717
cate8-00145,cate8,4,42,25,0.461914,0.639648,0.033203,0.208984,25,25.000000,0.780763
cate8-00145,cate8,4,43,26,0.428711,0.633789,0.041016,0.216797,26,26.000000,0.919411
cate8-00145,cate8,4,44,27,0.395508,0.640625,0.037109,0.218750,27,27.000000,0.946070
cate8-00145,cate8,4,45,28,0.307617,0.637695,0.091797,0.189453,29,28.000000,0.895363
cate8-00145,cate8,4,46,29,0.269531,0.588867,0.097656,0.177734,30,30.000000,0.819089
cate8-00145,cate8,4,47,30,0.215820,0.522461,0.091797,0.146484,31,31.000000,0.814339
cate8-00149,cate8,1,11,0,0.473633,0.393555,0.044922,0.232422,0,0.000000,0.902096
cate8-00149,cate8,1,12,1,0.432617,0.400391,0.037109,0.214844,1,1.000000,0.854610
cate8-00149,cate8,1,13,2,0.386719,0.383789,0.046875,0.267578,2,2.000000,0.872847
cate8-00149,cate8,1,14,3,0.343750,0.397461,0.050781,0.220703,4,3.000000,0.929075
cate8-00149,cate8,1,15,4,0.301758,0.397461,0.044922,0.205078,4,4.000000,0.896887
cate8-00149,cate8,1,17,6,0.236328,0.377930,0.066406,0.173828,6,6.000000,0.956162
cate8-00149,cate8,1,18,7,0.184570,0.364258,0.041016,0.158203,7,7.000000,0.885182
cate8-00149,cate8,1,21,8,0.522461,0.415039,0.048828,0.201172,8,8.000000,0.855009
cate8-00149,cate8,1,22,9,0.566406,0.403320,0.039062,0.224609,9,9.000000,0.824751
cate8-00149,cate8,1,23,10,0.612305,0.392578,0.048828,0.273438,10,10.000000,0.901962
cate8-00149,cate8,1,24,11,0.651367,0.406250,0.048828,0.226562,11,11.000000,0.863427
cate8-00149,cate8,1,25,12,0.689453,0.400391,0.046875,0.203125,12,12.000000,0.828663
cate8-00149,cate8,1,26,13,0.741211,0.403320,0.064453,0.181641,13,13.000000,0.921836
cate8-00149,cate8,1,27,14,0.801758,0.370117,0.060547,0.197266,15,14.000000,0.907932
cate8-00149,cate8,1,28,15,0.837891,0.284180,0.054688,0.185547,15,15.000000,0.853422
cate8-00149,cate8,1,31,16,0.510742,0.607422,0.029297,0.144531,16,16.000000,0.810340
cate8-00149,cate8,1,32,17,0.546875,0.610352,0.039062,0.154297,17,17.000000,0.873053
cate8-00149,cate8,1,33,18,0.589844,0.630859,0.050781,0.222656,18,18.000000,0.913302
cate8-00149,cate8,1,34,19,0.638672,0.619141,0.062500,0.199219,19,19.000000,0.941839
cate8-00149,cate8,1,35,20,0.685547,0.606445,0.062500,0.201172,20,20.000000,0.906826
cate8-00149,cate8,1,36,21,0.738281,0.590820,0.082031,0.205078,21,21.000000,0.942877
cate8-00149,cate8,1,37,22,0.808594,0.556641,0.085938,0.187500,22,22.000000,0.950529
cate8-00149,cate8,1,38,23,0.879883,0.515625,0.087891,0.152344,23,23.000000,0.913173
cate8-00149,cate8,1,41,24,0.477539,0.606445,0.033203,0.146484,25,24.000000,0.826525
cate8-00149,cate8,1,42,25,0.443359,0.613281,0.039062,0.175781,26,25.000000,0.886873
cate8-00149,cate8,1,43,26,0.397461,0.641602,0.048828,0.244141,27,26.000000,0.899705
cate8-00149,cate8,1,44,27,0.355469,0.609375,0.054688,0.203125,28,27.000000,0.886225
cate8-00149,cate8,1,45,28,0.312500,0.608398,0.062500,0.216797,28,28.000000,0.928610
cate8-00149,cate8,1,47,30,0.205078,0.549805,0.093750,0.185547,30,30.000000,0.938168
cate8-00149,cate8,1,48,31,0.145508,0.503906,0.083984,0.179688,31,31.000000,0.947898
cate8-00152,cate8,1,11,0,0.475586,0.423828,0.041016,0.246094,1,0.000000,0.886458
cate8-00152,cate8,1,12,1,0.435547,0.416992,0.039062,0.244141,1,1.000000,0.870066
cate8-00152,cate8,1,13,2,0.402344,0.410156,0.042969,0.269531,2,2.000000,0.885316
cate8-00152,cate8,1,14,3,0.362305,0.417969,0.044922,0.226562,3,3.000000,0.915971
cate8-00152,cate8,1,15,4,0.324219,0.407227,0.042969,0.216797,4,4.000000,0.925427
cate8-00152,cate8,1,16,5,0.275391,0.403320,0.062500,0.193359,5,5.000000,0.931777
cate8-00152,cate8,1,17,6,0.218750,0.401367,0.058594,0.205078,6,6.000000,0.884598
cate8-00152,cate8,1,18,7,0.191406,0.342773,0.054688,0.119141,7,7.000000,0.932064
cate8-00152,cate8,1,21,8,0.522461,0.429688,0.044922,0.222656,8,8.000000,0.838604
cate8-00152,cate8,1,22,9,0.558594,0.435547,0.042969,0.207031,9,9.000000,0.808250
cate8-00152,cate8,1,23,10,0.598633,0.405273,0.041016,0.291016,10,10.000000,0.933743
cate8-00152,cate8,1,24,11,0.636719,0.408203,0.046875,0.261719,10,11.000000,0.874722
cate8-00152,cate8,1,25,12,0.673828,0.418945,0.054688,0.212891,12,12.000000,0.884623
cate8-00152,cate8,1,26,13,0.728516,0.415039,0.066406,0.189453,13,13.000000,0.910884
cate8-00152,cate8,1,27,14,0.786133,0.403320,0.068359,0.197266,14,14.000000,0.881122
cate8-00152,cate8,1,28,15,0.824219,0.327148,0.074219,0.146484,15,15.000000,0.901152
cate8-00152,cate8,1,31,16,0.518555,0.640625,0.029297,0.152344,16,16.000000,0.871868
cate8-00152,cate8,1,32,17,0.547852,0.649414,0.029297,0.162109,17,17.000000,0.886115
cate8-00152,cate8,1,33,18,0.579102,0.680664,0.037109,0.248047,18,18.000000,0.864763
cate8-00152,cate8,1,34,19,0.623047,0.663086,0.050781,0.216797,19,19.000000,0.927753
cate8-00152,cate8,1,35,20,0.664062,0.660156,0.058594,0.230469,20,20.000000,0.937595
cate8-00152,cate8,1,36,21,0.723633,0.634766,0.111328,0.230469,21,21.000000,0.923579
cate8-00152,cate8,1,38,23,0.814453,0.578125,0.125000,0.164062,22,22.000000,0.897496
cate8-00152,cate8,1,41,24,0.490234,0.638672,0.035156,0.156250,24,24.000000,0.878686
cate8-00152,cate8,1,42,25,0.462891,0.649414,0.031250,0.181641,25,25.000000,0.840437
cate8-00152,cate8,1,43,26,0.425781,0.674805,0.046875,0.244141,26,26.000000,0.879985
cate8-00152,cate8,1,44,27,0.388672,0.655273,0.046875,0.216797,27,27.000000,0.890532
cate8-00152,cate8,1,45,28,0.349609,0.656250,0.058594,0.226562,28,28.000000,0.870958
cate8-00152,cate8,1,46,29,0.293945,0.631836,0.095703,0.228516,29,29.000000,0.948532
cate8-00152,cate8,1,48,31,0.185547,0.550781,0.101562,0.128906,31,31.000000,0.953332
cate8-00155,cate8,3,11,0,0.453125,0.394531,0.042969,0.214844,1,,
cate8-00155,cate8,3,12,1,0.416016,0.397461,0.039062,0.216797,2,1.000000,0.920957
cate8-00155,cate8,3,13,2,0.379883,0.378906,0.037109,0.246094,3,2.000000,0.921479
cate8-00155,cate8,3,17,6,0.245117,0.392578,0.064453,0.191406,6,6.000000,0.886456
cate8-00155,cate8,3,18,7,0.193359,0.457031,0.070312,0.191406,6,6.000000,0.594517
cate8-00155,cate8,3,21,8,0.499023,0.409180,0.048828,0.216797,0,8.000000,0.604753
cate8-00155,cate8,3,22,9,0.543945,0.377930,0.037109,0.228516,9,9.000000,0.871958
cate8-00155,cate8,3,23,10,0.584961,0.365234,0.052734,0.257812,9,10.000000,0.909376
cate8-00155,cate8,3,25,12,0.665039,0.371094,0.052734,0.238281,12,12.000000,0.613681
cate8-00155,cate8,3,31,16,0.505859,0.602539,0.027344,0.169922,16,16.000000,0.856595
cate8-00155,cate8,3,32,17,0.537109,0.603516,0.031250,0.183594,16,17.000000,0.858591
cate8-00155,cate8,3,33,18,0.571289,0.623047,0.044922,0.222656,18,18.000000,0.917207
cate8-00155,cate8,3,34,19,0.610352,0.639648,0.044922,0.240234,19,19.000000,0.906762
cate8-00155,cate8,3,35,20,0.661133,0.628906,0.060547,0.218750,20,20.000000,0.909490
cate8-00155,cate8,3,41,24,0.480469,0.608398,0.027344,0.166016,24,24.000000,0.804719
cate8-00155,cate8,3,42,25,0.450195,0.615234,0.033203,0.203125,25,25.000000,0.814335
cate8-00155,cate8,3,43,26,0.416992,0.620117,0.037109,0.220703,26,26.000000,0.881711
cate8-00155,cate8,3,44,27,0.376953,0.629883,0.039062,0.240234,27,27.000000,0.886626
cate8-00155,cate8,3,45,28,0.336914,0.624023,0.041016,0.244141,28,28.000000,0.863379
cate8-00155,cate8,3,46,29,0.258789,0.624023,0.103516,0.205078,30,30.000000,0.746175
cate8-00159,cate8,0,13,2,0.419922,0.398438,0.058594,0.250000,2,2.000000,0.847504
cate8-00159,cate8,0,14,3,0.390625,0.435547,0.042969,0.210938,3,3.000000,0.785642
cate8-00159,cate8,0,15,4,0.352539,0.447266,0.037109,0.199219,4,4.000000,0.937435
cate8-00159,cate8,0,16,5,0.306641,0.458984,0.062500,0.171875,5,5.000000,0.930670
cate8-00159,cate8,0,18,7,0.232422,0.399414,0.062500,0.181641,6,7.000000,0.850169
cate8-00159,cate8,0,23,10,0.620117,0.388672,0.052734,0.265625,10,,
cate8-00159,cate8,0,24,11,0.643555,0.436523,0.044922,0.220703,11,11.000000,0.657484
cate8-00159,cate8,0,25,12,0.683594,0.446289,0.042969,0.185547,12,12.000000,0.780583
cate8-00159,cate8,0,26,13,0.727539,0.432617,0.048828,0.181641,13,14.000000,0.517081
cate8-00159,cate8,0,27,14,0.787109,0.415039,0.070312,0.166016,14,15.000000,0.718155
cate8-00159,cate8,0,31,16,0.512695,0.619141,0.025391,0.156250,16,16.000000,0.816109
cate8-00159,cate8,0,32,17,0.541016,0.635742,0.027344,0.181641,17,17.000000,0.850374
cate8-00159,cate8,0,33,18,0.574219,0.656250,0.039062,0.222656,18,18.000000,0.878678
cate8-00159,cate8,0,34,19,0.617188,0.663086,0.042969,0.197266,19,19.000000,0.914982
cate8-00159,cate8,0,35,20,0.652344,0.666016,0.042969,0.203125,19,20.000000,0.833555
cate8-00159,cate8,0,37,22,0.765625,0.609375,0.117188,0.171875,22,22.000000,0.966582
cate8-00159,cate8,0,38,23,0.817383,0.573242,0.095703,0.162109,23,23.000000,0.934830
cate8-00159,cate8,0,41,24,0.482422,0.620117,0.027344,0.158203,24,24.000000,0.754815
cate8-00159,cate8,0,42,25,0.457031,0.623047,0.027344,0.167969,25,25.000000,0.798085
cate8-00159,cate8,0,43,26,0.425781,0.657227,0.039062,0.212891,26,26.000000,0.899186
cate8-00159,cate8,0,44,27,0.392578,0.666992,0.042969,0.193359,27,27.000000,0.920832
cate8-00159,cate8,0,45,28,0.350586,0.680664,0.041016,0.208984,28,28.000000,0.916732
cate8-00159,cate8,0,47,30,0.207031,0.582031,0.097656,0.128906,31,31.000000,0.959404
cate8-00161,cate8,3,13,2,0.422852,0.340820,0.056641,0.263672,2,2.000000,0.937608
cate8-00161,cate8,3,16,5,0.300781,0.371094,0.070312,0.246094,5,5.000000,0.572356
cate8-00161,cate8,3,17,6,0.243164,0.363281,0.060547,0.234375,6,7.000000,0.915351
cate8-00161,cate8,3,23,10,0.597656,0.351562,0.046875,0.242188,10,10.000000,0.904308
cate8-00161,cate8,3,24,11,0.639648,0.349609,0.048828,0.253906,11,11.000000,0.700702
cate8-00161,cate8,3,26,13,0.702148,0.360352,0.064453,0.236328,13,13.000000,0.949197
cate8-00161,cate8,3,27,14,0.761719,0.337891,0.066406,0.246094,14,14.000000,0.873899
cate8-00161,cate8,3,31,16,0.515625,0.591797,0.027344,0.195312,16,16.000000,0.568605
cate8-00161,cate8,3,32,17,0.541016,0.589844,0.027344,0.191406,17,17.000000,0.886419
cate8-00161,cate8,3,33,18,0.572266,0.616211,0.035156,0.236328,18,18.000000,0.692419
cate8-00161,cate8,3,34,19,0.608398,0.625977,0.041016,0.224609,18,19.000000,0.615283
cate8-00161,cate8,3,37,22,0.778320,0.569336,0.119141,0.158203,22,22.000000,0.944909
cate8-00161,cate8,3,41,24,0.491211,0.590820,0.041016,0.201172,25,,
cate8-00161,cate8,3,42,25,0.469727,0.603516,0.048828,0.210938,25,,
cate8-00161,cate8,3,43,26,0.438477,0.620117,0.060547,0.224609,26,27.000000,0.574617
cate8-00161,cate8,3,47,30,0.227539,0.588867,0.130859,0.158203,30,31.000000,0.737112
cate8-00166,cate8,1,11,0,0.471680,0.468750,0.048828,0.226562,0,0.000000,0.897754
cate8-00166,cate8,1,12,1,0.436523,0.473633,0.037109,0.220703,1,1.000000,0.912044
cate8-00166,cate8,1,13,2,0.403320,0.466797,0.037109,0.238281,2,2.000000,0.844493
cate8-00166,cate8,1,14,3,0.375000,0.478516,0.039062,0.207031,3,3.000000,0.867516
cate8-00166,cate8,1,15,4,0.343750,0.464844,0.039062,0.207031,4,4.000000,0.900175
cate8-00166,cate8,1,16,5,0.302734,0.455078,0.054688,0.203125,5,5.000000,0.928360
cate8-00166,cate8,1,17,6,0.257812,0.424805,0.054688,0.224609,6,6.000000,0.942979
cate8-00166,cate8,1,18,7,0.223633,0.375000,0.064453,0.171875,6,7.000000,0.942104
cate8-00166,cate8,1,21,8,0.514648,0.456055,0.048828,0.236328,8,8.000000,0.899545
cate8-00166,cate8,1,22,9,0.552734,0.450195,0.039062,0.236328,9,9.000000,0.882095
cate8-00166,cate8,1,23,10,0.590820,0.445312,0.044922,0.257812,10,10.000000,0.849208
cate8-00166,cate8,1,24,11,0.628906,0.438477,0.050781,0.228516,11,11.000000,0.896138
cate8-00166,cate8,1,25,12,0.660156,0.428711,0.058594,0.220703,12,12.000000,0.744892
cate8-00166,cate8,1,27,14,0.709961,0.415039,0.056641,0.208984,13,14.000000,0.856337
cate8-00166,cate8,1,28,15,0.761719,0.403320,0.054688,0.169922,14,15.000000,0.922132
cate8-00166,cate8,1,31,16,0.515625,0.698242,0.027344,0.205078,16,16.000000,0.776370
cate8-00166,cate8,1,32,17,0.543945,0.699219,0.033203,0.207031,17,17.000000,0.862390
cate8-00166,cate8,1,33,18,0.573242,0.708008,0.041016,0.251953,18,18.000000,0.880976
cate8-00166,cate8,1,34,19,0.608398,0.692383,0.044922,0.240234,18,19.000000,0.824990
cate8-00166,cate8,1,35,20,0.650391,0.678711,0.074219,0.212891,20,20.000000,0.888135
cate8-00166,cate8,1,36,21,0.702148,0.653320,0.091797,0.212891,21,21.000000,0.953654
cate8-00166,cate8,1,37,22,0.758789,0.618164,0.087891,0.216797,22,22.000000,0.950832
cate8-00166,cate8,1,41,24,0.493164,0.699219,0.029297,0.203125,24,24.000000,0.813284
cate8-00166,cate8,1,42,25,0.467773,0.709961,0.037109,0.224609,26,25.000000,0.787476
cate8-00166,cate8,1,43,26,0.435547,0.714844,0.039062,0.234375,26,26.000000,0.852564
cate8-00166,cate8,1,44,27,0.399414,0.710938,0.041016,0.242188,27,27.000000,0.864393
cate8-00166,cate8,1,45,28,0.355469,0.692383,0.074219,0.224609,28,28.000000,0.883322
cate8-00166,cate8,1,46,29,0.310547,0.666992,0.089844,0.205078,29,29.000000,0.925265
cate8-00166,cate8,1,47,30,0.259766,0.647461,0.074219,0.201172,30,30.000000,0.894700
cate8-00167,cate8,1,11,0,0.487305,0.462891,0.044922,0.203125,0,0.000000,0.883657
cate8-00167,cate8,1,12,1,0.454102,0.466797,0.037109,0.187500,1,1.000000,0.936199
cate8-00167,cate8,1,13,2,0.416016,0.449219,0.046875,0.230469,2,2.000000,0.882134
cate8-00167,cate8,1,14,3,0.387695,0.479492,0.044922,0.181641,3,3.000000,0.896998
cate8-00167,cate8,1,15,4,0.350586,0.482422,0.041016,0.191406,4,4.000000,0.870383
cate8-00167,cate8,1,16,5,0.304688,0.496094,0.058594,0.199219,5,5.000000,0.915689
cate8-00167,cate8,1,17,6,0.251953,0.497070,0.054688,0.154297,6,6.000000,0.909575
cate8-00167,cate8,1,21,8,0.527344,0.460938,0.039062,0.207031,8,8.000000,0.890362
cate8-00167,cate8,1,22,9,0.559570,0.455078,0.033203,0.207031,9,9.000000,0.879677
cate8-00167,cate8,1,23,10,0.595703,0.454102,0.039062,0.208984,10,10.000000,0.895639
cate8-00167,cate8,1,24,11,0.625000,0.476562,0.042969,0.191406,11,11.000000,0.903813
cate8-00167,cate8,1,25,12,0.662109,0.485352,0.039062,0.185547,11,12.000000,0.901192
cate8-00167,cate8,1,26,13,0.708008,0.500000,0.060547,0.191406,14,13.000000,0.901956
cate8-00167,cate8,1,27,14,0.758789,0.485352,0.052734,0.185547,14,14.000000,0.933858
cate8-00167,cate8,1,31,16,0.519531,0.671875,0.023438,0.171875,16,16.000000,0.772425
cate8-00167,cate8,1,32,17,0.545898,0.673828,0.025391,0.187500,17,17.000000,0.831975
cate8-00167,cate8,1,33,18,0.575195,0.685547,0.033203,0.207031,18,18.000000,0.871252
cate8-00167,cate8,1,34,19,0.605469,0.695312,0.035156,0.183594,19,19.000000,0.854076
cate8-00167,cate8,1,35,20,0.645508,0.707031,0.041016,0.183594,19,20.000000,0.863331
cate8-00167,cate8,1,37,22,0.737305,0.697266,0.103516,0.171875,22,22.000000,0.960730
cate8-00167,cate8,1,38,23,0.793945,0.649414,0.099609,0.146484,23,23.000000,0.911434
cate8-00167,cate8,1,41,24,0.499023,0.668945,0.021484,0.162109,24,24.000000,0.645890
cate8-00167,cate8,1,42,25,0.477539,0.665039,0.037109,0.162109,25,25.000000,0.651323
cate8-00167,cate8,1,43,26,0.449219,0.690430,0.035156,0.205078,26,26.000000,0.746849
cate8-00167,cate8,1,44,27,0.415039,0.690430,0.037109,0.177734,27,27.000000,0.627451
cate8-00167,cate8,1,45,28,0.380859,0.697266,0.042969,0.183594,27,28.000000,0.545318
cate8-00167,cate8,1,47,30,0.263672,0.694336,0.089844,0.181641,30,30.000000,0.932042
cate8-00173,cate8,3,11,0,0.493164,0.404297,0.052734,0.226562,0,0.000000,0.922977
cate8-00173,cate8,3,12,1,0.446289,0.406250,0.044922,0.238281,1,1.000000,0.885681
cate8-00173,cate8,3,13,2,0.410156,0.392578,0.042969,0.253906,2,2.000000,0.898384
cate8-00173,cate8,3,14,3,0.367188,0.398438,0.054688,0.234375,3,3.000000,0.633346
cate8-00173,cate8,3,16,5,0.317383,0.414062,0.068359,0.203125,5,5.000000,0.912981
cate8-00173,cate8,3,17,6,0.250000,0.396484,0.066406,0.203125,6,6.000000,0.929792
cate8-00173,cate8,3,21,8,0.544922,0.404297,0.050781,0.234375,8,8.000000,0.881504
cate8-00173,cate8,3,22,9,0.585938,0.399414,0.042969,0.240234,9,9.000000,0.834341
cate8-00173,cate8,3,23,10,0.624023,0.391602,0.041016,0.248047,10,10.000000,0.812771
cate8-00173,cate8,3,24,11,0.660156,0.397461,0.046875,0.232422,12,11.000000,0.847703
cate8-00173,cate8,3,26,13,0.717773,0.386719,0.064453,0.207031,13,13.000000,0.938111
cate8-00173,cate8,3,27,14,0.771484,0.370117,0.050781,0.205078,14,14.000000,0.918074
cate8-00173,cate8,3,28,15,0.818359,0.362305,0.046875,0.142578,15,15.000000,0.914374
cate8-00173,cate8,3,31,16,0.534180,0.644531,0.029297,0.187500,16,16.000000,0.743984
cate8-00173,cate8,3,32,17,0.558594,0.638672,0.035156,0.207031,17,17.000000,0.843702
cate8-00173,cate8,3,33,18,0.598633,0.642578,0.041016,0.234375,19,18.000000,0.883534
cate8-00173,cate8,3,34,19,0.632812,0.638672,0.046875,0.230469,20,19.000000,0.877064
cate8-00173,cate8,3,35,20,0.671875,0.657227,0.054688,0.228516,20,20.000000,0.913489
cate8-00173,cate8,3,36,21,0.729492,0.602539,0.099609,0.205078,21,21.000000,0.867627
cate8-00173,cate8,3,37,22,0.784180,0.567383,0.083984,0.201172,22,22.000000,0.961619
cate8-00173,cate8,3,41,24,0.498047,0.628906,0.031250,0.179688,16,24.000000,0.841516
cate8-00173,cate8,3,42,25,0.469727,0.633789,0.037109,0.185547,25,25.000000,0.892528
cate8-00173,cate8,3,43,26,0.433594,0.637695,0.039062,0.208984,26,26.000000,0.857015
cate8-00173,cate8,3,44,27,0.392578,0.632812,0.039062,0.199219,27,27.000000,0.888709
cate8-00173,cate8,3,47,30,0.242188,0.606445,0.109375,0.193359,30,30.000000,0.934978
cate8-00174,cate8,0,12,1,0.451172,0.355469,0.035156,0.207031,1,,
cate8-00174,cate8,0,14,3,0.359375,0.375000,0.070312,0.195312,5,4.000000,0.641941
cate8-00174,cate8,0,17,6,0.249023,0.360352,0.060547,0.240234,6,6.000000,0.691896
cate8-00174,cate8,0,21,8,0.541992,0.344727,0.044922,0.216797,8,8.000000,0.740591
cate8-00174,cate8,0,22,9,0.585938,0.353516,0.039062,0.179688,9,9.000000,0.741349
cate8-00174,cate8,0,23,10,0.622070,0.342773,0.044922,0.240234,10,10.000000,0.887208
cate8-00174,cate8,0,27,14,0.780273,0.360352,0.052734,0.216797,14,14.000000,0.605123
cate8-00174,cate8,0,31,16,0.514648,0.573242,0.048828,0.173828,24,16.000000,0.824109
cate8-00174,cate8,0,32,17,0.542969,0.583984,0.031250,0.187500,17,17.000000,0.788436
cate8-00174,cate8,0,33,18,0.581055,0.590820,0.044922,0.224609,18,18.000000,0.865005
cate8-00174,cate8,0,34,19,0.616211,0.600586,0.041016,0.228516,19,19.000000,0.918206
cate8-00174,cate8,0,36,21,0.709961,0.609375,0.099609,0.226562,21,21.000000,0.912859
cate8-00174,cate8,0,41,24,0.482422,0.595703,0.050781,0.210938,25,24.000000,0.646212
cate8-00174,cate8,0,42,25,0.451172,0.591797,0.050781,0.199219,25,25.000000,0.681170
cate8-00174,cate8,0,44,27,0.385742,0.608398,0.072266,0.228516,27,27.000000,0.642900
cate8-00174,cate8,0,47,30,0.216797,0.586914,0.125000,0.177734,30,30.000000,0.765187
cate8-00179,cate8,2,11,0,0.490234,0.378906,0.046875,0.230469,0,0.000000,0.887024
cate8-00179,cate8,2,12,1,0.453125,0.363281,0.035156,0.253906,1,1.000000,0.930170
cate8-00179,cate8,2,13,2,0.418945,0.357422,0.052734,0.257812,2,2.000000,0.892456
cate8-00179,cate8,2,14,3,0.379883,0.352539,0.048828,0.232422,3,3.000000,0.761516
cate8-00179,cate8,2,15,4,0.340820,0.358398,0.048828,0.197266,4,4.000000,0.903528
cate8-00179,cate8,2,16,5,0.293945,0.334961,0.068359,0.232422,5,5.000000,0.881183
cate8-00179,cate8,2,17,6,0.235352,0.315430,0.060547,0.193359,6,6.000000,0.946287
cate8-00179,cate8,2,21,8,0.531250,0.383789,0.042969,0.236328,8,8.000000,0.885569
cate8-00179,cate8,2,22,9,0.566406,0.359375,0.039062,0.257812,9,9.000000,0.867799
cate8-00179,cate8,2,23,10,0.606445,0.342773,0.041016,0.271484,10,10.000000,0.930325
cate8-00179,cate8,2,24,11,0.642578,0.332031,0.050781,0.269531,11,11.000000,0.930038
cate8-00179,cate8,2,25,12,0.682617,0.359375,0.044922,0.207031,12,12.000000,0.860595
cate8-00179,cate8,2,26,13,0.732422,0.334961,0.058594,0.240234,13,13.000000,0.957952
cate8-00179,cate8,2,27,14,0.789062,0.325195,0.066406,0.193359,14,14.000000,0.865295
cate8-00179,cate8,2,31,16,0.522461,0.591797,0.025391,0.148438,16,16.000000,0.846193
cate8-00179,cate8,2,32,17,0.551758,0.599609,0.029297,0.183594,17,17.000000,0.870428
cate8-00179,cate8,2,33,18,0.584961,0.604492,0.037109,0.212891,18,18.000000,0.892738
cate8-00179,cate8,2,34,19,0.628906,0.604492,0.046875,0.201172,19,19.000000,0.807565
cate8-00179,cate8,2,35,20,0.677734,0.597656,0.054688,0.222656,20,20.000000,0.954402
cate8-00179,cate8,2,37,22,0.785156,0.519531,0.105469,0.132812,23,22.000000,0.947865
cate8-00179,cate8,2,41,24,0.496094,0.593750,0.023438,0.148438,24,24.000000,0.804856
cate8-00179,cate8,2,42,25,0.466797,0.595703,0.035156,0.171875,25,25.000000,0.880923
cate8-00179,cate8,2,43,26,0.429688,0.603516,0.042969,0.222656,26,26.000000,0.891596
cate8-00179,cate8,2,44,27,0.387695,0.609375,0.048828,0.234375,27,27.000000,0.942028
cate8-00179,cate8,2,45,28,0.337891,0.592773,0.062500,0.224609,28,28.000000,0.936968
cate8-00179,cate8,2,47,30,0.241211,0.507812,0.115234,0.152344,30,30.000000,0.934168
cate8-00181,cate8,1,11,0,0.484375,0.409180,0.050781,0.205078,0,0.000000,0.823737
cate8-00181,cate8,1,12,1,0.441406,0.401367,0.039062,0.201172,1,1.000000,0.935563
cate8-00181,cate8,1,13,2,0.400391,0.390625,0.050781,0.257812,2,2.000000,0.871632
cate8-00181,cate8,1,14,3,0.367188,0.411133,0.046875,0.197266,3,3.000000,0.933132
cate8-00181,cate8,1,15,4,0.328125,0.418945,0.042969,0.205078,4,4.000000,0.928422
cate8-00181,cate8,1,16,5,0.279297,0.437500,0.062500,0.187500,5,5.000000,0.880569
cate8-00181,cate8,1,17,6,0.230469,0.387695,0.066406,0.193359,6,6.000000,0.952911
cate8-00181,cate8,1,18,7,0.182617,0.355469,0.068359,0.148438,7,7.000000,0.930927
cate8-00181,cate8,1,21,8,0.531250,0.402344,0.054688,0.214844,8,8.000000,0.769753
cate8-00181,cate8,1,22,9,0.572266,0.384766,0.042969,0.210938,9,9.000000,0.806003
cate8-00181,cate8,1,23,10,0.613281,0.364258,0.054688,0.248047,10,10.000000,0.765935
cate8-00181,cate8,1,26,13,0.680664,0.360352,0.080078,0.216797,11,13.000000,0.912502
cate8-00181,cate8,1,27,14,0.745117,0.370117,0.060547,0.208984,13,14.000000,0.921402
cate8-00181,cate8,1,28,15,0.794922,0.328125,0.058594,0.195312,14,15.000000,0.936579
cate8-00181,cate8,1,31,16,0.516602,0.604492,0.029297,0.142578,16,16.000000,0.801937
cate8-00181,cate8,1,32,17,0.547852,0.617188,0.041016,0.171875,17,17.000000,0.899604
cate8-00181,cate8,1,33,18,0.592773,0.628906,0.041016,0.210938,19,18.000000,0.907997
cate8-00181,cate8,1,34,19,0.635742,0.625000,0.044922,0.199219,19,19.000000,0.932445
cate8-00181,cate8,1,35,20,0.678711,0.619141,0.044922,0.199219,20,20.000000,0.894158
cate8-00181,cate8,1,37,22,0.795898,0.531250,0.115234,0.156250,22,22.000000,0.963921
cate8-00181,cate8,1,41,24,0.486328,0.609375,0.039062,0.179688,25,24.000000,0.789462
cate8-00181,cate8,1,42,25,0.440430,0.634766,0.037109,0.187500,26,25.000000,0.909080
cate8-00181,cate8,1,43,26,0.399414,0.651367,0.044922,0.208984,27,26.000000,0.888720
cate8-00181,cate8,1,44,27,0.359375,0.666016,0.046875,0.210938,28,27.000000,0.867001
cate8-00181,cate8,1,47,30,0.190430,0.544922,0.111328,0.152344,31,31.000000,0.890447
cate8-00185,cate8,1,11,0,0.494141,0.420898,0.054688,0.220703,0,0.000000,0.767282
cate8-00185,cate8,1,12,1,0.457031,0.414062,0.046875,0.199219,1,1.000000,0.882057
cate8-00185,cate8,1,13,2,0.412109,0.375977,0.050781,0.255859,2,2.000000,0.855256
cate8-00185,cate8,1,14,3,0.379883,0.376953,0.052734,0.238281,3,3.000000,0.854973
cate8-00185,cate8,1,15,4,0.340820,0.370117,0.044922,0.228516,4,4.000000,0.876891
cate8-00185,cate8,1,16,5,0.288086,0.378906,0.068359,0.187500,5,5.000000,0.931829
cate8-00185,cate8,1,21,8,0.537109,0.411133,0.046875,0.244141,8,8.000000,0.911511
cate8-00185,cate8,1,22,9,0.571289,0.416016,0.041016,0.203125,9,9.000000,0.801819
cate8-00185,cate8,1,23,10,0.612305,0.390625,0.044922,0.257812,10,10.000000,0.906302
cate8-00185,cate8,1,25,12,0.649414,0.380859,0.041016,0.246094,11,11.000000,0.791108
cate8-00185,cate8,1,26,13,0.697266,0.379883,0.062500,0.228516,13,13.000000,0.907815
cate8-00185,cate8,1,27,14,0.759766,0.386719,0.070312,0.191406,14,14.000000,0.905887
cate8-00185,cate8,1,31,16,0.535156,0.664062,0.035156,0.218750,17,17.000000,0.683943
cate8-00185,cate8,1,33,18,0.567383,0.678711,0.037109,0.251953,18,18.000000,0.806032
cate8-00185,cate8,1,34,19,0.601562,0.674805,0.046875,0.232422,18,19.000000,0.921329
cate8-00185,cate8,1,35,20,0.650391,0.682617,0.054688,0.228516,20,20.000000,0.950544
cate8-00185,cate8,1,36,21,0.706055,0.647461,0.103516,0.212891,21,21.000000,0.913118
cate8-00185,cate8,1,37,22,0.784180,0.600586,0.107422,0.181641,22,22.000000,0.912402
cate8-00185,cate8,1,41,24,0.505859,0.650391,0.031250,0.187500,16,24.000000,0.784538
cate8-00185,cate8,1,42,25,0.477539,0.663086,0.029297,0.212891,25,25.000000,0.843572
cate8-00185,cate8,1,43,26,0.443359,0.662109,0.042969,0.246094,26,26.000000,0.849640
cate8-00185,cate8,1,44,27,0.405273,0.675781,0.041016,0.226562,27,27.000000,0.898135
cate8-00185,cate8,1,45,28,0.367188,0.672852,0.054688,0.240234,28,28.000000,0.847943
cate8-00185,cate8,1,46,29,0.307617,0.648438,0.107422,0.222656,29,29.000000,0.924461
cate8-00185,cate8,1,47,30,0.242188,0.594727,0.105469,0.201172,30,30.000000,0.903527
cate8-00188,cate8,1,12,1,0.444336,0.492188,0.025391,0.152344,1,,
cate8-00188,cate8,1,16,5,0.303711,0.536133,0.072266,0.201172,5,,
cate8-00188,cate8,1,17,6,0.253906,0.535156,0.054688,0.175781,5,6.000000,0.912593
cate8-00188,cate8,1,21,8,0.523438,0.485352,0.023438,0.095703,8,,
cate8-00188,cate8,1,22,9,0.552734,0.488281,0.027344,0.113281,9,,
cate8-00188,cate8,1,23,10,0.585938,0.493164,0.035156,0.158203,9,10.000000,0.932639
cate8-00188,cate8,1,26,13,0.672852,0.547852,0.056641,0.201172,20,13.000000,0.801587
cate8-00188,cate8,1,27,14,0.725586,0.548828,0.056641,0.199219,13,14.000000,0.806411
cate8-00188,cate8,1,31,16,0.516602,0.669922,0.029297,0.175781,16,16.000000,0.782162
cate8-00188,cate8,1,32,17,0.541016,0.684570,0.042969,0.193359,17,17.000000,0.894555
cate8-00188,cate8,1,33,18,0.573242,0.695312,0.044922,0.210938,18,18.000000,0.900489
cate8-00188,cate8,1,34,19,0.612305,0.708984,0.056641,0.222656,19,19.000000,0.887927
cate8-00188,cate8,1,35,20,0.667969,0.714844,0.050781,0.195312,20,20.000000,0.945205
cate8-00188,cate8,1,38,23,0.789062,0.663086,0.082031,0.123047,23,,
cate8-00188,cate8,1,41,24,0.492188,0.664062,0.031250,0.179688,24,24.000000,0.854878
cate8-00188,cate8,1,42,25,0.464844,0.670898,0.031250,0.197266,25,25.000000,0.819814
cate8-00188,cate8,1,43,26,0.433594,0.682617,0.039062,0.228516,26,26.000000,0.844896
cate8-00188,cate8,1,44,27,0.393555,0.687500,0.044922,0.210938,27,27.000000,0.902821
cate8-00188,cate8,1,45,28,0.352539,0.700195,0.060547,0.224609,28,28.000000,0.893019
cate8-00191,cate8,2,31,16,0.500000,0.647461,0.019531,0.166016,24,16.000000,0.845835
cate8-00191,cate8,2,32,17,0.522461,0.649414,0.025391,0.177734,16,17.000000,0.886217
cate8-00191,cate8,2,33,18,0.553711,0.662109,0.037109,0.207031,17,18.000000,0.885084
cate8-00191,cate8,2,34,19,0.583008,0.649414,0.037109,0.205078,18,19.000000,0.915783
cate8-00191,cate8,2,35,20,0.623047,0.652344,0.039062,0.222656,19,20.000000,0.935252
cate8-00191,cate8,2,42,25,0.465820,0.652344,0.025391,0.199219,25,25.000000,0.783911
cate8-00191,cate8,2,43,26,0.436523,0.664062,0.037109,0.207031,26,26.000000,0.905154
cate8-00195,cate8,3,14,3,0.363281,0.340820,0.062500,0.263672,3,2.000000,0.708424
cate8-00195,cate8,3,15,4,0.326172,0.356445,0.046875,0.248047,4,4.000000,0.842117
cate8-00195,cate8,3,16,5,0.279297,0.372070,0.058594,0.216797,5,5.000000,0.902176
cate8-00195,cate8,3,27,14,0.712891,0.375000,0.109375,0.226562,14,,
cate8-00197,cate8,1,11,0,0.491211,0.463867,0.037109,0.205078,0,0.000000,0.862077
cate8-00197,cate8,1,12,1,0.456055,0.454102,0.041016,0.220703,1,1.000000,0.825674
cate8-00197,cate8,1,13,2,0.423828,0.429688,0.050781,0.257812,2,2.000000,0.882559
cate8-00197,cate8,1,14,3,0.375000,0.434570,0.046875,0.216797,3,3.000000,0.533684
cate8-00197,cate8,1,16,5,0.326172,0.436523,0.062500,0.208984,5,5.000000,0.953729
cate8-00197,cate8,1,17,6,0.269531,0.422852,0.062500,0.193359,6,6.000000,0.918146
cate8-00197,cate8,1,21,8,0.530273,0.456055,0.041016,0.220703,8,8.000000,0.785227
cate8-00197,cate8,1,22,9,0.567383,0.454102,0.037109,0.220703,9,9.000000,0.885326
cate8-00197,cate8,1,23,10,0.602539,0.431641,0.044922,0.261719,10,10.000000,0.938781
cate8-00197,cate8,1,24,11,0.643555,0.447266,0.048828,0.207031,11,12.000000,0.511005
cate8-00197,cate8,1,26,13,0.691406,0.461914,0.058594,0.173828,13,13.000000,0.907289
cate8-00197,cate8,1,27,14,0.747070,0.435547,0.060547,0.195312,14,14.000000,0.885826
cate8-00197,cate8,1,31,16,0.527344,0.677734,0.027344,0.171875,16,16.000000,0.847039
cate8-00197,cate8,1,32,17,0.551758,0.679688,0.029297,0.175781,17,17.000000,0.887551
cate8-00197,cate8,1,33,18,0.584961,0.696289,0.033203,0.228516,18,18.000000,0.894441
cate8-00197,cate8,1,34,19,0.616211,0.680664,0.037109,0.193359,19,19.000000,0.863033
cate8-00197,cate8,1,36,21,0.669922,0.672852,0.074219,0.185547,20,21.000000,0.917228
cate8-00197,cate8,1,37,22,0.744141,0.637695,0.101562,0.181641,22,22.000000,0.961522
cate8-00197,cate8,1,41,24,0.501953,0.686523,0.027344,0.181641,24,24.000000,0.784781
cate8-00197,cate8,1,42,25,0.472656,0.681641,0.031250,0.183594,25,25.000000,0.870855
cate8-00197,cate8,1,43,26,0.439453,0.688477,0.042969,0.228516,26,26.000000,0.858690
cate8-00197,cate8,1,44,27,0.407227,0.682617,0.041016,0.232422,27,27.000000,0.890169
cate8-00197,cate8,1,46,29,0.342773,0.659180,0.087891,0.169922,29,29.000000,0.737225
cate8-00197,cate8,1,47,30,0.273438,0.626953,0.109375,0.179688,30,30.000000,0.898241
cate8-00202,cate8,3,11,0,0.482422,0.424805,0.050781,0.279297,0,0.000000,0.889602
cate8-00202,cate8,3,12,1,0.452148,0.416992,0.060547,0.279297,1,1.000000,0.909849
cate8-00202,cate8,3,13,2,0.421875,0.384766,0.050781,0.242188,2,2.000000,0.830833
cate8-00202,cate8,3,14,3,0.395508,0.413086,0.048828,0.240234,3,3.000000,0.800770
cate8-00202,cate8,3,15,4,0.353516,0.395508,0.050781,0.244141,4,4.000000,0.874628
cate8-00202,cate8,3,17,6,0.288086,0.371094,0.064453,0.199219,6,5.000000,0.881360
cate8-00202,cate8,3,18,7,0.241211,0.291016,0.076172,0.105469,7,7.000000,0.929901
cate8-00202,cate8,3,21,8,0.528320,0.430664,0.044922,0.259766,8,8.000000,0.841067
cate8-00202,cate8,3,22,9,0.556641,0.423828,0.050781,0.250000,8,9.000000,0.852727
cate8-00202,cate8,3,23,10,0.588867,0.375000,0.044922,0.253906,10,10.000000,0.875658
cate8-00202,cate8,3,24,11,0.621094,0.393555,0.054688,0.263672,10,11.000000,0.881426
cate8-00202,cate8,3,25,12,0.664062,0.377930,0.054688,0.251953,11,12.000000,0.902434
cate8-00202,cate8,3,26,13,0.709961,0.349609,0.072266,0.250000,13,13.000000,0.892319
cate8-00202,cate8,3,27,14,0.757812,0.321289,0.085938,0.216797,14,14.000000,0.937048
cate8-00202,cate8,3,28,15,0.782227,0.261719,0.068359,0.109375,15,15.000000,0.904869
cate8-00202,cate8,3,31,16,0.518555,0.664062,0.037109,0.167969,16,16.000000,0.795020
cate8-00202,cate8,3,32,17,0.546875,0.664062,0.035156,0.167969,17,17.000000,0.852765
cate8-00202,cate8,3,33,18,0.583008,0.663086,0.056641,0.205078,18,18.000000,0.890754
cate8-00202,cate8,3,34,19,0.620117,0.650391,0.056641,0.230469,19,19.000000,0.923409
cate8-00202,cate8,3,35,20,0.661133,0.632812,0.060547,0.230469,20,20.000000,0.901514
cate8-00202,cate8,3,36,21,0.724609,0.597656,0.117188,0.230469,21,21.000000,0.927719
cate8-00202,cate8,3,37,22,0.772461,0.529297,0.111328,0.203125,22,22.000000,0.951094
cate8-00202,cate8,3,38,23,0.829102,0.492188,0.064453,0.132812,23,23.000000,0.894858
cate8-00202,cate8,3,41,24,0.493164,0.669922,0.041016,0.171875,25,24.000000,0.847533
cate8-00202,cate8,3,42,25,0.460938,0.661133,0.039062,0.166016,25,25.000000,0.819913
cate8-00202,cate8,3,43,26,0.422852,0.698242,0.060547,0.224609,26,26.000000,0.890011
cate8-00202,cate8,3,44,27,0.387695,0.669922,0.076172,0.230469,27,27.000000,0.876474
cate8-00202,cate8,3,45,28,0.344727,0.651367,0.080078,0.228516,28,28.000000,0.924178
cate8-00202,cate8,3,46,29,0.289062,0.619141,0.121094,0.238281,29,29.000000,0.936397
cate8-00202,cate8,3,47,30,0.232422,0.551758,0.109375,0.220703,30,30.000000,0.928018
cate8-00202,cate8,3,48,31,0.171875,0.512695,0.074219,0.130859,31,31.000000,0.921994
cate8-00203,cate8,3,11,0,0.489258,0.410156,0.052734,0.246094,0,0.000000,0.915193
cate8-00203,cate8,3,12,1,0.452148,0.409180,0.048828,0.271484,1,1.000000,0.839967
cate8-00203,cate8,3,13,2,0.402344,0.394531,0.050781,0.316406,2,2.000000,0.882134
cate8-00203,cate8,3,14,3,0.362305,0.418945,0.052734,0.251953,3,3.000000,0.825384
cate8-00203,cate8,3,15,4,0.317383,0.426758,0.044922,0.240234,4,4.000000,0.883898
cate8-00203,cate8,3,16,5,0.264648,0.433594,0.064453,0.218750,5,5.000000,0.943525
cate8-00203,cate8,3,17,6,0.209961,0.399414,0.080078,0.224609,6,6.000000,0.899859
cate8-00203,cate8,3,18,7,0.176758,0.328125,0.076172,0.140625,7,7.000000,0.909796
cate8-00203,cate8,3,21,8,0.540039,0.416992,0.056641,0.244141,9,8.000000,0.912915
cate8-00203,cate8,3,22,9,0.579102,0.421875,0.037109,0.250000,9,9.000000,0.890515
cate8-00203,cate8,3,23,10,0.625977,0.392578,0.044922,0.316406,10,10.000000,0.840270
cate8-00203,cate8,3,24,11,0.666016,0.422852,0.042969,0.236328,12,11.000000,0.896724
cate8-00203,cate8,3,25,12,0.704102,0.417969,0.044922,0.210938,12,12.000000,0.923030
cate8-00203,cate8,3,26,13,0.753906,0.412109,0.062500,0.218750,13,13.000000,0.905060
cate8-00203,cate8,3,27,14,0.803711,0.370117,0.072266,0.240234,14,14.000000,0.904065
cate8-00203,cate8,3,28,15,0.842773,0.328125,0.068359,0.160156,15,15.000000,0.914689
cate8-00203,cate8,3,31,16,0.529297,0.641602,0.039062,0.169922,16,16.000000,0.874072
cate8-00203,cate8,3,32,17,0.553711,0.633789,0.033203,0.169922,17,17.000000,0.887179
cate8-00203,cate8,3,33,18,0.600586,0.683594,0.060547,0.273438,18,18.000000,0.902918
cate8-00203,cate8,3,34,19,0.639648,0.665039,0.060547,0.228516,20,19.000000,0.895034
cate8-00203,cate8,3,35,20,0.673828,0.661133,0.054688,0.240234,20,20.000000,0.892650
cate8-00203,cate8,3,36,21,0.731445,0.654297,0.087891,0.257812,21,21.000000,0.905239
cate8-00203,cate8,3,37,22,0.798828,0.610352,0.109375,0.232422,22,22.000000,0.943706
cate8-00203,cate8,3,38,23,0.849609,0.559570,0.085938,0.201172,23,23.000000,0.887742
cate8-00203,cate8,3,41,24,0.497070,0.643555,0.025391,0.173828,24,24.000000,0.841229
cate8-00203,cate8,3,42,25,0.468750,0.642578,0.035156,0.183594,25,25.000000,0.857370
cate8-00203,cate8,3,43,26,0.427734,0.666992,0.050781,0.255859,27,26.000000,0.863547
cate8-00203,cate8,3,44,27,0.378906,0.667969,0.050781,0.238281,28,27.000000,0.901391
cate8-00203,cate8,3,45,28,0.336914,0.664062,0.052734,0.230469,28,28.000000,0.925178
cate8-00203,cate8,3,47,30,0.228516,0.637695,0.128906,0.220703,30,30.000000,0.926484
cate8-00203,cate8,3,48,31,0.165039,0.573242,0.119141,0.181641,31,31.000000,0.933443
cate8-00209,cate8,3,11,0,0.489258,0.366211,0.052734,0.314453,0,0.000000,0.918598
cate8-00209,cate8,3,12,1,0.453125,0.382812,0.050781,0.269531,1,1.000000,0.834830
cate8-00209,cate8,3,13,2,0.407227,0.358398,0.052734,0.326172,2,2.000000,0.892007
cate8-00209,cate8,3,14,3,0.366211,0.373047,0.052734,0.281250,4,3.000000,0.861317
cate8-00209,cate8,3,15,4,0.324219,0.385742,0.046875,0.232422,4,4.000000,0.903229
cate8-00209,cate8,3,16,5,0.276367,0.372070,0.064453,0.212891,5,5.000000,0.913691
cate8-00209,cate8,3,17,6,0.214844,0.351562,0.062500,0.218750,6,6.000000,0.861288
cate8-00209,cate8,3,21,8,0.533203,0.378906,0.046875,0.304688,8,8.000000,0.891978
cate8-00209,cate8,3,22,9,0.569336,0.390625,0.037109,0.250000,9,9.000000,0.857015
cate8-00209,cate8,3,23,10,0.613281,0.378906,0.050781,0.300781,10,10.000000,0.870943
cate8-00209,cate8,3,24,11,0.646484,0.369141,0.046875,0.304688,10,11.000000,0.870489
cate8-00209,cate8,3,25,12,0.686523,0.375000,0.052734,0.273438,12,12.000000,0.811676
cate8-00209,cate8,3,26,13,0.728516,0.346680,0.066406,0.166016,13,,
cate8-00209,cate8,3,27,14,0.785156,0.360352,0.058594,0.220703,14,14.000000,0.917506
cate8-00209,cate8,3,31,16,0.520508,0.636719,0.025391,0.179688,16,16.000000,0.838662
cate8-00209,cate8,3,32,17,0.548828,0.656250,0.031250,0.222656,17,17.000000,0.853432
cate8-00209,cate8,3,33,18,0.591797,0.666992,0.054688,0.279297,18,18.000000,0.926049
cate8-00209,cate8,3,34,19,0.624023,0.657227,0.044922,0.248047,19,19.000000,0.902171
cate8-00209,cate8,3,35,20,0.666992,0.648438,0.072266,0.246094,20,20.000000,0.903309
cate8-00209,cate8,3,36,21,0.731445,0.622070,0.099609,0.232422,21,21.000000,0.932997
cate8-00209,cate8,3,37,22,0.789062,0.582031,0.089844,0.214844,22,22.000000,0.939389
cate8-00209,cate8,3,38,23,0.850586,0.549805,0.076172,0.205078,22,23.000000,0.856141
cate8-00209,cate8,3,41,24,0.493164,0.645508,0.029297,0.201172,24,24.000000,0.810703
cate8-00209,cate8,3,42,25,0.464844,0.646484,0.031250,0.210938,25,25.000000,0.853868
cate8-00209,cate8,3,43,26,0.424805,0.669922,0.052734,0.304688,26,26.000000,0.888153
cate8-00209,cate8,3,44,27,0.384766,0.654297,0.046875,0.261719,27,27.000000,0.873424
cate8-00209,cate8,3,45,28,0.332031,0.652344,0.062500,0.257812,28,28.000000,0.857253
cate8-00209,cate8,3,46,29,0.281250,0.617188,0.082031,0.234375,29,29.000000,0.930001
cate8-00209,cate8,3,47,30,0.222656,0.583008,0.089844,0.224609,30,30.000000,0.915078
cate8-00209,cate8,3,48,31,0.154297,0.531250,0.085938,0.164062,31,31.000000,0.881645
cate8-00210,cate8,0,11,0,0.483398,0.437500,0.056641,0.253906,0,0.000000,0.883358
cate8-00210,cate8,0,12,1,0.449219,0.441406,0.042969,0.250000,1,1.000000,0.891868
cate8-00210,cate8,0,14,3,0.375977,0.433594,0.037109,0.238281,3,3.000000,0.846911
cate8-00210,cate8,0,15,4,0.348633,0.431641,0.044922,0.230469,4,4.000000,0.888622
cate8-00210,cate8,0,16,5,0.297852,0.443359,0.064453,0.214844,5,5.000000,0.946305
cate8-00210,cate8,0,17,6,0.230469,0.385742,0.062500,0.193359,6,6.000000,0.922652
cate8-00210,cate8,0,21,8,0.537109,0.435547,0.074219,0.250000,8,8.000000,0.811966
cate8-00210,cate8,0,22,9,0.568359,0.449219,0.054688,0.234375,9,9.000000,0.836551
cate8-00210,cate8,0,23,10,0.609375,0.433594,0.050781,0.281250,10,10.000000,0.864438
cate8-00210,cate8,0,24,11,0.637695,0.451172,0.037109,0.230469,11,11.000000,0.912419
cate8-00210,cate8,0,25,12,0.675781,0.449219,0.042969,0.234375,12,12.000000,0.899304
cate8-00210,cate8,0,26,13,0.722656,0.458008,0.058594,0.201172,13,13.000000,0.871195
cate8-00210,cate8,0,27,14,0.765625,0.429688,0.070312,0.179688,14,14.000000,0.917857
cate8-00210,cate8,0,28,15,0.800781,0.392578,0.082031,0.164062,14,15.000000,0.888025
cate8-00210,cate8,0,31,16,0.532227,0.672852,0.029297,0.173828,16,16.000000,0.703551
cate8-00210,cate8,0,32,17,0.563477,0.677734,0.033203,0.199219,18,17.000000,0.871499
cate8-00210,cate8,0,33,18,0.597656,0.699219,0.046875,0.246094,18,18.000000,0.836092
cate8-00210,cate8,0,34,19,0.636719,0.685547,0.042969,0.210938,19,19.000000,0.927984
cate8-00210,cate8,0,35,20,0.680664,0.687500,0.044922,0.222656,20,20.000000,0.839275
cate8-00210,cate8,0,37,22,0.755859,0.638672,0.101562,0.167969,22,22.000000,0.963627
cate8-00210,cate8,0,38,23,0.804688,0.584961,0.097656,0.173828,23,23.000000,0.917205
cate8-00210,cate8,0,41,24,0.501953,0.681641,0.031250,0.203125,24,24.000000,0.792733
cate8-00210,cate8,0,42,25,0.471680,0.674805,0.033203,0.177734,25,25.000000,0.842554
cate8-00210,cate8,0,43,26,0.431641,0.685547,0.046875,0.250000,26,26.000000,0.885645
cate8-00210,cate8,0,44,27,0.386719,0.679688,0.054688,0.226562,27,27.000000,0.881867
cate8-00210,cate8,0,45,28,0.347656,0.668945,0.046875,0.212891,28,28.000000,0.849822
cate8-00210,cate8,0,47,30,0.239258,0.595703,0.119141,0.160156,30,30.000000,0.917783
cate8-00210,cate8,0,48,31,0.176758,0.541016,0.115234,0.164062,31,31.000000,0.723969
cate8-00215,cate8,1,11,0,0.485352,0.384766,0.044922,0.230469,0,0.000000,0.866489
cate8-00215,cate8,1,12,1,0.441406,0.381836,0.035156,0.220703,1,1.000000,0.851253
cate8-00215,cate8,1,13,2,0.395508,0.375977,0.056641,0.240234,2,2.000000,0.855215
cate8-00215,cate8,1,14,3,0.360352,0.370117,0.048828,0.248047,3,3.000000,0.860126
cate8-00215,cate8,1,15,4,0.319336,0.365234,0.044922,0.230469,4,4.000000,0.910089
cate8-00215,cate8,1,16,5,0.267578,0.363281,0.066406,0.199219,5,5.000000,0.933834
cate8-00215,cate8,1,17,6,0.209961,0.339844,0.072266,0.203125,7,6.000000,0.923694
cate8-00215,cate8,1,18,7,0.172852,0.278320,0.064453,0.146484,7,7.000000,0.942591
cate8-00215,cate8,1,21,8,0.532227,0.381836,0.048828,0.248047,8,8.000000,0.825547
cate8-00215,cate8,1,22,9,0.575195,0.380859,0.033203,0.234375,9,9.000000,0.793026
cate8-00215,cate8,1,23,10,0.618164,0.369141,0.052734,0.261719,10,10.000000,0.900510
cate8-00215,cate8,1,24,11,0.657227,0.375000,0.052734,0.222656,12,11.000000,0.840881
cate8-00215,cate8,1,25,12,0.694336,0.364258,0.041016,0.228516,12,12.000000,0.917162
cate8-00215,cate8,1,26,13,0.747070,0.361328,0.064453,0.210938,13,13.000000,0.946734
cate8-00215,cate8,1,27,14,0.805664,0.345703,0.060547,0.207031,14,14.000000,0.911422
cate8-00215,cate8,1,28,15,0.858398,0.313477,0.060547,0.091797,15,15.000000,0.813055
cate8-00215,cate8,1,31,16,0.515625,0.613281,0.031250,0.167969,16,16.000000,0.867540
cate8-00215,cate8,1,32,17,0.545898,0.623047,0.029297,0.195312,17,17.000000,0.866409
cate8-00215,cate8,1,33,18,0.583984,0.643555,0.046875,0.240234,18,18.000000,0.846976
cate8-00215,cate8,1,34,19,0.629883,0.632812,0.048828,0.203125,19,19.000000,0.866984
cate8-00215,cate8,1,35,20,0.674805,0.620117,0.056641,0.205078,20,20.000000,0.936355
cate8-00215,cate8,1,36,21,0.729492,0.605469,0.080078,0.210938,21,21.000000,0.913768
cate8-00215,cate8,1,37,22,0.799805,0.571289,0.080078,0.185547,22,22.000000,0.937329
cate8-00215,cate8,1,41,24,0.486328,0.615234,0.023438,0.179688,16,24.000000,0.690015
cate8-00215,cate8,1,42,25,0.458984,0.615234,0.031250,0.199219,25,25.000000,0.870756
cate8-00215,cate8,1,43,26,0.416016,0.637695,0.050781,0.244141,27,26.000000,0.904416
cate8-00215,cate8,1,44,27,0.377930,0.620117,0.048828,0.205078,27,27.000000,0.893048
cate8-00215,cate8,1,45,28,0.333984,0.615234,0.062500,0.207031,28,28.000000,0.920905
cate8-00215,cate8,1,46,29,0.282227,0.597656,0.080078,0.214844,29,29.000000,0.944412
cate8-00215,cate8,1,47,30,0.208008,0.554688,0.087891,0.183594,30,30.000000,0.929338
cate8-00217,cate8,4,11,0,0.488281,0.332031,0.050781,0.273438,0,0.000000,0.927678
cate8-00217,cate8,4,12,1,0.452148,0.319336,0.056641,0.263672,1,1.000000,0.888070
cate8-00217,cate8,4,13,2,0.405273,0.299805,0.052734,0.306641,2,2.000000,0.871903
cate8-00217,cate8,4,14,3,0.361328,0.341797,0.050781,0.195312,3,4.000000,0.601450
cate8-00217,cate8,4,16,5,0.315430,0.348633,0.068359,0.216797,5,5.000000,0.929568
cate8-00217,cate8,4,17,6,0.252930,0.348633,0.060547,0.216797,6,6.000000,0.893715
cate8-00217,cate8,4,18,7,0.200195,0.328125,0.064453,0.203125,6,7.000000,0.938111
cate8-00217,cate8,4,21,8,0.534180,0.347656,0.052734,0.253906,8,8.000000,0.915962
cate8-00217,cate8,4,22,9,0.575195,0.350586,0.041016,0.232422,9,9.000000,0.911794
cate8-00217,cate8,4,23,10,0.613281,0.347656,0.046875,0.253906,10,10.000000,0.833294
cate8-00217,cate8,4,24,11,0.647461,0.367188,0.041016,0.207031,11,11.000000,0.881738
cate8-00217,cate8,4,25,12,0.679688,0.368164,0.039062,0.193359,12,12.000000,0.842737
cate8-00217,cate8,4,26,13,0.727539,0.346680,0.064453,0.228516,13,13.000000,0.840657
cate8-00217,cate8,4,27,14,0.783203,0.343750,0.062500,0.210938,14,14.000000,0.905315
cate8-00217,cate8,4,28,15,0.811523,0.256836,0.076172,0.173828,15,15.000000,0.933598
cate8-00217,cate8,4,31,16,0.526367,0.596680,0.025391,0.205078,16,16.000000,0.885185
cate8-00217,cate8,4,32,17,0.557617,0.605469,0.033203,0.234375,18,17.000000,0.853691
cate8-00217,cate8,4,33,18,0.588867,0.622070,0.037109,0.263672,18,18.000000,0.792296
cate8-00217,cate8,4,34,19,0.626953,0.610352,0.042969,0.236328,19,19.000000,0.812688
cate8-00217,cate8,4,35,20,0.664062,0.597656,0.042969,0.222656,20,20.000000,0.859819
cate8-00217,cate8,4,36,21,0.719727,0.600586,0.076172,0.244141,21,21.000000,0.880126
cate8-00217,cate8,4,37,22,0.774414,0.569336,0.072266,0.220703,22,22.000000,0.901132
cate8-00217,cate8,4,38,23,0.836914,0.569336,0.072266,0.138672,23,23.000000,0.933616
cate8-00217,cate8,4,41,24,0.501953,0.594727,0.031250,0.212891,24,24.000000,0.810931
cate8-00217,cate8,4,42,25,0.471680,0.598633,0.044922,0.232422,25,25.000000,0.850901
cate8-00217,cate8,4,43,26,0.436523,0.606445,0.048828,0.271484,26,26.000000,0.913283
cate8-00217,cate8,4,44,27,0.396484,0.607422,0.046875,0.269531,26,27.000000,0.879391
cate8-00217,cate8,4,45,28,0.353516,0.594727,0.046875,0.228516,28,28.000000,0.842921
cate8-00217,cate8,4,46,29,0.291016,0.593750,0.082031,0.234375,29,29.000000,0.898366
cate8-00217,cate8,4,47,30,0.229492,0.572266,0.080078,0.238281,30,30.000000,0.908312
cate8-00221,cate8,0,11,0,0.487305,0.420898,0.041016,0.220703,0,0.000000,0.895609
cate8-00221,cate8,0,12,1,0.451172,0.427734,0.031250,0.191406,1,1.000000,0.866481
cate8-00221,cate8,0,15,4,0.352539,0.424805,0.048828,0.189453,4,4.000000,0.880614
cate8-00221,cate8,0,16,5,0.309570,0.444336,0.064453,0.197266,5,5.000000,0.685648
cate8-00221,cate8,0,17,6,0.252930,0.444336,0.052734,0.185547,6,6.000000,0.873022
cate8-00221,cate8,0,21,8,0.525391,0.427734,0.039062,0.218750,8,8.000000,0.923704
cate8-00221,cate8,0,22,9,0.561523,0.437500,0.033203,0.187500,9,9.000000,0.894118
cate8-00221,cate8,0,23,10,0.594727,0.414062,0.041016,0.250000,10,10.000000,0.845844
cate8-00221,cate8,0,24,11,0.627930,0.426758,0.037109,0.208984,11,11.000000,0.923910
cate8-00221,cate8,0,26,13,0.694336,0.432617,0.072266,0.208984,13,13.000000,0.825910
cate8-00221,cate8,0,27,14,0.748047,0.438477,0.050781,0.193359,14,14.000000,0.857739
cate8-00221,cate8,0,31,16,0.513672,0.648438,0.027344,0.183594,16,16.000000,0.863593
cate8-00221,cate8,0,32,17,0.539062,0.648438,0.027344,0.175781,17,17.000000,0.907672
cate8-00221,cate8,0,33,18,0.568359,0.648438,0.039062,0.207031,18,18.000000,0.861830
cate8-00221,cate8,0,34,19,0.599609,0.646484,0.039062,0.175781,19,19.000000,0.881326
cate8-00221,cate8,0,41,24,0.491211,0.643555,0.029297,0.169922,24,24.000000,0.846374
cate8-00221,cate8,0,42,25,0.465820,0.637695,0.033203,0.193359,25,25.000000,0.895157
cate8-00221,cate8,0,43,26,0.434570,0.652344,0.041016,0.214844,26,26.000000,0.888002
cate8-00221,cate8,0,44,27,0.401367,0.631836,0.044922,0.185547,27,27.000000,0.918545
cate8-00221,cate8,0,45,28,0.366211,0.630859,0.052734,0.187500,27,28.000000,0.933680
cate8-00224,cate8,4,13,2,0.428711,0.376953,0.048828,0.242188,2,2.000000,0.567459
cate8-00224,cate8,4,14,3,0.399414,0.396484,0.044922,0.214844,3,,
cate8-00224,cate8,4,15,4,0.367188,0.406250,0.042969,0.214844,3,,
cate8-00224,cate8,4,16,5,0.326172,0.408203,0.062500,0.210938,5,5.000000,0.802334
cate8-00224,cate8,4,17,6,0.269531,0.398438,0.062500,0.199219,6,6.000000,0.880001
cate8-00224,cate8,4,24,11,0.615234,0.392578,0.042969,0.238281,10,11.000000,0.696936
cate8-00224,cate8,4,25,12,0.644531,0.386719,0.035156,0.230469,11,12.000000,0.892320
cate8-00224,cate8,4,26,13,0.691406,0.390625,0.058594,0.207031,13,13.000000,0.902793
cate8-00224,cate8,4,27,14,0.744141,0.369141,0.054688,0.179688,14,14.000000,0.797901
cate8-00224,cate8,4,31,16,0.527344,0.625977,0.027344,0.189453,17,16.000000,0.833098
cate8-00224,cate8,4,32,17,0.555664,0.631836,0.029297,0.205078,18,17.000000,0.811972
cate8-00224,cate8,4,33,18,0.583984,0.650391,0.042969,0.226562,18,18.000000,0.621302
cate8-00224,cate8,4,36,21,0.732422,0.559570,0.113281,0.150391,22,,
cate8-00224,cate8,4,37,22,0.766602,0.500977,0.095703,0.158203,23,23.000000,0.940727
cate8-00224,cate8,4,41,24,0.501953,0.632812,0.031250,0.199219,24,24.000000,0.871008
cate8-00224,cate8,4,42,25,0.475586,0.630859,0.041016,0.207031,25,25.000000,0.825866
cate8-00224,cate8,4,43,26,0.445312,0.635742,0.046875,0.244141,26,26.000000,0.874803
cate8-00224,cate8,4,44,27,0.412109,0.631836,0.046875,0.232422,26,27.000000,0.872088
cate8-00224,cate8,4,45,28,0.368164,0.630859,0.052734,0.234375,27,28.000000,0.786130
cate8-00224,cate8,4,47,30,0.273438,0.568359,0.109375,0.152344,30,30.000000,0.943527
cate8-00227,cate8,4,11,0,0.477539,0.437500,0.044922,0.230469,0,0.000000,0.922915
cate8-00227,cate8,4,12,1,0.444336,0.438477,0.037109,0.216797,1,1.000000,0.924315
cate8-00227,cate8,4,13,2,0.409180,0.424805,0.033203,0.240234,2,2.000000,0.922516
cate8-00227,cate8,4,14,3,0.377930,0.420898,0.037109,0.220703,3,3.000000,0.595948
cate8-00227,cate8,4,16,5,0.331055,0.418945,0.064453,0.212891,5,5.000000,0.938427
cate8-00227,cate8,4,17,6,0.277344,0.401367,0.050781,0.224609,6,6.000000,0.887797
cate8-00227,cate8,4,21,8,0.520508,0.446289,0.041016,0.216797,8,8.000000,0.916969
cate8-00227,cate8,4,22,9,0.559570,0.441406,0.033203,0.203125,9,9.000000,0.900226
cate8-00227,cate8,4,23,10,0.593750,0.419922,0.042969,0.261719,10,10.000000,0.805541
cate8-00227,cate8,4,24,11,0.623047,0.425781,0.042969,0.234375,11,11.000000,0.811190
cate8-00227,cate8,4,25,12,0.650391,0.414062,0.039062,0.226562,11,12.000000,0.940893
cate8-00227,cate8,4,26,13,0.700195,0.407227,0.064453,0.208984,13,13.000000,0.796216
cate8-00227,cate8,4,27,14,0.749023,0.390625,0.048828,0.195312,14,14.000000,0.834398
cate8-00227,cate8,4,31,16,0.504883,0.675781,0.025391,0.183594,24,16.000000,0.869695
cate8-00227,cate8,4,32,17,0.529297,0.666016,0.035156,0.179688,16,17.000000,0.908871
cate8-00227,cate8,4,33,18,0.564453,0.676758,0.042969,0.193359,18,18.000000,0.884149
cate8-00227,cate8,4,36,21,0.641602,0.669922,0.044922,0.210938,19,20.000000,0.844873
cate8-00227,cate8,4,37,22,0.713867,0.619141,0.115234,0.160156,21,22.000000,0.944594
cate8-00227,cate8,4,38,23,0.752930,0.560547,0.076172,0.140625,23,23.000000,0.819459
cate8-00227,cate8,4,41,24,0.480469,0.662109,0.031250,0.171875,25,24.000000,0.856805
cate8-00227,cate8,4,42,25,0.455078,0.672852,0.027344,0.185547,25,25.000000,0.837407
cate8-00227,cate8,4,43,26,0.424805,0.662109,0.037109,0.179688,26,26.000000,0.852034
cate8-00227,cate8,4,44,27,0.392578,0.676758,0.042969,0.201172,27,27.000000,0.921271
cate8-00227,cate8,4,45,28,0.353516,0.675781,0.050781,0.199219,28,28.000000,0.786981
cate8-00227,cate8,4,47,30,0.262695,0.633789,0.095703,0.181641,30,30.000000,0.946337
cate8-00231,cate8,3,11,0,0.506836,0.349609,0.052734,0.285156,0,0.000000,0.930561
cate8-00231,cate8,3,12,1,0.477539,0.341797,0.056641,0.261719,0,1.000000,0.909936
cate8-00231,cate8,3,13,2,0.434570,0.338867,0.060547,0.263672,2,2.000000,0.888273
cate8-00231,cate8,3,14,3,0.384766,0.328125,0.050781,0.250000,3,3.000000,0.889668
cate8-00231,cate8,3,15,4,0.345703,0.322266,0.046875,0.222656,4,4.000000,0.910960
cate8-00231,cate8,3,16,5,0.288086,0.319336,0.068359,0.201172,5,5.000000,0.809584
cate8-00231,cate8,3,17,6,0.231445,0.295898,0.052734,0.185547,6,6.000000,0.895249
cate8-00231,cate8,3,21,8,0.558594,0.378906,0.042969,0.261719,9,8.000000,0.871343
cate8-00231,cate8,3,22,9,0.596680,0.382812,0.033203,0.242188,10,9.000000,0.903302
cate8-00231,cate8,3,23,10,0.631836,0.381836,0.041016,0.267578,11,10.000000,0.901613
cate8-00231,cate8,3,24,11,0.666992,0.377930,0.048828,0.240234,12,11.000000,0.820461
cate8-00231,cate8,3,25,12,0.705078,0.383789,0.042969,0.216797,12,12.000000,0.839862
cate8-00231,cate8,3,27,14,0.790039,0.328125,0.052734,0.199219,14,15.000000,0.515881
cate8-00231,cate8,3,31,16,0.512695,0.624023,0.037109,0.216797,24,16.000000,0.852613
cate8-00231,cate8,3,32,17,0.535156,0.624023,0.042969,0.212891,17,17.000000,0.875149
cate8-00231,cate8,3,33,18,0.567383,0.634766,0.052734,0.242188,18,18.000000,0.886289
cate8-00231,cate8,3,34,19,0.612305,0.639648,0.044922,0.244141,19,19.000000,0.871947
cate8-00231,cate8,3,35,20,0.653320,0.634766,0.041016,0.238281,20,20.000000,0.834682
cate8-00231,cate8,3,36,21,0.739258,0.598633,0.130859,0.189453,22,22.000000,0.853069
cate8-00231,cate8,3,37,22,0.791992,0.541016,0.115234,0.179688,22,22.000000,0.931304
cate8-00231,cate8,3,41,24,0.483398,0.621094,0.033203,0.207031,24,24.000000,0.819195
cate8-00231,cate8,3,42,25,0.461914,0.618164,0.029297,0.228516,26,25.000000,0.868807
cate8-00231,cate8,3,43,26,0.427734,0.613281,0.042969,0.242188,26,26.000000,0.895033
cate8-00231,cate8,3,44,27,0.389648,0.604492,0.044922,0.228516,27,27.000000,0.886933
cate8-00231,cate8,3,45,28,0.350586,0.593750,0.044922,0.230469,28,28.000000,0.909561
cate8-00231,cate8,3,46,29,0.274414,0.560547,0.111328,0.199219,30,29.000000,0.820241
cate8-00231,cate8,3,47,30,0.217773,0.492188,0.103516,0.167969,31,30.000000,0.829081
cate8-00233,cate8,1,11,0,0.467773,0.397461,0.044922,0.173828,1,0.000000,0.915236
cate8-00233,cate8,1,12,1,0.422852,0.391602,0.037109,0.162109,3,1.000000,0.867960
cate8-00233,cate8,1,13,2,0.382812,0.384766,0.039062,0.179688,3,2.000000,0.805917
cate8-00233,cate8,1,14,3,0.342773,0.396484,0.044922,0.171875,4,,
cate8-00233,cate8,1,15,4,0.305664,0.425781,0.041016,0.171875,4,4.000000,0.907062
cate8-00233,cate8,1,16,5,0.262695,0.447266,0.056641,0.167969,6,5.000000,0.845638
cate8-00233,cate8,1,17,6,0.206055,0.439453,0.056641,0.164062,7,6.000000,0.904191
cate8-00233,cate8,1,21,8,0.524414,0.390625,0.044922,0.179688,8,8.000000,0.913017
cate8-00233,cate8,1,22,9,0.570312,0.399414,0.035156,0.173828,9,9.000000,0.866773
cate8-00233,cate8,1,23,10,0.612305,0.395508,0.056641,0.205078,10,10.000000,0.906219
cate8-00233,cate8,1,25,12,0.698242,0.425781,0.041016,0.179688,12,12.000000,0.893541
cate8-00233,cate8,1,26,13,0.744141,0.440430,0.054688,0.169922,14,13.000000,0.892735
cate8-00233,cate8,1,27,14,0.797852,0.430664,0.060547,0.169922,14,14.000000,0.903784
cate8-00233,cate8,1,31,16,0.500000,0.575195,0.027344,0.150391,16,16.000000,0.829123
cate8-00233,cate8,1,32,17,0.529297,0.582031,0.031250,0.164062,16,17.000000,0.546145
cate8-00233,cate8,1,33,18,0.566406,0.591797,0.042969,0.183594,18,18.000000,0.731335
cate8-00233,cate8,1,34,19,0.624023,0.596680,0.052734,0.162109,19,19.000000,0.917144
cate8-00233,cate8,1,35,20,0.669922,0.626953,0.050781,0.160156,20,20.000000,0.882063
cate8-00233,cate8,1,38,23,0.812500,0.599609,0.066406,0.097656,23,23.000000,0.513123
cate8-00233,cate8,1,41,24,0.471680,0.570312,0.025391,0.136719,25,24.000000,0.854695
cate8-00233,cate8,1,42,25,0.437500,0.582031,0.031250,0.152344,25,25.000000,0.886466
cate8-00233,cate8,1,43,26,0.400391,0.598633,0.046875,0.185547,27,26.000000,0.849982
cate8-00233,cate8,1,44,27,0.354492,0.598633,0.044922,0.150391,28,27.000000,0.921490
cate8-00233,cate8,1,45,28,0.323242,0.621094,0.041016,0.152344,28,28.000000,0.738969
cate8-00233,cate8,1,47,30,0.232422,0.634766,0.082031,0.136719,31,30.000000,0.905279
cate8-00233,cate8,1,48,31,0.193359,0.596680,0.054688,0.103516,31,,
cate8-00238,cate8,2,11,0,0.492188,0.435547,0.042969,0.222656,0,0.000000,0.909466
cate8-00238,cate8,2,12,1,0.461914,0.428711,0.041016,0.208984,1,1.000000,0.844993
cate8-00238,cate8,2,13,2,0.432617,0.429688,0.044922,0.214844,2,2.000000,0.857097
cate8-00238,cate8,2,14,3,0.402344,0.416992,0.042969,0.208984,2,3.000000,0.742472
cate8-00238,cate8,2,15,4,0.364258,0.416992,0.041016,0.208984,4,4.000000,0.682187
cate8-00238,cate8,2,16,5,0.321289,0.431641,0.056641,0.175781,5,5.000000,0.809097
cate8-00238,cate8,2,17,6,0.266602,0.405273,0.064453,0.193359,6,6.000000,0.898596
cate8-00238,cate8,2,21,8,0.526367,0.431641,0.037109,0.234375,8,8.000000,0.853483
cate8-00238,cate8,2,22,9,0.556641,0.431641,0.031250,0.230469,9,9.000000,0.915805
cate8-00238,cate8,2,23,10,0.587891,0.424805,0.039062,0.240234,9,10.000000,0.859896
cate8-00238,cate8,2,24,11,0.616211,0.434570,0.037109,0.193359,11,11.000000,0.890305
cate8-00238,cate8,2,25,12,0.644531,0.437500,0.035156,0.191406,12,12.000000,0.904199
cate8-00238,cate8,2,26,13,0.683594,0.433594,0.054688,0.218750,12,13.000000,0.865394
cate8-00238,cate8,2,27,14,0.729492,0.416016,0.056641,0.183594,14,14.000000,0.932704
cate8-00238,cate8,2,31,16,0.508789,0.655273,0.025391,0.169922,16,16.000000,0.716246
cate8-00238,cate8,2,32,17,0.532227,0.658203,0.025391,0.187500,16,17.000000,0.661406
cate8-00238,cate8,2,33,18,0.559570,0.670898,0.029297,0.189453,17,18.000000,0.771293
cate8-00238,cate8,2,34,19,0.587891,0.658203,0.042969,0.210938,18,19.000000,0.797579
cate8-00238,cate8,2,35,20,0.625000,0.656250,0.050781,0.207031,19,20.000000,0.917607
cate8-00238,cate8,2,37,22,0.728516,0.603516,0.070312,0.175781,21,22.000000,0.858230
cate8-00238,cate8,2,41,24,0.485352,0.645508,0.025391,0.154297,24,24.000000,0.654384
cate8-00238,cate8,2,42,25,0.461914,0.650391,0.033203,0.175781,25,25.000000,0.851558
cate8-00238,cate8,2,43,26,0.433594,0.655273,0.042969,0.205078,26,26.000000,0.822313
cate8-00238,cate8,2,44,27,0.402344,0.643555,0.046875,0.220703,27,27.000000,0.814902
cate8-00238,cate8,2,45,28,0.370117,0.642578,0.044922,0.214844,27,,
cate8-00238,cate8,2,46,29,0.306641,0.647461,0.093750,0.220703,29,29.000000,0.928343
cate8-00238,cate8,2,47,30,0.255859,0.596680,0.097656,0.177734,30,30.000000,0.911135
cate8-00239,cate8,4,11,0,0.477539,0.422852,0.041016,0.212891,0,0.000000,0.835570
cate8-00239,cate8,4,12,1,0.452148,0.416992,0.044922,0.224609,1,1.000000,0.878849
cate8-00239,cate8,4,13,2,0.415039,0.416992,0.064453,0.173828,2,2.000000,0.615332
cate8-00239,cate8,4,14,3,0.402344,0.422852,0.066406,0.193359,3,,
cate8-00239,cate8,4,15,4,0.368164,0.422852,0.048828,0.201172,3,3.000000,0.528009
cate8-00239,cate8,4,16,5,0.324219,0.412109,0.062500,0.230469,5,5.000000,0.785327
cate8-00239,cate8,4,18,7,0.228516,0.378906,0.054688,0.183594,6,6.000000,0.893910
cate8-00239,cate8,4,21,8,0.508789,0.423828,0.044922,0.218750,8,8.000000,0.915817
cate8-00239,cate8,4,22,9,0.541016,0.414062,0.046875,0.222656,8,9.000000,0.828233
cate8-00239,cate8,4,23,10,0.575195,0.416992,0.041016,0.232422,10,10.000000,0.854579
cate8-00239,cate8,4,26,13,0.679688,0.423828,0.062500,0.218750,13,13.000000,0.784932
cate8-00239,cate8,4,28,15,0.774414,0.387695,0.060547,0.224609,14,14.000000,0.904771
cate8-00239,cate8,4,31,16,0.528320,0.641602,0.025391,0.162109,16,16.000000,0.854445
cate8-00239,cate8,4,32,17,0.552734,0.647461,0.027344,0.173828,17,17.000000,0.920038
cate8-00239,cate8,4,33,18,0.583984,0.672852,0.035156,0.212891,18,18.000000,0.873305
cate8-00239,cate8,4,34,19,0.620117,0.659180,0.041016,0.205078,19,19.000000,0.898263
cate8-00239,cate8,4,35,20,0.658203,0.664062,0.050781,0.222656,19,20.000000,0.899228
cate8-00239,cate8,4,38,23,0.805664,0.567383,0.095703,0.158203,23,23.000000,0.890162
cate8-00239,cate8,4,41,24,0.501953,0.640625,0.027344,0.171875,24,24.000000,0.840809
cate8-00239,cate8,4,42,25,0.474609,0.631836,0.031250,0.162109,25,25.000000,0.817334
cate8-00239,cate8,4,43,26,0.442383,0.651367,0.041016,0.208984,26,26.000000,0.898427
cate8-00239,cate8,4,44,27,0.405273,0.644531,0.044922,0.226562,27,27.000000,0.936763
cate8-00239,cate8,4,45,28,0.375977,0.646484,0.048828,0.234375,27,28.000000,0.832598
cate8-00239,cate8,4,48,31,0.228516,0.564453,0.085938,0.167969,30,,
cate8-00245,cate8,1,11,0,0.470703,0.422852,0.046875,0.267578,0,0.000000,0.880658
cate8-00245,cate8,1,12,1,0.428711,0.431641,0.037109,0.246094,2,1.000000,0.880764
cate8-00245,cate8,1,13,2,0.389648,0.414062,0.044922,0.265625,2,2.000000,0.869753
cate8-00245,cate8,1,14,3,0.350586,0.425781,0.048828,0.218750,4,3.000000,0.736339
cate8-00245,cate8,1,16,5,0.276367,0.433594,0.072266,0.191406,5,6.000000,0.589299
cate8-00245,cate8,1,21,8,0.516602,0.420898,0.052734,0.244141,8,8.000000,0.846228
cate8-00245,cate8,1,22,9,0.556641,0.416016,0.046875,0.230469,9,9.000000,0.919618
cate8-00245,cate8,1,23,10,0.596680,0.395508,0.048828,0.263672,10,10.000000,0.870418
cate8-00245,cate8,1,24,11,0.634766,0.407227,0.054688,0.212891,11,11.000000,0.939927
cate8-00245,cate8,1,27,14,0.721680,0.364258,0.080078,0.205078,14,13.000000,0.774923
cate8-00245,cate8,1,31,16,0.513672,0.654297,0.035156,0.160156,16,16.000000,0.879816
cate8-00245,cate8,1,32,17,0.540039,0.660156,0.033203,0.179688,17,17.000000,0.830434
cate8-00245,cate8,1,33,18,0.581055,0.684570,0.056641,0.236328,18,18.000000,0.920712
cate8-00245,cate8,1,34,19,0.618164,0.653320,0.044922,0.212891,19,19.000000,0.925485
cate8-00245,cate8,1,35,20,0.660156,0.633789,0.058594,0.201172,20,20.000000,0.913547
cate8-00245,cate8,1,36,21,0.731445,0.593750,0.123047,0.187500,22,21.000000,0.500765
cate8-00245,cate8,1,37,22,0.778320,0.514648,0.111328,0.185547,22,22.000000,0.866656
cate8-00245,cate8,1,41,24,0.486328,0.656250,0.035156,0.167969,24,24.000000,0.870323
cate8-00245,cate8,1,42,25,0.460938,0.666016,0.046875,0.195312,25,25.000000,0.781545
cate8-00245,cate8,1,43,26,0.424805,0.665039,0.044922,0.205078,26,26.000000,0.843685
cate8-00245,cate8,1,44,27,0.379883,0.650391,0.044922,0.183594,27,27.000000,0.932571
cate8-00245,cate8,1,45,28,0.337891,0.645508,0.046875,0.212891,28,28.000000,0.919991
cate8-00246,cate8,4,11,0,0.497070,0.470703,0.033203,0.187500,0,,
cate8-00246,cate8,4,16,5,0.412109,0.454102,0.050781,0.208984,2,2.000000,0.814197
cate8-00246,cate8,4,17,6,0.375977,0.471680,0.041016,0.212891,3,,
cate8-00246,cate8,4,21,8,0.532227,0.465820,0.037109,0.216797,8,,
cate8-00246,cate8,4,25,12,0.654297,0.448242,0.031250,0.169922,11,,
cate8-00246,cate8,4,26,13,0.694336,0.477539,0.060547,0.197266,13,,
cate8-00246,cate8,4,27,14,0.746094,0.470703,0.054688,0.226562,13,14.000000,0.556473
cate8-00246,cate8,4,33,18,0.580078,0.673828,0.042969,0.203125,18,19.000000,0.654230
cate8-00246,cate8,4,34,19,0.612305,0.679688,0.052734,0.203125,19,20.000000,0.651974
cate8-00246,cate8,4,43,26,0.472656,0.666992,0.027344,0.162109,24,24.000000,0.817168
cate8-00246,cate8,4,44,27,0.442383,0.668945,0.033203,0.181641,26,25.000000,0.730483
cate8-00251,cate8,3,11,0,0.494141,0.403320,0.039062,0.236328,0,0.000000,0.875033
cate8-00251,cate8,3,12,1,0.463867,0.397461,0.029297,0.232422,1,1.000000,0.865196
cate8-00251,cate8,3,13,2,0.432617,0.382812,0.037109,0.230469,2,2.000000,0.897742
cate8-00251,cate8,3,14,3,0.401367,0.388672,0.044922,0.207031,3,3.000000,0.831518
cate8-00251,cate8,3,15,4,0.369141,0.394531,0.031250,0.199219,4,4.000000,0.866909
cate8-00251,cate8,3,16,5,0.332031,0.395508,0.058594,0.201172,5,5.000000,0.945597
cate8-00251,cate8,3,17,6,0.278320,0.372070,0.056641,0.201172,5,6.000000,0.943900
cate8-00251,cate8,3,21,8,0.530273,0.398438,0.037109,0.246094,8,8.000000,0.901210
cate8-00251,cate8,3,22,9,0.560547,0.416016,0.031250,0.199219,9,9.000000,0.872950
cate8-00251,cate8,3,23,10,0.592773,0.385742,0.033203,0.255859,10,10.000000,0.891610
cate8-00251,cate8,3,24,11,0.620117,0.399414,0.041016,0.228516,11,11.000000,0.870436
cate8-00251,cate8,3,25,12,0.650391,0.388672,0.035156,0.214844,11,12.000000,0.833082
cate8-00251,cate8,3,26,13,0.692383,0.393555,0.056641,0.208984,13,13.000000,0.959015
cate8-00251,cate8,3,27,14,0.745117,0.383789,0.052734,0.197266,14,14.000000,0.962261
cate8-00251,cate8,3,31,16,0.516602,0.602539,0.021484,0.130859,16,16.000000,0.807694
cate8-00251,cate8,3,32,17,0.539062,0.602539,0.027344,0.146484,17,17.000000,0.870991
cate8-00251,cate8,3,33,18,0.576172,0.619141,0.039062,0.195312,19,18.000000,0.919788
cate8-00251,cate8,3,34,19,0.631836,0.614258,0.041016,0.189453,19,19.000000,0.878077
cate8-00251,cate8,3,35,20,0.666992,0.625977,0.037109,0.212891,20,20.000000,0.901712
cate8-00251,cate8,3,36,21,0.721680,0.594727,0.091797,0.185547,21,22.000000,0.920936
cate8-00251,cate8,3,41,24,0.494141,0.601562,0.027344,0.121094,24,24.000000,0.875052
cate8-00251,cate8,3,42,25,0.470703,0.610352,0.023438,0.154297,24,25.000000,0.850526
cate8-00251,cate8,3,43,26,0.428711,0.609375,0.033203,0.195312,26,26.000000,0.901808
cate8-00251,cate8,3,44,27,0.397461,0.609375,0.037109,0.199219,27,27.000000,0.949789
cate8-00251,cate8,3,45,28,0.362305,0.602539,0.037109,0.181641,27,28.000000,0.915340
cate8-00251,cate8,3,47,30,0.266602,0.577148,0.107422,0.181641,29,30.000000,0.951436
cate8-00253,cate8,2,11,0,0.468750,0.456055,0.042969,0.244141,0,0.000000,0.922767
cate8-00253,cate8,2,12,1,0.439453,0.452148,0.046875,0.251953,1,1.000000,0.905107
cate8-00253,cate8,2,13,2,0.401367,0.419922,0.044922,0.238281,2,2.000000,0.925148
cate8-00253,cate8,2,14,3,0.367188,0.415039,0.050781,0.173828,4,3.000000,0.910837
cate8-00253,cate8,2,16,5,0.328125,0.395508,0.046875,0.130859,4,4.000000,0.945493
cate8-00253,cate8,2,17,6,0.273438,0.445312,0.062500,0.191406,5,6.000000,0.908890
cate8-00253,cate8,2,18,7,0.243164,0.375000,0.064453,0.121094,7,7.000000,0.932829
cate8-00253,cate8,2,21,8,0.512695,0.460938,0.044922,0.246094,0,8.000000,0.855062
cate8-00253,cate8,2,22,9,0.545898,0.458008,0.060547,0.228516,8,9.000000,0.887166
cate8-00253,cate8,2,24,11,0.590820,0.438477,0.048828,0.212891,10,10.000000,0.875413
cate8-00253,cate8,2,25,12,0.632812,0.458008,0.050781,0.185547,11,11.000000,0.679166
cate8-00253,cate8,2,27,14,0.708008,0.445312,0.068359,0.187500,13,14.000000,0.910015
cate8-00253,cate8,2,28,15,0.753906,0.381836,0.062500,0.126953,14,15.000000,0.946143
cate8-00253,cate8,2,31,16,0.507812,0.691406,0.027344,0.171875,24,16.000000,0.788693
cate8-00253,cate8,2,32,17,0.537109,0.704102,0.042969,0.189453,17,17.000000,0.893991
cate8-00253,cate8,2,33,18,0.565430,0.740234,0.048828,0.222656,18,18.000000,0.932814
cate8-00253,cate8,2,34,19,0.608398,0.735352,0.048828,0.201172,18,19.000000,0.747020
cate8-00253,cate8,2,36,21,0.647461,0.654297,0.076172,0.144531,20,21.000000,0.930358
cate8-00253,cate8,2,37,22,0.715820,0.673828,0.083984,0.210938,21,22.000000,0.923268
cate8-00253,cate8,2,38,23,0.783203,0.630859,0.078125,0.140625,22,23.000000,0.900090
cate8-00253,cate8,2,41,24,0.479492,0.683594,0.033203,0.160156,24,24.000000,0.829034
cate8-00253,cate8,2,42,25,0.451172,0.706055,0.039062,0.193359,25,25.000000,0.821111
cate8-00253,cate8,2,43,26,0.417969,0.720703,0.039062,0.230469,27,26.000000,0.924031
cate8-00253,cate8,2,44,27,0.383789,0.730469,0.044922,0.199219,27,27.000000,0.889841
cate8-00253,cate8,2,46,29,0.343750,0.662109,0.074219,0.144531,28,29.000000,0.801468
cate8-00253,cate8,2,47,30,0.284180,0.673828,0.087891,0.203125,29,30.000000,0.917642
cate8-00253,cate8,2,48,31,0.214844,0.630859,0.085938,0.136719,30,31.000000,0.946801
cate8-00257,cate8,2,13,2,0.423828,0.518555,0.035156,0.232422,26,2.000000,0.873991
cate8-00257,cate8,2,14,3,0.396484,0.530273,0.039062,0.201172,3,3.000000,0.940057
cate8-00257,cate8,2,15,4,0.363281,0.513672,0.039062,0.203125,3,4.000000,0.926112
cate8-00257,cate8,2,17,6,0.294922,0.486328,0.062500,0.187500,5,6.000000,0.909161
cate8-00257,cate8,2,18,7,0.257812,0.392578,0.054688,0.136719,6,7.000000,0.930686
cate8-00257,cate8,2,23,10,0.589844,0.523438,0.039062,0.230469,10,10.000000,0.799209
cate8-00257,cate8,2,24,11,0.619141,0.521484,0.042969,0.210938,10,11.000000,0.824835
cate8-00257,cate8,2,25,12,0.653320,0.515625,0.037109,0.199219,11,12.000000,0.939574
cate8-00257,cate8,2,27,14,0.709961,0.491211,0.056641,0.201172,13,14.000000,0.900319
cate8-00257,cate8,2,28,15,0.746094,0.434570,0.050781,0.154297,14,15.000000,0.863829
cate8-00257,cate8,2,32,17,0.568359,0.711914,0.035156,0.185547,18,17.000000,0.864400
cate8-00257,cate8,2,33,18,0.601562,0.715820,0.035156,0.193359,19,18.000000,0.917451
cate8-00257,cate8,2,34,19,0.633789,0.706055,0.041016,0.185547,20,19.000000,0.912700
cate8-00257,cate8,2,35,20,0.675781,0.704102,0.042969,0.185547,20,20.000000,0.931365
cate8-00257,cate8,2,37,22,0.764648,0.625977,0.095703,0.150391,22,22.000000,0.903239
cate8-00257,cate8,2,38,23,0.812500,0.595703,0.058594,0.140625,23,23.000000,0.933604
cate8-00257,cate8,2,42,25,0.468750,0.702148,0.031250,0.158203,25,26.000000,0.573808
cate8-00257,cate8,2,43,26,0.436523,0.709961,0.041016,0.205078,26,26.000000,0.735928
cate8-00257,cate8,2,44,27,0.402344,0.713867,0.039062,0.193359,27,27.000000,0.893956
cate8-00257,cate8,2,45,28,0.351562,0.707031,0.066406,0.179688,28,28.000000,0.947638
cate8-00257,cate8,2,46,29,0.306641,0.676758,0.089844,0.189453,29,29.000000,0.925302
cate8-00257,cate8,2,47,30,0.244141,0.625977,0.085938,0.150391,30,31.000000,0.696959
cate8-00260,cate8,0,11,0,0.470703,0.421875,0.046875,0.238281,0,0.000000,0.831575
cate8-00260,cate8,0,12,1,0.436523,0.416016,0.052734,0.261719,2,1.000000,0.807663
cate8-00260,cate8,0,13,2,0.409180,0.333008,0.052734,0.271484,2,2.000000,0.848559
cate8-00260,cate8,0,15,4,0.354492,0.360352,0.056641,0.181641,4,4.000000,0.847650
cate8-00260,cate8,0,17,6,0.284180,0.379883,0.076172,0.228516,5,6.000000,0.912384
cate8-00260,cate8,0,18,7,0.249023,0.306641,0.068359,0.152344,6,7.000000,0.848347
cate8-00260,cate8,0,21,8,0.514648,0.416992,0.048828,0.251953,8,8.000000,0.754137
cate8-00260,cate8,0,22,9,0.556641,0.412109,0.039062,0.257812,9,9.000000,0.802210
cate8-00260,cate8,0,23,10,0.592773,0.402344,0.048828,0.300781,10,10.000000,0.875727
cate8-00260,cate8,0,24,11,0.632812,0.420898,0.058594,0.228516,11,11.000000,0.814646
cate8-00260,cate8,0,25,12,0.669922,0.406250,0.054688,0.210938,12,12.000000,0.912739
cate8-00260,cate8,0,27,14,0.725586,0.380859,0.068359,0.218750,13,13.000000,0.799228
cate8-00260,cate8,0,28,15,0.755859,0.301758,0.070312,0.154297,15,15.000000,0.738198
cate8-00260,cate8,0,31,16,0.530273,0.663086,0.029297,0.205078,16,16.000000,0.902899
cate8-00260,cate8,0,32,17,0.557617,0.666992,0.033203,0.212891,18,17.000000,0.883105
cate8-00260,cate8,0,33,18,0.596680,0.688477,0.052734,0.240234,19,18.000000,0.880578
cate8-00260,cate8,0,34,19,0.631836,0.668945,0.060547,0.220703,19,19.000000,0.917122
cate8-00260,cate8,0,35,20,0.678711,0.596680,0.087891,0.138672,20,21.000000,0.851895
cate8-00260,cate8,0,36,21,0.750000,0.617188,0.113281,0.242188,21,22.000000,0.952711
cate8-00260,cate8,0,37,22,0.806641,0.593750,0.082031,0.160156,23,23.000000,0.953071
cate8-00260,cate8,0,41,24,0.501953,0.647461,0.031250,0.181641,24,24.000000,0.859736
cate8-00260,cate8,0,42,25,0.470703,0.654297,0.039062,0.195312,25,25.000000,0.905043
cate8-00260,cate8,0,43,26,0.433594,0.678711,0.050781,0.220703,26,26.000000,0.792241
cate8-00260,cate8,0,44,27,0.401367,0.666992,0.044922,0.244141,27,27.000000,0.824422
cate8-00260,cate8,0,45,28,0.348633,0.590820,0.080078,0.130859,29,29.000000,0.560796
cate8-00260,cate8,0,46,29,0.278320,0.625000,0.111328,0.250000,29,29.000000,0.666120
cate8-00260,cate8,0,47,30,0.208984,0.605469,0.093750,0.167969,30,30.000000,0.772242
cate8-00263,cate8,3,15,4,0.375977,0.532227,0.041016,0.208984,3,3.000000,0.633685
cate8-00263,cate8,3,17,6,0.269531,0.518555,0.058594,0.189453,6,7.000000,0.646659
cate8-00263,cate8,3,23,10,0.594727,0.522461,0.041016,0.228516,10,10.000000,0.869243
cate8-00263,cate8,3,24,11,0.628906,0.539062,0.042969,0.234375,11,11.000000,0.914682
cate8-00263,cate8,3,27,14,0.758789,0.542969,0.056641,0.183594,14,15.000000,0.880010
cate8-00263,cate8,3,31,16,0.526367,0.698242,0.025391,0.158203,16,16.000000,0.855685
cate8-00263,cate8,3,32,17,0.550781,0.716797,0.031250,0.195312,17,17.000000,0.848391
cate8-00263,cate8,3,33,18,0.578125,0.737305,0.042969,0.216797,18,18.000000,0.851817
cate8-00263,cate8,3,34,19,0.614258,0.746094,0.041016,0.203125,19,19.000000,0.914852
cate8-00263,cate8,3,35,20,0.651367,0.759766,0.044922,0.238281,19,20.000000,0.872569
cate8-00263,cate8,3,37,22,0.761719,0.708008,0.109375,0.146484,22,22.000000,0.945932
cate8-00263,cate8,3,41,24,0.500977,0.703125,0.025391,0.156250,24,24.000000,0.844217
cate8-00263,cate8,3,42,25,0.475586,0.714844,0.029297,0.207031,25,25.000000,0.844056
cate8-00263,cate8,3,43,26,0.445312,0.718750,0.039062,0.222656,25,26.000000,0.881661
cate8-00263,cate8,3,44,27,0.410156,0.741211,0.042969,0.232422,27,27.000000,0.902818
cate8-00263,cate8,3,45,28,0.375977,0.744141,0.060547,0.222656,28,28.000000,0.939629
cate8-00263,cate8,3,46,29,0.316406,0.708984,0.093750,0.203125,29,29.000000,0.909571
cate8-00267,cate8,4,11,0,0.498047,0.366211,0.046875,0.232422,0,0.000000,0.939133
cate8-00267,cate8,4,12,1,0.459961,0.373047,0.052734,0.207031,0,1.000000,0.862658
cate8-00267,cate8,4,13,2,0.411133,0.331055,0.060547,0.287109,2,2.000000,0.911811
cate8-00267,cate8,4,14,3,0.366211,0.319336,0.037109,0.169922,4,,
cate8-00267,cate8,4,15,4,0.327148,0.330078,0.052734,0.242188,4,4.000000,0.916109
cate8-00267,cate8,4,16,5,0.265625,0.316406,0.070312,0.226562,6,5.000000,0.676645
cate8-00267,cate8,4,17,6,0.201172,0.273438,0.066406,0.195312,7,7.000000,0.910431
cate8-00267,cate8,4,21,8,0.547852,0.375000,0.048828,0.234375,8,8.000000,0.921826
cate8-00267,cate8,4,22,9,0.588867,0.370117,0.041016,0.232422,9,9.000000,0.911937
cate8-00267,cate8,4,23,10,0.632812,0.371094,0.046875,0.234375,11,10.000000,0.876144
cate8-00267,cate8,4,24,11,0.671875,0.341797,0.042969,0.175781,12,11.000000,0.758628
cate8-00267,cate8,4,25,12,0.708008,0.350586,0.041016,0.208984,12,12.000000,0.783341
cate8-00267,cate8,4,26,13,0.750000,0.332031,0.054688,0.152344,15,,
cate8-00267,cate8,4,27,14,0.797852,0.310547,0.052734,0.132812,15,14.000000,0.509246
cate8-00267,cate8,4,28,15,0.844727,0.313477,0.064453,0.173828,15,15.000000,0.907993
cate8-00267,cate8,4,31,16,0.528320,0.588867,0.033203,0.158203,17,16.000000,0.874778
cate8-00267,cate8,4,32,17,0.559570,0.606445,0.033203,0.193359,17,17.000000,0.924733
cate8-00267,cate8,4,33,18,0.604492,0.624023,0.060547,0.263672,18,18.000000,0.925191
cate8-00267,cate8,4,34,19,0.641602,0.591797,0.048828,0.203125,19,19.000000,0.899689
cate8-00267,cate8,4,35,20,0.691406,0.565430,0.062500,0.205078,21,20.000000,0.833316
cate8-00267,cate8,4,37,22,0.750000,0.529297,0.101562,0.199219,22,21.000000,0.864302
cate8-00267,cate8,4,38,23,0.807617,0.463867,0.083984,0.158203,23,22.000000,0.926637
cate8-00267,cate8,4,41,24,0.499023,0.584961,0.029297,0.146484,24,24.000000,0.847703
cate8-00267,cate8,4,42,25,0.471680,0.593750,0.033203,0.179688,25,25.000000,0.814939
cate8-00267,cate8,4,43,26,0.425781,0.612305,0.050781,0.236328,26,26.000000,0.931402
cate8-00267,cate8,4,44,27,0.381836,0.585938,0.041016,0.222656,27,27.000000,0.843173
cate8-00267,cate8,4,45,28,0.343750,0.572266,0.050781,0.210938,28,28.000000,0.904746
cate8-00267,cate8,4,47,30,0.251953,0.523438,0.125000,0.148438,31,30.000000,0.921248
cate8-00267,cate8,4,48,31,0.192383,0.464844,0.111328,0.175781,31,31.000000,0.896359
cate8-00269,cate8,3,11,0,0.484375,0.477539,0.042969,0.236328,0,0.000000,0.890747
cate8-00269,cate8,3,12,1,0.451172,0.466797,0.039062,0.218750,1,1.000000,0.909869
cate8-00269,cate8,3,13,2,0.414062,0.438477,0.042969,0.263672,2,2.000000,0.916451
cate8-00269,cate8,3,14,3,0.379883,0.442383,0.048828,0.236328,3,3.000000,0.945653
cate8-00269,cate8,3,15,4,0.340820,0.444336,0.044922,0.212891,4,4.000000,0.948350
cate8-00269,cate8,3,16,5,0.295898,0.426758,0.064453,0.212891,5,5.000000,0.911589
cate8-00269,cate8,3,17,6,0.240234,0.408203,0.070312,0.195312,6,6.000000,0.933319
cate8-00269,cate8,3,18,7,0.202148,0.333984,0.060547,0.167969,7,7.000000,0.913318
cate8-00269,cate8,3,21,8,0.527344,0.486328,0.042969,0.222656,8,8.000000,0.916589
cate8-00269,cate8,3,22,9,0.562500,0.480469,0.035156,0.207031,9,9.000000,0.880837
cate8-00269,cate8,3,23,10,0.601562,0.453125,0.039062,0.277344,10,10.000000,0.904980
cate8-00269,cate8,3,24,11,0.637695,0.453125,0.044922,0.253906,11,11.000000,0.910336
cate8-00269,cate8,3,25,12,0.675781,0.459961,0.039062,0.201172,12,12.000000,0.933038
cate8-00269,cate8,3,26,13,0.718750,0.441406,0.058594,0.210938,13,13.000000,0.916331
cate8-00269,cate8,3,27,14,0.769531,0.417969,0.058594,0.195312,14,14.000000,0.911095
cate8-00269,cate8,3,28,15,0.802734,0.346680,0.066406,0.158203,15,15.000000,0.886460
cate8-00269,cate8,3,31,16,0.513672,0.686523,0.027344,0.150391,16,16.000000,0.898653
cate8-00269,cate8,3,32,17,0.543945,0.686523,0.033203,0.162109,17,17.000000,0.893883
cate8-00269,cate8,3,33,18,0.592773,0.703125,0.041016,0.226562,18,18.000000,0.893714
cate8-00269,cate8,3,34,19,0.634766,0.689453,0.042969,0.214844,19,19.000000,0.870598
cate8-00269,cate8,3,36,21,0.705078,0.657227,0.105469,0.197266,21,21.000000,0.942066
cate8-00269,cate8,3,37,22,0.762695,0.617188,0.099609,0.179688,22,22.000000,0.950933
cate8-00269,cate8,3,38,23,0.822266,0.590820,0.085938,0.142578,23,23.000000,0.929164
cate8-00269,cate8,3,41,24,0.484375,0.696289,0.031250,0.162109,24,24.000000,0.878429
cate8-00269,cate8,3,42,25,0.455078,0.693359,0.035156,0.179688,25,25.000000,0.839474
cate8-00269,cate8,3,43,26,0.409180,0.697266,0.044922,0.218750,27,26.000000,0.880804
cate8-00269,cate8,3,44,27,0.369141,0.682617,0.042969,0.208984,27,27.000000,0.843917
cate8-00269,cate8,3,47,30,0.226562,0.599609,0.117188,0.164062,30,30.000000,0.936319
cate8-00269,cate8,3,48,31,0.166016,0.565430,0.101562,0.146484,31,31.000000,0.948422
cate8-00274,cate8,4,11,0,0.469727,0.351562,0.044922,0.289062,0,0.000000,0.883907
cate8-00274,cate8,4,12,1,0.433594,0.358398,0.039062,0.255859,1,1.000000,0.882427
cate8-00274,cate8,4,13,2,0.396484,0.359375,0.042969,0.253906,3,2.000000,0.869521
cate8-00274,cate8,4,14,3,0.357422,0.359375,0.050781,0.242188,4,3.000000,0.835627
cate8-00274,cate8,4,15,4,0.317383,0.357422,0.041016,0.238281,4,4.000000,0.870131
cate8-00274,cate8,4,16,5,0.268555,0.344727,0.060547,0.201172,5,5.000000,0.922684
cate8-00274,cate8,4,17,6,0.208984,0.316406,0.058594,0.214844,6,6.000000,0.899842
cate8-00274,cate8,4,21,8,0.509766,0.342773,0.050781,0.287109,0,8.000000,0.917350
cate8-00274,cate8,4,22,9,0.541992,0.326172,0.056641,0.277344,9,9.000000,0.903870
cate8-00274,cate8,4,23,10,0.585938,0.318359,0.050781,0.289062,10,10.000000,0.925126
cate8-00274,cate8,4,24,11,0.624023,0.327148,0.060547,0.251953,10,11.000000,0.932338
cate8-00274,cate8,4,25,12,0.667969,0.326172,0.050781,0.242188,12,12.000000,0.910794
cate8-00274,cate8,4,26,13,0.721680,0.306641,0.068359,0.242188,13,13.000000,0.932271
cate8-00274,cate8,4,27,14,0.779297,0.286133,0.066406,0.240234,14,14.000000,0.900953
cate8-00274,cate8,4,28,15,0.828125,0.234375,0.070312,0.175781,15,15.000000,0.929618
cate8-00274,cate8,4,31,16,0.528320,0.616211,0.052734,0.216797,17,16.000000,0.822409
cate8-00274,cate8,4,32,17,0.555664,0.614258,0.044922,0.240234,18,17.000000,0.873128
cate8-00274,cate8,4,33,18,0.589844,0.622070,0.050781,0.263672,18,18.000000,0.812304
cate8-00274,cate8,4,34,19,0.629883,0.614258,0.064453,0.267578,19,19.000000,0.862040
cate8-00274,cate8,4,35,20,0.666992,0.604492,0.076172,0.259766,20,20.000000,0.839509
cate8-00274,cate8,4,36,21,0.723633,0.582031,0.091797,0.257812,21,21.000000,0.963346
cate8-00274,cate8,4,37,22,0.797852,0.542969,0.107422,0.246094,22,22.000000,0.958024
cate8-00274,cate8,4,38,23,0.875977,0.525391,0.107422,0.156250,23,23.000000,0.876201
cate8-00274,cate8,4,41,24,0.501953,0.603516,0.042969,0.187500,24,24.000000,0.812395
cate8-00274,cate8,4,42,25,0.471680,0.606445,0.041016,0.201172,25,25.000000,0.823300
cate8-00274,cate8,4,43,26,0.437500,0.633789,0.054688,0.251953,26,26.000000,0.926479
cate8-00274,cate8,4,44,27,0.393555,0.622070,0.044922,0.244141,27,27.000000,0.909945
cate8-00274,cate8,4,45,28,0.358398,0.615234,0.052734,0.242188,28,28.000000,0.871094
cate8-00274,cate8,4,46,29,0.291992,0.601562,0.095703,0.261719,29,29.000000,0.931943
cate8-00274,cate8,4,47,30,0.217773,0.566406,0.107422,0.246094,30,30.000000,0.961270
cate8-00274,cate8,4,48,31,0.149414,0.534180,0.095703,0.142578,31,31.000000,0.959563
cate8-00275,cate8,3,13,2,0.418945,0.364258,0.060547,0.208984,3,2.000000,0.871727
cate8-00275,cate8,3,14,3,0.376953,0.376953,0.042969,0.195312,3,3.000000,0.877810
cate8-00275,cate8,3,15,4,0.342773,0.374023,0.037109,0.208984,4,4.000000,0.941283
cate8-00275,cate8,3,16,5,0.287109,0.355469,0.085938,0.214844,6,5.000000,0.913315
cate8-00275,cate8,3,17,6,0.237305,0.354492,0.056641,0.205078,6,6.000000,0.906825
cate8-00275,cate8,3,23,10,0.602539,0.374023,0.044922,0.232422,10,10.000000,0.929428
cate8-00275,cate8,3,24,11,0.636719,0.384766,0.042969,0.203125,11,11.000000,0.860099
cate8-00275,cate8,3,25,12,0.670898,0.376953,0.037109,0.199219,12,12.000000,0.846520
cate8-00275,cate8,3,26,13,0.709961,0.369141,0.048828,0.214844,12,13.000000,0.889611
cate8-00275,cate8,3,31,16,0.496094,0.578125,0.035156,0.175781,24,16.000000,0.909272
cate8-00275,cate8,3,32,17,0.527344,0.571289,0.031250,0.177734,16,17.000000,0.913150
cate8-00275,cate8,3,33,18,0.564453,0.605469,0.035156,0.246094,18,18.000000,0.884440
cate8-00275,cate8,3,34,19,0.599609,0.601562,0.039062,0.210938,19,19.000000,0.888301
cate8-00275,cate8,3,35,20,0.673828,0.599609,0.042969,0.210938,20,20.000000,0.935300
cate8-00275,cate8,3,37,22,0.733398,0.528320,0.083984,0.146484,22,22.000000,0.963931
cate8-00275,cate8,3,41,24,0.458008,0.555664,0.029297,0.142578,25,24.000000,0.865702
cate8-00275,cate8,3,42,25,0.426758,0.556641,0.029297,0.152344,25,25.000000,0.838840
cate8-00275,cate8,3,43,26,0.396484,0.586914,0.039062,0.220703,27,26.000000,0.870627
cate8-00275,cate8,3,44,27,0.359375,0.578125,0.039062,0.203125,27,27.000000,0.949554
cate8-00275,cate8,3,45,28,0.321289,0.572266,0.048828,0.195312,28,28.000000,0.892631
cate8-00275,cate8,3,47,30,0.237305,0.524414,0.087891,0.138672,31,30.000000,0.939760
cate8-00281,cate8,0,11,0,0.472656,0.452148,0.042969,0.232422,0,0.000000,0.651326
cate8-00281,cate8,0,12,1,0.436523,0.437500,0.041016,0.234375,1,1.000000,0.871629
cate8-00281,cate8,0,13,2,0.402344,0.436523,0.039062,0.220703,2,2.000000,0.902385
cate8-00281,cate8,0,15,4,0.328125,0.398438,0.042969,0.214844,4,4.000000,0.925876
cate8-00281,cate8,0,16,5,0.283203,0.405273,0.054688,0.189453,5,6.000000,0.584723
cate8-00281,cate8,0,17,6,0.232422,0.375000,0.054688,0.171875,7,6.000000,0.830101
cate8-00281,cate8,0,21,8,0.510742,0.442383,0.041016,0.205078,8,8.000000,0.598067
cate8-00281,cate8,0,22,9,0.545898,0.429688,0.037109,0.222656,8,9.000000,0.877569
cate8-00281,cate8,0,23,10,0.582031,0.423828,0.042969,0.246094,9,10.000000,0.915822
cate8-00281,cate8,0,24,11,0.615234,0.424805,0.046875,0.193359,11,11.000000,0.821878
cate8-00281,cate8,0,25,12,0.648438,0.437500,0.046875,0.199219,11,12.000000,0.917316
cate8-00281,cate8,0,26,13,0.694336,0.447266,0.064453,0.183594,13,13.000000,0.847120
cate8-00281,cate8,0,27,14,0.747070,0.416016,0.064453,0.187500,14,14.000000,0.903057
cate8-00281,cate8,0,28,15,0.795898,0.382812,0.072266,0.164062,14,15.000000,0.777146
cate8-00281,cate8,0,31,16,0.515625,0.674805,0.031250,0.181641,16,16.000000,0.901031
cate8-00281,cate8,0,32,17,0.540039,0.671875,0.041016,0.187500,17,17.000000,0.872336
cate8-00281,cate8,0,33,18,0.564453,0.690430,0.046875,0.224609,18,18.000000,0.803625
cate8-00281,cate8,0,34,19,0.605469,0.678711,0.046875,0.212891,19,19.000000,0.881723
cate8-00281,cate8,0,35,20,0.651367,0.677734,0.048828,0.203125,19,20.000000,0.929986
cate8-00281,cate8,0,37,22,0.733398,0.633789,0.115234,0.173828,22,22.000000,0.909075
cate8-00281,cate8,0,38,23,0.789062,0.575195,0.109375,0.173828,22,23.000000,0.628986
cate8-00281,cate8,0,41,24,0.494141,0.667969,0.031250,0.171875,24,24.000000,0.798047
cate8-00281,cate8,0,42,25,0.469727,0.678711,0.029297,0.177734,25,25.000000,0.854951
cate8-00281,cate8,0,43,26,0.437500,0.692383,0.039062,0.232422,26,26.000000,0.849704
cate8-00281,cate8,0,44,27,0.407227,0.663086,0.044922,0.205078,27,27.000000,0.868305
cate8-00281,cate8,0,45,28,0.368164,0.655273,0.044922,0.212891,28,28.000000,0.934096
cate8-00281,cate8,0,46,29,0.313477,0.640625,0.076172,0.195312,29,29.000000,0.954385
cate8-00281,cate8,0,48,31,0.236328,0.570312,0.109375,0.144531,30,31.000000,0.824370
cate8-00282,cate8,2,11,0,0.480469,0.497070,0.039062,0.205078,0,0.000000,0.928314
cate8-00282,cate8,2,12,1,0.446289,0.486328,0.033203,0.218750,1,1.000000,0.887731
cate8-00282,cate8,2,13,2,0.408203,0.474609,0.046875,0.250000,2,2.000000,0.839714
cate8-00282,cate8,2,14,3,0.367188,0.469727,0.046875,0.220703,3,3.000000,0.871897
cate8-00282,cate8,2,15,4,0.334961,0.475586,0.052734,0.197266,4,4.000000,0.900831
cate8-00282,cate8,2,16,5,0.286133,0.457031,0.064453,0.160156,5,6.000000,0.732938
cate8-00282,cate8,2,21,8,0.522461,0.500977,0.037109,0.205078,8,8.000000,0.901438
cate8-00282,cate8,2,22,9,0.564453,0.488281,0.035156,0.218750,9,9.000000,0.888624
cate8-00282,cate8,2,23,10,0.606445,0.472656,0.044922,0.246094,10,10.000000,0.899818
cate8-00282,cate8,2,24,11,0.646484,0.489258,0.046875,0.208984,11,11.000000,0.888748
cate8-00282,cate8,2,25,12,0.681641,0.476562,0.054688,0.187500,13,12.000000,0.831611
cate8-00282,cate8,2,26,13,0.731445,0.449219,0.060547,0.187500,13,14.000000,0.825189
cate8-00282,cate8,2,31,16,0.508789,0.713867,0.025391,0.177734,24,24.000000,0.734401
cate8-00282,cate8,2,32,17,0.541016,0.716797,0.039062,0.171875,17,16.000000,0.759633
cate8-00282,cate8,2,33,18,0.564453,0.710938,0.039062,0.183594,17,17.000000,0.760502
cate8-00282,cate8,2,34,19,0.592773,0.720703,0.041016,0.210938,18,19.000000,0.794127
cate8-00282,cate8,2,37,22,0.753906,0.646484,0.125000,0.167969,22,22.000000,0.948449
cate8-00282,cate8,2,41,24,0.480469,0.711914,0.027344,0.181641,24,25.000000,0.863711
cate8-00282,cate8,2,42,25,0.448242,0.716797,0.041016,0.214844,26,26.000000,0.941563
cate8-00282,cate8,2,43,26,0.412109,0.694336,0.046875,0.177734,27,27.000000,0.815264
cate8-00282,cate8,2,46,29,0.278320,0.643555,0.130859,0.162109,30,30.000000,0.935965
cate8-00282,cate8,2,47,30,0.231445,0.586914,0.107422,0.142578,30,31.000000,0.947796
cate8-00287,cate8,1,11,0,0.499023,0.424805,0.044922,0.216797,8,0.000000,0.765733
cate8-00287,cate8,1,12,1,0.461914,0.406250,0.033203,0.238281,1,1.000000,0.897240
cate8-00287,cate8,1,13,2,0.422852,0.388672,0.044922,0.199219,2,2.000000,0.952975
cate8-00287,cate8,1,16,5,0.329102,0.446289,0.080078,0.201172,5,5.000000,0.900627
cate8-00287,cate8,1,17,6,0.280273,0.439453,0.060547,0.226562,5,6.000000,0.895837
cate8-00287,cate8,1,21,8,0.542969,0.427734,0.046875,0.222656,9,8.000000,0.886635
cate8-00287,cate8,1,22,9,0.581055,0.422852,0.033203,0.216797,9,9.000000,0.792315
cate8-00287,cate8,1,23,10,0.616211,0.438477,0.044922,0.216797,11,10.000000,0.773290
cate8-00287,cate8,1,25,12,0.676758,0.472656,0.041016,0.195312,12,12.000000,0.854123
cate8-00287,cate8,1,26,13,0.721680,0.452148,0.056641,0.220703,13,13.000000,0.902405
cate8-00287,cate8,1,27,14,0.768555,0.442383,0.056641,0.185547,14,14.000000,0.919887
cate8-00287,cate8,1,31,16,0.529297,0.646484,0.031250,0.183594,16,16.000000,0.697112
cate8-00287,cate8,1,32,17,0.549805,0.646484,0.029297,0.164062,17,17.000000,0.827994
cate8-00287,cate8,1,33,18,0.585938,0.666992,0.046875,0.201172,18,18.000000,0.922350
cate8-00287,cate8,1,34,19,0.617188,0.663086,0.039062,0.208984,19,19.000000,0.851740
cate8-00287,cate8,1,41,24,0.503906,0.648438,0.023438,0.171875,24,24.000000,0.831166
cate8-00287,cate8,1,42,25,0.479492,0.648438,0.033203,0.187500,24,25.000000,0.806437
cate8-00287,cate8,1,43,26,0.447266,0.660156,0.039062,0.230469,26,26.000000,0.888726
cate8-00287,cate8,1,44,27,0.412109,0.653320,0.039062,0.208984,26,27.000000,0.857554
cate8-00287,cate8,1,45,28,0.374023,0.637695,0.048828,0.208984,27,28.000000,0.578710
cate8-00289,cate8,0,11,0,0.490234,0.452148,0.042969,0.224609,0,0.000000,0.886374
cate8-00289,cate8,0,12,1,0.457031,0.444336,0.050781,0.228516,1,1.000000,0.898305
cate8-00289,cate8,0,13,2,0.411133,0.408203,0.052734,0.257812,2,2.000000,0.866407
cate8-00289,cate8,0,14,3,0.374023,0.450195,0.041016,0.208984,3,3.000000,0.731916
cate8-00289,cate8,0,15,4,0.337891,0.448242,0.039062,0.208984,4,4.000000,0.920711
cate8-00289,cate8,0,16,5,0.290039,0.434570,0.068359,0.212891,5,5.000000,0.926807
cate8-00289,cate8,0,17,6,0.234375,0.409180,0.078125,0.220703,6,6.000000,0.913466
cate8-00289,cate8,0,18,7,0.209961,0.318359,0.080078,0.144531,7,7.000000,0.908202
cate8-00289,cate8,0,21,8,0.529297,0.450195,0.046875,0.220703,8,8.000000,0.896526
cate8-00289,cate8,0,22,9,0.565430,0.453125,0.044922,0.222656,9,9.000000,0.874517
cate8-00289,cate8,0,23,10,0.608398,0.434570,0.048828,0.255859,10,10.000000,0.887003
cate8-00289,cate8,0,25,12,0.681641,0.443359,0.050781,0.199219,13,12.000000,0.866568
cate8-00289,cate8,0,26,13,0.731445,0.442383,0.064453,0.216797,13,13.000000,0.839226
cate8-00289,cate8,0,27,14,0.786133,0.442383,0.072266,0.193359,14,14.000000,0.954028
cate8-00289,cate8,0,28,15,0.800781,0.333008,0.082031,0.130859,15,15.000000,0.894938
cate8-00289,cate8,0,31,16,0.525391,0.662109,0.027344,0.156250,16,16.000000,0.872252
cate8-00289,cate8,0,32,17,0.552734,0.668945,0.031250,0.169922,17,17.000000,0.903018
cate8-00289,cate8,0,33,18,0.587891,0.677734,0.042969,0.222656,18,18.000000,0.769010
cate8-00289,cate8,0,34,19,0.633789,0.664062,0.048828,0.179688,19,19.000000,0.917428
cate8-00289,cate8,0,35,20,0.678711,0.676758,0.048828,0.201172,20,20.000000,0.913031
cate8-00289,cate8,0,38,23,0.826172,0.594727,0.082031,0.150391,23,23.000000,0.935205
cate8-00289,cate8,0,41,24,0.498047,0.661133,0.031250,0.154297,24,24.000000,0.828405
cate8-00289,cate8,0,42,25,0.468750,0.670898,0.039062,0.177734,25,25.000000,0.875656
cate8-00289,cate8,0,43,26,0.429688,0.679688,0.046875,0.226562,26,26.000000,0.902494
cate8-00289,cate8,0,44,27,0.390625,0.671875,0.050781,0.207031,27,27.000000,0.849633
cate8-00289,cate8,0,45,28,0.347656,0.677734,0.058594,0.214844,28,28.000000,0.894470
cate8-00289,cate8,0,47,30,0.225586,0.604492,0.115234,0.142578,30,30.000000,0.936566
cate8-00289,cate8,0,48,31,0.162109,0.555664,0.089844,0.154297,31,31.000000,0.956454
cate8-00293,cate8,2,11,0,0.488281,0.494141,0.035156,0.230469,0,0.000000,0.897406
cate8-00293,cate8,2,12,1,0.458008,0.487305,0.041016,0.244141,1,1.000000,0.875606
cate8-00293,cate8,2,13,2,0.427734,0.490234,0.039062,0.234375,1,2.000000,0.917283
cate8-00293,cate8,2,14,3,0.397461,0.477539,0.044922,0.232422,3,3.000000,0.843626
cate8-00293,cate8,2,15,4,0.364258,0.477539,0.044922,0.228516,3,4.000000,0.883685
cate8-00293,cate8,2,16,5,0.319336,0.494141,0.064453,0.207031,5,5.000000,0.908334
cate8-00293,cate8,2,17,6,0.269531,0.451172,0.066406,0.230469,5,6.000000,0.948846
cate8-00293,cate8,2,18,7,0.219727,0.417969,0.064453,0.222656,6,7.000000,0.928628
cate8-00293,cate8,2,21,8,0.525391,0.487305,0.035156,0.251953,8,8.000000,0.834158
cate8-00293,cate8,2,22,9,0.557617,0.498047,0.037109,0.230469,9,9.000000,0.839400
cate8-00293,cate8,2,23,10,0.590820,0.488281,0.029297,0.250000,10,10.000000,0.802728
cate8-00293,cate8,2,24,11,0.619141,0.480469,0.042969,0.238281,10,11.000000,0.853101
cate8-00293,cate8,2,25,12,0.656250,0.484375,0.046875,0.226562,11,12.000000,0.877072
cate8-00293,cate8,2,26,13,0.698242,0.489258,0.060547,0.244141,13,13.000000,0.891943
cate8-00293,cate8,2,27,14,0.741211,0.439453,0.064453,0.242188,13,14.000000,0.909847
cate8-00293,cate8,2,28,15,0.788086,0.434570,0.064453,0.205078,14,15.000000,0.906245
cate8-00293,cate8,2,31,16,0.521484,0.688477,0.027344,0.158203,16,16.000000,0.854730
cate8-00293,cate8,2,32,17,0.547852,0.692383,0.029297,0.166016,17,17.000000,0.890344
cate8-00293,cate8,2,33,18,0.579102,0.708984,0.033203,0.210938,18,18.000000,0.887014
cate8-00293,cate8,2,34,19,0.610352,0.706055,0.037109,0.220703,19,19.000000,0.895697
cate8-00293,cate8,2,35,20,0.648438,0.704102,0.046875,0.232422,19,20.000000,0.894873
cate8-00293,cate8,2,37,22,0.754883,0.661133,0.107422,0.205078,21,22.000000,0.947012
cate8-00293,cate8,2,38,23,0.818359,0.590820,0.105469,0.162109,23,23.000000,0.968476
cate8-00293,cate8,2,41,24,0.495117,0.682617,0.025391,0.150391,24,24.000000,0.865928
cate8-00293,cate8,2,42,25,0.470703,0.693359,0.027344,0.171875,25,25.000000,0.887812
cate8-00293,cate8,2,43,26,0.441406,0.708984,0.035156,0.214844,26,26.000000,0.914999
cate8-00293,cate8,2,44,27,0.408203,0.707031,0.042969,0.218750,27,27.000000,0.907236
cate8-00293,cate8,2,45,28,0.364258,0.708984,0.060547,0.250000,28,28.000000,0.941412
cate8-00293,cate8,2,47,30,0.250000,0.653320,0.109375,0.220703,30,30.000000,0.920607
cate8-00293,cate8,2,48,31,0.186523,0.581055,0.107422,0.173828,31,31.000000,0.955559
cate8-00296,cate8,1,11,0,0.485352,0.491211,0.041016,0.236328,0,0.000000,0.823308
cate8-00296,cate8,1,12,1,0.451172,0.486328,0.046875,0.195312,1,1.000000,0.879613
cate8-00296,cate8,1,13,2,0.412109,0.446289,0.039062,0.248047,2,2.000000,0.776030
cate8-00296,cate8,1,14,3,0.377930,0.441406,0.048828,0.234375,3,3.000000,0.854205
cate8-00296,cate8,1,15,4,0.340820,0.440430,0.052734,0.212891,4,4.000000,0.887856
cate8-00296,cate8,1,17,6,0.281250,0.408203,0.070312,0.203125,5,6.000000,0.830254
cate8-00296,cate8,1,18,7,0.225586,0.386719,0.056641,0.167969,6,7.000000,0.853255
cate8-00296,cate8,1,21,8,0.524414,0.491211,0.037109,0.232422,8,8.000000,0.774379
cate8-00296,cate8,1,22,9,0.559570,0.496094,0.037109,0.187500,9,9.000000,0.744231
cate8-00296,cate8,1,23,10,0.596680,0.463867,0.041016,0.240234,10,10.000000,0.896721
cate8-00296,cate8,1,24,11,0.627930,0.465820,0.044922,0.205078,11,11.000000,0.822335
cate8-00296,cate8,1,25,12,0.663086,0.453125,0.041016,0.222656,12,12.000000,0.868134
cate8-00296,cate8,1,27,14,0.752930,0.429688,0.064453,0.191406,14,14.000000,0.894699
cate8-00296,cate8,1,28,15,0.793945,0.407227,0.064453,0.146484,15,15.000000,0.907777
cate8-00296,cate8,1,31,16,0.513672,0.695312,0.027344,0.136719,16,16.000000,0.865228
cate8-00296,cate8,1,32,17,0.542969,0.695312,0.031250,0.148438,16,17.000000,0.816052
cate8-00296,cate8,1,33,18,0.577148,0.711914,0.044922,0.193359,18,18.000000,0.865701
cate8-00296,cate8,1,34,19,0.619141,0.708984,0.054688,0.179688,19,19.000000,0.933874
cate8-00296,cate8,1,35,20,0.659180,0.701172,0.060547,0.199219,20,20.000000,0.895601
cate8-00296,cate8,1,37,22,0.764648,0.653320,0.119141,0.177734,22,22.000000,0.967890
cate8-00296,cate8,1,38,23,0.825195,0.590820,0.123047,0.169922,22,23.000000,0.826721
cate8-00296,cate8,1,41,24,0.483398,0.692383,0.029297,0.130859,25,24.000000,0.823699
cate8-00296,cate8,1,42,25,0.444336,0.691406,0.033203,0.156250,27,25.000000,0.891181
cate8-00296,cate8,1,43,26,0.408203,0.705078,0.042969,0.214844,27,26.000000,0.881056
cate8-00296,cate8,1,44,27,0.367188,0.703125,0.050781,0.214844,28,27.000000,0.920609
cate8-00296,cate8,1,45,28,0.323242,0.685547,0.064453,0.203125,28,28.000000,0.894997
cate8-00296,cate8,1,47,30,0.258789,0.644531,0.111328,0.203125,29,29.000000,0.957476
cate8-00296,cate8,1,48,31,0.200195,0.569336,0.115234,0.173828,31,30.000000,0.904903
cate8-00299,cate8,4,11,0,0.467773,0.294922,0.068359,0.296875,2,0.000000,0.843536
cate8-00299,cate8,4,13,2,0.351562,0.291992,0.070312,0.212891,5,2.000000,0.791766
cate8-00299,cate8,4,14,3,0.333008,0.360352,0.064453,0.220703,5,2.000000,0.532754
cate8-00299,cate8,4,17,6,0.165039,0.372070,0.103516,0.224609,6,6.000000,0.518078
cate8-00299,cate8,4,21,8,0.530273,0.301758,0.060547,0.287109,8,8.000000,0.926158
cate8-00299,cate8,4,22,9,0.596680,0.328125,0.072266,0.250000,10,9.000000,0.798992
cate8-00299,cate8,4,23,10,0.636719,0.340820,0.078125,0.255859,10,10.000000,0.787444
cate8-00299,cate8,4,24,11,0.675781,0.352539,0.082031,0.232422,13,11.000000,0.868702
cate8-00299,cate8,4,31,16,0.512695,0.576172,0.041016,0.222656,16,16.000000,0.900582
cate8-00299,cate8,4,32,17,0.547852,0.577148,0.044922,0.216797,17,17.000000,0.939932
cate8-00299,cate8,4,33,18,0.589844,0.607422,0.042969,0.265625,18,18.000000,0.832547
cate8-00299,cate8,4,34,19,0.647461,0.609375,0.048828,0.242188,20,19.000000,0.940246
cate8-00299,cate8,4,35,20,0.703125,0.622070,0.062500,0.263672,20,20.000000,0.955426
cate8-00299,cate8,4,37,22,0.822266,0.554688,0.128906,0.183594,22,22.000000,0.927744
cate8-00299,cate8,4,41,24,0.478516,0.575195,0.035156,0.216797,25,24.000000,0.873390
cate8-00299,cate8,4,42,25,0.441406,0.582031,0.039062,0.222656,26,25.000000,0.853207
cate8-00299,cate8,4,43,26,0.402344,0.595703,0.042969,0.261719,26,26.000000,0.925834
cate8-00299,cate8,4,44,27,0.352539,0.614258,0.052734,0.251953,28,27.000000,0.871099
cate8-00299,cate8,4,45,28,0.273438,0.615234,0.058594,0.273438,28,28.000000,0.952455
cate8-00299,cate8,4,47,30,0.168945,0.571289,0.130859,0.177734,31,30.000000,0.959299
cate8-00303,cate8,3,11,0,0.489258,0.488281,0.041016,0.210938,0,0.000000,0.905309
cate8-00303,cate8,3,12,1,0.449219,0.469727,0.039062,0.201172,1,1.000000,0.888307
cate8-00303,cate8,3,13,2,0.408203,0.446289,0.050781,0.240234,2,2.000000,0.891764
cate8-00303,cate8,3,14,3,0.372070,0.449219,0.052734,0.218750,3,3.000000,0.924395
cate8-00303,cate8,3,15,4,0.331055,0.449219,0.044922,0.207031,4,4.000000,0.891409
cate8-00303,cate8,3,17,6,0.210938,0.454102,0.074219,0.205078,6,6.000000,0.921389
cate8-00303,cate8,3,21,8,0.532227,0.487305,0.044922,0.208984,8,8.000000,0.920065
cate8-00303,cate8,3,22,9,0.568359,0.460938,0.035156,0.203125,9,9.000000,0.917679
cate8-00303,cate8,3,23,10,0.608398,0.441406,0.044922,0.246094,10,10.000000,0.906429
cate8-00303,cate8,3,24,11,0.642578,0.448242,0.054688,0.224609,11,11.000000,0.925062
cate8-00303,cate8,3,26,13,0.703125,0.456055,0.062500,0.228516,13,13.000000,0.867006
cate8-00303,cate8,3,27,14,0.763672,0.484375,0.062500,0.199219,13,14.000000,0.926343
cate8-00303,cate8,3,31,16,0.525391,0.673828,0.027344,0.117188,16,16.000000,0.848391
cate8-00303,cate8,3,32,17,0.554688,0.669922,0.031250,0.144531,17,17.000000,0.890103
cate8-00303,cate8,3,33,18,0.599609,0.700195,0.046875,0.208984,19,18.000000,0.897063
cate8-00303,cate8,3,34,19,0.636719,0.691406,0.046875,0.187500,19,19.000000,0.897104
cate8-00303,cate8,3,35,20,0.692383,0.693359,0.056641,0.195312,20,20.000000,0.900188
cate8-00303,cate8,3,41,24,0.498047,0.675781,0.027344,0.125000,24,24.000000,0.836439
cate8-00303,cate8,3,42,25,0.464844,0.673828,0.031250,0.132812,25,25.000000,0.882563
cate8-00303,cate8,3,43,26,0.419922,0.683594,0.050781,0.179688,26,26.000000,0.926634
cate8-00303,cate8,3,44,27,0.384766,0.681641,0.054688,0.195312,27,27.000000,0.958405
cate8-00303,cate8,3,45,28,0.338867,0.674805,0.052734,0.201172,28,28.000000,0.930953
cate8-00303,cate8,3,46,29,0.276367,0.642578,0.091797,0.207031,29,29.000000,0.922954
cate8-00305,cate8,2,11,0,0.502930,0.425781,0.041016,0.246094,0,0.000000,0.882149
cate8-00305,cate8,2,12,1,0.477539,0.426758,0.033203,0.216797,1,1.000000,0.841506
cate8-00305,cate8,2,13,2,0.444336,0.417969,0.044922,0.242188,1,2.000000,0.847147
cate8-00305,cate8,2,15,4,0.407227,0.403320,0.056641,0.244141,2,3.000000,0.829588
cate8-00305,cate8,2,16,5,0.357422,0.387695,0.070312,0.224609,3,5.000000,0.932265
cate8-00305,cate8,2,17,6,0.303711,0.382812,0.072266,0.195312,5,6.000000,0.910446
cate8-00305,cate8,2,21,8,0.539062,0.433594,0.039062,0.234375,8,8.000000,0.871621
cate8-00305,cate8,2,22,9,0.569336,0.442383,0.025391,0.201172,9,9.000000,0.854876
cate8-00305,cate8,2,23,10,0.600586,0.423828,0.037109,0.250000,10,10.000000,0.871038
cate8-00305,cate8,2,24,11,0.629883,0.430664,0.044922,0.228516,11,11.000000,0.836547
cate8-00305,cate8,2,25,12,0.659180,0.424805,0.041016,0.208984,12,12.000000,0.913967
cate8-00305,cate8,2,26,13,0.702148,0.416016,0.060547,0.203125,13,13.000000,0.918408
cate8-00305,cate8,2,27,14,0.744141,0.393555,0.062500,0.177734,13,14.000000,0.922482
cate8-00305,cate8,2,31,16,0.524414,0.648438,0.025391,0.160156,16,16.000000,0.810824
cate8-00305,cate8,2,32,17,0.548828,0.658203,0.027344,0.183594,17,17.000000,0.804035
cate8-00305,cate8,2,33,18,0.581055,0.675781,0.041016,0.210938,18,18.000000,0.861914
cate8-00305,cate8,2,34,19,0.616211,0.669922,0.052734,0.210938,19,19.000000,0.875043
cate8-00305,cate8,2,35,20,0.647461,0.652344,0.048828,0.195312,20,20.000000,0.905126
cate8-00305,cate8,2,36,21,0.706055,0.621094,0.103516,0.199219,21,21.000000,0.953046
cate8-00305,cate8,2,37,22,0.747070,0.569336,0.080078,0.177734,22,22.000000,0.923473
cate8-00305,cate8,2,41,24,0.504883,0.654297,0.025391,0.175781,16,24.000000,0.773610
cate8-00305,cate8,2,42,25,0.482422,0.649414,0.031250,0.166016,24,25.000000,0.867071
cate8-00305,cate8,2,43,26,0.451172,0.652344,0.039062,0.191406,26,26.000000,0.909257
cate8-00305,cate8,2,44,27,0.416992,0.655273,0.048828,0.208984,27,27.000000,0.925140
cate8-00305,cate8,2,45,28,0.380859,0.655273,0.050781,0.220703,27,28.000000,0.920476
cate8-00305,cate8,2,46,29,0.325195,0.612305,0.115234,0.205078,29,29.000000,0.943977
cate8-00305,cate8,2,47,30,0.273438,0.574219,0.089844,0.203125,30,30.000000,0.923802
cate8-00310,cate8,0,11,0,0.484375,0.465820,0.050781,0.236328,0,0.000000,0.850089
cate8-00310,cate8,0,12,1,0.457031,0.465820,0.062500,0.228516,1,1.000000,0.854557
cate8-00310,cate8,0,13,2,0.422852,0.426758,0.048828,0.236328,2,2.000000,0.856737
cate8-00310,cate8,0,14,3,0.398438,0.464844,0.054688,0.218750,3,3.000000,0.868799
cate8-00310,cate8,0,15,4,0.359375,0.477539,0.046875,0.181641,4,4.000000,0.864500
cate8-00310,cate8,0,16,5,0.303711,0.468750,0.060547,0.187500,5,5.000000,0.924502
cate8-00310,cate8,0,17,6,0.250977,0.458008,0.064453,0.162109,6,6.000000,0.914793
cate8-00310,cate8,0,18,7,0.220703,0.370117,0.070312,0.123047,7,7.000000,0.921214
cate8-00310,cate8,0,21,8,0.525391,0.469727,0.050781,0.232422,8,8.000000,0.798436
cate8-00310,cate8,0,22,9,0.566406,0.474609,0.035156,0.195312,9,9.000000,0.894386
cate8-00310,cate8,0,23,10,0.605469,0.457031,0.042969,0.238281,10,10.000000,0.844544
cate8-00310,cate8,0,24,11,0.639648,0.463867,0.048828,0.201172,11,11.000000,0.843499
cate8-00310,cate8,0,25,12,0.677734,0.454102,0.050781,0.208984,12,12.000000,0.920919
cate8-00310,cate8,0,26,13,0.728516,0.450195,0.058594,0.181641,13,13.000000,0.820068
cate8-00310,cate8,0,27,14,0.775391,0.423828,0.066406,0.160156,14,14.000000,0.677815
cate8-00310,cate8,0,31,16,0.531250,0.684570,0.023438,0.142578,16,16.000000,0.870056
cate8-00310,cate8,0,32,17,0.557617,0.693359,0.037109,0.179688,17,17.000000,0.892739
cate8-00310,cate8,0,33,18,0.593750,0.716797,0.046875,0.222656,18,18.000000,0.859150
cate8-00310,cate8,0,34,19,0.634766,0.701172,0.054688,0.207031,20,19.000000,0.870453
cate8-00310,cate8,0,35,20,0.675781,0.685547,0.050781,0.183594,20,20.000000,0.907281
cate8-00310,cate8,0,36,21,0.724609,0.659180,0.093750,0.197266,21,21.000000,0.942974
cate8-00310,cate8,0,37,22,0.791992,0.603516,0.103516,0.179688,22,22.000000,0.960600
cate8-00310,cate8,0,38,23,0.851562,0.585938,0.066406,0.117188,23,23.000000,0.899595
cate8-00310,cate8,0,41,24,0.510742,0.681641,0.041016,0.160156,24,24.000000,0.821722
cate8-00310,cate8,0,42,25,0.483398,0.686523,0.048828,0.177734,25,25.000000,0.835762
cate8-00310,cate8,0,43,26,0.440430,0.723633,0.052734,0.232422,26,26.000000,0.905419
cate8-00310,cate8,0,44,27,0.403320,0.695312,0.056641,0.203125,27,27.000000,0.927619
cate8-00310,cate8,0,45,28,0.357422,0.701172,0.070312,0.214844,28,28.000000,0.870692
cate8-00310,cate8,0,46,29,0.300781,0.678711,0.089844,0.201172,29,29.000000,0.935424
cate8-00310,cate8,0,47,30,0.230469,0.638672,0.105469,0.187500,30,30.000000,0.936299
cate8-00310,cate8,0,48,31,0.168945,0.620117,0.072266,0.123047,31,31.000000,0.926806
cate8-00311,cate8,3,11,0,0.477539,0.392578,0.048828,0.250000,0,0.000000,0.893211
cate8-00311,cate8,3,12,1,0.435547,0.390625,0.058594,0.253906,2,1.000000,0.876424
cate8-00311,cate8,3,13,2,0.379883,0.377930,0.064453,0.302734,2,2.000000,0.886802
cate8-00311,cate8,3,14,3,0.342773,0.409180,0.052734,0.232422,3,3.000000,0.876871
cate8-00311,cate8,3,15,4,0.295898,0.415039,0.044922,0.224609,4,4.000000,0.930393
cate8-00311,cate8,3,16,5,0.241211,0.403320,0.068359,0.216797,6,5.000000,0.895473
cate8-00311,cate8,3,17,6,0.176758,0.378906,0.064453,0.207031,6,6.000000,0.911983
cate8-00311,cate8,3,21,8,0.526367,0.401367,0.056641,0.232422,8,8.000000,0.864008
cate8-00311,cate8,3,22,9,0.578125,0.403320,0.054688,0.228516,10,9.000000,0.893845
cate8-00311,cate8,3,23,10,0.620117,0.381836,0.056641,0.298828,10,10.000000,0.918285
cate8-00311,cate8,3,24,11,0.653320,0.401367,0.044922,0.240234,11,11.000000,0.932851
cate8-00311,cate8,3,25,12,0.695312,0.403320,0.042969,0.220703,12,12.000000,0.894253
cate8-00311,cate8,3,27,14,0.784180,0.394531,0.060547,0.214844,14,14.000000,0.941553
cate8-00311,cate8,3,28,15,0.840820,0.363281,0.060547,0.214844,14,15.000000,0.894988
cate8-00311,cate8,3,31,16,0.526367,0.625977,0.033203,0.181641,16,16.000000,0.880718
cate8-00311,cate8,3,32,17,0.560547,0.630859,0.039062,0.187500,17,17.000000,0.917214
cate8-00311,cate8,3,33,18,0.601562,0.649414,0.042969,0.255859,19,18.000000,0.902817
cate8-00311,cate8,3,34,19,0.649414,0.646484,0.052734,0.238281,19,19.000000,0.917624
cate8-00311,cate8,3,35,20,0.692383,0.643555,0.072266,0.216797,21,20.000000,0.864172
cate8-00311,cate8,3,36,21,0.756836,0.625977,0.095703,0.212891,22,21.000000,0.772268
cate8-00311,cate8,3,37,22,0.820312,0.565430,0.101562,0.189453,22,22.000000,0.939662
cate8-00311,cate8,3,41,24,0.496094,0.634766,0.035156,0.210938,24,24.000000,0.866597
cate8-00311,cate8,3,42,25,0.460938,0.638672,0.039062,0.210938,25,25.000000,0.819428
cate8-00311,cate8,3,43,26,0.419922,0.649414,0.050781,0.251953,26,26.000000,0.880955
cate8-00311,cate8,3,44,27,0.372070,0.650391,0.048828,0.234375,28,27.000000,0.925330
cate8-00311,cate8,3,45,28,0.328125,0.646484,0.054688,0.218750,28,28.000000,0.873223
cate8-00311,cate8,3,46,29,0.239258,0.619141,0.115234,0.195312,30,30.000000,0.915057
cate8-00311,cate8,3,47,30,0.166992,0.571289,0.115234,0.193359,31,30.000000,0.943910
cate8-00317,cate8,4,11,0,0.493164,0.458008,0.052734,0.244141,0,0.000000,0.945264
cate8-00317,cate8,4,12,1,0.458008,0.445312,0.056641,0.242188,1,1.000000,0.893594
cate8-00317,cate8,4,13,2,0.417969,0.416992,0.054688,0.275391,2,2.000000,0.869077
cate8-00317,cate8,4,14,3,0.375977,0.407227,0.052734,0.275391,3,3.000000,0.898339
cate8-00317,cate8,4,15,4,0.340820,0.413086,0.048828,0.232422,4,4.000000,0.867511
cate8-00317,cate8,4,16,5,0.291016,0.395508,0.062500,0.232422,5,5.000000,0.892916
cate8-00317,cate8,4,17,6,0.243164,0.356445,0.068359,0.228516,6,6.000000,0.875706
cate8-00317,cate8,4,21,8,0.531250,0.462891,0.042969,0.246094,8,8.000000,0.895885
cate8-00317,cate8,4,22,9,0.571289,0.460938,0.037109,0.234375,9,9.000000,0.844173
cate8-00317,cate8,4,23,10,0.610352,0.451172,0.041016,0.242188,10,10.000000,0.897114
cate8-00317,cate8,4,24,11,0.643555,0.455078,0.048828,0.218750,11,11.000000,0.906327
cate8-00317,cate8,4,25,12,0.674805,0.417969,0.048828,0.250000,12,12.000000,0.862778
cate8-00317,cate8,4,26,13,0.723633,0.416992,0.064453,0.208984,13,13.000000,0.833556
cate8-00317,cate8,4,27,14,0.775391,0.385742,0.066406,0.197266,14,15.000000,0.864609
cate8-00317,cate8,4,31,16,0.527344,0.686523,0.031250,0.169922,16,16.000000,0.837367
cate8-00317,cate8,4,32,17,0.553711,0.693359,0.029297,0.175781,17,17.000000,0.876155
cate8-00317,cate8,4,33,18,0.589844,0.701172,0.039062,0.218750,18,18.000000,0.889758
cate8-00317,cate8,4,34,19,0.625977,0.694336,0.037109,0.220703,19,19.000000,0.904482
cate8-00317,cate8,4,35,20,0.671875,0.678711,0.066406,0.220703,20,20.000000,0.925106
cate8-00317,cate8,4,36,21,0.720703,0.649414,0.093750,0.224609,21,21.000000,0.930653
cate8-00317,cate8,4,37,22,0.786133,0.596680,0.099609,0.189453,22,22.000000,0.904771
cate8-00317,cate8,4,41,24,0.499023,0.676758,0.029297,0.154297,24,24.000000,0.837100
cate8-00317,cate8,4,42,25,0.470703,0.685547,0.031250,0.179688,25,25.000000,0.877139
cate8-00317,cate8,4,43,26,0.437500,0.679688,0.039062,0.199219,26,26.000000,0.940773
cate8-00317,cate8,4,44,27,0.399414,0.667969,0.041016,0.199219,27,27.000000,0.950495
cate8-00317,cate8,4,45,28,0.351562,0.666016,0.066406,0.222656,28,28.000000,0.931696
cate8-00317,cate8,4,46,29,0.294922,0.637695,0.105469,0.224609,29,29.000000,0.893635
cate8-00317,cate8,4,47,30,0.221680,0.578125,0.099609,0.199219,30,30.000000,0.853186
cate8-00318,cate8,0,11,0,0.485352,0.402344,0.056641,0.230469,0,0.000000,0.897136
cate8-00318,cate8,0,12,1,0.443359,0.415039,0.058594,0.240234,1,1.000000,0.823595
cate8-00318,cate8,0,13,2,0.405273,0.404297,0.060547,0.285156,2,2.000000,0.859149
cate8-00318,cate8,0,14,3,0.375977,0.440430,0.056641,0.240234,3,3.000000,0.881142
cate8-00318,cate8,0,15,4,0.336914,0.429688,0.064453,0.253906,4,4.000000,0.919176
cate8-00318,cate8,0,16,5,0.294922,0.442383,0.070312,0.220703,5,5.000000,0.935293
cate8-00318,cate8,0,17,6,0.237305,0.426758,0.060547,0.224609,6,6.000000,0.944646
cate8-00318,cate8,0,18,7,0.185547,0.416992,0.062500,0.189453,7,7.000000,0.923368
cate8-00318,cate8,0,21,8,0.532227,0.393555,0.041016,0.236328,8,8.000000,0.898248
cate8-00318,cate8,0,22,9,0.572266,0.401367,0.039062,0.244141,9,9.000000,0.878109
cate8-00318,cate8,0,23,10,0.613281,0.379883,0.050781,0.318359,10,10.000000,0.878315
cate8-00318,cate8,0,24,11,0.648438,0.406250,0.042969,0.238281,11,11.000000,0.820010
cate8-00318,cate8,0,25,12,0.689453,0.407227,0.050781,0.232422,12,12.000000,0.902723
cate8-00318,cate8,0,26,13,0.735352,0.429688,0.064453,0.214844,13,13.000000,0.875522
cate8-00318,cate8,0,27,14,0.792969,0.416992,0.054688,0.185547,14,14.000000,0.860736
cate8-00318,cate8,0,28,15,0.848633,0.403320,0.064453,0.166016,15,15.000000,0.922698
cate8-00318,cate8,0,31,16,0.533203,0.634766,0.031250,0.179688,17,16.000000,0.860968
cate8-00318,cate8,0,32,17,0.559570,0.634766,0.033203,0.199219,17,17.000000,0.856154
cate8-00318,cate8,0,33,18,0.594727,0.665039,0.044922,0.283203,18,18.000000,0.872396
cate8-00318,cate8,0,34,19,0.629883,0.655273,0.041016,0.244141,19,19.000000,0.864474
cate8-00318,cate8,0,35,20,0.672852,0.662109,0.044922,0.246094,20,20.000000,0.924811
cate8-00318,cate8,0,37,22,0.784180,0.628906,0.095703,0.191406,22,22.000000,0.967099
cate8-00318,cate8,0,41,24,0.509766,0.630859,0.031250,0.171875,16,24.000000,0.810013
cate8-00318,cate8,0,42,25,0.486328,0.639648,0.035156,0.201172,24,25.000000,0.832000
cate8-00318,cate8,0,43,26,0.458008,0.670898,0.048828,0.251953,26,26.000000,0.844958
cate8-00318,cate8,0,44,27,0.417969,0.682617,0.046875,0.244141,26,27.000000,0.909910
cate8-00318,cate8,0,45,28,0.379883,0.684570,0.052734,0.248047,27,28.000000,0.855227
cate8-00318,cate8,0,46,29,0.326172,0.647461,0.085938,0.189453,29,29.000000,0.898952
cate8-00318,cate8,0,47,30,0.250000,0.654297,0.082031,0.199219,30,30.000000,0.884825
cate8-00318,cate8,0,48,31,0.179688,0.606445,0.113281,0.189453,30,31.000000,0.922921
cate8-00323,cate8,2,11,0,0.501953,0.452148,0.042969,0.224609,0,0.000000,0.871744
cate8-00323,cate8,2,12,1,0.458984,0.445312,0.039062,0.230469,1,1.000000,0.889052
cate8-00323,cate8,2,13,2,0.418945,0.416016,0.052734,0.273438,2,2.000000,0.921432
cate8-00323,cate8,2,14,3,0.377930,0.429688,0.056641,0.242188,3,3.000000,0.864524
cate8-00323,cate8,2,15,4,0.334961,0.427734,0.041016,0.214844,4,4.000000,0.845834
cate8-00323,cate8,2,17,6,0.253906,0.407227,0.066406,0.205078,5,6.000000,0.901006
cate8-00323,cate8,2,18,7,0.200195,0.394531,0.068359,0.175781,7,7.000000,0.912456
cate8-00323,cate8,2,21,8,0.541992,0.452148,0.044922,0.228516,8,8.000000,0.859752
cate8-00323,cate8,2,22,9,0.581055,0.468750,0.037109,0.214844,9,9.000000,0.883341
cate8-00323,cate8,2,23,10,0.618164,0.437500,0.041016,0.253906,10,10.000000,0.911802
cate8-00323,cate8,2,24,11,0.651367,0.441406,0.044922,0.226562,11,11.000000,0.889223
cate8-00323,cate8,2,25,12,0.686523,0.444336,0.041016,0.224609,12,12.000000,0.926040
cate8-00323,cate8,2,26,13,0.736328,0.456055,0.062500,0.224609,13,13.000000,0.949554
cate8-00323,cate8,2,27,14,0.791016,0.436523,0.058594,0.201172,15,14.000000,0.902606
cate8-00323,cate8,2,28,15,0.843750,0.407227,0.062500,0.181641,14,15.000000,0.902236
cate8-00323,cate8,2,31,16,0.560547,0.663086,0.050781,0.162109,18,16.000000,0.560613
cate8-00323,cate8,2,32,17,0.590820,0.674805,0.052734,0.166016,19,17.000000,0.846247
cate8-00323,cate8,2,33,18,0.623047,0.693359,0.050781,0.234375,19,18.000000,0.873636
cate8-00323,cate8,2,34,19,0.657227,0.700195,0.044922,0.244141,20,19.000000,0.918378
cate8-00323,cate8,2,35,20,0.691406,0.688477,0.050781,0.220703,20,20.000000,0.939322
cate8-00323,cate8,2,37,22,0.819336,0.636719,0.115234,0.195312,22,22.000000,0.936118
cate8-00323,cate8,2,38,23,0.869141,0.572266,0.101562,0.175781,23,23.000000,0.952383
cate8-00323,cate8,2,41,24,0.519531,0.663086,0.027344,0.162109,16,,
cate8-00323,cate8,2,42,25,0.487305,0.669922,0.037109,0.175781,24,25.000000,0.766971
cate8-00323,cate8,2,43,26,0.447266,0.677734,0.042969,0.207031,26,26.000000,0.865295
cate8-00323,cate8,2,44,27,0.405273,0.681641,0.060547,0.218750,27,27.000000,0.944902
cate8-00323,cate8,2,45,28,0.358398,0.668945,0.072266,0.216797,28,28.000000,0.925791
cate8-00323,cate8,2,46,29,0.300781,0.644531,0.105469,0.218750,29,29.000000,0.956651
cate8-00323,cate8,2,47,30,0.224609,0.616211,0.109375,0.205078,30,30.000000,0.928157
cate8-00323,cate8,2,48,31,0.172852,0.546875,0.099609,0.164062,31,31.000000,0.954321
cate8-00325,cate8,2,11,0,0.477539,0.443359,0.041016,0.230469,0,0.000000,0.921327
cate8-00325,cate8,2,12,1,0.440430,0.414062,0.041016,0.289062,2,1.000000,0.876033
cate8-00325,cate8,2,13,2,0.403320,0.409180,0.056641,0.298828,2,2.000000,0.846848
cate8-00325,cate8,2,14,3,0.374023,0.437500,0.048828,0.238281,3,3.000000,0.882034
cate8-00325,cate8,2,15,4,0.346680,0.439453,0.044922,0.222656,4,4.000000,0.667712
cate8-00325,cate8,2,16,5,0.301758,0.424805,0.056641,0.240234,4,5.000000,0.917489
cate8-00325,cate8,2,17,6,0.256836,0.417969,0.052734,0.191406,6,6.000000,0.935784
cate8-00325,cate8,2,18,7,0.210938,0.404297,0.070312,0.183594,7,7.000000,0.901559
cate8-00325,cate8,2,21,8,0.526367,0.440430,0.064453,0.244141,8,8.000000,0.914118
cate8-00325,cate8,2,22,9,0.553711,0.437500,0.048828,0.242188,8,9.000000,0.890632
cate8-00325,cate8,2,23,10,0.588867,0.416992,0.044922,0.283203,10,10.000000,0.869154
cate8-00325,cate8,2,24,11,0.622070,0.432617,0.044922,0.244141,11,11.000000,0.899942
cate8-00325,cate8,2,25,12,0.655273,0.434570,0.041016,0.220703,12,12.000000,0.905995
cate8-00325,cate8,2,26,13,0.698242,0.420898,0.060547,0.216797,13,13.000000,0.952779
cate8-00325,cate8,2,27,14,0.753906,0.400391,0.054688,0.218750,14,14.000000,0.921496
cate8-00325,cate8,2,28,15,0.797852,0.394531,0.052734,0.191406,15,15.000000,0.919607
cate8-00325,cate8,2,31,16,0.501953,0.679688,0.031250,0.187500,24,16.000000,0.836371
cate8-00325,cate8,2,32,17,0.528320,0.677734,0.033203,0.210938,16,17.000000,0.891812
cate8-00325,cate8,2,33,18,0.562500,0.687500,0.042969,0.242188,18,18.000000,0.863618
cate8-00325,cate8,2,34,19,0.618164,0.671875,0.068359,0.218750,19,19.000000,0.725323
cate8-00325,cate8,2,36,21,0.682617,0.651367,0.056641,0.205078,20,20.000000,0.904048
cate8-00325,cate8,2,37,22,0.750977,0.613281,0.107422,0.179688,22,22.000000,0.940812
cate8-00325,cate8,2,38,23,0.800781,0.560547,0.093750,0.140625,23,23.000000,0.947177
cate8-00325,cate8,2,41,24,0.473633,0.672852,0.033203,0.177734,25,24.000000,0.772466
cate8-00325,cate8,2,42,25,0.447266,0.672852,0.039062,0.193359,26,25.000000,0.868050
cate8-00325,cate8,2,43,26,0.410156,0.687500,0.058594,0.234375,27,26.000000,0.912754
cate8-00325,cate8,2,44,27,0.377930,0.677734,0.048828,0.218750,27,27.000000,0.934045
cate8-00325,cate8,2,45,28,0.331055,0.689453,0.068359,0.226562,28,28.000000,0.905950
cate8-00325,cate8,2,46,29,0.291992,0.651367,0.091797,0.193359,29,29.000000,0.957127
cate8-00325,cate8,2,47,30,0.230469,0.616211,0.101562,0.197266,30,30.000000,0.933088
cate8-00325,cate8,2,48,31,0.183594,0.566406,0.082031,0.160156,31,31.000000,0.933527
cate8-00329,cate8,2,11,0,0.488281,0.459961,0.046875,0.259766,0,0.000000,0.931852
cate8-00329,cate8,2,12,1,0.448242,0.459961,0.041016,0.232422,1,1.000000,0.834288
cate8-00329,cate8,2,13,2,0.412109,0.461914,0.050781,0.240234,2,2.000000,0.903125
cate8-00329,cate8,2,14,3,0.373047,0.467773,0.050781,0.201172,3,3.000000,0.817551
cate8-00329,cate8,2,15,4,0.339844,0.468750,0.054688,0.183594,4,4.000000,0.808525
cate8-00329,cate8,2,16,5,0.282227,0.436523,0.060547,0.205078,5,5.000000,0.890782
cate8-00329,cate8,2,17,6,0.231445,0.419922,0.068359,0.175781,6,6.000000,0.890287
cate8-00329,cate8,2,18,7,0.205078,0.326172,0.058594,0.152344,7,7.000000,0.917047
cate8-00329,cate8,2,21,8,0.533203,0.472656,0.042969,0.222656,8,8.000000,0.938164
cate8-00329,cate8,2,22,9,0.569336,0.470703,0.041016,0.199219,9,9.000000,0.892495
cate8-00329,cate8,2,23,10,0.607422,0.456055,0.042969,0.251953,10,10.000000,0.936155
cate8-00329,cate8,2,24,11,0.644531,0.465820,0.042969,0.189453,11,11.000000,0.925962
cate8-00329,cate8,2,25,12,0.680664,0.465820,0.041016,0.173828,12,12.000000,0.927916
cate8-00329,cate8,2,26,13,0.730469,0.440430,0.054688,0.193359,14,13.000000,0.918486
cate8-00329,cate8,2,27,14,0.780273,0.416016,0.060547,0.175781,14,14.000000,0.912111
cate8-00329,cate8,2,28,15,0.806641,0.325195,0.062500,0.142578,15,15.000000,0.924753
cate8-00329,cate8,2,31,16,0.533203,0.705078,0.042969,0.183594,17,16.000000,0.855280
cate8-00329,cate8,2,32,17,0.559570,0.701172,0.041016,0.179688,17,17.000000,0.909196
cate8-00329,cate8,2,33,18,0.602539,0.708008,0.064453,0.205078,18,18.000000,0.909148
cate8-00329,cate8,2,34,19,0.631836,0.695312,0.052734,0.199219,19,19.000000,0.939410
cate8-00329,cate8,2,35,20,0.664062,0.683594,0.050781,0.175781,20,20.000000,0.926292
cate8-00329,cate8,2,36,21,0.730469,0.677734,0.105469,0.222656,21,21.000000,0.951519
cate8-00329,cate8,2,37,22,0.783203,0.615234,0.097656,0.156250,22,22.000000,0.942589
cate8-00329,cate8,2,38,23,0.833984,0.575195,0.089844,0.134766,23,23.000000,0.954674
cate8-00329,cate8,2,41,24,0.504883,0.701172,0.037109,0.179688,24,24.000000,0.828952
cate8-00329,cate8,2,42,25,0.472656,0.696289,0.035156,0.169922,25,25.000000,0.867516
cate8-00329,cate8,2,43,26,0.439453,0.703125,0.042969,0.207031,26,26.000000,0.912633
cate8-00329,cate8,2,44,27,0.399414,0.698242,0.041016,0.205078,27,27.000000,0.886176
cate8-00329,cate8,2,45,28,0.362305,0.687500,0.048828,0.179688,28,28.000000,0.923243
cate8-00329,cate8,2,47,30,0.250977,0.621094,0.107422,0.156250,31,30.000000,0.952929
cate8-00329,cate8,2,48,31,0.183594,0.568359,0.097656,0.144531,31,31.000000,0.920739
cate8-00332,cate8,0,11,0,0.452148,0.330078,0.044922,0.218750,1,0.000000,0.897219
cate8-00332,cate8,0,12,1,0.414062,0.346680,0.035156,0.189453,1,1.000000,0.822031
cate8-00332,cate8,0,17,6,0.237305,0.345703,0.060547,0.210938,6,6.000000,0.923843
cate8-00332,cate8,0,18,7,0.200195,0.374023,0.044922,0.150391,7,,
cate8-00332,cate8,0,21,8,0.493164,0.315430,0.052734,0.220703,0,8.000000,0.877060
cate8-00332,cate8,0,23,10,0.585938,0.278320,0.058594,0.263672,10,11.000000,0.644347
cate8-00332,cate8,0,31,16,0.507812,0.530273,0.031250,0.154297,16,16.000000,0.862096
cate8-00332,cate8,0,32,17,0.531250,0.540039,0.031250,0.197266,8,17.000000,0.866017
cate8-00332,cate8,0,33,18,0.572266,0.559570,0.050781,0.224609,18,18.000000,0.743224
cate8-00332,cate8,0,34,19,0.609375,0.564453,0.054688,0.226562,19,19.000000,0.857230
cate8-00332,cate8,0,38,23,0.790039,0.498047,0.158203,0.160156,22,22.000000,0.942889
cate8-00332,cate8,0,41,24,0.482422,0.540039,0.039062,0.154297,0,24.000000,0.851712
cate8-00332,cate8,0,42,25,0.456055,0.548828,0.037109,0.164062,25,25.000000,0.864508
cate8-00332,cate8,0,43,26,0.419922,0.569336,0.042969,0.185547,26,26.000000,0.857711
cate8-00332,cate8,0,44,27,0.381836,0.593750,0.041016,0.222656,27,27.000000,0.865007
cate8-00332,cate8,0,45,28,0.345703,0.587891,0.042969,0.199219,28,28.000000,0.608441
cate8-00335,cate8,2,11,0,0.482422,0.452148,0.046875,0.212891,0,0.000000,0.754349
cate8-00335,cate8,2,13,2,0.430664,0.420898,0.052734,0.248047,2,2.000000,0.925631
cate8-00335,cate8,2,14,3,0.394531,0.418945,0.050781,0.232422,3,3.000000,0.918799
cate8-00335,cate8,2,15,4,0.353516,0.409180,0.042969,0.228516,4,4.000000,0.870364
cate8-00335,cate8,2,16,5,0.304688,0.408203,0.058594,0.199219,5,5.000000,0.944872
cate8-00335,cate8,2,17,6,0.250000,0.398438,0.058594,0.191406,6,6.000000,0.828764
cate8-00335,cate8,2,18,7,0.198242,0.400391,0.048828,0.199219,7,7.000000,0.639182
cate8-00335,cate8,2,21,8,0.539062,0.458008,0.042969,0.220703,8,8.000000,0.927084
cate8-00335,cate8,2,23,10,0.591797,0.460938,0.039062,0.226562,10,10.000000,0.860609
cate8-00335,cate8,2,24,11,0.631836,0.455078,0.044922,0.226562,11,11.000000,0.931181
cate8-00335,cate8,2,25,12,0.670898,0.442383,0.041016,0.212891,12,12.000000,0.919626
cate8-00335,cate8,2,26,13,0.714844,0.459961,0.058594,0.166016,13,13.000000,0.910020
cate8-00335,cate8,2,27,14,0.769531,0.433594,0.054688,0.191406,14,14.000000,0.929704
cate8-00335,cate8,2,28,15,0.816406,0.406250,0.054688,0.179688,15,15.000000,0.922816
cate8-00335,cate8,2,31,16,0.510742,0.662109,0.029297,0.152344,16,16.000000,0.813122
cate8-00335,cate8,2,32,17,0.538086,0.665039,0.033203,0.162109,17,17.000000,0.837103
cate8-00335,cate8,2,33,18,0.567383,0.680664,0.037109,0.193359,17,18.000000,0.853207
cate8-00335,cate8,2,34,19,0.606445,0.681641,0.048828,0.210938,19,19.000000,0.938571
cate8-00335,cate8,2,35,20,0.646484,0.667969,0.066406,0.191406,20,20.000000,0.920258
cate8-00335,cate8,2,36,21,0.703125,0.658203,0.097656,0.214844,21,21.000000,0.960473
cate8-00335,cate8,2,37,22,0.768555,0.624023,0.099609,0.185547,22,22.000000,0.923951
cate8-00335,cate8,2,38,23,0.825195,0.580078,0.099609,0.183594,22,23.000000,0.945190
cate8-00335,cate8,2,41,24,0.484375,0.657227,0.031250,0.154297,24,24.000000,0.847711
cate8-00335,cate8,2,42,25,0.458984,0.654297,0.031250,0.164062,25,25.000000,0.852185
cate8-00335,cate8,2,43,26,0.425781,0.659180,0.046875,0.193359,26,26.000000,0.894515
cate8-00335,cate8,2,44,27,0.398438,0.637695,0.054688,0.177734,27,27.000000,0.879699
cate8-00335,cate8,2,45,28,0.357422,0.622070,0.070312,0.189453,28,28.000000,0.915986
cate8-00335,cate8,2,46,29,0.305664,0.619141,0.087891,0.199219,29,29.000000,0.953831
cate8-00335,cate8,2,47,30,0.249023,0.583984,0.083984,0.179688,30,30.000000,0.926773
cate8-00339,cate8,0,13,2,0.417969,0.433594,0.050781,0.250000,2,2.000000,0.840902
cate8-00339,cate8,0,14,3,0.386719,0.469727,0.046875,0.240234,3,3.000000,0.729272
cate8-00339,cate8,0,16,5,0.337891,0.511719,0.082031,0.230469,4,5.000000,0.754242
cate8-00339,cate8,0,17,6,0.281250,0.511719,0.058594,0.226562,6,6.000000,0.951384
cate8-00339,cate8,0,27,14,0.732422,0.501953,0.062500,0.230469,13,14.000000,0.766374
cate8-00339,cate8,0,31,16,0.546875,0.659180,0.031250,0.212891,17,16.000000,0.833943
cate8-00339,cate8,0,32,17,0.576172,0.675781,0.039062,0.230469,18,17.000000,0.910393
cate8-00339,cate8,0,33,18,0.599609,0.672852,0.050781,0.224609,18,18.000000,0.886446
cate8-00339,cate8,0,34,19,0.644531,0.689453,0.050781,0.222656,20,19.000000,0.841312
cate8-00339,cate8,0,41,24,0.519531,0.658203,0.031250,0.218750,16,24.000000,0.847062
cate8-00339,cate8,0,42,25,0.491211,0.655273,0.041016,0.248047,25,25.000000,0.723057
cate8-00339,cate8,0,43,26,0.457031,0.672852,0.042969,0.267578,26,26.000000,0.796883
cate8-00339,cate8,0,44,27,0.420898,0.671875,0.060547,0.242188,26,27.000000,0.913721
cate8-00341,cate8,2,11,0,0.500000,0.430664,0.046875,0.228516,0,0.000000,0.914747
cate8-00341,cate8,2,12,1,0.467773,0.420898,0.048828,0.224609,0,1.000000,0.878991
cate8-00341,cate8,2,13,2,0.424805,0.418945,0.048828,0.248047,2,2.000000,0.793986
cate8-00341,cate8,2,14,3,0.384766,0.426758,0.046875,0.232422,3,3.000000,0.783955
cate8-00341,cate8,2,15,4,0.352539,0.422852,0.052734,0.208984,4,4.000000,0.897241
cate8-00341,cate8,2,16,5,0.296875,0.424805,0.070312,0.201172,5,5.000000,0.945753
cate8-00341,cate8,2,17,6,0.229492,0.404297,0.064453,0.195312,6,6.000000,0.784801
cate8-00341,cate8,2,21,8,0.557617,0.437500,0.044922,0.238281,9,8.000000,0.906842
cate8-00341,cate8,2,22,9,0.593750,0.431641,0.027344,0.230469,10,9.000000,0.859974
cate8-00341,cate8,2,23,10,0.625000,0.427734,0.035156,0.242188,10,10.000000,0.929502
cate8-00341,cate8,2,24,11,0.659180,0.431641,0.044922,0.242188,11,11.000000,0.840241
cate8-00341,cate8,2,25,12,0.693359,0.429688,0.042969,0.210938,12,12.000000,0.913034
cate8-00341,cate8,2,26,13,0.739258,0.420898,0.064453,0.201172,13,14.000000,0.673097
cate8-00341,cate8,2,27,14,0.794922,0.409180,0.054688,0.197266,15,15.000000,0.916618
cate8-00341,cate8,2,31,16,0.548828,0.645508,0.035156,0.166016,17,16.000000,0.811319
cate8-00341,cate8,2,32,17,0.569336,0.650391,0.029297,0.179688,17,17.000000,0.854691
cate8-00341,cate8,2,33,18,0.600586,0.665039,0.041016,0.220703,19,18.000000,0.850972
cate8-00341,cate8,2,34,19,0.634766,0.659180,0.042969,0.205078,20,19.000000,0.934706
cate8-00341,cate8,2,35,20,0.671875,0.664062,0.058594,0.203125,20,20.000000,0.902104
cate8-00341,cate8,2,37,22,0.770508,0.626953,0.111328,0.187500,22,22.000000,0.943867
cate8-00341,cate8,2,38,23,0.809570,0.580078,0.080078,0.164062,23,23.000000,0.938753
cate8-00341,cate8,2,41,24,0.524414,0.645508,0.029297,0.166016,16,24.000000,0.816162
cate8-00341,cate8,2,42,25,0.502930,0.652344,0.033203,0.179688,24,25.000000,0.839273
cate8-00341,cate8,2,43,26,0.472656,0.666992,0.042969,0.224609,25,26.000000,0.870019
cate8-00341,cate8,2,44,27,0.436523,0.658203,0.048828,0.207031,26,27.000000,0.919468
cate8-00341,cate8,2,45,28,0.396484,0.656250,0.050781,0.195312,27,28.000000,0.863573
cate8-00341,cate8,2,46,29,0.330078,0.657227,0.101562,0.240234,28,29.000000,0.940277
cate8-00341,cate8,2,47,30,0.256836,0.622070,0.115234,0.193359,29,30.000000,0.932982
cate8-00341,cate8,2,48,31,0.204102,0.610352,0.080078,0.193359,30,31.000000,0.916635
cate8-00346,cate8,2,11,0,0.492188,0.428711,0.042969,0.291016,0,0.000000,0.901555
cate8-00346,cate8,2,12,1,0.454102,0.436523,0.044922,0.255859,1,1.000000,0.848570
cate8-00346,cate8,2,13,2,0.416016,0.429688,0.054688,0.277344,2,2.000000,0.926330
cate8-00346,cate8,2,14,3,0.373047,0.445312,0.050781,0.226562,3,3.000000,0.849859
cate8-00346,cate8,2,15,4,0.334961,0.382812,0.041016,0.125000,4,,
cate8-00346,cate8,2,16,5,0.291016,0.430664,0.062500,0.220703,5,5.000000,0.903579
cate8-00346,cate8,2,17,6,0.235352,0.414062,0.052734,0.226562,6,6.000000,0.955541
cate8-00346,cate8,2,18,7,0.202148,0.359375,0.068359,0.175781,7,7.000000,0.917798
cate8-00346,cate8,2,21,8,0.536133,0.442383,0.041016,0.263672,8,8.000000,0.886953
cate8-00346,cate8,2,22,9,0.574219,0.446289,0.035156,0.244141,9,9.000000,0.869076
cate8-00346,cate8,2,23,10,0.613281,0.442383,0.046875,0.259766,10,10.000000,0.916533
cate8-00346,cate8,2,24,11,0.651367,0.454102,0.041016,0.220703,11,11.000000,0.835305
cate8-00346,cate8,2,25,12,0.683594,0.433594,0.050781,0.242188,12,12.000000,0.881500
cate8-00346,cate8,2,27,14,0.771484,0.396484,0.046875,0.250000,14,14.000000,0.930054
cate8-00346,cate8,2,28,15,0.812500,0.384766,0.050781,0.250000,14,15.000000,0.856551
cate8-00346,cate8,2,31,16,0.524414,0.677734,0.029297,0.175781,16,16.000000,0.813764
cate8-00346,cate8,2,32,17,0.553711,0.689453,0.033203,0.207031,17,17.000000,0.887624
cate8-00346,cate8,2,33,18,0.588867,0.694336,0.041016,0.240234,18,18.000000,0.853834
cate8-00346,cate8,2,34,19,0.626953,0.682617,0.058594,0.208984,19,19.000000,0.897262
cate8-00346,cate8,2,35,20,0.666992,0.671875,0.060547,0.210938,20,20.000000,0.891884
cate8-00346,cate8,2,36,21,0.723633,0.650391,0.099609,0.214844,21,21.000000,0.925995
cate8-00346,cate8,2,37,22,0.783203,0.625977,0.101562,0.201172,22,22.000000,0.931002
cate8-00346,cate8,2,38,23,0.825195,0.584961,0.072266,0.169922,23,23.000000,0.926837
cate8-00346,cate8,2,41,24,0.498047,0.680664,0.027344,0.173828,24,24.000000,0.827981
cate8-00346,cate8,2,42,25,0.470703,0.685547,0.035156,0.187500,25,25.000000,0.828147
cate8-00346,cate8,2,43,26,0.434570,0.687500,0.041016,0.226562,26,26.000000,0.898967
cate8-00346,cate8,2,44,27,0.393555,0.680664,0.048828,0.212891,27,27.000000,0.924718
cate8-00346,cate8,2,45,28,0.353516,0.672852,0.058594,0.224609,28,28.000000,0.909483
cate8-00346,cate8,2,46,29,0.292969,0.658203,0.101562,0.218750,29,29.000000,0.904066
cate8-00346,cate8,2,47,30,0.226562,0.629883,0.093750,0.193359,30,30.000000,0.944013
cate8-00346,cate8,2,48,31,0.183594,0.586914,0.070312,0.177734,31,31.000000,0.960798
cate8-00347,cate8,4,11,0,0.485352,0.429688,0.044922,0.250000,0,0.000000,0.911033
cate8-00347,cate8,4,12,1,0.455078,0.434570,0.042969,0.220703,1,1.000000,0.911428
cate8-00347,cate8,4,13,2,0.414062,0.413086,0.050781,0.212891,2,2.000000,0.906960
cate8-00347,cate8,4,14,3,0.385742,0.417969,0.041016,0.222656,2,3.000000,0.922637
cate8-00347,cate8,4,15,4,0.353516,0.412109,0.054688,0.203125,4,4.000000,0.805453
cate8-00347,cate8,4,16,5,0.309570,0.411133,0.068359,0.189453,5,5.000000,0.928542
cate8-00347,cate8,4,17,6,0.251953,0.378906,0.070312,0.199219,6,6.000000,0.886482
cate8-00347,cate8,4,18,7,0.227539,0.312500,0.052734,0.105469,7,7.000000,0.922753
cate8-00347,cate8,4,21,8,0.524414,0.441406,0.041016,0.234375,8,8.000000,0.903600
cate8-00347,cate8,4,22,9,0.556641,0.439453,0.039062,0.214844,9,9.000000,0.891841
cate8-00347,cate8,4,23,10,0.597656,0.412109,0.042969,0.253906,10,10.000000,0.862603
cate8-00347,cate8,4,24,11,0.625000,0.423828,0.046875,0.226562,11,11.000000,0.851704
cate8-00347,cate8,4,25,12,0.668945,0.422852,0.048828,0.212891,12,12.000000,0.914361
cate8-00347,cate8,4,27,14,0.741211,0.395508,0.064453,0.201172,13,14.000000,0.930817
cate8-00347,cate8,4,28,15,0.780273,0.327148,0.060547,0.099609,15,15.000000,0.944540
cate8-00347,cate8,4,31,16,0.532227,0.660156,0.025391,0.164062,16,16.000000,0.865505
cate8-00347,cate8,4,32,17,0.561523,0.666992,0.029297,0.177734,17,17.000000,0.910773
cate8-00347,cate8,4,33,18,0.595703,0.689453,0.035156,0.222656,18,18.000000,0.880995
cate8-00347,cate8,4,34,19,0.634766,0.685547,0.046875,0.218750,19,19.000000,0.931480
cate8-00347,cate8,4,35,20,0.682617,0.675781,0.052734,0.210938,20,20.000000,0.918137
cate8-00347,cate8,4,37,22,0.750000,0.617188,0.105469,0.175781,22,22.000000,0.943039
cate8-00347,cate8,4,38,23,0.803711,0.582031,0.056641,0.101562,23,23.000000,0.905658
cate8-00347,cate8,4,41,24,0.508789,0.662109,0.029297,0.171875,24,24.000000,0.713141
cate8-00347,cate8,4,42,25,0.479492,0.669922,0.029297,0.191406,24,25.000000,0.884268
cate8-00347,cate8,4,43,26,0.443359,0.686523,0.039062,0.232422,26,26.000000,0.938450
cate8-00347,cate8,4,44,27,0.398438,0.675781,0.050781,0.214844,27,27.000000,0.915371
cate8-00347,cate8,4,45,28,0.356445,0.654297,0.060547,0.207031,28,28.000000,0.916839
cate8-00347,cate8,4,47,30,0.248047,0.587891,0.101562,0.187500,30,30.000000,0.962620
cate8-00347,cate8,4,48,31,0.192383,0.553711,0.064453,0.111328,31,31.000000,0.956070
cate8-00353,cate8,4,11,0,0.480469,0.420898,0.039062,0.208984,0,0.000000,0.913068
cate8-00353,cate8,4,12,1,0.448242,0.409180,0.033203,0.205078,1,1.000000,0.835629
cate8-00353,cate8,4,13,2,0.424805,0.378906,0.048828,0.246094,2,2.000000,0.751294
cate8-00353,cate8,4,15,4,0.374023,0.385742,0.052734,0.216797,3,3.000000,0.648004
cate8-00353,cate8,4,16,5,0.329102,0.390625,0.068359,0.214844,5,5.000000,0.846327
cate8-00353,cate8,4,18,7,0.250000,0.363281,0.062500,0.183594,6,6.000000,0.867860
cate8-00353,cate8,4,21,8,0.517578,0.425781,0.039062,0.187500,8,8.000000,0.873834
cate8-00353,cate8,4,22,9,0.547852,0.413086,0.029297,0.205078,9,9.000000,0.822699
cate8-00353,cate8,4,23,10,0.574219,0.390625,0.042969,0.238281,9,10.000000,0.868272
cate8-00353,cate8,4,25,12,0.637695,0.383789,0.033203,0.197266,11,12.000000,0.822773
cate8-00353,cate8,4,26,13,0.676758,0.381836,0.056641,0.197266,12,13.000000,0.941900
cate8-00353,cate8,4,27,14,0.729492,0.340820,0.060547,0.224609,13,14.000000,0.834803
cate8-00353,cate8,4,31,16,0.502930,0.621094,0.029297,0.156250,24,16.000000,0.873913
cate8-00353,cate8,4,32,17,0.528320,0.629883,0.029297,0.181641,16,17.000000,0.880520
cate8-00353,cate8,4,33,18,0.562500,0.651367,0.039062,0.228516,17,18.000000,0.915783
cate8-00353,cate8,4,34,19,0.590820,0.632812,0.037109,0.210938,18,19.000000,0.886844
cate8-00353,cate8,4,37,22,0.710938,0.592773,0.113281,0.185547,21,22.000000,0.967441
cate8-00353,cate8,4,38,23,0.750000,0.547852,0.085938,0.166016,22,23.000000,0.766548
cate8-00353,cate8,4,41,24,0.477539,0.627930,0.025391,0.173828,24,24.000000,0.855499
cate8-00353,cate8,4,42,25,0.453125,0.633789,0.031250,0.201172,25,25.000000,0.722242
cate8-00353,cate8,4,43,26,0.423828,0.644531,0.039062,0.230469,26,26.000000,0.825165
cate8-00353,cate8,4,44,27,0.392578,0.622070,0.039062,0.201172,27,26.000000,0.621252
cate8-00353,cate8,4,47,30,0.251953,0.586914,0.125000,0.177734,30,30.000000,0.949153
cate8-00353,cate8,4,48,31,0.208984,0.534180,0.105469,0.158203,30,31.000000,0.916413
cate8-00354,cate8,2,11,0,0.480469,0.446289,0.039062,0.205078,0,0.000000,0.871530
cate8-00354,cate8,2,12,1,0.447266,0.445312,0.031250,0.195312,1,1.000000,0.891966
cate8-00354,cate8,2,13,2,0.412109,0.423828,0.039062,0.238281,2,2.000000,0.909073
cate8-00354,cate8,2,15,4,0.353516,0.439453,0.046875,0.171875,4,4.000000,0.952607
cate8-00354,cate8,2,16,5,0.308594,0.444336,0.062500,0.197266,5,5.000000,0.951862
cate8-00354,cate8,2,17,6,0.252930,0.457031,0.060547,0.195312,6,6.000000,0.955668
cate8-00354,cate8,2,18,7,0.208008,0.450195,0.044922,0.130859,7,7.000000,0.910048
cate8-00354,cate8,2,21,8,0.521484,0.446289,0.042969,0.201172,8,8.000000,0.909551
cate8-00354,cate8,2,22,9,0.553711,0.438477,0.041016,0.220703,9,9.000000,0.864240
cate8-00354,cate8,2,23,10,0.592773,0.434570,0.044922,0.244141,10,10.000000,0.897484
cate8-00354,cate8,2,25,12,0.637695,0.457031,0.048828,0.179688,11,11.000000,0.839473
cate8-00354,cate8,2,26,13,0.690430,0.476562,0.076172,0.183594,13,13.000000,0.926808
cate8-00354,cate8,2,27,14,0.737305,0.519531,0.056641,0.175781,14,,
cate8-00354,cate8,2,28,15,0.786133,0.508789,0.048828,0.166016,14,14.000000,0.920859
cate8-00354,cate8,2,31,16,0.506836,0.649414,0.025391,0.181641,24,16.000000,0.875007
cate8-00354,cate8,2,32,17,0.532227,0.659180,0.037109,0.197266,17,17.000000,0.879089
cate8-00354,cate8,2,33,18,0.564453,0.677734,0.042969,0.234375,18,18.000000,0.888857
cate8-00354,cate8,2,34,19,0.599609,0.666992,0.042969,0.201172,19,19.000000,0.901851
cate8-00354,cate8,2,35,20,0.647461,0.673828,0.052734,0.187500,20,20.000000,0.934206
cate8-00354,cate8,2,41,24,0.480469,0.647461,0.035156,0.158203,24,24.000000,0.832491
cate8-00354,cate8,2,42,25,0.454102,0.659180,0.029297,0.185547,25,25.000000,0.843859
cate8-00354,cate8,2,43,26,0.423828,0.682617,0.035156,0.228516,26,26.000000,0.917440
cate8-00354,cate8,2,44,27,0.383789,0.666016,0.044922,0.195312,27,27.000000,0.889878
cate8-00354,cate8,2,45,28,0.350586,0.656250,0.048828,0.183594,28,28.000000,0.954044
cate8-00354,cate8,2,48,31,0.208984,0.618164,0.101562,0.134766,30,31.000000,0.790493
cate8-00359,cate8,1,11,0,0.432617,0.379883,0.048828,0.240234,2,0.000000,0.875935
cate8-00359,cate8,1,12,1,0.390625,0.373047,0.042969,0.218750,3,1.000000,0.881596
cate8-00359,cate8,1,13,2,0.345703,0.350586,0.042969,0.259766,4,2.000000,0.734601
cate8-00359,cate8,1,16,5,0.243164,0.379883,0.064453,0.212891,6,5.000000,0.814861
cate8-00359,cate8,1,21,8,0.480469,0.384766,0.050781,0.234375,0,8.000000,0.779525
cate8-00359,cate8,1,22,9,0.521484,0.371094,0.054688,0.265625,8,9.000000,0.793605
cate8-00359,cate8,1,23,10,0.567383,0.350586,0.052734,0.287109,10,10.000000,0.849556
cate8-00359,cate8,1,26,13,0.691406,0.429688,0.074219,0.250000,13,14.000000,0.901513
cate8-00359,cate8,1,27,14,0.756836,0.414062,0.068359,0.207031,13,15.000000,0.928123
cate8-00359,cate8,1,31,16,0.494141,0.607422,0.027344,0.156250,24,16.000000,0.861169
cate8-00359,cate8,1,32,17,0.522461,0.607422,0.037109,0.171875,16,17.000000,0.875849
cate8-00359,cate8,1,33,18,0.561523,0.636719,0.044922,0.246094,18,18.000000,0.826354
cate8-00359,cate8,1,34,19,0.603516,0.646484,0.046875,0.257812,18,19.000000,0.862849
cate8-00359,cate8,1,35,20,0.641602,0.647461,0.056641,0.251953,19,20.000000,0.830916
cate8-00359,cate8,1,41,24,0.466797,0.604492,0.031250,0.158203,25,24.000000,0.819959
cate8-00359,cate8,1,42,25,0.439453,0.627930,0.031250,0.197266,25,25.000000,0.862407
cate8-00359,cate8,1,43,26,0.399414,0.641602,0.048828,0.248047,27,26.000000,0.883461
cate8-00359,cate8,1,44,27,0.366211,0.621094,0.041016,0.242188,28,27.000000,0.895246
cate8-00359,cate8,1,45,28,0.324219,0.611328,0.042969,0.246094,28,28.000000,0.802511
cate8-00359,cate8,1,46,29,0.267578,0.616211,0.078125,0.224609,30,29.000000,0.900522
cate8-00359,cate8,1,48,31,0.156250,0.545898,0.121094,0.197266,31,30.000000,0.884003
cate8-00361,cate8,4,11,0,0.486328,0.504883,0.054688,0.220703,0,0.000000,0.946305
cate8-00361,cate8,4,12,1,0.440430,0.490234,0.048828,0.226562,1,1.000000,0.880926
cate8-00361,cate8,4,13,2,0.406250,0.463867,0.046875,0.259766,2,2.000000,0.887012
cate8-00361,cate8,4,14,3,0.367188,0.478516,0.050781,0.214844,4,3.000000,0.890374
cate8-00361,cate8,4,15,4,0.327148,0.473633,0.044922,0.205078,4,4.000000,0.849170
cate8-00361,cate8,4,16,5,0.276367,0.458984,0.060547,0.203125,5,5.000000,0.889415
cate8-00361,cate8,4,17,6,0.219727,0.449219,0.064453,0.183594,6,6.000000,0.909966
cate8-00361,cate8,4,18,7,0.183594,0.382812,0.054688,0.148438,7,7.000000,0.921091
cate8-00361,cate8,4,21,8,0.535156,0.490234,0.054688,0.242188,8,8.000000,0.908884
cate8-00361,cate8,4,22,9,0.574219,0.483398,0.054688,0.240234,9,9.000000,0.917667
cate8-00361,cate8,4,23,10,0.618164,0.473633,0.056641,0.248047,10,10.000000,0.865302
cate8-00361,cate8,4,24,11,0.653320,0.478516,0.052734,0.226562,11,11.000000,0.873243
cate8-00361,cate8,4,25,12,0.682617,0.470703,0.048828,0.214844,12,12.000000,0.905065
cate8-00361,cate8,4,26,13,0.735352,0.472656,0.056641,0.218750,13,13.000000,0.912777
cate8-00361,cate8,4,27,14,0.791992,0.474609,0.060547,0.191406,14,14.000000,0.943903
cate8-00361,cate8,4,28,15,0.825195,0.428711,0.064453,0.130859,15,15.000000,0.942339
cate8-00361,cate8,4,31,16,0.539062,0.708984,0.035156,0.152344,17,16.000000,0.901620
cate8-00361,cate8,4,32,17,0.572266,0.714844,0.039062,0.160156,18,17.000000,0.913359
cate8-00361,cate8,4,33,18,0.608398,0.734375,0.044922,0.210938,19,18.000000,0.886025
cate8-00361,cate8,4,34,19,0.645508,0.722656,0.044922,0.226562,20,19.000000,0.824608
cate8-00361,cate8,4,35,20,0.701172,0.708008,0.066406,0.208984,21,20.000000,0.887685
cate8-00361,cate8,4,37,22,0.772461,0.682617,0.099609,0.193359,22,22.000000,0.968737
cate8-00361,cate8,4,38,23,0.835938,0.617188,0.097656,0.148438,23,23.000000,0.837041
cate8-00361,cate8,4,41,24,0.506836,0.717773,0.029297,0.158203,16,24.000000,0.829578
cate8-00361,cate8,4,42,25,0.472656,0.710938,0.039062,0.160156,25,25.000000,0.880926
cate8-00361,cate8,4,43,26,0.427734,0.723633,0.062500,0.201172,26,26.000000,0.930050
cate8-00361,cate8,4,44,27,0.400391,0.711914,0.054688,0.197266,27,27.000000,0.948243
cate8-00361,cate8,4,45,28,0.347656,0.704102,0.070312,0.205078,28,28.000000,0.849268
cate8-00361,cate8,4,46,29,0.289062,0.685547,0.097656,0.199219,29,29.000000,0.915794
cate8-00361,cate8,4,47,30,0.219727,0.656250,0.095703,0.195312,30,30.000000,0.967599
cate8-00361,cate8,4,48,31,0.160156,0.598633,0.082031,0.138672,31,31.000000,0.951940
cate8-00365,cate8,3,11,0,0.502930,0.358398,0.041016,0.244141,0,0.000000,0.869420
cate8-00365,cate8,3,12,1,0.463867,0.359375,0.041016,0.234375,1,1.000000,0.869661
cate8-00365,cate8,3,13,2,0.414062,0.335938,0.062500,0.281250,2,2.000000,0.909584
cate8-00365,cate8,3,14,3,0.376953,0.371094,0.039062,0.218750,3,3.000000,0.844184
cate8-00365,cate8,3,15,4,0.342773,0.359375,0.041016,0.238281,4,4.000000,0.709543
cate8-00365,cate8,3,16,5,0.294922,0.364258,0.066406,0.216797,5,5.000000,0.887027
cate8-00365,cate8,3,17,6,0.231445,0.360352,0.068359,0.228516,6,6.000000,0.937153
cate8-00365,cate8,3,18,7,0.195312,0.287109,0.066406,0.187500,7,7.000000,0.924335
cate8-00365,cate8,3,21,8,0.546875,0.357422,0.042969,0.238281,10,8.000000,0.874966
cate8-00365,cate8,3,22,9,0.584961,0.361328,0.037109,0.234375,9,9.000000,0.826621
cate8-00365,cate8,3,23,10,0.623047,0.341797,0.046875,0.281250,10,10.000000,0.896515
cate8-00365,cate8,3,24,11,0.660156,0.344727,0.042969,0.259766,12,11.000000,0.861884
cate8-00365,cate8,3,25,12,0.690430,0.352539,0.041016,0.244141,12,12.000000,0.823174
cate8-00365,cate8,3,26,13,0.737305,0.356445,0.056641,0.220703,14,13.000000,0.932981
cate8-00365,cate8,3,27,14,0.791992,0.349609,0.064453,0.214844,14,14.000000,0.917047
cate8-00365,cate8,3,28,15,0.828125,0.274414,0.054688,0.185547,15,15.000000,0.820616
cate8-00365,cate8,3,31,16,0.532227,0.568359,0.033203,0.132812,16,16.000000,0.846941
cate8-00365,cate8,3,32,17,0.559570,0.585938,0.037109,0.187500,17,17.000000,0.873455
cate8-00365,cate8,3,33,18,0.603516,0.624023,0.054688,0.240234,18,18.000000,0.911548
cate8-00365,cate8,3,34,19,0.630859,0.596680,0.042969,0.201172,19,19.000000,0.919905
cate8-00365,cate8,3,35,20,0.669922,0.611328,0.058594,0.234375,20,20.000000,0.884141
cate8-00365,cate8,3,36,21,0.726562,0.593750,0.093750,0.218750,21,21.000000,0.915552
cate8-00365,cate8,3,37,22,0.783203,0.576172,0.074219,0.199219,22,22.000000,0.875679
cate8-00365,cate8,3,38,23,0.859375,0.607422,0.097656,0.121094,23,23.000000,0.659746
cate8-00365,cate8,3,41,24,0.507812,0.578125,0.039062,0.171875,24,24.000000,0.852751
cate8-00365,cate8,3,42,25,0.485352,0.589844,0.056641,0.175781,25,25.000000,0.859819
cate8-00365,cate8,3,43,26,0.443359,0.608398,0.054688,0.228516,26,26.000000,0.811498
cate8-00365,cate8,3,44,27,0.397461,0.608398,0.048828,0.228516,27,27.000000,0.938161
cate8-00365,cate8,3,46,29,0.299805,0.589844,0.091797,0.214844,29,29.000000,0.920201
cate8-00365,cate8,3,47,30,0.238281,0.586914,0.066406,0.205078,30,30.000000,0.927976
cate8-00365,cate8,3,48,31,0.157227,0.605469,0.107422,0.128906,31,31.000000,0.926854
cate8-00368,cate8,3,11,0,0.490234,0.367188,0.039062,0.195312,0,0.000000,0.943437
cate8-00368,cate8,3,12,1,0.456055,0.367188,0.029297,0.187500,1,1.000000,0.890074
cate8-00368,cate8,3,13,2,0.418945,0.358398,0.044922,0.224609,2,2.000000,0.937165
cate8-00368,cate8,3,15,4,0.356445,0.376953,0.048828,0.183594,4,4.000000,0.922992
cate8-00368,cate8,3,16,5,0.321289,0.387695,0.060547,0.208984,5,5.000000,0.933075
cate8-00368,cate8,3,17,6,0.264648,0.382812,0.052734,0.183594,6,6.000000,0.898018
cate8-00368,cate8,3,18,7,0.214844,0.370117,0.058594,0.162109,7,6.000000,0.633742
cate8-00368,cate8,3,21,8,0.534180,0.355469,0.041016,0.222656,8,8.000000,0.881985
cate8-00368,cate8,3,22,9,0.567383,0.384766,0.037109,0.175781,9,9.000000,0.900803
cate8-00368,cate8,3,23,10,0.602539,0.369141,0.048828,0.226562,10,10.000000,0.914782
cate8-00368,cate8,3,24,11,0.635742,0.400391,0.037109,0.195312,11,11.000000,0.907503
cate8-00368,cate8,3,26,13,0.697266,0.404297,0.074219,0.195312,13,13.000000,0.932810
cate8-00368,cate8,3,27,14,0.747070,0.410156,0.060547,0.179688,14,14.000000,0.751362
cate8-00368,cate8,3,28,15,0.794922,0.397461,0.054688,0.169922,15,15.000000,0.787412
cate8-00368,cate8,3,31,16,0.518555,0.580078,0.025391,0.195312,16,16.000000,0.818864
cate8-00368,cate8,3,32,17,0.541992,0.589844,0.029297,0.175781,17,17.000000,0.843512
cate8-00368,cate8,3,33,18,0.570312,0.613281,0.035156,0.238281,18,18.000000,0.860060
cate8-00368,cate8,3,34,19,0.603516,0.602539,0.042969,0.205078,19,19.000000,0.898092
cate8-00368,cate8,3,35,20,0.642578,0.604492,0.046875,0.177734,19,20.000000,0.773335
cate8-00368,cate8,3,36,21,0.693359,0.610352,0.070312,0.189453,20,21.000000,0.892905
cate8-00368,cate8,3,38,23,0.794922,0.553711,0.097656,0.150391,23,23.000000,0.902768
cate8-00368,cate8,3,41,24,0.495117,0.578125,0.025391,0.191406,24,24.000000,0.801120
cate8-00368,cate8,3,42,25,0.471680,0.572266,0.025391,0.195312,24,25.000000,0.857689
cate8-00368,cate8,3,43,26,0.441406,0.584961,0.035156,0.224609,25,26.000000,0.868483
cate8-00368,cate8,3,44,27,0.410156,0.575195,0.039062,0.197266,26,27.000000,0.886680
cate8-00368,cate8,3,45,28,0.378906,0.585938,0.039062,0.210938,27,28.000000,0.876379
cate8-00368,cate8,3,48,31,0.219727,0.527344,0.095703,0.148438,30,30.000000,0.876721
cate8-00371,cate8,4,11,0,0.493164,0.328125,0.056641,0.281250,0,0.000000,0.877346
cate8-00371,cate8,4,12,1,0.451172,0.321289,0.062500,0.275391,1,1.000000,0.851767
cate8-00371,cate8,4,13,2,0.398438,0.335938,0.062500,0.296875,2,2.000000,0.917060
cate8-00371,cate8,4,14,3,0.338867,0.339844,0.060547,0.250000,4,3.000000,0.891448
cate8-00371,cate8,4,15,4,0.285156,0.352539,0.050781,0.220703,4,4.000000,0.915021
cate8-00371,cate8,4,16,5,0.225586,0.333984,0.076172,0.214844,6,5.000000,0.929859
cate8-00371,cate8,4,17,6,0.164062,0.320312,0.062500,0.199219,7,6.000000,0.912111
cate8-00371,cate8,4,21,8,0.551758,0.354492,0.052734,0.244141,8,8.000000,0.933010
cate8-00371,cate8,4,22,9,0.598633,0.355469,0.041016,0.246094,10,9.000000,0.868248
cate8-00371,cate8,4,23,10,0.641602,0.346680,0.052734,0.318359,10,10.000000,0.906240
cate8-00371,cate8,4,24,11,0.689453,0.355469,0.054688,0.250000,12,11.000000,0.868387
cate8-00371,cate8,4,26,13,0.780273,0.351562,0.068359,0.203125,14,14.000000,0.577414
cate8-00371,cate8,4,27,14,0.838867,0.341797,0.056641,0.179688,15,15.000000,0.939612
cate8-00371,cate8,4,31,16,0.529297,0.586914,0.035156,0.189453,17,16.000000,0.883568
cate8-00371,cate8,4,32,17,0.560547,0.596680,0.035156,0.197266,17,17.000000,0.924445
cate8-00371,cate8,4,33,18,0.603516,0.635742,0.058594,0.271484,18,18.000000,0.917055
cate8-00371,cate8,4,34,19,0.642578,0.621094,0.058594,0.222656,20,19.000000,0.900329
cate8-00371,cate8,4,35,20,0.686523,0.612305,0.060547,0.220703,20,20.000000,0.916705
cate8-00371,cate8,4,36,21,0.744141,0.580078,0.093750,0.230469,21,21.000000,0.912393
cate8-00371,cate8,4,37,22,0.804688,0.552734,0.085938,0.207031,22,22.000000,0.947436
cate8-00371,cate8,4,38,23,0.872070,0.508789,0.091797,0.189453,23,23.000000,0.922304
cate8-00371,cate8,4,41,24,0.501953,0.574219,0.035156,0.160156,24,24.000000,0.823727
cate8-00371,cate8,4,42,25,0.470703,0.584961,0.050781,0.201172,25,25.000000,0.889200
cate8-00371,cate8,4,43,26,0.419922,0.648438,0.058594,0.343750,26,26.000000,0.876489
cate8-00371,cate8,4,44,27,0.372070,0.604492,0.052734,0.220703,27,27.000000,0.905839
cate8-00371,cate8,4,45,28,0.318359,0.610352,0.054688,0.201172,28,28.000000,0.922597
cate8-00371,cate8,4,47,30,0.208984,0.544922,0.113281,0.183594,30,30.000000,0.934564
cate8-00371,cate8,4,48,31,0.145508,0.498047,0.111328,0.175781,31,31.000000,0.832667
cate8-00375,cate8,0,11,0,0.496094,0.450195,0.042969,0.248047,0,0.000000,0.915512
cate8-00375,cate8,0,12,1,0.458984,0.452148,0.039062,0.216797,1,1.000000,0.924238
cate8-00375,cate8,0,13,2,0.418945,0.454102,0.044922,0.232422,2,2.000000,0.824399
cate8-00375,cate8,0,14,3,0.376953,0.451172,0.050781,0.218750,3,3.000000,0.710327
cate8-00375,cate8,0,15,4,0.339844,0.444336,0.046875,0.216797,4,4.000000,0.931340
cate8-00375,cate8,0,16,5,0.290039,0.434570,0.060547,0.201172,5,5.000000,0.951343
cate8-00375,cate8,0,17,6,0.233398,0.423828,0.056641,0.179688,6,6.000000,0.898417
cate8-00375,cate8,0,21,8,0.534180,0.450195,0.037109,0.228516,8,8.000000,0.856013
cate8-00375,cate8,0,22,9,0.569336,0.451172,0.041016,0.218750,9,9.000000,0.944157
cate8-00375,cate8,0,23,10,0.610352,0.418945,0.048828,0.244141,10,10.000000,0.872722
cate8-00375,cate8,0,24,11,0.634766,0.449219,0.039062,0.214844,11,11.000000,0.778653
cate8-00375,cate8,0,25,12,0.664062,0.462891,0.035156,0.183594,12,12.000000,0.919989
cate8-00375,cate8,0,26,13,0.710938,0.451172,0.058594,0.199219,13,13.000000,0.915923
cate8-00375,cate8,0,27,14,0.754883,0.423828,0.064453,0.167969,14,14.000000,0.922557
cate8-00375,cate8,0,28,15,0.786133,0.367188,0.048828,0.128906,15,15.000000,0.862389
cate8-00375,cate8,0,31,16,0.535156,0.670898,0.042969,0.146484,16,16.000000,0.879791
cate8-00375,cate8,0,32,17,0.562500,0.671875,0.039062,0.160156,17,17.000000,0.913387
cate8-00375,cate8,0,33,18,0.598633,0.678711,0.041016,0.193359,19,18.000000,0.870425
cate8-00375,cate8,0,34,19,0.627930,0.657227,0.052734,0.185547,19,19.000000,0.891160
cate8-00375,cate8,0,35,20,0.658203,0.650391,0.039062,0.191406,20,20.000000,0.875496
cate8-00375,cate8,0,37,22,0.779297,0.571289,0.113281,0.154297,23,22.000000,0.931168
cate8-00375,cate8,0,38,23,0.834961,0.556641,0.083984,0.117188,23,23.000000,0.912690
cate8-00375,cate8,0,41,24,0.505859,0.674805,0.042969,0.150391,16,,
cate8-00375,cate8,0,42,25,0.477539,0.669922,0.037109,0.156250,24,26.000000,0.599963
cate8-00375,cate8,0,43,26,0.443359,0.676758,0.042969,0.177734,26,26.000000,0.620383
cate8-00375,cate8,0,44,27,0.403320,0.678711,0.044922,0.201172,27,27.000000,0.878620
cate8-00375,cate8,0,45,28,0.357422,0.661133,0.062500,0.185547,28,28.000000,0.853914
cate8-00375,cate8,0,46,29,0.302734,0.646484,0.101562,0.207031,29,29.000000,0.953028
cate8-00375,cate8,0,47,30,0.234375,0.605469,0.109375,0.187500,30,30.000000,0.944728
cate8-00375,cate8,0,48,31,0.166016,0.571289,0.089844,0.111328,31,31.000000,0.944292
cate8-00377,cate8,2,11,0,0.488281,0.458008,0.046875,0.248047,0,0.000000,0.947282
cate8-00377,cate8,2,12,1,0.449219,0.459961,0.042969,0.236328,1,1.000000,0.738171
cate8-00377,cate8,2,13,2,0.403320,0.332031,0.083984,0.203125,2,2.000000,0.952419
cate8-00377,cate8,2,14,3,0.403320,0.469727,0.052734,0.197266,3,3.000000,0.778115
cate8-00377,cate8,2,15,4,0.364258,0.457031,0.048828,0.214844,4,4.000000,0.871968
cate8-00377,cate8,2,16,5,0.314453,0.451172,0.066406,0.214844,5,5.000000,0.934085
cate8-00377,cate8,2,17,6,0.265625,0.424805,0.074219,0.181641,6,6.000000,0.928324
cate8-00377,cate8,2,21,8,0.534180,0.457031,0.048828,0.250000,8,8.000000,0.915066
cate8-00377,cate8,2,22,9,0.566406,0.451172,0.054688,0.250000,9,9.000000,0.933191
cate8-00377,cate8,2,23,10,0.603516,0.360352,0.058594,0.220703,10,10.000000,0.926454
cate8-00377,cate8,2,24,11,0.621094,0.458008,0.050781,0.224609,11,11.000000,0.916539
cate8-00377,cate8,2,25,12,0.663086,0.447266,0.044922,0.214844,12,12.000000,0.868045
cate8-00377,cate8,2,27,14,0.708008,0.437500,0.064453,0.195312,13,13.000000,0.952729
cate8-00377,cate8,2,28,15,0.755859,0.404297,0.070312,0.195312,13,14.000000,0.948775
cate8-00377,cate8,2,31,16,0.525391,0.701172,0.039062,0.195312,16,16.000000,0.849317
cate8-00377,cate8,2,32,17,0.552734,0.709961,0.035156,0.220703,18,17.000000,0.858262
cate8-00377,cate8,2,33,18,0.589844,0.750000,0.050781,0.265625,18,18.000000,0.899850
cate8-00377,cate8,2,34,19,0.622070,0.707031,0.052734,0.207031,19,19.000000,0.905904
cate8-00377,cate8,2,35,20,0.666016,0.701172,0.046875,0.187500,20,20.000000,0.933765
cate8-00377,cate8,2,36,21,0.721680,0.661133,0.087891,0.212891,21,21.000000,0.944354
cate8-00377,cate8,2,37,22,0.776367,0.600586,0.080078,0.177734,22,22.000000,0.865712
cate8-00377,cate8,2,41,24,0.500000,0.701172,0.039062,0.199219,24,24.000000,0.890626
cate8-00377,cate8,2,42,25,0.475586,0.709961,0.060547,0.212891,26,25.000000,0.866535
cate8-00377,cate8,2,43,26,0.443359,0.772461,0.042969,0.232422,26,26.000000,0.857637
cate8-00377,cate8,2,44,27,0.401367,0.739258,0.048828,0.208984,27,27.000000,0.881471
cate8-00377,cate8,2,45,28,0.352539,0.729492,0.048828,0.166016,28,28.000000,0.902300
cate8-00377,cate8,2,46,29,0.298828,0.679688,0.105469,0.214844,29,29.000000,0.932582
cate8-00377,cate8,2,47,30,0.236328,0.608398,0.105469,0.177734,30,30.000000,0.936016
cate8-00382,cate8,1,11,0,0.487305,0.448242,0.041016,0.212891,0,0.000000,0.873750
cate8-00382,cate8,1,12,1,0.455078,0.445312,0.027344,0.207031,1,1.000000,0.788720
cate8-00382,cate8,1,13,2,0.425781,0.436523,0.031250,0.208984,1,2.000000,0.885785
cate8-00382,cate8,1,14,3,0.395508,0.467773,0.037109,0.166016,3,3.000000,0.903837
cate8-00382,cate8,1,15,4,0.364258,0.456055,0.037109,0.169922,3,4.000000,0.830243
cate8-00382,cate8,1,16,5,0.321289,0.439453,0.052734,0.160156,4,5.000000,0.940423
cate8-00382,cate8,1,17,6,0.279297,0.399414,0.062500,0.173828,5,6.000000,0.889843
cate8-00382,cate8,1,18,7,0.229492,0.370117,0.064453,0.181641,6,7.000000,0.844610
cate8-00382,cate8,1,21,8,0.524414,0.451172,0.037109,0.207031,8,8.000000,0.812903
cate8-00382,cate8,1,22,9,0.558594,0.458008,0.031250,0.189453,9,9.000000,0.816434
cate8-00382,cate8,1,23,10,0.589844,0.457031,0.031250,0.183594,9,10.000000,0.903593
cate8-00382,cate8,1,24,11,0.621094,0.461914,0.039062,0.177734,11,11.000000,0.788161
cate8-00382,cate8,1,25,12,0.652344,0.465820,0.039062,0.181641,11,12.000000,0.820748
cate8-00382,cate8,1,26,13,0.693359,0.448242,0.054688,0.181641,13,13.000000,0.913581
cate8-00382,cate8,1,27,14,0.742188,0.413086,0.054688,0.169922,14,14.000000,0.922624
cate8-00382,cate8,1,28,15,0.785156,0.389648,0.050781,0.158203,15,15.000000,0.878345
cate8-00382,cate8,1,31,16,0.516602,0.647461,0.021484,0.146484,16,16.000000,0.788168
cate8-00382,cate8,1,32,17,0.539062,0.640625,0.027344,0.140625,17,17.000000,0.869622
cate8-00382,cate8,1,33,18,0.569336,0.636719,0.033203,0.148438,17,18.000000,0.892135
cate8-00382,cate8,1,34,19,0.605469,0.647461,0.039062,0.166016,19,19.000000,0.922283
cate8-00382,cate8,1,35,20,0.696289,0.646484,0.068359,0.167969,21,20.000000,0.836500
cate8-00382,cate8,1,36,21,0.737305,0.616211,0.087891,0.185547,22,22.000000,0.904835
cate8-00382,cate8,1,37,22,0.788086,0.566406,0.087891,0.160156,23,23.000000,0.934265
cate8-00382,cate8,1,41,24,0.494141,0.644531,0.023438,0.160156,24,24.000000,0.807455
cate8-00382,cate8,1,42,25,0.470703,0.641602,0.023438,0.173828,24,25.000000,0.830066
cate8-00382,cate8,1,43,26,0.444336,0.641602,0.033203,0.173828,25,26.000000,0.896446
cate8-00382,cate8,1,44,27,0.408203,0.660156,0.042969,0.191406,27,27.000000,0.911194
cate8-00382,cate8,1,45,28,0.318359,0.618164,0.082031,0.134766,29,,
cate8-00382,cate8,1,46,29,0.275391,0.587891,0.085938,0.160156,30,29.000000,0.619110
cate8-00382,cate8,1,47,30,0.219727,0.545898,0.091797,0.158203,30,30.000000,0.836515
cate8-00383,cate8,1,11,0,0.496094,0.394531,0.042969,0.277344,0,0.000000,0.832658
cate8-00383,cate8,1,12,1,0.462891,0.383789,0.042969,0.267578,0,1.000000,0.901979
cate8-00383,cate8,1,13,2,0.422852,0.379883,0.048828,0.271484,2,2.000000,0.875942
cate8-00383,cate8,1,14,3,0.381836,0.385742,0.044922,0.248047,2,3.000000,0.842505
cate8-00383,cate8,1,15,4,0.344727,0.380859,0.044922,0.242188,4,4.000000,0.834307
cate8-00383,cate8,1,16,5,0.286133,0.364258,0.068359,0.224609,5,5.000000,0.843725
cate8-00383,cate8,1,17,6,0.229492,0.359375,0.060547,0.171875,6,6.000000,0.833092
cate8-00383,cate8,1,21,8,0.533203,0.399414,0.042969,0.275391,8,8.000000,0.850463
cate8-00383,cate8,1,22,9,0.566406,0.397461,0.039062,0.263672,9,9.000000,0.803620
cate8-00383,cate8,1,23,10,0.606445,0.375000,0.044922,0.300781,10,10.000000,0.897059
cate8-00383,cate8,1,24,11,0.639648,0.398438,0.041016,0.234375,11,11.000000,0.786413
cate8-00383,cate8,1,26,13,0.688477,0.395508,0.064453,0.216797,13,13.000000,0.897524
cate8-00383,cate8,1,27,14,0.749023,0.378906,0.060547,0.230469,14,14.000000,0.938324
cate8-00383,cate8,1,28,15,0.798828,0.368164,0.062500,0.169922,15,15.000000,0.934036
cate8-00383,cate8,1,31,16,0.534180,0.666016,0.033203,0.207031,17,16.000000,0.786166
cate8-00383,cate8,1,32,17,0.556641,0.659180,0.035156,0.216797,17,17.000000,0.833582
cate8-00383,cate8,1,33,18,0.589844,0.653320,0.039062,0.216797,18,18.000000,0.768332
cate8-00383,cate8,1,34,19,0.620117,0.686523,0.044922,0.232422,19,19.000000,0.569725
cate8-00383,cate8,1,35,20,0.661133,0.691406,0.107422,0.273438,20,20.000000,0.909593
cate8-00383,cate8,1,36,21,0.693359,0.656250,0.109375,0.246094,21,21.000000,0.945134
cate8-00383,cate8,1,37,22,0.752930,0.618164,0.095703,0.220703,21,22.000000,0.956117
cate8-00383,cate8,1,38,23,0.807617,0.571289,0.076172,0.181641,23,23.000000,0.924064
cate8-00383,cate8,1,41,24,0.510742,0.666016,0.033203,0.210938,24,24.000000,0.806523
cate8-00383,cate8,1,42,25,0.486328,0.672852,0.042969,0.201172,25,25.000000,0.643713
cate8-00383,cate8,1,43,26,0.458008,0.673828,0.044922,0.253906,26,26.000000,0.748749
cate8-00383,cate8,1,44,27,0.423828,0.678711,0.050781,0.259766,26,27.000000,0.802863
cate8-00383,cate8,1,45,28,0.374023,0.699219,0.080078,0.230469,28,28.000000,0.899235
cate8-00383,cate8,1,46,29,0.317383,0.629883,0.142578,0.228516,29,29.000000,0.960239
cate8-00383,cate8,1,47,30,0.256836,0.598633,0.107422,0.236328,30,30.000000,0.901466
cate8-00383,cate8,1,48,31,0.203125,0.551758,0.070312,0.185547,31,31.000000,0.905437
cate8-00389,cate8,3,11,0,0.493164,0.415039,0.037109,0.201172,0,0.000000,0.922281
cate8-00389,cate8,3,12,1,0.454102,0.404297,0.041016,0.203125,1,2.000000,0.515319
cate8-00389,cate8,3,15,4,0.375000,0.392578,0.050781,0.214844,3,4.000000,0.889374
cate8-00389,cate8,3,17,6,0.298828,0.381836,0.058594,0.193359,5,6.000000,0.926717
cate8-00389,cate8,3,18,7,0.256836,0.383789,0.033203,0.169922,7,7.000000,0.904744
cate8-00389,cate8,3,21,8,0.539062,0.412109,0.031250,0.222656,9,8.000000,0.902091
cate8-00389,cate8,3,22,9,0.566406,0.408203,0.027344,0.191406,9,9.000000,0.767689
cate8-00389,cate8,3,23,10,0.595703,0.389648,0.035156,0.232422,10,10.000000,0.898873
cate8-00389,cate8,3,24,11,0.626953,0.394531,0.042969,0.214844,11,11.000000,0.899128
cate8-00389,cate8,3,25,12,0.664062,0.393555,0.035156,0.216797,12,12.000000,0.924709
cate8-00389,cate8,3,31,16,0.516602,0.620117,0.025391,0.169922,16,16.000000,0.894422
cate8-00389,cate8,3,32,17,0.541992,0.623047,0.025391,0.179688,17,17.000000,0.819743
cate8-00389,cate8,3,33,18,0.571289,0.648438,0.037109,0.230469,18,18.000000,0.886744
cate8-00389,cate8,3,34,19,0.604492,0.625977,0.041016,0.197266,19,19.000000,0.849271
cate8-00389,cate8,3,35,20,0.639648,0.631836,0.041016,0.197266,20,20.000000,0.761833
cate8-00389,cate8,3,37,22,0.759766,0.533203,0.109375,0.136719,22,23.000000,0.807921
cate8-00389,cate8,3,41,24,0.492188,0.619141,0.031250,0.164062,24,24.000000,0.845687
cate8-00389,cate8,3,42,25,0.468750,0.621094,0.035156,0.171875,25,25.000000,0.778811
cate8-00389,cate8,3,43,26,0.436523,0.610352,0.044922,0.197266,26,26.000000,0.863512
cate8-00389,cate8,3,44,27,0.400391,0.611328,0.035156,0.199219,27,27.000000,0.916889
cate8-00389,cate8,3,45,28,0.332031,0.600586,0.042969,0.201172,28,28.000000,0.887780
cate8-00390,cate8,0,11,0,0.480469,0.433594,0.046875,0.218750,0,0.000000,0.911951
cate8-00390,cate8,0,12,1,0.442383,0.436523,0.037109,0.197266,1,1.000000,0.914145
cate8-00390,cate8,0,13,2,0.404297,0.419922,0.039062,0.230469,2,2.000000,0.860697
cate8-00390,cate8,0,14,3,0.370117,0.439453,0.044922,0.222656,3,3.000000,0.847216
cate8-00390,cate8,0,15,4,0.324219,0.438477,0.046875,0.205078,4,4.000000,0.896997
cate8-00390,cate8,0,16,5,0.275391,0.426758,0.062500,0.197266,5,5.000000,0.907525
cate8-00390,cate8,0,17,6,0.220703,0.406250,0.066406,0.207031,6,6.000000,0.912264
cate8-00390,cate8,0,18,7,0.176758,0.370117,0.076172,0.181641,7,7.000000,0.888491
cate8-00390,cate8,0,21,8,0.525391,0.433594,0.042969,0.218750,8,8.000000,0.821376
cate8-00390,cate8,0,22,9,0.563477,0.434570,0.037109,0.220703,9,9.000000,0.886514
cate8-00390,cate8,0,23,10,0.601562,0.416016,0.042969,0.214844,10,10.000000,0.898827
cate8-00390,cate8,0,24,11,0.636719,0.430664,0.054688,0.220703,11,11.000000,0.857769
cate8-00390,cate8,0,25,12,0.675781,0.445312,0.042969,0.195312,12,12.000000,0.884012
cate8-00390,cate8,0,26,13,0.728516,0.441406,0.062500,0.179688,13,13.000000,0.913834
cate8-00390,cate8,0,27,14,0.778320,0.409180,0.072266,0.228516,14,14.000000,0.905095
cate8-00390,cate8,0,28,15,0.828125,0.397461,0.074219,0.193359,15,15.000000,0.856024
cate8-00390,cate8,0,31,16,0.517578,0.637695,0.027344,0.150391,16,16.000000,0.870286
cate8-00390,cate8,0,32,17,0.546875,0.646484,0.035156,0.171875,17,17.000000,0.914067
cate8-00390,cate8,0,33,18,0.582031,0.666016,0.039062,0.191406,18,18.000000,0.871093
cate8-00390,cate8,0,34,19,0.617188,0.671875,0.046875,0.207031,19,19.000000,0.897915
cate8-00390,cate8,0,35,20,0.666016,0.677734,0.058594,0.226562,20,20.000000,0.886809
cate8-00390,cate8,0,36,21,0.723633,0.660156,0.080078,0.210938,21,21.000000,0.926391
cate8-00390,cate8,0,37,22,0.799805,0.608398,0.099609,0.181641,22,22.000000,0.943560
cate8-00390,cate8,0,41,24,0.490234,0.635742,0.027344,0.146484,24,24.000000,0.813664
cate8-00390,cate8,0,42,25,0.459961,0.650391,0.033203,0.175781,25,25.000000,0.865845
cate8-00390,cate8,0,43,26,0.427734,0.663086,0.039062,0.189453,26,26.000000,0.903404
cate8-00390,cate8,0,44,27,0.385742,0.683594,0.052734,0.210938,27,27.000000,0.908513
cate8-00390,cate8,0,45,28,0.336914,0.674805,0.064453,0.208984,28,28.000000,0.939831
cate8-00390,cate8,0,46,29,0.289062,0.641602,0.085938,0.189453,29,29.000000,0.937177
cate8-00390,cate8,0,47,30,0.221680,0.618164,0.095703,0.208984,30,30.000000,0.876365
cate8-00390,cate8,0,48,31,0.161133,0.581055,0.076172,0.185547,31,31.000000,0.890770
cate8-00395,cate8,3,11,0,0.499023,0.458984,0.033203,0.210938,0,0.000000,0.906810
cate8-00395,cate8,3,12,1,0.466797,0.454102,0.027344,0.193359,1,1.000000,0.953953
cate8-00395,cate8,3,13,2,0.433594,0.452148,0.039062,0.205078,1,2.000000,0.900142
cate8-00395,cate8,3,14,3,0.401367,0.455078,0.033203,0.214844,2,3.000000,0.767048
cate8-00395,cate8,3,15,4,0.375000,0.451172,0.027344,0.179688,3,,
cate8-00395,cate8,3,16,5,0.333984,0.440430,0.054688,0.173828,5,5.000000,0.838822
cate8-00395,cate8,3,17,6,0.283203,0.415039,0.062500,0.185547,5,6.000000,0.847410
cate8-00395,cate8,3,21,8,0.538086,0.459961,0.037109,0.205078,8,8.000000,0.890684
cate8-00395,cate8,3,22,9,0.567383,0.453125,0.029297,0.199219,9,9.000000,0.909345
cate8-00395,cate8,3,23,10,0.598633,0.457031,0.033203,0.218750,10,10.000000,0.831771
cate8-00395,cate8,3,24,11,0.620117,0.445312,0.037109,0.171875,11,,
cate8-00395,cate8,3,25,12,0.642578,0.447266,0.035156,0.179688,12,11.000000,0.774735
cate8-00395,cate8,3,26,13,0.686523,0.422852,0.060547,0.197266,13,13.000000,0.925976
cate8-00395,cate8,3,27,14,0.730469,0.406250,0.066406,0.199219,13,14.000000,0.954288
cate8-00395,cate8,3,28,15,0.759766,0.348633,0.050781,0.158203,14,15.000000,0.901728
cate8-00395,cate8,3,31,16,0.529297,0.671875,0.027344,0.175781,16,16.000000,0.839211
cate8-00395,cate8,3,32,17,0.549805,0.670898,0.029297,0.185547,17,17.000000,0.829848
cate8-00395,cate8,3,33,18,0.584961,0.663086,0.037109,0.208984,18,18.000000,0.908827
cate8-00395,cate8,3,35,20,0.625000,0.649414,0.042969,0.205078,19,19.000000,0.817444
cate8-00395,cate8,3,36,21,0.684570,0.625000,0.087891,0.187500,21,21.000000,0.935298
cate8-00395,cate8,3,37,22,0.731445,0.600586,0.068359,0.169922,22,22.000000,0.923907
cate8-00395,cate8,3,41,24,0.505859,0.666992,0.027344,0.169922,24,24.000000,0.809317
cate8-00395,cate8,3,42,25,0.482422,0.666016,0.023438,0.179688,24,25.000000,0.666394
cate8-00395,cate8,3,43,26,0.446289,0.667969,0.037109,0.218750,26,26.000000,0.888434
cate8-00395,cate8,3,45,28,0.404297,0.656250,0.042969,0.203125,27,28.000000,0.586984
cate8-00395,cate8,3,46,29,0.341797,0.644531,0.109375,0.207031,29,29.000000,0.921042
cate8-00395,cate8,3,47,30,0.289062,0.598633,0.078125,0.177734,29,30.000000,0.760518
cate8-00397,cate8,3,11,0,0.481445,0.513672,0.044922,0.257812,0,0.000000,0.877791
cate8-00397,cate8,3,12,1,0.445312,0.526367,0.042969,0.220703,1,1.000000,0.909300
cate8-00397,cate8,3,13,2,0.407227,0.479492,0.048828,0.248047,2,2.000000,0.906847
cate8-00397,cate8,3,14,3,0.389648,0.513672,0.052734,0.222656,3,3.000000,0.795569
cate8-00397,cate8,3,15,4,0.347656,0.507812,0.039062,0.203125,4,4.000000,0.946060
cate8-00397,cate8,3,16,5,0.302734,0.470703,0.074219,0.246094,5,5.000000,0.881460
cate8-00397,cate8,3,17,6,0.256836,0.451172,0.083984,0.183594,6,6.000000,0.911888
cate8-00397,cate8,3,18,7,0.242188,0.347656,0.070312,0.125000,7,7.000000,0.927691
cate8-00397,cate8,3,21,8,0.518555,0.496094,0.056641,0.269531,0,8.000000,0.804014
cate8-00397,cate8,3,22,9,0.543945,0.502930,0.060547,0.255859,8,9.000000,0.892229
cate8-00397,cate8,3,23,10,0.592773,0.483398,0.048828,0.259766,10,10.000000,0.873962
cate8-00397,cate8,3,24,11,0.622070,0.510742,0.048828,0.220703,11,11.000000,0.898608
cate8-00397,cate8,3,25,12,0.657227,0.500977,0.056641,0.205078,11,12.000000,0.924148
cate8-00397,cate8,3,26,13,0.708984,0.487305,0.070312,0.216797,13,13.000000,0.917127
cate8-00397,cate8,3,27,14,0.750977,0.442383,0.087891,0.193359,14,14.000000,0.913847
cate8-00397,cate8,3,28,15,0.763672,0.347656,0.054688,0.113281,15,15.000000,0.931795
cate8-00397,cate8,3,31,16,0.533203,0.741211,0.031250,0.166016,16,16.000000,0.845445
cate8-00397,cate8,3,32,17,0.567383,0.748047,0.037109,0.203125,18,17.000000,0.746574
cate8-00397,cate8,3,33,18,0.609375,0.751953,0.050781,0.234375,18,18.000000,0.847369
cate8-00397,cate8,3,35,20,0.655273,0.737305,0.044922,0.208984,20,19.000000,0.884229
cate8-00397,cate8,3,37,22,0.761719,0.636719,0.105469,0.156250,22,22.000000,0.938019
cate8-00397,cate8,3,38,23,0.817383,0.588867,0.060547,0.119141,23,23.000000,0.897017
cate8-00397,cate8,3,41,24,0.502930,0.742188,0.033203,0.171875,24,24.000000,0.894446
cate8-00397,cate8,3,42,25,0.469727,0.750977,0.041016,0.185547,26,25.000000,0.864002
cate8-00397,cate8,3,43,26,0.423828,0.756836,0.058594,0.212891,26,26.000000,0.891257
cate8-00397,cate8,3,44,27,0.389648,0.734375,0.060547,0.187500,27,27.000000,0.945447
cate8-00397,cate8,3,45,28,0.351562,0.723633,0.054688,0.193359,28,28.000000,0.925276
cate8-00397,cate8,3,46,29,0.291016,0.687500,0.101562,0.203125,29,29.000000,0.939267
cate8-00397,cate8,3,47,30,0.231445,0.644531,0.080078,0.183594,30,30.000000,0.957651
cate8-00397,cate8,3,48,31,0.179688,0.607422,0.042969,0.121094,31,31.000000,0.881274
cate8-00401,cate8,2,11,0,0.470703,0.415039,0.050781,0.240234,1,0.000000,0.915952
cate8-00401,cate8,2,12,1,0.437500,0.404297,0.062500,0.246094,1,1.000000,0.789902
cate8-00401,cate8,2,13,2,0.389648,0.333984,0.076172,0.277344,2,2.000000,0.931517
cate8-00401,cate8,2,14,3,0.373047,0.415039,0.054688,0.189453,3,3.000000,0.924792
cate8-00401,cate8,2,15,4,0.336914,0.406250,0.041016,0.242188,4,4.000000,0.877983
cate8-00401,cate8,2,16,5,0.286133,0.411133,0.064453,0.201172,5,5.000000,0.942901
cate8-00401,cate8,2,17,6,0.234375,0.388672,0.054688,0.218750,6,6.000000,0.918481
cate8-00401,cate8,2,21,8,0.517578,0.414062,0.042969,0.238281,8,8.000000,0.875403
cate8-00401,cate8,2,22,9,0.557617,0.415039,0.041016,0.228516,9,9.000000,0.885918
cate8-00401,cate8,2,23,10,0.605469,0.378906,0.070312,0.316406,10,10.000000,0.861645
cate8-00401,cate8,2,24,11,0.636719,0.406250,0.050781,0.250000,11,11.000000,0.882101
cate8-00401,cate8,2,25,12,0.669922,0.416016,0.046875,0.246094,11,12.000000,0.909610
cate8-00401,cate8,2,26,13,0.718750,0.412109,0.062500,0.230469,13,13.000000,0.950041
cate8-00401,cate8,2,27,14,0.772461,0.390625,0.060547,0.214844,14,14.000000,0.931436
cate8-00401,cate8,2,31,16,0.523438,0.661133,0.031250,0.212891,16,16.000000,0.849440
cate8-00401,cate8,2,32,17,0.553711,0.662109,0.033203,0.218750,17,17.000000,0.862280
cate8-00401,cate8,2,33,18,0.590820,0.686523,0.041016,0.267578,18,18.000000,0.902131
cate8-00401,cate8,2,34,19,0.628906,0.670898,0.042969,0.224609,19,19.000000,0.792869
cate8-00401,cate8,2,35,20,0.665039,0.685547,0.044922,0.253906,20,20.000000,0.929874
cate8-00401,cate8,2,37,22,0.758789,0.627930,0.107422,0.212891,22,22.000000,0.910199
cate8-00401,cate8,2,38,23,0.816406,0.583984,0.097656,0.187500,22,23.000000,0.899544
cate8-00401,cate8,2,41,24,0.493164,0.658203,0.033203,0.210938,24,24.000000,0.834928
cate8-00401,cate8,2,42,25,0.463867,0.673828,0.037109,0.257812,26,25.000000,0.916102
cate8-00401,cate8,2,43,26,0.422852,0.678711,0.048828,0.283203,26,26.000000,0.924152
cate8-00401,cate8,2,44,27,0.383789,0.661133,0.052734,0.248047,27,27.000000,0.946468
cate8-00401,cate8,2,45,28,0.347656,0.658203,0.054688,0.253906,28,28.000000,0.898771
cate8-00401,cate8,2,47,30,0.245117,0.611328,0.111328,0.195312,30,30.000000,0.932043
cate8-00401,cate8,2,48,31,0.203125,0.569336,0.074219,0.154297,31,31.000000,0.937434
cate8-00404,cate8,0,11,0,0.493164,0.423828,0.048828,0.269531,0,0.000000,0.911663
cate8-00404,cate8,0,12,1,0.458984,0.413086,0.039062,0.255859,1,1.000000,0.837607
cate8-00404,cate8,0,13,2,0.418945,0.415039,0.044922,0.232422,2,2.000000,0.858608
cate8-00404,cate8,0,14,3,0.384766,0.403320,0.039062,0.216797,3,3.000000,0.833858
cate8-00404,cate8,0,15,4,0.353516,0.396484,0.039062,0.214844,4,4.000000,0.870972
cate8-00404,cate8,0,16,5,0.305664,0.407227,0.064453,0.201172,5,5.000000,0.907137
cate8-00404,cate8,0,17,6,0.250977,0.382812,0.064453,0.218750,6,6.000000,0.905118
cate8-00404,cate8,0,18,7,0.201172,0.364258,0.050781,0.208984,7,7.000000,0.870913
cate8-00404,cate8,0,21,8,0.541016,0.433594,0.042969,0.250000,8,8.000000,0.846852
cate8-00404,cate8,0,22,9,0.578125,0.438477,0.035156,0.220703,9,9.000000,0.832134
cate8-00404,cate8,0,23,10,0.610352,0.440430,0.041016,0.224609,10,10.000000,0.862268
cate8-00404,cate8,0,24,11,0.640625,0.432617,0.039062,0.197266,11,11.000000,0.836299
cate8-00404,cate8,0,25,12,0.673828,0.411133,0.042969,0.205078,12,12.000000,0.913057
cate8-00404,cate8,0,26,13,0.722656,0.420898,0.058594,0.220703,13,13.000000,0.856234
cate8-00404,cate8,0,27,14,0.771484,0.443359,0.054688,0.210938,14,14.000000,0.889455
cate8-00404,cate8,0,28,15,0.817383,0.429688,0.044922,0.207031,15,15.000000,0.937676
cate8-00404,cate8,0,31,16,0.516602,0.677734,0.029297,0.191406,16,16.000000,0.888360
cate8-00404,cate8,0,32,17,0.546875,0.678711,0.031250,0.189453,17,17.000000,0.865361
cate8-00404,cate8,0,33,18,0.579102,0.677734,0.037109,0.203125,18,18.000000,0.884255
cate8-00404,cate8,0,34,19,0.620117,0.699219,0.041016,0.222656,19,19.000000,0.867181
cate8-00404,cate8,0,35,20,0.657227,0.708008,0.041016,0.224609,20,20.000000,0.850992
cate8-00404,cate8,0,41,24,0.492188,0.663086,0.031250,0.162109,24,24.000000,0.839195
cate8-00404,cate8,0,42,25,0.459961,0.679688,0.033203,0.179688,25,25.000000,0.867513
cate8-00404,cate8,0,43,26,0.422852,0.694336,0.037109,0.212891,26,26.000000,0.893368
cate8-00404,cate8,0,44,27,0.382812,0.699219,0.039062,0.226562,27,27.000000,0.903900
cate8-00404,cate8,0,45,28,0.347656,0.705078,0.042969,0.230469,28,28.000000,0.833938
cate8-00404,cate8,0,47,30,0.249023,0.657227,0.111328,0.197266,30,30.000000,0.919687
cate8-00404,cate8,0,48,31,0.198242,0.602539,0.091797,0.158203,31,31.000000,0.933337
cate8-00407,cate8,0,11,0,0.463867,0.445312,0.044922,0.281250,1,0.000000,0.872370
cate8-00407,cate8,0,12,1,0.424805,0.453125,0.037109,0.242188,2,1.000000,0.898833
cate8-00407,cate8,0,13,2,0.383789,0.418945,0.052734,0.306641,2,2.000000,0.854663
cate8-00407,cate8,0,14,3,0.350586,0.476562,0.041016,0.203125,4,3.000000,0.886453
cate8-00407,cate8,0,15,4,0.315430,0.471680,0.037109,0.197266,4,4.000000,0.947383
cate8-00407,cate8,0,17,6,0.262695,0.436523,0.060547,0.248047,5,5.000000,0.945622
cate8-00407,cate8,0,18,7,0.226562,0.382812,0.070312,0.160156,6,7.000000,0.914628
cate8-00407,cate8,0,21,8,0.511719,0.456055,0.046875,0.251953,8,8.000000,0.909308
cate8-00407,cate8,0,22,9,0.544922,0.437500,0.039062,0.277344,8,9.000000,0.894512
cate8-00407,cate8,0,23,10,0.589844,0.435547,0.050781,0.304688,10,10.000000,0.893868
cate8-00407,cate8,0,24,11,0.629883,0.463867,0.048828,0.248047,11,11.000000,0.811551
cate8-00407,cate8,0,25,12,0.662109,0.453125,0.046875,0.195312,12,12.000000,0.908587
cate8-00407,cate8,0,27,14,0.719727,0.446289,0.072266,0.212891,13,13.000000,0.905297
cate8-00407,cate8,0,28,15,0.767578,0.400391,0.082031,0.183594,14,14.000000,0.906514
cate8-00407,cate8,0,31,16,0.509766,0.705078,0.027344,0.210938,16,16.000000,0.860223
cate8-00407,cate8,0,32,17,0.536133,0.713867,0.041016,0.197266,16,17.000000,0.911173
cate8-00407,cate8,0,33,18,0.565430,0.743164,0.048828,0.263672,18,18.000000,0.787642
cate8-00407,cate8,0,34,19,0.612305,0.722656,0.048828,0.203125,19,19.000000,0.878623
cate8-00407,cate8,0,35,20,0.654297,0.769531,0.046875,0.179688,19,20.000000,0.867875
cate8-00407,cate8,0,36,21,0.715820,0.688477,0.123047,0.212891,22,21.000000,0.967464
cate8-00407,cate8,0,37,22,0.770508,0.642578,0.087891,0.191406,22,22.000000,0.952303
cate8-00407,cate8,0,38,23,0.830078,0.596680,0.062500,0.123047,23,23.000000,0.893617
cate8-00407,cate8,0,41,24,0.483398,0.693359,0.029297,0.191406,25,24.000000,0.852515
cate8-00407,cate8,0,42,25,0.453125,0.702148,0.031250,0.208984,25,25.000000,0.845633
cate8-00407,cate8,0,43,26,0.419922,0.724609,0.042969,0.250000,26,26.000000,0.896395
cate8-00407,cate8,0,44,27,0.378906,0.714844,0.042969,0.207031,27,27.000000,0.911570
cate8-00407,cate8,0,45,28,0.339844,0.759766,0.046875,0.164062,28,28.000000,0.930606
cate8-00407,cate8,0,46,29,0.286133,0.689453,0.103516,0.203125,29,29.000000,0.946319
cate8-00407,cate8,0,47,30,0.222656,0.639648,0.089844,0.193359,30,30.000000,0.951555
cate8-00407,cate8,0,48,31,0.162109,0.592773,0.062500,0.126953,31,31.000000,0.931921
cate8-00411,cate8,4,11,0,0.483398,0.377930,0.048828,0.240234,0,0.000000,0.906414
cate8-00411,cate8,4,12,1,0.450195,0.372070,0.044922,0.244141,1,1.000000,0.879561
cate8-00411,cate8,4,13,2,0.416016,0.367188,0.046875,0.253906,2,2.000000,0.881444
cate8-00411,cate8,4,14,3,0.377930,0.379883,0.048828,0.216797,3,3.000000,0.960554
cate8-00411,cate8,4,15,4,0.336914,0.375977,0.044922,0.212891,4,4.000000,0.728745
cate8-00411,cate8,4,16,5,0.287109,0.384766,0.062500,0.187500,5,5.000000,0.929687
cate8-00411,cate8,4,17,6,0.225586,0.362305,0.060547,0.189453,6,6.000000,0.945088
cate8-00411,cate8,4,18,7,0.171875,0.341797,0.066406,0.187500,7,7.000000,0.908173
cate8-00411,cate8,4,21,8,0.532227,0.386719,0.041016,0.234375,8,8.000000,0.905601
cate8-00411,cate8,4,22,9,0.570312,0.391602,0.035156,0.212891,9,9.000000,0.839754
cate8-00411,cate8,4,23,10,0.607422,0.381836,0.039062,0.240234,10,10.000000,0.892241
cate8-00411,cate8,4,24,11,0.645508,0.384766,0.044922,0.218750,11,11.000000,0.856494
cate8-00411,cate8,4,25,12,0.680664,0.370117,0.037109,0.224609,12,12.000000,0.838919
cate8-00411,cate8,4,26,13,0.725586,0.393555,0.064453,0.185547,13,13.000000,0.905292
cate8-00411,cate8,4,27,14,0.781250,0.355469,0.050781,0.203125,14,14.000000,0.954743
cate8-00411,cate8,4,28,15,0.835938,0.333984,0.054688,0.195312,15,15.000000,0.857498
cate8-00411,cate8,4,31,16,0.531250,0.619141,0.031250,0.183594,17,16.000000,0.891091
cate8-00411,cate8,4,32,17,0.555664,0.611328,0.033203,0.187500,17,17.000000,0.864874
cate8-00411,cate8,4,33,18,0.586914,0.622070,0.041016,0.228516,18,18.000000,0.893399
cate8-00411,cate8,4,34,19,0.623047,0.608398,0.039062,0.208984,19,19.000000,0.906091
cate8-00411,cate8,4,35,20,0.663086,0.601562,0.048828,0.207031,20,20.000000,0.882833
cate8-00411,cate8,4,37,22,0.774414,0.573242,0.103516,0.201172,22,22.000000,0.946423
cate8-00411,cate8,4,38,23,0.836914,0.532227,0.095703,0.181641,23,23.000000,0.900174
cate8-00411,cate8,4,41,24,0.500977,0.615234,0.029297,0.183594,16,24.000000,0.846595
cate8-00411,cate8,4,42,25,0.473633,0.624023,0.029297,0.216797,25,25.000000,0.778004
cate8-00411,cate8,4,43,26,0.441406,0.627930,0.042969,0.232422,26,26.000000,0.914621
cate8-00411,cate8,4,44,27,0.409180,0.606445,0.048828,0.208984,27,27.000000,0.931611
cate8-00411,cate8,4,45,28,0.367188,0.607422,0.050781,0.218750,28,28.000000,0.878970
cate8-00411,cate8,4,46,29,0.310547,0.581055,0.085938,0.201172,29,29.000000,0.920849
cate8-00411,cate8,4,47,30,0.243164,0.566406,0.091797,0.191406,30,30.000000,0.944457
cate8-00411,cate8,4,48,31,0.170898,0.561523,0.095703,0.181641,31,31.000000,0.937585
cate8-00413,cate8,3,11,0,0.489258,0.360352,0.041016,0.283203,0,0.000000,0.908078
cate8-00413,cate8,3,12,1,0.457031,0.362305,0.042969,0.275391,1,1.000000,0.945303
cate8-00413,cate8,3,13,2,0.410156,0.356445,0.054688,0.271484,2,2.000000,0.888244
cate8-00413,cate8,3,14,3,0.377930,0.377930,0.044922,0.220703,3,3.000000,0.899631
cate8-00413,cate8,3,15,4,0.337891,0.373047,0.042969,0.222656,4,4.000000,0.951387
cate8-00413,cate8,3,16,5,0.291992,0.363281,0.052734,0.222656,4,5.000000,0.880790
cate8-00413,cate8,3,17,6,0.239258,0.355469,0.056641,0.207031,6,6.000000,0.901113
cate8-00413,cate8,3,18,7,0.201172,0.309570,0.066406,0.134766,7,7.000000,0.917158
cate8-00413,cate8,3,21,8,0.532227,0.370117,0.037109,0.267578,8,8.000000,0.890588
cate8-00413,cate8,3,22,9,0.566406,0.381836,0.035156,0.244141,9,9.000000,0.881514
cate8-00413,cate8,3,23,10,0.606445,0.372070,0.044922,0.248047,10,10.000000,0.845045
cate8-00413,cate8,3,24,11,0.640625,0.361328,0.050781,0.253906,11,11.000000,0.887151
cate8-00413,cate8,3,25,12,0.672852,0.369141,0.044922,0.230469,12,12.000000,0.921316
cate8-00413,cate8,3,26,13,0.717773,0.371094,0.052734,0.199219,13,13.000000,0.957079
cate8-00413,cate8,3,27,14,0.768555,0.353516,0.056641,0.199219,14,14.000000,0.905629
cate8-00413,cate8,3,28,15,0.807617,0.316406,0.068359,0.175781,15,15.000000,0.935589
cate8-00413,cate8,3,31,16,0.533203,0.606445,0.027344,0.162109,16,16.000000,0.528422
cate8-00413,cate8,3,32,17,0.570312,0.619141,0.039062,0.203125,18,18.000000,0.861488
cate8-00413,cate8,3,34,19,0.616211,0.608398,0.041016,0.201172,19,19.000000,0.907468
cate8-00413,cate8,3,35,20,0.654297,0.596680,0.046875,0.197266,19,20.000000,0.883497
cate8-00413,cate8,3,36,21,0.708008,0.591797,0.087891,0.226562,21,21.000000,0.942294
cate8-00413,cate8,3,37,22,0.771484,0.560547,0.089844,0.203125,22,22.000000,0.953905
cate8-00413,cate8,3,38,23,0.830078,0.538086,0.074219,0.177734,23,23.000000,0.914903
cate8-00413,cate8,3,41,24,0.502930,0.603516,0.029297,0.156250,16,24.000000,0.861523
cate8-00413,cate8,3,42,25,0.463867,0.604492,0.033203,0.169922,25,26.000000,0.653443
cate8-00413,cate8,3,43,26,0.432617,0.606445,0.029297,0.158203,25,27.000000,0.565857
cate8-00413,cate8,3,44,27,0.403320,0.610352,0.041016,0.212891,27,27.000000,0.871762
cate8-00413,cate8,3,45,28,0.365234,0.597656,0.042969,0.210938,28,28.000000,0.899118
cate8-00413,cate8,3,47,30,0.248047,0.558594,0.085938,0.187500,30,30.000000,0.949431
cate8-00413,cate8,3,48,31,0.173828,0.521484,0.093750,0.128906,31,31.000000,0.913673
cate8-00418,cate8,0,11,0,0.481445,0.425781,0.044922,0.187500,0,0.000000,0.519517
cate8-00418,cate8,0,12,1,0.446289,0.412109,0.037109,0.195312,1,1.000000,0.832443
cate8-00418,cate8,0,13,2,0.411133,0.402344,0.037109,0.230469,2,2.000000,0.810073
cate8-00418,cate8,0,14,3,0.380859,0.429688,0.031250,0.167969,3,3.000000,0.827315
cate8-00418,cate8,0,15,4,0.346680,0.429688,0.041016,0.164062,3,4.000000,0.899851
cate8-00418,cate8,0,16,5,0.297852,0.425781,0.052734,0.171875,5,5.000000,0.922247
cate8-00418,cate8,0,17,6,0.246094,0.412109,0.050781,0.187500,6,6.000000,0.903811
cate8-00418,cate8,0,21,8,0.522461,0.429688,0.044922,0.179688,8,8.000000,0.846415
cate8-00418,cate8,0,22,9,0.560547,0.428711,0.031250,0.177734,9,9.000000,0.879032
cate8-00418,cate8,0,23,10,0.600586,0.416016,0.041016,0.218750,10,10.000000,0.896026
cate8-00418,cate8,0,24,11,0.629883,0.405273,0.041016,0.224609,11,11.000000,0.875269
cate8-00418,cate8,0,25,12,0.666992,0.420898,0.048828,0.189453,12,12.000000,0.956389
cate8-00418,cate8,0,31,16,0.508789,0.611328,0.033203,0.152344,16,16.000000,0.856572
cate8-00418,cate8,0,32,17,0.535156,0.620117,0.031250,0.166016,16,17.000000,0.894034
cate8-00418,cate8,0,33,18,0.571289,0.630859,0.044922,0.187500,17,18.000000,0.922234
cate8-00418,cate8,0,34,19,0.610352,0.628906,0.052734,0.167969,19,19.000000,0.944203
cate8-00418,cate8,0,35,20,0.657227,0.628906,0.064453,0.164062,20,20.000000,0.940080
cate8-00418,cate8,0,41,24,0.479492,0.614258,0.029297,0.150391,24,24.000000,0.788350
cate8-00418,cate8,0,42,25,0.453125,0.616211,0.027344,0.158203,25,25.000000,0.848402
cate8-00418,cate8,0,43,26,0.424805,0.630859,0.033203,0.187500,26,26.000000,0.876467
cate8-00418,cate8,0,44,27,0.393555,0.622070,0.048828,0.181641,27,27.000000,0.905403
cate8-00418,cate8,0,45,28,0.339844,0.621094,0.066406,0.175781,28,28.000000,0.947914
cate8-00419,cate8,0,11,0,0.479492,0.387695,0.041016,0.259766,0,0.000000,0.959771
cate8-00419,cate8,0,12,1,0.449219,0.358398,0.046875,0.275391,1,1.000000,0.861207
cate8-00419,cate8,0,13,2,0.414062,0.330078,0.050781,0.296875,2,2.000000,0.908699
cate8-00419,cate8,0,14,3,0.377930,0.332031,0.052734,0.234375,3,3.000000,0.844790
cate8-00419,cate8,0,15,4,0.335938,0.320312,0.046875,0.214844,4,4.000000,0.906263
cate8-00419,cate8,0,16,5,0.288086,0.306641,0.060547,0.199219,5,6.000000,0.602232
cate8-00419,cate8,0,17,6,0.233398,0.297852,0.052734,0.162109,6,7.000000,0.890797
cate8-00419,cate8,0,21,8,0.516602,0.381836,0.041016,0.267578,8,8.000000,0.819341
cate8-00419,cate8,0,22,9,0.543945,0.381836,0.041016,0.251953,8,9.000000,0.805151
cate8-00419,cate8,0,23,10,0.586914,0.351562,0.044922,0.296875,10,10.000000,0.854865
cate8-00419,cate8,0,24,11,0.614258,0.363281,0.048828,0.261719,10,11.000000,0.862059
cate8-00419,cate8,0,25,12,0.651367,0.348633,0.048828,0.240234,11,12.000000,0.923359
cate8-00419,cate8,0,26,13,0.699219,0.345703,0.066406,0.199219,13,13.000000,0.926513
cate8-00419,cate8,0,27,14,0.753906,0.306641,0.058594,0.214844,14,14.000000,0.941243
cate8-00419,cate8,0,28,15,0.804688,0.291992,0.062500,0.169922,15,15.000000,0.910528
cate8-00419,cate8,0,31,16,0.519531,0.615234,0.027344,0.167969,16,16.000000,0.866711
cate8-00419,cate8,0,32,17,0.543945,0.619141,0.041016,0.164062,17,17.000000,0.927719
cate8-00419,cate8,0,33,18,0.579102,0.645508,0.041016,0.216797,18,18.000000,0.896480
cate8-00419,cate8,0,34,19,0.619141,0.623047,0.101562,0.199219,18,19.000000,0.906870
cate8-00419,cate8,0,35,20,0.656250,0.605469,0.085938,0.195312,20,20.000000,0.883323
cate8-00419,cate8,0,36,21,0.706055,0.575195,0.103516,0.193359,21,21.000000,0.912266
cate8-00419,cate8,0,37,22,0.757812,0.521484,0.093750,0.175781,22,22.000000,0.951585
cate8-00419,cate8,0,41,24,0.493164,0.612305,0.029297,0.154297,24,24.000000,0.882231
cate8-00419,cate8,0,42,25,0.464844,0.617188,0.039062,0.164062,25,25.000000,0.854535
cate8-00419,cate8,0,43,26,0.420898,0.640625,0.056641,0.234375,26,26.000000,0.920038
cate8-00419,cate8,0,44,27,0.386719,0.598633,0.062500,0.205078,27,27.000000,0.881992
cate8-00419,cate8,0,45,28,0.342773,0.584961,0.091797,0.232422,29,28.000000,0.910867
cate8-00419,cate8,0,46,29,0.288086,0.533203,0.107422,0.203125,30,29.000000,0.814910
cate8-00419,cate8,0,47,30,0.220703,0.482422,0.097656,0.171875,6,31.000000,0.864699
cate8-00425,cate8,4,11,0,0.496094,0.425781,0.046875,0.246094,0,0.000000,0.754479
cate8-00425,cate8,4,12,1,0.455078,0.412109,0.039062,0.246094,1,1.000000,0.778844
cate8-00425,cate8,4,13,2,0.416016,0.397461,0.050781,0.244141,2,2.000000,0.814109
cate8-00425,cate8,4,14,3,0.374023,0.391602,0.044922,0.212891,3,3.000000,0.874909
cate8-00425,cate8,4,16,5,0.289062,0.370117,0.078125,0.208984,5,6.000000,0.835339
cate8-00425,cate8,4,17,6,0.233398,0.395508,0.060547,0.224609,6,7.000000,0.725783
cate8-00425,cate8,4,23,10,0.607422,0.431641,0.042969,0.250000,10,10.000000,0.814889
cate8-00425,cate8,4,24,11,0.634766,0.448242,0.039062,0.224609,11,11.000000,0.913663
cate8-00425,cate8,4,25,12,0.662109,0.429688,0.035156,0.226562,11,12.000000,0.643552
cate8-00425,cate8,4,26,13,0.695312,0.422852,0.058594,0.232422,13,13.000000,0.814555
cate8-00425,cate8,4,27,14,0.745117,0.428711,0.052734,0.212891,13,14.000000,0.933551
cate8-00425,cate8,4,28,15,0.797852,0.413086,0.060547,0.197266,14,15.000000,0.882565
cate8-00425,cate8,4,31,16,0.526367,0.672852,0.033203,0.166016,16,16.000000,0.856401
cate8-00425,cate8,4,32,17,0.553711,0.671875,0.033203,0.171875,17,17.000000,0.908705
cate8-00425,cate8,4,33,18,0.583984,0.691406,0.039062,0.238281,18,18.000000,0.884771
cate8-00425,cate8,4,34,19,0.618164,0.682617,0.041016,0.228516,19,19.000000,0.888078
cate8-00425,cate8,4,35,20,0.656250,0.701172,0.050781,0.242188,20,20.000000,0.857675
cate8-00425,cate8,4,37,22,0.750000,0.642578,0.105469,0.187500,22,22.000000,0.954707
cate8-00425,cate8,4,41,24,0.501953,0.666992,0.031250,0.166016,24,24.000000,0.737327
cate8-00425,cate8,4,42,25,0.474609,0.667969,0.031250,0.183594,24,25.000000,0.683048
cate8-00425,cate8,4,43,26,0.444336,0.686523,0.041016,0.244141,26,26.000000,0.937744
cate8-00425,cate8,4,44,27,0.406250,0.687500,0.042969,0.218750,27,27.000000,0.924397
cate8-00425,cate8,4,45,28,0.368164,0.666992,0.087891,0.236328,28,28.000000,0.827765
cate8-00425,cate8,4,46,29,0.313477,0.642578,0.115234,0.207031,29,29.000000,0.907408
cate8-00426,cate8,3,11,0,0.484375,0.375977,0.042969,0.275391,0,0.000000,0.909924
cate8-00426,cate8,3,12,1,0.445312,0.372070,0.042969,0.244141,1,1.000000,0.884743
cate8-00426,cate8,3,14,3,0.401367,0.355469,0.041016,0.277344,2,2.000000,0.859915
cate8-00426,cate8,3,15,4,0.363281,0.358398,0.042969,0.255859,3,,
cate8-00426,cate8,3,16,5,0.313477,0.366211,0.064453,0.248047,5,5.000000,0.864195
cate8-00426,cate8,3,17,6,0.252930,0.340820,0.064453,0.212891,5,6.000000,0.860074
cate8-00426,cate8,3,21,8,0.525391,0.377930,0.039062,0.259766,8,8.000000,0.885934
cate8-00426,cate8,3,22,9,0.562500,0.377930,0.031250,0.228516,9,9.000000,0.904815
cate8-00426,cate8,3,23,10,0.594727,0.365234,0.041016,0.246094,9,,
cate8-00426,cate8,3,25,12,0.637695,0.369141,0.048828,0.261719,11,12.000000,0.710606
cate8-00426,cate8,3,26,13,0.694336,0.354492,0.068359,0.244141,13,13.000000,0.895748
cate8-00426,cate8,3,27,14,0.752930,0.337891,0.072266,0.222656,14,14.000000,0.812828
cate8-00426,cate8,3,32,17,0.524414,0.632812,0.029297,0.218750,17,17.000000,0.642211
cate8-00426,cate8,3,33,18,0.561523,0.643555,0.048828,0.271484,18,18.000000,0.888677
cate8-00426,cate8,3,34,19,0.605469,0.628906,0.050781,0.222656,18,19.000000,0.918811
cate8-00426,cate8,3,36,21,0.691406,0.614258,0.089844,0.240234,21,21.000000,0.953814
cate8-00426,cate8,3,37,22,0.760742,0.569336,0.095703,0.212891,22,22.000000,0.938148
cate8-00426,cate8,3,42,25,0.472656,0.626953,0.027344,0.199219,24,25.000000,0.725539
cate8-00426,cate8,3,43,26,0.438477,0.649414,0.041016,0.263672,26,26.000000,0.883277
cate8-00426,cate8,3,44,27,0.394531,0.644531,0.042969,0.234375,27,27.000000,0.916982
cate8-00426,cate8,3,47,30,0.246094,0.566406,0.117188,0.191406,30,30.000000,0.918801
cate8-00431,cate8,2,14,3,0.370117,0.407227,0.044922,0.279297,3,,
cate8-00431,cate8,2,16,5,0.286133,0.431641,0.072266,0.203125,5,5.000000,0.918582
cate8-00431,cate8,2,23,10,0.558594,0.411133,0.042969,0.189453,9,10.000000,0.823104
cate8-00431,cate8,2,25,12,0.633789,0.416016,0.048828,0.214844,11,12.000000,0.667177
cate8-00431,cate8,2,31,16,0.511719,0.628906,0.035156,0.210938,24,,
cate8-00431,cate8,2,32,17,0.538086,0.625000,0.037109,0.230469,17,18.000000,0.611744
cate8-00431,cate8,2,33,18,0.574219,0.601562,0.046875,0.207031,18,20.000000,0.519759
cate8-00431,cate8,2,36,21,0.690430,0.583008,0.103516,0.201172,21,22.000000,0.924004
cate8-00431,cate8,2,37,22,0.744141,0.505859,0.113281,0.175781,22,22.000000,0.858347
cate8-00431,cate8,2,42,25,0.425781,0.647461,0.031250,0.205078,26,26.000000,0.551621
cate8-00431,cate8,2,43,26,0.397461,0.614258,0.041016,0.248047,26,27.000000,0.543362
cate8-00431,cate8,2,44,27,0.371094,0.629883,0.050781,0.205078,28,27.000000,0.715234
cate8-00433,cate8,4,11,0,0.487305,0.328125,0.037109,0.246094,0,0.000000,0.900423
cate8-00433,cate8,4,12,1,0.454102,0.320312,0.033203,0.261719,1,1.000000,0.765658
cate8-00433,cate8,4,13,2,0.421875,0.324219,0.050781,0.265625,2,2.000000,0.869001
cate8-00433,cate8,4,14,3,0.382812,0.354492,0.042969,0.201172,3,3.000000,0.840914
cate8-00433,cate8,4,15,4,0.350586,0.334961,0.044922,0.216797,4,4.000000,0.865229
cate8-00433,cate8,4,16,5,0.304688,0.353516,0.058594,0.191406,5,5.000000,0.866128
cate8-00433,cate8,4,17,6,0.247070,0.334961,0.060547,0.193359,6,6.000000,0.923242
cate8-00433,cate8,4,21,8,0.529297,0.330078,0.039062,0.253906,8,8.000000,0.876159
cate8-00433,cate8,4,22,9,0.563477,0.335938,0.037109,0.238281,9,9.000000,0.849005
cate8-00433,cate8,4,23,10,0.600586,0.322266,0.044922,0.277344,10,10.000000,0.864892
cate8-00433,cate8,4,24,11,0.638672,0.337891,0.046875,0.238281,11,11.000000,0.821765
cate8-00433,cate8,4,25,12,0.672852,0.340820,0.041016,0.212891,12,12.000000,0.855450
cate8-00433,cate8,4,26,13,0.720703,0.341797,0.058594,0.187500,14,13.000000,0.884230
cate8-00433,cate8,4,27,14,0.772461,0.329102,0.060547,0.185547,14,14.000000,0.912087
cate8-00433,cate8,4,31,16,0.512695,0.568359,0.021484,0.183594,24,16.000000,0.563711
cate8-00433,cate8,4,32,17,0.539062,0.574219,0.031250,0.191406,17,17.000000,0.635296
cate8-00433,cate8,4,33,18,0.569336,0.606445,0.041016,0.232422,18,18.000000,0.904260
cate8-00433,cate8,4,34,19,0.606445,0.585938,0.048828,0.207031,19,19.000000,0.903357
cate8-00433,cate8,4,35,20,0.643555,0.587891,0.056641,0.226562,20,20.000000,0.927305
cate8-00433,cate8,4,36,21,0.699219,0.571289,0.093750,0.232422,21,21.000000,0.928222
cate8-00433,cate8,4,37,22,0.762695,0.544922,0.103516,0.218750,22,22.000000,0.947442
cate8-00433,cate8,4,41,24,0.491211,0.568359,0.021484,0.183594,24,24.000000,0.829204
cate8-00433,cate8,4,42,25,0.468750,0.569336,0.039062,0.205078,25,25.000000,0.842721
cate8-00433,cate8,4,43,26,0.437500,0.603516,0.039062,0.246094,26,26.000000,0.940375
cate8-00433,cate8,4,44,27,0.405273,0.590820,0.044922,0.212891,28,27.000000,0.928077
cate8-00433,cate8,4,45,28,0.366211,0.595703,0.056641,0.234375,28,28.000000,0.874912
cate8-00433,cate8,4,46,29,0.304688,0.582031,0.097656,0.246094,29,29.000000,0.911256
cate8-00433,cate8,4,47,30,0.234375,0.556641,0.105469,0.226562,30,30.000000,0.952388
cate8-00433,cate8,4,48,31,0.157227,0.534180,0.103516,0.126953,31,31.000000,0.890628
cate8-00437,cate8,2,11,0,0.495117,0.420898,0.048828,0.255859,0,0.000000,0.913062
cate8-00437,cate8,2,12,1,0.458984,0.416016,0.062500,0.242188,1,1.000000,0.866604
cate8-00437,cate8,2,13,2,0.417969,0.371094,0.046875,0.242188,2,2.000000,0.917141
cate8-00437,cate8,2,14,3,0.388672,0.401367,0.050781,0.251953,3,3.000000,0.904591
cate8-00437,cate8,2,15,4,0.345703,0.413086,0.050781,0.216797,4,4.000000,0.892345
cate8-00437,cate8,2,16,5,0.293945,0.405273,0.064453,0.197266,5,5.000000,0.946613
cate8-00437,cate8,2,17,6,0.242188,0.372070,0.062500,0.177734,6,6.000000,0.942512
cate8-00437,cate8,2,21,8,0.542969,0.433594,0.042969,0.238281,8,8.000000,0.938609
cate8-00437,cate8,2,22,9,0.583984,0.430664,0.035156,0.228516,10,9.000000,0.914881
cate8-00437,cate8,2,23,10,0.625977,0.414062,0.041016,0.273438,10,10.000000,0.927336
cate8-00437,cate8,2,24,11,0.666992,0.430664,0.044922,0.216797,12,11.000000,0.869526
cate8-00437,cate8,2,25,12,0.701172,0.422852,0.042969,0.208984,12,12.000000,0.913459
cate8-00437,cate8,2,26,13,0.745117,0.401367,0.056641,0.208984,14,13.000000,0.882496
cate8-00437,cate8,2,27,14,0.792969,0.377930,0.058594,0.181641,14,14.000000,0.888460
cate8-00437,cate8,2,31,16,0.530273,0.660156,0.029297,0.179688,17,16.000000,0.869458
cate8-00437,cate8,2,32,17,0.560547,0.666016,0.031250,0.191406,17,17.000000,0.877261
cate8-00437,cate8,2,33,18,0.596680,0.675781,0.041016,0.242188,19,18.000000,0.883680
cate8-00437,cate8,2,34,19,0.637695,0.663086,0.041016,0.212891,19,19.000000,0.893272
cate8-00437,cate8,2,35,20,0.681641,0.650391,0.046875,0.199219,20,20.000000,0.913507
cate8-00437,cate8,2,36,21,0.740234,0.628906,0.089844,0.207031,21,21.000000,0.932608
cate8-00437,cate8,2,37,22,0.795898,0.564453,0.083984,0.167969,23,22.000000,0.940289
cate8-00437,cate8,2,41,24,0.501953,0.662109,0.031250,0.183594,24,24.000000,0.861476
cate8-00437,cate8,2,42,25,0.468750,0.656250,0.039062,0.187500,25,25.000000,0.900780
cate8-00437,cate8,2,43,26,0.432617,0.669922,0.044922,0.238281,26,26.000000,0.892293
cate8-00437,cate8,2,44,27,0.389648,0.657227,0.048828,0.212891,27,27.000000,0.855676
cate8-00437,cate8,2,45,28,0.342773,0.654297,0.064453,0.214844,28,28.000000,0.856843
cate8-00437,cate8,2,46,29,0.283203,0.618164,0.093750,0.201172,29,29.000000,0.948508
cate8-00437,cate8,2,47,30,0.220703,0.560547,0.089844,0.179688,30,30.000000,0.940242
cate8-00440,cate8,2,11,0,0.441406,0.431641,0.039062,0.199219,1,0.000000,0.914198
cate8-00440,cate8,2,12,1,0.404297,0.416016,0.031250,0.207031,2,1.000000,0.952666
cate8-00440,cate8,2,13,2,0.368164,0.396484,0.044922,0.226562,3,2.000000,0.892174
cate8-00440,cate8,2,14,3,0.337891,0.415039,0.039062,0.173828,4,3.000000,0.921055
cate8-00440,cate8,2,15,4,0.302734,0.409180,0.035156,0.181641,4,4.000000,0.947405
cate8-00440,cate8,2,16,5,0.257812,0.399414,0.054688,0.201172,6,5.000000,0.917707
cate8-00440,cate8,2,17,6,0.208008,0.403320,0.048828,0.162109,7,6.000000,0.940126
cate8-00440,cate8,2,21,8,0.478516,0.431641,0.039062,0.203125,0,8.000000,0.901075
cate8-00440,cate8,2,22,9,0.514648,0.427734,0.033203,0.195312,8,9.000000,0.833269
cate8-00440,cate8,2,23,10,0.546875,0.400391,0.042969,0.238281,8,10.000000,0.913440
cate8-00440,cate8,2,24,11,0.583008,0.415039,0.041016,0.216797,9,11.000000,0.911637
cate8-00440,cate8,2,25,12,0.617188,0.429688,0.039062,0.187500,11,12.000000,0.944621
cate8-00440,cate8,2,26,13,0.662109,0.429688,0.058594,0.195312,12,13.000000,0.935352
cate8-00440,cate8,2,27,14,0.718750,0.418945,0.058594,0.189453,13,14.000000,0.870651
cate8-00440,cate8,2,31,16,0.480469,0.624023,0.027344,0.150391,24,16.000000,0.881006
cate8-00440,cate8,2,32,17,0.506836,0.622070,0.033203,0.158203,16,17.000000,0.890147
cate8-00440,cate8,2,33,18,0.537109,0.653320,0.039062,0.244141,18,18.000000,0.830715
cate8-00440,cate8,2,34,19,0.579102,0.638672,0.041016,0.210938,18,19.000000,0.937894
cate8-00440,cate8,2,35,20,0.612305,0.642578,0.052734,0.207031,19,20.000000,0.961867
cate8-00440,cate8,2,37,22,0.713867,0.628906,0.087891,0.191406,21,22.000000,0.956182
cate8-00440,cate8,2,41,24,0.455078,0.622070,0.031250,0.134766,25,24.000000,0.816835
cate8-00440,cate8,2,42,25,0.432617,0.619141,0.029297,0.152344,26,25.000000,0.803730
cate8-00440,cate8,2,43,26,0.404297,0.625000,0.035156,0.187500,27,26.000000,0.907836
cate8-00440,cate8,2,44,27,0.364258,0.625000,0.037109,0.203125,27,27.000000,0.877048
cate8-00440,cate8,2,45,28,0.329102,0.604492,0.037109,0.169922,28,28.000000,0.873189
cate8-00440,cate8,2,46,29,0.281250,0.606445,0.066406,0.169922,30,29.000000,0.947441
cate8-00440,cate8,2,47,30,0.229492,0.590820,0.076172,0.181641,30,30.000000,0.942796
cate8-00443,cate8,0,11,0,0.478516,0.438477,0.039062,0.263672,0,0.000000,0.938046
cate8-00443,cate8,0,12,1,0.448242,0.440430,0.037109,0.267578,1,1.000000,0.837671
cate8-00443,cate8,0,13,2,0.409180,0.417969,0.041016,0.277344,2,2.000000,0.793683
cate8-00443,cate8,0,14,3,0.382812,0.430664,0.042969,0.232422,3,3.000000,0.761197
cate8-00443,cate8,0,15,4,0.352539,0.436523,0.044922,0.208984,4,4.000000,0.852864
cate8-00443,cate8,0,16,5,0.309570,0.418945,0.060547,0.197266,5,5.000000,0.880653
cate8-00443,cate8,0,17,6,0.253906,0.393555,0.058594,0.197266,6,6.000000,0.893126
cate8-00443,cate8,0,18,7,0.215820,0.344727,0.044922,0.115234,7,7.000000,0.954535
cate8-00443,cate8,0,21,8,0.515625,0.435547,0.050781,0.269531,8,8.000000,0.845356
cate8-00443,cate8,0,22,9,0.546875,0.439453,0.054688,0.261719,8,9.000000,0.821269
cate8-00443,cate8,0,23,10,0.584961,0.411133,0.048828,0.302734,10,10.000000,0.863814
cate8-00443,cate8,0,24,11,0.625000,0.414062,0.054688,0.250000,10,11.000000,0.905869
cate8-00443,cate8,0,25,12,0.666016,0.417969,0.058594,0.214844,12,12.000000,0.894791
cate8-00443,cate8,0,27,14,0.735352,0.386719,0.076172,0.207031,14,14.000000,0.926496
cate8-00443,cate8,0,28,15,0.788086,0.350586,0.041016,0.111328,15,15.000000,0.899070
cate8-00443,cate8,0,31,16,0.518555,0.688477,0.033203,0.185547,16,16.000000,0.834920
cate8-00443,cate8,0,32,17,0.543945,0.691406,0.033203,0.199219,17,17.000000,0.877659
cate8-00443,cate8,0,33,18,0.580078,0.706055,0.042969,0.251953,18,18.000000,0.765075
cate8-00443,cate8,0,34,19,0.614258,0.662109,0.056641,0.199219,20,19.000000,0.924363
cate8-00443,cate8,0,35,20,0.651367,0.643555,0.072266,0.224609,20,20.000000,0.800576
cate8-00443,cate8,0,37,22,0.761719,0.577148,0.097656,0.208984,22,22.000000,0.973856
cate8-00443,cate8,0,38,23,0.818359,0.567383,0.054688,0.083984,23,23.000000,0.892248
cate8-00443,cate8,0,41,24,0.496094,0.679688,0.031250,0.175781,24,24.000000,0.820386
cate8-00443,cate8,0,42,25,0.470703,0.685547,0.031250,0.191406,25,25.000000,0.855452
cate8-00443,cate8,0,43,26,0.435547,0.693359,0.042969,0.238281,26,26.000000,0.877679
cate8-00443,cate8,0,44,27,0.404297,0.668945,0.046875,0.232422,27,27.000000,0.846832
cate8-00443,cate8,0,45,28,0.374023,0.655273,0.060547,0.244141,28,28.000000,0.884176
cate8-00443,cate8,0,47,30,0.243164,0.585938,0.107422,0.203125,30,30.000000,0.934305
cate8-00443,cate8,0,48,31,0.199219,0.561523,0.058594,0.091797,31,31.000000,0.924940
cate8-00447,cate8,0,11,0,0.487305,0.378906,0.041016,0.218750,0,0.000000,0.895166
cate8-00447,cate8,0,12,1,0.453125,0.355469,0.035156,0.195312,1,1.000000,0.877193
cate8-00447,cate8,0,13,2,0.418945,0.352539,0.037109,0.212891,1,2.000000,0.767406
cate8-00447,cate8,0,14,3,0.392578,0.360352,0.042969,0.197266,3,3.000000,0.879192
cate8-00447,cate8,0,15,4,0.358398,0.352539,0.041016,0.220703,3,4.000000,0.911093
cate8-00447,cate8,0,16,5,0.314453,0.359375,0.054688,0.191406,4,5.000000,0.947041
cate8-00447,cate8,0,17,6,0.266602,0.334961,0.064453,0.205078,6,6.000000,0.954369
cate8-00447,cate8,0,18,7,0.221680,0.308594,0.056641,0.160156,7,7.000000,0.912600
cate8-00447,cate8,0,21,8,0.527344,0.370117,0.039062,0.224609,8,8.000000,0.916351
cate8-00447,cate8,0,22,9,0.560547,0.358398,0.031250,0.212891,9,9.000000,0.714685
cate8-00447,cate8,0,23,10,0.598633,0.357422,0.048828,0.238281,10,10.000000,0.882792
cate8-00447,cate8,0,24,11,0.629883,0.367188,0.044922,0.214844,11,11.000000,0.786469
cate8-00447,cate8,0,25,12,0.664062,0.371094,0.046875,0.214844,12,12.000000,0.876772
cate8-00447,cate8,0,26,13,0.716797,0.368164,0.062500,0.205078,13,14.000000,0.812651
cate8-00447,cate8,0,27,14,0.771484,0.365234,0.046875,0.183594,14,15.000000,0.948612
cate8-00447,cate8,0,31,16,0.541992,0.599609,0.029297,0.195312,16,17.000000,0.922097
cate8-00447,cate8,0,32,17,0.576172,0.605469,0.039062,0.222656,18,18.000000,0.866802
cate8-00447,cate8,0,33,18,0.613281,0.603516,0.042969,0.207031,19,19.000000,0.901405
cate8-00447,cate8,0,34,19,0.654297,0.600586,0.042969,0.181641,20,20.000000,0.842028
cate8-00447,cate8,0,38,23,0.797852,0.572266,0.080078,0.148438,23,23.000000,0.942468
cate8-00447,cate8,0,41,24,0.514648,0.590820,0.025391,0.185547,16,16.000000,0.885630
cate8-00447,cate8,0,42,25,0.491211,0.585938,0.029297,0.171875,24,24.000000,0.867578
cate8-00447,cate8,0,43,26,0.462891,0.591797,0.027344,0.195312,25,25.000000,0.838628
cate8-00447,cate8,0,44,27,0.429688,0.601562,0.042969,0.230469,26,26.000000,0.922053
cate8-00447,cate8,0,45,28,0.395508,0.597656,0.044922,0.210938,27,27.000000,0.924264
cate8-00447,cate8,0,47,30,0.277344,0.575195,0.113281,0.173828,30,30.000000,0.940629
cate8-00447,cate8,0,48,31,0.221680,0.518555,0.099609,0.146484,31,31.000000,0.964978
cate8-00449,cate8,0,31,16,0.524414,0.618164,0.021484,0.169922,16,16.000000,0.584717
cate8-00449,cate8,0,32,17,0.547852,0.618164,0.025391,0.169922,17,17.000000,0.714094
cate8-00449,cate8,0,33,18,0.571289,0.635742,0.029297,0.212891,18,18.000000,0.778304
cate8-00449,cate8,0,34,19,0.600586,0.640625,0.041016,0.210938,19,19.000000,0.887822
cate8-00449,cate8,0,35,20,0.640625,0.638672,0.042969,0.230469,19,20.000000,0.794808
cate8-00449,cate8,0,37,22,0.702148,0.604492,0.083984,0.189453,21,21.000000,0.536137
cate8-00449,cate8,0,41,24,0.505859,0.618164,0.019531,0.158203,16,25.000000,0.714519
cate8-00449,cate8,0,42,25,0.483398,0.633789,0.025391,0.181641,24,26.000000,0.692168
cate8-00449,cate8,0,43,26,0.459961,0.631836,0.029297,0.189453,25,27.000000,0.868790
cate8-00449,cate8,0,48,31,0.253906,0.595703,0.125000,0.156250,30,31.000000,0.551029
cate8-00454,cate8,2,11,0,0.481445,0.469727,0.041016,0.197266,0,0.000000,0.882267
cate8-00454,cate8,2,12,1,0.444336,0.461914,0.037109,0.193359,1,1.000000,0.931636
cate8-00454,cate8,2,13,2,0.407227,0.429688,0.044922,0.234375,2,2.000000,0.901456
cate8-00454,cate8,2,14,3,0.366211,0.438477,0.056641,0.185547,4,3.000000,0.567737
cate8-00454,cate8,2,17,6,0.237305,0.402344,0.056641,0.152344,6,7.000000,0.847474
cate8-00454,cate8,2,21,8,0.525391,0.474609,0.046875,0.203125,8,8.000000,0.864559
cate8-00454,cate8,2,22,9,0.565430,0.468750,0.041016,0.183594,9,9.000000,0.928382
cate8-00454,cate8,2,23,10,0.609375,0.423828,0.042969,0.242188,10,10.000000,0.924621
cate8-00454,cate8,2,25,12,0.670898,0.422852,0.041016,0.208984,12,11.000000,0.594512
cate8-00454,cate8,2,27,14,0.774414,0.386719,0.072266,0.179688,14,15.000000,0.677156
cate8-00454,cate8,2,31,16,0.521484,0.668945,0.031250,0.146484,16,16.000000,0.866446
cate8-00454,cate8,2,32,17,0.544922,0.666992,0.031250,0.162109,17,17.000000,0.905541
cate8-00454,cate8,2,33,18,0.579102,0.671875,0.041016,0.203125,18,18.000000,0.918066
cate8-00454,cate8,2,34,19,0.616211,0.652344,0.044922,0.187500,19,19.000000,0.934256
cate8-00454,cate8,2,35,20,0.660156,0.654297,0.066406,0.195312,20,20.000000,0.910557
cate8-00454,cate8,2,36,21,0.704102,0.597656,0.072266,0.160156,21,21.000000,0.742765
cate8-00454,cate8,2,37,22,0.781250,0.583008,0.097656,0.177734,22,22.000000,0.911103
cate8-00454,cate8,2,41,24,0.495117,0.666016,0.021484,0.144531,24,24.000000,0.857712
cate8-00454,cate8,2,42,25,0.469727,0.677734,0.029297,0.183594,25,25.000000,0.880830
cate8-00454,cate8,2,43,26,0.437500,0.681641,0.035156,0.207031,26,26.000000,0.895516
cate8-00454,cate8,2,44,27,0.397461,0.667969,0.041016,0.199219,27,27.000000,0.887434
cate8-00454,cate8,2,45,28,0.356445,0.651367,0.060547,0.177734,28,28.000000,0.895479
cate8-00454,cate8,2,47,30,0.233398,0.573242,0.099609,0.162109,30,30.000000,0.881702
cate8-00455,cate8,3,11,0,0.483398,0.389648,0.044922,0.232422,0,0.000000,0.874900
cate8-00455,cate8,3,12,1,0.447266,0.368164,0.035156,0.248047,1,1.000000,0.862640
cate8-00455,cate8,3,13,2,0.409180,0.338867,0.048828,0.291016,2,2.000000,0.917620
cate8-00455,cate8,3,14,3,0.377930,0.375000,0.044922,0.214844,3,3.000000,0.851338
cate8-00455,cate8,3,15,4,0.336914,0.373047,0.041016,0.210938,4,4.000000,0.884784
cate8-00455,cate8,3,16,5,0.292969,0.373047,0.058594,0.203125,5,5.000000,0.871817
cate8-00455,cate8,3,17,6,0.237305,0.365234,0.060547,0.195312,6,6.000000,0.913338
cate8-00455,cate8,3,18,7,0.184570,0.351562,0.056641,0.187500,7,7.000000,0.906220
cate8-00455,cate8,3,21,8,0.522461,0.375000,0.041016,0.253906,8,8.000000,0.868112
cate8-00455,cate8,3,22,9,0.559570,0.371094,0.037109,0.246094,9,9.000000,0.815878
cate8-00455,cate8,3,23,10,0.596680,0.355469,0.048828,0.285156,10,10.000000,0.891256
cate8-00455,cate8,3,24,11,0.639648,0.382812,0.041016,0.214844,11,11.000000,0.894399
cate8-00455,cate8,3,25,12,0.675781,0.376953,0.042969,0.207031,12,12.000000,0.936405
cate8-00455,cate8,3,26,13,0.725586,0.375000,0.060547,0.203125,13,13.000000,0.888917
cate8-00455,cate8,3,27,14,0.782227,0.358398,0.060547,0.205078,14,14.000000,0.936887
cate8-00455,cate8,3,28,15,0.835938,0.375000,0.054688,0.191406,15,15.000000,0.896993
cate8-00455,cate8,3,31,16,0.512695,0.594727,0.029297,0.138672,16,16.000000,0.883485
cate8-00455,cate8,3,32,17,0.540039,0.604492,0.033203,0.162109,17,17.000000,0.885430
cate8-00455,cate8,3,33,18,0.583008,0.626953,0.056641,0.234375,18,18.000000,0.895074
cate8-00455,cate8,3,34,19,0.621094,0.617188,0.058594,0.218750,19,19.000000,0.912121
cate8-00455,cate8,3,35,20,0.660156,0.624023,0.058594,0.236328,20,20.000000,0.892722
cate8-00455,cate8,3,36,21,0.713867,0.613281,0.091797,0.234375,21,21.000000,0.939108
cate8-00455,cate8,3,37,22,0.785156,0.583984,0.101562,0.214844,22,22.000000,0.939873
cate8-00455,cate8,3,41,24,0.484375,0.597656,0.027344,0.144531,24,24.000000,0.847208
cate8-00455,cate8,3,42,25,0.458984,0.599609,0.039062,0.167969,25,25.000000,0.800860
cate8-00455,cate8,3,43,26,0.424805,0.625977,0.041016,0.248047,26,26.000000,0.895383
cate8-00455,cate8,3,44,27,0.384766,0.617188,0.042969,0.226562,27,27.000000,0.865697
cate8-00455,cate8,3,45,28,0.346680,0.616211,0.044922,0.232422,28,28.000000,0.884335
cate8-00455,cate8,3,46,29,0.287109,0.604492,0.101562,0.232422,29,29.000000,0.927702
cate8-00455,cate8,3,47,30,0.224609,0.575195,0.089844,0.205078,30,30.000000,0.933940
cate8-00455,cate8,3,48,31,0.147461,0.523438,0.099609,0.125000,31,31.000000,0.940395
cate9-00004,cate9,3,11,0,0.473633,0.457031,0.044922,0.210938,0,0.000000,0.891558
cate9-00004,cate9,3,13,2,0.434570,0.456055,0.048828,0.212891,1,2.000000,0.559930
cate9-00004,cate9,3,14,3,0.371094,0.442383,0.050781,0.193359,3,3.000000,0.669945
cate9-00004,cate9,3,15,4,0.339844,0.434570,0.050781,0.185547,4,4.000000,0.869945
cate9-00004,cate9,3,16,5,0.298828,0.428711,0.074219,0.181641,5,5.000000,0.946397
cate9-00004,cate9,3,17,6,0.237305,0.420898,0.056641,0.185547,6,6.000000,0.902427
cate9-00004,cate9,3,21,8,0.517578,0.464844,0.046875,0.207031,8,8.000000,0.854491
cate9-00004,cate9,3,23,10,0.556641,0.460938,0.046875,0.210938,9,10.000000,0.766708
cate9-00004,cate9,3,24,11,0.613281,0.458984,0.046875,0.179688,10,11.000000,0.834565
cate9-00004,cate9,3,25,12,0.641602,0.451172,0.048828,0.175781,11,12.000000,0.846334
cate9-00004,cate9,3,26,13,0.677734,0.435547,0.066406,0.183594,13,13.000000,0.951489
cate9-00004,cate9,3,27,14,0.731445,0.416992,0.052734,0.185547,14,14.000000,0.776429
cate9-00004,cate9,3,31,16,0.494141,0.665039,0.031250,0.166016,24,16.000000,0.857170
cate9-00004,cate9,3,32,17,0.519531,0.663086,0.035156,0.150391,16,17.000000,0.876521
cate9-00004,cate9,3,33,18,0.558594,0.688477,0.035156,0.201172,17,18.000000,0.901529
cate9-00004,cate9,3,34,19,0.587891,0.690430,0.042969,0.208984,18,19.000000,0.832308
cate9-00004,cate9,3,35,20,0.620117,0.663086,0.056641,0.201172,19,20.000000,0.886993
cate9-00004,cate9,3,36,21,0.670898,0.666992,0.087891,0.216797,20,21.000000,0.914981
cate9-00004,cate9,3,37,22,0.726562,0.618164,0.074219,0.181641,22,22.000000,0.920773
cate9-00004,cate9,3,41,24,0.467773,0.669922,0.025391,0.167969,25,24.000000,0.825862
cate9-00004,cate9,3,42,25,0.440430,0.666992,0.033203,0.177734,27,25.000000,0.841839
cate9-00004,cate9,3,43,26,0.406250,0.669922,0.039062,0.195312,27,26.000000,0.885768
cate9-00004,cate9,3,44,27,0.374023,0.664062,0.041016,0.207031,27,27.000000,0.904224
cate9-00004,cate9,3,45,28,0.341797,0.655273,0.035156,0.189453,28,28.000000,0.813430
cate9-00004,cate9,3,46,29,0.291016,0.657227,0.078125,0.216797,29,29.000000,0.929461
cate9-00004,cate9,3,47,30,0.235352,0.607422,0.080078,0.175781,30,30.000000,0.914776
cate9-00010,cate9,2,11,0,0.490234,0.418945,0.050781,0.244141,0,0.000000,0.896252
cate9-00010,cate9,2,12,1,0.453125,0.410156,0.042969,0.238281,1,1.000000,0.893784
cate9-00010,cate9,2,13,2,0.409180,0.409180,0.052734,0.244141,2,2.000000,0.840201
cate9-00010,cate9,2,14,3,0.367188,0.401367,0.050781,0.220703,3,,
cate9-00010,cate9,2,16,5,0.321289,0.398438,0.076172,0.207031,5,5.000000,0.910546
cate9-00010,cate9,2,17,6,0.254883,0.384766,0.064453,0.203125,6,6.000000,0.959394
cate9-00010,cate9,2,18,7,0.215820,0.307617,0.064453,0.138672,7,7.000000,0.900117
cate9-00010,cate9,2,21,8,0.531250,0.424805,0.046875,0.240234,8,8.000000,0.880542
cate9-00010,cate9,2,22,9,0.573242,0.424805,0.041016,0.244141,9,9.000000,0.889830
cate9-00010,cate9,2,23,10,0.623047,0.415039,0.046875,0.236328,11,10.000000,0.801496
cate9-00010,cate9,2,24,11,0.662109,0.414062,0.042969,0.199219,12,,
cate9-00010,cate9,2,26,13,0.707031,0.405273,0.066406,0.189453,13,13.000000,0.931627
cate9-00010,cate9,2,27,14,0.762695,0.380859,0.056641,0.187500,14,14.000000,0.849119
cate9-00010,cate9,2,31,16,0.523438,0.642578,0.023438,0.144531,16,16.000000,0.863774
cate9-00010,cate9,2,32,17,0.550781,0.634766,0.035156,0.156250,17,17.000000,0.878001
cate9-00010,cate9,2,34,19,0.599609,0.675781,0.058594,0.253906,18,18.000000,0.921890
cate9-00010,cate9,2,35,20,0.631836,0.663086,0.048828,0.205078,19,20.000000,0.555812
cate9-00010,cate9,2,36,21,0.685547,0.642578,0.082031,0.222656,21,21.000000,0.931574
cate9-00010,cate9,2,37,22,0.754883,0.602539,0.091797,0.197266,21,22.000000,0.934441
cate9-00010,cate9,2,38,23,0.810547,0.578125,0.062500,0.109375,23,23.000000,0.907713
cate9-00010,cate9,2,41,24,0.491211,0.643555,0.029297,0.134766,24,24.000000,0.814409
cate9-00010,cate9,2,42,25,0.462891,0.636719,0.042969,0.148438,25,25.000000,0.863531
cate9-00010,cate9,2,43,26,0.418945,0.682617,0.060547,0.232422,27,26.000000,0.888064
cate9-00010,cate9,2,44,27,0.383789,0.660156,0.041016,0.183594,27,27.000000,0.763429
cate9-00010,cate9,2,46,29,0.321289,0.645508,0.103516,0.216797,29,29.000000,0.933637
cate9-00010,cate9,2,47,30,0.236328,0.601562,0.117188,0.203125,30,30.000000,0.930821
cate9-00010,cate9,2,48,31,0.173828,0.562500,0.074219,0.117188,31,31.000000,0.913883
cate9-00016,cate9,4,11,0,0.507812,0.475586,0.042969,0.201172,0,0.000000,0.917748
cate9-00016,cate9,4,12,1,0.479492,0.464844,0.033203,0.191406,1,1.000000,0.856059
cate9-00016,cate9,4,13,2,0.449219,0.447266,0.039062,0.222656,1,2.000000,0.864428
cate9-00016,cate9,4,14,3,0.409180,0.449219,0.041016,0.191406,2,3.000000,0.887845
cate9-00016,cate9,4,15,4,0.376953,0.438477,0.039062,0.201172,3,4.000000,0.879214
cate9-00016,cate9,4,16,5,0.329102,0.443359,0.064453,0.171875,5,5.000000,0.880584
cate9-00016,cate9,4,17,6,0.282227,0.401367,0.076172,0.197266,5,6.000000,0.920563
cate9-00016,cate9,4,18,7,0.264648,0.313477,0.072266,0.126953,7,7.000000,0.942029
cate9-00016,cate9,4,21,8,0.548828,0.477539,0.039062,0.208984,8,8.000000,0.927767
cate9-00016,cate9,4,22,9,0.578125,0.480469,0.035156,0.191406,9,9.000000,0.907712
cate9-00016,cate9,4,23,10,0.607422,0.467773,0.031250,0.224609,10,10.000000,0.872424
cate9-00016,cate9,4,24,11,0.640625,0.461914,0.039062,0.201172,11,11.000000,0.856659
cate9-00016,cate9,4,25,12,0.670898,0.458008,0.033203,0.197266,12,12.000000,0.872518
cate9-00016,cate9,4,26,13,0.713867,0.453125,0.056641,0.203125,13,13.000000,0.925867
cate9-00016,cate9,4,27,14,0.747070,0.429688,0.068359,0.167969,13,14.000000,0.938310
cate9-00016,cate9,4,28,15,0.766602,0.336914,0.056641,0.123047,15,15.000000,0.941310
cate9-00016,cate9,4,31,16,0.510742,0.677734,0.021484,0.156250,16,,
cate9-00016,cate9,4,32,17,0.534180,0.689453,0.033203,0.167969,16,17.000000,0.705129
cate9-00016,cate9,4,33,18,0.565430,0.711914,0.033203,0.197266,17,18.000000,0.900626
cate9-00016,cate9,4,34,19,0.600586,0.703125,0.033203,0.195312,18,19.000000,0.835853
cate9-00016,cate9,4,35,20,0.633789,0.703125,0.044922,0.199219,19,20.000000,0.858058
cate9-00016,cate9,4,36,21,0.684570,0.678711,0.080078,0.189453,21,21.000000,0.956679
cate9-00016,cate9,4,37,22,0.741211,0.636719,0.080078,0.195312,22,22.000000,0.936421
cate9-00016,cate9,4,38,23,0.786133,0.617188,0.064453,0.125000,23,23.000000,0.908555
cate9-00016,cate9,4,41,24,0.486328,0.677734,0.023438,0.160156,24,,
cate9-00016,cate9,4,42,25,0.458984,0.681641,0.027344,0.179688,25,25.000000,0.739508
cate9-00016,cate9,4,43,26,0.426758,0.699219,0.037109,0.226562,26,26.000000,0.926000
cate9-00016,cate9,4,44,27,0.392578,0.691406,0.042969,0.230469,27,27.000000,0.953389
cate9-00016,cate9,4,45,28,0.352539,0.681641,0.064453,0.210938,28,28.000000,0.886985
cate9-00016,cate9,4,47,30,0.276367,0.632812,0.111328,0.187500,29,30.000000,0.946938
cate9-00016,cate9,4,48,31,0.215820,0.606445,0.068359,0.115234,31,31.000000,0.923686
cate9-00022,cate9,0,11,0,0.476562,0.462891,0.046875,0.214844,0,0.000000,0.774450
cate9-00022,cate9,0,12,1,0.439453,0.447266,0.039062,0.234375,1,1.000000,0.855897
cate9-00022,cate9,0,13,2,0.402344,0.427734,0.042969,0.265625,2,2.000000,0.893013
cate9-00022,cate9,0,14,3,0.366211,0.449219,0.052734,0.199219,3,3.000000,0.901458
cate9-00022,cate9,0,15,4,0.329102,0.437500,0.048828,0.195312,4,4.000000,0.881799
cate9-00022,cate9,0,16,5,0.279297,0.417969,0.058594,0.183594,6,5.000000,0.925669
cate9-00022,cate9,0,17,6,0.228516,0.395508,0.066406,0.169922,6,6.000000,0.910044
cate9-00022,cate9,0,18,7,0.211914,0.315430,0.056641,0.103516,7,7.000000,0.932739
cate9-00022,cate9,0,21,8,0.521484,0.461914,0.046875,0.208984,8,8.000000,0.781534
cate9-00022,cate9,0,22,9,0.563477,0.452148,0.041016,0.189453,9,9.000000,0.903300
cate9-00022,cate9,0,23,10,0.599609,0.423828,0.039062,0.253906,10,10.000000,0.877012
cate9-00022,cate9,0,24,11,0.639648,0.453125,0.041016,0.167969,11,11.000000,0.792950
cate9-00022,cate9,0,25,12,0.674805,0.437500,0.037109,0.171875,12,12.000000,0.900993
cate9-00022,cate9,0,26,13,0.722656,0.417969,0.062500,0.195312,13,13.000000,0.923189
cate9-00022,cate9,0,27,14,0.767578,0.389648,0.066406,0.197266,14,14.000000,0.887923
cate9-00022,cate9,0,28,15,0.793945,0.308594,0.048828,0.101562,15,15.000000,0.869364
cate9-00022,cate9,0,31,16,0.523438,0.658203,0.027344,0.144531,16,16.000000,0.832461
cate9-00022,cate9,0,32,17,0.552734,0.660156,0.031250,0.164062,17,17.000000,0.912641
cate9-00022,cate9,0,33,18,0.588867,0.679688,0.041016,0.210938,18,18.000000,0.791114
cate9-00022,cate9,0,34,19,0.625977,0.653320,0.041016,0.177734,19,19.000000,0.874700
cate9-00022,cate9,0,35,20,0.663086,0.656250,0.052734,0.187500,20,20.000000,0.907190
cate9-00022,cate9,0,36,21,0.721680,0.630859,0.083984,0.199219,21,21.000000,0.923322
cate9-00022,cate9,0,37,22,0.782227,0.583008,0.076172,0.181641,22,22.000000,0.897378
cate9-00022,cate9,0,41,24,0.496094,0.657227,0.023438,0.142578,24,24.000000,0.800817
cate9-00022,cate9,0,42,25,0.463867,0.666016,0.033203,0.164062,25,25.000000,0.818272
cate9-00022,cate9,0,43,26,0.429688,0.679688,0.039062,0.203125,26,26.000000,0.907433
cate9-00022,cate9,0,44,27,0.391602,0.664062,0.044922,0.179688,27,27.000000,0.875154
cate9-00022,cate9,0,45,28,0.352539,0.666016,0.048828,0.195312,28,28.000000,0.837490
cate9-00022,cate9,0,46,29,0.292969,0.636719,0.097656,0.207031,29,29.000000,0.942597
cate9-00022,cate9,0,47,30,0.226562,0.586914,0.089844,0.185547,30,30.000000,0.909882
cate9-00022,cate9,0,48,31,0.167969,0.576172,0.070312,0.113281,31,31.000000,0.902156
cate9-00028,cate9,1,11,0,0.495117,0.475586,0.041016,0.220703,0,0.000000,0.817121
cate9-00028,cate9,1,12,1,0.463867,0.473633,0.041016,0.216797,1,1.000000,0.884479
cate9-00028,cate9,1,13,2,0.432617,0.454102,0.037109,0.224609,1,2.000000,0.766452
cate9-00028,cate9,1,15,4,0.400391,0.462891,0.035156,0.179688,3,,
cate9-00028,cate9,1,16,5,0.352539,0.460938,0.064453,0.183594,5,5.000000,0.915007
cate9-00028,cate9,1,17,6,0.295898,0.441406,0.060547,0.183594,5,6.000000,0.930381
cate9-00028,cate9,1,18,7,0.256836,0.368164,0.068359,0.181641,6,7.000000,0.916155
cate9-00028,cate9,1,21,8,0.532227,0.465820,0.033203,0.240234,8,8.000000,0.742062
cate9-00028,cate9,1,22,9,0.559570,0.474609,0.029297,0.210938,9,9.000000,0.829647
cate9-00028,cate9,1,23,10,0.591797,0.443359,0.042969,0.250000,10,10.000000,0.889218
cate9-00028,cate9,1,24,11,0.628906,0.446289,0.039062,0.232422,11,12.000000,0.616672
cate9-00028,cate9,1,26,13,0.672852,0.440430,0.060547,0.205078,13,13.000000,0.897970
cate9-00028,cate9,1,27,14,0.728516,0.432617,0.058594,0.177734,13,14.000000,0.930618
cate9-00028,cate9,1,28,15,0.766602,0.365234,0.056641,0.121094,15,15.000000,0.890683
cate9-00028,cate9,1,31,16,0.502930,0.683594,0.025391,0.156250,24,24.000000,0.667069
cate9-00028,cate9,1,32,17,0.525391,0.681641,0.023438,0.160156,16,,
cate9-00028,cate9,1,33,18,0.560547,0.677734,0.035156,0.160156,17,,
cate9-00028,cate9,1,34,19,0.590820,0.687500,0.048828,0.195312,18,18.000000,0.582191
cate9-00028,cate9,1,35,20,0.622070,0.658203,0.056641,0.199219,19,20.000000,0.861330
cate9-00028,cate9,1,36,21,0.672852,0.638672,0.095703,0.207031,21,21.000000,0.900566
cate9-00028,cate9,1,37,22,0.735352,0.596680,0.091797,0.205078,21,22.000000,0.921819
cate9-00028,cate9,1,38,23,0.806641,0.556641,0.097656,0.171875,23,23.000000,0.910087
cate9-00028,cate9,1,41,24,0.477539,0.692383,0.025391,0.177734,24,25.000000,0.632115
cate9-00028,cate9,1,42,25,0.456055,0.684570,0.025391,0.115234,25,,
cate9-00028,cate9,1,43,26,0.442383,0.687500,0.044922,0.175781,26,26.000000,0.502925
cate9-00028,cate9,1,44,27,0.416992,0.682617,0.037109,0.216797,26,28.000000,0.563080
cate9-00028,cate9,1,46,29,0.356445,0.647461,0.095703,0.232422,28,29.000000,0.911403
cate9-00028,cate9,1,47,30,0.286133,0.623047,0.095703,0.214844,29,30.000000,0.930727
cate9-00028,cate9,1,48,31,0.217773,0.567383,0.103516,0.169922,30,31.000000,0.948192
cate9-00034,cate9,3,11,0,0.496094,0.485352,0.039062,0.201172,0,0.000000,0.800461
cate9-00034,cate9,3,12,1,0.467773,0.464844,0.033203,0.214844,1,1.000000,0.768161
cate9-00034,cate9,3,13,2,0.442383,0.418945,0.044922,0.287109,2,2.000000,0.883116
cate9-00034,cate9,3,14,3,0.408203,0.444336,0.050781,0.185547,3,3.000000,0.816727
cate9-00034,cate9,3,15,4,0.380859,0.403320,0.054688,0.220703,3,4.000000,0.757208
cate9-00034,cate9,3,16,5,0.341797,0.392578,0.070312,0.191406,5,5.000000,0.884557
cate9-00034,cate9,3,17,6,0.291992,0.351562,0.072266,0.175781,5,6.000000,0.931407
cate9-00034,cate9,3,18,7,0.281250,0.240234,0.074219,0.113281,7,7.000000,0.860637
cate9-00034,cate9,3,21,8,0.529297,0.469727,0.035156,0.224609,8,8.000000,0.853607
cate9-00034,cate9,3,22,9,0.560547,0.461914,0.031250,0.220703,9,9.000000,0.782803
cate9-00034,cate9,3,23,10,0.587891,0.428711,0.035156,0.271484,9,10.000000,0.852723
cate9-00034,cate9,3,24,11,0.616211,0.427734,0.041016,0.218750,10,11.000000,0.941907
cate9-00034,cate9,3,25,12,0.641602,0.395508,0.048828,0.216797,11,12.000000,0.859579
cate9-00034,cate9,3,26,13,0.680664,0.379883,0.060547,0.193359,13,13.000000,0.929316
cate9-00034,cate9,3,27,14,0.722656,0.330078,0.078125,0.203125,13,14.000000,0.953030
cate9-00034,cate9,3,28,15,0.741211,0.233398,0.068359,0.111328,15,15.000000,0.874291
cate9-00034,cate9,3,31,16,0.527344,0.706055,0.031250,0.134766,16,16.000000,0.707499
cate9-00034,cate9,3,32,17,0.553711,0.704102,0.033203,0.142578,17,17.000000,0.719757
cate9-00034,cate9,3,33,18,0.580078,0.705078,0.042969,0.195312,18,18.000000,0.876266
cate9-00034,cate9,3,34,19,0.609375,0.691406,0.046875,0.199219,19,19.000000,0.916646
cate9-00034,cate9,3,35,20,0.646484,0.654297,0.078125,0.199219,20,20.000000,0.913914
cate9-00034,cate9,3,36,21,0.690430,0.622070,0.103516,0.232422,21,21.000000,0.945626
cate9-00034,cate9,3,37,22,0.743164,0.539062,0.091797,0.191406,22,22.000000,0.946555
cate9-00034,cate9,3,41,24,0.504883,0.680664,0.029297,0.095703,16,,
cate9-00034,cate9,3,42,25,0.481445,0.680664,0.025391,0.099609,24,,
cate9-00034,cate9,3,43,26,0.454102,0.697266,0.037109,0.160156,25,26.000000,0.911983
cate9-00034,cate9,3,44,27,0.422852,0.685547,0.044922,0.179688,26,27.000000,0.919884
cate9-00034,cate9,3,45,28,0.380859,0.668945,0.058594,0.201172,27,28.000000,0.896968
cate9-00034,cate9,3,46,29,0.330078,0.624023,0.136719,0.232422,29,29.000000,0.952186
cate9-00034,cate9,3,47,30,0.265625,0.568359,0.113281,0.222656,30,30.000000,0.941328
cate9-00040,cate9,2,11,0,0.504883,0.425781,0.041016,0.191406,0,0.000000,0.883651
cate9-00040,cate9,2,12,1,0.465820,0.425781,0.037109,0.195312,1,1.000000,0.898860
cate9-00040,cate9,2,13,2,0.424805,0.404297,0.048828,0.234375,2,2.000000,0.921116
cate9-00040,cate9,2,14,3,0.375977,0.410156,0.044922,0.207031,3,,
cate9-00040,cate9,2,16,5,0.313477,0.417969,0.072266,0.171875,5,5.000000,0.924062
cate9-00040,cate9,2,17,6,0.247070,0.416016,0.060547,0.171875,6,6.000000,0.912889
cate9-00040,cate9,2,18,7,0.193359,0.411133,0.058594,0.138672,7,7.000000,0.880755
cate9-00040,cate9,2,21,8,0.544922,0.426758,0.042969,0.197266,8,8.000000,0.898925
cate9-00040,cate9,2,22,9,0.583984,0.430664,0.035156,0.181641,9,9.000000,0.876631
cate9-00040,cate9,2,23,10,0.626953,0.424805,0.054688,0.205078,11,10.000000,0.927979
cate9-00040,cate9,2,24,11,0.661133,0.431641,0.041016,0.199219,12,11.000000,0.887681
cate9-00040,cate9,2,26,13,0.718750,0.438477,0.066406,0.181641,13,13.000000,0.913603
cate9-00040,cate9,2,27,14,0.779297,0.416992,0.050781,0.205078,14,14.000000,0.878174
cate9-00040,cate9,2,28,15,0.835938,0.428711,0.054688,0.126953,15,15.000000,0.915119
cate9-00040,cate9,2,31,16,0.543945,0.615234,0.025391,0.140625,17,16.000000,0.748296
cate9-00040,cate9,2,32,17,0.574219,0.624023,0.039062,0.154297,17,17.000000,0.815279
cate9-00040,cate9,2,33,18,0.612305,0.631836,0.037109,0.181641,19,18.000000,0.920408
cate9-00040,cate9,2,34,19,0.655273,0.628906,0.041016,0.175781,20,20.000000,0.517237
cate9-00040,cate9,2,36,21,0.709961,0.636719,0.083984,0.183594,21,21.000000,0.935590
cate9-00040,cate9,2,37,22,0.776367,0.614258,0.076172,0.181641,22,22.000000,0.929366
cate9-00040,cate9,2,38,23,0.840820,0.577148,0.087891,0.173828,23,23.000000,0.942526
cate9-00040,cate9,2,41,24,0.516602,0.612305,0.029297,0.138672,16,24.000000,0.571034
cate9-00040,cate9,2,42,25,0.485352,0.607422,0.029297,0.144531,24,25.000000,0.799107
cate9-00040,cate9,2,43,26,0.453125,0.602539,0.035156,0.162109,25,26.000000,0.874175
cate9-00040,cate9,2,44,27,0.410156,0.615234,0.046875,0.183594,27,28.000000,0.829310
cate9-00040,cate9,2,46,29,0.327148,0.616211,0.091797,0.197266,29,29.000000,0.923738
cate9-00040,cate9,2,47,30,0.261719,0.607422,0.074219,0.195312,30,30.000000,0.925039
cate9-00040,cate9,2,48,31,0.189453,0.575195,0.097656,0.197266,31,31.000000,0.952800
