rank,image_id,file_name,split,total_tooth_count,n_duplicate_codes,duplicate_codes,n_missing_codes,missing_codes,n_position_violations,n_wrong_quadrant_both_axes,likely_global_framing,position_violation_detail,anomaly_score,primary_reason,reason_breakdown
1,train_quadrant_enumeration_178,train_506.png,train_quadrant_enumeration,40,8,"31x2, 32x2, 33x2, 34x2, 35x2, 36x2, 37x2, 41x2",0,-,0,0,False,-,40.0,duplicate_codes,"duplicate_codes(+24.0), overcount(+16.0)"
2,train_quadrant_enumeration_344,train_507.png,train_quadrant_enumeration,30,7,"11x2, 12x2, 13x2, 14x2, 15x2, 16x2, 17x2",9,"24, 41, 42, 43, 44, 45, 46, 47, 48",8,0,True,"11: expected image-upper (y<=0.55), got y=0.658; 12: expected image-upper (y<=0.55), got y=0.677; 13: expected image-upper (y<=0.55), got y=0.674; 14: expected image-upper (y<=0.55), got y=0.675; 15: expected image-upper (y<=0.55), got y=0.674; 16: expected image-upper (y<=0.55), got y=0.672; 17: expected image-upper (y<=0.55), got y=0.660; 18: expected image-upper (y<=0.55), got y=0.631",37.45,duplicate_codes,"duplicate_codes(+21.0), single_axis_position(+16.0), missing_codes(+0.45)"
3,train_quadrant_enumeration_279,train_265.png,train_quadrant_enumeration,31,0,-,1,48,16,0,True,"11: expected image-upper (y<=0.55), got y=0.581; 12: expected image-upper (y<=0.55), got y=0.563; 13: expected image-upper (y<=0.55), got y=0.572; 14: expected image-upper (y<=0.55), got y=0.580; 15: expected image-upper (y<=0.55), got y=0.581; 16: expected image-upper (y<=0.55), got y=0.592; 17: expected image-upper (y<=0.55), got y=0.598; 18: expected image-upper (y<=0.55), got y=0.598; 21: expected image-upper (y<=0.55), got y=0.574; 22: expected image-upper (y<=0.55), got y=0.561; 23: expected image-upper (y<=0.55), got y=0.571; 24: expected image-upper (y<=0.55), got y=0.560; 25: expected image-upper (y<=0.55), got y=0.569; 26: expected image-upper (y<=0.55), got y=0.573; 27: expected image-upper (y<=0.55), got y=0.580; 28: expected image-upper (y<=0.55), got y=0.570",32.05,single_axis_position,"single_axis_position(+32.0), missing_codes(+0.05)"
4,train_quadrant_enumeration_117,train_502.png,train_quadrant_enumeration,29,0,-,3,"18, 26, 38",13,0,True,"11: expected image-upper (y<=0.55), got y=0.604; 12: expected image-upper (y<=0.55), got y=0.597; 13: expected image-upper (y<=0.55), got y=0.596; 14: expected image-upper (y<=0.55), got y=0.586; 15: expected image-upper (y<=0.55), got y=0.581; 16: expected image-upper (y<=0.55), got y=0.564; 17: expected image-upper (y<=0.55), got y=0.553; 21: expected image-upper (y<=0.55), got y=0.601; 22: expected image-upper (y<=0.55), got y=0.606; 23: expected image-upper (y<=0.55), got y=0.592; 24: expected image-upper (y<=0.55), got y=0.586; 25: expected image-upper (y<=0.55), got y=0.568; 27: expected image-upper (y<=0.55), got y=0.560",26.15,single_axis_position,"single_axis_position(+26.0), missing_codes(+0.15)"
5,train_quadrant_enumeration_471,train_628.png,train_quadrant_enumeration,32,4,"22x2, 23x2, 24x2, 25x2",4,"32, 33, 34, 35",4,0,True,"22: expected image-upper (y<=0.55), got y=0.645; 23: expected image-upper (y<=0.55), got y=0.659; 24: expected image-upper (y<=0.55), got y=0.668; 25: expected image-upper (y<=0.55), got y=0.692",20.2,duplicate_codes,"duplicate_codes(+12.0), single_axis_position(+8.0), missing_codes(+0.20)"
6,train_quadrant_enumeration_582,train_258.png,train_quadrant_enumeration,24,2,"14x2, 15x2",10,"25, 26, 28, 34, 35, 36, 37, 38, 46, 47",3,2,False,"14: WRONG QUADRANT (both axes) - expected image-left (x<=0.55), got x=0.580; expected image-upper (y<=0.55), got y=0.661; 15: WRONG QUADRANT (both axes) - expected image-left (x<=0.55), got x=0.606; expected image-upper (y<=0.55), got y=0.645; 18: expected image-left (x<=0.55), got x=0.719",18.5,wrong_quadrant,"duplicate_codes(+6.0), wrong_quadrant(+10.0), single_axis_position(+2.0), missing_codes(+0.50)"
7,train_quadrant_enumeration_335,train_150.png,train_quadrant_enumeration,28,4,"44x2, 45x2, 46x2, 47x2",8,"14, 15, 16, 17, 18, 28, 38, 48",3,0,True,"45: expected image-lower (y>=0.45), got y=0.439; 46: expected image-lower (y>=0.45), got y=0.428; 47: expected image-lower (y>=0.45), got y=0.418",18.4,duplicate_codes,"duplicate_codes(+12.0), single_axis_position(+6.0), missing_codes(+0.40)"
8,train_quadrant_enumeration_disease_521,train_572.png,train_quadrant_enumeration_disease,5,1,46x3,29,"11, 12, 13, 14, 15, 16, 18, 21, 22, 23, 24, 25, 26, 27, 31, 32, 33, 34, 35, 36, 37, 38, 41, 42, 43, 44, 45, 47, 48",0,0,False,-,12.45,duplicate_codes,"duplicate_codes(+6.0), missing_codes(+1.45), sparse_annotation(+5.0)"
9,train_quadrant_enumeration_disease_303,train_145.png,train_quadrant_enumeration_disease,15,1,33x2,18,"11, 12, 18, 21, 22, 23, 28, 32, 34, 37, 38, 42, 43, 44, 45, 46, 47, 48",4,0,True,"14: expected image-upper (y<=0.55), got y=0.554; 16: expected image-upper (y<=0.55), got y=0.565; 17: expected image-upper (y<=0.55), got y=0.562; 27: expected image-upper (y<=0.55), got y=0.568",11.9,single_axis_position,"duplicate_codes(+3.0), single_axis_position(+8.0), missing_codes(+0.90)"
10,train_quadrant_enumeration_disease_37,train_440.png,train_quadrant_enumeration_disease,3,1,47x2,30,"11, 12, 13, 14, 15, 16, 17, 18, 21, 22, 23, 24, 25, 26, 28, 31, 32, 33, 34, 35, 36, 37, 38, 41, 42, 43, 44, 45, 46, 48",1,0,False,"47: expected image-left (x<=0.55), got x=0.703",11.5,sparse_annotation,"duplicate_codes(+3.0), single_axis_position(+2.0), missing_codes(+1.50), sparse_annotation(+5.0)"
11,train_quadrant_enumeration_disease_105,train_534.png,train_quadrant_enumeration_disease,6,1,46x2,27,"12, 13, 14, 16, 17, 18, 22, 23, 24, 25, 26, 27, 28, 31, 32, 33, 34, 35, 36, 37, 41, 42, 43, 44, 45, 47, 48",1,0,False,"15: expected image-upper (y<=0.55), got y=0.558",11.35,sparse_annotation,"duplicate_codes(+3.0), single_axis_position(+2.0), missing_codes(+1.35), sparse_annotation(+5.0)"
12,train_quadrant_enumeration_disease_352,train_622.png,train_quadrant_enumeration_disease,3,0,-,29,"11, 12, 13, 14, 15, 16, 17, 18, 21, 22, 23, 24, 25, 27, 31, 32, 33, 34, 35, 36, 37, 38, 41, 42, 43, 44, 45, 46, 47",2,0,False,"26: expected image-upper (y<=0.55), got y=0.600; 28: expected image-upper (y<=0.55), got y=0.561",10.45,sparse_annotation,"single_axis_position(+4.0), missing_codes(+1.45), sparse_annotation(+5.0)"
13,train_quadrant_enumeration_disease_472,train_132.png,train_quadrant_enumeration_disease,6,0,-,26,"11, 12, 13, 14, 15, 16, 17, 21, 22, 23, 24, 25, 26, 27, 31, 32, 33, 34, 35, 37, 41, 42, 44, 45, 46, 47",2,0,False,"48: expected image-lower (y>=0.45), got y=0.426; 38: expected image-lower (y>=0.45), got y=0.425",10.3,sparse_annotation,"single_axis_position(+4.0), missing_codes(+1.30), sparse_annotation(+5.0)"
14,train_quadrant_enumeration_442,train_89.png,train_quadrant_enumeration,31,0,-,1,38,5,0,True,"42: expected image-lower (y>=0.45), got y=0.444; 41: expected image-lower (y>=0.45), got y=0.428; 31: expected image-lower (y>=0.45), got y=0.423; 32: expected image-lower (y>=0.45), got y=0.441; 34: expected image-lower (y>=0.45), got y=0.447",10.05,single_axis_position,"single_axis_position(+10.0), missing_codes(+0.05)"
15,train_quadrant_enumeration_106,train_466.png,train_quadrant_enumeration,34,2,"16x2, 17x2",0,-,0,0,False,-,10.0,duplicate_codes,"duplicate_codes(+6.0), overcount(+4.0)"
16,train_quadrant_enumeration_disease_245,train_343.png,train_quadrant_enumeration_disease,15,3,"38x2, 46x2, 48x2",20,"11, 12, 13, 14, 17, 21, 22, 23, 24, 27, 31, 32, 33, 34, 36, 41, 42, 43, 44, 45",0,0,False,-,10.0,duplicate_codes,"duplicate_codes(+9.0), missing_codes(+1.00)"
17,train_quadrant_enumeration_disease_420,train_67.png,train_quadrant_enumeration_disease,16,3,"47x2, 46x2, 45x2",19,"11, 12, 13, 14, 15, 16, 17, 21, 22, 23, 24, 25, 31, 32, 33, 41, 42, 44, 48",0,0,False,-,9.95,duplicate_codes,"duplicate_codes(+9.0), missing_codes(+0.95)"
18,train_quadrant_enumeration_disease_187,train_496.png,train_quadrant_enumeration_disease,2,1,46x2,31,"11, 12, 13, 14, 15, 16, 17, 18, 21, 22, 23, 24, 25, 26, 27, 28, 31, 32, 33, 34, 35, 36, 37, 38, 41, 42, 43, 44, 45, 47, 48",0,0,False,-,9.55,sparse_annotation,"duplicate_codes(+3.0), missing_codes(+1.55), sparse_annotation(+5.0)"
19,train_quadrant_enumeration_disease_174,train_243.png,train_quadrant_enumeration_disease,3,1,25x2,30,"11, 12, 13, 14, 15, 16, 17, 21, 22, 23, 24, 26, 27, 28, 31, 32, 33, 34, 35, 36, 37, 38, 41, 42, 43, 44, 45, 46, 47, 48",0,0,False,-,9.5,sparse_annotation,"duplicate_codes(+3.0), missing_codes(+1.50), sparse_annotation(+5.0)"
20,train_quadrant_enumeration_disease_688,train_607.png,train_quadrant_enumeration_disease,3,1,46x2,30,"11, 12, 13, 14, 15, 16, 17, 18, 21, 22, 23, 24, 25, 26, 27, 28, 31, 32, 33, 34, 35, 37, 38, 41, 42, 43, 44, 45, 47, 48",0,0,False,-,9.5,sparse_annotation,"duplicate_codes(+3.0), missing_codes(+1.50), sparse_annotation(+5.0)"
21,train_quadrant_enumeration_disease_653,train_350.png,train_quadrant_enumeration_disease,3,1,47x2,30,"11, 12, 13, 14, 15, 16, 17, 18, 21, 22, 23, 24, 25, 26, 27, 28, 31, 32, 33, 34, 35, 36, 38, 41, 42, 43, 44, 45, 46, 48",0,0,False,-,9.5,sparse_annotation,"duplicate_codes(+3.0), missing_codes(+1.50), sparse_annotation(+5.0)"
22,train_quadrant_enumeration_disease_447,train_377.png,train_quadrant_enumeration_disease,3,1,43x2,30,"11, 12, 13, 15, 16, 17, 18, 21, 22, 23, 24, 25, 26, 27, 28, 31, 32, 33, 34, 35, 36, 37, 38, 41, 42, 44, 45, 46, 47, 48",0,0,False,-,9.5,sparse_annotation,"duplicate_codes(+3.0), missing_codes(+1.50), sparse_annotation(+5.0)"
23,validation_triple_24,val_18.png,validation_triple,3,1,46x2,30,"11, 12, 13, 14, 15, 16, 17, 18, 21, 22, 23, 24, 25, 26, 27, 31, 32, 33, 34, 35, 36, 37, 38, 41, 42, 43, 44, 45, 47, 48",0,0,False,-,9.5,sparse_annotation,"duplicate_codes(+3.0), missing_codes(+1.50), sparse_annotation(+5.0)"
24,train_quadrant_enumeration_disease_118,train_66.png,train_quadrant_enumeration_disease,3,1,36x2,30,"11, 12, 13, 14, 15, 16, 17, 18, 21, 22, 23, 24, 25, 26, 27, 28, 31, 32, 33, 34, 35, 37, 38, 41, 42, 43, 44, 45, 47, 48",0,0,False,-,9.5,sparse_annotation,"duplicate_codes(+3.0), missing_codes(+1.50), sparse_annotation(+5.0)"
25,train_quadrant_enumeration_disease_548,train_39.png,train_quadrant_enumeration_disease,4,1,48x2,29,"11, 12, 13, 14, 15, 16, 17, 18, 21, 22, 23, 24, 25, 26, 27, 28, 31, 32, 33, 34, 37, 38, 41, 42, 43, 44, 45, 46, 47",0,0,False,-,9.45,sparse_annotation,"duplicate_codes(+3.0), missing_codes(+1.45), sparse_annotation(+5.0)"
26,train_quadrant_enumeration_disease_543,train_433.png,train_quadrant_enumeration_disease,4,1,44x2,29,"11, 12, 13, 14, 15, 16, 17, 18, 21, 22, 23, 24, 25, 26, 27, 28, 31, 32, 33, 34, 35, 38, 41, 42, 43, 45, 46, 47, 48",0,0,False,-,9.45,sparse_annotation,"duplicate_codes(+3.0), missing_codes(+1.45), sparse_annotation(+5.0)"
27,train_quadrant_enumeration_disease_204,train_177.png,train_quadrant_enumeration_disease,4,1,37x2,29,"11, 12, 13, 14, 15, 17, 18, 21, 22, 23, 24, 25, 26, 27, 28, 31, 32, 33, 34, 35, 36, 38, 41, 42, 43, 44, 45, 46, 48",0,0,False,-,9.45,sparse_annotation,"duplicate_codes(+3.0), missing_codes(+1.45), sparse_annotation(+5.0)"
28,train_quadrant_enumeration_disease_643,train_97.png,train_quadrant_enumeration_disease,4,1,38x2,29,"11, 12, 13, 14, 15, 16, 17, 18, 21, 22, 23, 24, 25, 26, 27, 31, 32, 33, 34, 35, 37, 41, 42, 43, 44, 45, 46, 47, 48",0,0,False,-,9.45,sparse_annotation,"duplicate_codes(+3.0), missing_codes(+1.45), sparse_annotation(+5.0)"
29,train_quadrant_enumeration_disease_390,train_689.png,train_quadrant_enumeration_disease,4,1,37x2,29,"11, 12, 13, 14, 15, 16, 17, 18, 21, 22, 23, 24, 25, 26, 27, 28, 31, 32, 33, 34, 36, 41, 42, 43, 44, 45, 46, 47, 48",0,0,False,-,9.45,sparse_annotation,"duplicate_codes(+3.0), missing_codes(+1.45), sparse_annotation(+5.0)"
30,validation_triple_33,val_14.png,validation_triple,5,1,37x2,28,"11, 12, 13, 14, 15, 16, 17, 18, 21, 22, 23, 24, 26, 27, 28, 31, 32, 33, 34, 35, 41, 42, 43, 44, 45, 46, 47, 48",0,0,False,-,9.4,sparse_annotation,"duplicate_codes(+3.0), missing_codes(+1.40), sparse_annotation(+5.0)"
31,train_quadrant_enumeration_disease_610,train_397.png,train_quadrant_enumeration_disease,5,1,36x2,28,"11, 12, 13, 14, 15, 16, 18, 21, 22, 23, 24, 25, 26, 27, 28, 31, 32, 33, 34, 35, 38, 41, 42, 43, 44, 45, 46, 48",0,0,False,-,9.4,sparse_annotation,"duplicate_codes(+3.0), missing_codes(+1.40), sparse_annotation(+5.0)"
32,train_quadrant_enumeration_disease_155,train_485.png,train_quadrant_enumeration_disease,5,1,25x2,28,"11, 12, 13, 14, 15, 17, 18, 21, 22, 23, 26, 27, 28, 31, 32, 33, 34, 35, 36, 37, 38, 41, 42, 43, 44, 45, 47, 48",0,0,False,-,9.4,sparse_annotation,"duplicate_codes(+3.0), missing_codes(+1.40), sparse_annotation(+5.0)"
33,train_quadrant_enumeration_disease_394,train_94.png,train_quadrant_enumeration_disease,6,1,37x2,27,"11, 12, 13, 14, 15, 16, 18, 21, 22, 23, 24, 25, 26, 28, 31, 32, 33, 34, 35, 36, 38, 41, 42, 43, 45, 47, 48",0,0,False,-,9.35,sparse_annotation,"duplicate_codes(+3.0), missing_codes(+1.35), sparse_annotation(+5.0)"
34,train_quadrant_enumeration_disease_410,train_59.png,train_quadrant_enumeration_disease,6,1,36x2,27,"11, 12, 13, 14, 15, 16, 17, 21, 22, 23, 24, 25, 26, 27, 31, 32, 33, 34, 35, 37, 38, 41, 42, 43, 44, 45, 48",0,0,False,-,9.35,sparse_annotation,"duplicate_codes(+3.0), missing_codes(+1.35), sparse_annotation(+5.0)"
35,train_quadrant_enumeration_disease_532,train_640.png,train_quadrant_enumeration_disease,6,1,46x2,27,"11, 12, 13, 14, 15, 18, 21, 22, 23, 24, 25, 27, 28, 31, 32, 33, 34, 35, 36, 38, 41, 42, 43, 44, 45, 47, 48",0,0,False,-,9.35,sparse_annotation,"duplicate_codes(+3.0), missing_codes(+1.35), sparse_annotation(+5.0)"
36,train_quadrant_enumeration_disease_516,train_212.png,train_quadrant_enumeration_disease,6,1,46x2,27,"11, 12, 13, 14, 15, 16, 17, 21, 22, 23, 24, 25, 26, 27, 28, 31, 32, 33, 34, 35, 36, 41, 42, 43, 44, 45, 47",0,0,False,-,9.35,sparse_annotation,"duplicate_codes(+3.0), missing_codes(+1.35), sparse_annotation(+5.0)"
37,train_quadrant_enumeration_disease_645,train_197.png,train_quadrant_enumeration_disease,6,1,47x2,27,"11, 12, 13, 14, 15, 16, 17, 18, 21, 22, 23, 26, 27, 28, 31, 32, 33, 34, 35, 36, 37, 41, 42, 43, 44, 45, 48",0,0,False,-,9.35,sparse_annotation,"duplicate_codes(+3.0), missing_codes(+1.35), sparse_annotation(+5.0)"
38,train_quadrant_enumeration_disease_254,train_85.png,train_quadrant_enumeration_disease,6,1,47x2,27,"11, 12, 13, 14, 15, 18, 21, 22, 23, 24, 25, 27, 28, 31, 32, 33, 34, 35, 36, 38, 41, 42, 43, 44, 45, 46, 48",0,0,False,-,9.35,sparse_annotation,"duplicate_codes(+3.0), missing_codes(+1.35), sparse_annotation(+5.0)"
39,train_quadrant_enumeration_disease_552,train_644.png,train_quadrant_enumeration_disease,6,1,17x2,27,"11, 12, 14, 15, 16, 18, 21, 22, 23, 24, 25, 26, 27, 28, 31, 32, 33, 34, 36, 37, 38, 41, 42, 44, 45, 46, 47",0,0,False,-,9.35,sparse_annotation,"duplicate_codes(+3.0), missing_codes(+1.35), sparse_annotation(+5.0)"
40,train_quadrant_enumeration_disease_63,train_592.png,train_quadrant_enumeration_disease,6,1,36x2,27,"11, 12, 13, 14, 15, 16, 18, 21, 22, 23, 26, 27, 28, 31, 32, 33, 34, 35, 37, 38, 41, 42, 43, 44, 45, 46, 48",0,0,False,-,9.35,sparse_annotation,"duplicate_codes(+3.0), missing_codes(+1.35), sparse_annotation(+5.0)"
41,train_quadrant_enumeration_disease_117,train_452.png,train_quadrant_enumeration_disease,6,1,35x2,27,"11, 12, 13, 14, 15, 16, 17, 18, 21, 22, 23, 24, 25, 28, 31, 32, 33, 34, 36, 41, 42, 43, 44, 45, 46, 47, 48",0,0,False,-,9.35,sparse_annotation,"duplicate_codes(+3.0), missing_codes(+1.35), sparse_annotation(+5.0)"
42,train_quadrant_enumeration_disease_141,train_250.png,train_quadrant_enumeration_disease,6,1,47x2,27,"11, 12, 13, 14, 15, 16, 17, 18, 21, 22, 23, 24, 25, 26, 27, 28, 31, 32, 33, 34, 35, 36, 37, 41, 42, 43, 44",0,0,False,-,9.35,sparse_annotation,"duplicate_codes(+3.0), missing_codes(+1.35), sparse_annotation(+5.0)"
43,train_quadrant_enumeration_disease_13,train_581.png,train_quadrant_enumeration_disease,6,1,36x2,27,"11, 12, 13, 14, 15, 16, 17, 21, 22, 23, 24, 25, 26, 27, 28, 31, 32, 33, 34, 35, 38, 41, 42, 43, 44, 45, 48",0,0,False,-,9.35,sparse_annotation,"duplicate_codes(+3.0), missing_codes(+1.35), sparse_annotation(+5.0)"
44,train_quadrant_enumeration_disease_436,train_406.png,train_quadrant_enumeration_disease,7,1,35x2,26,"11, 12, 13, 14, 15, 16, 17, 18, 21, 22, 23, 24, 25, 26, 27, 28, 31, 32, 33, 34, 41, 42, 43, 44, 45, 46",0,0,False,-,9.3,sparse_annotation,"duplicate_codes(+3.0), missing_codes(+1.30), sparse_annotation(+5.0)"
45,train_quadrant_enumeration_disease_290,train_14.png,train_quadrant_enumeration_disease,7,1,46x2,26,"11, 12, 13, 14, 15, 16, 17, 21, 22, 23, 24, 25, 31, 32, 33, 34, 35, 36, 38, 41, 42, 43, 44, 45, 47, 48",0,0,False,-,9.3,sparse_annotation,"duplicate_codes(+3.0), missing_codes(+1.30), sparse_annotation(+5.0)"
46,train_quadrant_enumeration_disease_512,train_650.png,train_quadrant_enumeration_disease,1,0,-,31,"11, 12, 13, 14, 15, 16, 18, 21, 22, 23, 24, 25, 26, 27, 28, 31, 32, 33, 34, 35, 36, 37, 38, 41, 42, 43, 44, 45, 46, 47, 48",1,0,False,"17: expected image-left (x<=0.55), got x=0.767",8.55,sparse_annotation,"single_axis_position(+2.0), missing_codes(+1.55), sparse_annotation(+5.0)"
47,validation_triple_36,val_47.png,validation_triple,2,0,-,30,"11, 12, 13, 14, 15, 16, 17, 18, 21, 22, 23, 24, 25, 26, 27, 31, 32, 33, 34, 35, 36, 37, 38, 41, 42, 43, 44, 45, 47, 48",1,0,False,"28: expected image-upper (y<=0.55), got y=0.551",8.5,sparse_annotation,"single_axis_position(+2.0), missing_codes(+1.50), sparse_annotation(+5.0)"
48,validation_triple_15,val_24.png,validation_triple,2,0,-,30,"11, 12, 13, 14, 15, 18, 21, 22, 23, 24, 25, 26, 27, 28, 31, 32, 33, 34, 35, 36, 37, 38, 41, 42, 43, 44, 45, 46, 47, 48",1,0,False,"16: expected image-upper (y<=0.55), got y=0.556",8.5,sparse_annotation,"single_axis_position(+2.0), missing_codes(+1.50), sparse_annotation(+5.0)"
49,train_quadrant_enumeration_490,train_18.png,train_quadrant_enumeration,31,0,-,1,46,4,0,True,"21: expected image-upper (y<=0.55), got y=0.556; 11: expected image-upper (y<=0.55), got y=0.556; 12: expected image-upper (y<=0.55), got y=0.551; 22: expected image-upper (y<=0.55), got y=0.552",8.05,single_axis_position,"single_axis_position(+8.0), missing_codes(+0.05)"
50,train_quadrant_enumeration_disease_481,train_267.png,train_quadrant_enumeration_disease,9,1,46x3,25,"11, 13, 14, 15, 16, 17, 21, 22, 23, 24, 25, 27, 31, 32, 33, 34, 35, 36, 37, 41, 42, 43, 44, 45, 47",0,0,False,-,7.25,duplicate_codes,"duplicate_codes(+6.0), missing_codes(+1.25)"
51,train_quadrant_enumeration_disease_144,train_451.png,train_quadrant_enumeration_disease,9,2,"28x2, 36x2",25,"11, 12, 13, 14, 15, 16, 18, 21, 22, 23, 24, 25, 26, 31, 32, 33, 34, 35, 38, 41, 42, 43, 45, 46, 47",0,0,False,-,7.25,duplicate_codes,"duplicate_codes(+6.0), missing_codes(+1.25)"
52,train_quadrant_enumeration_disease_359,train_557.png,train_quadrant_enumeration_disease,9,2,"36x2, 45x2",25,"11, 12, 13, 14, 17, 21, 22, 23, 24, 25, 28, 31, 32, 33, 34, 35, 37, 38, 41, 42, 43, 44, 46, 47, 48",0,0,False,-,7.25,duplicate_codes,"duplicate_codes(+6.0), missing_codes(+1.25)"
53,train_quadrant_enumeration_disease_75,train_294.png,train_quadrant_enumeration_disease,10,2,"17x2, 26x2",24,"11, 12, 13, 14, 15, 21, 22, 23, 25, 27, 28, 31, 32, 33, 35, 38, 41, 42, 43, 44, 45, 46, 47, 48",0,0,False,-,7.2,duplicate_codes,"duplicate_codes(+6.0), missing_codes(+1.20)"
54,train_quadrant_enumeration_disease_536,train_481.png,train_quadrant_enumeration_disease,14,2,"48x2, 44x2",20,"11, 12, 18, 21, 22, 23, 24, 28, 31, 32, 33, 35, 37, 38, 41, 42, 43, 45, 46, 47",0,0,False,-,7.0,duplicate_codes,"duplicate_codes(+6.0), missing_codes(+1.00)"
55,train_quadrant_enumeration_disease_400,train_489.png,train_quadrant_enumeration_disease,1,0,-,31,"11, 12, 13, 14, 15, 16, 17, 18, 21, 22, 23, 24, 25, 26, 27, 31, 32, 33, 34, 35, 36, 37, 38, 41, 42, 43, 44, 45, 46, 47, 48",0,0,False,-,6.55,sparse_annotation,"missing_codes(+1.55), sparse_annotation(+5.0)"
56,train_quadrant_enumeration_disease_408,train_122.png,train_quadrant_enumeration_disease,1,0,-,31,"11, 12, 13, 14, 15, 17, 18, 21, 22, 23, 24, 25, 26, 27, 28, 31, 32, 33, 34, 35, 36, 37, 38, 41, 42, 43, 44, 45, 46, 47, 48",0,0,False,-,6.55,sparse_annotation,"missing_codes(+1.55), sparse_annotation(+5.0)"
57,train_quadrant_enumeration_disease_156,train_436.png,train_quadrant_enumeration_disease,1,0,-,31,"11, 12, 13, 14, 15, 16, 17, 18, 21, 22, 23, 24, 25, 26, 27, 28, 31, 32, 33, 34, 35, 36, 37, 38, 41, 42, 43, 44, 45, 46, 48",0,0,False,-,6.55,sparse_annotation,"missing_codes(+1.55), sparse_annotation(+5.0)"
58,train_quadrant_enumeration_disease_148,train_273.png,train_quadrant_enumeration_disease,23,2,"36x2, 45x2",11,"14, 17, 25, 31, 32, 33, 41, 42, 43, 44, 46",0,0,False,-,6.55,duplicate_codes,"duplicate_codes(+6.0), missing_codes(+0.55)"
59,train_quadrant_enumeration_disease_402,train_116.png,train_quadrant_enumeration_disease,1,0,-,31,"11, 12, 13, 14, 15, 16, 17, 18, 21, 22, 23, 24, 25, 26, 28, 31, 32, 33, 34, 35, 36, 37, 38, 41, 42, 43, 44, 45, 46, 47, 48",0,0,False,-,6.55,sparse_annotation,"missing_codes(+1.55), sparse_annotation(+5.0)"
60,train_quadrant_enumeration_disease_444,train_106.png,train_quadrant_enumeration_disease,1,0,-,31,"11, 12, 13, 14, 15, 16, 17, 18, 21, 22, 23, 24, 25, 26, 27, 28, 31, 32, 33, 34, 35, 37, 38, 41, 42, 43, 44, 45, 46, 47, 48",0,0,False,-,6.55,sparse_annotation,"missing_codes(+1.55), sparse_annotation(+5.0)"
61,train_quadrant_enumeration_disease_423,train_469.png,train_quadrant_enumeration_disease,1,0,-,31,"11, 12, 13, 14, 15, 16, 17, 18, 21, 22, 23, 24, 25, 26, 27, 28, 31, 32, 33, 34, 35, 37, 38, 41, 42, 43, 44, 45, 46, 47, 48",0,0,False,-,6.55,sparse_annotation,"missing_codes(+1.55), sparse_annotation(+5.0)"
62,train_quadrant_enumeration_disease_437,train_24.png,train_quadrant_enumeration_disease,1,0,-,31,"11, 12, 13, 14, 15, 16, 17, 18, 21, 22, 23, 24, 25, 27, 28, 31, 32, 33, 34, 35, 36, 37, 38, 41, 42, 43, 44, 45, 46, 47, 48",0,0,False,-,6.55,sparse_annotation,"missing_codes(+1.55), sparse_annotation(+5.0)"
63,train_quadrant_enumeration_disease_393,train_173.png,train_quadrant_enumeration_disease,1,0,-,31,"11, 12, 13, 14, 15, 16, 17, 18, 21, 22, 23, 24, 25, 26, 27, 28, 31, 32, 33, 34, 35, 36, 37, 41, 42, 43, 44, 45, 46, 47, 48",0,0,False,-,6.55,sparse_annotation,"missing_codes(+1.55), sparse_annotation(+5.0)"
64,train_quadrant_enumeration_disease_132,train_199.png,train_quadrant_enumeration_disease,1,0,-,31,"11, 12, 13, 14, 15, 16, 17, 18, 21, 22, 23, 24, 25, 26, 27, 28, 31, 32, 33, 34, 35, 36, 37, 41, 42, 43, 44, 45, 46, 47, 48",0,0,False,-,6.55,sparse_annotation,"missing_codes(+1.55), sparse_annotation(+5.0)"
65,train_quadrant_enumeration_disease_120,train_500.png,train_quadrant_enumeration_disease,1,0,-,31,"11, 12, 13, 14, 15, 16, 17, 18, 21, 22, 23, 24, 25, 26, 27, 28, 31, 32, 33, 34, 35, 36, 37, 41, 42, 43, 44, 45, 46, 47, 48",0,0,False,-,6.55,sparse_annotation,"missing_codes(+1.55), sparse_annotation(+5.0)"
66,train_quadrant_enumeration_disease_453,train_306.png,train_quadrant_enumeration_disease,1,0,-,31,"11, 12, 13, 14, 15, 16, 17, 18, 21, 22, 23, 24, 25, 26, 27, 28, 31, 32, 33, 34, 35, 37, 38, 41, 42, 43, 44, 45, 46, 47, 48",0,0,False,-,6.55,sparse_annotation,"missing_codes(+1.55), sparse_annotation(+5.0)"
67,train_quadrant_enumeration_disease_114,train_58.png,train_quadrant_enumeration_disease,1,0,-,31,"11, 12, 13, 14, 15, 16, 17, 18, 21, 22, 23, 24, 25, 26, 27, 28, 31, 32, 33, 34, 35, 36, 37, 38, 41, 42, 43, 44, 45, 47, 48",0,0,False,-,6.55,sparse_annotation,"missing_codes(+1.55), sparse_annotation(+5.0)"
68,train_quadrant_enumeration_disease_495,train_398.png,train_quadrant_enumeration_disease,1,0,-,31,"11, 12, 13, 14, 15, 16, 17, 18, 21, 22, 23, 24, 25, 26, 27, 31, 32, 33, 34, 35, 36, 37, 38, 41, 42, 43, 44, 45, 46, 47, 48",0,0,False,-,6.55,sparse_annotation,"missing_codes(+1.55), sparse_annotation(+5.0)"
69,train_quadrant_enumeration_disease_157,train_645.png,train_quadrant_enumeration_disease,1,0,-,31,"11, 12, 13, 14, 15, 16, 17, 18, 21, 22, 23, 24, 25, 26, 27, 28, 31, 32, 33, 34, 35, 36, 38, 41, 42, 43, 44, 45, 46, 47, 48",0,0,False,-,6.55,sparse_annotation,"missing_codes(+1.55), sparse_annotation(+5.0)"
70,train_quadrant_enumeration_disease_238,train_561.png,train_quadrant_enumeration_disease,1,0,-,31,"11, 12, 13, 14, 15, 16, 17, 18, 21, 22, 23, 24, 25, 26, 27, 28, 31, 32, 33, 34, 35, 36, 37, 38, 41, 42, 43, 44, 45, 46, 48",0,0,False,-,6.55,sparse_annotation,"missing_codes(+1.55), sparse_annotation(+5.0)"
71,train_quadrant_enumeration_disease_391,train_369.png,train_quadrant_enumeration_disease,1,0,-,31,"11, 12, 13, 14, 15, 16, 17, 18, 21, 22, 23, 24, 25, 26, 27, 28, 31, 32, 33, 34, 35, 36, 37, 38, 41, 42, 43, 44, 45, 47, 48",0,0,False,-,6.55,sparse_annotation,"missing_codes(+1.55), sparse_annotation(+5.0)"
72,train_quadrant_enumeration_disease_240,train_455.png,train_quadrant_enumeration_disease,1,0,-,31,"11, 12, 13, 14, 15, 16, 17, 18, 21, 22, 23, 24, 25, 26, 27, 28, 31, 32, 33, 34, 36, 37, 38, 41, 42, 43, 44, 45, 46, 47, 48",0,0,False,-,6.55,sparse_annotation,"missing_codes(+1.55), sparse_annotation(+5.0)"
73,train_quadrant_enumeration_disease_218,train_347.png,train_quadrant_enumeration_disease,1,0,-,31,"11, 12, 13, 14, 15, 16, 17, 18, 21, 22, 23, 24, 25, 26, 28, 31, 32, 33, 34, 35, 36, 37, 38, 41, 42, 43, 44, 45, 46, 47, 48",0,0,False,-,6.55,sparse_annotation,"missing_codes(+1.55), sparse_annotation(+5.0)"
74,train_quadrant_enumeration_disease_248,train_287.png,train_quadrant_enumeration_disease,1,0,-,31,"11, 12, 13, 14, 15, 16, 17, 18, 21, 22, 23, 24, 25, 26, 27, 28, 31, 32, 33, 34, 35, 36, 37, 38, 41, 42, 43, 45, 46, 47, 48",0,0,False,-,6.55,sparse_annotation,"missing_codes(+1.55), sparse_annotation(+5.0)"
75,train_quadrant_enumeration_disease_213,train_392.png,train_quadrant_enumeration_disease,1,0,-,31,"11, 12, 13, 14, 15, 16, 17, 18, 21, 22, 23, 24, 25, 26, 27, 28, 31, 32, 33, 34, 35, 37, 38, 41, 42, 43, 44, 45, 46, 47, 48",0,0,False,-,6.55,sparse_annotation,"missing_codes(+1.55), sparse_annotation(+5.0)"
76,train_quadrant_enumeration_disease_20,train_324.png,train_quadrant_enumeration_disease,1,0,-,31,"11, 12, 13, 14, 15, 16, 17, 18, 21, 22, 23, 24, 25, 26, 27, 28, 31, 32, 33, 34, 35, 36, 37, 38, 41, 42, 43, 45, 46, 47, 48",0,0,False,-,6.55,sparse_annotation,"missing_codes(+1.55), sparse_annotation(+5.0)"
77,train_quadrant_enumeration_disease_199,train_570.png,train_quadrant_enumeration_disease,1,0,-,31,"11, 12, 13, 14, 15, 16, 17, 18, 21, 22, 23, 24, 25, 26, 27, 28, 31, 32, 33, 34, 35, 36, 37, 38, 41, 42, 43, 44, 45, 46, 47",0,0,False,-,6.55,sparse_annotation,"missing_codes(+1.55), sparse_annotation(+5.0)"
78,train_quadrant_enumeration_disease_186,train_330.png,train_quadrant_enumeration_disease,1,0,-,31,"11, 12, 13, 14, 15, 16, 17, 18, 21, 22, 23, 24, 25, 26, 27, 28, 31, 32, 33, 34, 35, 36, 37, 41, 42, 43, 44, 45, 46, 47, 48",0,0,False,-,6.55,sparse_annotation,"missing_codes(+1.55), sparse_annotation(+5.0)"
79,train_quadrant_enumeration_disease_510,train_296.png,train_quadrant_enumeration_disease,1,0,-,31,"11, 12, 13, 14, 15, 16, 17, 18, 21, 22, 23, 24, 25, 26, 27, 28, 31, 32, 33, 34, 35, 36, 38, 41, 42, 43, 44, 45, 46, 47, 48",0,0,False,-,6.55,sparse_annotation,"missing_codes(+1.55), sparse_annotation(+5.0)"
80,train_quadrant_enumeration_disease_264,train_228.png,train_quadrant_enumeration_disease,1,0,-,31,"11, 12, 13, 14, 15, 16, 17, 18, 21, 22, 23, 24, 25, 26, 27, 28, 31, 32, 33, 34, 35, 37, 38, 41, 42, 43, 44, 45, 46, 47, 48",0,0,False,-,6.55,sparse_annotation,"missing_codes(+1.55), sparse_annotation(+5.0)"
81,train_quadrant_enumeration_disease_269,train_160.png,train_quadrant_enumeration_disease,1,0,-,31,"11, 12, 13, 14, 15, 16, 17, 18, 21, 22, 23, 24, 25, 27, 28, 31, 32, 33, 34, 35, 36, 37, 38, 41, 42, 43, 44, 45, 46, 47, 48",0,0,False,-,6.55,sparse_annotation,"missing_codes(+1.55), sparse_annotation(+5.0)"
82,train_quadrant_enumeration_disease_27,train_453.png,train_quadrant_enumeration_disease,1,0,-,31,"11, 12, 13, 14, 15, 16, 17, 18, 21, 22, 23, 24, 25, 26, 27, 28, 31, 32, 33, 34, 35, 36, 37, 41, 42, 43, 44, 45, 46, 47, 48",0,0,False,-,6.55,sparse_annotation,"missing_codes(+1.55), sparse_annotation(+5.0)"
83,train_quadrant_enumeration_disease_29,train_229.png,train_quadrant_enumeration_disease,1,0,-,31,"11, 12, 13, 14, 15, 16, 17, 18, 21, 22, 23, 24, 25, 26, 27, 31, 32, 33, 34, 35, 36, 37, 38, 41, 42, 43, 44, 45, 46, 47, 48",0,0,False,-,6.55,sparse_annotation,"missing_codes(+1.55), sparse_annotation(+5.0)"
84,train_quadrant_enumeration_disease_185,train_615.png,train_quadrant_enumeration_disease,1,0,-,31,"11, 12, 13, 14, 15, 16, 17, 18, 21, 22, 23, 24, 25, 26, 27, 28, 31, 32, 33, 34, 35, 37, 38, 41, 42, 43, 44, 45, 46, 47, 48",0,0,False,-,6.55,sparse_annotation,"missing_codes(+1.55), sparse_annotation(+5.0)"
85,train_quadrant_enumeration_disease_307,train_312.png,train_quadrant_enumeration_disease,1,0,-,31,"11, 12, 13, 14, 15, 16, 17, 18, 21, 22, 23, 24, 25, 26, 27, 28, 31, 32, 33, 34, 35, 36, 37, 38, 41, 42, 43, 44, 45, 47, 48",0,0,False,-,6.55,sparse_annotation,"missing_codes(+1.55), sparse_annotation(+5.0)"
86,train_quadrant_enumeration_disease_179,train_407.png,train_quadrant_enumeration_disease,1,0,-,31,"11, 12, 13, 14, 15, 16, 17, 18, 21, 22, 23, 24, 25, 26, 27, 28, 31, 32, 33, 34, 35, 36, 38, 41, 42, 43, 44, 45, 46, 47, 48",0,0,False,-,6.55,sparse_annotation,"missing_codes(+1.55), sparse_annotation(+5.0)"
87,train_quadrant_enumeration_disease_316,train_299.png,train_quadrant_enumeration_disease,1,0,-,31,"11, 12, 13, 14, 15, 16, 17, 18, 21, 22, 23, 24, 25, 27, 28, 31, 32, 33, 34, 35, 36, 37, 38, 41, 42, 43, 44, 45, 46, 47, 48",0,0,False,-,6.55,sparse_annotation,"missing_codes(+1.55), sparse_annotation(+5.0)"
88,train_quadrant_enumeration_disease_317,train_115.png,train_quadrant_enumeration_disease,1,0,-,31,"11, 12, 13, 14, 15, 16, 17, 18, 21, 22, 23, 24, 25, 26, 27, 31, 32, 33, 34, 35, 36, 37, 38, 41, 42, 43, 44, 45, 46, 47, 48",0,0,False,-,6.55,sparse_annotation,"missing_codes(+1.55), sparse_annotation(+5.0)"
89,train_quadrant_enumeration_disease_336,train_662.png,train_quadrant_enumeration_disease,1,0,-,31,"11, 12, 13, 14, 15, 16, 17, 18, 21, 22, 23, 24, 25, 26, 27, 28, 31, 32, 33, 34, 35, 36, 37, 38, 41, 42, 43, 44, 45, 46, 47",0,0,False,-,6.55,sparse_annotation,"missing_codes(+1.55), sparse_annotation(+5.0)"
90,train_quadrant_enumeration_disease_341,train_363.png,train_quadrant_enumeration_disease,1,0,-,31,"11, 12, 13, 14, 15, 16, 17, 18, 21, 22, 23, 24, 25, 26, 27, 28, 31, 32, 33, 34, 35, 36, 37, 38, 41, 42, 43, 44, 46, 47, 48",0,0,False,-,6.55,sparse_annotation,"missing_codes(+1.55), sparse_annotation(+5.0)"
91,train_quadrant_enumeration_disease_347,train_408.png,train_quadrant_enumeration_disease,1,0,-,31,"11, 12, 13, 14, 15, 16, 18, 21, 22, 23, 24, 25, 26, 27, 28, 31, 32, 33, 34, 35, 36, 37, 38, 41, 42, 43, 44, 45, 46, 47, 48",0,0,False,-,6.55,sparse_annotation,"missing_codes(+1.55), sparse_annotation(+5.0)"
92,train_quadrant_enumeration_disease_350,train_699.png,train_quadrant_enumeration_disease,1,0,-,31,"11, 12, 13, 14, 15, 16, 17, 18, 21, 22, 23, 24, 25, 26, 27, 28, 31, 32, 33, 34, 36, 37, 38, 41, 42, 43, 44, 45, 46, 47, 48",0,0,False,-,6.55,sparse_annotation,"missing_codes(+1.55), sparse_annotation(+5.0)"
93,train_quadrant_enumeration_disease_351,train_65.png,train_quadrant_enumeration_disease,1,0,-,31,"11, 12, 13, 14, 15, 16, 17, 18, 21, 22, 23, 24, 25, 26, 28, 31, 32, 33, 34, 35, 36, 37, 38, 41, 42, 43, 44, 45, 46, 47, 48",0,0,False,-,6.55,sparse_annotation,"missing_codes(+1.55), sparse_annotation(+5.0)"
94,train_quadrant_enumeration_disease_172,train_331.png,train_quadrant_enumeration_disease,1,0,-,31,"11, 12, 13, 14, 15, 16, 17, 18, 21, 22, 23, 24, 25, 26, 27, 28, 31, 32, 33, 34, 35, 36, 37, 38, 41, 42, 43, 44, 45, 46, 47",0,0,False,-,6.55,sparse_annotation,"missing_codes(+1.55), sparse_annotation(+5.0)"
95,train_quadrant_enumeration_disease_354,train_297.png,train_quadrant_enumeration_disease,1,0,-,31,"11, 12, 13, 14, 15, 16, 17, 18, 21, 22, 23, 24, 25, 26, 27, 28, 31, 32, 33, 34, 35, 36, 37, 38, 41, 42, 43, 44, 45, 46, 47",0,0,False,-,6.55,sparse_annotation,"missing_codes(+1.55), sparse_annotation(+5.0)"
96,train_quadrant_enumeration_disease_168,train_274.png,train_quadrant_enumeration_disease,1,0,-,31,"11, 12, 13, 14, 15, 16, 17, 18, 21, 22, 23, 24, 25, 26, 27, 28, 31, 32, 33, 34, 35, 36, 37, 38, 41, 42, 43, 44, 45, 46, 48",0,0,False,-,6.55,sparse_annotation,"missing_codes(+1.55), sparse_annotation(+5.0)"
97,validation_triple_9,val_20.png,validation_triple,1,0,-,31,"11, 12, 13, 14, 15, 16, 17, 18, 21, 22, 23, 24, 25, 26, 27, 28, 31, 32, 33, 34, 35, 36, 37, 41, 42, 43, 44, 45, 46, 47, 48",0,0,False,-,6.55,sparse_annotation,"missing_codes(+1.55), sparse_annotation(+5.0)"
98,train_quadrant_enumeration_disease_449,train_142.png,train_quadrant_enumeration_disease,1,0,-,31,"11, 12, 13, 14, 15, 16, 17, 18, 21, 22, 23, 24, 25, 26, 27, 28, 31, 32, 33, 34, 35, 36, 37, 38, 41, 42, 43, 44, 45, 46, 48",0,0,False,-,6.55,sparse_annotation,"missing_codes(+1.55), sparse_annotation(+5.0)"
99,train_quadrant_enumeration_disease_558,train_516.png,train_quadrant_enumeration_disease,1,0,-,31,"11, 12, 13, 14, 15, 16, 17, 18, 21, 22, 23, 24, 25, 26, 28, 31, 32, 33, 34, 35, 36, 37, 38, 41, 42, 43, 44, 45, 46, 47, 48",0,0,False,-,6.55,sparse_annotation,"missing_codes(+1.55), sparse_annotation(+5.0)"
100,validation_triple_10,val_3.png,validation_triple,1,0,-,31,"11, 12, 13, 14, 15, 16, 17, 18, 21, 22, 23, 24, 25, 26, 27, 28, 31, 32, 33, 34, 35, 37, 38, 41, 42, 43, 44, 45, 46, 47, 48",0,0,False,-,6.55,sparse_annotation,"missing_codes(+1.55), sparse_annotation(+5.0)"
101,train_quadrant_enumeration_disease_93,train_521.png,train_quadrant_enumeration_disease,1,0,-,31,"11, 12, 13, 14, 15, 16, 17, 18, 21, 22, 23, 24, 25, 26, 27, 28, 31, 32, 33, 34, 35, 36, 37, 38, 41, 42, 43, 44, 45, 46, 48",0,0,False,-,6.55,sparse_annotation,"missing_codes(+1.55), sparse_annotation(+5.0)"
102,train_quadrant_enumeration_disease_570,train_70.png,train_quadrant_enumeration_disease,1,0,-,31,"11, 12, 13, 14, 15, 16, 17, 18, 21, 22, 23, 24, 25, 26, 27, 28, 31, 32, 33, 34, 35, 36, 37, 38, 41, 42, 43, 45, 46, 47, 48",0,0,False,-,6.55,sparse_annotation,"missing_codes(+1.55), sparse_annotation(+5.0)"
103,train_quadrant_enumeration_disease_579,train_230.png,train_quadrant_enumeration_disease,1,0,-,31,"11, 12, 13, 14, 15, 16, 17, 18, 21, 22, 23, 24, 25, 26, 27, 28, 31, 32, 33, 34, 35, 36, 37, 38, 41, 42, 43, 44, 45, 46, 48",0,0,False,-,6.55,sparse_annotation,"missing_codes(+1.55), sparse_annotation(+5.0)"
104,train_quadrant_enumeration_disease_585,train_32.png,train_quadrant_enumeration_disease,1,0,-,31,"11, 12, 13, 14, 15, 16, 17, 18, 21, 22, 23, 24, 25, 26, 27, 28, 31, 32, 33, 34, 35, 36, 37, 41, 42, 43, 44, 45, 46, 47, 48",0,0,False,-,6.55,sparse_annotation,"missing_codes(+1.55), sparse_annotation(+5.0)"
105,train_quadrant_enumeration_disease_590,train_21.png,train_quadrant_enumeration_disease,1,0,-,31,"11, 12, 13, 14, 15, 16, 17, 18, 21, 22, 23, 24, 25, 26, 27, 28, 31, 32, 33, 34, 35, 36, 37, 38, 41, 42, 43, 44, 45, 46, 47",0,0,False,-,6.55,sparse_annotation,"missing_codes(+1.55), sparse_annotation(+5.0)"
106,train_quadrant_enumeration_disease_596,train_574.png,train_quadrant_enumeration_disease,1,0,-,31,"11, 12, 13, 14, 15, 16, 17, 18, 21, 22, 23, 24, 25, 26, 27, 28, 31, 32, 33, 34, 35, 36, 37, 38, 41, 42, 43, 44, 45, 46, 47",0,0,False,-,6.55,sparse_annotation,"missing_codes(+1.55), sparse_annotation(+5.0)"
107,train_quadrant_enumeration_disease_601,train_380.png,train_quadrant_enumeration_disease,1,0,-,31,"11, 12, 13, 14, 15, 16, 17, 18, 21, 22, 23, 24, 25, 26, 27, 28, 31, 32, 33, 34, 35, 36, 37, 38, 41, 42, 43, 44, 45, 46, 48",0,0,False,-,6.55,sparse_annotation,"missing_codes(+1.55), sparse_annotation(+5.0)"
108,train_quadrant_enumeration_disease_696,train_238.png,train_quadrant_enumeration_disease,1,0,-,31,"11, 12, 13, 14, 15, 16, 17, 18, 21, 22, 23, 24, 25, 26, 27, 28, 31, 32, 33, 34, 35, 36, 37, 38, 41, 42, 43, 44, 45, 46, 48",0,0,False,-,6.55,sparse_annotation,"missing_codes(+1.55), sparse_annotation(+5.0)"
109,train_quadrant_enumeration_disease_605,train_520.png,train_quadrant_enumeration_disease,1,0,-,31,"11, 12, 13, 14, 15, 16, 17, 18, 22, 23, 24, 25, 26, 27, 28, 31, 32, 33, 34, 35, 36, 37, 38, 41, 42, 43, 44, 45, 46, 47, 48",0,0,False,-,6.55,sparse_annotation,"missing_codes(+1.55), sparse_annotation(+5.0)"
110,train_quadrant_enumeration_disease_694,train_389.png,train_quadrant_enumeration_disease,1,0,-,31,"11, 12, 14, 15, 16, 17, 18, 21, 22, 23, 24, 25, 26, 27, 28, 31, 32, 33, 34, 35, 36, 37, 38, 41, 42, 43, 44, 45, 46, 47, 48",0,0,False,-,6.55,sparse_annotation,"missing_codes(+1.55), sparse_annotation(+5.0)"
111,train_quadrant_enumeration_disease_693,train_33.png,train_quadrant_enumeration_disease,1,0,-,31,"11, 12, 13, 14, 15, 16, 17, 18, 21, 22, 23, 24, 25, 26, 28, 31, 32, 33, 34, 35, 36, 37, 38, 41, 42, 43, 44, 45, 46, 47, 48",0,0,False,-,6.55,sparse_annotation,"missing_codes(+1.55), sparse_annotation(+5.0)"
112,train_quadrant_enumeration_disease_692,train_111.png,train_quadrant_enumeration_disease,1,0,-,31,"11, 12, 13, 14, 15, 16, 17, 18, 21, 22, 23, 24, 25, 26, 27, 28, 31, 32, 33, 34, 35, 37, 38, 41, 42, 43, 44, 45, 46, 47, 48",0,0,False,-,6.55,sparse_annotation,"missing_codes(+1.55), sparse_annotation(+5.0)"
113,train_quadrant_enumeration_disease_682,train_52.png,train_quadrant_enumeration_disease,1,0,-,31,"11, 12, 13, 14, 15, 16, 17, 18, 21, 22, 23, 24, 25, 26, 27, 28, 31, 32, 33, 34, 35, 36, 38, 41, 42, 43, 44, 45, 46, 47, 48",0,0,False,-,6.55,sparse_annotation,"missing_codes(+1.55), sparse_annotation(+5.0)"
114,train_quadrant_enumeration_disease_606,train_163.png,train_quadrant_enumeration_disease,1,0,-,31,"11, 12, 13, 14, 15, 16, 17, 18, 21, 22, 23, 24, 25, 26, 27, 28, 31, 32, 33, 34, 35, 36, 37, 41, 42, 43, 44, 45, 46, 47, 48",0,0,False,-,6.55,sparse_annotation,"missing_codes(+1.55), sparse_annotation(+5.0)"
115,train_quadrant_enumeration_disease_609,train_186.png,train_quadrant_enumeration_disease,1,0,-,31,"11, 12, 13, 14, 15, 16, 17, 18, 21, 22, 23, 24, 25, 26, 27, 28, 31, 32, 33, 34, 35, 36, 37, 38, 41, 42, 43, 44, 45, 46, 48",0,0,False,-,6.55,sparse_annotation,"missing_codes(+1.55), sparse_annotation(+5.0)"
116,train_quadrant_enumeration_disease_613,train_384.png,train_quadrant_enumeration_disease,1,0,-,31,"11, 12, 13, 14, 15, 16, 17, 18, 21, 22, 23, 24, 25, 26, 27, 28, 31, 32, 33, 34, 35, 36, 37, 38, 41, 42, 43, 44, 45, 47, 48",0,0,False,-,6.55,sparse_annotation,"missing_codes(+1.55), sparse_annotation(+5.0)"
117,train_quadrant_enumeration_disease_681,train_227.png,train_quadrant_enumeration_disease,1,0,-,31,"11, 12, 13, 14, 15, 16, 17, 18, 21, 22, 23, 24, 25, 26, 27, 28, 31, 32, 33, 34, 35, 37, 38, 41, 42, 43, 44, 45, 46, 47, 48",0,0,False,-,6.55,sparse_annotation,"missing_codes(+1.55), sparse_annotation(+5.0)"
118,train_quadrant_enumeration_disease_674,train_323.png,train_quadrant_enumeration_disease,1,0,-,31,"11, 12, 13, 14, 15, 16, 17, 18, 21, 22, 23, 24, 25, 26, 27, 28, 31, 32, 33, 34, 35, 36, 37, 38, 41, 42, 43, 45, 46, 47, 48",0,0,False,-,6.55,sparse_annotation,"missing_codes(+1.55), sparse_annotation(+5.0)"
119,train_quadrant_enumeration_disease_623,train_114.png,train_quadrant_enumeration_disease,1,0,-,31,"11, 12, 13, 14, 15, 16, 17, 18, 21, 22, 23, 24, 25, 26, 27, 28, 31, 32, 33, 34, 35, 37, 38, 41, 42, 43, 44, 45, 46, 47, 48",0,0,False,-,6.55,sparse_annotation,"missing_codes(+1.55), sparse_annotation(+5.0)"
120,train_quadrant_enumeration_disease_624,train_318.png,train_quadrant_enumeration_disease,1,0,-,31,"11, 12, 13, 14, 15, 16, 17, 18, 21, 22, 23, 24, 25, 26, 27, 28, 31, 32, 33, 35, 36, 37, 38, 41, 42, 43, 44, 45, 46, 47, 48",0,0,False,-,6.55,sparse_annotation,"missing_codes(+1.55), sparse_annotation(+5.0)"
121,train_quadrant_enumeration_disease_625,train_395.png,train_quadrant_enumeration_disease,1,0,-,31,"11, 12, 13, 14, 15, 16, 17, 18, 21, 22, 23, 24, 25, 26, 27, 28, 31, 32, 33, 34, 35, 36, 37, 38, 41, 42, 43, 44, 45, 47, 48",0,0,False,-,6.55,sparse_annotation,"missing_codes(+1.55), sparse_annotation(+5.0)"
122,train_quadrant_enumeration_disease_673,train_45.png,train_quadrant_enumeration_disease,1,0,-,31,"11, 12, 13, 14, 15, 16, 17, 18, 21, 22, 23, 24, 25, 26, 27, 28, 31, 32, 33, 34, 36, 37, 38, 41, 42, 43, 44, 45, 46, 47, 48",0,0,False,-,6.55,sparse_annotation,"missing_codes(+1.55), sparse_annotation(+5.0)"
123,train_quadrant_enumeration_disease_564,train_678.png,train_quadrant_enumeration_disease,1,0,-,31,"11, 12, 13, 14, 15, 16, 17, 18, 21, 22, 23, 24, 25, 26, 27, 28, 31, 32, 33, 34, 35, 36, 37, 38, 41, 42, 43, 45, 46, 47, 48",0,0,False,-,6.55,sparse_annotation,"missing_codes(+1.55), sparse_annotation(+5.0)"
124,train_quadrant_enumeration_disease_573,train_15.png,train_quadrant_enumeration_disease,1,0,-,31,"11, 12, 13, 14, 15, 16, 17, 18, 21, 22, 23, 24, 25, 26, 28, 31, 32, 33, 34, 35, 36, 37, 38, 41, 42, 43, 44, 45, 46, 47, 48",0,0,False,-,6.55,sparse_annotation,"missing_codes(+1.55), sparse_annotation(+5.0)"
125,train_quadrant_enumeration_disease_549,train_504.png,train_quadrant_enumeration_disease,1,0,-,31,"11, 12, 13, 14, 15, 16, 17, 18, 21, 23, 24, 25, 26, 27, 28, 31, 32, 33, 34, 35, 36, 37, 38, 41, 42, 43, 44, 45, 46, 47, 48",0,0,False,-,6.55,sparse_annotation,"missing_codes(+1.55), sparse_annotation(+5.0)"
126,validation_triple_7,val_39.png,validation_triple,1,0,-,31,"11, 12, 13, 15, 16, 17, 18, 21, 22, 23, 24, 25, 26, 27, 28, 31, 32, 33, 34, 35, 36, 37, 38, 41, 42, 43, 44, 45, 46, 47, 48",0,0,False,-,6.55,sparse_annotation,"missing_codes(+1.55), sparse_annotation(+5.0)"
127,validation_triple_37,val_48.png,validation_triple,1,0,-,31,"11, 12, 13, 14, 15, 16, 17, 18, 21, 22, 23, 24, 25, 26, 27, 28, 31, 32, 33, 34, 36, 37, 38, 41, 42, 43, 44, 45, 46, 47, 48",0,0,False,-,6.55,sparse_annotation,"missing_codes(+1.55), sparse_annotation(+5.0)"
128,train_quadrant_enumeration_disease_540,train_149.png,train_quadrant_enumeration_disease,1,0,-,31,"11, 12, 13, 14, 15, 16, 17, 18, 21, 22, 23, 24, 25, 26, 27, 28, 31, 32, 33, 34, 35, 36, 37, 38, 41, 42, 43, 44, 45, 47, 48",0,0,False,-,6.55,sparse_annotation,"missing_codes(+1.55), sparse_annotation(+5.0)"
129,train_quadrant_enumeration_disease_519,train_203.png,train_quadrant_enumeration_disease,1,0,-,31,"11, 12, 13, 14, 15, 16, 17, 18, 21, 22, 23, 24, 25, 26, 27, 28, 31, 32, 33, 34, 35, 36, 37, 38, 41, 42, 43, 44, 45, 47, 48",0,0,False,-,6.55,sparse_annotation,"missing_codes(+1.55), sparse_annotation(+5.0)"
130,train_quadrant_enumeration_disease_535,train_659.png,train_quadrant_enumeration_disease,1,0,-,31,"11, 12, 13, 14, 15, 16, 17, 18, 21, 22, 23, 24, 25, 26, 27, 28, 31, 32, 33, 34, 35, 36, 37, 38, 41, 42, 43, 44, 45, 46, 47",0,0,False,-,6.55,sparse_annotation,"missing_codes(+1.55), sparse_annotation(+5.0)"
131,train_quadrant_enumeration_disease_554,train_167.png,train_quadrant_enumeration_disease,1,0,-,31,"11, 12, 13, 14, 15, 16, 17, 18, 21, 22, 23, 24, 25, 26, 27, 28, 31, 32, 33, 35, 36, 37, 38, 41, 42, 43, 44, 45, 46, 47, 48",0,0,False,-,6.55,sparse_annotation,"missing_codes(+1.55), sparse_annotation(+5.0)"
132,train_quadrant_enumeration_disease_226,train_676.png,train_quadrant_enumeration_disease,2,0,-,30,"11, 12, 13, 14, 15, 16, 17, 18, 21, 22, 23, 24, 25, 26, 27, 28, 31, 32, 33, 35, 36, 38, 41, 42, 43, 44, 45, 46, 47, 48",0,0,False,-,6.5,sparse_annotation,"missing_codes(+1.50), sparse_annotation(+5.0)"
133,train_quadrant_enumeration_disease_203,train_22.png,train_quadrant_enumeration_disease,2,0,-,30,"11, 12, 13, 14, 15, 16, 17, 18, 21, 22, 23, 24, 25, 26, 27, 28, 31, 32, 33, 34, 35, 36, 37, 38, 41, 42, 43, 44, 45, 47",0,0,False,-,6.5,sparse_annotation,"missing_codes(+1.50), sparse_annotation(+5.0)"
134,train_quadrant_enumeration_disease_243,train_623.png,train_quadrant_enumeration_disease,2,0,-,30,"11, 12, 13, 14, 15, 16, 17, 21, 22, 23, 24, 25, 26, 27, 28, 31, 32, 33, 34, 35, 36, 37, 38, 41, 42, 43, 44, 45, 46, 47",0,0,False,-,6.5,sparse_annotation,"missing_codes(+1.50), sparse_annotation(+5.0)"
135,train_quadrant_enumeration_disease_685,train_329.png,train_quadrant_enumeration_disease,2,0,-,30,"11, 12, 13, 14, 15, 16, 17, 18, 21, 22, 23, 24, 25, 27, 28, 31, 32, 33, 34, 35, 36, 38, 41, 42, 43, 44, 45, 46, 47, 48",0,0,False,-,6.5,sparse_annotation,"missing_codes(+1.50), sparse_annotation(+5.0)"
136,validation_triple_39,val_42.png,validation_triple,2,0,-,30,"11, 12, 13, 14, 15, 16, 18, 21, 22, 23, 24, 25, 27, 28, 31, 32, 33, 34, 35, 36, 37, 38, 41, 42, 43, 44, 45, 46, 47, 48",0,0,False,-,6.5,sparse_annotation,"missing_codes(+1.50), sparse_annotation(+5.0)"
137,train_quadrant_enumeration_disease_113,train_457.png,train_quadrant_enumeration_disease,2,0,-,30,"11, 12, 13, 14, 15, 16, 17, 18, 21, 22, 23, 24, 25, 26, 27, 28, 31, 32, 33, 34, 35, 36, 37, 38, 41, 42, 43, 44, 45, 47",0,0,False,-,6.5,sparse_annotation,"missing_codes(+1.50), sparse_annotation(+5.0)"
138,train_quadrant_enumeration_disease_109,train_683.png,train_quadrant_enumeration_disease,2,0,-,30,"11, 12, 13, 14, 15, 16, 17, 18, 21, 22, 23, 24, 25, 28, 31, 32, 33, 34, 35, 36, 37, 38, 41, 42, 43, 44, 45, 46, 47, 48",0,0,False,-,6.5,sparse_annotation,"missing_codes(+1.50), sparse_annotation(+5.0)"
139,train_quadrant_enumeration_disease_200,train_327.png,train_quadrant_enumeration_disease,2,0,-,30,"12, 13, 14, 15, 16, 17, 18, 22, 23, 24, 25, 26, 27, 28, 31, 32, 33, 34, 35, 36, 37, 38, 41, 42, 43, 44, 45, 46, 47, 48",0,0,False,-,6.5,sparse_annotation,"missing_codes(+1.50), sparse_annotation(+5.0)"
140,validation_triple_41,val_9.png,validation_triple,2,0,-,30,"11, 12, 13, 14, 15, 16, 17, 18, 21, 22, 23, 24, 25, 26, 27, 28, 31, 32, 33, 34, 35, 36, 37, 41, 42, 43, 44, 45, 46, 47",0,0,False,-,6.5,sparse_annotation,"missing_codes(+1.50), sparse_annotation(+5.0)"
141,validation_triple_8,val_46.png,validation_triple,2,0,-,30,"11, 12, 13, 14, 15, 16, 17, 18, 21, 22, 23, 24, 25, 26, 27, 28, 31, 32, 33, 35, 37, 38, 41, 42, 43, 44, 45, 46, 47, 48",0,0,False,-,6.5,sparse_annotation,"missing_codes(+1.50), sparse_annotation(+5.0)"
142,train_quadrant_enumeration_disease_103,train_656.png,train_quadrant_enumeration_disease,2,0,-,30,"11, 12, 13, 14, 15, 16, 17, 18, 21, 22, 23, 24, 25, 26, 27, 28, 31, 32, 33, 34, 35, 36, 37, 38, 41, 42, 43, 44, 45, 48",0,0,False,-,6.5,sparse_annotation,"missing_codes(+1.50), sparse_annotation(+5.0)"
143,train_quadrant_enumeration_disease_210,train_130.png,train_quadrant_enumeration_disease,2,0,-,30,"11, 12, 13, 14, 15, 16, 17, 18, 21, 22, 23, 24, 26, 28, 31, 32, 33, 34, 35, 36, 37, 38, 41, 42, 43, 44, 45, 46, 47, 48",0,0,False,-,6.5,sparse_annotation,"missing_codes(+1.50), sparse_annotation(+5.0)"
144,validation_triple_32,val_19.png,validation_triple,2,0,-,30,"11, 12, 13, 14, 15, 16, 17, 18, 21, 22, 23, 24, 25, 26, 27, 28, 31, 32, 33, 34, 35, 36, 41, 42, 43, 44, 45, 46, 47, 48",0,0,False,-,6.5,sparse_annotation,"missing_codes(+1.50), sparse_annotation(+5.0)"
145,train_quadrant_enumeration_disease_680,train_627.png,train_quadrant_enumeration_disease,2,0,-,30,"11, 12, 13, 14, 15, 16, 17, 18, 21, 22, 23, 24, 25, 26, 27, 31, 32, 33, 34, 35, 36, 37, 38, 41, 42, 43, 44, 45, 47, 48",0,0,False,-,6.5,sparse_annotation,"missing_codes(+1.50), sparse_annotation(+5.0)"
146,validation_triple_43,val_34.png,validation_triple,2,0,-,30,"11, 12, 13, 14, 15, 16, 18, 21, 22, 23, 24, 25, 26, 27, 28, 31, 32, 33, 34, 36, 37, 38, 41, 42, 43, 44, 45, 46, 47, 48",0,0,False,-,6.5,sparse_annotation,"missing_codes(+1.50), sparse_annotation(+5.0)"
147,train_quadrant_enumeration_disease_67,train_634.png,train_quadrant_enumeration_disease,2,0,-,30,"11, 12, 13, 14, 15, 16, 17, 18, 21, 22, 23, 24, 25, 26, 28, 31, 32, 33, 34, 36, 37, 38, 41, 42, 43, 44, 45, 46, 47, 48",0,0,False,-,6.5,sparse_annotation,"missing_codes(+1.50), sparse_annotation(+5.0)"
148,validation_triple_5,val_5.png,validation_triple,2,0,-,30,"11, 12, 13, 14, 15, 16, 17, 18, 21, 22, 23, 24, 25, 26, 28, 31, 32, 33, 34, 35, 37, 38, 41, 42, 43, 44, 45, 46, 47, 48",0,0,False,-,6.5,sparse_annotation,"missing_codes(+1.50), sparse_annotation(+5.0)"
149,validation_triple_14,val_25.png,validation_triple,2,0,-,30,"11, 12, 13, 14, 15, 16, 17, 18, 21, 22, 23, 24, 25, 26, 27, 28, 31, 32, 33, 35, 36, 37, 38, 41, 42, 43, 44, 45, 46, 48",0,0,False,-,6.5,sparse_annotation,"missing_codes(+1.50), sparse_annotation(+5.0)"
150,validation_triple_25,val_13.png,validation_triple,2,0,-,30,"11, 12, 13, 14, 15, 16, 17, 18, 21, 22, 23, 24, 25, 27, 28, 31, 32, 33, 34, 35, 36, 37, 38, 41, 42, 43, 44, 45, 47, 48",0,0,False,-,6.5,sparse_annotation,"missing_codes(+1.50), sparse_annotation(+5.0)"
151,train_quadrant_enumeration_disease_135,train_210.png,train_quadrant_enumeration_disease,2,0,-,30,"11, 12, 13, 14, 15, 16, 17, 18, 21, 22, 23, 24, 25, 26, 27, 28, 31, 32, 33, 34, 35, 36, 38, 41, 42, 43, 44, 45, 47, 48",0,0,False,-,6.5,sparse_annotation,"missing_codes(+1.50), sparse_annotation(+5.0)"
152,train_quadrant_enumeration_disease_176,train_276.png,train_quadrant_enumeration_disease,2,0,-,30,"11, 12, 13, 14, 15, 16, 17, 18, 21, 22, 23, 24, 25, 26, 28, 31, 32, 33, 34, 36, 37, 38, 41, 42, 43, 44, 45, 46, 47, 48",0,0,False,-,6.5,sparse_annotation,"missing_codes(+1.50), sparse_annotation(+5.0)"
153,train_quadrant_enumeration_disease_98,train_87.png,train_quadrant_enumeration_disease,2,0,-,30,"11, 13, 14, 15, 16, 17, 18, 21, 22, 23, 24, 25, 26, 27, 28, 31, 32, 33, 34, 35, 36, 37, 38, 41, 42, 43, 44, 45, 46, 48",0,0,False,-,6.5,sparse_annotation,"missing_codes(+1.50), sparse_annotation(+5.0)"
154,train_quadrant_enumeration_disease_96,train_424.png,train_quadrant_enumeration_disease,2,0,-,30,"11, 12, 13, 14, 17, 18, 21, 22, 23, 24, 25, 26, 27, 28, 31, 32, 33, 34, 35, 36, 37, 38, 41, 42, 43, 44, 45, 46, 47, 48",0,0,False,-,6.5,sparse_annotation,"missing_codes(+1.50), sparse_annotation(+5.0)"
155,train_quadrant_enumeration_disease_153,train_162.png,train_quadrant_enumeration_disease,2,0,-,30,"11, 12, 13, 14, 15, 16, 17, 18, 21, 22, 23, 24, 25, 26, 27, 28, 31, 32, 33, 34, 35, 37, 41, 42, 43, 44, 45, 46, 47, 48",0,0,False,-,6.5,sparse_annotation,"missing_codes(+1.50), sparse_annotation(+5.0)"
156,train_quadrant_enumeration_disease_95,train_5.png,train_quadrant_enumeration_disease,2,0,-,30,"11, 12, 13, 14, 15, 16, 17, 18, 21, 22, 23, 24, 25, 26, 27, 28, 31, 32, 33, 34, 35, 36, 37, 38, 41, 42, 43, 44, 47, 48",0,0,False,-,6.5,sparse_annotation,"missing_codes(+1.50), sparse_annotation(+5.0)"
157,train_quadrant_enumeration_disease_133,train_285.png,train_quadrant_enumeration_disease,2,0,-,30,"11, 12, 13, 14, 15, 17, 21, 22, 23, 24, 25, 26, 27, 28, 31, 32, 33, 34, 35, 36, 37, 38, 41, 42, 43, 44, 45, 46, 47, 48",0,0,False,-,6.5,sparse_annotation,"missing_codes(+1.50), sparse_annotation(+5.0)"
158,validation_triple_21,val_37.png,validation_triple,2,0,-,30,"11, 12, 13, 14, 15, 16, 17, 18, 21, 22, 23, 24, 26, 27, 28, 31, 32, 33, 34, 35, 36, 37, 41, 42, 43, 44, 45, 46, 47, 48",0,0,False,-,6.5,sparse_annotation,"missing_codes(+1.50), sparse_annotation(+5.0)"
159,train_quadrant_enumeration_disease_247,train_25.png,train_quadrant_enumeration_disease,2,0,-,30,"11, 12, 13, 14, 15, 16, 17, 18, 21, 22, 23, 24, 25, 26, 27, 28, 31, 32, 33, 34, 35, 36, 41, 42, 43, 44, 45, 46, 47, 48",0,0,False,-,6.5,sparse_annotation,"missing_codes(+1.50), sparse_annotation(+5.0)"
160,train_quadrant_enumeration_disease_89,train_544.png,train_quadrant_enumeration_disease,2,0,-,30,"11, 12, 13, 14, 15, 16, 17, 18, 21, 22, 23, 25, 26, 27, 28, 31, 32, 33, 34, 36, 37, 38, 41, 42, 43, 44, 45, 46, 47, 48",0,0,False,-,6.5,sparse_annotation,"missing_codes(+1.50), sparse_annotation(+5.0)"
161,train_quadrant_enumeration_disease_166,train_44.png,train_quadrant_enumeration_disease,2,0,-,30,"11, 12, 13, 14, 15, 16, 18, 21, 22, 23, 24, 25, 26, 27, 28, 31, 32, 33, 34, 36, 37, 38, 41, 42, 43, 44, 45, 46, 47, 48",0,0,False,-,6.5,sparse_annotation,"missing_codes(+1.50), sparse_annotation(+5.0)"
162,train_quadrant_enumeration_disease_131,train_604.png,train_quadrant_enumeration_disease,2,0,-,30,"11, 12, 13, 14, 16, 17, 18, 21, 22, 23, 24, 25, 26, 27, 28, 31, 32, 33, 34, 35, 36, 37, 38, 41, 42, 43, 44, 45, 46, 47",0,0,False,-,6.5,sparse_annotation,"missing_codes(+1.50), sparse_annotation(+5.0)"
163,validation_triple_22,val_40.png,validation_triple,2,0,-,30,"11, 14, 15, 16, 17, 18, 21, 22, 23, 24, 25, 26, 27, 28, 31, 32, 33, 34, 35, 36, 37, 38, 41, 42, 43, 44, 45, 46, 47, 48",0,0,False,-,6.5,sparse_annotation,"missing_codes(+1.50), sparse_annotation(+5.0)"
164,train_quadrant_enumeration_disease_167,train_434.png,train_quadrant_enumeration_disease,2,0,-,30,"11, 12, 13, 14, 15, 16, 18, 21, 22, 23, 24, 25, 26, 27, 28, 31, 32, 33, 34, 35, 36, 38, 41, 42, 43, 44, 45, 46, 47, 48",0,0,False,-,6.5,sparse_annotation,"missing_codes(+1.50), sparse_annotation(+5.0)"
165,train_quadrant_enumeration_disease_86,train_326.png,train_quadrant_enumeration_disease,2,0,-,30,"11, 12, 13, 14, 15, 16, 17, 18, 21, 22, 23, 24, 25, 26, 27, 28, 31, 32, 33, 34, 35, 36, 37, 38, 41, 42, 43, 44, 47, 48",0,0,False,-,6.5,sparse_annotation,"missing_codes(+1.50), sparse_annotation(+5.0)"
166,train_quadrant_enumeration_disease_702,train_657.png,train_quadrant_enumeration_disease,2,0,-,30,"11, 12, 13, 14, 15, 16, 17, 18, 21, 22, 23, 24, 25, 26, 28, 31, 32, 33, 34, 36, 37, 38, 41, 42, 43, 44, 45, 46, 47, 48",0,0,False,-,6.5,sparse_annotation,"missing_codes(+1.50), sparse_annotation(+5.0)"
167,train_quadrant_enumeration_disease_124,train_315.png,train_quadrant_enumeration_disease,2,0,-,30,"11, 12, 13, 14, 15, 16, 17, 18, 21, 22, 23, 24, 25, 26, 28, 31, 32, 33, 34, 35, 37, 38, 41, 42, 43, 44, 45, 46, 47, 48",0,0,False,-,6.5,sparse_annotation,"missing_codes(+1.50), sparse_annotation(+5.0)"
168,train_quadrant_enumeration_disease_698,train_675.png,train_quadrant_enumeration_disease,2,0,-,30,"11, 12, 13, 14, 15, 16, 17, 18, 21, 22, 23, 24, 25, 27, 31, 32, 33, 34, 35, 36, 37, 38, 41, 42, 43, 44, 45, 46, 47, 48",0,0,False,-,6.5,sparse_annotation,"missing_codes(+1.50), sparse_annotation(+5.0)"
169,train_quadrant_enumeration_disease_123,train_35.png,train_quadrant_enumeration_disease,2,0,-,30,"11, 12, 13, 14, 15, 16, 17, 21, 22, 23, 24, 25, 26, 27, 28, 31, 32, 33, 34, 35, 36, 38, 41, 42, 43, 44, 45, 46, 47, 48",0,0,False,-,6.5,sparse_annotation,"missing_codes(+1.50), sparse_annotation(+5.0)"
170,train_quadrant_enumeration_disease_660,train_68.png,train_quadrant_enumeration_disease,2,0,-,30,"11, 12, 13, 15, 16, 17, 18, 21, 22, 23, 24, 25, 27, 28, 31, 32, 33, 34, 35, 36, 37, 38, 41, 42, 43, 44, 45, 46, 47, 48",0,0,False,-,6.5,sparse_annotation,"missing_codes(+1.50), sparse_annotation(+5.0)"
171,train_quadrant_enumeration_disease_511,train_78.png,train_quadrant_enumeration_disease,2,0,-,30,"11, 12, 13, 14, 15, 16, 17, 21, 22, 23, 24, 25, 26, 27, 31, 32, 33, 34, 35, 36, 37, 38, 41, 42, 43, 44, 45, 46, 47, 48",0,0,False,-,6.5,sparse_annotation,"missing_codes(+1.50), sparse_annotation(+5.0)"
172,train_quadrant_enumeration_disease_657,train_317.png,train_quadrant_enumeration_disease,2,0,-,30,"11, 12, 13, 14, 15, 16, 17, 18, 21, 22, 23, 24, 25, 28, 31, 32, 33, 34, 35, 36, 37, 38, 41, 42, 43, 44, 45, 46, 47, 48",0,0,False,-,6.5,sparse_annotation,"missing_codes(+1.50), sparse_annotation(+5.0)"
173,train_quadrant_enumeration_disease_539,train_262.png,train_quadrant_enumeration_disease,2,0,-,30,"11, 12, 13, 14, 15, 16, 17, 18, 21, 22, 23, 24, 25, 26, 27, 28, 31, 32, 33, 35, 37, 38, 41, 42, 43, 44, 45, 46, 47, 48",0,0,False,-,6.5,sparse_annotation,"missing_codes(+1.50), sparse_annotation(+5.0)"
174,train_quadrant_enumeration_disease_397,train_232.png,train_quadrant_enumeration_disease,2,0,-,30,"11, 12, 13, 14, 15, 16, 17, 18, 21, 22, 23, 24, 25, 26, 28, 31, 32, 33, 34, 35, 36, 37, 38, 41, 42, 43, 44, 45, 46, 48",0,0,False,-,6.5,sparse_annotation,"missing_codes(+1.50), sparse_annotation(+5.0)"
175,train_quadrant_enumeration_disease_566,train_182.png,train_quadrant_enumeration_disease,2,0,-,30,"11, 12, 13, 14, 15, 17, 18, 21, 22, 23, 25, 26, 27, 28, 31, 32, 33, 34, 35, 36, 37, 38, 41, 42, 43, 44, 45, 46, 47, 48",0,0,False,-,6.5,sparse_annotation,"missing_codes(+1.50), sparse_annotation(+5.0)"
176,train_quadrant_enumeration_disease_562,train_17.png,train_quadrant_enumeration_disease,2,0,-,30,"11, 12, 13, 14, 15, 16, 17, 18, 21, 22, 23, 24, 25, 27, 28, 31, 32, 33, 34, 35, 36, 37, 41, 42, 43, 44, 45, 46, 47, 48",0,0,False,-,6.5,sparse_annotation,"missing_codes(+1.50), sparse_annotation(+5.0)"
177,train_quadrant_enumeration_disease_418,train_614.png,train_quadrant_enumeration_disease,2,0,-,30,"11, 12, 13, 14, 15, 16, 17, 18, 21, 22, 23, 24, 25, 26, 27, 28, 31, 32, 33, 34, 35, 36, 37, 41, 42, 43, 44, 45, 46, 47",0,0,False,-,6.5,sparse_annotation,"missing_codes(+1.50), sparse_annotation(+5.0)"
178,train_quadrant_enumeration_disease_550,train_577.png,train_quadrant_enumeration_disease,2,0,-,30,"11, 12, 13, 14, 15, 18, 21, 22, 23, 24, 25, 26, 27, 28, 31, 32, 33, 34, 35, 36, 37, 38, 41, 42, 43, 44, 45, 46, 47, 48",0,0,False,-,6.5,sparse_annotation,"missing_codes(+1.50), sparse_annotation(+5.0)"
179,train_quadrant_enumeration_disease_426,train_20.png,train_quadrant_enumeration_disease,2,0,-,30,"11, 12, 13, 14, 15, 16, 17, 18, 21, 22, 23, 24, 25, 26, 27, 28, 31, 32, 33, 34, 35, 37, 38, 41, 42, 43, 44, 45, 47, 48",0,0,False,-,6.5,sparse_annotation,"missing_codes(+1.50), sparse_annotation(+5.0)"
180,train_quadrant_enumeration_disease_544,train_501.png,train_quadrant_enumeration_disease,2,0,-,30,"11, 12, 13, 14, 15, 16, 17, 18, 21, 22, 23, 24, 25, 26, 27, 31, 32, 33, 34, 35, 36, 37, 38, 41, 42, 43, 44, 45, 47, 48",0,0,False,-,6.5,sparse_annotation,"missing_codes(+1.50), sparse_annotation(+5.0)"
181,train_quadrant_enumeration_disease_440,train_206.png,train_quadrant_enumeration_disease,2,0,-,30,"11, 12, 13, 14, 15, 16, 17, 18, 21, 22, 23, 24, 25, 26, 27, 28, 31, 32, 33, 34, 35, 36, 38, 41, 42, 43, 44, 45, 46, 48",0,0,False,-,6.5,sparse_annotation,"missing_codes(+1.50), sparse_annotation(+5.0)"
182,train_quadrant_enumeration_disease_441,train_73.png,train_quadrant_enumeration_disease,2,0,-,30,"11, 12, 13, 14, 15, 18, 21, 22, 23, 24, 25, 26, 27, 28, 31, 32, 33, 34, 35, 36, 37, 38, 41, 42, 43, 44, 45, 46, 47, 48",0,0,False,-,6.5,sparse_annotation,"missing_codes(+1.50), sparse_annotation(+5.0)"
183,train_quadrant_enumeration_disease_442,train_1.png,train_quadrant_enumeration_disease,2,0,-,30,"11, 12, 13, 14, 15, 16, 17, 18, 21, 22, 23, 24, 25, 26, 27, 28, 31, 32, 33, 34, 35, 36, 37, 41, 42, 43, 44, 45, 46, 47",0,0,False,-,6.5,sparse_annotation,"missing_codes(+1.50), sparse_annotation(+5.0)"
184,train_quadrant_enumeration_disease_534,train_690.png,train_quadrant_enumeration_disease,2,0,-,30,"11, 12, 13, 14, 15, 17, 18, 21, 22, 23, 24, 25, 26, 27, 28, 31, 32, 33, 34, 35, 36, 38, 41, 42, 43, 44, 45, 46, 47, 48",0,0,False,-,6.5,sparse_annotation,"missing_codes(+1.50), sparse_annotation(+5.0)"
185,train_quadrant_enumeration_disease_395,train_488.png,train_quadrant_enumeration_disease,2,0,-,30,"11, 12, 13, 14, 15, 16, 17, 18, 21, 22, 23, 24, 26, 27, 28, 31, 32, 33, 34, 35, 36, 37, 38, 41, 42, 43, 44, 46, 47, 48",0,0,False,-,6.5,sparse_annotation,"missing_codes(+1.50), sparse_annotation(+5.0)"
186,train_quadrant_enumeration_disease_460,train_381.png,train_quadrant_enumeration_disease,2,0,-,30,"11, 12, 13, 14, 15, 16, 17, 18, 21, 22, 23, 24, 25, 26, 27, 28, 31, 32, 33, 34, 35, 36, 38, 41, 42, 43, 44, 46, 47, 48",0,0,False,-,6.5,sparse_annotation,"missing_codes(+1.50), sparse_annotation(+5.0)"
187,train_quadrant_enumeration_disease_471,train_486.png,train_quadrant_enumeration_disease,2,0,-,30,"11, 12, 13, 14, 15, 16, 17, 18, 21, 22, 23, 24, 25, 26, 27, 31, 32, 33, 34, 35, 36, 37, 41, 42, 43, 44, 45, 46, 47, 48",0,0,False,-,6.5,sparse_annotation,"missing_codes(+1.50), sparse_annotation(+5.0)"
188,train_quadrant_enumeration_disease_533,train_595.png,train_quadrant_enumeration_disease,2,0,-,30,"11, 12, 13, 14, 15, 16, 17, 18, 21, 22, 23, 24, 25, 26, 27, 28, 31, 32, 33, 34, 35, 36, 37, 41, 42, 43, 44, 45, 47, 48",0,0,False,-,6.5,sparse_annotation,"missing_codes(+1.50), sparse_annotation(+5.0)"
189,train_quadrant_enumeration_disease_48,train_233.png,train_quadrant_enumeration_disease,2,0,-,30,"11, 12, 13, 14, 15, 16, 17, 18, 21, 22, 23, 24, 25, 26, 27, 28, 31, 32, 33, 34, 35, 36, 38, 41, 42, 43, 44, 45, 47, 48",0,0,False,-,6.5,sparse_annotation,"missing_codes(+1.50), sparse_annotation(+5.0)"
190,train_quadrant_enumeration_disease_522,train_157.png,train_quadrant_enumeration_disease,2,0,-,30,"11, 12, 13, 14, 15, 16, 17, 18, 21, 22, 23, 24, 25, 27, 28, 31, 32, 33, 34, 35, 36, 37, 38, 41, 42, 43, 44, 45, 46, 47",0,0,False,-,6.5,sparse_annotation,"missing_codes(+1.50), sparse_annotation(+5.0)"
191,train_quadrant_enumeration_disease_492,train_411.png,train_quadrant_enumeration_disease,2,0,-,30,"11, 12, 13, 14, 15, 16, 17, 21, 22, 23, 24, 25, 26, 27, 28, 31, 32, 33, 34, 35, 36, 38, 41, 42, 43, 44, 45, 46, 47, 48",0,0,False,-,6.5,sparse_annotation,"missing_codes(+1.50), sparse_annotation(+5.0)"
192,train_quadrant_enumeration_disease_493,train_512.png,train_quadrant_enumeration_disease,2,0,-,30,"11, 12, 13, 14, 15, 16, 17, 18, 21, 22, 23, 24, 25, 26, 27, 28, 31, 32, 33, 34, 35, 36, 37, 41, 42, 43, 44, 45, 47, 48",0,0,False,-,6.5,sparse_annotation,"missing_codes(+1.50), sparse_annotation(+5.0)"
193,train_quadrant_enumeration_disease_497,train_579.png,train_quadrant_enumeration_disease,2,0,-,30,"11, 12, 13, 14, 15, 16, 18, 21, 22, 23, 24, 25, 26, 27, 28, 31, 32, 33, 34, 35, 36, 37, 38, 41, 42, 43, 44, 45, 46, 48",0,0,False,-,6.5,sparse_annotation,"missing_codes(+1.50), sparse_annotation(+5.0)"
194,train_quadrant_enumeration_disease_498,train_119.png,train_quadrant_enumeration_disease,2,0,-,30,"11, 12, 13, 14, 15, 16, 17, 18, 21, 22, 23, 24, 25, 27, 28, 31, 32, 33, 34, 35, 36, 37, 38, 41, 42, 43, 44, 45, 47, 48",0,0,False,-,6.5,sparse_annotation,"missing_codes(+1.50), sparse_annotation(+5.0)"
195,train_quadrant_enumeration_disease_5,train_475.png,train_quadrant_enumeration_disease,2,0,-,30,"11, 12, 13, 14, 15, 16, 17, 18, 21, 22, 23, 24, 25, 26, 27, 28, 31, 32, 33, 34, 35, 36, 37, 38, 41, 43, 45, 46, 47, 48",0,0,False,-,6.5,sparse_annotation,"missing_codes(+1.50), sparse_annotation(+5.0)"
196,train_quadrant_enumeration_disease_396,train_401.png,train_quadrant_enumeration_disease,2,0,-,30,"11, 12, 13, 14, 15, 17, 21, 22, 23, 24, 25, 26, 27, 28, 31, 32, 33, 34, 35, 36, 37, 38, 41, 42, 43, 44, 45, 46, 47, 48",0,0,False,-,6.5,sparse_annotation,"missing_codes(+1.50), sparse_annotation(+5.0)"
197,train_quadrant_enumeration_disease_569,train_661.png,train_quadrant_enumeration_disease,2,0,-,30,"11, 12, 13, 14, 15, 17, 21, 22, 23, 24, 25, 26, 27, 28, 31, 32, 33, 34, 35, 36, 37, 38, 41, 42, 43, 44, 45, 46, 47, 48",0,0,False,-,6.5,sparse_annotation,"missing_codes(+1.50), sparse_annotation(+5.0)"
198,train_quadrant_enumeration_disease_65,train_113.png,train_quadrant_enumeration_disease,2,0,-,30,"11, 12, 13, 14, 15, 16, 17, 18, 21, 22, 23, 24, 25, 26, 27, 31, 32, 33, 34, 35, 36, 38, 41, 42, 43, 44, 45, 46, 47, 48",0,0,False,-,6.5,sparse_annotation,"missing_codes(+1.50), sparse_annotation(+5.0)"
199,train_quadrant_enumeration_disease_323,train_134.png,train_quadrant_enumeration_disease,2,0,-,30,"11, 12, 13, 14, 15, 17, 18, 21, 22, 23, 24, 25, 26, 27, 31, 32, 33, 34, 35, 36, 37, 38, 41, 42, 43, 44, 45, 46, 47, 48",0,0,False,-,6.5,sparse_annotation,"missing_codes(+1.50), sparse_annotation(+5.0)"
200,train_quadrant_enumeration_disease_258,train_4.png,train_quadrant_enumeration_disease,2,0,-,30,"11, 12, 13, 14, 16, 17, 18, 21, 22, 23, 24, 25, 26, 27, 28, 31, 32, 33, 34, 35, 37, 38, 41, 42, 43, 44, 45, 46, 47, 48",0,0,False,-,6.5,sparse_annotation,"missing_codes(+1.50), sparse_annotation(+5.0)"
201,train_quadrant_enumeration_disease_259,train_154.png,train_quadrant_enumeration_disease,2,0,-,30,"11, 12, 13, 14, 15, 16, 21, 22, 23, 24, 25, 26, 27, 28, 31, 32, 33, 34, 35, 36, 37, 38, 41, 42, 43, 44, 45, 46, 47, 48",0,0,False,-,6.5,sparse_annotation,"missing_codes(+1.50), sparse_annotation(+5.0)"
202,train_quadrant_enumeration_disease_627,train_567.png,train_quadrant_enumeration_disease,2,0,-,30,"11, 12, 13, 14, 15, 16, 18, 21, 22, 23, 24, 25, 26, 28, 31, 32, 33, 34, 35, 36, 37, 38, 41, 42, 43, 44, 45, 46, 47, 48",0,0,False,-,6.5,sparse_annotation,"missing_codes(+1.50), sparse_annotation(+5.0)"
203,train_quadrant_enumeration_disease_62,train_617.png,train_quadrant_enumeration_disease,2,0,-,30,"11, 12, 13, 14, 15, 18, 21, 22, 23, 24, 25, 26, 27, 28, 31, 32, 33, 34, 35, 36, 37, 38, 41, 42, 43, 44, 45, 46, 47, 48",0,0,False,-,6.5,sparse_annotation,"missing_codes(+1.50), sparse_annotation(+5.0)"
204,train_quadrant_enumeration_disease_292,train_252.png,train_quadrant_enumeration_disease,2,0,-,30,"11, 12, 13, 14, 15, 16, 17, 18, 21, 22, 23, 24, 25, 26, 28, 31, 32, 33, 34, 35, 36, 38, 41, 42, 43, 44, 45, 46, 47, 48",0,0,False,-,6.5,sparse_annotation,"missing_codes(+1.50), sparse_annotation(+5.0)"
205,train_quadrant_enumeration_disease_506,train_81.png,train_quadrant_enumeration_disease,2,0,-,30,"11, 12, 13, 14, 15, 16, 17, 18, 21, 22, 23, 24, 25, 27, 28, 31, 32, 33, 34, 35, 36, 37, 38, 41, 42, 43, 45, 46, 47, 48",0,0,False,-,6.5,sparse_annotation,"missing_codes(+1.50), sparse_annotation(+5.0)"
206,train_quadrant_enumeration_disease_618,train_547.png,train_quadrant_enumeration_disease,2,0,-,30,"11, 12, 13, 14, 15, 16, 17, 18, 21, 22, 23, 24, 25, 26, 27, 28, 31, 32, 33, 34, 35, 36, 37, 38, 41, 42, 43, 44, 45, 46",0,0,False,-,6.5,sparse_annotation,"missing_codes(+1.50), sparse_annotation(+5.0)"
207,train_quadrant_enumeration_disease_31,train_669.png,train_quadrant_enumeration_disease,2,0,-,30,"11, 12, 13, 14, 15, 16, 17, 21, 22, 23, 24, 25, 26, 27, 28, 31, 32, 33, 34, 35, 37, 38, 41, 42, 43, 44, 45, 46, 47, 48",0,0,False,-,6.5,sparse_annotation,"missing_codes(+1.50), sparse_annotation(+5.0)"
208,train_quadrant_enumeration_disease_310,train_394.png,train_quadrant_enumeration_disease,2,0,-,30,"11, 12, 13, 14, 15, 16, 17, 18, 21, 22, 23, 24, 25, 26, 27, 28, 31, 32, 33, 34, 35, 36, 37, 38, 41, 42, 43, 45, 46, 48",0,0,False,-,6.5,sparse_annotation,"missing_codes(+1.50), sparse_annotation(+5.0)"
209,train_quadrant_enumeration_disease_32,train_290.png,train_quadrant_enumeration_disease,2,0,-,30,"11, 12, 13, 14, 15, 18, 21, 22, 23, 24, 25, 26, 27, 28, 31, 32, 33, 34, 35, 36, 37, 38, 41, 42, 43, 44, 45, 46, 47, 48",0,0,False,-,6.5,sparse_annotation,"missing_codes(+1.50), sparse_annotation(+5.0)"
210,train_quadrant_enumeration_disease_326,train_183.png,train_quadrant_enumeration_disease,2,0,-,30,"11, 12, 13, 14, 15, 16, 17, 18, 21, 22, 23, 24, 25, 26, 28, 31, 32, 33, 34, 35, 36, 37, 41, 42, 43, 44, 45, 46, 47, 48",0,0,False,-,6.5,sparse_annotation,"missing_codes(+1.50), sparse_annotation(+5.0)"
211,train_quadrant_enumeration_disease_57,train_0.png,train_quadrant_enumeration_disease,2,0,-,30,"11, 12, 13, 14, 15, 16, 17, 18, 21, 22, 23, 24, 25, 27, 28, 31, 32, 33, 34, 35, 36, 37, 38, 41, 42, 43, 44, 45, 46, 47",0,0,False,-,6.5,sparse_annotation,"missing_codes(+1.50), sparse_annotation(+5.0)"
212,train_quadrant_enumeration_disease_332,train_367.png,train_quadrant_enumeration_disease,2,0,-,30,"11, 12, 13, 14, 15, 16, 17, 18, 21, 22, 23, 24, 25, 26, 27, 28, 31, 32, 33, 34, 35, 36, 38, 41, 42, 43, 44, 45, 46, 48",0,0,False,-,6.5,sparse_annotation,"missing_codes(+1.50), sparse_annotation(+5.0)"
213,train_quadrant_enumeration_disease_333,train_586.png,train_quadrant_enumeration_disease,2,0,-,30,"11, 12, 13, 14, 15, 16, 17, 18, 21, 22, 23, 24, 25, 26, 27, 28, 31, 32, 33, 34, 35, 37, 38, 41, 42, 43, 44, 45, 47, 48",0,0,False,-,6.5,sparse_annotation,"missing_codes(+1.50), sparse_annotation(+5.0)"
214,train_quadrant_enumeration_disease_34,train_271.png,train_quadrant_enumeration_disease,2,0,-,30,"11, 12, 13, 14, 15, 16, 17, 18, 21, 22, 23, 24, 25, 26, 27, 28, 31, 32, 33, 34, 35, 36, 41, 42, 43, 44, 45, 46, 47, 48",0,0,False,-,6.5,sparse_annotation,"missing_codes(+1.50), sparse_annotation(+5.0)"
215,train_quadrant_enumeration_disease_603,train_491.png,train_quadrant_enumeration_disease,2,0,-,30,"11, 12, 13, 14, 15, 16, 17, 18, 21, 22, 23, 24, 25, 26, 27, 28, 31, 32, 33, 34, 37, 38, 41, 42, 43, 44, 45, 46, 47, 48",0,0,False,-,6.5,sparse_annotation,"missing_codes(+1.50), sparse_annotation(+5.0)"
216,train_quadrant_enumeration_disease_35,train_702.png,train_quadrant_enumeration_disease,2,0,-,30,"11, 12, 13, 14, 15, 16, 18, 21, 22, 23, 24, 25, 26, 27, 28, 31, 32, 33, 34, 35, 36, 37, 38, 41, 42, 43, 44, 45, 47, 48",0,0,False,-,6.5,sparse_annotation,"missing_codes(+1.50), sparse_annotation(+5.0)"
217,train_quadrant_enumeration_disease_595,train_63.png,train_quadrant_enumeration_disease,2,0,-,30,"11, 12, 13, 14, 15, 16, 17, 18, 21, 22, 23, 24, 25, 26, 27, 28, 31, 32, 33, 34, 35, 36, 37, 38, 41, 42, 43, 44, 45, 46",0,0,False,-,6.5,sparse_annotation,"missing_codes(+1.50), sparse_annotation(+5.0)"
218,train_quadrant_enumeration_disease_591,train_165.png,train_quadrant_enumeration_disease,2,0,-,30,"11, 12, 13, 14, 15, 16, 17, 18, 21, 22, 23, 24, 25, 26, 27, 28, 31, 32, 33, 34, 35, 36, 37, 38, 41, 42, 43, 44, 45, 46",0,0,False,-,6.5,sparse_annotation,"missing_codes(+1.50), sparse_annotation(+5.0)"
219,train_quadrant_enumeration_disease_353,train_374.png,train_quadrant_enumeration_disease,2,0,-,30,"11, 12, 13, 14, 15, 16, 17, 18, 21, 22, 23, 24, 25, 26, 27, 28, 31, 32, 33, 34, 35, 36, 37, 41, 42, 43, 44, 45, 46, 47",0,0,False,-,6.5,sparse_annotation,"missing_codes(+1.50), sparse_annotation(+5.0)"
220,train_quadrant_enumeration_disease_370,train_631.png,train_quadrant_enumeration_disease,2,0,-,30,"11, 12, 13, 14, 15, 16, 18, 21, 22, 23, 24, 25, 26, 27, 28, 31, 32, 33, 34, 35, 36, 37, 38, 41, 42, 43, 44, 45, 46, 47",0,0,False,-,6.5,sparse_annotation,"missing_codes(+1.50), sparse_annotation(+5.0)"
221,train_quadrant_enumeration_disease_376,train_600.png,train_quadrant_enumeration_disease,2,0,-,30,"11, 12, 13, 14, 15, 16, 17, 18, 21, 22, 23, 24, 25, 26, 27, 28, 31, 32, 33, 34, 35, 36, 37, 38, 41, 42, 43, 44, 46, 47",0,0,False,-,6.5,sparse_annotation,"missing_codes(+1.50), sparse_annotation(+5.0)"
222,train_quadrant_enumeration_disease_293,train_211.png,train_quadrant_enumeration_disease,2,0,-,30,"11, 12, 13, 14, 15, 16, 17, 18, 21, 22, 23, 24, 25, 26, 27, 28, 31, 32, 33, 34, 35, 36, 38, 41, 42, 43, 44, 45, 46, 47",0,0,False,-,6.5,sparse_annotation,"missing_codes(+1.50), sparse_annotation(+5.0)"
223,train_quadrant_enumeration_disease_140,train_204.png,train_quadrant_enumeration_disease,2,0,-,30,"11, 12, 13, 14, 15, 16, 17, 18, 21, 22, 23, 24, 25, 27, 31, 32, 33, 34, 35, 36, 37, 38, 41, 42, 43, 44, 45, 46, 47, 48",0,0,False,-,6.5,sparse_annotation,"missing_codes(+1.50), sparse_annotation(+5.0)"
224,train_quadrant_enumeration_disease_345,train_340.png,train_quadrant_enumeration_disease,3,0,-,29,"11, 12, 13, 15, 17, 18, 21, 22, 23, 24, 25, 27, 28, 31, 32, 33, 34, 35, 36, 37, 38, 41, 42, 43, 44, 45, 46, 47, 48",0,0,False,-,6.45,sparse_annotation,"missing_codes(+1.45), sparse_annotation(+5.0)"
225,train_quadrant_enumeration_disease_161,train_591.png,train_quadrant_enumeration_disease,3,0,-,29,"11, 12, 13, 14, 15, 16, 17, 18, 21, 22, 23, 24, 25, 26, 27, 28, 31, 32, 33, 34, 35, 37, 41, 42, 43, 44, 46, 47, 48",0,0,False,-,6.45,sparse_annotation,"missing_codes(+1.45), sparse_annotation(+5.0)"
226,train_quadrant_enumeration_disease_629,train_390.png,train_quadrant_enumeration_disease,3,0,-,29,"11, 12, 13, 14, 15, 17, 18, 21, 22, 23, 24, 25, 26, 28, 31, 32, 33, 34, 35, 36, 38, 41, 42, 43, 44, 45, 46, 47, 48",0,0,False,-,6.45,sparse_annotation,"missing_codes(+1.45), sparse_annotation(+5.0)"
227,train_quadrant_enumeration_disease_112,train_355.png,train_quadrant_enumeration_disease,3,0,-,29,"11, 12, 13, 14, 15, 18, 21, 22, 23, 24, 25, 27, 28, 31, 32, 33, 34, 35, 36, 37, 38, 41, 42, 43, 44, 45, 46, 47, 48",0,0,False,-,6.45,sparse_annotation,"missing_codes(+1.45), sparse_annotation(+5.0)"
228,train_quadrant_enumeration_disease_631,train_642.png,train_quadrant_enumeration_disease,3,0,-,29,"11, 12, 13, 14, 15, 17, 18, 21, 22, 23, 24, 26, 27, 28, 31, 32, 33, 34, 35, 36, 37, 38, 41, 42, 43, 44, 45, 46, 48",0,0,False,-,6.45,sparse_annotation,"missing_codes(+1.45), sparse_annotation(+5.0)"
229,train_quadrant_enumeration_disease_12,train_264.png,train_quadrant_enumeration_disease,3,0,-,29,"11, 12, 13, 14, 15, 16, 17, 18, 21, 22, 23, 24, 25, 26, 27, 28, 31, 32, 33, 35, 36, 38, 41, 42, 43, 44, 45, 47, 48",0,0,False,-,6.45,sparse_annotation,"missing_codes(+1.45), sparse_annotation(+5.0)"
230,train_quadrant_enumeration_disease_634,train_427.png,train_quadrant_enumeration_disease,3,0,-,29,"11, 12, 13, 14, 17, 18, 21, 22, 23, 24, 25, 26, 27, 28, 31, 32, 33, 34, 35, 36, 37, 38, 41, 42, 43, 44, 45, 47, 48",0,0,False,-,6.45,sparse_annotation,"missing_codes(+1.45), sparse_annotation(+5.0)"
231,train_quadrant_enumeration_disease_407,train_442.png,train_quadrant_enumeration_disease,3,0,-,29,"11, 12, 13, 14, 15, 16, 17, 18, 21, 22, 23, 24, 25, 26, 28, 31, 32, 33, 34, 35, 36, 37, 41, 42, 43, 44, 45, 46, 47",0,0,False,-,6.45,sparse_annotation,"missing_codes(+1.45), sparse_annotation(+5.0)"
232,train_quadrant_enumeration_disease_130,train_603.png,train_quadrant_enumeration_disease,3,0,-,29,"11, 12, 13, 14, 16, 17, 18, 21, 22, 23, 24, 25, 26, 27, 28, 31, 32, 33, 35, 36, 37, 38, 42, 43, 44, 45, 46, 47, 48",0,0,False,-,6.45,sparse_annotation,"missing_codes(+1.45), sparse_annotation(+5.0)"
233,train_quadrant_enumeration_disease_134,train_319.png,train_quadrant_enumeration_disease,3,0,-,29,"11, 12, 13, 14, 16, 17, 18, 21, 22, 23, 24, 25, 27, 28, 31, 32, 34, 35, 36, 37, 38, 41, 42, 43, 44, 45, 46, 47, 48",0,0,False,-,6.45,sparse_annotation,"missing_codes(+1.45), sparse_annotation(+5.0)"
234,train_quadrant_enumeration_disease_641,train_23.png,train_quadrant_enumeration_disease,3,0,-,29,"11, 12, 13, 14, 15, 17, 18, 21, 22, 23, 24, 25, 27, 31, 32, 33, 34, 35, 36, 37, 38, 41, 42, 43, 44, 45, 46, 47, 48",0,0,False,-,6.45,sparse_annotation,"missing_codes(+1.45), sparse_annotation(+5.0)"
235,train_quadrant_enumeration_disease_642,train_563.png,train_quadrant_enumeration_disease,3,0,-,29,"11, 12, 13, 14, 15, 16, 18, 21, 22, 23, 24, 25, 26, 27, 28, 31, 32, 33, 34, 35, 37, 38, 41, 42, 43, 44, 45, 47, 48",0,0,False,-,6.45,sparse_annotation,"missing_codes(+1.45), sparse_annotation(+5.0)"
236,train_quadrant_enumeration_disease_136,train_400.png,train_quadrant_enumeration_disease,3,0,-,29,"11, 12, 13, 14, 15, 16, 21, 22, 23, 24, 25, 26, 27, 28, 31, 32, 33, 34, 35, 36, 37, 41, 42, 43, 44, 45, 46, 47, 48",0,0,False,-,6.45,sparse_annotation,"missing_codes(+1.45), sparse_annotation(+5.0)"
237,train_quadrant_enumeration_disease_137,train_502.png,train_quadrant_enumeration_disease,3,0,-,29,"11, 12, 13, 14, 15, 16, 17, 18, 21, 22, 23, 24, 26, 28, 31, 32, 33, 34, 35, 36, 38, 41, 42, 43, 44, 45, 46, 47, 48",0,0,False,-,6.45,sparse_annotation,"missing_codes(+1.45), sparse_annotation(+5.0)"
238,train_quadrant_enumeration_disease_139,train_588.png,train_quadrant_enumeration_disease,3,0,-,29,"11, 12, 13, 15, 16, 17, 18, 21, 22, 23, 24, 25, 26, 28, 31, 32, 33, 34, 35, 36, 37, 38, 41, 42, 43, 44, 45, 46, 47",0,0,False,-,6.45,sparse_annotation,"missing_codes(+1.45), sparse_annotation(+5.0)"
239,train_quadrant_enumeration_disease_530,train_202.png,train_quadrant_enumeration_disease,3,0,-,29,"11, 12, 13, 14, 15, 16, 17, 21, 22, 23, 24, 25, 26, 27, 31, 32, 33, 34, 35, 36, 37, 38, 41, 42, 43, 44, 45, 46, 47",0,0,False,-,6.45,sparse_annotation,"missing_codes(+1.45), sparse_annotation(+5.0)"
240,train_quadrant_enumeration_disease_663,train_589.png,train_quadrant_enumeration_disease,3,0,-,29,"11, 12, 13, 14, 15, 16, 17, 18, 21, 22, 23, 24, 25, 26, 27, 28, 31, 32, 33, 34, 35, 36, 37, 41, 42, 43, 44, 45, 47",0,0,False,-,6.45,sparse_annotation,"missing_codes(+1.45), sparse_annotation(+5.0)"
241,train_quadrant_enumeration_disease_270,train_514.png,train_quadrant_enumeration_disease,3,0,-,29,"11, 12, 13, 14, 15, 16, 17, 18, 21, 22, 23, 24, 25, 27, 28, 31, 32, 33, 34, 35, 36, 37, 38, 41, 42, 43, 44, 45, 46",0,0,False,-,6.45,sparse_annotation,"missing_codes(+1.45), sparse_annotation(+5.0)"
242,train_quadrant_enumeration_disease_665,train_288.png,train_quadrant_enumeration_disease,3,0,-,29,"11, 12, 13, 14, 15, 17, 18, 21, 22, 23, 24, 25, 27, 28, 31, 32, 33, 34, 35, 36, 37, 38, 41, 42, 43, 44, 45, 47, 48",0,0,False,-,6.45,sparse_annotation,"missing_codes(+1.45), sparse_annotation(+5.0)"
243,train_quadrant_enumeration_disease_183,train_664.png,train_quadrant_enumeration_disease,3,0,-,29,"11, 12, 13, 14, 15, 16, 21, 22, 23, 24, 25, 26, 27, 28, 31, 32, 33, 34, 35, 36, 37, 38, 41, 42, 43, 44, 45, 46, 47",0,0,False,-,6.45,sparse_annotation,"missing_codes(+1.45), sparse_annotation(+5.0)"
244,train_quadrant_enumeration_disease_189,train_437.png,train_quadrant_enumeration_disease,3,0,-,29,"11, 12, 13, 14, 15, 16, 18, 21, 22, 23, 24, 25, 26, 27, 28, 31, 32, 33, 34, 35, 36, 37, 41, 42, 43, 44, 45, 46, 47",0,0,False,-,6.45,sparse_annotation,"missing_codes(+1.45), sparse_annotation(+5.0)"
245,train_quadrant_enumeration_disease_381,train_692.png,train_quadrant_enumeration_disease,3,0,-,29,"11, 12, 13, 14, 15, 16, 21, 22, 23, 24, 25, 26, 27, 28, 31, 32, 33, 34, 36, 37, 38, 41, 42, 43, 44, 45, 46, 47, 48",0,0,False,-,6.45,sparse_annotation,"missing_codes(+1.45), sparse_annotation(+5.0)"
246,train_quadrant_enumeration_disease_201,train_506.png,train_quadrant_enumeration_disease,3,0,-,29,"11, 12, 13, 14, 15, 16, 17, 18, 21, 22, 23, 24, 25, 26, 28, 31, 32, 33, 34, 37, 38, 41, 42, 43, 44, 45, 46, 47, 48",0,0,False,-,6.45,sparse_annotation,"missing_codes(+1.45), sparse_annotation(+5.0)"
247,train_quadrant_enumeration_disease_208,train_325.png,train_quadrant_enumeration_disease,3,0,-,29,"11, 12, 13, 14, 15, 16, 17, 18, 21, 22, 23, 24, 25, 26, 27, 28, 31, 32, 33, 37, 38, 41, 42, 43, 44, 45, 46, 47, 48",0,0,False,-,6.45,sparse_annotation,"missing_codes(+1.45), sparse_annotation(+5.0)"
248,train_quadrant_enumeration_disease_38,train_61.png,train_quadrant_enumeration_disease,3,0,-,29,"11, 12, 13, 14, 15, 16, 17, 18, 21, 22, 23, 24, 25, 26, 27, 31, 32, 33, 34, 35, 37, 38, 41, 42, 43, 44, 45, 47, 48",0,0,False,-,6.45,sparse_annotation,"missing_codes(+1.45), sparse_annotation(+5.0)"
249,train_quadrant_enumeration_disease_217,train_578.png,train_quadrant_enumeration_disease,3,0,-,29,"11, 12, 13, 14, 15, 17, 18, 21, 22, 23, 24, 25, 26, 28, 31, 32, 33, 34, 35, 36, 37, 38, 41, 42, 43, 44, 45, 47, 48",0,0,False,-,6.45,sparse_annotation,"missing_codes(+1.45), sparse_annotation(+5.0)"
250,train_quadrant_enumeration_disease_22,train_305.png,train_quadrant_enumeration_disease,3,0,-,29,"11, 12, 13, 14, 15, 16, 17, 18, 21, 22, 23, 24, 25, 26, 27, 28, 31, 32, 33, 34, 35, 38, 41, 42, 43, 44, 45, 47, 48",0,0,False,-,6.45,sparse_annotation,"missing_codes(+1.45), sparse_annotation(+5.0)"
251,train_quadrant_enumeration_disease_228,train_213.png,train_quadrant_enumeration_disease,3,0,-,29,"11, 12, 13, 14, 15, 16, 17, 21, 22, 23, 24, 25, 26, 27, 28, 31, 32, 33, 34, 35, 37, 38, 41, 42, 43, 44, 46, 47, 48",0,0,False,-,6.45,sparse_annotation,"missing_codes(+1.45), sparse_annotation(+5.0)"
252,train_quadrant_enumeration_disease_375,train_635.png,train_quadrant_enumeration_disease,3,0,-,29,"11, 12, 13, 14, 15, 16, 17, 21, 22, 23, 24, 25, 26, 27, 28, 31, 32, 33, 34, 35, 36, 37, 41, 42, 43, 44, 45, 46, 47",0,0,False,-,6.45,sparse_annotation,"missing_codes(+1.45), sparse_annotation(+5.0)"
253,train_quadrant_enumeration_disease_257,train_602.png,train_quadrant_enumeration_disease,3,0,-,29,"11, 12, 13, 14, 15, 17, 18, 21, 22, 23, 24, 25, 27, 28, 31, 32, 33, 34, 35, 36, 37, 38, 41, 42, 43, 44, 45, 47, 48",0,0,False,-,6.45,sparse_annotation,"missing_codes(+1.45), sparse_annotation(+5.0)"
254,train_quadrant_enumeration_disease_700,train_613.png,train_quadrant_enumeration_disease,3,0,-,29,"11, 13, 14, 15, 16, 17, 18, 21, 22, 23, 24, 25, 26, 27, 28, 31, 32, 33, 34, 35, 36, 37, 41, 42, 43, 45, 46, 47, 48",0,0,False,-,6.45,sparse_annotation,"missing_codes(+1.45), sparse_annotation(+5.0)"
255,train_quadrant_enumeration_disease_703,train_344.png,train_quadrant_enumeration_disease,3,0,-,29,"11, 12, 13, 14, 17, 18, 21, 22, 23, 24, 25, 26, 28, 31, 32, 33, 34, 35, 36, 37, 38, 41, 42, 43, 44, 45, 46, 47, 48",0,0,False,-,6.45,sparse_annotation,"missing_codes(+1.45), sparse_annotation(+5.0)"
256,train_quadrant_enumeration_disease_104,train_328.png,train_quadrant_enumeration_disease,3,0,-,29,"12, 13, 14, 15, 16, 17, 22, 23, 24, 25, 26, 27, 28, 31, 32, 33, 34, 35, 36, 37, 38, 41, 42, 43, 44, 45, 46, 47, 48",0,0,False,-,6.45,sparse_annotation,"missing_codes(+1.45), sparse_annotation(+5.0)"
257,train_quadrant_enumeration_disease_617,train_449.png,train_quadrant_enumeration_disease,3,0,-,29,"11, 12, 13, 14, 15, 16, 17, 18, 21, 22, 23, 24, 25, 27, 28, 31, 32, 33, 34, 35, 36, 37, 38, 41, 42, 43, 44, 45, 48",0,0,False,-,6.45,sparse_annotation,"missing_codes(+1.45), sparse_annotation(+5.0)"
258,train_quadrant_enumeration_disease_615,train_553.png,train_quadrant_enumeration_disease,3,0,-,29,"11, 12, 13, 14, 15, 16, 17, 18, 21, 22, 23, 24, 25, 26, 27, 28, 31, 32, 33, 34, 37, 38, 41, 42, 43, 44, 45, 47, 48",0,0,False,-,6.45,sparse_annotation,"missing_codes(+1.45), sparse_annotation(+5.0)"
259,train_quadrant_enumeration_disease_414,train_74.png,train_quadrant_enumeration_disease,3,0,-,29,"11, 12, 13, 14, 15, 16, 17, 18, 21, 22, 23, 24, 25, 26, 27, 28, 31, 32, 33, 35, 36, 37, 38, 41, 42, 43, 44, 45, 48",0,0,False,-,6.45,sparse_annotation,"missing_codes(+1.45), sparse_annotation(+5.0)"
260,train_quadrant_enumeration_disease_537,train_126.png,train_quadrant_enumeration_disease,3,0,-,29,"11, 12, 13, 14, 15, 17, 21, 22, 23, 24, 25, 26, 27, 28, 31, 32, 33, 34, 35, 36, 37, 38, 41, 42, 43, 44, 45, 46, 47",0,0,False,-,6.45,sparse_annotation,"missing_codes(+1.45), sparse_annotation(+5.0)"
261,train_quadrant_enumeration_disease_538,train_432.png,train_quadrant_enumeration_disease,3,0,-,29,"11, 12, 13, 14, 15, 17, 18, 21, 22, 23, 24, 25, 27, 28, 31, 32, 33, 34, 35, 36, 38, 41, 42, 43, 44, 45, 46, 47, 48",0,0,False,-,6.45,sparse_annotation,"missing_codes(+1.45), sparse_annotation(+5.0)"
262,train_quadrant_enumeration_disease_541,train_443.png,train_quadrant_enumeration_disease,3,0,-,29,"11, 12, 13, 14, 15, 16, 17, 18, 21, 22, 23, 24, 25, 26, 27, 28, 31, 32, 33, 35, 36, 37, 38, 41, 42, 43, 46, 47, 48",0,0,False,-,6.45,sparse_annotation,"missing_codes(+1.45), sparse_annotation(+5.0)"
263,train_quadrant_enumeration_disease_527,train_554.png,train_quadrant_enumeration_disease,3,0,-,29,"11, 12, 13, 14, 15, 16, 17, 18, 21, 22, 23, 24, 25, 26, 27, 28, 31, 32, 33, 34, 35, 36, 41, 42, 43, 44, 45, 46, 48",0,0,False,-,6.45,sparse_annotation,"missing_codes(+1.45), sparse_annotation(+5.0)"
264,train_quadrant_enumeration_disease_51,train_311.png,train_quadrant_enumeration_disease,3,0,-,29,"11, 12, 13, 14, 15, 17, 18, 21, 22, 23, 24, 25, 26, 27, 28, 31, 32, 33, 34, 37, 38, 41, 42, 43, 44, 45, 46, 47, 48",0,0,False,-,6.45,sparse_annotation,"missing_codes(+1.45), sparse_annotation(+5.0)"
265,train_quadrant_enumeration_disease_508,train_91.png,train_quadrant_enumeration_disease,3,0,-,29,"11, 12, 13, 14, 15, 17, 18, 21, 22, 23, 24, 25, 26, 27, 28, 31, 32, 33, 34, 35, 36, 38, 41, 42, 43, 45, 46, 47, 48",0,0,False,-,6.45,sparse_annotation,"missing_codes(+1.45), sparse_annotation(+5.0)"
266,train_quadrant_enumeration_disease_507,train_28.png,train_quadrant_enumeration_disease,3,0,-,29,"11, 12, 13, 14, 15, 16, 17, 18, 21, 22, 23, 24, 25, 26, 28, 31, 32, 33, 34, 35, 36, 37, 38, 41, 42, 43, 44, 45, 48",0,0,False,-,6.45,sparse_annotation,"missing_codes(+1.45), sparse_annotation(+5.0)"
267,train_quadrant_enumeration_disease_553,train_184.png,train_quadrant_enumeration_disease,3,0,-,29,"11, 12, 13, 14, 17, 18, 21, 22, 23, 24, 25, 26, 27, 28, 31, 32, 33, 34, 35, 36, 38, 41, 42, 43, 44, 45, 46, 47, 48",0,0,False,-,6.45,sparse_annotation,"missing_codes(+1.45), sparse_annotation(+5.0)"
268,train_quadrant_enumeration_disease_559,train_598.png,train_quadrant_enumeration_disease,3,0,-,29,"11, 12, 13, 14, 15, 16, 17, 18, 21, 22, 23, 24, 25, 26, 27, 31, 32, 33, 34, 35, 36, 37, 41, 42, 43, 44, 45, 46, 48",0,0,False,-,6.45,sparse_annotation,"missing_codes(+1.45), sparse_annotation(+5.0)"
269,train_quadrant_enumeration_disease_491,train_352.png,train_quadrant_enumeration_disease,3,0,-,29,"11, 12, 13, 14, 15, 17, 18, 21, 22, 23, 25, 26, 27, 28, 31, 32, 33, 34, 35, 36, 37, 38, 41, 42, 43, 44, 45, 46, 47",0,0,False,-,6.45,sparse_annotation,"missing_codes(+1.45), sparse_annotation(+5.0)"
270,train_quadrant_enumeration_disease_486,train_96.png,train_quadrant_enumeration_disease,3,0,-,29,"11, 12, 13, 14, 15, 16, 17, 18, 21, 22, 23, 25, 26, 27, 28, 31, 32, 33, 34, 35, 36, 37, 38, 41, 42, 43, 44, 45, 47",0,0,False,-,6.45,sparse_annotation,"missing_codes(+1.45), sparse_annotation(+5.0)"
271,train_quadrant_enumeration_disease_482,train_448.png,train_quadrant_enumeration_disease,3,0,-,29,"11, 12, 13, 14, 15, 17, 18, 21, 22, 23, 24, 25, 26, 27, 28, 31, 32, 33, 34, 35, 36, 37, 38, 41, 42, 43, 44, 45, 48",0,0,False,-,6.45,sparse_annotation,"missing_codes(+1.45), sparse_annotation(+5.0)"
272,train_quadrant_enumeration_disease_480,train_414.png,train_quadrant_enumeration_disease,3,0,-,29,"11, 12, 13, 14, 15, 16, 17, 18, 21, 22, 23, 24, 26, 28, 31, 32, 33, 34, 35, 36, 38, 41, 42, 43, 44, 45, 46, 47, 48",0,0,False,-,6.45,sparse_annotation,"missing_codes(+1.45), sparse_annotation(+5.0)"
273,train_quadrant_enumeration_disease_479,train_425.png,train_quadrant_enumeration_disease,3,0,-,29,"11, 12, 13, 14, 15, 16, 17, 18, 21, 22, 23, 24, 25, 26, 27, 28, 31, 32, 33, 34, 35, 36, 37, 41, 42, 43, 44, 45, 46",0,0,False,-,6.45,sparse_annotation,"missing_codes(+1.45), sparse_annotation(+5.0)"
274,train_quadrant_enumeration_disease_572,train_47.png,train_quadrant_enumeration_disease,3,0,-,29,"11, 12, 13, 14, 15, 16, 17, 18, 21, 22, 23, 24, 25, 26, 27, 28, 31, 32, 33, 34, 35, 36, 38, 41, 42, 43, 44, 45, 46",0,0,False,-,6.45,sparse_annotation,"missing_codes(+1.45), sparse_annotation(+5.0)"
275,train_quadrant_enumeration_disease_474,train_375.png,train_quadrant_enumeration_disease,3,0,-,29,"11, 12, 13, 15, 16, 17, 18, 21, 22, 23, 24, 25, 26, 27, 28, 31, 32, 33, 34, 35, 36, 37, 38, 41, 42, 43, 46, 47, 48",0,0,False,-,6.45,sparse_annotation,"missing_codes(+1.45), sparse_annotation(+5.0)"
276,train_quadrant_enumeration_disease_469,train_226.png,train_quadrant_enumeration_disease,3,0,-,29,"11, 12, 13, 14, 15, 16, 17, 18, 21, 22, 23, 24, 25, 26, 27, 28, 31, 32, 33, 36, 37, 38, 41, 42, 43, 44, 45, 46, 48",0,0,False,-,6.45,sparse_annotation,"missing_codes(+1.45), sparse_annotation(+5.0)"
277,train_quadrant_enumeration_disease_577,train_131.png,train_quadrant_enumeration_disease,3,0,-,29,"11, 12, 13, 14, 15, 16, 17, 18, 21, 22, 23, 24, 25, 26, 27, 28, 31, 32, 33, 34, 35, 36, 37, 41, 42, 43, 44, 45, 46",0,0,False,-,6.45,sparse_annotation,"missing_codes(+1.45), sparse_annotation(+5.0)"
278,train_quadrant_enumeration_disease_465,train_76.png,train_quadrant_enumeration_disease,3,0,-,29,"11, 12, 13, 14, 15, 16, 17, 18, 21, 22, 23, 24, 25, 26, 28, 31, 32, 33, 34, 35, 38, 41, 42, 43, 44, 45, 46, 47, 48",0,0,False,-,6.45,sparse_annotation,"missing_codes(+1.45), sparse_annotation(+5.0)"
279,train_quadrant_enumeration_disease_584,train_684.png,train_quadrant_enumeration_disease,3,0,-,29,"11, 12, 13, 16, 17, 18, 21, 22, 23, 24, 25, 27, 28, 31, 32, 33, 34, 35, 36, 37, 38, 41, 42, 43, 44, 45, 46, 47, 48",0,0,False,-,6.45,sparse_annotation,"missing_codes(+1.45), sparse_annotation(+5.0)"
280,train_quadrant_enumeration_disease_594,train_537.png,train_quadrant_enumeration_disease,3,0,-,29,"11, 12, 14, 16, 17, 18, 21, 22, 23, 24, 25, 26, 27, 28, 31, 32, 34, 35, 36, 37, 38, 41, 42, 43, 44, 45, 46, 47, 48",0,0,False,-,6.45,sparse_annotation,"missing_codes(+1.45), sparse_annotation(+5.0)"
281,train_quadrant_enumeration_disease_599,train_278.png,train_quadrant_enumeration_disease,3,0,-,29,"11, 12, 13, 14, 15, 17, 18, 21, 22, 23, 25, 26, 27, 28, 31, 32, 33, 34, 36, 37, 38, 41, 42, 43, 44, 45, 46, 47, 48",0,0,False,-,6.45,sparse_annotation,"missing_codes(+1.45), sparse_annotation(+5.0)"
282,train_quadrant_enumeration_disease_445,train_594.png,train_quadrant_enumeration_disease,3,0,-,29,"11, 12, 13, 14, 15, 17, 18, 21, 22, 23, 24, 25, 26, 27, 31, 32, 33, 34, 35, 36, 37, 38, 41, 42, 43, 44, 45, 46, 47",0,0,False,-,6.45,sparse_annotation,"missing_codes(+1.45), sparse_annotation(+5.0)"
283,train_quadrant_enumeration_disease_438,train_552.png,train_quadrant_enumeration_disease,3,0,-,29,"11, 12, 13, 14, 16, 17, 18, 21, 22, 23, 24, 25, 27, 28, 31, 32, 33, 34, 35, 36, 37, 41, 42, 43, 44, 45, 46, 47, 48",0,0,False,-,6.45,sparse_annotation,"missing_codes(+1.45), sparse_annotation(+5.0)"
284,train_quadrant_enumeration_disease_433,train_50.png,train_quadrant_enumeration_disease,3,0,-,29,"11, 12, 13, 14, 15, 17, 18, 21, 22, 23, 24, 25, 26, 27, 28, 31, 32, 33, 34, 35, 37, 38, 41, 42, 43, 44, 46, 47, 48",0,0,False,-,6.45,sparse_annotation,"missing_codes(+1.45), sparse_annotation(+5.0)"
285,train_quadrant_enumeration_disease_432,train_382.png,train_quadrant_enumeration_disease,3,0,-,29,"11, 12, 13, 14, 15, 17, 18, 21, 22, 23, 24, 25, 26, 27, 28, 31, 32, 34, 35, 36, 37, 38, 41, 42, 43, 44, 45, 46, 48",0,0,False,-,6.45,sparse_annotation,"missing_codes(+1.45), sparse_annotation(+5.0)"
286,train_quadrant_enumeration_disease_427,train_597.png,train_quadrant_enumeration_disease,3,0,-,29,"11, 12, 13, 14, 15, 16, 17, 18, 21, 22, 23, 24, 25, 26, 28, 31, 32, 33, 34, 35, 38, 41, 42, 43, 44, 45, 46, 47, 48",0,0,False,-,6.45,sparse_annotation,"missing_codes(+1.45), sparse_annotation(+5.0)"
287,train_quadrant_enumeration_disease_611,train_508.png,train_quadrant_enumeration_disease,3,0,-,29,"11, 12, 13, 14, 15, 16, 17, 18, 21, 22, 23, 24, 25, 26, 27, 28, 31, 32, 33, 34, 35, 36, 37, 41, 42, 43, 44, 46, 48",0,0,False,-,6.45,sparse_annotation,"missing_codes(+1.45), sparse_annotation(+5.0)"
288,train_quadrant_enumeration_disease_416,train_660.png,train_quadrant_enumeration_disease,3,0,-,29,"11, 12, 13, 14, 15, 16, 17, 21, 22, 23, 24, 25, 26, 27, 28, 31, 32, 33, 34, 35, 36, 37, 41, 42, 43, 44, 45, 46, 48",0,0,False,-,6.45,sparse_annotation,"missing_codes(+1.45), sparse_annotation(+5.0)"
289,train_quadrant_enumeration_disease_72,train_630.png,train_quadrant_enumeration_disease,3,0,-,29,"11, 12, 13, 14, 15, 16, 17, 21, 22, 23, 24, 25, 26, 27, 28, 31, 32, 33, 34, 35, 36, 37, 38, 41, 42, 43, 44, 45, 47",0,0,False,-,6.45,sparse_annotation,"missing_codes(+1.45), sparse_annotation(+5.0)"
290,train_quadrant_enumeration_disease_53,train_225.png,train_quadrant_enumeration_disease,3,0,-,29,"11, 12, 13, 14, 15, 16, 17, 18, 21, 22, 23, 24, 25, 27, 28, 31, 32, 33, 34, 35, 36, 37, 41, 42, 43, 44, 45, 46, 47",0,0,False,-,6.45,sparse_annotation,"missing_codes(+1.45), sparse_annotation(+5.0)"
291,train_quadrant_enumeration_disease_92,train_108.png,train_quadrant_enumeration_disease,3,0,-,29,"11, 12, 13, 14, 15, 16, 17, 18, 21, 22, 23, 24, 25, 28, 31, 32, 33, 34, 35, 36, 37, 38, 41, 42, 43, 44, 45, 47, 48",0,0,False,-,6.45,sparse_annotation,"missing_codes(+1.45), sparse_annotation(+5.0)"
292,validation_triple_46,val_11.png,validation_triple,3,0,-,29,"13, 14, 15, 16, 17, 18, 22, 23, 24, 25, 26, 27, 28, 31, 32, 33, 34, 35, 36, 37, 38, 41, 42, 43, 44, 45, 46, 47, 48",0,0,False,-,6.45,sparse_annotation,"missing_codes(+1.45), sparse_annotation(+5.0)"
293,train_quadrant_enumeration_disease_320,train_376.png,train_quadrant_enumeration_disease,3,0,-,29,"11, 12, 13, 14, 15, 16, 17, 18, 21, 22, 23, 24, 25, 26, 27, 28, 31, 32, 33, 34, 35, 36, 41, 42, 43, 44, 45, 46, 48",0,0,False,-,6.45,sparse_annotation,"missing_codes(+1.45), sparse_annotation(+5.0)"
294,validation_triple_27,val_49.png,validation_triple,3,0,-,29,"11, 12, 13, 14, 17, 18, 21, 22, 23, 24, 26, 27, 28, 31, 32, 33, 34, 35, 36, 37, 38, 41, 42, 43, 44, 45, 46, 47, 48",0,0,False,-,6.45,sparse_annotation,"missing_codes(+1.45), sparse_annotation(+5.0)"
295,train_quadrant_enumeration_disease_286,train_421.png,train_quadrant_enumeration_disease,3,0,-,29,"11, 12, 13, 14, 15, 16, 18, 21, 22, 23, 24, 25, 27, 31, 32, 33, 34, 35, 36, 37, 38, 41, 42, 43, 44, 45, 46, 47, 48",0,0,False,-,6.45,sparse_annotation,"missing_codes(+1.45), sparse_annotation(+5.0)"
296,train_quadrant_enumeration_disease_87,train_687.png,train_quadrant_enumeration_disease,3,0,-,29,"11, 12, 13, 14, 15, 16, 21, 22, 23, 24, 25, 26, 27, 28, 31, 32, 33, 34, 35, 36, 37, 38, 41, 42, 43, 44, 45, 46, 47",0,0,False,-,6.45,sparse_annotation,"missing_codes(+1.45), sparse_annotation(+5.0)"
297,train_quadrant_enumeration_disease_319,train_648.png,train_quadrant_enumeration_disease,3,0,-,29,"11, 12, 13, 14, 15, 17, 18, 21, 22, 23, 24, 25, 26, 27, 28, 31, 32, 33, 34, 35, 36, 37, 38, 41, 42, 43, 44, 45, 46",0,0,False,-,6.45,sparse_annotation,"missing_codes(+1.45), sparse_annotation(+5.0)"
298,train_quadrant_enumeration_disease_81,train_518.png,train_quadrant_enumeration_disease,3,0,-,29,"11, 13, 14, 15, 16, 17, 18, 21, 22, 23, 24, 25, 26, 27, 28, 31, 32, 33, 34, 36, 37, 38, 41, 42, 43, 44, 45, 46, 48",0,0,False,-,6.45,sparse_annotation,"missing_codes(+1.45), sparse_annotation(+5.0)"
299,train_quadrant_enumeration_disease_331,train_40.png,train_quadrant_enumeration_disease,3,0,-,29,"11, 12, 13, 14, 15, 16, 17, 21, 22, 23, 24, 25, 26, 28, 31, 32, 33, 34, 35, 36, 37, 38, 41, 42, 43, 44, 45, 46, 48",0,0,False,-,6.45,sparse_annotation,"missing_codes(+1.45), sparse_annotation(+5.0)"
300,train_quadrant_enumeration_disease_305,train_576.png,train_quadrant_enumeration_disease,3,0,-,29,"11, 12, 13, 14, 15, 17, 18, 21, 23, 24, 25, 26, 27, 28, 31, 32, 33, 34, 35, 36, 37, 38, 42, 43, 44, 45, 46, 47, 48",0,0,False,-,6.45,sparse_annotation,"missing_codes(+1.45), sparse_annotation(+5.0)"
301,validation_triple_45,val_35.png,validation_triple,3,0,-,29,"11, 12, 13, 14, 15, 16, 17, 18, 21, 22, 23, 24, 25, 26, 27, 28, 31, 32, 33, 34, 35, 36, 37, 41, 42, 43, 44, 45, 48",0,0,False,-,6.45,sparse_annotation,"missing_codes(+1.45), sparse_annotation(+5.0)"
302,train_quadrant_enumeration_disease_361,train_253.png,train_quadrant_enumeration_disease,3,0,-,29,"11, 12, 13, 15, 16, 17, 18, 21, 22, 23, 24, 25, 26, 27, 28, 31, 32, 33, 34, 35, 37, 38, 41, 42, 43, 44, 46, 47, 48",0,0,False,-,6.45,sparse_annotation,"missing_codes(+1.45), sparse_annotation(+5.0)"
303,train_quadrant_enumeration_disease_278,train_373.png,train_quadrant_enumeration_disease,3,0,-,29,"11, 12, 13, 14, 15, 17, 18, 21, 22, 23, 24, 25, 26, 27, 28, 31, 32, 33, 34, 35, 37, 38, 41, 42, 43, 44, 45, 46, 48",0,0,False,-,6.45,sparse_annotation,"missing_codes(+1.45), sparse_annotation(+5.0)"
304,train_quadrant_enumeration_disease_357,train_476.png,train_quadrant_enumeration_disease,3,0,-,29,"11, 12, 13, 15, 16, 17, 18, 21, 22, 23, 24, 25, 26, 27, 28, 31, 32, 33, 34, 36, 38, 41, 42, 43, 44, 45, 46, 47, 48",0,0,False,-,6.45,sparse_annotation,"missing_codes(+1.45), sparse_annotation(+5.0)"
305,validation_triple_50,val_0.png,validation_triple,3,0,-,29,"11, 12, 13, 14, 15, 16, 17, 21, 22, 23, 24, 25, 26, 27, 28, 31, 32, 33, 34, 35, 36, 38, 41, 42, 43, 44, 45, 46, 48",0,0,False,-,6.45,sparse_annotation,"missing_codes(+1.45), sparse_annotation(+5.0)"
306,train_quadrant_enumeration_disease_276,train_88.png,train_quadrant_enumeration_disease,3,0,-,29,"11, 12, 13, 14, 15, 16, 17, 18, 21, 22, 23, 24, 25, 26, 28, 31, 32, 33, 34, 35, 36, 37, 38, 41, 42, 43, 44, 45, 48",0,0,False,-,6.45,sparse_annotation,"missing_codes(+1.45), sparse_annotation(+5.0)"
307,train_quadrant_enumeration_disease_300,train_584.png,train_quadrant_enumeration_disease,3,0,-,29,"11, 12, 13, 14, 15, 16, 17, 18, 21, 22, 23, 24, 25, 27, 28, 31, 32, 33, 34, 35, 37, 38, 41, 42, 43, 44, 45, 46, 48",0,0,False,-,6.45,sparse_annotation,"missing_codes(+1.45), sparse_annotation(+5.0)"
308,validation_triple_47,val_12.png,validation_triple,3,0,-,29,"11, 12, 13, 14, 15, 16, 21, 22, 23, 24, 25, 26, 27, 31, 32, 33, 34, 35, 36, 37, 38, 41, 42, 43, 44, 45, 46, 47, 48",0,0,False,-,6.45,sparse_annotation,"missing_codes(+1.45), sparse_annotation(+5.0)"
309,train_quadrant_enumeration_disease_296,train_703.png,train_quadrant_enumeration_disease,3,0,-,29,"11, 12, 13, 14, 15, 16, 17, 18, 21, 22, 23, 24, 25, 26, 27, 31, 32, 33, 34, 35, 36, 37, 41, 42, 43, 44, 45, 46, 47",0,0,False,-,6.45,sparse_annotation,"missing_codes(+1.45), sparse_annotation(+5.0)"
310,validation_triple_48,val_7.png,validation_triple,3,0,-,29,"11, 12, 13, 14, 15, 16, 17, 18, 21, 22, 23, 24, 25, 26, 27, 28, 31, 32, 33, 34, 35, 36, 37, 41, 42, 43, 44, 45, 47",0,0,False,-,6.45,sparse_annotation,"missing_codes(+1.45), sparse_annotation(+5.0)"
311,train_quadrant_enumeration_disease_294,train_286.png,train_quadrant_enumeration_disease,3,0,-,29,"11, 12, 13, 14, 15, 16, 17, 18, 21, 22, 23, 24, 25, 26, 27, 28, 31, 32, 33, 34, 36, 38, 41, 42, 43, 44, 45, 46, 47",0,0,False,-,6.45,sparse_annotation,"missing_codes(+1.45), sparse_annotation(+5.0)"
312,train_quadrant_enumeration_disease_340,train_133.png,train_quadrant_enumeration_disease,3,0,-,29,"11, 13, 14, 15, 16, 17, 18, 21, 22, 23, 24, 26, 27, 28, 31, 32, 33, 34, 35, 36, 37, 38, 41, 42, 43, 44, 45, 46, 48",0,0,False,-,6.45,sparse_annotation,"missing_codes(+1.45), sparse_annotation(+5.0)"
313,train_quadrant_enumeration_disease_298,train_304.png,train_quadrant_enumeration_disease,3,0,-,29,"11, 12, 13, 14, 15, 16, 17, 18, 21, 22, 23, 24, 25, 26, 31, 32, 33, 34, 35, 36, 38, 41, 42, 43, 44, 45, 46, 47, 48",0,0,False,-,6.45,sparse_annotation,"missing_codes(+1.45), sparse_annotation(+5.0)"
314,train_quadrant_enumeration_disease_604,train_354.png,train_quadrant_enumeration_disease,4,0,-,28,"11, 12, 13, 14, 15, 17, 21, 22, 23, 24, 25, 26, 27, 28, 31, 32, 33, 34, 35, 36, 37, 38, 41, 42, 43, 44, 45, 47",0,0,False,-,6.4,sparse_annotation,"missing_codes(+1.40), sparse_annotation(+5.0)"
315,train_quadrant_enumeration_disease_417,train_526.png,train_quadrant_enumeration_disease,4,0,-,28,"11, 12, 13, 14, 17, 18, 21, 22, 23, 24, 26, 27, 28, 31, 32, 33, 34, 36, 37, 38, 41, 42, 43, 44, 45, 46, 47, 48",0,0,False,-,6.4,sparse_annotation,"missing_codes(+1.40), sparse_annotation(+5.0)"
316,validation_triple_26,val_8.png,validation_triple,4,0,-,28,"11, 12, 13, 14, 15, 17, 18, 21, 22, 23, 24, 25, 26, 27, 31, 32, 33, 34, 35, 38, 41, 42, 43, 44, 45, 46, 47, 48",0,0,False,-,6.4,sparse_annotation,"missing_codes(+1.40), sparse_annotation(+5.0)"
317,train_quadrant_enumeration_disease_429,train_215.png,train_quadrant_enumeration_disease,4,0,-,28,"11, 12, 13, 14, 15, 16, 18, 21, 22, 23, 24, 25, 26, 27, 28, 31, 32, 33, 34, 35, 37, 38, 41, 42, 43, 44, 45, 48",0,0,False,-,6.4,sparse_annotation,"missing_codes(+1.40), sparse_annotation(+5.0)"
318,train_quadrant_enumeration_disease_636,train_667.png,train_quadrant_enumeration_disease,4,0,-,28,"11, 12, 13, 14, 15, 16, 17, 18, 21, 22, 23, 24, 25, 26, 28, 31, 32, 33, 34, 35, 36, 37, 41, 42, 43, 44, 45, 47",0,0,False,-,6.4,sparse_annotation,"missing_codes(+1.40), sparse_annotation(+5.0)"
319,train_quadrant_enumeration_disease_431,train_403.png,train_quadrant_enumeration_disease,4,0,-,28,"11, 12, 13, 14, 15, 16, 17, 18, 21, 22, 23, 24, 25, 26, 27, 28, 31, 32, 33, 34, 36, 38, 41, 42, 43, 44, 46, 48",0,0,False,-,6.4,sparse_annotation,"missing_codes(+1.40), sparse_annotation(+5.0)"
320,train_quadrant_enumeration_disease_644,train_601.png,train_quadrant_enumeration_disease,4,0,-,28,"11, 12, 13, 14, 15, 16, 17, 18, 21, 22, 23, 24, 26, 28, 31, 32, 33, 34, 35, 38, 41, 42, 43, 44, 45, 46, 47, 48",0,0,False,-,6.4,sparse_annotation,"missing_codes(+1.40), sparse_annotation(+5.0)"
321,train_quadrant_enumeration_disease_602,train_633.png,train_quadrant_enumeration_disease,4,0,-,28,"11, 12, 13, 14, 15, 16, 17, 21, 22, 23, 24, 25, 26, 31, 32, 33, 34, 35, 36, 37, 41, 42, 43, 44, 45, 46, 47, 48",0,0,False,-,6.4,sparse_annotation,"missing_codes(+1.40), sparse_annotation(+5.0)"
322,train_quadrant_enumeration_disease_94,train_309.png,train_quadrant_enumeration_disease,4,0,-,28,"11, 12, 13, 14, 15, 16, 17, 21, 22, 23, 24, 25, 27, 31, 32, 33, 34, 35, 36, 38, 41, 42, 43, 44, 45, 46, 47, 48",0,0,False,-,6.4,sparse_annotation,"missing_codes(+1.40), sparse_annotation(+5.0)"
323,validation_triple_23,val_6.png,validation_triple,4,0,-,28,"11, 12, 13, 14, 15, 16, 17, 18, 21, 22, 23, 24, 25, 26, 27, 31, 32, 33, 34, 35, 36, 41, 42, 43, 44, 45, 46, 47",0,0,False,-,6.4,sparse_annotation,"missing_codes(+1.40), sparse_annotation(+5.0)"
324,train_quadrant_enumeration_disease_102,train_223.png,train_quadrant_enumeration_disease,4,0,-,28,"11, 12, 13, 14, 15, 16, 18, 21, 22, 23, 24, 25, 26, 27, 31, 32, 33, 34, 35, 36, 41, 42, 43, 44, 45, 46, 47, 48",0,0,False,-,6.4,sparse_annotation,"missing_codes(+1.40), sparse_annotation(+5.0)"
325,train_quadrant_enumeration_disease_612,train_522.png,train_quadrant_enumeration_disease,4,0,-,28,"11, 12, 13, 14, 15, 16, 18, 21, 22, 23, 24, 25, 27, 28, 31, 32, 33, 34, 35, 36, 37, 38, 41, 42, 43, 44, 45, 46",0,0,False,-,6.4,sparse_annotation,"missing_codes(+1.40), sparse_annotation(+5.0)"
326,train_quadrant_enumeration_disease_10,train_31.png,train_quadrant_enumeration_disease,4,0,-,28,"11, 12, 13, 14, 15, 16, 17, 18, 21, 22, 24, 25, 26, 27, 28, 31, 32, 33, 34, 35, 37, 41, 42, 43, 44, 45, 47, 48",0,0,False,-,6.4,sparse_annotation,"missing_codes(+1.40), sparse_annotation(+5.0)"
327,train_quadrant_enumeration_disease_360,train_248.png,train_quadrant_enumeration_disease,4,0,-,28,"11, 12, 13, 14, 15, 17, 18, 21, 22, 23, 24, 25, 26, 28, 31, 32, 33, 34, 35, 37, 38, 41, 42, 43, 44, 46, 47, 48",0,0,False,-,6.4,sparse_annotation,"missing_codes(+1.40), sparse_annotation(+5.0)"
328,train_quadrant_enumeration_disease_126,train_466.png,train_quadrant_enumeration_disease,4,0,-,28,"11, 12, 13, 14, 15, 16, 21, 22, 23, 24, 25, 26, 27, 28, 31, 32, 33, 34, 35, 36, 38, 41, 42, 43, 44, 45, 46, 48",0,0,False,-,6.4,sparse_annotation,"missing_codes(+1.40), sparse_annotation(+5.0)"
329,train_quadrant_enumeration_disease_620,train_222.png,train_quadrant_enumeration_disease,4,0,-,28,"11, 12, 13, 14, 15, 16, 17, 21, 22, 23, 24, 25, 27, 28, 31, 32, 33, 34, 35, 37, 38, 41, 42, 43, 44, 45, 47, 48",0,0,False,-,6.4,sparse_annotation,"missing_codes(+1.40), sparse_annotation(+5.0)"
330,train_quadrant_enumeration_disease_413,train_626.png,train_quadrant_enumeration_disease,4,0,-,28,"11, 12, 13, 14, 15, 16, 17, 21, 22, 23, 24, 25, 27, 31, 32, 33, 34, 35, 36, 37, 38, 41, 42, 43, 44, 45, 46, 47",0,0,False,-,6.4,sparse_annotation,"missing_codes(+1.40), sparse_annotation(+5.0)"
331,train_quadrant_enumeration_disease_110,train_112.png,train_quadrant_enumeration_disease,4,0,-,28,"11, 12, 13, 14, 15, 18, 21, 22, 23, 24, 25, 26, 27, 28, 31, 32, 33, 34, 36, 37, 38, 41, 42, 43, 44, 46, 47, 48",0,0,False,-,6.4,sparse_annotation,"missing_codes(+1.40), sparse_annotation(+5.0)"
332,train_quadrant_enumeration_disease_364,train_649.png,train_quadrant_enumeration_disease,4,0,-,28,"11, 12, 13, 14, 15, 16, 17, 18, 21, 22, 23, 24, 26, 27, 28, 31, 32, 33, 35, 37, 41, 42, 43, 44, 45, 46, 47, 48",0,0,False,-,6.4,sparse_annotation,"missing_codes(+1.40), sparse_annotation(+5.0)"
333,validation_triple_18,val_44.png,validation_triple,4,0,-,28,"11, 12, 13, 14, 15, 17, 18, 21, 23, 24, 25, 26, 27, 28, 31, 32, 33, 34, 35, 36, 38, 41, 42, 43, 44, 45, 46, 48",0,0,False,-,6.4,sparse_annotation,"missing_codes(+1.40), sparse_annotation(+5.0)"
334,train_quadrant_enumeration_disease_44,train_682.png,train_quadrant_enumeration_disease,4,0,-,28,"11, 12, 13, 14, 15, 16, 18, 21, 22, 23, 24, 25, 26, 27, 31, 32, 33, 35, 36, 37, 38, 41, 42, 43, 44, 46, 47, 48",0,0,False,-,6.4,sparse_annotation,"missing_codes(+1.40), sparse_annotation(+5.0)"
335,train_quadrant_enumeration_disease_116,train_86.png,train_quadrant_enumeration_disease,4,0,-,28,"11, 13, 14, 15, 17, 18, 21, 22, 23, 24, 25, 26, 27, 28, 31, 32, 33, 34, 35, 36, 37, 41, 42, 43, 44, 45, 46, 47",0,0,False,-,6.4,sparse_annotation,"missing_codes(+1.40), sparse_annotation(+5.0)"
336,train_quadrant_enumeration_disease_304,train_528.png,train_quadrant_enumeration_disease,4,0,-,28,"11, 12, 13, 14, 15, 16, 17, 18, 21, 22, 23, 24, 26, 27, 28, 31, 32, 33, 34, 35, 37, 41, 42, 43, 44, 45, 46, 47",0,0,False,-,6.4,sparse_annotation,"missing_codes(+1.40), sparse_annotation(+5.0)"
337,train_quadrant_enumeration_disease_435,train_337.png,train_quadrant_enumeration_disease,4,0,-,28,"11, 12, 13, 14, 15, 16, 18, 21, 22, 23, 24, 25, 26, 27, 28, 31, 32, 33, 34, 35, 36, 38, 41, 42, 44, 45, 46, 48",0,0,False,-,6.4,sparse_annotation,"missing_codes(+1.40), sparse_annotation(+5.0)"
338,train_quadrant_enumeration_disease_76,train_441.png,train_quadrant_enumeration_disease,4,0,-,28,"11, 12, 13, 14, 15, 16, 17, 18, 21, 22, 23, 24, 26, 28, 31, 32, 33, 34, 35, 37, 38, 41, 42, 43, 44, 45, 46, 47",0,0,False,-,6.4,sparse_annotation,"missing_codes(+1.40), sparse_annotation(+5.0)"
339,validation_triple_30,val_43.png,validation_triple,4,0,-,28,"11, 12, 13, 15, 21, 22, 23, 24, 25, 26, 27, 28, 31, 32, 33, 34, 35, 36, 37, 38, 41, 42, 43, 44, 45, 46, 47, 48",0,0,False,-,6.4,sparse_annotation,"missing_codes(+1.40), sparse_annotation(+5.0)"
340,train_quadrant_enumeration_disease_568,train_426.png,train_quadrant_enumeration_disease,4,0,-,28,"11, 12, 13, 14, 15, 21, 22, 23, 24, 25, 26, 27, 28, 31, 32, 33, 34, 35, 36, 37, 38, 41, 42, 43, 44, 45, 46, 48",0,0,False,-,6.4,sparse_annotation,"missing_codes(+1.40), sparse_annotation(+5.0)"
341,train_quadrant_enumeration_disease_485,train_208.png,train_quadrant_enumeration_disease,4,0,-,28,"11, 12, 13, 14, 15, 16, 17, 18, 21, 22, 23, 24, 25, 26, 27, 28, 31, 32, 35, 36, 41, 42, 43, 44, 45, 46, 47, 48",0,0,False,-,6.4,sparse_annotation,"missing_codes(+1.40), sparse_annotation(+5.0)"
342,train_quadrant_enumeration_disease_489,train_99.png,train_quadrant_enumeration_disease,4,0,-,28,"11, 12, 13, 14, 15, 16, 17, 21, 22, 24, 25, 26, 27, 28, 31, 32, 33, 34, 35, 37, 38, 41, 42, 43, 44, 45, 46, 47",0,0,False,-,6.4,sparse_annotation,"missing_codes(+1.40), sparse_annotation(+5.0)"
343,train_quadrant_enumeration_disease_49,train_568.png,train_quadrant_enumeration_disease,4,0,-,28,"11, 12, 13, 14, 15, 16, 17, 18, 21, 22, 23, 25, 28, 31, 32, 33, 34, 35, 36, 37, 38, 41, 42, 43, 44, 45, 46, 47",0,0,False,-,6.4,sparse_annotation,"missing_codes(+1.40), sparse_annotation(+5.0)"
344,train_quadrant_enumeration_disease_490,train_48.png,train_quadrant_enumeration_disease,4,0,-,28,"11, 12, 13, 14, 15, 16, 17, 21, 22, 23, 24, 25, 26, 31, 32, 33, 34, 35, 36, 37, 38, 41, 42, 43, 44, 45, 47, 48",0,0,False,-,6.4,sparse_annotation,"missing_codes(+1.40), sparse_annotation(+5.0)"
345,train_quadrant_enumeration_disease_494,train_89.png,train_quadrant_enumeration_disease,4,0,-,28,"11, 12, 13, 14, 17, 18, 21, 22, 23, 24, 25, 26, 31, 32, 33, 34, 35, 36, 37, 38, 41, 42, 43, 44, 45, 46, 47, 48",0,0,False,-,6.4,sparse_annotation,"missing_codes(+1.40), sparse_annotation(+5.0)"
346,train_quadrant_enumeration_disease_50,train_493.png,train_quadrant_enumeration_disease,4,0,-,28,"11, 12, 13, 14, 17, 18, 21, 22, 23, 24, 25, 27, 28, 31, 32, 33, 34, 35, 36, 37, 38, 41, 42, 43, 44, 45, 46, 48",0,0,False,-,6.4,sparse_annotation,"missing_codes(+1.40), sparse_annotation(+5.0)"
347,train_quadrant_enumeration_disease_502,train_364.png,train_quadrant_enumeration_disease,4,0,-,28,"11, 12, 13, 14, 15, 16, 17, 18, 21, 22, 23, 24, 27, 28, 31, 32, 33, 34, 35, 36, 37, 41, 42, 43, 44, 45, 46, 47",0,0,False,-,6.4,sparse_annotation,"missing_codes(+1.40), sparse_annotation(+5.0)"
348,train_quadrant_enumeration_disease_557,train_207.png,train_quadrant_enumeration_disease,4,0,-,28,"11, 12, 13, 14, 15, 16, 17, 18, 21, 22, 23, 24, 25, 31, 32, 33, 34, 35, 36, 37, 38, 41, 42, 43, 44, 45, 46, 47",0,0,False,-,6.4,sparse_annotation,"missing_codes(+1.40), sparse_annotation(+5.0)"
349,train_quadrant_enumeration_disease_555,train_72.png,train_quadrant_enumeration_disease,4,0,-,28,"11, 12, 13, 14, 15, 16, 17, 21, 22, 23, 24, 25, 26, 27, 31, 32, 33, 34, 35, 36, 37, 38, 41, 42, 43, 44, 45, 46",0,0,False,-,6.4,sparse_annotation,"missing_codes(+1.40), sparse_annotation(+5.0)"
350,train_quadrant_enumeration_disease_546,train_270.png,train_quadrant_enumeration_disease,4,0,-,28,"11, 12, 13, 14, 15, 16, 21, 22, 23, 24, 26, 27, 28, 31, 32, 33, 35, 36, 37, 38, 41, 42, 43, 44, 45, 46, 47, 48",0,0,False,-,6.4,sparse_annotation,"missing_codes(+1.40), sparse_annotation(+5.0)"
351,train_quadrant_enumeration_disease_545,train_371.png,train_quadrant_enumeration_disease,4,0,-,28,"11, 12, 13, 14, 15, 17, 21, 22, 23, 24, 25, 26, 27, 31, 32, 33, 34, 35, 36, 37, 38, 41, 42, 43, 44, 45, 47, 48",0,0,False,-,6.4,sparse_annotation,"missing_codes(+1.40), sparse_annotation(+5.0)"
352,validation_triple_49,val_22.png,validation_triple,4,0,-,28,"11, 12, 13, 14, 18, 21, 22, 23, 24, 25, 26, 28, 31, 32, 33, 34, 35, 36, 37, 38, 41, 42, 43, 44, 45, 46, 47, 48",0,0,False,-,6.4,sparse_annotation,"missing_codes(+1.40), sparse_annotation(+5.0)"
353,train_quadrant_enumeration_disease_542,train_533.png,train_quadrant_enumeration_disease,4,0,-,28,"11, 12, 13, 14, 15, 16, 18, 21, 22, 23, 24, 25, 26, 27, 28, 31, 32, 33, 34, 35, 37, 38, 41, 42, 43, 44, 46, 48",0,0,False,-,6.4,sparse_annotation,"missing_codes(+1.40), sparse_annotation(+5.0)"
354,train_quadrant_enumeration_disease_54,train_482.png,train_quadrant_enumeration_disease,4,0,-,28,"11, 12, 13, 14, 15, 16, 17, 21, 22, 23, 24, 25, 27, 31, 32, 33, 34, 35, 36, 37, 38, 41, 42, 43, 44, 45, 46, 47",0,0,False,-,6.4,sparse_annotation,"missing_codes(+1.40), sparse_annotation(+5.0)"
355,train_quadrant_enumeration_disease_343,train_483.png,train_quadrant_enumeration_disease,4,0,-,28,"11, 12, 13, 14, 15, 16, 17, 21, 22, 23, 24, 25, 26, 27, 31, 32, 33, 34, 35, 36, 37, 41, 42, 43, 44, 45, 46, 47",0,0,False,-,6.4,sparse_annotation,"missing_codes(+1.40), sparse_annotation(+5.0)"
356,validation_triple_42,val_4.png,validation_triple,4,0,-,28,"13, 14, 15, 16, 17, 18, 23, 24, 25, 26, 27, 28, 31, 32, 33, 34, 35, 36, 37, 38, 41, 42, 43, 44, 45, 46, 47, 48",0,0,False,-,6.4,sparse_annotation,"missing_codes(+1.40), sparse_annotation(+5.0)"
357,validation_triple_40,val_45.png,validation_triple,4,0,-,28,"11, 12, 13, 15, 16, 17, 18, 21, 22, 23, 24, 25, 26, 27, 28, 31, 32, 33, 34, 35, 36, 38, 41, 42, 43, 44, 47, 48",0,0,False,-,6.4,sparse_annotation,"missing_codes(+1.40), sparse_annotation(+5.0)"
358,train_quadrant_enumeration_disease_598,train_307.png,train_quadrant_enumeration_disease,4,0,-,28,"11, 12, 13, 14, 15, 16, 18, 21, 22, 23, 25, 27, 28, 31, 32, 33, 34, 35, 36, 37, 38, 41, 42, 43, 44, 45, 46, 48",0,0,False,-,6.4,sparse_annotation,"missing_codes(+1.40), sparse_annotation(+5.0)"
359,train_quadrant_enumeration_disease_476,train_697.png,train_quadrant_enumeration_disease,4,0,-,28,"11, 12, 13, 14, 16, 17, 18, 21, 22, 23, 24, 27, 28, 31, 32, 33, 34, 36, 37, 38, 41, 42, 43, 44, 45, 46, 47, 48",0,0,False,-,6.4,sparse_annotation,"missing_codes(+1.40), sparse_annotation(+5.0)"
360,train_quadrant_enumeration_disease_450,train_2.png,train_quadrant_enumeration_disease,4,0,-,28,"11, 12, 13, 14, 15, 16, 18, 21, 22, 23, 24, 25, 26, 27, 28, 31, 32, 33, 34, 35, 37, 41, 42, 43, 44, 45, 46, 47",0,0,False,-,6.4,sparse_annotation,"missing_codes(+1.40), sparse_annotation(+5.0)"
361,train_quadrant_enumeration_disease_451,train_439.png,train_quadrant_enumeration_disease,4,0,-,28,"11, 12, 13, 14, 15, 16, 17, 21, 23, 24, 25, 26, 28, 31, 32, 33, 34, 35, 36, 37, 38, 41, 43, 44, 45, 46, 47, 48",0,0,False,-,6.4,sparse_annotation,"missing_codes(+1.40), sparse_annotation(+5.0)"
362,train_quadrant_enumeration_disease_454,train_6.png,train_quadrant_enumeration_disease,4,0,-,28,"11, 12, 13, 14, 15, 16, 17, 18, 21, 22, 23, 24, 25, 26, 27, 28, 33, 34, 35, 36, 37, 38, 43, 44, 45, 46, 47, 48",0,0,False,-,6.4,sparse_annotation,"missing_codes(+1.40), sparse_annotation(+5.0)"
363,train_quadrant_enumeration_disease_646,train_275.png,train_quadrant_enumeration_disease,4,0,-,28,"11, 12, 13, 14, 15, 17, 21, 23, 24, 26, 27, 28, 31, 32, 33, 34, 35, 36, 37, 38, 41, 42, 43, 44, 45, 46, 47, 48",0,0,False,-,6.4,sparse_annotation,"missing_codes(+1.40), sparse_annotation(+5.0)"
364,train_quadrant_enumeration_disease_593,train_419.png,train_quadrant_enumeration_disease,4,0,-,28,"11, 12, 13, 14, 15, 16, 17, 18, 21, 22, 23, 24, 25, 26, 27, 28, 31, 32, 33, 34, 35, 38, 41, 42, 43, 44, 46, 48",0,0,False,-,6.4,sparse_annotation,"missing_codes(+1.40), sparse_annotation(+5.0)"
365,train_quadrant_enumeration_disease_592,train_333.png,train_quadrant_enumeration_disease,4,0,-,28,"11, 12, 13, 15, 16, 17, 18, 21, 22, 23, 24, 25, 27, 28, 31, 32, 33, 34, 35, 36, 41, 42, 43, 44, 45, 46, 47, 48",0,0,False,-,6.4,sparse_annotation,"missing_codes(+1.40), sparse_annotation(+5.0)"
366,train_quadrant_enumeration_disease_589,train_701.png,train_quadrant_enumeration_disease,4,0,-,28,"11, 12, 13, 14, 15, 16, 18, 21, 22, 23, 24, 25, 26, 27, 28, 31, 32, 33, 35, 36, 38, 41, 42, 43, 44, 45, 47, 48",0,0,False,-,6.4,sparse_annotation,"missing_codes(+1.40), sparse_annotation(+5.0)"
367,train_quadrant_enumeration_disease_586,train_316.png,train_quadrant_enumeration_disease,4,0,-,28,"11, 12, 13, 14, 15, 17, 18, 21, 22, 23, 24, 25, 27, 28, 31, 32, 33, 34, 37, 38, 41, 42, 43, 44, 45, 46, 47, 48",0,0,False,-,6.4,sparse_annotation,"missing_codes(+1.40), sparse_annotation(+5.0)"
368,train_quadrant_enumeration_disease_459,train_473.png,train_quadrant_enumeration_disease,4,0,-,28,"11, 12, 13, 14, 15, 16, 17, 18, 21, 22, 23, 24, 25, 26, 27, 31, 32, 33, 35, 36, 38, 41, 42, 43, 44, 45, 46, 47",0,0,False,-,6.4,sparse_annotation,"missing_codes(+1.40), sparse_annotation(+5.0)"
369,validation_triple_34,val_32.png,validation_triple,4,0,-,28,"11, 12, 13, 14, 16, 17, 18, 21, 22, 23, 24, 25, 28, 31, 32, 33, 34, 35, 36, 37, 38, 41, 42, 43, 44, 45, 46, 48",0,0,False,-,6.4,sparse_annotation,"missing_codes(+1.40), sparse_annotation(+5.0)"
370,train_quadrant_enumeration_disease_461,train_361.png,train_quadrant_enumeration_disease,4,0,-,28,"11, 12, 13, 15, 16, 21, 22, 23, 24, 25, 26, 27, 28, 31, 32, 33, 34, 35, 37, 38, 41, 42, 43, 44, 45, 46, 47, 48",0,0,False,-,6.4,sparse_annotation,"missing_codes(+1.40), sparse_annotation(+5.0)"
371,train_quadrant_enumeration_disease_581,train_189.png,train_quadrant_enumeration_disease,4,0,-,28,"11, 12, 13, 14, 15, 16, 17, 21, 22, 23, 24, 25, 26, 27, 28, 31, 32, 33, 34, 35, 36, 41, 42, 43, 45, 46, 47, 48",0,0,False,-,6.4,sparse_annotation,"missing_codes(+1.40), sparse_annotation(+5.0)"
372,train_quadrant_enumeration_disease_580,train_653.png,train_quadrant_enumeration_disease,4,0,-,28,"11, 12, 13, 14, 15, 16, 17, 18, 21, 22, 23, 24, 25, 26, 27, 28, 31, 32, 33, 36, 41, 42, 43, 44, 45, 46, 47, 48",0,0,False,-,6.4,sparse_annotation,"missing_codes(+1.40), sparse_annotation(+5.0)"
373,train_quadrant_enumeration_disease_467,train_69.png,train_quadrant_enumeration_disease,4,0,-,28,"11, 12, 13, 14, 15, 16, 17, 21, 22, 23, 24, 25, 26, 27, 31, 32, 33, 34, 35, 36, 37, 41, 42, 43, 44, 45, 46, 47",0,0,False,-,6.4,sparse_annotation,"missing_codes(+1.40), sparse_annotation(+5.0)"
374,train_quadrant_enumeration_disease_578,train_43.png,train_quadrant_enumeration_disease,4,0,-,28,"11, 12, 13, 14, 15, 17, 21, 22, 23, 24, 25, 26, 27, 28, 31, 32, 33, 34, 35, 36, 41, 42, 43, 44, 45, 46, 47, 48",0,0,False,-,6.4,sparse_annotation,"missing_codes(+1.40), sparse_annotation(+5.0)"
375,train_quadrant_enumeration_disease_327,train_366.png,train_quadrant_enumeration_disease,4,0,-,28,"11, 12, 13, 14, 15, 16, 17, 18, 21, 22, 23, 24, 25, 26, 27, 28, 31, 32, 33, 34, 35, 38, 41, 42, 43, 45, 46, 47",0,0,False,-,6.4,sparse_annotation,"missing_codes(+1.40), sparse_annotation(+5.0)"
376,train_quadrant_enumeration_disease_628,train_399.png,train_quadrant_enumeration_disease,4,0,-,28,"11, 12, 13, 14, 15, 16, 17, 21, 22, 23, 24, 25, 26, 27, 28, 31, 32, 33, 34, 35, 36, 37, 41, 42, 43, 44, 45, 46",0,0,False,-,6.4,sparse_annotation,"missing_codes(+1.40), sparse_annotation(+5.0)"
377,train_quadrant_enumeration_disease_282,train_57.png,train_quadrant_enumeration_disease,4,0,-,28,"11, 12, 13, 14, 16, 17, 18, 21, 22, 23, 24, 27, 28, 31, 32, 33, 34, 35, 36, 38, 41, 42, 43, 44, 45, 46, 47, 48",0,0,False,-,6.4,sparse_annotation,"missing_codes(+1.40), sparse_annotation(+5.0)"
378,train_quadrant_enumeration_disease_281,train_156.png,train_quadrant_enumeration_disease,4,0,-,28,"11, 12, 13, 14, 15, 16, 17, 18, 21, 22, 23, 24, 25, 26, 27, 28, 31, 32, 33, 34, 37, 38, 41, 42, 43, 44, 45, 47",0,0,False,-,6.4,sparse_annotation,"missing_codes(+1.40), sparse_annotation(+5.0)"
379,train_quadrant_enumeration_disease_165,train_29.png,train_quadrant_enumeration_disease,4,0,-,28,"11, 12, 13, 14, 15, 16, 18, 21, 22, 23, 24, 25, 26, 27, 28, 31, 32, 33, 34, 35, 37, 38, 41, 42, 43, 44, 45, 48",0,0,False,-,6.4,sparse_annotation,"missing_codes(+1.40), sparse_annotation(+5.0)"
380,train_quadrant_enumeration_disease_695,train_120.png,train_quadrant_enumeration_disease,4,0,-,28,"11, 12, 13, 14, 17, 18, 21, 22, 23, 24, 25, 27, 28, 31, 32, 33, 34, 35, 36, 38, 41, 42, 43, 44, 45, 46, 47, 48",0,0,False,-,6.4,sparse_annotation,"missing_codes(+1.40), sparse_annotation(+5.0)"
381,train_quadrant_enumeration_disease_66,train_217.png,train_quadrant_enumeration_disease,4,0,-,28,"11, 12, 13, 14, 15, 16, 17, 21, 22, 23, 24, 26, 27, 31, 32, 33, 34, 35, 36, 37, 41, 42, 43, 44, 45, 46, 47, 48",0,0,False,-,6.4,sparse_annotation,"missing_codes(+1.40), sparse_annotation(+5.0)"
382,train_quadrant_enumeration_disease_225,train_464.png,train_quadrant_enumeration_disease,4,0,-,28,"11, 12, 13, 14, 15, 16, 17, 18, 21, 22, 23, 24, 25, 26, 27, 28, 31, 32, 33, 34, 35, 36, 41, 42, 43, 44, 45, 48",0,0,False,-,6.4,sparse_annotation,"missing_codes(+1.40), sparse_annotation(+5.0)"
383,train_quadrant_enumeration_disease_171,train_415.png,train_quadrant_enumeration_disease,4,0,-,28,"11, 12, 13, 14, 15, 16, 17, 21, 22, 23, 24, 25, 26, 27, 28, 31, 32, 33, 34, 36, 37, 41, 42, 43, 44, 45, 46, 47",0,0,False,-,6.4,sparse_annotation,"missing_codes(+1.40), sparse_annotation(+5.0)"
384,train_quadrant_enumeration_disease_289,train_353.png,train_quadrant_enumeration_disease,4,0,-,28,"11, 12, 13, 14, 15, 16, 17, 21, 22, 23, 24, 25, 26, 27, 31, 32, 33, 34, 35, 36, 37, 41, 42, 43, 44, 45, 46, 47",0,0,False,-,6.4,sparse_annotation,"missing_codes(+1.40), sparse_annotation(+5.0)"
385,train_quadrant_enumeration_disease_221,train_618.png,train_quadrant_enumeration_disease,4,0,-,28,"11, 12, 13, 14, 15, 16, 17, 21, 22, 23, 24, 25, 26, 27, 31, 32, 33, 34, 35, 36, 37, 41, 42, 43, 44, 45, 46, 47",0,0,False,-,6.4,sparse_annotation,"missing_codes(+1.40), sparse_annotation(+5.0)"
386,train_quadrant_enumeration_disease_686,train_558.png,train_quadrant_enumeration_disease,4,0,-,28,"11, 12, 13, 14, 15, 17, 18, 21, 22, 23, 24, 25, 26, 27, 28, 31, 32, 33, 34, 35, 36, 41, 42, 43, 44, 45, 46, 47",0,0,False,-,6.4,sparse_annotation,"missing_codes(+1.40), sparse_annotation(+5.0)"
387,train_quadrant_enumeration_disease_374,train_314.png,train_quadrant_enumeration_disease,4,0,-,28,"11, 12, 13, 14, 15, 16, 17, 18, 21, 22, 23, 24, 25, 26, 27, 28, 31, 32, 33, 34, 35, 37, 41, 42, 43, 44, 45, 46",0,0,False,-,6.4,sparse_annotation,"missing_codes(+1.40), sparse_annotation(+5.0)"
388,train_quadrant_enumeration_disease_670,train_342.png,train_quadrant_enumeration_disease,4,0,-,28,"11, 12, 13, 14, 15, 16, 17, 18, 21, 22, 23, 24, 25, 26, 27, 28, 31, 33, 35, 37, 38, 41, 42, 43, 44, 46, 47, 48",0,0,False,-,6.4,sparse_annotation,"missing_codes(+1.40), sparse_annotation(+5.0)"
389,train_quadrant_enumeration_disease_82,train_606.png,train_quadrant_enumeration_disease,4,0,-,28,"11, 12, 13, 14, 15, 16, 17, 18, 21, 22, 23, 24, 25, 26, 27, 28, 31, 32, 33, 34, 35, 37, 38, 41, 42, 43, 44, 45",0,0,False,-,6.4,sparse_annotation,"missing_codes(+1.40), sparse_annotation(+5.0)"
390,train_quadrant_enumeration_disease_193,train_16.png,train_quadrant_enumeration_disease,4,0,-,28,"11, 12, 13, 14, 15, 16, 17, 18, 21, 22, 23, 24, 25, 26, 27, 28, 31, 32, 33, 35, 37, 38, 41, 42, 43, 44, 45, 47",0,0,False,-,6.4,sparse_annotation,"missing_codes(+1.40), sparse_annotation(+5.0)"
391,train_quadrant_enumeration_disease_194,train_103.png,train_quadrant_enumeration_disease,4,0,-,28,"11, 12, 13, 14, 15, 16, 21, 22, 23, 24, 25, 26, 27, 31, 32, 33, 34, 35, 36, 37, 41, 42, 43, 44, 45, 46, 47, 48",0,0,False,-,6.4,sparse_annotation,"missing_codes(+1.40), sparse_annotation(+5.0)"
392,train_quadrant_enumeration_disease_209,train_596.png,train_quadrant_enumeration_disease,4,0,-,28,"11, 12, 13, 14, 15, 17, 18, 21, 22, 23, 24, 25, 26, 28, 31, 32, 33, 34, 35, 36, 37, 38, 41, 42, 43, 44, 45, 47",0,0,False,-,6.4,sparse_annotation,"missing_codes(+1.40), sparse_annotation(+5.0)"
393,train_quadrant_enumeration_disease_678,train_465.png,train_quadrant_enumeration_disease,4,0,-,28,"11, 12, 13, 14, 15, 16, 17, 18, 21, 22, 23, 24, 26, 28, 31, 32, 33, 34, 35, 36, 38, 41, 42, 43, 44, 45, 46, 48",0,0,False,-,6.4,sparse_annotation,"missing_codes(+1.40), sparse_annotation(+5.0)"
394,train_quadrant_enumeration_disease_284,train_308.png,train_quadrant_enumeration_disease,4,0,-,28,"11, 12, 13, 14, 15, 17, 18, 21, 22, 23, 24, 25, 26, 27, 28, 31, 32, 33, 34, 35, 37, 38, 41, 42, 43, 44, 47, 48",0,0,False,-,6.4,sparse_annotation,"missing_codes(+1.40), sparse_annotation(+5.0)"
395,train_quadrant_enumeration_disease_699,train_193.png,train_quadrant_enumeration_disease,4,0,-,28,"11, 12, 13, 14, 15, 16, 17, 21, 22, 23, 24, 25, 26, 28, 31, 32, 33, 34, 35, 36, 38, 41, 42, 43, 44, 46, 47, 48",0,0,False,-,6.4,sparse_annotation,"missing_codes(+1.40), sparse_annotation(+5.0)"
396,train_quadrant_enumeration_disease_227,train_218.png,train_quadrant_enumeration_disease,4,0,-,28,"11, 12, 13, 14, 15, 17, 18, 21, 22, 23, 24, 25, 26, 28, 31, 32, 33, 34, 35, 36, 38, 41, 42, 43, 44, 45, 46, 48",0,0,False,-,6.4,sparse_annotation,"missing_codes(+1.40), sparse_annotation(+5.0)"
397,train_quadrant_enumeration_disease_250,train_515.png,train_quadrant_enumeration_disease,4,0,-,28,"11, 12, 13, 14, 15, 16, 17, 18, 21, 22, 23, 24, 25, 27, 28, 31, 32, 33, 34, 35, 36, 38, 41, 42, 43, 44, 45, 48",0,0,False,-,6.4,sparse_annotation,"missing_codes(+1.40), sparse_annotation(+5.0)"
398,train_quadrant_enumeration_disease_253,train_107.png,train_quadrant_enumeration_disease,4,0,-,28,"11, 12, 14, 15, 17, 18, 21, 22, 23, 24, 25, 27, 28, 31, 32, 33, 34, 35, 36, 37, 38, 41, 42, 43, 44, 46, 47, 48",0,0,False,-,6.4,sparse_annotation,"missing_codes(+1.40), sparse_annotation(+5.0)"
399,train_quadrant_enumeration_disease_652,train_178.png,train_quadrant_enumeration_disease,4,0,-,28,"11, 12, 13, 14, 15, 16, 21, 22, 23, 25, 26, 27, 31, 32, 33, 34, 35, 36, 37, 38, 41, 42, 43, 44, 45, 46, 47, 48",0,0,False,-,6.4,sparse_annotation,"missing_codes(+1.40), sparse_annotation(+5.0)"
400,train_quadrant_enumeration_disease_260,train_336.png,train_quadrant_enumeration_disease,4,0,-,28,"11, 12, 13, 14, 15, 16, 17, 21, 22, 23, 24, 26, 28, 31, 32, 33, 34, 35, 36, 37, 38, 41, 42, 43, 44, 45, 46, 48",0,0,False,-,6.4,sparse_annotation,"missing_codes(+1.40), sparse_annotation(+5.0)"
401,train_quadrant_enumeration_disease_79,train_92.png,train_quadrant_enumeration_disease,4,0,-,28,"11, 12, 13, 14, 15, 16, 17, 18, 21, 22, 23, 24, 25, 26, 27, 28, 31, 32, 33, 34, 35, 36, 41, 42, 43, 44, 45, 48",0,0,False,-,6.4,sparse_annotation,"missing_codes(+1.40), sparse_annotation(+5.0)"
402,train_quadrant_enumeration_disease_2,train_283.png,train_quadrant_enumeration_disease,4,0,-,28,"11, 12, 13, 14, 15, 16, 17, 18, 21, 22, 23, 24, 25, 27, 28, 31, 32, 33, 34, 35, 36, 41, 42, 43, 44, 45, 46, 47",0,0,False,-,6.4,sparse_annotation,"missing_codes(+1.40), sparse_annotation(+5.0)"
403,train_quadrant_enumeration_disease_656,train_180.png,train_quadrant_enumeration_disease,4,0,-,28,"11, 12, 13, 14, 15, 18, 21, 22, 23, 24, 25, 26, 28, 31, 32, 33, 34, 35, 36, 37, 38, 41, 42, 43, 45, 46, 47, 48",0,0,False,-,6.4,sparse_annotation,"missing_codes(+1.40), sparse_annotation(+5.0)"
404,train_quadrant_enumeration_disease_152,train_511.png,train_quadrant_enumeration_disease,4,0,-,28,"11, 12, 13, 14, 15, 17, 18, 21, 22, 23, 24, 25, 26, 27, 28, 31, 32, 33, 34, 35, 37, 38, 41, 42, 43, 44, 45, 47",0,0,False,-,6.4,sparse_annotation,"missing_codes(+1.40), sparse_annotation(+5.0)"
405,train_quadrant_enumeration_disease_266,train_26.png,train_quadrant_enumeration_disease,5,0,-,27,"11, 12, 13, 14, 15, 16, 18, 21, 22, 23, 24, 25, 26, 28, 31, 32, 33, 34, 35, 37, 41, 42, 43, 44, 45, 46, 47",0,0,False,-,6.35,sparse_annotation,"missing_codes(+1.35), sparse_annotation(+5.0)"
406,train_quadrant_enumeration_disease_379,train_174.png,train_quadrant_enumeration_disease,5,0,-,27,"11, 12, 13, 14, 17, 18, 21, 22, 23, 24, 25, 26, 28, 31, 32, 33, 34, 35, 37, 41, 42, 43, 44, 45, 46, 47, 48",0,0,False,-,6.35,sparse_annotation,"missing_codes(+1.35), sparse_annotation(+5.0)"
407,train_quadrant_enumeration_disease_212,train_277.png,train_quadrant_enumeration_disease,5,0,-,27,"11, 12, 13, 16, 17, 18, 21, 22, 23, 24, 26, 27, 31, 32, 33, 34, 35, 37, 38, 41, 42, 43, 44, 45, 46, 47, 48",0,0,False,-,6.35,sparse_annotation,"missing_codes(+1.35), sparse_annotation(+5.0)"
408,train_quadrant_enumeration_disease_518,train_295.png,train_quadrant_enumeration_disease,5,0,-,27,"11, 12, 13, 14, 15, 16, 17, 21, 22, 23, 24, 25, 27, 31, 32, 33, 34, 36, 37, 41, 42, 43, 44, 45, 46, 47, 48",0,0,False,-,6.35,sparse_annotation,"missing_codes(+1.35), sparse_annotation(+5.0)"
409,train_quadrant_enumeration_disease_457,train_652.png,train_quadrant_enumeration_disease,5,0,-,27,"11, 12, 13, 15, 16, 21, 22, 23, 24, 25, 26, 28, 31, 32, 33, 34, 35, 36, 37, 38, 41, 42, 43, 44, 46, 47, 48",0,0,False,-,6.35,sparse_annotation,"missing_codes(+1.35), sparse_annotation(+5.0)"
410,train_quadrant_enumeration_disease_524,train_672.png,train_quadrant_enumeration_disease,5,0,-,27,"11, 12, 13, 14, 16, 17, 21, 22, 23, 24, 25, 26, 27, 28, 31, 32, 33, 34, 35, 38, 41, 42, 43, 44, 45, 47, 48",0,0,False,-,6.35,sparse_annotation,"missing_codes(+1.35), sparse_annotation(+5.0)"
411,train_quadrant_enumeration_disease_267,train_674.png,train_quadrant_enumeration_disease,5,0,-,27,"11, 12, 13, 14, 16, 17, 18, 21, 22, 23, 24, 25, 26, 27, 31, 32, 33, 34, 35, 36, 37, 41, 42, 43, 44, 45, 46",0,0,False,-,6.35,sparse_annotation,"missing_codes(+1.35), sparse_annotation(+5.0)"
412,train_quadrant_enumeration_disease_513,train_341.png,train_quadrant_enumeration_disease,5,0,-,27,"11, 12, 13, 14, 15, 17, 18, 21, 22, 23, 24, 27, 28, 31, 32, 33, 34, 35, 37, 38, 41, 42, 43, 44, 45, 46, 48",0,0,False,-,6.35,sparse_annotation,"missing_codes(+1.35), sparse_annotation(+5.0)"
413,train_quadrant_enumeration_disease_456,train_237.png,train_quadrant_enumeration_disease,5,0,-,27,"11, 12, 13, 15, 17, 18, 21, 22, 23, 24, 25, 26, 27, 28, 31, 32, 33, 34, 35, 37, 38, 41, 42, 43, 44, 45, 48",0,0,False,-,6.35,sparse_annotation,"missing_codes(+1.35), sparse_annotation(+5.0)"
414,train_quadrant_enumeration_disease_648,train_378.png,train_quadrant_enumeration_disease,5,0,-,27,"11, 12, 13, 14, 15, 16, 17, 21, 22, 23, 24, 25, 26, 27, 28, 31, 32, 33, 37, 38, 41, 42, 43, 44, 45, 46, 47",0,0,False,-,6.35,sparse_annotation,"missing_codes(+1.35), sparse_annotation(+5.0)"
415,train_quadrant_enumeration_disease_205,train_30.png,train_quadrant_enumeration_disease,5,0,-,27,"11, 12, 13, 14, 15, 16, 17, 21, 22, 23, 24, 25, 26, 31, 32, 33, 34, 35, 36, 37, 41, 42, 43, 44, 45, 46, 47",0,0,False,-,6.35,sparse_annotation,"missing_codes(+1.35), sparse_annotation(+5.0)"
416,train_quadrant_enumeration_disease_342,train_685.png,train_quadrant_enumeration_disease,5,0,-,27,"11, 12, 13, 15, 16, 17, 18, 21, 22, 23, 24, 25, 26, 27, 28, 31, 32, 33, 34, 35, 36, 41, 42, 43, 44, 45, 48",0,0,False,-,6.35,sparse_annotation,"missing_codes(+1.35), sparse_annotation(+5.0)"
417,train_quadrant_enumeration_disease_77,train_405.png,train_quadrant_enumeration_disease,5,0,-,27,"11, 12, 13, 14, 15, 18, 21, 22, 23, 24, 25, 26, 27, 28, 31, 32, 33, 34, 35, 37, 38, 41, 42, 43, 44, 45, 48",0,0,False,-,6.35,sparse_annotation,"missing_codes(+1.35), sparse_annotation(+5.0)"
418,train_quadrant_enumeration_disease_84,train_153.png,train_quadrant_enumeration_disease,5,0,-,27,"12, 13, 14, 15, 17, 21, 22, 23, 24, 25, 26, 31, 32, 33, 34, 35, 36, 37, 38, 41, 42, 43, 44, 45, 46, 47, 48",0,0,False,-,6.35,sparse_annotation,"missing_codes(+1.35), sparse_annotation(+5.0)"
419,train_quadrant_enumeration_disease_517,train_560.png,train_quadrant_enumeration_disease,5,0,-,27,"11, 12, 13, 14, 15, 17, 18, 21, 22, 23, 24, 25, 26, 27, 28, 31, 32, 33, 34, 35, 36, 37, 41, 42, 43, 44, 47",0,0,False,-,6.35,sparse_annotation,"missing_codes(+1.35), sparse_annotation(+5.0)"
420,train_quadrant_enumeration_disease_232,train_9.png,train_quadrant_enumeration_disease,5,0,-,27,"11, 12, 13, 14, 18, 21, 22, 23, 24, 25, 26, 27, 28, 31, 32, 33, 34, 35, 36, 37, 38, 41, 42, 44, 45, 46, 47",0,0,False,-,6.35,sparse_annotation,"missing_codes(+1.35), sparse_annotation(+5.0)"
421,train_quadrant_enumeration_disease_216,train_450.png,train_quadrant_enumeration_disease,5,0,-,27,"11, 12, 13, 14, 15, 16, 17, 21, 22, 23, 24, 25, 26, 27, 28, 31, 32, 33, 34, 35, 38, 41, 42, 43, 44, 45, 46",0,0,False,-,6.35,sparse_annotation,"missing_codes(+1.35), sparse_annotation(+5.0)"
422,train_quadrant_enumeration_disease_368,train_257.png,train_quadrant_enumeration_disease,5,0,-,27,"11, 12, 13, 14, 15, 16, 18, 21, 22, 23, 24, 25, 26, 28, 31, 32, 33, 34, 35, 37, 41, 42, 43, 44, 45, 47, 48",0,0,False,-,6.35,sparse_annotation,"missing_codes(+1.35), sparse_annotation(+5.0)"
423,train_quadrant_enumeration_disease_701,train_338.png,train_quadrant_enumeration_disease,5,0,-,27,"11, 12, 13, 14, 15, 16, 17, 18, 21, 22, 23, 24, 25, 27, 28, 31, 32, 33, 34, 35, 36, 37, 41, 42, 43, 44, 46",0,0,False,-,6.35,sparse_annotation,"missing_codes(+1.35), sparse_annotation(+5.0)"
424,train_quadrant_enumeration_disease_501,train_492.png,train_quadrant_enumeration_disease,5,0,-,27,"11, 12, 13, 14, 15, 16, 17, 21, 22, 23, 24, 25, 27, 31, 32, 33, 34, 35, 36, 41, 42, 43, 44, 45, 46, 47, 48",0,0,False,-,6.35,sparse_annotation,"missing_codes(+1.35), sparse_annotation(+5.0)"
425,train_quadrant_enumeration_disease_33,train_254.png,train_quadrant_enumeration_disease,5,0,-,27,"11, 12, 13, 14, 15, 18, 21, 22, 23, 25, 26, 27, 28, 31, 32, 33, 34, 35, 37, 38, 41, 42, 43, 44, 45, 47, 48",0,0,False,-,6.35,sparse_annotation,"missing_codes(+1.35), sparse_annotation(+5.0)"
426,validation_triple_35,val_36.png,validation_triple,5,0,-,27,"11, 12, 13, 14, 15, 17, 18, 21, 22, 23, 24, 25, 26, 27, 28, 31, 32, 33, 34, 35, 41, 42, 43, 44, 45, 46, 47",0,0,False,-,6.35,sparse_annotation,"missing_codes(+1.35), sparse_annotation(+5.0)"
427,train_quadrant_enumeration_disease_505,train_147.png,train_quadrant_enumeration_disease,5,0,-,27,"11, 12, 13, 14, 21, 22, 23, 24, 25, 26, 27, 28, 31, 32, 33, 34, 35, 36, 37, 41, 42, 43, 44, 45, 46, 47, 48",0,0,False,-,6.35,sparse_annotation,"missing_codes(+1.35), sparse_annotation(+5.0)"
428,train_quadrant_enumeration_disease_470,train_379.png,train_quadrant_enumeration_disease,5,0,-,27,"11, 12, 13, 14, 15, 16, 18, 21, 22, 23, 24, 25, 26, 27, 28, 31, 32, 33, 34, 36, 38, 41, 42, 43, 45, 46, 48",0,0,False,-,6.35,sparse_annotation,"missing_codes(+1.35), sparse_annotation(+5.0)"
429,train_quadrant_enumeration_disease_69,train_117.png,train_quadrant_enumeration_disease,5,0,-,27,"11, 12, 13, 14, 15, 16, 17, 18, 21, 22, 23, 24, 25, 27, 31, 32, 33, 34, 35, 36, 37, 38, 41, 42, 43, 47, 48",0,0,False,-,6.35,sparse_annotation,"missing_codes(+1.35), sparse_annotation(+5.0)"
430,train_quadrant_enumeration_disease_334,train_386.png,train_quadrant_enumeration_disease,5,0,-,27,"11, 12, 13, 14, 16, 18, 21, 22, 23, 24, 25, 26, 27, 28, 31, 32, 33, 34, 35, 36, 38, 41, 42, 43, 44, 45, 48",0,0,False,-,6.35,sparse_annotation,"missing_codes(+1.35), sparse_annotation(+5.0)"
431,validation_triple_4,val_30.png,validation_triple,5,0,-,27,"11, 12, 13, 14, 15, 16, 17, 18, 21, 22, 23, 24, 25, 26, 27, 28, 31, 35, 36, 37, 38, 41, 42, 45, 46, 47, 48",0,0,False,-,6.35,sparse_annotation,"missing_codes(+1.35), sparse_annotation(+5.0)"
432,train_quadrant_enumeration_disease_452,train_638.png,train_quadrant_enumeration_disease,5,0,-,27,"11, 12, 13, 14, 15, 16, 17, 18, 21, 22, 23, 24, 25, 27, 31, 32, 33, 34, 35, 41, 42, 43, 44, 45, 46, 47, 48",0,0,False,-,6.35,sparse_annotation,"missing_codes(+1.35), sparse_annotation(+5.0)"
433,train_quadrant_enumeration_disease_280,train_181.png,train_quadrant_enumeration_disease,5,0,-,27,"11, 12, 13, 15, 16, 17, 21, 22, 23, 24, 25, 26, 27, 31, 32, 33, 34, 35, 36, 38, 41, 42, 43, 44, 45, 47, 48",0,0,False,-,6.35,sparse_annotation,"missing_codes(+1.35), sparse_annotation(+5.0)"
434,train_quadrant_enumeration_disease_231,train_546.png,train_quadrant_enumeration_disease,5,0,-,27,"11, 12, 13, 14, 15, 16, 17, 21, 22, 23, 24, 25, 26, 27, 31, 32, 33, 34, 35, 37, 41, 42, 43, 44, 45, 46, 47",0,0,False,-,6.35,sparse_annotation,"missing_codes(+1.35), sparse_annotation(+5.0)"
435,train_quadrant_enumeration_disease_563,train_619.png,train_quadrant_enumeration_disease,5,0,-,27,"11, 12, 13, 14, 15, 16, 17, 18, 21, 22, 23, 24, 25, 26, 27, 28, 31, 32, 33, 35, 36, 37, 41, 42, 43, 45, 46",0,0,False,-,6.35,sparse_annotation,"missing_codes(+1.35), sparse_annotation(+5.0)"
436,train_quadrant_enumeration_disease_219,train_143.png,train_quadrant_enumeration_disease,5,0,-,27,"11, 12, 13, 14, 15, 16, 17, 21, 22, 23, 24, 25, 26, 28, 31, 32, 33, 34, 35, 36, 38, 41, 42, 43, 44, 47, 48",0,0,False,-,6.35,sparse_annotation,"missing_codes(+1.35), sparse_annotation(+5.0)"
437,train_quadrant_enumeration_disease_15,train_646.png,train_quadrant_enumeration_disease,5,0,-,27,"11, 12, 13, 14, 15, 16, 21, 22, 23, 24, 25, 26, 31, 32, 33, 34, 35, 36, 38, 41, 42, 43, 44, 45, 46, 47, 48",0,0,False,-,6.35,sparse_annotation,"missing_codes(+1.35), sparse_annotation(+5.0)"
438,train_quadrant_enumeration_disease_382,train_680.png,train_quadrant_enumeration_disease,5,0,-,27,"11, 12, 13, 14, 15, 16, 17, 21, 22, 23, 24, 25, 26, 28, 31, 32, 33, 34, 35, 36, 38, 41, 42, 43, 46, 47, 48",0,0,False,-,6.35,sparse_annotation,"missing_codes(+1.35), sparse_annotation(+5.0)"
439,train_quadrant_enumeration_disease_318,train_214.png,train_quadrant_enumeration_disease,5,0,-,27,"11, 13, 14, 16, 17, 18, 21, 22, 23, 24, 26, 27, 28, 31, 32, 33, 34, 35, 36, 37, 38, 41, 42, 43, 45, 47, 48",0,0,False,-,6.35,sparse_annotation,"missing_codes(+1.35), sparse_annotation(+5.0)"
440,validation_triple_2,val_38.png,validation_triple,5,0,-,27,"11, 12, 13, 14, 15, 16, 17, 21, 22, 23, 24, 25, 26, 27, 31, 32, 33, 34, 36, 37, 41, 42, 43, 44, 45, 46, 47",0,0,False,-,6.35,sparse_annotation,"missing_codes(+1.35), sparse_annotation(+5.0)"
441,train_quadrant_enumeration_disease_314,train_158.png,train_quadrant_enumeration_disease,5,0,-,27,"11, 12, 13, 14, 15, 16, 17, 21, 22, 23, 24, 25, 26, 28, 31, 32, 33, 34, 36, 37, 38, 41, 42, 43, 44, 46, 48",0,0,False,-,6.35,sparse_annotation,"missing_codes(+1.35), sparse_annotation(+5.0)"
442,train_quadrant_enumeration_disease_170,train_417.png,train_quadrant_enumeration_disease,5,0,-,27,"11, 12, 13, 14, 15, 16, 17, 18, 21, 22, 23, 24, 25, 26, 27, 28, 31, 32, 33, 34, 35, 37, 38, 41, 42, 43, 44",0,0,False,-,6.35,sparse_annotation,"missing_codes(+1.35), sparse_annotation(+5.0)"
443,train_quadrant_enumeration_disease_45,train_7.png,train_quadrant_enumeration_disease,5,0,-,27,"11, 12, 13, 14, 15, 16, 17, 21, 22, 23, 24, 25, 26, 27, 31, 32, 33, 34, 35, 37, 41, 42, 43, 44, 45, 46, 47",0,0,False,-,6.35,sparse_annotation,"missing_codes(+1.35), sparse_annotation(+5.0)"
444,train_quadrant_enumeration_disease_389,train_196.png,train_quadrant_enumeration_disease,5,0,-,27,"12, 13, 14, 15, 16, 17, 18, 22, 24, 26, 27, 28, 31, 32, 33, 34, 36, 37, 38, 41, 42, 43, 44, 45, 46, 47, 48",0,0,False,-,6.35,sparse_annotation,"missing_codes(+1.35), sparse_annotation(+5.0)"
445,train_quadrant_enumeration_disease_106,train_188.png,train_quadrant_enumeration_disease,5,0,-,27,"11, 12, 13, 14, 15, 16, 17, 18, 21, 22, 23, 25, 26, 27, 28, 32, 33, 34, 35, 38, 41, 42, 43, 45, 46, 47, 48",0,0,False,-,6.35,sparse_annotation,"missing_codes(+1.35), sparse_annotation(+5.0)"
446,train_quadrant_enumeration_disease_108,train_513.png,train_quadrant_enumeration_disease,5,0,-,27,"11, 12, 13, 14, 15, 16, 21, 22, 23, 24, 25, 26, 27, 31, 32, 33, 34, 35, 36, 37, 38, 41, 42, 43, 44, 45, 46",0,0,False,-,6.35,sparse_annotation,"missing_codes(+1.35), sparse_annotation(+5.0)"
447,train_quadrant_enumeration_disease_362,train_293.png,train_quadrant_enumeration_disease,5,0,-,27,"11, 12, 13, 14, 15, 17, 21, 22, 23, 24, 25, 27, 28, 31, 32, 33, 34, 35, 37, 38, 41, 42, 43, 44, 45, 47, 48",0,0,False,-,6.35,sparse_annotation,"missing_codes(+1.35), sparse_annotation(+5.0)"
448,train_quadrant_enumeration_disease_159,train_388.png,train_quadrant_enumeration_disease,5,0,-,27,"11, 12, 13, 15, 16, 17, 21, 22, 23, 24, 25, 26, 27, 28, 31, 32, 33, 36, 37, 38, 41, 42, 43, 44, 45, 46, 48",0,0,False,-,6.35,sparse_annotation,"missing_codes(+1.35), sparse_annotation(+5.0)"
449,train_quadrant_enumeration_disease_158,train_438.png,train_quadrant_enumeration_disease,5,0,-,27,"11, 12, 13, 14, 15, 16, 17, 21, 22, 23, 24, 25, 27, 31, 32, 33, 34, 35, 36, 37, 41, 42, 43, 44, 45, 46, 47",0,0,False,-,6.35,sparse_annotation,"missing_codes(+1.35), sparse_annotation(+5.0)"
450,train_quadrant_enumeration_disease_150,train_169.png,train_quadrant_enumeration_disease,5,0,-,27,"11, 12, 13, 14, 16, 18, 21, 22, 23, 24, 25, 26, 27, 28, 31, 32, 33, 34, 35, 38, 41, 42, 43, 45, 46, 47, 48",0,0,False,-,6.35,sparse_annotation,"missing_codes(+1.35), sparse_annotation(+5.0)"
451,train_quadrant_enumeration_disease_149,train_101.png,train_quadrant_enumeration_disease,5,0,-,27,"11, 12, 13, 14, 15, 17, 21, 22, 23, 24, 25, 26, 27, 28, 31, 32, 33, 35, 36, 37, 41, 42, 43, 45, 46, 47, 48",0,0,False,-,6.35,sparse_annotation,"missing_codes(+1.35), sparse_annotation(+5.0)"
452,train_quadrant_enumeration_disease_635,train_641.png,train_quadrant_enumeration_disease,5,0,-,27,"11, 12, 13, 14, 15, 16, 17, 21, 22, 23, 24, 25, 26, 31, 32, 33, 34, 35, 36, 37, 38, 41, 42, 43, 44, 45, 48",0,0,False,-,6.35,sparse_annotation,"missing_codes(+1.35), sparse_annotation(+5.0)"
453,train_quadrant_enumeration_disease_637,train_139.png,train_quadrant_enumeration_disease,5,0,-,27,"11, 12, 13, 14, 15, 21, 22, 23, 24, 25, 26, 27, 28, 31, 32, 33, 34, 35, 37, 41, 42, 43, 44, 45, 46, 47, 48",0,0,False,-,6.35,sparse_annotation,"missing_codes(+1.35), sparse_annotation(+5.0)"
454,train_quadrant_enumeration_disease_143,train_127.png,train_quadrant_enumeration_disease,5,0,-,27,"11, 12, 13, 14, 15, 16, 17, 18, 21, 22, 23, 24, 27, 28, 31, 32, 33, 36, 37, 38, 41, 42, 43, 44, 45, 46, 47",0,0,False,-,6.35,sparse_annotation,"missing_codes(+1.35), sparse_annotation(+5.0)"
455,train_quadrant_enumeration_disease_128,train_240.png,train_quadrant_enumeration_disease,5,0,-,27,"11, 12, 13, 14, 15, 16, 17, 21, 22, 23, 24, 25, 26, 27, 31, 32, 33, 34, 35, 37, 41, 42, 43, 44, 45, 46, 47",0,0,False,-,6.35,sparse_annotation,"missing_codes(+1.35), sparse_annotation(+5.0)"
456,train_quadrant_enumeration_disease_99,train_608.png,train_quadrant_enumeration_disease,5,0,-,27,"11, 12, 13, 14, 15, 16, 18, 21, 22, 23, 24, 25, 26, 28, 31, 32, 33, 34, 36, 38, 41, 42, 43, 44, 45, 47, 48",0,0,False,-,6.35,sparse_annotation,"missing_codes(+1.35), sparse_annotation(+5.0)"
457,train_quadrant_enumeration_disease_142,train_266.png,train_quadrant_enumeration_disease,5,0,-,27,"11, 12, 13, 14, 15, 17, 18, 21, 22, 23, 24, 25, 26, 27, 28, 31, 32, 33, 34, 35, 36, 41, 42, 43, 44, 45, 47",0,0,False,-,6.35,sparse_annotation,"missing_codes(+1.35), sparse_annotation(+5.0)"
458,train_quadrant_enumeration_disease_14,train_458.png,train_quadrant_enumeration_disease,5,0,-,27,"11, 12, 13, 14, 15, 16, 18, 21, 22, 23, 24, 25, 27, 28, 31, 32, 33, 34, 35, 36, 38, 41, 42, 43, 44, 46, 48",0,0,False,-,6.35,sparse_annotation,"missing_codes(+1.35), sparse_annotation(+5.0)"
459,train_quadrant_enumeration_disease_614,train_569.png,train_quadrant_enumeration_disease,5,0,-,27,"11, 12, 13, 14, 15, 17, 18, 21, 22, 23, 24, 25, 26, 27, 28, 31, 32, 33, 34, 35, 36, 41, 42, 43, 44, 45, 46",0,0,False,-,6.35,sparse_annotation,"missing_codes(+1.35), sparse_annotation(+5.0)"
460,train_quadrant_enumeration_disease_313,train_56.png,train_quadrant_enumeration_disease,5,0,-,27,"11, 12, 13, 15, 16, 17, 18, 21, 22, 23, 24, 27, 28, 31, 32, 33, 34, 35, 37, 41, 42, 43, 44, 45, 46, 47, 48",0,0,False,-,6.35,sparse_annotation,"missing_codes(+1.35), sparse_annotation(+5.0)"
461,train_quadrant_enumeration_disease_191,train_216.png,train_quadrant_enumeration_disease,5,0,-,27,"11, 13, 14, 15, 16, 17, 21, 22, 23, 24, 25, 26, 27, 31, 32, 33, 34, 35, 36, 37, 41, 42, 43, 44, 45, 46, 47",0,0,False,-,6.35,sparse_annotation,"missing_codes(+1.35), sparse_annotation(+5.0)"
462,train_quadrant_enumeration_disease_667,train_46.png,train_quadrant_enumeration_disease,5,0,-,27,"11, 12, 13, 14, 15, 16, 17, 18, 21, 22, 23, 24, 25, 26, 31, 32, 33, 34, 35, 36, 41, 42, 43, 44, 45, 46, 47",0,0,False,-,6.35,sparse_annotation,"missing_codes(+1.35), sparse_annotation(+5.0)"
463,train_quadrant_enumeration_disease_198,train_10.png,train_quadrant_enumeration_disease,5,0,-,27,"11, 12, 13, 14, 15, 16, 17, 18, 21, 22, 23, 24, 25, 26, 27, 28, 31, 32, 33, 34, 35, 38, 41, 42, 43, 44, 48",0,0,False,-,6.35,sparse_annotation,"missing_codes(+1.35), sparse_annotation(+5.0)"
464,train_quadrant_enumeration_disease_43,train_209.png,train_quadrant_enumeration_disease,5,0,-,27,"11, 12, 13, 14, 15, 17, 18, 21, 22, 23, 24, 25, 26, 28, 31, 32, 33, 34, 35, 38, 41, 42, 43, 44, 45, 46, 47",0,0,False,-,6.35,sparse_annotation,"missing_codes(+1.35), sparse_annotation(+5.0)"
465,train_quadrant_enumeration_disease_387,train_64.png,train_quadrant_enumeration_disease,5,0,-,27,"11, 12, 13, 14, 15, 16, 17, 21, 22, 23, 24, 25, 26, 27, 31, 32, 33, 34, 35, 37, 41, 42, 43, 44, 45, 46, 47",0,0,False,-,6.35,sparse_annotation,"missing_codes(+1.35), sparse_annotation(+5.0)"
466,train_quadrant_enumeration_disease_321,train_620.png,train_quadrant_enumeration_disease,5,0,-,27,"11, 12, 13, 14, 15, 16, 17, 21, 22, 23, 24, 25, 26, 27, 31, 32, 33, 34, 35, 37, 41, 42, 43, 44, 45, 46, 47",0,0,False,-,6.35,sparse_annotation,"missing_codes(+1.35), sparse_annotation(+5.0)"
467,train_quadrant_enumeration_disease_385,train_409.png,train_quadrant_enumeration_disease,5,0,-,27,"11, 12, 13, 14, 15, 16, 18, 21, 22, 23, 24, 25, 31, 32, 33, 34, 35, 37, 38, 41, 42, 43, 44, 45, 46, 47, 48",0,0,False,-,6.35,sparse_annotation,"missing_codes(+1.35), sparse_annotation(+5.0)"
468,train_quadrant_enumeration_disease_177,train_551.png,train_quadrant_enumeration_disease,5,0,-,27,"11, 12, 13, 14, 16, 17, 21, 22, 23, 24, 25, 26, 27, 31, 32, 33, 34, 35, 36, 37, 38, 41, 42, 43, 44, 46, 47",0,0,False,-,6.35,sparse_annotation,"missing_codes(+1.35), sparse_annotation(+5.0)"
469,train_quadrant_enumeration_disease_195,train_155.png,train_quadrant_enumeration_disease,6,0,-,26,"11, 12, 13, 14, 15, 16, 18, 21, 22, 23, 25, 27, 28, 31, 32, 33, 34, 35, 38, 41, 42, 43, 44, 45, 46, 48",0,0,False,-,6.3,sparse_annotation,"missing_codes(+1.30), sparse_annotation(+5.0)"
470,train_quadrant_enumeration_disease_145,train_313.png,train_quadrant_enumeration_disease,6,0,-,26,"11, 12, 13, 14, 15, 17, 18, 21, 22, 23, 24, 25, 28, 31, 32, 33, 34, 36, 38, 41, 42, 43, 44, 46, 47, 48",0,0,False,-,6.3,sparse_annotation,"missing_codes(+1.30), sparse_annotation(+5.0)"
471,train_quadrant_enumeration_disease_339,train_219.png,train_quadrant_enumeration_disease,6,0,-,26,"12, 13, 14, 15, 16, 18, 21, 23, 24, 26, 27, 28, 31, 32, 33, 34, 35, 36, 37, 38, 41, 42, 43, 44, 47, 48",0,0,False,-,6.3,sparse_annotation,"missing_codes(+1.30), sparse_annotation(+5.0)"
472,train_quadrant_enumeration_disease_405,train_259.png,train_quadrant_enumeration_disease,6,0,-,26,"11, 12, 13, 14, 15, 16, 18, 21, 23, 24, 25, 26, 27, 28, 31, 32, 33, 37, 38, 41, 42, 43, 44, 45, 46, 48",0,0,False,-,6.3,sparse_annotation,"missing_codes(+1.30), sparse_annotation(+5.0)"
473,train_quadrant_enumeration_disease_273,train_665.png,train_quadrant_enumeration_disease,6,0,-,26,"11, 12, 13, 14, 15, 17, 18, 21, 22, 23, 24, 25, 26, 27, 28, 31, 32, 33, 34, 38, 41, 42, 43, 44, 45, 48",0,0,False,-,6.3,sparse_annotation,"missing_codes(+1.30), sparse_annotation(+5.0)"
474,train_quadrant_enumeration_disease_125,train_456.png,train_quadrant_enumeration_disease,6,0,-,26,"11, 12, 13, 14, 18, 21, 22, 23, 24, 26, 27, 28, 31, 32, 33, 34, 35, 36, 37, 38, 41, 42, 43, 44, 45, 46",0,0,False,-,6.3,sparse_annotation,"missing_codes(+1.30), sparse_annotation(+5.0)"
475,train_quadrant_enumeration_disease_515,train_198.png,train_quadrant_enumeration_disease,6,0,-,26,"11, 12, 13, 14, 15, 16, 17, 21, 22, 23, 24, 25, 27, 31, 32, 33, 34, 35, 36, 37, 41, 42, 43, 44, 45, 47",0,0,False,-,6.3,sparse_annotation,"missing_codes(+1.30), sparse_annotation(+5.0)"
476,train_quadrant_enumeration_disease_47,train_54.png,train_quadrant_enumeration_disease,6,0,-,26,"11, 12, 13, 14, 15, 16, 17, 21, 22, 23, 24, 26, 27, 28, 31, 32, 33, 34, 36, 37, 38, 41, 42, 43, 44, 47",0,0,False,-,6.3,sparse_annotation,"missing_codes(+1.30), sparse_annotation(+5.0)"
477,train_quadrant_enumeration_disease_262,train_322.png,train_quadrant_enumeration_disease,6,0,-,26,"11, 12, 13, 14, 17, 18, 21, 22, 23, 24, 25, 26, 27, 28, 31, 32, 33, 34, 35, 37, 41, 42, 43, 44, 45, 46",0,0,False,-,6.3,sparse_annotation,"missing_codes(+1.30), sparse_annotation(+5.0)"
478,train_quadrant_enumeration_disease_523,train_445.png,train_quadrant_enumeration_disease,6,0,-,26,"11, 12, 13, 14, 15, 16, 17, 21, 22, 23, 24, 25, 26, 31, 32, 33, 34, 35, 37, 38, 41, 42, 43, 44, 46, 48",0,0,False,-,6.3,sparse_annotation,"missing_codes(+1.30), sparse_annotation(+5.0)"
479,train_quadrant_enumeration_disease_324,train_636.png,train_quadrant_enumeration_disease,6,0,-,26,"11, 13, 14, 15, 16, 17, 21, 22, 23, 24, 25, 26, 27, 28, 31, 32, 33, 36, 37, 38, 41, 43, 45, 46, 47, 48",0,0,False,-,6.3,sparse_annotation,"missing_codes(+1.30), sparse_annotation(+5.0)"
480,train_quadrant_enumeration_disease_366,train_612.png,train_quadrant_enumeration_disease,6,0,-,26,"11, 12, 13, 14, 16, 21, 22, 23, 24, 25, 26, 27, 28, 31, 32, 33, 34, 35, 36, 38, 41, 42, 43, 44, 45, 46",0,0,False,-,6.3,sparse_annotation,"missing_codes(+1.30), sparse_annotation(+5.0)"
481,train_quadrant_enumeration_disease_448,train_164.png,train_quadrant_enumeration_disease,6,0,-,26,"11, 12, 13, 14, 15, 17, 21, 22, 23, 24, 25, 27, 28, 31, 32, 33, 34, 35, 37, 41, 42, 43, 44, 45, 46, 47",0,0,False,-,6.3,sparse_annotation,"missing_codes(+1.30), sparse_annotation(+5.0)"
482,train_quadrant_enumeration_disease_398,train_629.png,train_quadrant_enumeration_disease,6,0,-,26,"11, 12, 13, 14, 15, 16, 17, 18, 21, 22, 23, 24, 25, 26, 27, 28, 31, 32, 33, 34, 36, 41, 42, 43, 44, 45",0,0,False,-,6.3,sparse_annotation,"missing_codes(+1.30), sparse_annotation(+5.0)"
483,train_quadrant_enumeration_disease_268,train_609.png,train_quadrant_enumeration_disease,6,0,-,26,"11, 12, 13, 14, 15, 16, 21, 22, 23, 24, 25, 26, 27, 28, 31, 32, 33, 34, 35, 41, 42, 43, 44, 45, 46, 47",0,0,False,-,6.3,sparse_annotation,"missing_codes(+1.30), sparse_annotation(+5.0)"
484,train_quadrant_enumeration_disease_295,train_93.png,train_quadrant_enumeration_disease,6,0,-,26,"11, 12, 13, 14, 15, 16, 17, 21, 22, 23, 24, 25, 26, 31, 32, 33, 34, 35, 37, 41, 42, 43, 44, 45, 46, 47",0,0,False,-,6.3,sparse_annotation,"missing_codes(+1.30), sparse_annotation(+5.0)"
485,train_quadrant_enumeration_disease_455,train_146.png,train_quadrant_enumeration_disease,6,0,-,26,"11, 12, 13, 14, 15, 16, 17, 21, 22, 23, 24, 25, 27, 28, 31, 32, 35, 36, 38, 41, 42, 43, 44, 45, 46, 48",0,0,False,-,6.3,sparse_annotation,"missing_codes(+1.30), sparse_annotation(+5.0)"
486,train_quadrant_enumeration_disease_180,train_529.png,train_quadrant_enumeration_disease,6,0,-,26,"11, 12, 13, 14, 17, 18, 21, 22, 23, 24, 25, 26, 27, 28, 31, 32, 33, 34, 35, 38, 41, 42, 43, 44, 45, 46",0,0,False,-,6.3,sparse_annotation,"missing_codes(+1.30), sparse_annotation(+5.0)"
487,train_quadrant_enumeration_disease_504,train_310.png,train_quadrant_enumeration_disease,6,0,-,26,"11, 12, 13, 15, 16, 17, 18, 21, 23, 26, 27, 28, 31, 32, 33, 34, 35, 36, 37, 38, 42, 43, 44, 45, 47, 48",0,0,False,-,6.3,sparse_annotation,"missing_codes(+1.30), sparse_annotation(+5.0)"
488,train_quadrant_enumeration_disease_473,train_239.png,train_quadrant_enumeration_disease,6,0,-,26,"11, 12, 13, 14, 15, 18, 21, 22, 23, 24, 25, 26, 28, 31, 32, 33, 34, 35, 36, 37, 41, 42, 43, 44, 45, 46",0,0,False,-,6.3,sparse_annotation,"missing_codes(+1.30), sparse_annotation(+5.0)"
489,train_quadrant_enumeration_disease_468,train_532.png,train_quadrant_enumeration_disease,6,0,-,26,"11, 12, 13, 15, 16, 21, 22, 23, 24, 25, 26, 27, 28, 31, 32, 33, 34, 36, 37, 41, 42, 43, 44, 45, 46, 48",0,0,False,-,6.3,sparse_annotation,"missing_codes(+1.30), sparse_annotation(+5.0)"
490,train_quadrant_enumeration_disease_224,train_549.png,train_quadrant_enumeration_disease,6,0,-,26,"11, 12, 13, 16, 18, 21, 22, 23, 24, 26, 27, 28, 31, 32, 33, 34, 36, 37, 38, 41, 42, 43, 44, 45, 46, 47",0,0,False,-,6.3,sparse_annotation,"missing_codes(+1.30), sparse_annotation(+5.0)"
491,train_quadrant_enumeration_disease_363,train_484.png,train_quadrant_enumeration_disease,6,0,-,26,"11, 12, 13, 14, 15, 21, 22, 23, 24, 25, 26, 31, 32, 33, 34, 35, 36, 37, 41, 42, 43, 44, 45, 46, 47, 48",0,0,False,-,6.3,sparse_annotation,"missing_codes(+1.30), sparse_annotation(+5.0)"
492,train_quadrant_enumeration_disease_101,train_125.png,train_quadrant_enumeration_disease,6,0,-,26,"11, 12, 13, 14, 16, 17, 18, 21, 22, 23, 24, 25, 26, 27, 31, 32, 33, 34, 35, 36, 37, 41, 42, 43, 44, 45",0,0,False,-,6.3,sparse_annotation,"missing_codes(+1.30), sparse_annotation(+5.0)"
493,train_quadrant_enumeration_disease_419,train_590.png,train_quadrant_enumeration_disease,6,0,-,26,"11, 14, 15, 17, 18, 23, 24, 25, 26, 27, 28, 31, 32, 33, 34, 35, 36, 37, 38, 41, 42, 43, 44, 45, 46, 47",0,0,False,-,6.3,sparse_annotation,"missing_codes(+1.30), sparse_annotation(+5.0)"
494,train_quadrant_enumeration_disease_483,train_8.png,train_quadrant_enumeration_disease,6,0,-,26,"11, 12, 13, 14, 15, 16, 17, 21, 22, 23, 24, 25, 26, 27, 31, 32, 33, 34, 35, 41, 42, 43, 44, 45, 46, 47",0,0,False,-,6.3,sparse_annotation,"missing_codes(+1.30), sparse_annotation(+5.0)"
495,train_quadrant_enumeration_disease_346,train_643.png,train_quadrant_enumeration_disease,6,0,-,26,"11, 12, 13, 14, 15, 16, 21, 22, 23, 24, 25, 27, 28, 31, 32, 33, 34, 36, 38, 41, 42, 43, 44, 46, 47, 48",0,0,False,-,6.3,sparse_annotation,"missing_codes(+1.30), sparse_annotation(+5.0)"
496,train_quadrant_enumeration_disease_42,train_700.png,train_quadrant_enumeration_disease,6,0,-,26,"11, 12, 13, 14, 15, 16, 18, 21, 22, 23, 24, 25, 26, 31, 32, 33, 34, 35, 36, 37, 38, 41, 43, 44, 45, 48",0,0,False,-,6.3,sparse_annotation,"missing_codes(+1.30), sparse_annotation(+5.0)"
497,train_quadrant_enumeration_disease_424,train_320.png,train_quadrant_enumeration_disease,6,0,-,26,"11, 12, 13, 14, 15, 16, 21, 22, 23, 24, 25, 31, 32, 33, 34, 35, 37, 38, 41, 42, 43, 44, 45, 46, 47, 48",0,0,False,-,6.3,sparse_annotation,"missing_codes(+1.30), sparse_annotation(+5.0)"
498,train_quadrant_enumeration_disease_337,train_51.png,train_quadrant_enumeration_disease,6,0,-,26,"11, 12, 13, 14, 15, 17, 18, 21, 22, 23, 24, 28, 31, 32, 33, 34, 35, 38, 41, 42, 43, 44, 45, 46, 47, 48",0,0,False,-,6.3,sparse_annotation,"missing_codes(+1.30), sparse_annotation(+5.0)"
499,train_quadrant_enumeration_disease_233,train_135.png,train_quadrant_enumeration_disease,6,0,-,26,"11, 12, 13, 14, 15, 16, 17, 18, 21, 22, 23, 24, 25, 26, 27, 28, 31, 32, 33, 34, 35, 37, 41, 42, 43, 44",0,0,False,-,6.3,sparse_annotation,"missing_codes(+1.30), sparse_annotation(+5.0)"
500,train_quadrant_enumeration_disease_236,train_152.png,train_quadrant_enumeration_disease,6,0,-,26,"11, 12, 13, 14, 15, 16, 17, 18, 21, 22, 23, 24, 25, 27, 28, 31, 32, 33, 34, 36, 37, 41, 42, 43, 44, 45",0,0,False,-,6.3,sparse_annotation,"missing_codes(+1.30), sparse_annotation(+5.0)"
501,train_quadrant_enumeration_disease_466,train_236.png,train_quadrant_enumeration_disease,6,0,-,26,"11, 12, 13, 14, 15, 17, 21, 22, 23, 24, 25, 27, 31, 32, 33, 34, 35, 36, 37, 41, 42, 43, 44, 45, 46, 47",0,0,False,-,6.3,sparse_annotation,"missing_codes(+1.30), sparse_annotation(+5.0)"
502,train_quadrant_enumeration_disease_377,train_150.png,train_quadrant_enumeration_disease,6,0,-,26,"11, 12, 13, 14, 15, 16, 17, 21, 22, 23, 24, 25, 26, 31, 32, 33, 34, 35, 36, 37, 41, 42, 43, 44, 45, 47",0,0,False,-,6.3,sparse_annotation,"missing_codes(+1.30), sparse_annotation(+5.0)"
503,train_quadrant_enumeration_disease_329,train_413.png,train_quadrant_enumeration_disease,6,0,-,26,"11, 12, 13, 14, 15, 17, 18, 21, 22, 23, 24, 25, 26, 27, 28, 31, 32, 33, 34, 37, 38, 41, 42, 43, 45, 48",0,0,False,-,6.3,sparse_annotation,"missing_codes(+1.30), sparse_annotation(+5.0)"
504,train_quadrant_enumeration_disease_111,train_393.png,train_quadrant_enumeration_disease,6,0,-,26,"13, 14, 15, 18, 21, 22, 23, 24, 26, 28, 31, 32, 33, 34, 35, 36, 37, 38, 41, 42, 43, 44, 45, 46, 47, 48",0,0,False,-,6.3,sparse_annotation,"missing_codes(+1.30), sparse_annotation(+5.0)"
505,train_quadrant_enumeration_disease_178,train_170.png,train_quadrant_enumeration_disease,6,0,-,26,"11, 12, 13, 14, 15, 17, 21, 22, 23, 24, 25, 26, 27, 28, 31, 32, 33, 34, 35, 41, 42, 43, 44, 45, 47, 48",0,0,False,-,6.3,sparse_annotation,"missing_codes(+1.30), sparse_annotation(+5.0)"
506,train_quadrant_enumeration_disease_138,train_573.png,train_quadrant_enumeration_disease,6,0,-,26,"11, 12, 13, 14, 15, 16, 18, 21, 22, 23, 24, 25, 26, 28, 31, 32, 34, 35, 36, 37, 38, 42, 43, 44, 45, 48",0,0,False,-,6.3,sparse_annotation,"missing_codes(+1.30), sparse_annotation(+5.0)"
507,train_quadrant_enumeration_disease_484,train_144.png,train_quadrant_enumeration_disease,6,0,-,26,"11, 12, 13, 14, 16, 17, 18, 21, 22, 23, 25, 27, 28, 31, 32, 33, 34, 35, 36, 38, 41, 42, 43, 46, 47, 48",0,0,False,-,6.3,sparse_annotation,"missing_codes(+1.30), sparse_annotation(+5.0)"
508,train_quadrant_enumeration_disease_60,train_292.png,train_quadrant_enumeration_disease,6,0,-,26,"11, 12, 13, 14, 15, 16, 17, 21, 22, 23, 24, 25, 27, 31, 32, 33, 34, 35, 36, 37, 41, 42, 43, 44, 45, 47",0,0,False,-,6.3,sparse_annotation,"missing_codes(+1.30), sparse_annotation(+5.0)"
509,train_quadrant_enumeration_disease_588,train_550.png,train_quadrant_enumeration_disease,6,0,-,26,"11, 12, 13, 14, 15, 16, 17, 21, 22, 23, 24, 25, 26, 28, 31, 32, 33, 35, 38, 41, 42, 43, 44, 45, 47, 48",0,0,False,-,6.3,sparse_annotation,"missing_codes(+1.30), sparse_annotation(+5.0)"
510,train_quadrant_enumeration_disease_647,train_422.png,train_quadrant_enumeration_disease,6,0,-,26,"11, 12, 13, 14, 15, 16, 21, 22, 23, 24, 26, 27, 28, 31, 32, 33, 34, 35, 37, 38, 41, 42, 44, 45, 46, 47",0,0,False,-,6.3,sparse_annotation,"missing_codes(+1.30), sparse_annotation(+5.0)"
511,train_quadrant_enumeration_disease_650,train_616.png,train_quadrant_enumeration_disease,6,0,-,26,"11, 12, 13, 15, 16, 17, 18, 21, 23, 24, 25, 26, 27, 28, 31, 32, 33, 34, 35, 37, 41, 42, 43, 44, 45, 46",0,0,False,-,6.3,sparse_annotation,"missing_codes(+1.30), sparse_annotation(+5.0)"
512,train_quadrant_enumeration_disease_80,train_431.png,train_quadrant_enumeration_disease,6,0,-,26,"11, 12, 13, 14, 16, 21, 22, 23, 24, 25, 26, 27, 31, 32, 33, 34, 35, 37, 38, 41, 42, 43, 44, 45, 46, 48",0,0,False,-,6.3,sparse_annotation,"missing_codes(+1.30), sparse_annotation(+5.0)"
513,train_quadrant_enumeration_disease_582,train_75.png,train_quadrant_enumeration_disease,6,0,-,26,"11, 12, 13, 14, 15, 17, 22, 23, 24, 25, 27, 28, 31, 32, 33, 34, 35, 36, 37, 41, 42, 43, 44, 45, 46, 47",0,0,False,-,6.3,sparse_annotation,"missing_codes(+1.30), sparse_annotation(+5.0)"
514,train_quadrant_enumeration_disease_658,train_13.png,train_quadrant_enumeration_disease,6,0,-,26,"11, 12, 13, 14, 15, 17, 21, 22, 23, 24, 25, 26, 27, 31, 32, 33, 34, 35, 36, 41, 42, 43, 44, 45, 46, 48",0,0,False,-,6.3,sparse_annotation,"missing_codes(+1.30), sparse_annotation(+5.0)"
515,train_quadrant_enumeration_disease_576,train_269.png,train_quadrant_enumeration_disease,6,0,-,26,"11, 12, 15, 17, 21, 22, 23, 24, 26, 27, 28, 31, 32, 33, 34, 35, 36, 37, 38, 41, 42, 43, 45, 46, 47, 48",0,0,False,-,6.3,sparse_annotation,"missing_codes(+1.30), sparse_annotation(+5.0)"
516,train_quadrant_enumeration_disease_662,train_360.png,train_quadrant_enumeration_disease,6,0,-,26,"11, 12, 13, 14, 15, 16, 21, 22, 23, 24, 25, 26, 31, 32, 33, 34, 35, 36, 37, 42, 43, 44, 45, 46, 47, 48",0,0,False,-,6.3,sparse_annotation,"missing_codes(+1.30), sparse_annotation(+5.0)"
517,train_quadrant_enumeration_disease_7,train_637.png,train_quadrant_enumeration_disease,6,0,-,26,"11, 12, 13, 14, 16, 17, 21, 22, 23, 24, 25, 27, 28, 31, 32, 33, 35, 36, 37, 38, 41, 42, 43, 45, 46, 48",0,0,False,-,6.3,sparse_annotation,"missing_codes(+1.30), sparse_annotation(+5.0)"
518,train_quadrant_enumeration_disease_571,train_345.png,train_quadrant_enumeration_disease,6,0,-,26,"11, 12, 13, 14, 15, 17, 21, 22, 23, 24, 25, 26, 31, 32, 33, 34, 35, 36, 37, 41, 42, 43, 44, 45, 46, 47",0,0,False,-,6.3,sparse_annotation,"missing_codes(+1.30), sparse_annotation(+5.0)"
519,train_quadrant_enumeration_disease_672,train_90.png,train_quadrant_enumeration_disease,6,0,-,26,"11, 12, 13, 14, 15, 17, 21, 22, 23, 24, 25, 27, 31, 32, 33, 34, 35, 36, 37, 41, 42, 43, 44, 45, 46, 47",0,0,False,-,6.3,sparse_annotation,"missing_codes(+1.30), sparse_annotation(+5.0)"
520,train_quadrant_enumeration_disease_675,train_444.png,train_quadrant_enumeration_disease,6,0,-,26,"11, 12, 13, 14, 15, 16, 17, 21, 22, 23, 24, 26, 27, 31, 32, 33, 34, 35, 37, 38, 41, 42, 43, 44, 45, 47",0,0,False,-,6.3,sparse_annotation,"missing_codes(+1.30), sparse_annotation(+5.0)"
521,train_quadrant_enumeration_disease_676,train_525.png,train_quadrant_enumeration_disease,6,0,-,26,"11, 12, 13, 14, 15, 16, 17, 18, 21, 22, 23, 24, 25, 26, 27, 28, 31, 32, 33, 34, 41, 42, 43, 44, 45, 47",0,0,False,-,6.3,sparse_annotation,"missing_codes(+1.30), sparse_annotation(+5.0)"
522,train_quadrant_enumeration_disease_68,train_404.png,train_quadrant_enumeration_disease,6,0,-,26,"11, 12, 13, 14, 15, 16, 17, 18, 21, 22, 23, 24, 25, 26, 31, 32, 33, 34, 35, 38, 41, 42, 43, 44, 45, 47",0,0,False,-,6.3,sparse_annotation,"missing_codes(+1.30), sparse_annotation(+5.0)"
523,train_quadrant_enumeration_disease_691,train_194.png,train_quadrant_enumeration_disease,6,0,-,26,"11, 12, 13, 14, 15, 18, 21, 22, 23, 24, 25, 27, 31, 32, 33, 34, 36, 37, 41, 42, 43, 44, 45, 46, 47, 48",0,0,False,-,6.3,sparse_annotation,"missing_codes(+1.30), sparse_annotation(+5.0)"
524,train_quadrant_enumeration_disease_6,train_62.png,train_quadrant_enumeration_disease,6,0,-,26,"11, 12, 13, 14, 16, 17, 21, 22, 23, 24, 26, 27, 31, 32, 33, 34, 35, 36, 37, 38, 41, 42, 43, 44, 47, 48",0,0,False,-,6.3,sparse_annotation,"missing_codes(+1.30), sparse_annotation(+5.0)"
525,train_quadrant_enumeration_disease_91,train_231.png,train_quadrant_enumeration_disease,6,0,-,26,"11, 12, 13, 14, 15, 17, 21, 22, 23, 24, 25, 26, 27, 31, 32, 34, 35, 36, 37, 41, 42, 43, 44, 46, 47, 48",0,0,False,-,6.3,sparse_annotation,"missing_codes(+1.30), sparse_annotation(+5.0)"
526,train_quadrant_enumeration_disease_83,train_110.png,train_quadrant_enumeration_disease,6,0,-,26,"11, 12, 13, 14, 15, 16, 21, 22, 23, 24, 25, 27, 31, 32, 33, 34, 35, 36, 37, 41, 42, 43, 44, 45, 46, 47",0,0,False,-,6.3,sparse_annotation,"missing_codes(+1.30), sparse_annotation(+5.0)"
527,train_quadrant_enumeration_disease_689,train_138.png,train_quadrant_enumeration_disease,6,0,-,26,"11, 12, 13, 14, 15, 16, 21, 22, 23, 24, 25, 27, 28, 31, 32, 33, 34, 35, 38, 41, 42, 43, 44, 45, 47, 48",0,0,False,-,6.3,sparse_annotation,"missing_codes(+1.30), sparse_annotation(+5.0)"
528,train_quadrant_enumeration_disease_630,train_490.png,train_quadrant_enumeration_disease,6,0,-,26,"11, 12, 13, 14, 15, 16, 17, 18, 21, 22, 23, 24, 27, 28, 31, 32, 33, 34, 35, 37, 38, 41, 42, 43, 44, 47",0,0,False,-,6.3,sparse_annotation,"missing_codes(+1.30), sparse_annotation(+5.0)"
529,validation_triple_13,val_16.png,validation_triple,6,0,-,26,"11, 12, 13, 14, 16, 17, 18, 21, 22, 23, 24, 25, 26, 27, 28, 31, 32, 33, 34, 35, 41, 42, 43, 44, 45, 46",0,0,False,-,6.3,sparse_annotation,"missing_codes(+1.30), sparse_annotation(+5.0)"
530,train_quadrant_enumeration_544,train_242.png,train_quadrant_enumeration,6,0,-,26,"11, 12, 13, 14, 15, 16, 17, 18, 21, 22, 23, 24, 25, 26, 27, 28, 34, 35, 36, 37, 38, 44, 45, 46, 47, 48",0,0,False,-,6.3,sparse_annotation,"missing_codes(+1.30), sparse_annotation(+5.0)"
531,validation_triple_6,val_21.png,validation_triple,6,0,-,26,"11, 12, 13, 14, 15, 16, 21, 22, 23, 24, 25, 26, 27, 28, 31, 32, 33, 34, 35, 36, 41, 42, 43, 44, 45, 47",0,0,False,-,6.3,sparse_annotation,"missing_codes(+1.30), sparse_annotation(+5.0)"
532,train_quadrant_enumeration_disease_59,train_698.png,train_quadrant_enumeration_disease,6,0,-,26,"11, 12, 13, 14, 15, 16, 18, 23, 24, 26, 27, 28, 31, 32, 33, 34, 35, 36, 37, 41, 42, 43, 44, 45, 47, 48",0,0,False,-,6.3,sparse_annotation,"missing_codes(+1.30), sparse_annotation(+5.0)"
533,train_quadrant_enumeration_disease_607,train_242.png,train_quadrant_enumeration_disease,6,0,-,26,"11, 12, 13, 14, 15, 18, 21, 22, 23, 24, 26, 27, 28, 31, 32, 33, 34, 35, 36, 41, 42, 43, 44, 45, 46, 48",0,0,False,-,6.3,sparse_annotation,"missing_codes(+1.30), sparse_annotation(+5.0)"
534,validation_triple_20,val_41.png,validation_triple,6,0,-,26,"11, 12, 13, 14, 15, 16, 17, 18, 21, 22, 23, 24, 25, 26, 27, 31, 32, 33, 34, 36, 41, 42, 43, 44, 45, 47",0,0,False,-,6.3,sparse_annotation,"missing_codes(+1.30), sparse_annotation(+5.0)"
535,validation_triple_3,val_33.png,validation_triple,6,0,-,26,"11, 12, 13, 14, 15, 18, 21, 22, 23, 24, 25, 27, 28, 31, 32, 33, 35, 37, 38, 41, 42, 43, 45, 46, 47, 48",0,0,False,-,6.3,sparse_annotation,"missing_codes(+1.30), sparse_annotation(+5.0)"
536,train_quadrant_enumeration_disease_184,train_102.png,train_quadrant_enumeration_disease,7,0,-,25,"13, 14, 15, 16, 17, 18, 23, 24, 25, 26, 27, 28, 31, 33, 34, 36, 37, 38, 41, 43, 44, 45, 46, 47, 48",0,0,False,-,6.25,sparse_annotation,"missing_codes(+1.25), sparse_annotation(+5.0)"
537,train_quadrant_enumeration_disease_477,train_77.png,train_quadrant_enumeration_disease,7,0,-,25,"11, 12, 13, 14, 15, 18, 21, 22, 23, 24, 25, 28, 31, 34, 35, 36, 37, 41, 42, 43, 44, 45, 46, 47, 48",0,0,False,-,6.25,sparse_annotation,"missing_codes(+1.25), sparse_annotation(+5.0)"
538,train_quadrant_enumeration_disease_608,train_36.png,train_quadrant_enumeration_disease,7,0,-,25,"11, 12, 13, 14, 15, 16, 21, 22, 23, 24, 25, 26, 27, 31, 32, 33, 34, 35, 36, 41, 42, 43, 44, 46, 47",0,0,False,-,6.25,sparse_annotation,"missing_codes(+1.25), sparse_annotation(+5.0)"
539,train_quadrant_enumeration_disease_621,train_671.png,train_quadrant_enumeration_disease,7,0,-,25,"11, 12, 13, 14, 15, 17, 21, 22, 23, 24, 25, 26, 27, 31, 32, 33, 34, 35, 38, 41, 42, 43, 44, 45, 46",0,0,False,-,6.25,sparse_annotation,"missing_codes(+1.25), sparse_annotation(+5.0)"
540,train_quadrant_enumeration_disease_107,train_686.png,train_quadrant_enumeration_disease,7,0,-,25,"11, 12, 13, 14, 15, 21, 22, 23, 24, 25, 26, 27, 31, 32, 33, 34, 35, 36, 37, 41, 42, 43, 44, 45, 48",0,0,False,-,6.25,sparse_annotation,"missing_codes(+1.25), sparse_annotation(+5.0)"
541,train_quadrant_enumeration_disease_386,train_121.png,train_quadrant_enumeration_disease,7,0,-,25,"13, 14, 15, 16, 17, 18, 21, 22, 23, 24, 25, 31, 32, 33, 34, 35, 36, 41, 42, 43, 44, 45, 46, 47, 48",0,0,False,-,6.25,sparse_annotation,"missing_codes(+1.25), sparse_annotation(+5.0)"
542,train_quadrant_enumeration_disease_211,train_402.png,train_quadrant_enumeration_disease,7,0,-,25,"11, 12, 13, 14, 15, 18, 21, 22, 23, 24, 25, 27, 28, 31, 32, 33, 34, 35, 38, 41, 42, 43, 44, 45, 47",0,0,False,-,6.25,sparse_annotation,"missing_codes(+1.25), sparse_annotation(+5.0)"
543,train_quadrant_enumeration_disease_215,train_471.png,train_quadrant_enumeration_disease,7,0,-,25,"11, 12, 13, 14, 15, 17, 21, 22, 23, 24, 25, 27, 31, 32, 33, 34, 36, 38, 41, 42, 43, 44, 45, 46, 48",0,0,False,-,6.25,sparse_annotation,"missing_codes(+1.25), sparse_annotation(+5.0)"
544,train_quadrant_enumeration_disease_411,train_83.png,train_quadrant_enumeration_disease,7,0,-,25,"11, 13, 14, 16, 17, 21, 22, 24, 25, 26, 27, 28, 31, 32, 33, 35, 36, 38, 41, 42, 43, 44, 45, 47, 48",0,0,False,-,6.25,sparse_annotation,"missing_codes(+1.25), sparse_annotation(+5.0)"
545,train_quadrant_enumeration_disease_458,train_461.png,train_quadrant_enumeration_disease,7,0,-,25,"11, 12, 13, 14, 15, 17, 18, 21, 22, 23, 25, 26, 28, 31, 32, 33, 34, 35, 37, 41, 42, 43, 44, 45, 46",0,0,False,-,6.25,sparse_annotation,"missing_codes(+1.25), sparse_annotation(+5.0)"
546,train_quadrant_enumeration_disease_664,train_368.png,train_quadrant_enumeration_disease,7,0,-,25,"11, 12, 13, 14, 15, 16, 21, 22, 23, 24, 25, 31, 32, 33, 34, 35, 36, 38, 41, 42, 43, 44, 45, 46, 48",0,0,False,-,6.25,sparse_annotation,"missing_codes(+1.25), sparse_annotation(+5.0)"
547,train_quadrant_enumeration_disease_119,train_300.png,train_quadrant_enumeration_disease,7,0,-,25,"11, 12, 13, 14, 15, 17, 21, 22, 23, 24, 25, 26, 27, 31, 32, 33, 34, 35, 36, 37, 41, 42, 43, 44, 45",0,0,False,-,6.25,sparse_annotation,"missing_codes(+1.25), sparse_annotation(+5.0)"
548,train_quadrant_enumeration_disease_129,train_166.png,train_quadrant_enumeration_disease,7,0,-,25,"12, 13, 14, 15, 16, 17, 18, 24, 25, 26, 27, 28, 31, 32, 36, 37, 38, 41, 42, 43, 44, 45, 46, 47, 48",0,0,False,-,6.25,sparse_annotation,"missing_codes(+1.25), sparse_annotation(+5.0)"
549,train_quadrant_enumeration_disease_164,train_510.png,train_quadrant_enumeration_disease,7,0,-,25,"12, 14, 15, 16, 18, 22, 25, 26, 27, 28, 31, 32, 33, 34, 35, 36, 37, 38, 41, 42, 43, 44, 45, 46, 48",0,0,False,-,6.25,sparse_annotation,"missing_codes(+1.25), sparse_annotation(+5.0)"
550,train_quadrant_enumeration_disease_162,train_505.png,train_quadrant_enumeration_disease,7,0,-,25,"11, 12, 13, 14, 15, 16, 17, 21, 22, 23, 24, 25, 27, 31, 33, 35, 37, 38, 41, 42, 43, 44, 45, 47, 48",0,0,False,-,6.25,sparse_annotation,"missing_codes(+1.25), sparse_annotation(+5.0)"
551,train_quadrant_enumeration_disease_659,train_463.png,train_quadrant_enumeration_disease,7,0,-,25,"11, 12, 13, 14, 15, 17, 18, 21, 22, 23, 26, 28, 31, 32, 33, 34, 35, 36, 38, 41, 42, 43, 44, 45, 48",0,0,False,-,6.25,sparse_annotation,"missing_codes(+1.25), sparse_annotation(+5.0)"
552,train_quadrant_enumeration_disease_409,train_478.png,train_quadrant_enumeration_disease,7,0,-,25,"11, 12, 13, 14, 15, 16, 17, 18, 21, 22, 24, 31, 32, 33, 34, 35, 38, 41, 42, 43, 44, 45, 46, 47, 48",0,0,False,-,6.25,sparse_annotation,"missing_codes(+1.25), sparse_annotation(+5.0)"
553,train_quadrant_enumeration_disease_121,train_531.png,train_quadrant_enumeration_disease,7,0,-,25,"11, 12, 13, 15, 18, 21, 22, 23, 25, 26, 27, 28, 31, 32, 33, 34, 35, 38, 41, 42, 43, 44, 46, 47, 48",0,0,False,-,6.25,sparse_annotation,"missing_codes(+1.25), sparse_annotation(+5.0)"
554,train_quadrant_enumeration_disease_147,train_428.png,train_quadrant_enumeration_disease,7,0,-,25,"11, 12, 13, 14, 15, 16, 18, 21, 22, 23, 24, 25, 26, 27, 31, 32, 33, 34, 41, 42, 43, 44, 45, 47, 48",0,0,False,-,6.25,sparse_annotation,"missing_codes(+1.25), sparse_annotation(+5.0)"
555,train_quadrant_enumeration_disease_122,train_246.png,train_quadrant_enumeration_disease,7,0,-,25,"11, 12, 13, 14, 15, 16, 17, 21, 22, 23, 24, 25, 27, 31, 32, 33, 34, 35, 36, 41, 42, 43, 44, 45, 46",0,0,False,-,6.25,sparse_annotation,"missing_codes(+1.25), sparse_annotation(+5.0)"
556,train_quadrant_enumeration_disease_565,train_268.png,train_quadrant_enumeration_disease,7,0,-,25,"11, 12, 13, 14, 15, 16, 17, 21, 22, 23, 24, 25, 26, 31, 32, 33, 34, 35, 36, 37, 41, 42, 43, 44, 45",0,0,False,-,6.25,sparse_annotation,"missing_codes(+1.25), sparse_annotation(+5.0)"
557,train_quadrant_enumeration_disease_462,train_651.png,train_quadrant_enumeration_disease,7,0,-,25,"11, 12, 13, 14, 15, 17, 21, 22, 23, 24, 25, 27, 31, 32, 33, 34, 35, 37, 41, 42, 43, 44, 45, 47, 48",0,0,False,-,6.25,sparse_annotation,"missing_codes(+1.25), sparse_annotation(+5.0)"
558,train_quadrant_enumeration_disease_46,train_654.png,train_quadrant_enumeration_disease,7,0,-,25,"11, 12, 13, 14, 15, 16, 17, 18, 21, 22, 23, 24, 25, 26, 27, 31, 32, 33, 36, 38, 41, 42, 43, 46, 48",0,0,False,-,6.25,sparse_annotation,"missing_codes(+1.25), sparse_annotation(+5.0)"
559,train_quadrant_enumeration_disease_169,train_372.png,train_quadrant_enumeration_disease,7,0,-,25,"11, 12, 13, 14, 15, 17, 21, 22, 23, 24, 25, 27, 31, 32, 33, 34, 35, 36, 37, 41, 42, 43, 44, 45, 47",0,0,False,-,6.25,sparse_annotation,"missing_codes(+1.25), sparse_annotation(+5.0)"
560,train_quadrant_enumeration_disease_160,train_220.png,train_quadrant_enumeration_disease,7,0,-,25,"11, 12, 13, 14, 15, 17, 21, 22, 23, 24, 25, 26, 27, 31, 32, 33, 34, 35, 41, 42, 43, 44, 45, 46, 47",0,0,False,-,6.25,sparse_annotation,"missing_codes(+1.25), sparse_annotation(+5.0)"
561,train_quadrant_enumeration_disease_378,train_161.png,train_quadrant_enumeration_disease,7,0,-,25,"11, 12, 13, 14, 16, 17, 21, 22, 23, 24, 25, 26, 27, 31, 32, 33, 34, 35, 36, 41, 42, 43, 44, 45, 47",0,0,False,-,6.25,sparse_annotation,"missing_codes(+1.25), sparse_annotation(+5.0)"
562,train_quadrant_enumeration_disease_704,train_599.png,train_quadrant_enumeration_disease,7,0,-,25,"11, 12, 13, 14, 16, 17, 21, 22, 23, 25, 26, 28, 31, 32, 33, 34, 36, 37, 41, 42, 43, 44, 45, 46, 48",0,0,False,-,6.25,sparse_annotation,"missing_codes(+1.25), sparse_annotation(+5.0)"
563,train_quadrant_enumeration_disease_551,train_339.png,train_quadrant_enumeration_disease,7,0,-,25,"11, 12, 13, 14, 15, 16, 17, 21, 22, 23, 24, 25, 27, 31, 32, 33, 34, 35, 37, 41, 42, 43, 44, 45, 46",0,0,False,-,6.25,sparse_annotation,"missing_codes(+1.25), sparse_annotation(+5.0)"
564,train_quadrant_enumeration_disease_223,train_446.png,train_quadrant_enumeration_disease,7,0,-,25,"11, 12, 13, 14, 15, 17, 18, 21, 22, 23, 24, 25, 27, 28, 31, 32, 33, 34, 35, 41, 42, 43, 44, 45, 47",0,0,False,-,6.25,sparse_annotation,"missing_codes(+1.25), sparse_annotation(+5.0)"
565,train_quadrant_enumeration_disease_283,train_555.png,train_quadrant_enumeration_disease,7,0,-,25,"11, 12, 13, 14, 15, 16, 17, 21, 22, 23, 25, 27, 31, 32, 33, 34, 35, 36, 37, 38, 41, 42, 43, 45, 48",0,0,False,-,6.25,sparse_annotation,"missing_codes(+1.25), sparse_annotation(+5.0)"
566,train_quadrant_enumeration_disease_9,train_509.png,train_quadrant_enumeration_disease,7,0,-,25,"11, 12, 13, 14, 17, 21, 22, 23, 24, 25, 26, 27, 31, 32, 33, 34, 35, 36, 37, 38, 41, 43, 46, 47, 48",0,0,False,-,6.25,sparse_annotation,"missing_codes(+1.25), sparse_annotation(+5.0)"
567,train_quadrant_enumeration_disease_30,train_499.png,train_quadrant_enumeration_disease,7,0,-,25,"11, 12, 13, 14, 15, 16, 17, 21, 22, 23, 24, 25, 31, 32, 33, 34, 35, 36, 37, 41, 42, 43, 44, 45, 47",0,0,False,-,6.25,sparse_annotation,"missing_codes(+1.25), sparse_annotation(+5.0)"
568,train_quadrant_enumeration_disease_514,train_472.png,train_quadrant_enumeration_disease,7,0,-,25,"11, 12, 13, 14, 15, 16, 17, 21, 22, 23, 24, 25, 26, 27, 31, 32, 33, 35, 36, 37, 41, 42, 43, 44, 45",0,0,False,-,6.25,sparse_annotation,"missing_codes(+1.25), sparse_annotation(+5.0)"
569,validation_triple_1,val_15.png,validation_triple,7,0,-,25,"11, 12, 13, 14, 15, 17, 21, 22, 23, 24, 25, 26, 27, 31, 32, 33, 34, 35, 37, 41, 42, 43, 44, 45, 47",0,0,False,-,6.25,sparse_annotation,"missing_codes(+1.25), sparse_annotation(+5.0)"
570,train_quadrant_enumeration_disease_311,train_468.png,train_quadrant_enumeration_disease,7,0,-,25,"11, 12, 13, 14, 15, 16, 21, 22, 23, 24, 25, 28, 31, 32, 33, 34, 35, 38, 41, 42, 43, 44, 45, 47, 48",0,0,False,-,6.25,sparse_annotation,"missing_codes(+1.25), sparse_annotation(+5.0)"
571,train_quadrant_enumeration_disease_312,train_423.png,train_quadrant_enumeration_disease,7,0,-,25,"11, 12, 13, 14, 15, 17, 21, 22, 23, 24, 25, 27, 31, 32, 33, 34, 35, 36, 37, 41, 42, 43, 44, 45, 47",0,0,False,-,6.25,sparse_annotation,"missing_codes(+1.25), sparse_annotation(+5.0)"
572,train_quadrant_enumeration_disease_315,train_234.png,train_quadrant_enumeration_disease,7,0,-,25,"11, 12, 13, 14, 15, 18, 21, 22, 23, 24, 25, 27, 28, 31, 32, 33, 34, 37, 38, 42, 43, 44, 45, 46, 48",0,0,False,-,6.25,sparse_annotation,"missing_codes(+1.25), sparse_annotation(+5.0)"
573,validation_triple_29,val_1.png,validation_triple,7,0,-,25,"11, 12, 13, 14, 15, 17, 21, 22, 23, 24, 25, 26, 27, 31, 32, 33, 34, 35, 37, 41, 42, 43, 44, 45, 46",0,0,False,-,6.25,sparse_annotation,"missing_codes(+1.25), sparse_annotation(+5.0)"
574,train_quadrant_enumeration_disease_525,train_628.png,train_quadrant_enumeration_disease,7,0,-,25,"11, 12, 13, 14, 16, 17, 18, 21, 22, 23, 24, 25, 26, 27, 28, 31, 32, 33, 34, 37, 38, 41, 42, 43, 45",0,0,False,-,6.25,sparse_annotation,"missing_codes(+1.25), sparse_annotation(+5.0)"
575,train_quadrant_enumeration_disease_322,train_241.png,train_quadrant_enumeration_disease,7,0,-,25,"11, 12, 13, 18, 21, 22, 23, 24, 26, 27, 28, 31, 32, 33, 34, 35, 38, 41, 42, 43, 44, 45, 46, 47, 48",0,0,False,-,6.25,sparse_annotation,"missing_codes(+1.25), sparse_annotation(+5.0)"
576,train_quadrant_enumeration_disease_529,train_494.png,train_quadrant_enumeration_disease,7,0,-,25,"11, 12, 13, 14, 15, 16, 17, 21, 22, 23, 24, 25, 26, 27, 28, 32, 33, 34, 35, 36, 41, 42, 44, 45, 46",0,0,False,-,6.25,sparse_annotation,"missing_codes(+1.25), sparse_annotation(+5.0)"
577,validation_triple_44,val_10.png,validation_triple,7,0,-,25,"11, 12, 13, 14, 15, 17, 21, 22, 23, 25, 26, 27, 28, 31, 32, 33, 34, 37, 41, 42, 43, 44, 46, 47, 48",0,0,False,-,6.25,sparse_annotation,"missing_codes(+1.25), sparse_annotation(+5.0)"
578,train_quadrant_enumeration_disease_365,train_688.png,train_quadrant_enumeration_disease,7,0,-,25,"11, 12, 13, 14, 15, 17, 18, 21, 22, 23, 24, 26, 27, 28, 31, 32, 33, 34, 35, 36, 41, 42, 43, 44, 46",0,0,False,-,6.25,sparse_annotation,"missing_codes(+1.25), sparse_annotation(+5.0)"
579,train_quadrant_enumeration_disease_73,train_474.png,train_quadrant_enumeration_disease,7,0,-,25,"11, 12, 13, 14, 15, 18, 21, 22, 23, 24, 25, 27, 31, 32, 33, 34, 35, 37, 38, 41, 42, 43, 44, 45, 48",0,0,False,-,6.25,sparse_annotation,"missing_codes(+1.25), sparse_annotation(+5.0)"
580,train_quadrant_enumeration_disease_241,train_519.png,train_quadrant_enumeration_disease,7,0,-,25,"11, 12, 13, 14, 16, 18, 21, 23, 24, 26, 28, 31, 32, 35, 36, 37, 38, 41, 42, 43, 44, 45, 46, 47, 48",0,0,False,-,6.25,sparse_annotation,"missing_codes(+1.25), sparse_annotation(+5.0)"
581,train_quadrant_enumeration_disease_25,train_176.png,train_quadrant_enumeration_disease,7,0,-,25,"11, 12, 13, 15, 17, 18, 21, 22, 23, 24, 27, 28, 31, 32, 33, 34, 37, 38, 41, 42, 43, 44, 45, 47, 48",0,0,False,-,6.25,sparse_annotation,"missing_codes(+1.25), sparse_annotation(+5.0)"
582,train_quadrant_enumeration_disease_230,train_540.png,train_quadrant_enumeration_disease,7,0,-,25,"11, 12, 13, 14, 15, 16, 17, 18, 21, 22, 23, 24, 26, 27, 31, 32, 33, 34, 38, 41, 42, 43, 44, 45, 47",0,0,False,-,6.25,sparse_annotation,"missing_codes(+1.25), sparse_annotation(+5.0)"
583,train_quadrant_enumeration_disease_234,train_681.png,train_quadrant_enumeration_disease,7,0,-,25,"11, 12, 13, 17, 18, 21, 22, 23, 24, 25, 26, 28, 31, 32, 33, 35, 36, 37, 38, 41, 42, 43, 45, 47, 48",0,0,False,-,6.25,sparse_annotation,"missing_codes(+1.25), sparse_annotation(+5.0)"
584,train_quadrant_enumeration_disease_561,train_539.png,train_quadrant_enumeration_disease,7,0,-,25,"11, 12, 13, 14, 15, 16, 17, 21, 22, 23, 24, 25, 31, 32, 33, 34, 35, 36, 37, 41, 42, 43, 44, 45, 47",0,0,False,-,6.25,sparse_annotation,"missing_codes(+1.25), sparse_annotation(+5.0)"
585,train_quadrant_enumeration_disease_237,train_548.png,train_quadrant_enumeration_disease,7,0,-,25,"11, 12, 13, 14, 16, 17, 18, 21, 22, 23, 26, 27, 28, 31, 32, 33, 34, 35, 38, 41, 42, 43, 44, 45, 46",0,0,False,-,6.25,sparse_annotation,"missing_codes(+1.25), sparse_annotation(+5.0)"
586,train_quadrant_enumeration_disease_697,train_224.png,train_quadrant_enumeration_disease,7,0,-,25,"11, 12, 13, 14, 15, 16, 17, 18, 21, 22, 23, 24, 25, 27, 31, 32, 33, 34, 37, 41, 42, 43, 44, 46, 47",0,0,False,-,6.25,sparse_annotation,"missing_codes(+1.25), sparse_annotation(+5.0)"
587,train_quadrant_enumeration_disease_24,train_251.png,train_quadrant_enumeration_disease,7,0,-,25,"11, 12, 13, 15, 16, 17, 18, 21, 24, 25, 27, 28, 31, 32, 33, 34, 35, 37, 38, 41, 42, 43, 46, 47, 48",0,0,False,-,6.25,sparse_annotation,"missing_codes(+1.25), sparse_annotation(+5.0)"
588,train_quadrant_enumeration_disease_249,train_365.png,train_quadrant_enumeration_disease,7,0,-,25,"11, 12, 13, 14, 15, 17, 18, 21, 22, 23, 24, 28, 31, 32, 33, 34, 35, 37, 38, 41, 42, 43, 44, 47, 48",0,0,False,-,6.25,sparse_annotation,"missing_codes(+1.25), sparse_annotation(+5.0)"
589,train_quadrant_enumeration_disease_690,train_668.png,train_quadrant_enumeration_disease,7,0,-,25,"11, 12, 13, 14, 15, 17, 18, 21, 22, 23, 24, 27, 28, 31, 32, 34, 35, 37, 38, 41, 42, 43, 44, 47, 48",0,0,False,-,6.25,sparse_annotation,"missing_codes(+1.25), sparse_annotation(+5.0)"
590,train_quadrant_enumeration_disease_252,train_454.png,train_quadrant_enumeration_disease,7,0,-,25,"11, 12, 13, 14, 15, 16, 17, 21, 22, 23, 24, 25, 26, 31, 32, 33, 34, 36, 41, 42, 43, 44, 45, 46, 47",0,0,False,-,6.25,sparse_annotation,"missing_codes(+1.25), sparse_annotation(+5.0)"
591,train_quadrant_enumeration_disease_23,train_348.png,train_quadrant_enumeration_disease,9,0,-,23,"11, 12, 14, 15, 17, 21, 22, 23, 24, 25, 27, 31, 32, 33, 34, 37, 38, 41, 42, 43, 44, 45, 47",2,0,False,"26: expected image-upper (y<=0.55), got y=0.552; 16: expected image-upper (y<=0.55), got y=0.557",5.15,single_axis_position,"single_axis_position(+4.0), missing_codes(+1.15)"
592,validation_triple_16,val_31.png,validation_triple,9,0,-,23,"11, 12, 13, 14, 15, 17, 21, 22, 23, 24, 25, 27, 31, 32, 33, 34, 35, 37, 41, 42, 43, 44, 45",2,0,False,"16: expected image-upper (y<=0.55), got y=0.566; 26: expected image-upper (y<=0.55), got y=0.554",5.15,single_axis_position,"single_axis_position(+4.0), missing_codes(+1.15)"
593,train_quadrant_enumeration_530,train_419.png,train_quadrant_enumeration,25,0,-,7,"11, 12, 21, 22, 28, 38, 46",2,0,False,"14: expected image-upper (y<=0.55), got y=0.551; 26: expected image-upper (y<=0.55), got y=0.555",4.35,single_axis_position,"single_axis_position(+4.0), missing_codes(+0.35)"
594,train_quadrant_enumeration_disease_235,train_261.png,train_quadrant_enumeration_disease,8,1,37x2,25,"11, 12, 13, 14, 15, 16, 18, 21, 22, 23, 24, 25, 28, 31, 32, 33, 34, 35, 38, 41, 42, 43, 44, 45, 46",0,0,False,-,4.25,duplicate_codes,"duplicate_codes(+3.0), missing_codes(+1.25)"
595,train_quadrant_enumeration_disease_528,train_625.png,train_quadrant_enumeration_disease,8,1,36x2,25,"11, 12, 13, 14, 15, 21, 22, 23, 24, 25, 26, 27, 31, 32, 33, 34, 35, 37, 41, 42, 43, 44, 45, 46, 47",0,0,False,-,4.25,duplicate_codes,"duplicate_codes(+3.0), missing_codes(+1.25)"
596,train_quadrant_enumeration_disease_325,train_281.png,train_quadrant_enumeration_disease,8,1,46x2,25,"11, 12, 13, 14, 15, 17, 21, 22, 23, 24, 25, 27, 31, 32, 33, 34, 35, 37, 38, 41, 42, 43, 44, 45, 48",0,0,False,-,4.25,duplicate_codes,"duplicate_codes(+3.0), missing_codes(+1.25)"
597,train_quadrant_enumeration_disease_661,train_82.png,train_quadrant_enumeration_disease,8,1,45x2,25,"11, 12, 13, 14, 15, 16, 17, 18, 21, 22, 23, 24, 25, 31, 32, 33, 34, 35, 36, 37, 41, 42, 43, 44, 47",0,0,False,-,4.25,duplicate_codes,"duplicate_codes(+3.0), missing_codes(+1.25)"
598,train_quadrant_enumeration_disease_26,train_621.png,train_quadrant_enumeration_disease,8,1,35x2,25,"11, 12, 13, 14, 15, 16, 18, 21, 22, 23, 24, 25, 26, 28, 31, 32, 33, 34, 41, 43, 44, 45, 46, 47, 48",0,0,False,-,4.25,duplicate_codes,"duplicate_codes(+3.0), missing_codes(+1.25)"
599,train_quadrant_enumeration_disease_97,train_141.png,train_quadrant_enumeration_disease,8,1,14x2,25,"11, 12, 13, 15, 16, 17, 18, 21, 22, 23, 24, 25, 31, 32, 33, 34, 35, 36, 37, 41, 42, 43, 44, 46, 48",0,0,False,-,4.25,duplicate_codes,"duplicate_codes(+3.0), missing_codes(+1.25)"
600,train_quadrant_enumeration_disease_463,train_691.png,train_quadrant_enumeration_disease,8,1,36x2,25,"11, 12, 13, 14, 15, 17, 21, 22, 23, 24, 25, 26, 31, 32, 33, 34, 35, 41, 42, 43, 44, 45, 46, 47, 48",0,0,False,-,4.25,duplicate_codes,"duplicate_codes(+3.0), missing_codes(+1.25)"
601,train_quadrant_enumeration_disease_182,train_467.png,train_quadrant_enumeration_disease,8,1,44x2,25,"11, 12, 13, 14, 15, 16, 17, 18, 21, 22, 23, 24, 27, 28, 31, 32, 33, 35, 36, 37, 38, 41, 42, 43, 48",0,0,False,-,4.25,duplicate_codes,"duplicate_codes(+3.0), missing_codes(+1.25)"
602,train_quadrant_enumeration_disease_256,train_583.png,train_quadrant_enumeration_disease,8,1,47x2,25,"11, 12, 13, 14, 15, 16, 17, 18, 21, 22, 23, 24, 25, 26, 27, 28, 31, 32, 33, 36, 41, 42, 43, 44, 46",0,0,False,-,4.25,duplicate_codes,"duplicate_codes(+3.0), missing_codes(+1.25)"
603,train_quadrant_enumeration_disease_399,train_605.png,train_quadrant_enumeration_disease,9,1,36x2,24,"11, 12, 13, 14, 15, 17, 21, 22, 23, 24, 25, 26, 27, 28, 31, 32, 33, 34, 35, 41, 42, 43, 46, 48",0,0,False,-,4.2,duplicate_codes,"duplicate_codes(+3.0), missing_codes(+1.20)"
604,train_quadrant_enumeration_disease_39,train_41.png,train_quadrant_enumeration_disease,9,1,15x2,24,"11, 12, 14, 18, 21, 22, 23, 24, 26, 28, 31, 32, 33, 34, 35, 36, 37, 41, 42, 43, 44, 45, 46, 48",0,0,False,-,4.2,duplicate_codes,"duplicate_codes(+3.0), missing_codes(+1.20)"
605,train_quadrant_enumeration_disease_288,train_98.png,train_quadrant_enumeration_disease,9,1,47x2,24,"11, 12, 13, 14, 15, 16, 21, 22, 23, 24, 31, 32, 33, 34, 35, 37, 38, 41, 42, 43, 44, 45, 46, 48",0,0,False,-,4.2,duplicate_codes,"duplicate_codes(+3.0), missing_codes(+1.20)"
606,train_quadrant_enumeration_disease_64,train_541.png,train_quadrant_enumeration_disease,9,1,47x2,24,"11, 12, 13, 14, 15, 21, 22, 23, 24, 25, 26, 27, 31, 32, 33, 34, 35, 37, 41, 42, 43, 44, 45, 46",0,0,False,-,4.2,duplicate_codes,"duplicate_codes(+3.0), missing_codes(+1.20)"
607,train_quadrant_enumeration_disease_531,train_523.png,train_quadrant_enumeration_disease,9,1,38x2,24,"11, 12, 13, 16, 18, 21, 22, 23, 24, 25, 27, 31, 32, 33, 34, 35, 41, 42, 43, 44, 45, 46, 47, 48",0,0,False,-,4.2,duplicate_codes,"duplicate_codes(+3.0), missing_codes(+1.20)"
608,train_quadrant_enumeration_disease_509,train_272.png,train_quadrant_enumeration_disease,9,1,37x2,24,"11, 12, 13, 14, 15, 16, 17, 18, 21, 22, 23, 24, 26, 31, 32, 33, 34, 35, 36, 41, 42, 43, 46, 48",0,0,False,-,4.2,duplicate_codes,"duplicate_codes(+3.0), missing_codes(+1.20)"
609,train_quadrant_enumeration_disease_487,train_503.png,train_quadrant_enumeration_disease,9,1,46x2,24,"11, 12, 13, 14, 15, 17, 21, 22, 23, 26, 27, 31, 32, 33, 34, 35, 36, 41, 42, 43, 44, 45, 47, 48",0,0,False,-,4.2,duplicate_codes,"duplicate_codes(+3.0), missing_codes(+1.20)"
610,train_quadrant_enumeration_disease_239,train_696.png,train_quadrant_enumeration_disease,10,1,36x2,23,"11, 12, 13, 14, 15, 16, 18, 21, 23, 24, 25, 27, 28, 31, 32, 33, 34, 41, 42, 43, 44, 46, 48",0,0,False,-,4.15,duplicate_codes,"duplicate_codes(+3.0), missing_codes(+1.15)"
611,train_quadrant_enumeration_disease_439,train_387.png,train_quadrant_enumeration_disease,10,1,36x2,23,"11, 12, 13, 14, 15, 17, 18, 21, 22, 23, 24, 27, 28, 31, 32, 33, 41, 42, 43, 44, 45, 46, 48",0,0,False,-,4.15,duplicate_codes,"duplicate_codes(+3.0), missing_codes(+1.15)"
612,train_quadrant_enumeration_disease_403,train_639.png,train_quadrant_enumeration_disease,10,1,37x2,23,"11, 12, 13, 18, 21, 22, 23, 25, 26, 27, 28, 31, 32, 33, 34, 35, 36, 38, 41, 42, 43, 44, 46",0,0,False,-,4.15,duplicate_codes,"duplicate_codes(+3.0), missing_codes(+1.15)"
613,train_quadrant_enumeration_disease_404,train_582.png,train_quadrant_enumeration_disease,11,1,38x2,22,"11, 12, 13, 14, 15, 17, 21, 22, 23, 24, 25, 27, 31, 32, 33, 34, 35, 41, 42, 43, 44, 45",0,0,False,-,4.1,duplicate_codes,"duplicate_codes(+3.0), missing_codes(+1.10)"
614,train_quadrant_enumeration_disease_8,train_187.png,train_quadrant_enumeration_disease,11,1,36x2,22,"11, 12, 13, 15, 17, 21, 22, 23, 24, 26, 27, 31, 32, 33, 34, 41, 42, 43, 44, 45, 46, 47",0,0,False,-,4.1,duplicate_codes,"duplicate_codes(+3.0), missing_codes(+1.10)"
615,validation_triple_31,val_28.png,validation_triple,11,1,36x2,22,"12, 13, 14, 17, 21, 22, 23, 24, 25, 27, 31, 32, 33, 34, 35, 37, 41, 42, 43, 44, 45, 47",0,0,False,-,4.1,duplicate_codes,"duplicate_codes(+3.0), missing_codes(+1.10)"
616,train_quadrant_enumeration_318,train_571.png,train_quadrant_enumeration,31,0,-,1,46,2,0,False,"11: expected image-upper (y<=0.55), got y=0.557; 21: expected image-upper (y<=0.55), got y=0.557",4.05,single_axis_position,"single_axis_position(+4.0), missing_codes(+0.05)"
617,train_quadrant_enumeration_disease_306,train_280.png,train_quadrant_enumeration_disease,15,1,15x2,18,"11, 12, 13, 14, 21, 26, 27, 28, 31, 32, 33, 38, 41, 42, 43, 44, 45, 48",0,0,False,-,3.9,duplicate_codes,"duplicate_codes(+3.0), missing_codes(+0.90)"
618,train_quadrant_enumeration_disease_246,train_159.png,train_quadrant_enumeration_disease,15,1,34x2,18,"11, 12, 13, 14, 15, 16, 21, 24, 26, 27, 28, 31, 32, 33, 35, 36, 38, 41",0,0,False,-,3.9,duplicate_codes,"duplicate_codes(+3.0), missing_codes(+0.90)"
619,train_quadrant_enumeration_disease_58,train_663.png,train_quadrant_enumeration_disease,15,1,46x2,18,"11, 12, 13, 14, 15, 18, 21, 22, 23, 32, 33, 36, 37, 38, 41, 42, 44, 48",0,0,False,-,3.9,duplicate_codes,"duplicate_codes(+3.0), missing_codes(+0.90)"
620,train_quadrant_enumeration_510,train_70.png,train_quadrant_enumeration,25,1,44x2,8,"13, 14, 15, 16, 18, 34, 38, 48",0,0,False,-,3.4,duplicate_codes,"duplicate_codes(+3.0), missing_codes(+0.40)"
621,train_quadrant_enumeration_151,train_247.png,train_quadrant_enumeration,25,1,41x2,8,"16, 18, 24, 25, 28, 38, 46, 47",0,0,False,-,3.4,duplicate_codes,"duplicate_codes(+3.0), missing_codes(+0.40)"
622,train_quadrant_enumeration_420,train_486.png,train_quadrant_enumeration,26,1,36x2,7,"17, 18, 26, 27, 28, 32, 47",0,0,False,-,3.35,duplicate_codes,"duplicate_codes(+3.0), missing_codes(+0.35)"
623,train_quadrant_enumeration_149,train_415.png,train_quadrant_enumeration,27,1,31x2,6,"18, 26, 28, 36, 45, 48",0,0,False,-,3.3,duplicate_codes,"duplicate_codes(+3.0), missing_codes(+0.30)"
624,train_quadrant_enumeration_133,train_255.png,train_quadrant_enumeration,29,1,26x2,4,"18, 38, 47, 48",0,0,False,-,3.2,duplicate_codes,"duplicate_codes(+3.0), missing_codes(+0.20)"
625,train_quadrant_enumeration_disease_151,train_303.png,train_quadrant_enumeration_disease,8,0,-,24,"11, 12, 13, 14, 15, 17, 21, 22, 23, 24, 25, 27, 28, 31, 32, 33, 35, 37, 38, 42, 43, 45, 46, 47",1,0,False,"48: expected image-left (x<=0.55), got x=0.713",3.2,single_axis_position,"single_axis_position(+2.0), missing_codes(+1.20)"
626,train_quadrant_enumeration_381,train_535.png,train_quadrant_enumeration,29,1,23x2,4,"18, 22, 28, 46",0,0,False,-,3.2,duplicate_codes,"duplicate_codes(+3.0), missing_codes(+0.20)"
627,train_quadrant_enumeration_492,train_504.png,train_quadrant_enumeration,29,1,46x2,4,"18, 25, 35, 48",0,0,False,-,3.2,duplicate_codes,"duplicate_codes(+3.0), missing_codes(+0.20)"
628,train_quadrant_enumeration_557,train_222.png,train_quadrant_enumeration,29,1,26x2,4,"18, 28, 38, 48",0,0,False,-,3.2,duplicate_codes,"duplicate_codes(+3.0), missing_codes(+0.20)"
629,train_quadrant_enumeration_270,train_584.png,train_quadrant_enumeration,31,1,43x2,2,"36, 44",0,0,False,-,3.1,duplicate_codes,"duplicate_codes(+3.0), missing_codes(+0.10)"
630,train_quadrant_enumeration_disease_556,train_192.png,train_quadrant_enumeration_disease,11,0,-,21,"11, 12, 13, 14, 17, 21, 22, 23, 24, 25, 31, 32, 33, 34, 37, 41, 42, 43, 44, 45, 47",1,0,False,"15: expected image-upper (y<=0.55), got y=0.555",3.05,single_axis_position,"single_axis_position(+2.0), missing_codes(+1.05)"
631,train_quadrant_enumeration_390,train_24.png,train_quadrant_enumeration,32,1,36x2,1,38,0,0,False,-,3.05,duplicate_codes,"duplicate_codes(+3.0), missing_codes(+0.05)"
632,train_quadrant_enumeration_261,train_14.png,train_quadrant_enumeration,25,0,-,7,"15, 16, 25, 26, 28, 37, 46",1,0,False,"38: expected image-lower (y>=0.45), got y=0.443",2.35,single_axis_position,"single_axis_position(+2.0), missing_codes(+0.35)"
633,train_quadrant_enumeration_199,train_129.png,train_quadrant_enumeration,26,0,-,6,"18, 24, 26, 36, 45, 48",1,0,False,"28: expected image-upper (y<=0.55), got y=0.565",2.3,single_axis_position,"single_axis_position(+2.0), missing_codes(+0.30)"
634,train_quadrant_enumeration_434,train_96.png,train_quadrant_enumeration,29,0,-,3,"18, 36, 46",1,0,False,"24: expected image-upper (y<=0.55), got y=0.552",2.15,single_axis_position,"single_axis_position(+2.0), missing_codes(+0.15)"
635,train_quadrant_enumeration_226,train_107.png,train_quadrant_enumeration,31,0,-,1,18,1,0,False,"38: expected image-lower (y>=0.45), got y=0.428",2.05,single_axis_position,"single_axis_position(+2.0), missing_codes(+0.05)"
636,train_quadrant_enumeration_457,train_272.png,train_quadrant_enumeration,32,0,-,0,-,1,0,False,"38: expected image-lower (y>=0.45), got y=0.441",2.0,single_axis_position,single_axis_position(+2.0)
637,train_quadrant_enumeration_disease_175,train_332.png,train_quadrant_enumeration_disease,8,0,-,24,"11, 12, 13, 14, 15, 17, 21, 22, 23, 24, 25, 31, 32, 33, 34, 35, 36, 37, 38, 41, 42, 43, 44, 48",0,0,False,-,1.2,missing_codes,missing_codes(+1.20)
638,train_quadrant_enumeration_disease_16,train_12.png,train_quadrant_enumeration_disease,8,0,-,24,"11, 12, 13, 14, 18, 21, 22, 23, 24, 25, 26, 28, 31, 32, 33, 34, 35, 38, 41, 42, 43, 44, 45, 48",0,0,False,-,1.2,missing_codes,missing_codes(+1.20)
639,train_quadrant_enumeration_disease_358,train_105.png,train_quadrant_enumeration_disease,8,0,-,24,"11, 12, 13, 14, 15, 16, 17, 21, 22, 23, 24, 26, 27, 31, 32, 33, 34, 38, 41, 42, 43, 44, 46, 47",0,0,False,-,1.2,missing_codes,missing_codes(+1.20)
640,train_quadrant_enumeration_disease_196,train_356.png,train_quadrant_enumeration_disease,8,0,-,24,"11, 12, 13, 14, 16, 17, 21, 22, 23, 24, 25, 26, 27, 31, 32, 34, 35, 36, 41, 42, 43, 44, 45, 46",0,0,False,-,1.2,missing_codes,missing_codes(+1.20)
641,validation_triple_19,val_27.png,validation_triple,8,0,-,24,"11, 12, 13, 14, 15, 16, 21, 22, 23, 24, 25, 27, 31, 32, 33, 34, 35, 36, 41, 42, 43, 45, 46, 47",0,0,False,-,1.2,missing_codes,missing_codes(+1.20)
642,validation_triple_12,val_2.png,validation_triple,8,0,-,24,"11, 12, 13, 14, 15, 17, 18, 21, 22, 23, 24, 25, 27, 31, 32, 33, 34, 35, 38, 41, 42, 43, 44, 45",0,0,False,-,1.2,missing_codes,missing_codes(+1.20)
643,train_quadrant_enumeration_disease_192,train_497.png,train_quadrant_enumeration_disease,8,0,-,24,"11, 12, 13, 15, 16, 17, 21, 22, 23, 24, 25, 26, 27, 31, 32, 33, 34, 36, 37, 38, 41, 42, 43, 48",0,0,False,-,1.2,missing_codes,missing_codes(+1.20)
644,train_quadrant_enumeration_disease_188,train_79.png,train_quadrant_enumeration_disease,8,0,-,24,"11, 12, 13, 14, 15, 16, 17, 21, 22, 23, 24, 25, 26, 27, 31, 32, 33, 34, 35, 36, 37, 41, 42, 43",0,0,False,-,1.2,missing_codes,missing_codes(+1.20)
645,train_quadrant_enumeration_disease_639,train_42.png,train_quadrant_enumeration_disease,8,0,-,24,"11, 12, 13, 14, 15, 17, 18, 22, 23, 24, 26, 27, 28, 31, 32, 34, 35, 37, 38, 41, 42, 43, 44, 48",0,0,False,-,1.2,missing_codes,missing_codes(+1.20)
646,train_quadrant_enumeration_disease_163,train_291.png,train_quadrant_enumeration_disease,8,0,-,24,"12, 13, 14, 16, 18, 21, 22, 23, 25, 27, 28, 31, 32, 33, 34, 35, 36, 41, 42, 43, 44, 46, 47, 48",0,0,False,-,1.2,missing_codes,missing_codes(+1.20)
647,train_quadrant_enumeration_disease_265,train_412.png,train_quadrant_enumeration_disease,8,0,-,24,"13, 14, 15, 17, 18, 21, 22, 24, 28, 31, 32, 33, 34, 35, 36, 37, 38, 41, 42, 43, 44, 45, 47, 48",0,0,False,-,1.2,missing_codes,missing_codes(+1.20)
648,train_quadrant_enumeration_disease_384,train_632.png,train_quadrant_enumeration_disease,8,0,-,24,"11, 12, 13, 14, 15, 17, 21, 22, 23, 24, 26, 27, 31, 32, 33, 34, 35, 36, 37, 41, 42, 43, 44, 45",0,0,False,-,1.2,missing_codes,missing_codes(+1.20)
649,train_quadrant_enumeration_disease_301,train_172.png,train_quadrant_enumeration_disease,8,0,-,24,"11, 12, 13, 14, 15, 16, 17, 18, 21, 22, 23, 24, 27, 28, 31, 32, 33, 34, 36, 41, 42, 43, 44, 45",0,0,False,-,1.2,missing_codes,missing_codes(+1.20)
650,train_quadrant_enumeration_disease_669,train_298.png,train_quadrant_enumeration_disease,8,0,-,24,"11, 12, 13, 14, 15, 17, 18, 21, 23, 24, 25, 28, 31, 32, 33, 34, 35, 37, 41, 42, 44, 45, 46, 47",0,0,False,-,1.2,missing_codes,missing_codes(+1.20)
651,train_quadrant_enumeration_disease_383,train_530.png,train_quadrant_enumeration_disease,8,0,-,24,"11, 12, 13, 14, 15, 16, 17, 18, 21, 22, 23, 24, 26, 27, 31, 32, 33, 37, 38, 41, 42, 43, 44, 45",0,0,False,-,1.2,missing_codes,missing_codes(+1.20)
652,train_quadrant_enumeration_disease_503,train_517.png,train_quadrant_enumeration_disease,8,0,-,24,"12, 13, 14, 15, 16, 17, 18, 22, 23, 24, 25, 26, 27, 28, 31, 32, 33, 34, 41, 42, 43, 44, 45, 46",0,0,False,-,1.2,missing_codes,missing_codes(+1.20)
653,train_quadrant_enumeration_disease_684,train_179.png,train_quadrant_enumeration_disease,8,0,-,24,"11, 12, 13, 14, 15, 16, 21, 22, 23, 24, 25, 31, 32, 33, 34, 35, 37, 41, 42, 43, 44, 45, 46, 47",0,0,False,-,1.2,missing_codes,missing_codes(+1.20)
654,train_quadrant_enumeration_disease_380,train_151.png,train_quadrant_enumeration_disease,8,0,-,24,"11, 12, 13, 14, 15, 16, 17, 18, 21, 22, 23, 24, 25, 26, 31, 32, 33, 34, 37, 41, 42, 43, 46, 47",0,0,False,-,1.2,missing_codes,missing_codes(+1.20)
655,train_quadrant_enumeration_disease_415,train_566.png,train_quadrant_enumeration_disease,8,0,-,24,"13, 14, 15, 16, 17, 21, 22, 23, 24, 25, 27, 31, 32, 33, 34, 35, 36, 41, 42, 43, 44, 45, 46, 47",0,0,False,-,1.2,missing_codes,missing_codes(+1.20)
656,train_quadrant_enumeration_disease_705,train_370.png,train_quadrant_enumeration_disease,8,0,-,24,"11, 12, 13, 14, 15, 21, 22, 23, 24, 25, 31, 32, 33, 34, 35, 36, 38, 41, 42, 43, 44, 45, 46, 47",0,0,False,-,1.2,missing_codes,missing_codes(+1.20)
657,train_quadrant_enumeration_disease_261,train_195.png,train_quadrant_enumeration_disease,8,0,-,24,"11, 12, 13, 14, 15, 17, 21, 22, 23, 24, 25, 26, 31, 32, 33, 34, 35, 36, 41, 42, 43, 44, 45, 47",0,0,False,-,1.2,missing_codes,missing_codes(+1.20)
658,train_quadrant_enumeration_disease_70,train_495.png,train_quadrant_enumeration_disease,8,0,-,24,"11, 12, 13, 14, 16, 17, 21, 22, 23, 24, 25, 26, 27, 31, 32, 33, 34, 35, 41, 42, 43, 44, 45, 46",0,0,False,-,1.2,missing_codes,missing_codes(+1.20)
659,train_quadrant_enumeration_disease_330,train_118.png,train_quadrant_enumeration_disease,8,0,-,24,"11, 12, 13, 14, 15, 21, 22, 23, 24, 25, 26, 31, 32, 33, 34, 35, 37, 41, 42, 43, 44, 45, 46, 48",0,0,False,-,1.2,missing_codes,missing_codes(+1.20)
660,train_quadrant_enumeration_disease_428,train_535.png,train_quadrant_enumeration_disease,8,0,-,24,"11, 12, 13, 14, 15, 16, 18, 22, 23, 24, 25, 27, 28, 31, 32, 33, 34, 37, 38, 41, 42, 43, 47, 48",0,0,False,-,1.2,missing_codes,missing_codes(+1.20)
661,train_quadrant_enumeration_disease_55,train_487.png,train_quadrant_enumeration_disease,8,0,-,24,"11, 12, 13, 14, 15, 17, 21, 22, 23, 24, 25, 26, 27, 31, 32, 33, 34, 35, 37, 41, 42, 43, 44, 45",0,0,False,-,1.2,missing_codes,missing_codes(+1.20)
662,train_quadrant_enumeration_disease_244,train_49.png,train_quadrant_enumeration_disease,8,0,-,24,"11, 12, 13, 14, 15, 17, 21, 22, 23, 24, 25, 28, 31, 32, 33, 34, 35, 38, 41, 42, 43, 44, 45, 48",0,0,False,-,1.2,missing_codes,missing_codes(+1.20)
663,train_quadrant_enumeration_disease_597,train_55.png,train_quadrant_enumeration_disease,8,0,-,24,"11, 12, 13, 14, 15, 18, 21, 22, 23, 24, 25, 27, 28, 31, 32, 33, 34, 37, 38, 41, 42, 43, 44, 48",0,0,False,-,1.2,missing_codes,missing_codes(+1.20)
664,train_quadrant_enumeration_disease_560,train_359.png,train_quadrant_enumeration_disease,8,0,-,24,"11, 12, 13, 14, 15, 17, 21, 22, 23, 24, 25, 27, 31, 32, 33, 34, 37, 41, 42, 43, 44, 45, 46, 47",0,0,False,-,1.2,missing_codes,missing_codes(+1.20)
665,train_quadrant_enumeration_disease_308,train_200.png,train_quadrant_enumeration_disease,8,0,-,24,"11, 12, 13, 14, 15, 18, 21, 22, 23, 24, 28, 31, 32, 33, 34, 35, 37, 38, 41, 42, 43, 44, 46, 48",0,0,False,-,1.2,missing_codes,missing_codes(+1.20)
666,train_quadrant_enumeration_disease_277,train_11.png,train_quadrant_enumeration_disease,8,0,-,24,"11, 12, 13, 14, 15, 17, 18, 21, 23, 24, 25, 27, 28, 31, 32, 33, 34, 38, 41, 42, 43, 44, 45, 48",0,0,False,-,1.2,missing_codes,missing_codes(+1.20)
667,train_quadrant_enumeration_disease_616,train_140.png,train_quadrant_enumeration_disease,8,0,-,24,"11, 12, 13, 14, 15, 16, 17, 18, 21, 22, 23, 24, 25, 28, 31, 32, 33, 34, 41, 42, 43, 44, 45, 48",0,0,False,-,1.2,missing_codes,missing_codes(+1.20)
668,train_quadrant_enumeration_disease_85,train_137.png,train_quadrant_enumeration_disease,8,0,-,24,"11, 13, 14, 15, 16, 17, 18, 21, 22, 23, 24, 25, 27, 28, 31, 32, 34, 36, 38, 41, 42, 46, 47, 48",0,0,False,-,1.2,missing_codes,missing_codes(+1.20)
669,train_quadrant_enumeration_disease_302,train_124.png,train_quadrant_enumeration_disease,9,0,-,23,"11, 12, 13, 14, 15, 16, 21, 22, 23, 24, 25, 31, 32, 33, 34, 35, 37, 41, 42, 43, 44, 45, 47",0,0,False,-,1.15,missing_codes,missing_codes(+1.15)
670,train_quadrant_enumeration_disease_392,train_244.png,train_quadrant_enumeration_disease,9,0,-,23,"11, 13, 17, 18, 21, 22, 23, 24, 25, 26, 27, 28, 31, 32, 33, 34, 38, 41, 42, 43, 44, 47, 48",0,0,False,-,1.15,missing_codes,missing_codes(+1.15)
671,train_quadrant_enumeration_disease_654,train_249.png,train_quadrant_enumeration_disease,9,0,-,23,"13, 14, 15, 16, 17, 18, 21, 22, 23, 24, 26, 28, 31, 32, 33, 34, 37, 41, 42, 43, 44, 46, 47",0,0,False,-,1.15,missing_codes,missing_codes(+1.15)
672,train_quadrant_enumeration_disease_655,train_235.png,train_quadrant_enumeration_disease,9,0,-,23,"12, 13, 17, 18, 21, 22, 23, 24, 25, 28, 31, 32, 33, 36, 37, 38, 41, 42, 43, 44, 45, 46, 48",0,0,False,-,1.15,missing_codes,missing_codes(+1.15)
673,train_quadrant_enumeration_disease_287,train_37.png,train_quadrant_enumeration_disease,9,0,-,23,"11, 12, 13, 14, 15, 16, 21, 22, 23, 24, 28, 31, 32, 33, 34, 37, 38, 41, 42, 43, 46, 47, 48",0,0,False,-,1.15,missing_codes,missing_codes(+1.15)
674,train_quadrant_enumeration_disease_71,train_447.png,train_quadrant_enumeration_disease,9,0,-,23,"11, 12, 13, 14, 15, 16, 17, 21, 22, 23, 24, 25, 27, 31, 32, 33, 34, 38, 41, 42, 43, 44, 48",0,0,False,-,1.15,missing_codes,missing_codes(+1.15)
675,train_quadrant_enumeration_disease_279,train_542.png,train_quadrant_enumeration_disease,9,0,-,23,"11, 12, 13, 14, 17, 21, 22, 23, 24, 25, 27, 31, 32, 33, 34, 35, 37, 41, 42, 43, 44, 45, 47",0,0,False,-,1.15,missing_codes,missing_codes(+1.15)
676,train_quadrant_enumeration_disease_251,train_460.png,train_quadrant_enumeration_disease,9,0,-,23,"11, 12, 13, 17, 18, 21, 22, 23, 24, 25, 27, 28, 31, 32, 33, 34, 35, 36, 41, 42, 43, 44, 45",0,0,False,-,1.15,missing_codes,missing_codes(+1.15)
677,train_quadrant_enumeration_disease_500,train_543.png,train_quadrant_enumeration_disease,9,0,-,23,"11, 12, 13, 14, 15, 17, 21, 22, 23, 24, 25, 31, 32, 33, 34, 35, 41, 42, 43, 44, 45, 46, 47",0,0,False,-,1.15,missing_codes,missing_codes(+1.15)
678,train_quadrant_enumeration_disease_574,train_279.png,train_quadrant_enumeration_disease,9,0,-,23,"11, 12, 13, 14, 15, 16, 21, 22, 23, 24, 25, 26, 27, 31, 32, 33, 41, 42, 43, 44, 45, 46, 47",0,0,False,-,1.15,missing_codes,missing_codes(+1.15)
679,train_quadrant_enumeration_disease_499,train_109.png,train_quadrant_enumeration_disease,9,0,-,23,"11, 12, 13, 14, 15, 18, 21, 22, 23, 24, 27, 28, 31, 32, 33, 34, 36, 37, 41, 42, 43, 44, 45",0,0,False,-,1.15,missing_codes,missing_codes(+1.15)
680,train_quadrant_enumeration_disease_671,train_429.png,train_quadrant_enumeration_disease,9,0,-,23,"11, 13, 15, 16, 18, 21, 22, 23, 25, 26, 27, 28, 31, 32, 33, 37, 41, 42, 43, 44, 45, 46, 47",0,0,False,-,1.15,missing_codes,missing_codes(+1.15)
681,train_quadrant_enumeration_disease_338,train_565.png,train_quadrant_enumeration_disease,9,0,-,23,"11, 13, 14, 15, 16, 17, 23, 24, 25, 27, 28, 31, 32, 33, 35, 36, 37, 41, 42, 43, 44, 45, 47",0,0,False,-,1.15,missing_codes,missing_codes(+1.15)
682,train_quadrant_enumeration_disease_78,train_694.png,train_quadrant_enumeration_disease,9,0,-,23,"11, 12, 13, 14, 15, 16, 21, 22, 23, 24, 25, 27, 31, 32, 33, 34, 35, 36, 41, 42, 43, 44, 47",0,0,False,-,1.15,missing_codes,missing_codes(+1.15)
683,train_quadrant_enumeration_disease_272,train_191.png,train_quadrant_enumeration_disease,9,0,-,23,"11, 12, 13, 14, 15, 16, 17, 21, 22, 23, 24, 25, 26, 27, 31, 32, 33, 34, 35, 41, 42, 45, 46",0,0,False,-,1.15,missing_codes,missing_codes(+1.15)
684,train_quadrant_enumeration_disease_74,train_679.png,train_quadrant_enumeration_disease,9,0,-,23,"11, 12, 13, 14, 15, 18, 21, 22, 23, 24, 25, 28, 31, 32, 33, 34, 35, 36, 38, 41, 42, 43, 48",0,0,False,-,1.15,missing_codes,missing_codes(+1.15)
685,train_quadrant_enumeration_disease_443,train_100.png,train_quadrant_enumeration_disease,9,0,-,23,"11, 12, 13, 14, 15, 17, 18, 21, 24, 25, 27, 28, 31, 32, 33, 34, 35, 38, 41, 42, 44, 45, 47",0,0,False,-,1.15,missing_codes,missing_codes(+1.15)
686,train_quadrant_enumeration_disease_412,train_349.png,train_quadrant_enumeration_disease,9,0,-,23,"11, 12, 13, 14, 15, 17, 18, 21, 22, 23, 24, 25, 27, 28, 31, 32, 33, 41, 42, 43, 44, 45, 46",0,0,False,-,1.15,missing_codes,missing_codes(+1.15)
687,train_quadrant_enumeration_disease_526,train_575.png,train_quadrant_enumeration_disease,9,0,-,23,"11, 12, 13, 14, 15, 17, 18, 21, 22, 23, 24, 27, 31, 32, 33, 34, 35, 37, 41, 42, 43, 44, 47",0,0,False,-,1.15,missing_codes,missing_codes(+1.15)
688,train_quadrant_enumeration_disease_41,train_536.png,train_quadrant_enumeration_disease,9,0,-,23,"11, 13, 14, 15, 16, 17, 21, 22, 23, 24, 27, 31, 32, 33, 34, 35, 37, 41, 42, 43, 44, 45, 47",0,0,False,-,1.15,missing_codes,missing_codes(+1.15)
689,train_quadrant_enumeration_disease_40,train_383.png,train_quadrant_enumeration_disease,9,0,-,23,"11, 12, 13, 15, 16, 17, 21, 22, 23, 24, 25, 26, 31, 32, 33, 34, 35, 38, 41, 42, 43, 47, 48",0,0,False,-,1.15,missing_codes,missing_codes(+1.15)
690,train_quadrant_enumeration_disease_632,train_587.png,train_quadrant_enumeration_disease,9,0,-,23,"11, 12, 13, 14, 15, 16, 21, 22, 23, 28, 31, 32, 33, 34, 35, 36, 37, 41, 42, 43, 44, 47, 48",0,0,False,-,1.15,missing_codes,missing_codes(+1.15)
691,train_quadrant_enumeration_disease_115,train_385.png,train_quadrant_enumeration_disease,9,0,-,23,"11, 12, 13, 14, 15, 16, 17, 18, 21, 22, 24, 26, 31, 32, 33, 34, 35, 36, 38, 41, 42, 43, 48",0,0,False,-,1.15,missing_codes,missing_codes(+1.15)
692,train_quadrant_enumeration_disease_127,train_263.png,train_quadrant_enumeration_disease,9,0,-,23,"11, 12, 13, 14, 15, 16, 21, 22, 23, 24, 25, 26, 27, 31, 32, 33, 34, 37, 41, 42, 43, 44, 47",0,0,False,-,1.15,missing_codes,missing_codes(+1.15)
693,train_quadrant_enumeration_disease_583,train_580.png,train_quadrant_enumeration_disease,9,0,-,23,"11, 12, 13, 14, 15, 21, 23, 24, 25, 27, 31, 32, 33, 34, 35, 37, 41, 42, 43, 44, 45, 46, 47",0,0,False,-,1.15,missing_codes,missing_codes(+1.15)
694,train_quadrant_enumeration_disease_638,train_256.png,train_quadrant_enumeration_disease,9,0,-,23,"11, 12, 13, 16, 17, 21, 23, 24, 25, 27, 31, 32, 33, 34, 35, 37, 41, 42, 43, 44, 45, 46, 47",0,0,False,-,1.15,missing_codes,missing_codes(+1.15)
695,train_quadrant_enumeration_disease_600,train_418.png,train_quadrant_enumeration_disease,9,0,-,23,"11, 12, 13, 14, 15, 16, 18, 21, 22, 23, 24, 25, 26, 28, 31, 32, 33, 34, 37, 41, 42, 43, 44",0,0,False,-,1.15,missing_codes,missing_codes(+1.15)
696,train_quadrant_enumeration_disease_464,train_351.png,train_quadrant_enumeration_disease,9,0,-,23,"11, 12, 13, 14, 16, 17, 18, 21, 22, 23, 24, 27, 28, 31, 32, 33, 35, 38, 41, 42, 43, 44, 45",0,0,False,-,1.15,missing_codes,missing_codes(+1.15)
697,train_quadrant_enumeration_disease_61,train_19.png,train_quadrant_enumeration_disease,9,0,-,23,"11, 12, 13, 14, 15, 21, 22, 23, 24, 25, 28, 31, 32, 33, 34, 35, 41, 42, 43, 44, 45, 46, 47",0,0,False,-,1.15,missing_codes,missing_codes(+1.15)
698,train_quadrant_enumeration_disease_421,train_321.png,train_quadrant_enumeration_disease,9,0,-,23,"11, 12, 13, 14, 15, 16, 17, 21, 22, 23, 24, 25, 27, 31, 32, 33, 34, 35, 41, 42, 43, 44, 45",0,0,False,-,1.15,missing_codes,missing_codes(+1.15)
699,train_quadrant_enumeration_disease_446,train_459.png,train_quadrant_enumeration_disease,9,0,-,23,"11, 12, 13, 14, 15, 16, 21, 22, 23, 24, 25, 27, 31, 32, 33, 34, 41, 42, 43, 44, 45, 46, 48",0,0,False,-,1.15,missing_codes,missing_codes(+1.15)
700,train_quadrant_enumeration_disease_619,train_284.png,train_quadrant_enumeration_disease,10,0,-,22,"11, 12, 13, 14, 15, 17, 21, 22, 23, 26, 31, 32, 33, 34, 35, 37, 41, 42, 43, 44, 45, 47",0,0,False,-,1.1,missing_codes,missing_codes(+1.10)
701,train_quadrant_enumeration_disease_181,train_84.png,train_quadrant_enumeration_disease,10,0,-,22,"11, 12, 13, 14, 15, 21, 24, 25, 26, 27, 28, 31, 32, 33, 35, 37, 38, 41, 42, 43, 44, 46",0,0,False,-,1.1,missing_codes,missing_codes(+1.10)
702,train_quadrant_enumeration_disease_633,train_53.png,train_quadrant_enumeration_disease,10,0,-,22,"11, 12, 13, 14, 15, 21, 22, 23, 24, 25, 26, 27, 31, 32, 33, 34, 35, 41, 42, 43, 44, 45",0,0,False,-,1.1,missing_codes,missing_codes(+1.10)
703,train_quadrant_enumeration_disease_299,train_585.png,train_quadrant_enumeration_disease,10,0,-,22,"11, 12, 13, 14, 15, 21, 22, 23, 24, 28, 31, 32, 33, 35, 37, 38, 41, 42, 43, 44, 45, 48",0,0,False,-,1.1,missing_codes,missing_codes(+1.10)
704,train_quadrant_enumeration_disease_349,train_27.png,train_quadrant_enumeration_disease,10,0,-,22,"11, 12, 13, 14, 16, 17, 21, 22, 23, 24, 26, 27, 31, 32, 33, 34, 35, 41, 42, 43, 44, 45",0,0,False,-,1.1,missing_codes,missing_codes(+1.10)
705,train_quadrant_enumeration_disease_430,train_148.png,train_quadrant_enumeration_disease,10,0,-,22,"11, 12, 13, 15, 16, 21, 22, 23, 25, 26, 27, 31, 32, 33, 34, 36, 37, 41, 42, 43, 44, 46",0,0,False,-,1.1,missing_codes,missing_codes(+1.10)
706,train_quadrant_enumeration_disease_197,train_362.png,train_quadrant_enumeration_disease,10,0,-,22,"11, 12, 16, 17, 21, 22, 23, 24, 25, 26, 27, 31, 32, 33, 34, 35, 37, 41, 42, 43, 44, 45",0,0,False,-,1.1,missing_codes,missing_codes(+1.10)
707,train_quadrant_enumeration_disease_488,train_282.png,train_quadrant_enumeration_disease,10,0,-,22,"11, 12, 13, 15, 21, 22, 23, 24, 25, 27, 31, 32, 33, 34, 35, 37, 41, 42, 43, 44, 45, 47",0,0,False,-,1.1,missing_codes,missing_codes(+1.10)
708,train_quadrant_enumeration_disease_547,train_18.png,train_quadrant_enumeration_disease,10,0,-,22,"11, 12, 13, 14, 15, 21, 22, 23, 24, 25, 26, 31, 32, 33, 34, 35, 41, 42, 43, 44, 45, 46",0,0,False,-,1.1,missing_codes,missing_codes(+1.10)
709,train_quadrant_enumeration_disease_687,train_479.png,train_quadrant_enumeration_disease,10,0,-,22,"11, 13, 15, 16, 17, 18, 21, 23, 25, 26, 27, 31, 33, 35, 37, 41, 43, 44, 45, 46, 47, 48",0,0,False,-,1.1,missing_codes,missing_codes(+1.10)
710,train_quadrant_enumeration_disease_356,train_301.png,train_quadrant_enumeration_disease,10,0,-,22,"13, 14, 18, 21, 22, 23, 24, 25, 27, 28, 31, 32, 33, 34, 36, 37, 38, 44, 45, 46, 47, 48",0,0,False,-,1.1,missing_codes,missing_codes(+1.10)
711,train_quadrant_enumeration_disease_88,train_545.png,train_quadrant_enumeration_disease,10,0,-,22,"11, 12, 13, 14, 15, 17, 21, 22, 23, 24, 25, 27, 31, 32, 33, 34, 41, 42, 43, 44, 45, 47",0,0,False,-,1.1,missing_codes,missing_codes(+1.10)
712,train_quadrant_enumeration_disease_146,train_704.png,train_quadrant_enumeration_disease,10,0,-,22,"11, 12, 13, 14, 15, 17, 18, 21, 22, 23, 24, 26, 27, 28, 31, 32, 33, 37, 38, 41, 42, 43",0,0,False,-,1.1,missing_codes,missing_codes(+1.10)
713,train_quadrant_enumeration_disease_17,train_564.png,train_quadrant_enumeration_disease,10,0,-,22,"11, 12, 13, 14, 15, 21, 22, 23, 24, 25, 27, 31, 32, 33, 34, 35, 37, 41, 42, 43, 44, 45",0,0,False,-,1.1,missing_codes,missing_codes(+1.10)
714,train_quadrant_enumeration_disease_651,train_647.png,train_quadrant_enumeration_disease,10,0,-,22,"11, 13, 14, 15, 17, 18, 21, 22, 23, 24, 26, 27, 28, 31, 36, 41, 42, 43, 44, 45, 47, 48",0,0,False,-,1.1,missing_codes,missing_codes(+1.10)
715,train_quadrant_enumeration_disease_575,train_201.png,train_quadrant_enumeration_disease,10,0,-,22,"11, 12, 13, 14, 15, 16, 17, 21, 22, 23, 24, 25, 26, 27, 31, 32, 35, 36, 37, 41, 42, 45",0,0,False,-,1.1,missing_codes,missing_codes(+1.10)
716,train_quadrant_enumeration_disease_52,train_655.png,train_quadrant_enumeration_disease,11,0,-,21,"11, 12, 13, 14, 15, 17, 21, 24, 25, 26, 27, 31, 32, 33, 34, 37, 41, 42, 43, 44, 48",0,0,False,-,1.05,missing_codes,missing_codes(+1.05)
717,train_quadrant_enumeration_disease_567,train_302.png,train_quadrant_enumeration_disease,11,0,-,21,"14, 18, 21, 22, 27, 28, 31, 32, 34, 35, 36, 37, 38, 41, 42, 43, 44, 45, 46, 47, 48",0,0,False,-,1.05,missing_codes,missing_codes(+1.05)
718,train_quadrant_enumeration_disease_679,train_335.png,train_quadrant_enumeration_disease,11,0,-,21,"11, 12, 13, 14, 15, 17, 21, 22, 23, 31, 32, 33, 35, 36, 37, 41, 42, 43, 44, 45, 47",0,0,False,-,1.05,missing_codes,missing_codes(+1.05)
719,train_quadrant_enumeration_disease_344,train_260.png,train_quadrant_enumeration_disease,11,0,-,21,"11, 12, 13, 14, 18, 21, 23, 24, 25, 26, 28, 31, 32, 33, 34, 41, 42, 43, 44, 45, 48",0,0,False,-,1.05,missing_codes,missing_codes(+1.05)
720,train_quadrant_enumeration_disease_207,train_524.png,train_quadrant_enumeration_disease,11,0,-,21,"13, 16, 17, 18, 21, 22, 26, 28, 31, 32, 33, 35, 36, 37, 38, 41, 42, 43, 44, 46, 48",0,0,False,-,1.05,missing_codes,missing_codes(+1.05)
721,train_quadrant_enumeration_disease_683,train_556.png,train_quadrant_enumeration_disease,11,0,-,21,"12, 13, 14, 15, 16, 17, 18, 21, 22, 23, 25, 28, 31, 32, 33, 36, 37, 41, 42, 43, 46",0,0,False,-,1.05,missing_codes,missing_codes(+1.05)
722,train_quadrant_enumeration_disease_21,train_136.png,train_quadrant_enumeration_disease,11,0,-,21,"11, 12, 13, 14, 15, 21, 22, 23, 24, 25, 26, 27, 31, 32, 33, 37, 41, 42, 43, 45, 46",0,0,False,-,1.05,missing_codes,missing_codes(+1.05)
723,train_quadrant_enumeration_disease_285,train_171.png,train_quadrant_enumeration_disease,11,0,-,21,"11, 12, 13, 14, 15, 21, 22, 23, 24, 25, 31, 32, 33, 36, 41, 42, 43, 44, 45, 47, 48",0,0,False,-,1.05,missing_codes,missing_codes(+1.05)
724,train_quadrant_enumeration_disease_19,train_693.png,train_quadrant_enumeration_disease,11,0,-,21,"12, 13, 14, 15, 16, 17, 23, 24, 25, 26, 27, 31, 32, 33, 34, 35, 37, 41, 42, 43, 45",0,0,False,-,1.05,missing_codes,missing_codes(+1.05)
725,train_quadrant_enumeration_disease_229,train_658.png,train_quadrant_enumeration_disease,11,0,-,21,"11, 12, 13, 14, 17, 18, 21, 22, 23, 27, 31, 32, 33, 35, 36, 41, 42, 43, 44, 45, 46",0,0,False,-,1.05,missing_codes,missing_codes(+1.05)
726,train_quadrant_enumeration_disease_154,train_255.png,train_quadrant_enumeration_disease,11,0,-,21,"11, 12, 13, 14, 15, 16, 17, 21, 22, 23, 24, 25, 27, 31, 32, 33, 35, 43, 44, 45, 47",0,0,False,-,1.05,missing_codes,missing_codes(+1.05)
727,train_quadrant_enumeration_disease_649,train_258.png,train_quadrant_enumeration_disease,11,0,-,21,"11, 12, 13, 18, 21, 22, 23, 24, 25, 28, 31, 32, 33, 34, 37, 41, 42, 43, 44, 45, 46",0,0,False,-,1.05,missing_codes,missing_codes(+1.05)
728,train_quadrant_enumeration_disease_371,train_624.png,train_quadrant_enumeration_disease,11,0,-,21,"11, 12, 13, 17, 21, 22, 23, 24, 25, 27, 28, 31, 32, 33, 34, 35, 41, 42, 43, 44, 47",0,0,False,-,1.05,missing_codes,missing_codes(+1.05)
729,train_quadrant_enumeration_disease_425,train_396.png,train_quadrant_enumeration_disease,11,0,-,21,"11, 12, 13, 14, 16, 21, 22, 23, 24, 31, 32, 33, 34, 35, 37, 41, 42, 43, 44, 45, 47",0,0,False,-,1.05,missing_codes,missing_codes(+1.05)
730,train_quadrant_enumeration_disease_677,train_185.png,train_quadrant_enumeration_disease,11,0,-,21,"11, 12, 13, 14, 15, 21, 23, 26, 31, 32, 33, 34, 35, 36, 37, 41, 42, 43, 44, 46, 48",0,0,False,-,1.05,missing_codes,missing_codes(+1.05)
731,train_quadrant_enumeration_disease_388,train_507.png,train_quadrant_enumeration_disease,11,0,-,21,"13, 14, 15, 17, 23, 24, 25, 26, 27, 31, 32, 33, 34, 35, 37, 41, 42, 43, 44, 45, 47",0,0,False,-,1.05,missing_codes,missing_codes(+1.05)
732,train_quadrant_enumeration_disease_520,train_420.png,train_quadrant_enumeration_disease,11,0,-,21,"15, 16, 17, 18, 22, 24, 27, 28, 31, 32, 34, 35, 36, 37, 38, 41, 42, 43, 45, 46, 47",0,0,False,-,1.05,missing_codes,missing_codes(+1.05)
733,train_quadrant_enumeration_disease_478,train_168.png,train_quadrant_enumeration_disease,11,0,-,21,"11, 12, 13, 14, 15, 16, 18, 21, 22, 23, 24, 25, 27, 33, 34, 35, 38, 44, 45, 47, 48",0,0,False,-,1.05,missing_codes,missing_codes(+1.05)
734,train_quadrant_enumeration_disease_242,train_358.png,train_quadrant_enumeration_disease,12,0,-,20,"11, 12, 13, 14, 15, 21, 22, 23, 24, 28, 31, 32, 33, 34, 35, 41, 42, 43, 44, 45",0,0,False,-,1.0,missing_codes,missing_codes(+1.00)
735,train_quadrant_enumeration_disease_668,train_34.png,train_quadrant_enumeration_disease,12,0,-,20,"12, 13, 14, 15, 16, 18, 22, 23, 24, 25, 31, 32, 33, 34, 35, 41, 42, 43, 44, 45",0,0,False,-,1.0,missing_codes,missing_codes(+1.00)
736,train_quadrant_enumeration_disease_401,train_334.png,train_quadrant_enumeration_disease,12,0,-,20,"11, 12, 13, 18, 21, 22, 23, 24, 27, 31, 32, 33, 35, 36, 37, 38, 41, 42, 43, 46",0,0,False,-,1.0,missing_codes,missing_codes(+1.00)
737,train_quadrant_enumeration_disease_335,train_104.png,train_quadrant_enumeration_disease,12,0,-,20,"11, 12, 13, 14, 17, 18, 21, 22, 23, 24, 27, 31, 32, 33, 36, 37, 38, 41, 42, 43",0,0,False,-,1.0,missing_codes,missing_codes(+1.00)
738,train_quadrant_enumeration_disease_220,train_80.png,train_quadrant_enumeration_disease,12,0,-,20,"11, 12, 13, 14, 18, 21, 22, 23, 25, 28, 31, 32, 33, 37, 38, 41, 42, 43, 44, 45",0,0,False,-,1.0,missing_codes,missing_codes(+1.00)
739,train_quadrant_enumeration_disease_309,train_265.png,train_quadrant_enumeration_disease,12,0,-,20,"11, 12, 13, 14, 18, 21, 22, 23, 24, 27, 31, 32, 33, 34, 41, 42, 43, 44, 45, 47",0,0,False,-,1.0,missing_codes,missing_codes(+1.00)
740,train_quadrant_enumeration_disease_90,train_480.png,train_quadrant_enumeration_disease,12,0,-,20,"11, 12, 13, 14, 16, 17, 21, 22, 23, 24, 25, 26, 31, 32, 35, 37, 38, 41, 45, 47",0,0,False,-,1.0,missing_codes,missing_codes(+1.00)
741,train_quadrant_enumeration_disease_11,train_498.png,train_quadrant_enumeration_disease,12,0,-,20,"11, 12, 13, 14, 15, 21, 22, 23, 24, 25, 27, 31, 32, 33, 34, 35, 41, 42, 43, 45",0,0,False,-,1.0,missing_codes,missing_codes(+1.00)
742,train_quadrant_enumeration_disease_291,train_128.png,train_quadrant_enumeration_disease,13,0,-,19,"13, 14, 15, 17, 23, 24, 25, 27, 31, 32, 33, 34, 35, 37, 41, 42, 43, 44, 45",0,0,False,-,0.95,missing_codes,missing_codes(+0.95)
743,train_quadrant_enumeration_disease_28,train_289.png,train_quadrant_enumeration_disease,13,0,-,19,"13, 14, 15, 16, 17, 18, 25, 26, 31, 32, 33, 36, 37, 41, 42, 43, 44, 47, 48",0,0,False,-,0.95,missing_codes,missing_codes(+0.95)
744,train_quadrant_enumeration_disease_1,train_673.png,train_quadrant_enumeration_disease,13,0,-,19,"11, 12, 13, 14, 15, 16, 18, 21, 22, 23, 24, 25, 27, 28, 42, 43, 44, 45, 46",0,0,False,-,0.95,missing_codes,missing_codes(+0.95)
745,train_quadrant_enumeration_disease_4,train_95.png,train_quadrant_enumeration_disease,14,0,-,18,"11, 12, 13, 14, 15, 16, 21, 23, 24, 31, 32, 33, 36, 38, 41, 42, 43, 48",0,0,False,-,0.9,missing_codes,missing_codes(+0.90)
746,train_quadrant_enumeration_disease_348,train_670.png,train_quadrant_enumeration_disease,14,0,-,18,"11, 18, 21, 22, 23, 24, 31, 32, 33, 34, 35, 37, 41, 42, 43, 44, 45, 48",0,0,False,-,0.9,missing_codes,missing_codes(+0.90)
747,train_quadrant_enumeration_disease_369,train_562.png,train_quadrant_enumeration_disease,14,0,-,18,"11, 13, 16, 17, 21, 22, 23, 24, 25, 27, 31, 32, 33, 34, 43, 44, 45, 48",0,0,False,-,0.9,missing_codes,missing_codes(+0.90)
748,train_quadrant_enumeration_371,train_614.png,train_quadrant_enumeration,14,0,-,18,"11, 12, 13, 14, 15, 16, 17, 18, 21, 22, 23, 24, 25, 26, 27, 28, 38, 45",0,0,False,-,0.9,missing_codes,missing_codes(+0.90)
749,train_quadrant_enumeration_disease_255,train_477.png,train_quadrant_enumeration_disease,14,0,-,18,"16, 17, 24, 26, 27, 28, 31, 32, 33, 34, 35, 38, 41, 42, 43, 44, 45, 46",0,0,False,-,0.9,missing_codes,missing_codes(+0.90)
750,train_quadrant_enumeration_disease_475,train_190.png,train_quadrant_enumeration_disease,15,0,-,17,"11, 12, 13, 14, 15, 22, 23, 28, 31, 32, 33, 38, 41, 42, 43, 44, 46",0,0,False,-,0.85,missing_codes,missing_codes(+0.85)
751,train_quadrant_enumeration_disease_190,train_462.png,train_quadrant_enumeration_disease,16,0,-,16,"11, 12, 13, 21, 23, 24, 25, 28, 32, 38, 41, 42, 43, 45, 46, 48",0,0,False,-,0.8,missing_codes,missing_codes(+0.80)
752,train_quadrant_enumeration_disease_202,train_391.png,train_quadrant_enumeration_disease,17,0,-,15,"11, 12, 13, 14, 15, 23, 31, 32, 33, 34, 41, 42, 43, 44, 48",0,0,False,-,0.75,missing_codes,missing_codes(+0.75)
753,train_quadrant_enumeration_543,train_163.png,train_quadrant_enumeration,17,0,-,15,"11, 12, 15, 16, 18, 21, 24, 25, 26, 28, 36, 37, 38, 45, 48",0,0,False,-,0.75,missing_codes,missing_codes(+0.75)
754,train_quadrant_enumeration_155,train_551.png,train_quadrant_enumeration,18,0,-,14,"15, 17, 18, 24, 25, 27, 28, 31, 35, 36, 37, 45, 46, 47",0,0,False,-,0.7,missing_codes,missing_codes(+0.70)
755,train_quadrant_enumeration_567,train_587.png,train_quadrant_enumeration,18,0,-,14,"11, 12, 15, 16, 17, 18, 25, 28, 36, 37, 38, 46, 47, 48",0,0,False,-,0.7,missing_codes,missing_codes(+0.70)
756,train_quadrant_enumeration_449,train_492.png,train_quadrant_enumeration,18,0,-,14,"18, 24, 26, 27, 28, 31, 32, 37, 38, 41, 42, 46, 47, 48",0,0,False,-,0.7,missing_codes,missing_codes(+0.70)
757,train_quadrant_enumeration_147,train_372.png,train_quadrant_enumeration,19,0,-,13,"14, 17, 18, 24, 25, 27, 28, 37, 38, 45, 46, 47, 48",0,0,False,-,0.65,missing_codes,missing_codes(+0.65)
758,train_quadrant_enumeration_427,train_425.png,train_quadrant_enumeration,19,0,-,13,"14, 15, 16, 17, 18, 25, 26, 27, 28, 36, 38, 46, 48",0,0,False,-,0.65,missing_codes,missing_codes(+0.65)
759,train_quadrant_enumeration_621,train_138.png,train_quadrant_enumeration,19,0,-,13,"16, 18, 28, 31, 35, 36, 37, 38, 41, 42, 46, 47, 48",0,0,False,-,0.65,missing_codes,missing_codes(+0.65)
760,train_quadrant_enumeration_572,train_42.png,train_quadrant_enumeration,20,0,-,12,"14, 17, 18, 22, 24, 27, 28, 37, 38, 46, 47, 48",0,0,False,-,0.6,missing_codes,missing_codes(+0.60)
761,train_quadrant_enumeration_519,train_230.png,train_quadrant_enumeration,20,0,-,12,"15, 16, 18, 24, 26, 27, 31, 36, 38, 41, 46, 47",0,0,False,-,0.6,missing_codes,missing_codes(+0.60)
762,train_quadrant_enumeration_305,train_565.png,train_quadrant_enumeration,20,0,-,12,"13, 14, 15, 16, 17, 18, 24, 25, 28, 34, 36, 38",0,0,False,-,0.6,missing_codes,missing_codes(+0.60)
763,train_quadrant_enumeration_35,train_209.png,train_quadrant_enumeration,20,0,-,12,"18, 23, 25, 28, 36, 37, 38, 44, 45, 46, 47, 48",0,0,False,-,0.6,missing_codes,missing_codes(+0.60)
764,train_quadrant_enumeration_140,train_505.png,train_quadrant_enumeration,20,0,-,12,"25, 27, 28, 33, 34, 35, 36, 38, 43, 44, 46, 48",0,0,False,-,0.6,missing_codes,missing_codes(+0.60)
765,train_quadrant_enumeration_446,train_119.png,train_quadrant_enumeration,20,0,-,12,"13, 17, 18, 25, 27, 28, 36, 37, 38, 46, 47, 48",0,0,False,-,0.6,missing_codes,missing_codes(+0.60)
766,train_quadrant_enumeration_111,train_604.png,train_quadrant_enumeration,21,0,-,11,"15, 17, 18, 22, 27, 28, 35, 38, 44, 46, 48",0,0,False,-,0.55,missing_codes,missing_codes(+0.55)
767,train_quadrant_enumeration_487,train_501.png,train_quadrant_enumeration,21,0,-,11,"14, 15, 18, 24, 25, 26, 28, 37, 38, 46, 48",0,0,False,-,0.55,missing_codes,missing_codes(+0.55)
768,train_quadrant_enumeration_265,train_286.png,train_quadrant_enumeration,21,0,-,11,"18, 23, 24, 25, 28, 36, 37, 38, 46, 47, 48",0,0,False,-,0.55,missing_codes,missing_codes(+0.55)
769,train_quadrant_enumeration_237,train_228.png,train_quadrant_enumeration,21,0,-,11,"14, 16, 24, 25, 26, 27, 28, 35, 38, 47, 48",0,0,False,-,0.55,missing_codes,missing_codes(+0.55)
770,train_quadrant_enumeration_525,train_175.png,train_quadrant_enumeration,21,0,-,11,"14, 16, 17, 18, 23, 26, 28, 36, 38, 47, 48",0,0,False,-,0.55,missing_codes,missing_codes(+0.55)
771,train_quadrant_enumeration_484,train_443.png,train_quadrant_enumeration,21,0,-,11,"13, 14, 15, 16, 18, 24, 25, 36, 37, 38, 48",0,0,False,-,0.55,missing_codes,missing_codes(+0.55)
772,train_quadrant_enumeration_614,train_52.png,train_quadrant_enumeration,21,0,-,11,"15, 16, 17, 18, 26, 28, 33, 38, 44, 46, 48",0,0,False,-,0.55,missing_codes,missing_codes(+0.55)
773,train_quadrant_enumeration_disease_56,train_3.png,train_quadrant_enumeration_disease,21,0,-,11,"12, 18, 23, 27, 31, 32, 33, 41, 42, 43, 48",0,0,False,-,0.55,missing_codes,missing_codes(+0.55)
774,train_quadrant_enumeration_421,train_132.png,train_quadrant_enumeration,21,0,-,11,"11, 13, 14, 17, 22, 24, 28, 35, 38, 45, 48",0,0,False,-,0.55,missing_codes,missing_codes(+0.55)
775,train_quadrant_enumeration_85,train_223.png,train_quadrant_enumeration,21,0,-,11,"15, 17, 18, 24, 26, 27, 34, 36, 37, 38, 47",0,0,False,-,0.55,missing_codes,missing_codes(+0.55)
776,train_quadrant_enumeration_239,train_26.png,train_quadrant_enumeration,21,0,-,11,"14, 15, 18, 24, 25, 28, 37, 38, 41, 46, 48",0,0,False,-,0.55,missing_codes,missing_codes(+0.55)
777,train_quadrant_enumeration_342,train_121.png,train_quadrant_enumeration,21,0,-,11,"16, 18, 28, 35, 36, 37, 38, 44, 45, 46, 48",0,0,False,-,0.55,missing_codes,missing_codes(+0.55)
778,train_quadrant_enumeration_135,train_436.png,train_quadrant_enumeration,21,0,-,11,"16, 24, 25, 26, 28, 36, 38, 44, 45, 46, 47",0,0,False,-,0.55,missing_codes,missing_codes(+0.55)
779,train_quadrant_enumeration_477,train_523.png,train_quadrant_enumeration,22,0,-,10,"14, 16, 17, 24, 27, 35, 36, 37, 46, 47",0,0,False,-,0.5,missing_codes,missing_codes(+0.50)
780,train_quadrant_enumeration_221,train_287.png,train_quadrant_enumeration,22,0,-,10,"15, 16, 18, 24, 26, 27, 36, 45, 46, 48",0,0,False,-,0.5,missing_codes,missing_codes(+0.50)
781,train_quadrant_enumeration_108,train_240.png,train_quadrant_enumeration,22,0,-,10,"15, 16, 17, 18, 26, 27, 28, 35, 38, 48",0,0,False,-,0.5,missing_codes,missing_codes(+0.50)
782,train_quadrant_enumeration_412,train_361.png,train_quadrant_enumeration,22,0,-,10,"15, 16, 17, 25, 27, 35, 36, 37, 46, 47",0,0,False,-,0.5,missing_codes,missing_codes(+0.50)
783,train_quadrant_enumeration_513,train_15.png,train_quadrant_enumeration,22,0,-,10,"15, 16, 17, 18, 23, 26, 27, 37, 38, 48",0,0,False,-,0.5,missing_codes,missing_codes(+0.50)
784,train_quadrant_enumeration_433,train_208.png,train_quadrant_enumeration,22,0,-,10,"15, 17, 18, 24, 26, 28, 36, 38, 46, 48",0,0,False,-,0.5,missing_codes,missing_codes(+0.50)
785,train_quadrant_enumeration_522,train_580.png,train_quadrant_enumeration,22,0,-,10,"14, 18, 24, 26, 28, 36, 38, 46, 47, 48",0,0,False,-,0.5,missing_codes,missing_codes(+0.50)
786,train_quadrant_enumeration_406,train_6.png,train_quadrant_enumeration,22,0,-,10,"17, 18, 23, 26, 27, 28, 38, 42, 47, 48",0,0,False,-,0.5,missing_codes,missing_codes(+0.50)
787,train_quadrant_enumeration_447,train_109.png,train_quadrant_enumeration,22,0,-,10,"14, 16, 18, 25, 28, 34, 36, 38, 46, 48",0,0,False,-,0.5,missing_codes,missing_codes(+0.50)
788,train_quadrant_enumeration_617,train_329.png,train_quadrant_enumeration,22,0,-,10,"18, 27, 28, 34, 36, 37, 38, 46, 47, 48",0,0,False,-,0.5,missing_codes,missing_codes(+0.50)
789,train_quadrant_enumeration_172,train_155.png,train_quadrant_enumeration,22,0,-,10,"15, 16, 18, 25, 26, 28, 36, 37, 46, 48",0,0,False,-,0.5,missing_codes,missing_codes(+0.50)
790,train_quadrant_enumeration_625,train_389.png,train_quadrant_enumeration,23,0,-,9,"13, 15, 17, 26, 34, 35, 36, 38, 46",0,0,False,-,0.45,missing_codes,missing_codes(+0.45)
791,train_quadrant_enumeration_607,train_444.png,train_quadrant_enumeration,23,0,-,9,"16, 18, 26, 28, 31, 36, 38, 41, 46",0,0,False,-,0.45,missing_codes,missing_codes(+0.45)
792,train_quadrant_enumeration_514,train_279.png,train_quadrant_enumeration,23,0,-,9,"25, 28, 34, 35, 36, 38, 45, 46, 48",0,0,False,-,0.45,missing_codes,missing_codes(+0.45)
793,train_quadrant_enumeration_167,train_462.png,train_quadrant_enumeration,23,0,-,9,"15, 18, 24, 25, 26, 28, 38, 45, 48",0,0,False,-,0.45,missing_codes,missing_codes(+0.45)
794,train_quadrant_enumeration_317,train_297.png,train_quadrant_enumeration,23,0,-,9,"15, 16, 18, 27, 28, 35, 38, 46, 48",0,0,False,-,0.45,missing_codes,missing_codes(+0.45)
795,train_quadrant_enumeration_34,train_536.png,train_quadrant_enumeration,23,0,-,9,"13, 14, 15, 18, 25, 28, 36, 47, 48",0,0,False,-,0.45,missing_codes,missing_codes(+0.45)
796,train_quadrant_enumeration_399,train_459.png,train_quadrant_enumeration,23,0,-,9,"14, 18, 26, 34, 35, 36, 37, 38, 46",0,0,False,-,0.45,missing_codes,missing_codes(+0.45)
797,train_quadrant_enumeration_373,train_67.png,train_quadrant_enumeration,23,0,-,9,"13, 15, 16, 18, 25, 28, 34, 36, 48",0,0,False,-,0.45,missing_codes,missing_codes(+0.45)
798,train_quadrant_enumeration_529,train_333.png,train_quadrant_enumeration,23,0,-,9,"15, 17, 18, 28, 36, 37, 38, 47, 48",0,0,False,-,0.45,missing_codes,missing_codes(+0.45)
799,train_quadrant_enumeration_297,train_413.png,train_quadrant_enumeration,23,0,-,9,"14, 18, 24, 27, 28, 36, 45, 47, 48",0,0,False,-,0.45,missing_codes,missing_codes(+0.45)
800,train_quadrant_enumeration_374,train_321.png,train_quadrant_enumeration,23,0,-,9,"18, 27, 31, 32, 37, 38, 41, 42, 48",0,0,False,-,0.45,missing_codes,missing_codes(+0.45)
801,train_quadrant_enumeration_292,train_134.png,train_quadrant_enumeration,23,0,-,9,"14, 18, 25, 26, 28, 36, 44, 46, 47",0,0,False,-,0.45,missing_codes,missing_codes(+0.45)
802,train_quadrant_enumeration_157,train_407.png,train_quadrant_enumeration,23,0,-,9,"14, 18, 24, 27, 28, 35, 38, 46, 48",0,0,False,-,0.45,missing_codes,missing_codes(+0.45)
803,train_quadrant_enumeration_426,train_168.png,train_quadrant_enumeration,23,0,-,9,"16, 18, 25, 26, 28, 35, 38, 46, 47",0,0,False,-,0.45,missing_codes,missing_codes(+0.45)
804,train_quadrant_enumeration_150,train_331.png,train_quadrant_enumeration,23,0,-,9,"14, 16, 17, 24, 26, 28, 36, 37, 47",0,0,False,-,0.45,missing_codes,missing_codes(+0.45)
805,train_quadrant_enumeration_595,train_589.png,train_quadrant_enumeration,23,0,-,9,"18, 25, 26, 36, 37, 38, 46, 47, 48",0,0,False,-,0.45,missing_codes,missing_codes(+0.45)
806,train_quadrant_enumeration_467,train_420.png,train_quadrant_enumeration,23,0,-,9,"16, 17, 18, 27, 28, 36, 37, 38, 48",0,0,False,-,0.45,missing_codes,missing_codes(+0.45)
807,train_quadrant_enumeration_394,train_73.png,train_quadrant_enumeration,23,0,-,9,"15, 16, 18, 24, 25, 26, 28, 38, 48",0,0,False,-,0.45,missing_codes,missing_codes(+0.45)
808,train_quadrant_enumeration_339,train_530.png,train_quadrant_enumeration,24,0,-,8,"11, 12, 21, 22, 45, 46, 47, 48",0,0,False,-,0.4,missing_codes,missing_codes(+0.40)
809,train_quadrant_enumeration_323,train_248.png,train_quadrant_enumeration,24,0,-,8,"16, 17, 18, 26, 28, 36, 37, 46",0,0,False,-,0.4,missing_codes,missing_codes(+0.40)
810,train_quadrant_enumeration_548,train_508.png,train_quadrant_enumeration,24,0,-,8,"14, 18, 26, 27, 28, 38, 45, 48",0,0,False,-,0.4,missing_codes,missing_codes(+0.40)
811,train_quadrant_enumeration_173,train_356.png,train_quadrant_enumeration,24,0,-,8,"16, 17, 18, 25, 26, 27, 28, 31",0,0,False,-,0.4,missing_codes,missing_codes(+0.40)
812,train_quadrant_enumeration_233,train_336.png,train_quadrant_enumeration,24,0,-,8,"18, 22, 27, 28, 35, 36, 46, 48",0,0,False,-,0.4,missing_codes,missing_codes(+0.40)
813,train_quadrant_enumeration_61,train_441.png,train_quadrant_enumeration,24,0,-,8,"16, 18, 25, 26, 28, 36, 37, 46",0,0,False,-,0.4,missing_codes,missing_codes(+0.40)
814,train_quadrant_enumeration_82,train_608.png,train_quadrant_enumeration,24,0,-,8,"18, 25, 27, 28, 36, 38, 46, 48",0,0,False,-,0.4,missing_codes,missing_codes(+0.40)
815,train_quadrant_enumeration_393,train_206.png,train_quadrant_enumeration,24,0,-,8,"15, 18, 27, 28, 38, 44, 45, 48",0,0,False,-,0.4,missing_codes,missing_codes(+0.40)
816,train_quadrant_enumeration_180,train_22.png,train_quadrant_enumeration,24,0,-,8,"18, 25, 28, 36, 37, 38, 46, 48",0,0,False,-,0.4,missing_codes,missing_codes(+0.40)
817,train_quadrant_enumeration_439,train_352.png,train_quadrant_enumeration,24,0,-,8,"18, 26, 28, 35, 36, 46, 47, 48",0,0,False,-,0.4,missing_codes,missing_codes(+0.40)
818,train_quadrant_enumeration_27,train_290.png,train_quadrant_enumeration,24,0,-,8,"16, 18, 25, 28, 35, 36, 44, 48",0,0,False,-,0.4,missing_codes,missing_codes(+0.40)
819,train_quadrant_enumeration_159,train_84.png,train_quadrant_enumeration,24,0,-,8,"15, 24, 25, 26, 27, 28, 38, 46",0,0,False,-,0.4,missing_codes,missing_codes(+0.40)
820,train_quadrant_enumeration_302,train_386.png,train_quadrant_enumeration,24,0,-,8,"15, 18, 22, 26, 28, 38, 46, 48",0,0,False,-,0.4,missing_codes,missing_codes(+0.40)
821,train_quadrant_enumeration_307,train_133.png,train_quadrant_enumeration,24,0,-,8,"14, 15, 24, 25, 28, 37, 46, 48",0,0,False,-,0.4,missing_codes,missing_codes(+0.40)
822,train_quadrant_enumeration_483,train_149.png,train_quadrant_enumeration,24,0,-,8,"16, 17, 18, 28, 36, 37, 46, 48",0,0,False,-,0.4,missing_codes,missing_codes(+0.40)
823,train_quadrant_enumeration_249,train_373.png,train_quadrant_enumeration,24,0,-,8,"16, 18, 24, 26, 28, 36, 45, 48",0,0,False,-,0.4,missing_codes,missing_codes(+0.40)
824,train_quadrant_enumeration_277,train_312.png,train_quadrant_enumeration,25,0,-,7,"14, 15, 18, 24, 26, 36, 46",0,0,False,-,0.35,missing_codes,missing_codes(+0.35)
825,train_quadrant_enumeration_542,train_520.png,train_quadrant_enumeration,25,0,-,7,"16, 18, 25, 27, 28, 38, 48",0,0,False,-,0.35,missing_codes,missing_codes(+0.35)
826,train_quadrant_enumeration_404,train_439.png,train_quadrant_enumeration,25,0,-,7,"13, 16, 17, 18, 28, 38, 48",0,0,False,-,0.35,missing_codes,missing_codes(+0.35)
827,train_quadrant_enumeration_296,train_123.png,train_quadrant_enumeration,25,0,-,7,"13, 18, 25, 27, 28, 45, 46",0,0,False,-,0.35,missing_codes,missing_codes(+0.35)
828,train_quadrant_enumeration_298,train_118.png,train_quadrant_enumeration,25,0,-,7,"14, 24, 26, 28, 46, 47, 48",0,0,False,-,0.35,missing_codes,missing_codes(+0.35)
829,train_quadrant_enumeration_576,train_97.png,train_quadrant_enumeration,25,0,-,7,"15, 18, 24, 25, 27, 28, 36",0,0,False,-,0.35,missing_codes,missing_codes(+0.35)
830,train_quadrant_enumeration_604,train_90.png,train_quadrant_enumeration,25,0,-,7,"16, 18, 26, 28, 36, 38, 48",0,0,False,-,0.35,missing_codes,missing_codes(+0.35)
831,train_quadrant_enumeration_547,train_397.png,train_quadrant_enumeration,25,0,-,7,"26, 31, 32, 36, 41, 42, 46",0,0,False,-,0.35,missing_codes,missing_codes(+0.35)
832,train_quadrant_enumeration_367,train_626.png,train_quadrant_enumeration,25,0,-,7,"16, 18, 26, 28, 36, 46, 48",0,0,False,-,0.35,missing_codes,missing_codes(+0.35)
833,train_quadrant_enumeration_504,train_17.png,train_quadrant_enumeration,25,0,-,7,"17, 18, 28, 36, 38, 46, 48",0,0,False,-,0.35,missing_codes,missing_codes(+0.35)
834,train_quadrant_enumeration_294,train_183.png,train_quadrant_enumeration,25,0,-,7,"13, 16, 17, 18, 28, 38, 46",0,0,False,-,0.35,missing_codes,missing_codes(+0.35)
835,train_quadrant_enumeration_599,train_46.png,train_quadrant_enumeration,25,0,-,7,"17, 18, 26, 28, 36, 37, 38",0,0,False,-,0.35,missing_codes,missing_codes(+0.35)
836,train_quadrant_enumeration_98,train_66.png,train_quadrant_enumeration,25,0,-,7,"27, 28, 38, 45, 46, 47, 48",0,0,False,-,0.35,missing_codes,missing_codes(+0.35)
837,train_quadrant_enumeration_372,train_590.png,train_quadrant_enumeration,25,0,-,7,"15, 18, 26, 28, 38, 47, 48",0,0,False,-,0.35,missing_codes,missing_codes(+0.35)
838,train_quadrant_enumeration_488,train_371.png,train_quadrant_enumeration,25,0,-,7,"15, 16, 18, 25, 26, 28, 38",0,0,False,-,0.35,missing_codes,missing_codes(+0.35)
839,train_quadrant_enumeration_561,train_395.png,train_quadrant_enumeration,25,0,-,7,"15, 24, 26, 28, 37, 38, 45",0,0,False,-,0.35,missing_codes,missing_codes(+0.35)
840,train_quadrant_enumeration_234,train_195.png,train_quadrant_enumeration,25,0,-,7,"18, 25, 28, 35, 38, 45, 48",0,0,False,-,0.35,missing_codes,missing_codes(+0.35)
841,train_quadrant_enumeration_385,train_382.png,train_quadrant_enumeration,25,0,-,7,"18, 28, 35, 36, 38, 45, 48",0,0,False,-,0.35,missing_codes,missing_codes(+0.35)
842,train_quadrant_enumeration_527,train_21.png,train_quadrant_enumeration,25,0,-,7,"18, 25, 27, 28, 35, 38, 48",0,0,False,-,0.35,missing_codes,missing_codes(+0.35)
843,train_quadrant_enumeration_355,train_489.png,train_quadrant_enumeration,25,0,-,7,"15, 17, 27, 28, 36, 45, 48",0,0,False,-,0.35,missing_codes,missing_codes(+0.35)
844,train_quadrant_enumeration_153,train_332.png,train_quadrant_enumeration,25,0,-,7,"15, 16, 18, 28, 37, 38, 45",0,0,False,-,0.35,missing_codes,missing_codes(+0.35)
845,train_quadrant_enumeration_461,train_472.png,train_quadrant_enumeration,26,0,-,6,"21, 22, 24, 35, 46, 48",0,0,False,-,0.3,missing_codes,missing_codes(+0.30)
846,train_quadrant_enumeration_156,train_170.png,train_quadrant_enumeration,26,0,-,6,"17, 18, 27, 28, 38, 48",0,0,False,-,0.3,missing_codes,missing_codes(+0.30)
847,train_quadrant_enumeration_63,train_92.png,train_quadrant_enumeration,26,0,-,6,"15, 18, 24, 26, 28, 48",0,0,False,-,0.3,missing_codes,missing_codes(+0.30)
848,train_quadrant_enumeration_202,train_464.png,train_quadrant_enumeration,26,0,-,6,"18, 28, 36, 38, 47, 48",0,0,False,-,0.3,missing_codes,missing_codes(+0.30)
849,train_quadrant_enumeration_480,train_126.png,train_quadrant_enumeration,26,0,-,6,"14, 16, 24, 26, 36, 48",0,0,False,-,0.3,missing_codes,missing_codes(+0.30)
850,train_quadrant_enumeration_33,train_383.png,train_quadrant_enumeration,26,0,-,6,"18, 26, 28, 38, 46, 48",0,0,False,-,0.3,missing_codes,missing_codes(+0.30)
851,train_quadrant_enumeration_289,train_376.png,train_quadrant_enumeration,26,0,-,6,"18, 28, 35, 38, 45, 48",0,0,False,-,0.3,missing_codes,missing_codes(+0.30)
852,train_quadrant_enumeration_146,train_274.png,train_quadrant_enumeration,26,0,-,6,"17, 18, 27, 28, 36, 46",0,0,False,-,0.3,missing_codes,missing_codes(+0.30)
853,train_quadrant_enumeration_72,train_544.png,train_quadrant_enumeration,26,0,-,6,"15, 17, 18, 24, 28, 35",0,0,False,-,0.3,missing_codes,missing_codes(+0.30)
854,train_quadrant_enumeration_70,train_326.png,train_quadrant_enumeration,26,0,-,6,"18, 28, 37, 38, 47, 48",0,0,False,-,0.3,missing_codes,missing_codes(+0.30)
855,train_quadrant_enumeration_460,train_341.png,train_quadrant_enumeration,26,0,-,6,"28, 35, 36, 38, 46, 47",0,0,False,-,0.3,missing_codes,missing_codes(+0.30)
856,train_quadrant_enumeration_366,train_349.png,train_quadrant_enumeration,26,0,-,6,"18, 26, 28, 38, 46, 48",0,0,False,-,0.3,missing_codes,missing_codes(+0.30)
857,train_quadrant_enumeration_214,train_519.png,train_quadrant_enumeration,26,0,-,6,"18, 23, 26, 28, 36, 46",0,0,False,-,0.3,missing_codes,missing_codes(+0.30)
858,train_quadrant_enumeration_257,train_421.png,train_quadrant_enumeration,26,0,-,6,"14, 18, 28, 38, 47, 48",0,0,False,-,0.3,missing_codes,missing_codes(+0.30)
859,train_quadrant_enumeration_177,train_327.png,train_quadrant_enumeration,26,0,-,6,"14, 18, 36, 37, 38, 48",0,0,False,-,0.3,missing_codes,missing_codes(+0.30)
860,train_quadrant_enumeration_375,train_346.png,train_quadrant_enumeration,26,0,-,6,"18, 25, 28, 38, 45, 48",0,0,False,-,0.3,missing_codes,missing_codes(+0.30)
861,train_quadrant_enumeration_592,train_68.png,train_quadrant_enumeration,26,0,-,6,"18, 24, 25, 26, 46, 48",0,0,False,-,0.3,missing_codes,missing_codes(+0.30)
862,train_quadrant_enumeration_356,train_334.png,train_quadrant_enumeration,26,0,-,6,"15, 16, 25, 28, 35, 36",0,0,False,-,0.3,missing_codes,missing_codes(+0.30)
863,train_quadrant_enumeration_127,train_273.png,train_quadrant_enumeration,26,0,-,6,"15, 16, 28, 36, 38, 46",0,0,False,-,0.3,missing_codes,missing_codes(+0.30)
864,train_quadrant_enumeration_382,train_215.png,train_quadrant_enumeration,26,0,-,6,"16, 18, 28, 36, 38, 48",0,0,False,-,0.3,missing_codes,missing_codes(+0.30)
865,train_quadrant_enumeration_166,train_437.png,train_quadrant_enumeration,26,0,-,6,"13, 18, 23, 28, 33, 43",0,0,False,-,0.3,missing_codes,missing_codes(+0.30)
866,train_quadrant_enumeration_54,train_404.png,train_quadrant_enumeration,26,0,-,6,"17, 18, 28, 36, 38, 48",0,0,False,-,0.3,missing_codes,missing_codes(+0.30)
867,train_quadrant_enumeration_58,train_630.png,train_quadrant_enumeration,26,0,-,6,"18, 35, 36, 37, 38, 48",0,0,False,-,0.3,missing_codes,missing_codes(+0.30)
868,train_quadrant_enumeration_579,train_275.png,train_quadrant_enumeration,26,0,-,6,"18, 24, 27, 28, 38, 46",0,0,False,-,0.3,missing_codes,missing_codes(+0.30)
869,train_quadrant_enumeration_386,train_50.png,train_quadrant_enumeration,26,0,-,6,"17, 18, 26, 27, 35, 45",0,0,False,-,0.3,missing_codes,missing_codes(+0.30)
870,train_quadrant_enumeration_138,train_220.png,train_quadrant_enumeration,26,0,-,6,"17, 18, 27, 28, 37, 38",0,0,False,-,0.3,missing_codes,missing_codes(+0.30)
871,train_quadrant_enumeration_23,train_453.png,train_quadrant_enumeration,26,0,-,6,"18, 27, 37, 38, 47, 48",0,0,False,-,0.3,missing_codes,missing_codes(+0.30)
872,train_quadrant_enumeration_391,train_552.png,train_quadrant_enumeration,26,0,-,6,"18, 24, 25, 28, 36, 46",0,0,False,-,0.3,missing_codes,missing_codes(+0.30)
873,train_quadrant_enumeration_243,train_416.png,train_quadrant_enumeration,26,0,-,6,"15, 17, 18, 28, 36, 46",0,0,False,-,0.3,missing_codes,missing_codes(+0.30)
874,train_quadrant_enumeration_401,train_164.png,train_quadrant_enumeration,26,0,-,6,"18, 28, 36, 38, 45, 48",0,0,False,-,0.3,missing_codes,missing_codes(+0.30)
875,train_quadrant_enumeration_518,train_43.png,train_quadrant_enumeration,26,0,-,6,"16, 26, 27, 36, 46, 47",0,0,False,-,0.3,missing_codes,missing_codes(+0.30)
876,train_quadrant_enumeration_613,train_227.png,train_quadrant_enumeration,26,0,-,6,"15, 18, 27, 28, 38, 48",0,0,False,-,0.3,missing_codes,missing_codes(+0.30)
877,train_quadrant_enumeration_217,train_49.png,train_quadrant_enumeration,26,0,-,6,"18, 24, 28, 36, 38, 46",0,0,False,-,0.3,missing_codes,missing_codes(+0.30)
878,train_quadrant_enumeration_215,train_358.png,train_quadrant_enumeration,26,0,-,6,"18, 28, 37, 38, 47, 48",0,0,False,-,0.3,missing_codes,missing_codes(+0.30)
879,train_quadrant_enumeration_4,train_475.png,train_quadrant_enumeration,26,0,-,6,"17, 18, 27, 28, 38, 48",0,0,False,-,0.3,missing_codes,missing_codes(+0.30)
880,train_quadrant_enumeration_107,train_263.png,train_quadrant_enumeration,27,0,-,5,"18, 28, 38, 46, 48",0,0,False,-,0.25,missing_codes,missing_codes(+0.25)
881,train_quadrant_enumeration_227,train_85.png,train_quadrant_enumeration,27,0,-,5,"18, 26, 28, 36, 46",0,0,False,-,0.25,missing_codes,missing_codes(+0.25)
882,train_quadrant_enumeration_131,train_511.png,train_quadrant_enumeration,27,0,-,5,"18, 25, 28, 38, 46",0,0,False,-,0.25,missing_codes,missing_codes(+0.25)
883,train_quadrant_enumeration_223,train_515.png,train_quadrant_enumeration,27,0,-,5,"15, 16, 18, 26, 28",0,0,False,-,0.25,missing_codes,missing_codes(+0.25)
884,train_quadrant_enumeration_116,train_400.png,train_quadrant_enumeration,27,0,-,5,"18, 25, 28, 36, 48",0,0,False,-,0.25,missing_codes,missing_codes(+0.25)
885,train_quadrant_enumeration_187,train_130.png,train_quadrant_enumeration,27,0,-,5,"17, 18, 28, 36, 48",0,0,False,-,0.25,missing_codes,missing_codes(+0.25)
886,train_quadrant_enumeration_19,train_348.png,train_quadrant_enumeration,27,0,-,5,"28, 35, 38, 45, 48",0,0,False,-,0.25,missing_codes,missing_codes(+0.25)
887,train_quadrant_enumeration_220,train_25.png,train_quadrant_enumeration,27,0,-,5,"15, 16, 18, 28, 36",0,0,False,-,0.25,missing_codes,missing_codes(+0.25)
888,train_quadrant_enumeration_191,train_430.png,train_quadrant_enumeration,27,0,-,5,"18, 26, 28, 38, 48",0,0,False,-,0.25,missing_codes,missing_codes(+0.25)
889,train_quadrant_enumeration_192,train_471.png,train_quadrant_enumeration,27,0,-,5,"24, 36, 37, 38, 48",0,0,False,-,0.25,missing_codes,missing_codes(+0.25)
890,train_quadrant_enumeration_128,train_101.png,train_quadrant_enumeration,27,0,-,5,"17, 18, 25, 27, 28",0,0,False,-,0.25,missing_codes,missing_codes(+0.25)
891,train_quadrant_enumeration_165,train_79.png,train_quadrant_enumeration,27,0,-,5,"12, 18, 28, 38, 48",0,0,False,-,0.25,missing_codes,missing_codes(+0.25)
892,train_quadrant_enumeration_13,train_12.png,train_quadrant_enumeration,27,0,-,5,"14, 17, 25, 36, 45",0,0,False,-,0.25,missing_codes,missing_codes(+0.25)
893,train_quadrant_enumeration_201,train_549.png,train_quadrant_enumeration,27,0,-,5,"18, 28, 37, 38, 48",0,0,False,-,0.25,missing_codes,missing_codes(+0.25)
894,train_quadrant_enumeration_213,train_455.png,train_quadrant_enumeration,27,0,-,5,"14, 15, 24, 28, 46",0,0,False,-,0.25,missing_codes,missing_codes(+0.25)
895,train_quadrant_enumeration_253,train_57.png,train_quadrant_enumeration,27,0,-,5,"18, 28, 35, 38, 48",0,0,False,-,0.25,missing_codes,missing_codes(+0.25)
896,train_quadrant_enumeration_1,train_283.png,train_quadrant_enumeration,27,0,-,5,"14, 25, 34, 36, 46",0,0,False,-,0.25,missing_codes,missing_codes(+0.25)
897,train_quadrant_enumeration_336,train_161.png,train_quadrant_enumeration,27,0,-,5,"14, 17, 25, 36, 45",0,0,False,-,0.25,missing_codes,missing_codes(+0.25)
898,train_quadrant_enumeration_512,train_47.png,train_quadrant_enumeration,27,0,-,5,"17, 26, 35, 38, 46",0,0,False,-,0.25,missing_codes,missing_codes(+0.25)
899,train_quadrant_enumeration_441,train_512.png,train_quadrant_enumeration,27,0,-,5,"14, 24, 25, 26, 46",0,0,False,-,0.25,missing_codes,missing_codes(+0.25)
900,train_quadrant_enumeration_596,train_368.png,train_quadrant_enumeration,27,0,-,5,"18, 23, 38, 45, 46",0,0,False,-,0.25,missing_codes,missing_codes(+0.25)
901,train_quadrant_enumeration_252,train_156.png,train_quadrant_enumeration,27,0,-,5,"15, 18, 36, 38, 48",0,0,False,-,0.25,missing_codes,missing_codes(+0.25)
902,train_quadrant_enumeration_334,train_600.png,train_quadrant_enumeration,27,0,-,5,"18, 26, 28, 38, 46",0,0,False,-,0.25,missing_codes,missing_codes(+0.25)
903,train_quadrant_enumeration_463,train_212.png,train_quadrant_enumeration,27,0,-,5,"18, 26, 28, 46, 48",0,0,False,-,0.25,missing_codes,missing_codes(+0.25)
904,train_quadrant_enumeration_325,train_293.png,train_quadrant_enumeration,27,0,-,5,"18, 25, 28, 36, 48",0,0,False,-,0.25,missing_codes,missing_codes(+0.25)
905,train_quadrant_enumeration_369,train_566.png,train_quadrant_enumeration,27,0,-,5,"14, 15, 26, 36, 46",0,0,False,-,0.25,missing_codes,missing_codes(+0.25)
906,train_quadrant_enumeration_437,train_99.png,train_quadrant_enumeration,27,0,-,5,"17, 18, 28, 36, 46",0,0,False,-,0.25,missing_codes,missing_codes(+0.25)
907,train_quadrant_enumeration_405,train_306.png,train_quadrant_enumeration,27,0,-,5,"18, 27, 28, 38, 46",0,0,False,-,0.25,missing_codes,missing_codes(+0.25)
908,train_quadrant_enumeration_65,train_518.png,train_quadrant_enumeration,27,0,-,5,"16, 18, 28, 38, 46",0,0,False,-,0.25,missing_codes,missing_codes(+0.25)
909,train_quadrant_enumeration_56,train_495.png,train_quadrant_enumeration,27,0,-,5,"12, 14, 22, 24, 25",0,0,False,-,0.25,missing_codes,missing_codes(+0.25)
910,train_quadrant_enumeration_517,train_131.png,train_quadrant_enumeration,27,0,-,5,"12, 22, 23, 28, 38",0,0,False,-,0.25,missing_codes,missing_codes(+0.25)
911,train_quadrant_enumeration_75,train_108.png,train_quadrant_enumeration,27,0,-,5,"18, 28, 38, 46, 48",0,0,False,-,0.25,missing_codes,missing_codes(+0.25)
912,train_quadrant_enumeration_410,train_473.png,train_quadrant_enumeration,27,0,-,5,"18, 36, 37, 38, 48",0,0,False,-,0.25,missing_codes,missing_codes(+0.25)
913,train_quadrant_enumeration_605,train_45.png,train_quadrant_enumeration,27,0,-,5,"17, 18, 28, 35, 45",0,0,False,-,0.25,missing_codes,missing_codes(+0.25)
914,train_quadrant_enumeration_574,train_23.png,train_quadrant_enumeration,27,0,-,5,"27, 38, 45, 46, 48",0,0,False,-,0.25,missing_codes,missing_codes(+0.25)
915,train_quadrant_enumeration_495,train_184.png,train_quadrant_enumeration,27,0,-,5,"18, 28, 37, 38, 48",0,0,False,-,0.25,missing_codes,missing_codes(+0.25)
916,train_quadrant_enumeration_501,train_598.png,train_quadrant_enumeration,27,0,-,5,"18, 28, 38, 46, 48",0,0,False,-,0.25,missing_codes,missing_codes(+0.25)
917,train_quadrant_enumeration_81,train_87.png,train_quadrant_enumeration,27,0,-,5,"18, 28, 38, 47, 48",0,0,False,-,0.25,missing_codes,missing_codes(+0.25)
918,train_quadrant_enumeration_537,train_418.png,train_quadrant_enumeration,27,0,-,5,"14, 16, 25, 37, 46",0,0,False,-,0.25,missing_codes,missing_codes(+0.25)
919,train_quadrant_enumeration_555,train_547.png,train_quadrant_enumeration,27,0,-,5,"18, 28, 36, 38, 48",0,0,False,-,0.25,missing_codes,missing_codes(+0.25)
920,train_quadrant_enumeration_290,train_620.png,train_quadrant_enumeration,27,0,-,5,"28, 35, 38, 45, 48",0,0,False,-,0.25,missing_codes,missing_codes(+0.25)
921,train_quadrant_enumeration_531,train_537.png,train_quadrant_enumeration,27,0,-,5,"13, 15, 17, 37, 46",0,0,False,-,0.25,missing_codes,missing_codes(+0.25)
922,train_quadrant_enumeration_507,train_182.png,train_quadrant_enumeration,27,0,-,5,"18, 27, 28, 38, 48",0,0,False,-,0.25,missing_codes,missing_codes(+0.25)
923,train_quadrant_enumeration_88,train_188.png,train_quadrant_enumeration,28,0,-,4,"18, 28, 38, 48",0,0,False,-,0.2,missing_codes,missing_codes(+0.20)
924,train_quadrant_enumeration_21,train_176.png,train_quadrant_enumeration,28,0,-,4,"18, 28, 38, 48",0,0,False,-,0.2,missing_codes,missing_codes(+0.20)
925,train_quadrant_enumeration_368,train_74.png,train_quadrant_enumeration,28,0,-,4,"12, 22, 38, 46",0,0,False,-,0.2,missing_codes,missing_codes(+0.20)
926,train_quadrant_enumeration_476,train_202.png,train_quadrant_enumeration,28,0,-,4,"15, 18, 38, 48",0,0,False,-,0.2,missing_codes,missing_codes(+0.20)
927,train_quadrant_enumeration_575,train_563.png,train_quadrant_enumeration,28,0,-,4,"18, 28, 38, 48",0,0,False,-,0.2,missing_codes,missing_codes(+0.20)
928,train_quadrant_enumeration_359,train_259.png,train_quadrant_enumeration,28,0,-,4,"27, 28, 38, 48",0,0,False,-,0.2,missing_codes,missing_codes(+0.20)
929,train_quadrant_enumeration_358,train_582.png,train_quadrant_enumeration,28,0,-,4,"36, 37, 46, 47",0,0,False,-,0.2,missing_codes,missing_codes(+0.20)
930,train_quadrant_enumeration_479,train_481.png,train_quadrant_enumeration,28,0,-,4,"15, 25, 38, 46",0,0,False,-,0.2,missing_codes,missing_codes(+0.20)
931,train_quadrant_enumeration_97,train_452.png,train_quadrant_enumeration,28,0,-,4,"15, 18, 38, 48",0,0,False,-,0.2,missing_codes,missing_codes(+0.20)
932,train_quadrant_enumeration_571,train_256.png,train_quadrant_enumeration,28,0,-,4,"25, 36, 46, 47",0,0,False,-,0.2,missing_codes,missing_codes(+0.20)
933,train_quadrant_enumeration_291,train_241.png,train_quadrant_enumeration,28,0,-,4,"36, 38, 46, 48",0,0,False,-,0.2,missing_codes,missing_codes(+0.20)
934,train_quadrant_enumeration_29,train_271.png,train_quadrant_enumeration,28,0,-,4,"15, 18, 28, 36",0,0,False,-,0.2,missing_codes,missing_codes(+0.20)
935,train_quadrant_enumeration_462,train_198.png,train_quadrant_enumeration,28,0,-,4,"18, 28, 38, 48",0,0,False,-,0.2,missing_codes,missing_codes(+0.20)
936,train_quadrant_enumeration_125,train_313.png,train_quadrant_enumeration,28,0,-,4,"18, 28, 38, 48",0,0,False,-,0.2,missing_codes,missing_codes(+0.20)
937,train_quadrant_enumeration_145,train_434.png,train_quadrant_enumeration,28,0,-,4,"15, 18, 28, 36",0,0,False,-,0.2,missing_codes,missing_codes(+0.20)
938,train_quadrant_enumeration_143,train_29.png,train_quadrant_enumeration,28,0,-,4,"18, 28, 38, 48",0,0,False,-,0.2,missing_codes,missing_codes(+0.20)
939,train_quadrant_enumeration_424,train_190.png,train_quadrant_enumeration,28,0,-,4,"18, 28, 36, 48",0,0,False,-,0.2,missing_codes,missing_codes(+0.20)
940,train_quadrant_enumeration_422,train_239.png,train_quadrant_enumeration,28,0,-,4,"18, 28, 38, 48",0,0,False,-,0.2,missing_codes,missing_codes(+0.20)
941,train_quadrant_enumeration_425,train_77.png,train_quadrant_enumeration,28,0,-,4,"18, 28, 45, 46",0,0,False,-,0.2,missing_codes,missing_codes(+0.20)
942,train_quadrant_enumeration_419,train_379.png,train_quadrant_enumeration,28,0,-,4,"18, 28, 38, 48",0,0,False,-,0.2,missing_codes,missing_codes(+0.20)
943,train_quadrant_enumeration_417,train_532.png,train_quadrant_enumeration,28,0,-,4,"15, 17, 28, 38",0,0,False,-,0.2,missing_codes,missing_codes(+0.20)
944,train_quadrant_enumeration_430,train_448.png,train_quadrant_enumeration,28,0,-,4,"15, 18, 25, 26",0,0,False,-,0.2,missing_codes,missing_codes(+0.20)
945,train_quadrant_enumeration_431,train_8.png,train_quadrant_enumeration,28,0,-,4,"18, 28, 36, 46",0,0,False,-,0.2,missing_codes,missing_codes(+0.20)
946,train_quadrant_enumeration_41,train_311.png,train_quadrant_enumeration,28,0,-,4,"16, 17, 22, 36",0,0,False,-,0.2,missing_codes,missing_codes(+0.20)
947,train_quadrant_enumeration_602,train_342.png,train_quadrant_enumeration,28,0,-,4,"18, 28, 38, 48",0,0,False,-,0.2,missing_codes,missing_codes(+0.20)
948,train_quadrant_enumeration_134,train_485.png,train_quadrant_enumeration,28,0,-,4,"15, 18, 26, 36",0,0,False,-,0.2,missing_codes,missing_codes(+0.20)
949,train_quadrant_enumeration_44,train_487.png,train_quadrant_enumeration,28,0,-,4,"18, 28, 38, 48",0,0,False,-,0.2,missing_codes,missing_codes(+0.20)
950,train_quadrant_enumeration_39,train_568.png,train_quadrant_enumeration,28,0,-,4,"36, 38, 46, 48",0,0,False,-,0.2,missing_codes,missing_codes(+0.20)
951,train_quadrant_enumeration_388,train_337.png,train_quadrant_enumeration,28,0,-,4,"18, 28, 38, 48",0,0,False,-,0.2,missing_codes,missing_codes(+0.20)
952,train_quadrant_enumeration_387,train_245.png,train_quadrant_enumeration,28,0,-,4,"15, 28, 36, 46",0,0,False,-,0.2,missing_codes,missing_codes(+0.20)
953,train_quadrant_enumeration_129,train_169.png,train_quadrant_enumeration,28,0,-,4,"18, 28, 38, 48",0,0,False,-,0.2,missing_codes,missing_codes(+0.20)
954,train_quadrant_enumeration_126,train_428.png,train_quadrant_enumeration,28,0,-,4,"18, 28, 38, 48",0,0,False,-,0.2,missing_codes,missing_codes(+0.20)
955,train_quadrant_enumeration_154,train_276.png,train_quadrant_enumeration,28,0,-,4,"18, 28, 36, 48",0,0,False,-,0.2,missing_codes,missing_codes(+0.20)
956,train_quadrant_enumeration_204,train_213.png,train_quadrant_enumeration,28,0,-,4,"18, 28, 38, 48",0,0,False,-,0.2,missing_codes,missing_codes(+0.20)
957,train_quadrant_enumeration_377,train_320.png,train_quadrant_enumeration,28,0,-,4,"16, 28, 47, 48",0,0,False,-,0.2,missing_codes,missing_codes(+0.20)
958,train_quadrant_enumeration_288,train_214.png,train_quadrant_enumeration,28,0,-,4,"26, 28, 38, 48",0,0,False,-,0.2,missing_codes,missing_codes(+0.20)
959,train_quadrant_enumeration_196,train_143.png,train_quadrant_enumeration,28,0,-,4,"18, 28, 38, 48",0,0,False,-,0.2,missing_codes,missing_codes(+0.20)
960,train_quadrant_enumeration_287,train_115.png,train_quadrant_enumeration,28,0,-,4,"27, 28, 38, 45",0,0,False,-,0.2,missing_codes,missing_codes(+0.20)
961,train_quadrant_enumeration_244,train_191.png,train_quadrant_enumeration,28,0,-,4,"18, 28, 38, 48",0,0,False,-,0.2,missing_codes,missing_codes(+0.20)
962,train_quadrant_enumeration_328,train_257.png,train_quadrant_enumeration,28,0,-,4,"18, 28, 35, 45",0,0,False,-,0.2,missing_codes,missing_codes(+0.20)
963,train_quadrant_enumeration_102,train_246.png,train_quadrant_enumeration,28,0,-,4,"18, 28, 38, 48",0,0,False,-,0.2,missing_codes,missing_codes(+0.20)
964,train_quadrant_enumeration_264,train_211.png,train_quadrant_enumeration,28,0,-,4,"18, 28, 38, 48",0,0,False,-,0.2,missing_codes,missing_codes(+0.20)
965,train_quadrant_enumeration_262,train_128.png,train_quadrant_enumeration,28,0,-,4,"18, 28, 38, 48",0,0,False,-,0.2,missing_codes,missing_codes(+0.20)
966,train_quadrant_enumeration_175,train_10.png,train_quadrant_enumeration,28,0,-,4,"26, 27, 35, 46",0,0,False,-,0.2,missing_codes,missing_codes(+0.20)
967,train_quadrant_enumeration_321,train_105.png,train_quadrant_enumeration,28,0,-,4,"18, 28, 38, 48",0,0,False,-,0.2,missing_codes,missing_codes(+0.20)
968,train_quadrant_enumeration_540,train_491.png,train_quadrant_enumeration,28,0,-,4,"18, 25, 36, 46",0,0,False,-,0.2,missing_codes,missing_codes(+0.20)
969,train_quadrant_enumeration_309,train_483.png,train_quadrant_enumeration,28,0,-,4,"17, 18, 28, 46",0,0,False,-,0.2,missing_codes,missing_codes(+0.20)
970,train_quadrant_enumeration_32,train_41.png,train_quadrant_enumeration,28,0,-,4,"18, 28, 38, 48",0,0,False,-,0.2,missing_codes,missing_codes(+0.20)
971,train_quadrant_enumeration_219,train_159.png,train_quadrant_enumeration,28,0,-,4,"26, 28, 38, 48",0,0,False,-,0.2,missing_codes,missing_codes(+0.20)
972,train_quadrant_enumeration_516,train_269.png,train_quadrant_enumeration,28,0,-,4,"18, 28, 38, 48",0,0,False,-,0.2,missing_codes,missing_codes(+0.20)
973,train_quadrant_enumeration_550,train_384.png,train_quadrant_enumeration,28,0,-,4,"18, 28, 38, 48",0,0,False,-,0.2,missing_codes,missing_codes(+0.20)
974,train_quadrant_enumeration_55,train_117.png,train_quadrant_enumeration,28,0,-,4,"18, 26, 38, 48",0,0,False,-,0.2,missing_codes,missing_codes(+0.20)
975,train_quadrant_enumeration_162,train_615.png,train_quadrant_enumeration,28,0,-,4,"18, 28, 38, 48",0,0,False,-,0.2,missing_codes,missing_codes(+0.20)
976,train_quadrant_enumeration_314,train_65.png,train_quadrant_enumeration,28,0,-,4,"12, 22, 26, 48",0,0,False,-,0.2,missing_codes,missing_codes(+0.20)
977,train_quadrant_enumeration_105,train_456.png,train_quadrant_enumeration,28,0,-,4,"18, 21, 38, 48",0,0,False,-,0.2,missing_codes,missing_codes(+0.20)
978,train_quadrant_enumeration_313,train_27.png,train_quadrant_enumeration,28,0,-,4,"18, 28, 36, 46",0,0,False,-,0.2,missing_codes,missing_codes(+0.20)
979,train_quadrant_enumeration_245,train_527.png,train_quadrant_enumeration,28,0,-,4,"18, 28, 38, 48",0,0,False,-,0.2,missing_codes,missing_codes(+0.20)
980,train_quadrant_enumeration_104,train_315.png,train_quadrant_enumeration,28,0,-,4,"18, 28, 36, 37",0,0,False,-,0.2,missing_codes,missing_codes(+0.20)
981,train_quadrant_enumeration_329,train_562.png,train_quadrant_enumeration,28,0,-,4,"15, 18, 28, 38",0,0,False,-,0.2,missing_codes,missing_codes(+0.20)
982,train_quadrant_enumeration_337,train_174.png,train_quadrant_enumeration,28,0,-,4,"25, 35, 38, 48",0,0,False,-,0.2,missing_codes,missing_codes(+0.20)
983,train_quadrant_enumeration_3,train_95.png,train_quadrant_enumeration,28,0,-,4,"17, 18, 24, 26",0,0,False,-,0.2,missing_codes,missing_codes(+0.20)
984,train_quadrant_enumeration_566,train_490.png,train_quadrant_enumeration,28,0,-,4,"18, 36, 46, 48",0,0,False,-,0.2,missing_codes,missing_codes(+0.20)
985,train_quadrant_enumeration_12,train_458.png,train_quadrant_enumeration,28,0,-,4,"18, 28, 38, 48",0,0,False,-,0.2,missing_codes,missing_codes(+0.20)
986,train_quadrant_enumeration_53,train_217.png,train_quadrant_enumeration,28,0,-,4,"18, 22, 27, 46",0,0,False,-,0.2,missing_codes,missing_codes(+0.20)
987,train_quadrant_enumeration_299,train_40.png,train_quadrant_enumeration,28,0,-,4,"15, 16, 25, 26",0,0,False,-,0.2,missing_codes,missing_codes(+0.20)
988,train_quadrant_enumeration_528,train_165.png,train_quadrant_enumeration,28,0,-,4,"18, 25, 28, 48",0,0,False,-,0.2,missing_codes,missing_codes(+0.20)
989,train_quadrant_enumeration_562,train_357.png,train_quadrant_enumeration,28,0,-,4,"18, 28, 38, 48",0,0,False,-,0.2,missing_codes,missing_codes(+0.20)
990,train_quadrant_enumeration_231,train_4.png,train_quadrant_enumeration,28,0,-,4,"18, 26, 38, 48",0,0,False,-,0.2,missing_codes,missing_codes(+0.20)
991,train_quadrant_enumeration_493,train_577.png,train_quadrant_enumeration,28,0,-,4,"18, 25, 38, 48",0,0,False,-,0.2,missing_codes,missing_codes(+0.20)
992,train_quadrant_enumeration_538,train_380.png,train_quadrant_enumeration,28,0,-,4,"18, 28, 45, 48",0,0,False,-,0.2,missing_codes,missing_codes(+0.20)
993,train_quadrant_enumeration_275,train_576.png,train_quadrant_enumeration,28,0,-,4,"18, 26, 38, 48",0,0,False,-,0.2,missing_codes,missing_codes(+0.20)
994,train_quadrant_enumeration_500,train_516.png,train_quadrant_enumeration,28,0,-,4,"18, 28, 36, 48",0,0,False,-,0.2,missing_codes,missing_codes(+0.20)
995,train_quadrant_enumeration_182,train_30.png,train_quadrant_enumeration,28,0,-,4,"35, 37, 38, 46",0,0,False,-,0.2,missing_codes,missing_codes(+0.20)
996,train_quadrant_enumeration_612,train_627.png,train_quadrant_enumeration,29,0,-,3,"37, 38, 48",0,0,False,-,0.15,missing_codes,missing_codes(+0.15)
997,train_quadrant_enumeration_435,train_503.png,train_quadrant_enumeration,29,0,-,3,"24, 36, 48",0,0,False,-,0.15,missing_codes,missing_codes(+0.15)
998,train_quadrant_enumeration_616,train_179.png,train_quadrant_enumeration,29,0,-,3,"24, 28, 36",0,0,False,-,0.15,missing_codes,missing_codes(+0.15)
999,train_quadrant_enumeration_17,train_136.png,train_quadrant_enumeration,29,0,-,3,"36, 46, 48",0,0,False,-,0.15,missing_codes,missing_codes(+0.15)
1000,train_quadrant_enumeration_139,train_591.png,train_quadrant_enumeration,29,0,-,3,"27, 36, 46",0,0,False,-,0.15,missing_codes,missing_codes(+0.15)
1001,train_quadrant_enumeration_169,train_497.png,train_quadrant_enumeration,29,0,-,3,"18, 38, 48",0,0,False,-,0.15,missing_codes,missing_codes(+0.15)
1002,train_quadrant_enumeration_428,train_414.png,train_quadrant_enumeration,29,0,-,3,"18, 36, 46",0,0,False,-,0.15,missing_codes,missing_codes(+0.15)
1003,train_quadrant_enumeration_521,train_75.png,train_quadrant_enumeration,29,0,-,3,"18, 38, 48",0,0,False,-,0.15,missing_codes,missing_codes(+0.15)
1004,train_quadrant_enumeration_523,train_32.png,train_quadrant_enumeration,29,0,-,3,"17, 18, 28",0,0,False,-,0.15,missing_codes,missing_codes(+0.15)
1005,train_quadrant_enumeration_163,train_330.png,train_quadrant_enumeration,29,0,-,3,"18, 36, 48",0,0,False,-,0.15,missing_codes,missing_codes(+0.15)
1006,train_quadrant_enumeration_445,train_579.png,train_quadrant_enumeration,29,0,-,3,"16, 35, 43",0,0,False,-,0.15,missing_codes,missing_codes(+0.15)
1007,train_quadrant_enumeration_438,train_48.png,train_quadrant_enumeration,29,0,-,3,"25, 28, 46",0,0,False,-,0.15,missing_codes,missing_codes(+0.15)
1008,train_quadrant_enumeration_6,train_187.png,train_quadrant_enumeration,29,0,-,3,"18, 28, 36",0,0,False,-,0.15,missing_codes,missing_codes(+0.15)
1009,train_quadrant_enumeration_423,train_375.png,train_quadrant_enumeration,29,0,-,3,"14, 18, 28",0,0,False,-,0.15,missing_codes,missing_codes(+0.15)
1010,train_quadrant_enumeration_568,train_53.png,train_quadrant_enumeration,29,0,-,3,"16, 26, 28",0,0,False,-,0.15,missing_codes,missing_codes(+0.15)
1011,train_quadrant_enumeration_481,train_432.png,train_quadrant_enumeration,29,0,-,3,"18, 36, 46",0,0,False,-,0.15,missing_codes,missing_codes(+0.15)
1012,train_quadrant_enumeration_5,train_62.png,train_quadrant_enumeration,29,0,-,3,"18, 38, 48",0,0,False,-,0.15,missing_codes,missing_codes(+0.15)
1013,train_quadrant_enumeration_152,train_243.png,train_quadrant_enumeration,29,0,-,3,"18, 28, 46",0,0,False,-,0.15,missing_codes,missing_codes(+0.15)
1014,train_quadrant_enumeration_474,train_625.png,train_quadrant_enumeration,29,0,-,3,"18, 28, 36",0,0,False,-,0.15,missing_codes,missing_codes(+0.15)
1015,train_quadrant_enumeration_581,train_378.png,train_quadrant_enumeration,29,0,-,3,"17, 18, 36",0,0,False,-,0.15,missing_codes,missing_codes(+0.15)
1016,train_quadrant_enumeration_472,train_575.png,train_quadrant_enumeration,29,0,-,3,"18, 28, 48",0,0,False,-,0.15,missing_codes,missing_codes(+0.15)
1017,train_quadrant_enumeration_584,train_178.png,train_quadrant_enumeration,29,0,-,3,"18, 28, 37",0,0,False,-,0.15,missing_codes,missing_codes(+0.15)
1018,train_quadrant_enumeration_18,train_305.png,train_quadrant_enumeration,29,0,-,3,"18, 28, 45",0,0,False,-,0.15,missing_codes,missing_codes(+0.15)
1019,train_quadrant_enumeration_554,train_449.png,train_quadrant_enumeration,29,0,-,3,"14, 18, 26",0,0,False,-,0.15,missing_codes,missing_codes(+0.15)
1020,train_quadrant_enumeration_59,train_474.png,train_quadrant_enumeration,29,0,-,3,"18, 38, 48",0,0,False,-,0.15,missing_codes,missing_codes(+0.15)
1021,train_quadrant_enumeration_16,train_324.png,train_quadrant_enumeration,29,0,-,3,"18, 45, 46",0,0,False,-,0.15,missing_codes,missing_codes(+0.15)
1022,train_quadrant_enumeration_591,train_463.png,train_quadrant_enumeration,29,0,-,3,"26, 46, 47",0,0,False,-,0.15,missing_codes,missing_codes(+0.15)
1023,train_quadrant_enumeration_482,train_262.png,train_quadrant_enumeration,29,0,-,3,"28, 44, 48",0,0,False,-,0.15,missing_codes,missing_codes(+0.15)
1024,train_quadrant_enumeration_444,train_410.png,train_quadrant_enumeration,29,0,-,3,"18, 28, 38",0,0,False,-,0.15,missing_codes,missing_codes(+0.15)
1025,train_quadrant_enumeration_598,train_71.png,train_quadrant_enumeration,29,0,-,3,"36, 45, 46",0,0,False,-,0.15,missing_codes,missing_codes(+0.15)
1026,train_quadrant_enumeration_524,train_316.png,train_quadrant_enumeration,29,0,-,3,"28, 38, 48",0,0,False,-,0.15,missing_codes,missing_codes(+0.15)
1027,train_quadrant_enumeration_534,train_55.png,train_quadrant_enumeration,29,0,-,3,"18, 28, 46",0,0,False,-,0.15,missing_codes,missing_codes(+0.15)
1028,train_quadrant_enumeration_618,train_558.png,train_quadrant_enumeration,29,0,-,3,"18, 36, 48",0,0,False,-,0.15,missing_codes,missing_codes(+0.15)
1029,train_quadrant_enumeration_115,train_210.png,train_quadrant_enumeration,29,0,-,3,"23, 36, 46",0,0,False,-,0.15,missing_codes,missing_codes(+0.15)
1030,train_quadrant_enumeration_363,train_478.png,train_quadrant_enumeration,29,0,-,3,"23, 44, 48",0,0,False,-,0.15,missing_codes,missing_codes(+0.15)
1031,train_quadrant_enumeration_362,train_122.png,train_quadrant_enumeration,29,0,-,3,"13, 18, 28",0,0,False,-,0.15,missing_codes,missing_codes(+0.15)
1032,train_quadrant_enumeration_36,train_7.png,train_quadrant_enumeration,29,0,-,3,"17, 18, 25",0,0,False,-,0.15,missing_codes,missing_codes(+0.15)
1033,train_quadrant_enumeration_208,train_135.png,train_quadrant_enumeration,29,0,-,3,"28, 36, 46",0,0,False,-,0.15,missing_codes,missing_codes(+0.15)
1034,train_quadrant_enumeration_93,train_457.png,train_quadrant_enumeration,29,0,-,3,"18, 38, 47",0,0,False,-,0.15,missing_codes,missing_codes(+0.15)
1035,train_quadrant_enumeration_350,train_488.png,train_quadrant_enumeration,29,0,-,3,"14, 18, 28",0,0,False,-,0.15,missing_codes,missing_codes(+0.15)
1036,train_quadrant_enumeration_619,train_479.png,train_quadrant_enumeration,29,0,-,3,"18, 38, 48",0,0,False,-,0.15,missing_codes,missing_codes(+0.15)
1037,train_quadrant_enumeration_210,train_152.png,train_quadrant_enumeration,29,0,-,3,"25, 38, 48",0,0,False,-,0.15,missing_codes,missing_codes(+0.15)
1038,train_quadrant_enumeration_286,train_299.png,train_quadrant_enumeration,29,0,-,3,"26, 45, 48",0,0,False,-,0.15,missing_codes,missing_codes(+0.15)
1039,train_quadrant_enumeration_347,train_244.png,train_quadrant_enumeration,29,0,-,3,"28, 38, 46",0,0,False,-,0.15,missing_codes,missing_codes(+0.15)
1040,train_quadrant_enumeration_341,train_409.png,train_quadrant_enumeration,29,0,-,3,"16, 36, 46",0,0,False,-,0.15,missing_codes,missing_codes(+0.15)
1041,train_quadrant_enumeration_282,train_423.png,train_quadrant_enumeration,29,0,-,3,"18, 38, 48",0,0,False,-,0.15,missing_codes,missing_codes(+0.15)
1042,train_quadrant_enumeration_10,train_264.png,train_quadrant_enumeration,29,0,-,3,"18, 28, 36",0,0,False,-,0.15,missing_codes,missing_codes(+0.15)
1043,train_quadrant_enumeration_278,train_200.png,train_quadrant_enumeration,29,0,-,3,"16, 17, 36",0,0,False,-,0.15,missing_codes,missing_codes(+0.15)
1044,train_quadrant_enumeration_218,train_343.png,train_quadrant_enumeration,29,0,-,3,"35, 36, 46",0,0,False,-,0.15,missing_codes,missing_codes(+0.15)
1045,train_quadrant_enumeration_89,train_513.png,train_quadrant_enumeration,29,0,-,3,"15, 25, 36",0,0,False,-,0.15,missing_codes,missing_codes(+0.15)
1046,train_quadrant_enumeration_272,train_124.png,train_quadrant_enumeration,29,0,-,3,"15, 28, 48",0,0,False,-,0.15,missing_codes,missing_codes(+0.15)
1047,train_quadrant_enumeration_271,train_172.png,train_quadrant_enumeration,29,0,-,3,"18, 28, 48",0,0,False,-,0.15,missing_codes,missing_codes(+0.15)
1048,train_quadrant_enumeration_113,train_285.png,train_quadrant_enumeration,29,0,-,3,"25, 36, 48",0,0,False,-,0.15,missing_codes,missing_codes(+0.15)
1049,train_quadrant_enumeration_327,train_612.png,train_quadrant_enumeration,29,0,-,3,"24, 28, 36",0,0,False,-,0.15,missing_codes,missing_codes(+0.15)
1050,train_quadrant_enumeration_26,train_499.png,train_quadrant_enumeration,29,0,-,3,"26, 46, 48",0,0,False,-,0.15,missing_codes,missing_codes(+0.15)
1051,train_quadrant_enumeration_22,train_621.png,train_quadrant_enumeration,29,0,-,3,"16, 28, 38",0,0,False,-,0.15,missing_codes,missing_codes(+0.15)
1052,train_quadrant_enumeration_251,train_181.png,train_quadrant_enumeration,29,0,-,3,"14, 18, 28",0,0,False,-,0.15,missing_codes,missing_codes(+0.15)
1053,train_quadrant_enumeration_241,train_160.png,train_quadrant_enumeration,29,0,-,3,"18, 28, 48",0,0,False,-,0.15,missing_codes,missing_codes(+0.15)
1054,train_quadrant_enumeration_222,train_365.png,train_quadrant_enumeration,29,0,-,3,"18, 36, 46",0,0,False,-,0.15,missing_codes,missing_codes(+0.15)
1055,train_quadrant_enumeration_238,train_412.png,train_quadrant_enumeration,29,0,-,3,"24, 28, 36",0,0,False,-,0.15,missing_codes,missing_codes(+0.15)
1056,train_quadrant_enumeration_236,train_593.png,train_quadrant_enumeration,29,0,-,3,"15, 26, 28",0,0,False,-,0.15,missing_codes,missing_codes(+0.15)
1057,train_quadrant_enumeration_225,train_454.png,train_quadrant_enumeration,29,0,-,3,"18, 28, 37",0,0,False,-,0.15,missing_codes,missing_codes(+0.15)
1058,train_quadrant_enumeration_232,train_154.png,train_quadrant_enumeration,29,0,-,3,"18, 38, 48",0,0,False,-,0.15,missing_codes,missing_codes(+0.15)
1059,train_quadrant_enumeration_228,train_477.png,train_quadrant_enumeration,29,0,-,3,"16, 36, 46",0,0,False,-,0.15,missing_codes,missing_codes(+0.15)
1060,train_quadrant_enumeration_9,train_498.png,train_quadrant_enumeration,29,0,-,3,"28, 47, 48",0,0,False,-,0.15,missing_codes,missing_codes(+0.15)
1061,train_quadrant_enumeration_122,train_266.png,train_quadrant_enumeration,29,0,-,3,"16, 26, 38",0,0,False,-,0.15,missing_codes,missing_codes(+0.15)
1062,train_quadrant_enumeration_408,train_237.png,train_quadrant_enumeration,29,0,-,3,"18, 38, 48",0,0,False,-,0.15,missing_codes,missing_codes(+0.15)
1063,train_quadrant_enumeration_416,train_69.png,train_quadrant_enumeration,29,0,-,3,"18, 27, 28",0,0,False,-,0.15,missing_codes,missing_codes(+0.15)
1064,train_quadrant_enumeration_2,train_435.png,train_quadrant_enumeration,29,0,-,3,"28, 38, 48",0,0,False,-,0.15,missing_codes,missing_codes(+0.15)
1065,train_quadrant_enumeration_76,train_521.png,train_quadrant_enumeration,29,0,-,3,"36, 37, 46",0,0,False,-,0.15,missing_codes,missing_codes(+0.15)
1066,train_quadrant_enumeration_629,train_193.png,train_quadrant_enumeration,29,0,-,3,"28, 38, 48",0,0,False,-,0.15,missing_codes,missing_codes(+0.15)
1067,train_quadrant_enumeration_397,train_106.png,train_quadrant_enumeration,29,0,-,3,"38, 47, 48",0,0,False,-,0.15,missing_codes,missing_codes(+0.15)
1068,train_quadrant_enumeration_38,train_233.png,train_quadrant_enumeration,29,0,-,3,"18, 28, 38",0,0,False,-,0.15,missing_codes,missing_codes(+0.15)
1069,train_quadrant_enumeration_78,train_5.png,train_quadrant_enumeration,29,0,-,3,"18, 28, 45",0,0,False,-,0.15,missing_codes,missing_codes(+0.15)
1070,train_quadrant_enumeration_398,train_594.png,train_quadrant_enumeration,29,0,-,3,"18, 36, 48",0,0,False,-,0.15,missing_codes,missing_codes(+0.15)
1071,train_quadrant_enumeration_74,train_231.png,train_quadrant_enumeration,29,0,-,3,"34, 36, 46",0,0,False,-,0.15,missing_codes,missing_codes(+0.15)
1072,train_quadrant_enumeration_80,train_141.png,train_quadrant_enumeration,29,0,-,3,"38, 46, 48",0,0,False,-,0.15,missing_codes,missing_codes(+0.15)
1073,train_quadrant_enumeration_83,train_538.png,train_quadrant_enumeration,29,0,-,3,"15, 18, 48",0,0,False,-,0.15,missing_codes,missing_codes(+0.15)
1074,train_quadrant_enumeration_137,train_388.png,train_quadrant_enumeration,29,0,-,3,"18, 36, 38",0,0,False,-,0.15,missing_codes,missing_codes(+0.15)
1075,train_quadrant_enumeration_533,train_574.png,train_quadrant_enumeration,29,0,-,3,"14, 24, 38",0,0,False,-,0.15,missing_codes,missing_codes(+0.15)
1076,train_quadrant_enumeration_620,train_607.png,train_quadrant_enumeration,29,0,-,3,"18, 38, 48",0,0,False,-,0.15,missing_codes,missing_codes(+0.15)
1077,train_quadrant_enumeration_62,train_405.png,train_quadrant_enumeration,29,0,-,3,"18, 28, 38",0,0,False,-,0.15,missing_codes,missing_codes(+0.15)
1078,train_quadrant_enumeration_411,train_381.png,train_quadrant_enumeration,30,0,-,2,"18, 48",0,0,False,-,0.1,missing_codes,missing_codes(+0.10)
1079,train_quadrant_enumeration_315,train_622.png,train_quadrant_enumeration,30,0,-,2,"18, 28",0,0,False,-,0.1,missing_codes,missing_codes(+0.10)
1080,train_quadrant_enumeration_110,train_603.png,train_quadrant_enumeration,30,0,-,2,"36, 46",0,0,False,-,0.1,missing_codes,missing_codes(+0.10)
1081,train_quadrant_enumeration_509,train_426.png,train_quadrant_enumeration,30,0,-,2,"38, 46",0,0,False,-,0.1,missing_codes,missing_codes(+0.10)
1082,train_quadrant_enumeration_319,train_301.png,train_quadrant_enumeration,30,0,-,2,"18, 38",0,0,False,-,0.1,missing_codes,missing_codes(+0.10)
1083,train_quadrant_enumeration_316,train_374.png,train_quadrant_enumeration,30,0,-,2,"18, 38",0,0,False,-,0.1,missing_codes,missing_codes(+0.10)
1084,train_quadrant_enumeration_413,train_351.png,train_quadrant_enumeration,30,0,-,2,"38, 48",0,0,False,-,0.1,missing_codes,missing_codes(+0.10)
1085,train_quadrant_enumeration_124,train_451.png,train_quadrant_enumeration,30,0,-,2,"18, 48",0,0,False,-,0.1,missing_codes,missing_codes(+0.10)
1086,train_quadrant_enumeration_161,train_102.png,train_quadrant_enumeration,30,0,-,2,"18, 28",0,0,False,-,0.1,missing_codes,missing_codes(+0.10)
1087,train_quadrant_enumeration_31,train_61.png,train_quadrant_enumeration,30,0,-,2,"36, 48",0,0,False,-,0.1,missing_codes,missing_codes(+0.10)
1088,train_quadrant_enumeration_14,train_564.png,train_quadrant_enumeration,30,0,-,2,"18, 28",0,0,False,-,0.1,missing_codes,missing_codes(+0.10)
1089,train_quadrant_enumeration_43,train_482.png,train_quadrant_enumeration,30,0,-,2,"38, 48",0,0,False,-,0.1,missing_codes,missing_codes(+0.10)
1090,train_quadrant_enumeration_164,train_496.png,train_quadrant_enumeration,30,0,-,2,"38, 48",0,0,False,-,0.1,missing_codes,missing_codes(+0.10)
1091,train_quadrant_enumeration_308,train_363.png,train_quadrant_enumeration,30,0,-,2,"38, 48",0,0,False,-,0.1,missing_codes,missing_codes(+0.10)
1092,train_quadrant_enumeration_429,train_267.png,train_quadrant_enumeration,30,0,-,2,"35, 45",0,0,False,-,0.1,missing_codes,missing_codes(+0.10)
1093,train_quadrant_enumeration_418,train_226.png,train_quadrant_enumeration,30,0,-,2,"28, 38",0,0,False,-,0.1,missing_codes,missing_codes(+0.10)
1094,train_quadrant_enumeration_301,train_586.png,train_quadrant_enumeration,30,0,-,2,"35, 45",0,0,False,-,0.1,missing_codes,missing_codes(+0.10)
1095,train_quadrant_enumeration_101,train_531.png,train_quadrant_enumeration,30,0,-,2,"18, 24",0,0,False,-,0.1,missing_codes,missing_codes(+0.10)
1096,train_quadrant_enumeration_520,train_189.png,train_quadrant_enumeration,30,0,-,2,"28, 42",0,0,False,-,0.1,missing_codes,missing_codes(+0.10)
1097,train_quadrant_enumeration_503,train_539.png,train_quadrant_enumeration,30,0,-,2,"18, 28",0,0,False,-,0.1,missing_codes,missing_codes(+0.10)
1098,train_quadrant_enumeration_112,train_199.png,train_quadrant_enumeration,30,0,-,2,"18, 28",0,0,False,-,0.1,missing_codes,missing_codes(+0.10)
1099,train_quadrant_enumeration_403,train_2.png,train_quadrant_enumeration,30,0,-,2,"28, 48",0,0,False,-,0.1,missing_codes,missing_codes(+0.10)
1100,train_quadrant_enumeration_468,train_572.png,train_quadrant_enumeration,30,0,-,2,"16, 34",0,0,False,-,0.1,missing_codes,missing_codes(+0.10)
1101,train_quadrant_enumeration_37,train_54.png,train_quadrant_enumeration,30,0,-,2,"18, 28",0,0,False,-,0.1,missing_codes,missing_codes(+0.10)
1102,train_quadrant_enumeration_144,train_44.png,train_quadrant_enumeration,30,0,-,2,"38, 48",0,0,False,-,0.1,missing_codes,missing_codes(+0.10)
1103,train_quadrant_enumeration_15,train_559.png,train_quadrant_enumeration,30,0,-,2,"28, 38",0,0,False,-,0.1,missing_codes,missing_codes(+0.10)
1104,train_quadrant_enumeration_361,train_442.png,train_quadrant_enumeration,30,0,-,2,"14, 36",0,0,False,-,0.1,missing_codes,missing_codes(+0.10)
1105,train_quadrant_enumeration_453,train_147.png,train_quadrant_enumeration,30,0,-,2,"24, 36",0,0,False,-,0.1,missing_codes,missing_codes(+0.10)
1106,train_quadrant_enumeration_351,train_401.png,train_quadrant_enumeration,30,0,-,2,"38, 48",0,0,False,-,0.1,missing_codes,missing_codes(+0.10)
1107,train_quadrant_enumeration_452,train_310.png,train_quadrant_enumeration,30,0,-,2,"24, 36",0,0,False,-,0.1,missing_codes,missing_codes(+0.10)
1108,train_quadrant_enumeration_349,train_94.png,train_quadrant_enumeration,30,0,-,2,"46, 48",0,0,False,-,0.1,missing_codes,missing_codes(+0.10)
1109,train_quadrant_enumeration_45,train_3.png,train_quadrant_enumeration,30,0,-,2,"18, 48",0,0,False,-,0.1,missing_codes,missing_codes(+0.10)
1110,train_quadrant_enumeration_486,train_433.png,train_quadrant_enumeration,30,0,-,2,"18, 46",0,0,False,-,0.1,missing_codes,missing_codes(+0.10)
1111,train_quadrant_enumeration_489,train_270.png,train_quadrant_enumeration,30,0,-,2,"18, 38",0,0,False,-,0.1,missing_codes,missing_codes(+0.10)
1112,train_quadrant_enumeration_380,train_597.png,train_quadrant_enumeration,30,0,-,2,"14, 36",0,0,False,-,0.1,missing_codes,missing_codes(+0.10)
1113,train_quadrant_enumeration_121,train_250.png,train_quadrant_enumeration,30,0,-,2,"23, 46",0,0,False,-,0.1,missing_codes,missing_codes(+0.10)
1114,train_quadrant_enumeration_340,train_632.png,train_quadrant_enumeration,30,0,-,2,"28, 46",0,0,False,-,0.1,missing_codes,missing_codes(+0.10)
1115,train_quadrant_enumeration_498,train_192.png,train_quadrant_enumeration,30,0,-,2,"18, 28",0,0,False,-,0.1,missing_codes,missing_codes(+0.10)
1116,train_quadrant_enumeration_50,train_592.png,train_quadrant_enumeration,30,0,-,2,"24, 25",0,0,False,-,0.1,missing_codes,missing_codes(+0.10)
1117,train_quadrant_enumeration_392,train_387.png,train_quadrant_enumeration,30,0,-,2,"18, 38",0,0,False,-,0.1,missing_codes,missing_codes(+0.10)
1118,train_quadrant_enumeration_114,train_319.png,train_quadrant_enumeration,30,0,-,2,"18, 28",0,0,False,-,0.1,missing_codes,missing_codes(+0.10)
1119,train_quadrant_enumeration_46,train_0.png,train_quadrant_enumeration,30,0,-,2,"28, 36",0,0,False,-,0.1,missing_codes,missing_codes(+0.10)
1120,train_quadrant_enumeration_506,train_268.png,train_quadrant_enumeration,30,0,-,2,"15, 38",0,0,False,-,0.1,missing_codes,missing_codes(+0.10)
1121,train_quadrant_enumeration_407,train_146.png,train_quadrant_enumeration,30,0,-,2,"38, 48",0,0,False,-,0.1,missing_codes,missing_codes(+0.10)
1122,train_quadrant_enumeration_30,train_440.png,train_quadrant_enumeration,30,0,-,2,"35, 46",0,0,False,-,0.1,missing_codes,missing_codes(+0.10)
1123,train_quadrant_enumeration_92,train_355.png,train_quadrant_enumeration,30,0,-,2,"18, 46",0,0,False,-,0.1,missing_codes,missing_codes(+0.10)
1124,train_quadrant_enumeration_578,train_197.png,train_quadrant_enumeration,30,0,-,2,"15, 28",0,0,False,-,0.1,missing_codes,missing_codes(+0.10)
1125,train_quadrant_enumeration_560,train_318.png,train_quadrant_enumeration,30,0,-,2,"38, 48",0,0,False,-,0.1,missing_codes,missing_codes(+0.10)
1126,train_quadrant_enumeration_563,train_567.png,train_quadrant_enumeration,30,0,-,2,"18, 28",0,0,False,-,0.1,missing_codes,missing_codes(+0.10)
1127,train_quadrant_enumeration_564,train_399.png,train_quadrant_enumeration,30,0,-,2,"28, 46",0,0,False,-,0.1,missing_codes,missing_codes(+0.10)
1128,train_quadrant_enumeration_20,train_251.png,train_quadrant_enumeration,30,0,-,2,"28, 36",0,0,False,-,0.1,missing_codes,missing_codes(+0.10)
1129,train_quadrant_enumeration_71,train_545.png,train_quadrant_enumeration,30,0,-,2,"16, 26",0,0,False,-,0.1,missing_codes,missing_codes(+0.10)
1130,train_quadrant_enumeration_7,train_509.png,train_quadrant_enumeration,30,0,-,2,"22, 23",0,0,False,-,0.1,missing_codes,missing_codes(+0.10)
1131,train_quadrant_enumeration_570,train_139.png,train_quadrant_enumeration,30,0,-,2,"18, 28",0,0,False,-,0.1,missing_codes,missing_codes(+0.10)
1132,train_quadrant_enumeration_184,train_524.png,train_quadrant_enumeration,30,0,-,2,"38, 48",0,0,False,-,0.1,missing_codes,missing_codes(+0.10)
1133,train_quadrant_enumeration_25,train_229.png,train_quadrant_enumeration,30,0,-,2,"18, 28",0,0,False,-,0.1,missing_codes,missing_codes(+0.10)
1134,train_quadrant_enumeration_632,train_344.png,train_quadrant_enumeration,30,0,-,2,"36, 46",0,0,False,-,0.1,missing_codes,missing_codes(+0.10)
1135,train_quadrant_enumeration_186,train_596.png,train_quadrant_enumeration,30,0,-,2,"18, 38",0,0,False,-,0.1,missing_codes,missing_codes(+0.10)
1136,train_quadrant_enumeration_255,train_308.png,train_quadrant_enumeration,30,0,-,2,"18, 28",0,0,False,-,0.1,missing_codes,missing_codes(+0.10)
1137,train_quadrant_enumeration_73,train_480.png,train_quadrant_enumeration,30,0,-,2,"33, 43",0,0,False,-,0.1,missing_codes,missing_codes(+0.10)
1138,train_quadrant_enumeration_627,train_238.png,train_quadrant_enumeration,30,0,-,2,"12, 13",0,0,False,-,0.1,missing_codes,missing_codes(+0.10)
1139,train_quadrant_enumeration_624,train_33.png,train_quadrant_enumeration,30,0,-,2,"18, 28",0,0,False,-,0.1,missing_codes,missing_codes(+0.10)
1140,train_quadrant_enumeration_622,train_194.png,train_quadrant_enumeration,30,0,-,2,"38, 48",0,0,False,-,0.1,missing_codes,missing_codes(+0.10)
1141,train_quadrant_enumeration_610,train_465.png,train_quadrant_enumeration,30,0,-,2,"16, 26",0,0,False,-,0.1,missing_codes,missing_codes(+0.10)
1142,train_quadrant_enumeration_583,train_616.png,train_quadrant_enumeration,30,0,-,2,"18, 38",0,0,False,-,0.1,missing_codes,missing_codes(+0.10)
1143,train_quadrant_enumeration_258,train_37.png,train_quadrant_enumeration,30,0,-,2,"36, 48",0,0,False,-,0.1,missing_codes,missing_codes(+0.10)
1144,train_quadrant_enumeration_189,train_277.png,train_quadrant_enumeration,30,0,-,2,"18, 48",0,0,False,-,0.1,missing_codes,missing_codes(+0.10)
1145,train_quadrant_enumeration_601,train_298.png,train_quadrant_enumeration,30,0,-,2,"18, 31",0,0,False,-,0.1,missing_codes,missing_codes(+0.10)
1146,train_quadrant_enumeration_263,train_252.png,train_quadrant_enumeration,30,0,-,2,"28, 36",0,0,False,-,0.1,missing_codes,missing_codes(+0.10)
1147,train_quadrant_enumeration_590,train_13.png,train_quadrant_enumeration,30,0,-,2,"14, 36",0,0,False,-,0.1,missing_codes,missing_codes(+0.10)
1148,train_quadrant_enumeration_266,train_93.png,train_quadrant_enumeration,30,0,-,2,"18, 36",0,0,False,-,0.1,missing_codes,missing_codes(+0.10)
1149,train_quadrant_enumeration_559,train_114.png,train_quadrant_enumeration,30,0,-,2,"36, 46",0,0,False,-,0.1,missing_codes,missing_codes(+0.10)
1150,train_quadrant_enumeration_66,train_606.png,train_quadrant_enumeration,30,0,-,2,"38, 48",0,0,False,-,0.1,missing_codes,missing_codes(+0.10)
1151,train_quadrant_enumeration_558,train_60.png,train_quadrant_enumeration,30,0,-,2,"26, 36",0,0,False,-,0.1,missing_codes,missing_codes(+0.10)
1152,train_quadrant_enumeration_79,train_424.png,train_quadrant_enumeration,30,0,-,2,"27, 37",0,0,False,-,0.1,missing_codes,missing_codes(+0.10)
1153,train_quadrant_enumeration_235,train_322.png,train_quadrant_enumeration,30,0,-,2,"18, 46",0,0,False,-,0.1,missing_codes,missing_codes(+0.10)
1154,train_quadrant_enumeration_539,train_633.png,train_quadrant_enumeration,30,0,-,2,"28, 48",0,0,False,-,0.1,missing_codes,missing_codes(+0.10)
1155,train_quadrant_enumeration_170,train_16.png,train_quadrant_enumeration,30,0,-,2,"18, 38",0,0,False,-,0.1,missing_codes,missing_codes(+0.10)
1156,train_quadrant_enumeration_171,train_103.png,train_quadrant_enumeration,30,0,-,2,"24, 46",0,0,False,-,0.1,missing_codes,missing_codes(+0.10)
1157,train_quadrant_enumeration_224,train_460.png,train_quadrant_enumeration,30,0,-,2,"18, 36",0,0,False,-,0.1,missing_codes,missing_codes(+0.10)
1158,train_quadrant_enumeration_87,train_534.png,train_quadrant_enumeration,30,0,-,2,"18, 28",0,0,False,-,0.1,missing_codes,missing_codes(+0.10)
1159,train_quadrant_enumeration_546,train_186.png,train_quadrant_enumeration,30,0,-,2,"16, 26",0,0,False,-,0.1,missing_codes,missing_codes(+0.10)
1160,train_quadrant_enumeration_86,train_328.png,train_quadrant_enumeration,30,0,-,2,"16, 46",0,0,False,-,0.1,missing_codes,missing_codes(+0.10)
1161,train_quadrant_enumeration_174,train_362.png,train_quadrant_enumeration,30,0,-,2,"18, 36",0,0,False,-,0.1,missing_codes,missing_codes(+0.10)
1162,train_quadrant_enumeration_95,train_385.png,train_quadrant_enumeration,30,0,-,2,"28, 38",0,0,False,-,0.1,missing_codes,missing_codes(+0.10)
1163,train_quadrant_enumeration_193,train_450.png,train_quadrant_enumeration,30,0,-,2,"18, 38",0,0,False,-,0.1,missing_codes,missing_codes(+0.10)
1164,train_quadrant_enumeration_176,train_570.png,train_quadrant_enumeration,30,0,-,2,"38, 48",0,0,False,-,0.1,missing_codes,missing_codes(+0.10)
1165,train_quadrant_enumeration_556,train_284.png,train_quadrant_enumeration,30,0,-,2,"18, 48",0,0,False,-,0.1,missing_codes,missing_codes(+0.10)
1166,train_quadrant_enumeration_242,train_514.png,train_quadrant_enumeration,30,0,-,2,"18, 38",0,0,False,-,0.1,missing_codes,missing_codes(+0.10)
1167,train_quadrant_enumeration_400,train_377.png,train_quadrant_enumeration,31,0,-,1,46,0,0,False,-,0.05,missing_codes,missing_codes(+0.05)
1168,train_quadrant_enumeration_432,train_144.png,train_quadrant_enumeration,31,0,-,1,36,0,0,False,-,0.05,missing_codes,missing_codes(+0.05)
1169,train_quadrant_enumeration_389,train_406.png,train_quadrant_enumeration,31,0,-,1,16,0,0,False,-,0.05,missing_codes,missing_codes(+0.05)
1170,train_quadrant_enumeration_273,train_145.png,train_quadrant_enumeration,31,0,-,1,48,0,0,False,-,0.05,missing_codes,missing_codes(+0.05)
1171,train_quadrant_enumeration_332,train_470.png,train_quadrant_enumeration,31,0,-,1,48,0,0,False,-,0.05,missing_codes,missing_codes(+0.05)
1172,train_quadrant_enumeration_331,train_624.png,train_quadrant_enumeration,31,0,-,1,48,0,0,False,-,0.05,missing_codes,missing_codes(+0.05)
1173,train_quadrant_enumeration_194,train_578.png,train_quadrant_enumeration,31,0,-,1,28,0,0,False,-,0.05,missing_codes,missing_codes(+0.05)
1174,train_quadrant_enumeration_346,train_369.png,train_quadrant_enumeration,31,0,-,1,18,0,0,False,-,0.05,missing_codes,missing_codes(+0.05)
1175,train_quadrant_enumeration_603,train_429.png,train_quadrant_enumeration,31,0,-,1,38,0,0,False,-,0.05,missing_codes,missing_codes(+0.05)
1176,train_quadrant_enumeration_209,train_261.png,train_quadrant_enumeration,31,0,-,1,28,0,0,False,-,0.05,missing_codes,missing_codes(+0.05)
1177,train_quadrant_enumeration_402,train_142.png,train_quadrant_enumeration,31,0,-,1,41,0,0,False,-,0.05,missing_codes,missing_codes(+0.05)
1178,train_quadrant_enumeration_330,train_631.png,train_quadrant_enumeration,31,0,-,1,28,0,0,False,-,0.05,missing_codes,missing_codes(+0.05)
1179,train_quadrant_enumeration_600,train_34.png,train_quadrant_enumeration,31,0,-,1,36,0,0,False,-,0.05,missing_codes,missing_codes(+0.05)
1180,train_quadrant_enumeration_269,train_585.png,train_quadrant_enumeration,31,0,-,1,38,0,0,False,-,0.05,missing_codes,missing_codes(+0.05)
1181,train_quadrant_enumeration_268,train_304.png,train_quadrant_enumeration,31,0,-,1,18,0,0,False,-,0.05,missing_codes,missing_codes(+0.05)
1182,train_quadrant_enumeration_267,train_610.png,train_quadrant_enumeration,31,0,-,1,18,0,0,False,-,0.05,missing_codes,missing_codes(+0.05)
1183,train_quadrant_enumeration_91,train_393.png,train_quadrant_enumeration,31,0,-,1,14,0,0,False,-,0.05,missing_codes,missing_codes(+0.05)
1184,train_quadrant_enumeration_440,train_411.png,train_quadrant_enumeration,31,0,-,1,38,0,0,False,-,0.05,missing_codes,missing_codes(+0.05)
1185,train_quadrant_enumeration_94,train_58.png,train_quadrant_enumeration,31,0,-,1,48,0,0,False,-,0.05,missing_codes,missing_codes(+0.05)
1186,train_quadrant_enumeration_333,train_314.png,train_quadrant_enumeration,31,0,-,1,28,0,0,False,-,0.05,missing_codes,missing_codes(+0.05)
1187,train_quadrant_enumeration_615,train_556.png,train_quadrant_enumeration,31,0,-,1,18,0,0,False,-,0.05,missing_codes,missing_codes(+0.05)
1188,train_quadrant_enumeration_357,train_116.png,train_quadrant_enumeration,31,0,-,1,38,0,0,False,-,0.05,missing_codes,missing_codes(+0.05)
1189,train_quadrant_enumeration_276,train_280.png,train_quadrant_enumeration,31,0,-,1,28,0,0,False,-,0.05,missing_codes,missing_codes(+0.05)
1190,train_quadrant_enumeration_443,train_398.png,train_quadrant_enumeration,31,0,-,1,15,0,0,False,-,0.05,missing_codes,missing_codes(+0.05)
1191,train_quadrant_enumeration_120,train_204.png,train_quadrant_enumeration,31,0,-,1,38,0,0,False,-,0.05,missing_codes,missing_codes(+0.05)
1192,train_quadrant_enumeration_633,train_599.png,train_quadrant_enumeration,31,0,-,1,28,0,0,False,-,0.05,missing_codes,missing_codes(+0.05)
1193,train_quadrant_enumeration_293,train_281.png,train_quadrant_enumeration,31,0,-,1,46,0,0,False,-,0.05,missing_codes,missing_codes(+0.05)
1194,train_quadrant_enumeration_69,train_137.png,train_quadrant_enumeration,31,0,-,1,28,0,0,False,-,0.05,missing_codes,missing_codes(+0.05)
1195,train_quadrant_enumeration_378,train_396.png,train_quadrant_enumeration,31,0,-,1,46,0,0,False,-,0.05,missing_codes,missing_codes(+0.05)
1196,train_quadrant_enumeration_281,train_468.png,train_quadrant_enumeration,31,0,-,1,48,0,0,False,-,0.05,missing_codes,missing_codes(+0.05)
1197,train_quadrant_enumeration_96,train_86.png,train_quadrant_enumeration,31,0,-,1,25,0,0,False,-,0.05,missing_codes,missing_codes(+0.05)
1198,train_quadrant_enumeration_396,train_100.png,train_quadrant_enumeration,31,0,-,1,48,0,0,False,-,0.05,missing_codes,missing_codes(+0.05)
1199,train_quadrant_enumeration_631,train_338.png,train_quadrant_enumeration,31,0,-,1,18,0,0,False,-,0.05,missing_codes,missing_codes(+0.05)
1200,train_quadrant_enumeration_535,train_307.png,train_quadrant_enumeration,31,0,-,1,38,0,0,False,-,0.05,missing_codes,missing_codes(+0.05)
1201,train_quadrant_enumeration_630,train_613.png,train_quadrant_enumeration,31,0,-,1,26,0,0,False,-,0.05,missing_codes,missing_codes(+0.05)
1202,train_quadrant_enumeration_395,train_1.png,train_quadrant_enumeration,31,0,-,1,28,0,0,False,-,0.05,missing_codes,missing_codes(+0.05)
1203,train_quadrant_enumeration_198,train_618.png,train_quadrant_enumeration,31,0,-,1,48,0,0,False,-,0.05,missing_codes,missing_codes(+0.05)
1204,train_quadrant_enumeration_384,train_403.png,train_quadrant_enumeration,31,0,-,1,38,0,0,False,-,0.05,missing_codes,missing_codes(+0.05)
1205,train_quadrant_enumeration_284,train_158.png,train_quadrant_enumeration,31,0,-,1,38,0,0,False,-,0.05,missing_codes,missing_codes(+0.05)
1206,train_quadrant_enumeration_203,train_218.png,train_quadrant_enumeration,31,0,-,1,38,0,0,False,-,0.05,missing_codes,missing_codes(+0.05)
1207,train_quadrant_enumeration_200,train_446.png,train_quadrant_enumeration,31,0,-,1,46,0,0,False,-,0.05,missing_codes,missing_codes(+0.05)
1208,train_quadrant_enumeration_28,train_254.png,train_quadrant_enumeration,31,0,-,1,28,0,0,False,-,0.05,missing_codes,missing_codes(+0.05)
1209,train_quadrant_enumeration_118,train_573.png,train_quadrant_enumeration,31,0,-,1,38,0,0,False,-,0.05,missing_codes,missing_codes(+0.05)
1210,train_quadrant_enumeration_532,train_63.png,train_quadrant_enumeration,31,0,-,1,18,0,0,False,-,0.05,missing_codes,missing_codes(+0.05)
1211,train_quadrant_enumeration_593,train_82.png,train_quadrant_enumeration,31,0,-,1,28,0,0,False,-,0.05,missing_codes,missing_codes(+0.05)
1212,train_quadrant_enumeration_473,train_554.png,train_quadrant_enumeration,31,0,-,1,46,0,0,False,-,0.05,missing_codes,missing_codes(+0.05)
1213,train_quadrant_enumeration_250,train_542.png,train_quadrant_enumeration,31,0,-,1,38,0,0,False,-,0.05,missing_codes,missing_codes(+0.05)
1214,train_quadrant_enumeration_185,train_325.png,train_quadrant_enumeration,31,0,-,1,38,0,0,False,-,0.05,missing_codes,missing_codes(+0.05)
1215,train_quadrant_enumeration_48,train_19.png,train_quadrant_enumeration,31,0,-,1,38,0,0,False,-,0.05,missing_codes,missing_codes(+0.05)
1216,train_quadrant_enumeration_485,train_533.png,train_quadrant_enumeration,31,0,-,1,36,0,0,False,-,0.05,missing_codes,missing_codes(+0.05)
1217,train_quadrant_enumeration_448,train_543.png,train_quadrant_enumeration,31,0,-,1,28,0,0,False,-,0.05,missing_codes,missing_codes(+0.05)
1218,train_quadrant_enumeration_311,train_340.png,train_quadrant_enumeration,31,0,-,1,48,0,0,False,-,0.05,missing_codes,missing_codes(+0.05)
1219,train_quadrant_enumeration_494,train_339.png,train_quadrant_enumeration,31,0,-,1,18,0,0,False,-,0.05,missing_codes,missing_codes(+0.05)
1220,train_quadrant_enumeration_181,train_177.png,train_quadrant_enumeration,31,0,-,1,18,0,0,False,-,0.05,missing_codes,missing_codes(+0.05)
1221,train_quadrant_enumeration_497,train_72.png,train_quadrant_enumeration,31,0,-,1,41,0,0,False,-,0.05,missing_codes,missing_codes(+0.05)
1222,train_quadrant_enumeration_310,train_260.png,train_quadrant_enumeration,31,0,-,1,38,0,0,False,-,0.05,missing_codes,missing_codes(+0.05)
1223,train_quadrant_enumeration_158,train_529.png,train_quadrant_enumeration,31,0,-,1,48,0,0,False,-,0.05,missing_codes,missing_codes(+0.05)
1224,train_quadrant_enumeration_499,train_207.png,train_quadrant_enumeration,31,0,-,1,18,0,0,False,-,0.05,missing_codes,missing_codes(+0.05)
1225,train_quadrant_enumeration_502,train_359.png,train_quadrant_enumeration,31,0,-,1,48,0,0,False,-,0.05,missing_codes,missing_codes(+0.05)
1226,train_quadrant_enumeration_508,train_302.png,train_quadrant_enumeration,31,0,-,1,28,0,0,False,-,0.05,missing_codes,missing_codes(+0.05)
1227,train_quadrant_enumeration_553,train_140.png,train_quadrant_enumeration,31,0,-,1,38,0,0,False,-,0.05,missing_codes,missing_codes(+0.05)
1228,train_quadrant_enumeration_51,train_541.png,train_quadrant_enumeration,31,0,-,1,36,0,0,False,-,0.05,missing_codes,missing_codes(+0.05)
1229,train_quadrant_enumeration_306,train_219.png,train_quadrant_enumeration,31,0,-,1,38,0,0,False,-,0.05,missing_codes,missing_codes(+0.05)
1230,train_quadrant_enumeration_515,train_201.png,train_quadrant_enumeration,31,0,-,1,44,0,0,False,-,0.05,missing_codes,missing_codes(+0.05)
1231,train_quadrant_enumeration_160,train_467.png,train_quadrant_enumeration,31,0,-,1,16,0,0,False,-,0.05,missing_codes,missing_codes(+0.05)
1232,train_quadrant_enumeration_304,train_51.png,train_quadrant_enumeration,31,0,-,1,48,0,0,False,-,0.05,missing_codes,missing_codes(+0.05)
1233,train_quadrant_enumeration_52,train_113.png,train_quadrant_enumeration,31,0,-,1,38,0,0,False,-,0.05,missing_codes,missing_codes(+0.05)
1234,train_quadrant_enumeration_230,train_602.png,train_quadrant_enumeration,31,0,-,1,18,0,0,False,-,0.05,missing_codes,missing_codes(+0.05)
1235,train_quadrant_enumeration_168,train_216.png,train_quadrant_enumeration,31,0,-,1,14,0,0,False,-,0.05,missing_codes,missing_codes(+0.05)
1236,train_quadrant_enumeration_475,train_494.png,train_quadrant_enumeration,31,0,-,1,38,0,0,False,-,0.05,missing_codes,missing_codes(+0.05)
1237,train_quadrant_enumeration_183,train_611.png,train_quadrant_enumeration,31,0,-,1,38,0,0,False,-,0.05,missing_codes,missing_codes(+0.05)
1238,train_quadrant_enumeration_585,train_350.png,train_quadrant_enumeration,31,0,-,1,46,0,0,False,-,0.05,missing_codes,missing_codes(+0.05)
1239,train_quadrant_enumeration_322,train_557.png,train_quadrant_enumeration,31,0,-,1,36,0,0,False,-,0.05,missing_codes,missing_codes(+0.05)
1240,train_quadrant_enumeration_256,train_171.png,train_quadrant_enumeration,31,0,-,1,38,0,0,False,-,0.05,missing_codes,missing_codes(+0.05)
1241,train_quadrant_enumeration_586,train_249.png,train_quadrant_enumeration,31,0,-,1,18,0,0,False,-,0.05,missing_codes,missing_codes(+0.05)
1242,train_quadrant_enumeration_456,train_91.png,train_quadrant_enumeration,31,0,-,1,38,0,0,False,-,0.05,missing_codes,missing_codes(+0.05)
1243,train_quadrant_enumeration_142,train_510.png,train_quadrant_enumeration,31,0,-,1,28,0,0,False,-,0.05,missing_codes,missing_codes(+0.05)
1244,train_quadrant_enumeration_464,train_560.png,train_quadrant_enumeration,31,0,-,1,36,0,0,False,-,0.05,missing_codes,missing_codes(+0.05)
1245,train_quadrant_enumeration_148,train_417.png,train_quadrant_enumeration,31,0,-,1,48,0,0,False,-,0.05,missing_codes,missing_codes(+0.05)
1246,train_quadrant_enumeration_324,train_253.png,train_quadrant_enumeration,31,0,-,1,18,0,0,False,-,0.05,missing_codes,missing_codes(+0.05)
1247,train_quadrant_enumeration_466,train_203.png,train_quadrant_enumeration,31,0,-,1,36,0,0,False,-,0.05,missing_codes,missing_codes(+0.05)
1248,train_quadrant_enumeration_454,train_81.png,train_quadrant_enumeration,31,0,-,1,36,0,0,False,-,0.05,missing_codes,missing_codes(+0.05)
1249,train_quadrant_enumeration_320,train_476.png,train_quadrant_enumeration,31,0,-,1,48,0,0,False,-,0.05,missing_codes,missing_codes(+0.05)
1250,train_quadrant_enumeration_469,train_157.png,train_quadrant_enumeration,31,0,-,1,18,0,0,False,-,0.05,missing_codes,missing_codes(+0.05)
1251,train_quadrant_enumeration_254,train_555.png,train_quadrant_enumeration,31,0,-,1,25,0,0,False,-,0.05,missing_codes,missing_codes(+0.05)
1252,train_quadrant_enumeration_109,train_166.png,train_quadrant_enumeration,31,0,-,1,36,0,0,False,-,0.05,missing_codes,missing_codes(+0.05)
1253,train_quadrant_enumeration_470,train_445.png,train_quadrant_enumeration,31,0,-,1,18,0,0,False,-,0.05,missing_codes,missing_codes(+0.05)
1254,train_quadrant_enumeration_47,train_292.png,train_quadrant_enumeration,31,0,-,1,47,0,0,False,-,0.05,missing_codes,missing_codes(+0.05)
1255,train_quadrant_enumeration_353,train_629.png,train_quadrant_enumeration,32,0,-,0,-,0,0,False,-,0.0,none,-
1256,train_quadrant_enumeration_240,train_609.png,train_quadrant_enumeration,32,0,-,0,-,0,0,False,-,0.0,none,-
1257,train_quadrant_enumeration_100,train_500.png,train_quadrant_enumeration,32,0,-,0,-,0,0,False,-,0.0,none,-
1258,train_quadrant_enumeration_123,train_127.png,train_quadrant_enumeration,32,0,-,0,-,0,0,False,-,0.0,none,-
1259,train_quadrant_enumeration_348,train_173.png,train_quadrant_enumeration,32,0,-,0,-,0,0,False,-,0.0,none,-
1260,train_quadrant_enumeration_303,train_104.png,train_quadrant_enumeration,32,0,-,0,-,0,0,False,-,0.0,none,-
1261,train_quadrant_enumeration_99,train_300.png,train_quadrant_enumeration,32,0,-,0,-,0,0,False,-,0.0,none,-
1262,train_quadrant_enumeration_260,train_353.png,train_quadrant_enumeration,32,0,-,0,-,0,0,False,-,0.0,none,-
1263,train_quadrant_enumeration_259,train_98.png,train_quadrant_enumeration,32,0,-,0,-,0,0,False,-,0.0,none,-
1264,train_quadrant_enumeration_352,train_232.png,train_quadrant_enumeration,32,0,-,0,-,0,0,False,-,0.0,none,-
1265,train_quadrant_enumeration_354,train_605.png,train_quadrant_enumeration,32,0,-,0,-,0,0,False,-,0.0,none,-
1266,train_quadrant_enumeration_24,train_289.png,train_quadrant_enumeration,32,0,-,0,-,0,0,False,-,0.0,none,-
1267,train_quadrant_enumeration_119,train_588.png,train_quadrant_enumeration,32,0,-,0,-,0,0,False,-,0.0,none,-
1268,train_quadrant_enumeration_285,train_234.png,train_quadrant_enumeration,32,0,-,0,-,0,0,False,-,0.0,none,-
1269,train_quadrant_enumeration_246,train_38.png,train_quadrant_enumeration,32,0,-,0,-,0,0,False,-,0.0,none,-
1270,train_quadrant_enumeration_300,train_367.png,train_quadrant_enumeration,32,0,-,0,-,0,0,False,-,0.0,none,-
1271,train_quadrant_enumeration_280,train_394.png,train_quadrant_enumeration,32,0,-,0,-,0,0,False,-,0.0,none,-
1272,train_quadrant_enumeration_212,train_561.png,train_quadrant_enumeration,32,0,-,0,-,0,0,False,-,0.0,none,-
1273,train_quadrant_enumeration_248,train_11.png,train_quadrant_enumeration,32,0,-,0,-,0,0,False,-,0.0,none,-
1274,train_quadrant_enumeration_283,train_56.png,train_quadrant_enumeration,32,0,-,0,-,0,0,False,-,0.0,none,-
1275,train_quadrant_enumeration_312,train_408.png,train_quadrant_enumeration,32,0,-,0,-,0,0,False,-,0.0,none,-
1276,train_quadrant_enumeration_247,train_88.png,train_quadrant_enumeration,32,0,-,0,-,0,0,False,-,0.0,none,-
1277,train_quadrant_enumeration_343,train_64.png,train_quadrant_enumeration,32,0,-,0,-,0,0,False,-,0.0,none,-
1278,train_quadrant_enumeration_211,train_548.png,train_quadrant_enumeration,32,0,-,0,-,0,0,False,-,0.0,none,-
1279,train_quadrant_enumeration_345,train_196.png,train_quadrant_enumeration,32,0,-,0,-,0,0,False,-,0.0,none,-
1280,train_quadrant_enumeration_216,train_623.png,train_quadrant_enumeration,32,0,-,0,-,0,0,False,-,0.0,none,-
1281,train_quadrant_enumeration_11,train_581.png,train_quadrant_enumeration,32,0,-,0,-,0,0,False,-,0.0,none,-
1282,train_quadrant_enumeration_103,train_35.png,train_quadrant_enumeration,32,0,-,0,-,0,0,False,-,0.0,none,-
1283,train_quadrant_enumeration_274,train_528.png,train_quadrant_enumeration,32,0,-,0,-,0,0,False,-,0.0,none,-
1284,train_quadrant_enumeration_338,train_151.png,train_quadrant_enumeration,32,0,-,0,-,0,0,False,-,0.0,none,-
1285,train_quadrant_enumeration_326,train_484.png,train_quadrant_enumeration,32,0,-,0,-,0,0,False,-,0.0,none,-
1286,train_quadrant_enumeration_136,train_438.png,train_quadrant_enumeration,32,0,-,0,-,0,0,False,-,0.0,none,-
1287,train_quadrant_enumeration_360,train_205.png,train_quadrant_enumeration,32,0,-,0,-,0,0,False,-,0.0,none,-
1288,train_quadrant_enumeration_207,train_9.png,train_quadrant_enumeration,32,0,-,0,-,0,0,False,-,0.0,none,-
1289,train_quadrant_enumeration_577,train_601.png,train_quadrant_enumeration,32,0,-,0,-,0,0,False,-,0.0,none,-
1290,train_quadrant_enumeration_580,train_422.png,train_quadrant_enumeration,32,0,-,0,-,0,0,False,-,0.0,none,-
1291,train_quadrant_enumeration_188,train_402.png,train_quadrant_enumeration,32,0,-,0,-,0,0,False,-,0.0,none,-
1292,train_quadrant_enumeration_295,train_366.png,train_quadrant_enumeration,32,0,-,0,-,0,0,False,-,0.0,none,-
1293,train_quadrant_enumeration_465,train_295.png,train_quadrant_enumeration,32,0,-,0,-,0,0,False,-,0.0,none,-
1294,train_quadrant_enumeration_459,train_78.png,train_quadrant_enumeration,32,0,-,0,-,0,0,False,-,0.0,none,-
1295,train_quadrant_enumeration_587,train_235.png,train_quadrant_enumeration,32,0,-,0,-,0,0,False,-,0.0,none,-
1296,train_quadrant_enumeration_588,train_180.png,train_quadrant_enumeration,32,0,-,0,-,0,0,False,-,0.0,none,-
1297,train_quadrant_enumeration_458,train_296.png,train_quadrant_enumeration,32,0,-,0,-,0,0,False,-,0.0,none,-
1298,train_quadrant_enumeration_455,train_28.png,train_quadrant_enumeration,32,0,-,0,-,0,0,False,-,0.0,none,-
1299,train_quadrant_enumeration_589,train_317.png,train_quadrant_enumeration,32,0,-,0,-,0,0,False,-,0.0,none,-
1300,train_quadrant_enumeration_190,train_392.png,train_quadrant_enumeration,32,0,-,0,-,0,0,False,-,0.0,none,-
1301,train_quadrant_enumeration_451,train_517.png,train_quadrant_enumeration,32,0,-,0,-,0,0,False,-,0.0,none,-
1302,train_quadrant_enumeration_450,train_364.png,train_quadrant_enumeration,32,0,-,0,-,0,0,False,-,0.0,none,-
1303,train_quadrant_enumeration_594,train_360.png,train_quadrant_enumeration,32,0,-,0,-,0,0,False,-,0.0,none,-
1304,train_quadrant_enumeration_478,train_595.png,train_quadrant_enumeration,32,0,-,0,-,0,0,False,-,0.0,none,-
1305,train_quadrant_enumeration_573,train_221.png,train_quadrant_enumeration,32,0,-,0,-,0,0,False,-,0.0,none,-
1306,train_quadrant_enumeration_57,train_447.png,train_quadrant_enumeration,32,0,-,0,-,0,0,False,-,0.0,none,-
1307,train_quadrant_enumeration_552,train_553.png,train_quadrant_enumeration,32,0,-,0,-,0,0,False,-,0.0,none,-
1308,train_quadrant_enumeration_536,train_278.png,train_quadrant_enumeration,32,0,-,0,-,0,0,False,-,0.0,none,-
1309,train_quadrant_enumeration_526,train_550.png,train_quadrant_enumeration,32,0,-,0,-,0,0,False,-,0.0,none,-
1310,train_quadrant_enumeration_541,train_354.png,train_quadrant_enumeration,32,0,-,0,-,0,0,False,-,0.0,none,-
1311,train_quadrant_enumeration_545,train_36.png,train_quadrant_enumeration,32,0,-,0,-,0,0,False,-,0.0,none,-
1312,train_quadrant_enumeration_549,train_522.png,train_quadrant_enumeration,32,0,-,0,-,0,0,False,-,0.0,none,-
1313,train_quadrant_enumeration_551,train_569.png,train_quadrant_enumeration,32,0,-,0,-,0,0,False,-,0.0,none,-
1314,train_quadrant_enumeration_511,train_345.png,train_quadrant_enumeration,32,0,-,0,-,0,0,False,-,0.0,none,-
1315,train_quadrant_enumeration_49,train_617.png,train_quadrant_enumeration,32,0,-,0,-,0,0,False,-,0.0,none,-
1316,train_quadrant_enumeration_179,train_391.png,train_quadrant_enumeration,32,0,-,0,-,0,0,False,-,0.0,none,-
1317,train_quadrant_enumeration_505,train_619.png,train_quadrant_enumeration,32,0,-,0,-,0,0,False,-,0.0,none,-
1318,train_quadrant_enumeration_565,train_390.png,train_quadrant_enumeration,32,0,-,0,-,0,0,False,-,0.0,none,-
1319,train_quadrant_enumeration_496,train_167.png,train_quadrant_enumeration,32,0,-,0,-,0,0,False,-,0.0,none,-
1320,train_quadrant_enumeration_569,train_427.png,train_quadrant_enumeration,32,0,-,0,-,0,0,False,-,0.0,none,-
1321,train_quadrant_enumeration_491,train_39.png,train_quadrant_enumeration,32,0,-,0,-,0,0,False,-,0.0,none,-
1322,train_quadrant_enumeration_141,train_291.png,train_quadrant_enumeration,32,0,-,0,-,0,0,False,-,0.0,none,-
1323,train_quadrant_enumeration_597,train_288.png,train_quadrant_enumeration,32,0,-,0,-,0,0,False,-,0.0,none,-
1324,train_quadrant_enumeration_60,train_294.png,train_quadrant_enumeration,32,0,-,0,-,0,0,False,-,0.0,none,-
1325,train_quadrant_enumeration_205,train_540.png,train_quadrant_enumeration,32,0,-,0,-,0,0,False,-,0.0,none,-
1326,train_quadrant_enumeration_132,train_162.png,train_quadrant_enumeration,32,0,-,0,-,0,0,False,-,0.0,none,-
1327,train_quadrant_enumeration_130,train_303.png,train_quadrant_enumeration,32,0,-,0,-,0,0,False,-,0.0,none,-
1328,train_quadrant_enumeration_383,train_148.png,train_quadrant_enumeration,32,0,-,0,-,0,0,False,-,0.0,none,-
1329,train_quadrant_enumeration_77,train_309.png,train_quadrant_enumeration,32,0,-,0,-,0,0,False,-,0.0,none,-
1330,train_quadrant_enumeration_379,train_20.png,train_quadrant_enumeration,32,0,-,0,-,0,0,False,-,0.0,none,-
1331,train_quadrant_enumeration_8,train_31.png,train_quadrant_enumeration,32,0,-,0,-,0,0,False,-,0.0,none,-
1332,train_quadrant_enumeration_376,train_469.png,train_quadrant_enumeration,32,0,-,0,-,0,0,False,-,0.0,none,-
1333,train_quadrant_enumeration_40,train_493.png,train_quadrant_enumeration,32,0,-,0,-,0,0,False,-,0.0,none,-
1334,train_quadrant_enumeration_370,train_526.png,train_quadrant_enumeration,32,0,-,0,-,0,0,False,-,0.0,none,-
1335,train_quadrant_enumeration_84,train_125.png,train_quadrant_enumeration,32,0,-,0,-,0,0,False,-,0.0,none,-
1336,train_quadrant_enumeration_206,train_546.png,train_quadrant_enumeration,32,0,-,0,-,0,0,False,-,0.0,none,-
1337,train_quadrant_enumeration_365,train_83.png,train_quadrant_enumeration,32,0,-,0,-,0,0,False,-,0.0,none,-
1338,train_quadrant_enumeration_364,train_59.png,train_quadrant_enumeration,32,0,-,0,-,0,0,False,-,0.0,none,-
1339,train_quadrant_enumeration_90,train_112.png,train_quadrant_enumeration,32,0,-,0,-,0,0,False,-,0.0,none,-
1340,train_quadrant_enumeration_68,train_153.png,train_quadrant_enumeration,32,0,-,0,-,0,0,False,-,0.0,none,-
1341,train_quadrant_enumeration_67,train_110.png,train_quadrant_enumeration,32,0,-,0,-,0,0,False,-,0.0,none,-
1342,train_quadrant_enumeration_436,train_282.png,train_quadrant_enumeration,32,0,-,0,-,0,0,False,-,0.0,none,-
1343,train_quadrant_enumeration_42,train_225.png,train_quadrant_enumeration,32,0,-,0,-,0,0,False,-,0.0,none,-
1344,train_quadrant_enumeration_606,train_323.png,train_quadrant_enumeration,32,0,-,0,-,0,0,False,-,0.0,none,-
1345,train_quadrant_enumeration_195,train_347.png,train_quadrant_enumeration,32,0,-,0,-,0,0,False,-,0.0,none,-
1346,train_quadrant_enumeration_608,train_525.png,train_quadrant_enumeration,32,0,-,0,-,0,0,False,-,0.0,none,-
1347,train_quadrant_enumeration_609,train_185.png,train_quadrant_enumeration,32,0,-,0,-,0,0,False,-,0.0,none,-
1348,train_quadrant_enumeration_611,train_335.png,train_quadrant_enumeration,32,0,-,0,-,0,0,False,-,0.0,none,-
1349,train_quadrant_enumeration_197,train_80.png,train_quadrant_enumeration,32,0,-,0,-,0,0,False,-,0.0,none,-
1350,train_quadrant_enumeration_623,train_111.png,train_quadrant_enumeration,32,0,-,0,-,0,0,False,-,0.0,none,-
1351,train_quadrant_enumeration_64,train_431.png,train_quadrant_enumeration,32,0,-,0,-,0,0,False,-,0.0,none,-
1352,train_quadrant_enumeration_626,train_120.png,train_quadrant_enumeration,32,0,-,0,-,0,0,False,-,0.0,none,-
1353,train_quadrant_enumeration_628,train_224.png,train_quadrant_enumeration,32,0,-,0,-,0,0,False,-,0.0,none,-
1354,train_quadrant_enumeration_415,train_236.png,train_quadrant_enumeration,32,0,-,0,-,0,0,False,-,0.0,none,-
1355,train_quadrant_enumeration_414,train_76.png,train_quadrant_enumeration,32,0,-,0,-,0,0,False,-,0.0,none,-
1356,train_quadrant_enumeration_409,train_461.png,train_quadrant_enumeration,32,0,-,0,-,0,0,False,-,0.0,none,-
1357,train_quadrant_enumeration_634,train_370.png,train_quadrant_enumeration,32,0,-,0,-,0,0,False,-,0.0,none,-
1358,train_quadrant_enumeration_229,train_583.png,train_quadrant_enumeration,32,0,-,0,-,0,0,False,-,0.0,none,-
