image_id,category,fdi,class_id,x_center,y_center,width,height
cate1-00002,cate1,11,0,0.492188,0.412109,0.039062,0.210938
cate1-00002,cate1,12,1,0.457031,0.403320,0.039062,0.189453
cate1-00002,cate1,13,2,0.417969,0.376953,0.042969,0.261719
cate1-00002,cate1,14,3,0.377930,0.398438,0.041016,0.203125
cate1-00002,cate1,15,4,0.346680,0.394531,0.037109,0.191406
cate1-00002,cate1,16,5,0.300781,0.389648,0.058594,0.193359
cate1-00002,cate1,17,6,0.246094,0.379883,0.062500,0.162109
cate1-00002,cate1,18,7,0.223633,0.278320,0.052734,0.103516
cate1-00002,cate1,21,8,0.538086,0.405273,0.037109,0.216797
cate1-00002,cate1,22,9,0.578125,0.400391,0.031250,0.230469
cate1-00002,cate1,23,10,0.613281,0.383789,0.042969,0.275391
cate1-00002,cate1,24,11,0.644531,0.401367,0.039062,0.220703
cate1-00002,cate1,25,12,0.675781,0.394531,0.027344,0.199219
cate1-00002,cate1,26,13,0.716797,0.376953,0.050781,0.218750
cate1-00002,cate1,27,14,0.762695,0.372070,0.052734,0.189453
cate1-00002,cate1,28,15,0.789062,0.290039,0.054688,0.095703
cate1-00002,cate1,31,16,0.532227,0.616211,0.033203,0.123047
cate1-00002,cate1,32,17,0.555664,0.630859,0.037109,0.167969
cate1-00002,cate1,33,18,0.593750,0.632812,0.046875,0.222656
cate1-00002,cate1,34,19,0.625977,0.611328,0.037109,0.183594
cate1-00002,cate1,35,20,0.664062,0.605469,0.042969,0.187500
cate1-00002,cate1,36,21,0.701172,0.589844,0.070312,0.175781
cate1-00002,cate1,37,22,0.764648,0.571289,0.072266,0.197266
cate1-00002,cate1,38,23,0.818359,0.549805,0.054688,0.119141
cate1-00002,cate1,41,24,0.505859,0.625977,0.023438,0.146484
cate1-00002,cate1,42,25,0.476562,0.632812,0.023438,0.164062
cate1-00002,cate1,43,26,0.437500,0.640625,0.046875,0.246094
cate1-00002,cate1,44,27,0.408203,0.618164,0.042969,0.197266
cate1-00002,cate1,45,28,0.372070,0.603516,0.044922,0.210938
cate1-00002,cate1,46,29,0.311523,0.617188,0.083984,0.242188
cate1-00002,cate1,47,30,0.248047,0.556641,0.093750,0.187500
cate1-00002,cate1,48,31,0.175781,0.543945,0.074219,0.130859
cate1-00005,cate1,11,0,0.490234,0.498047,0.042969,0.226562
cate1-00005,cate1,12,1,0.455078,0.491211,0.058594,0.220703
cate1-00005,cate1,13,2,0.419922,0.477539,0.058594,0.251953
cate1-00005,cate1,14,3,0.373047,0.488281,0.042969,0.218750
cate1-00005,cate1,15,4,0.333008,0.479492,0.037109,0.228516
cate1-00005,cate1,16,5,0.283203,0.468750,0.062500,0.222656
cate1-00005,cate1,17,6,0.225586,0.457031,0.068359,0.199219
cate1-00005,cate1,18,7,0.166992,0.441406,0.064453,0.171875
cate1-00005,cate1,21,8,0.532227,0.501953,0.044922,0.222656
cate1-00005,cate1,22,9,0.573242,0.494141,0.037109,0.214844
cate1-00005,cate1,23,10,0.611328,0.473633,0.046875,0.267578
cate1-00005,cate1,24,11,0.652344,0.494141,0.039062,0.203125
cate1-00005,cate1,25,12,0.688477,0.487305,0.037109,0.201172
cate1-00005,cate1,26,13,0.734375,0.489258,0.062500,0.166016
cate1-00005,cate1,27,14,0.791992,0.454102,0.060547,0.193359
cate1-00005,cate1,28,15,0.846680,0.432617,0.056641,0.177734
cate1-00005,cate1,31,16,0.530273,0.679688,0.029297,0.101562
cate1-00005,cate1,32,17,0.557617,0.683594,0.033203,0.117188
cate1-00005,cate1,33,18,0.592773,0.707031,0.041016,0.164062
cate1-00005,cate1,34,19,0.631836,0.702148,0.041016,0.173828
cate1-00005,cate1,35,20,0.666992,0.697266,0.041016,0.160156
cate1-00005,cate1,36,21,0.723633,0.690430,0.095703,0.216797
cate1-00005,cate1,37,22,0.792969,0.664062,0.097656,0.203125
cate1-00005,cate1,38,23,0.861328,0.621094,0.109375,0.144531
cate1-00005,cate1,41,24,0.501953,0.690430,0.023438,0.115234
cate1-00005,cate1,42,25,0.466797,0.697266,0.035156,0.121094
cate1-00005,cate1,43,26,0.436523,0.693359,0.037109,0.140625
cate1-00005,cate1,44,27,0.395508,0.698242,0.044922,0.146484
cate1-00005,cate1,45,28,0.354492,0.713867,0.052734,0.193359
cate1-00005,cate1,46,29,0.290039,0.701172,0.095703,0.203125
cate1-00005,cate1,47,30,0.212891,0.665039,0.109375,0.208984
cate1-00005,cate1,48,31,0.145508,0.624023,0.107422,0.173828
cate1-00008,cate1,11,0,0.486328,0.459961,0.042969,0.208984
cate1-00008,cate1,12,1,0.456055,0.445312,0.037109,0.214844
cate1-00008,cate1,13,2,0.419922,0.419922,0.039062,0.257812
cate1-00008,cate1,14,3,0.381836,0.437500,0.041016,0.195312
cate1-00008,cate1,15,4,0.349609,0.428711,0.042969,0.181641
cate1-00008,cate1,16,5,0.304688,0.426758,0.066406,0.173828
cate1-00008,cate1,17,6,0.259766,0.406250,0.078125,0.144531
cate1-00008,cate1,18,7,0.222656,0.313477,0.058594,0.138672
cate1-00008,cate1,21,8,0.529297,0.462891,0.046875,0.210938
cate1-00008,cate1,22,9,0.564453,0.461914,0.027344,0.205078
cate1-00008,cate1,23,10,0.596680,0.449219,0.041016,0.226562
cate1-00008,cate1,24,11,0.634766,0.445312,0.035156,0.214844
cate1-00008,cate1,25,12,0.668945,0.437500,0.041016,0.199219
cate1-00008,cate1,26,13,0.709961,0.437500,0.064453,0.179688
cate1-00008,cate1,27,14,0.754883,0.411133,0.080078,0.146484
cate1-00008,cate1,28,15,0.784180,0.322266,0.052734,0.113281
cate1-00008,cate1,31,16,0.519531,0.668945,0.023438,0.146484
cate1-00008,cate1,32,17,0.552734,0.678711,0.031250,0.181641
cate1-00008,cate1,33,18,0.586914,0.691406,0.048828,0.203125
cate1-00008,cate1,34,19,0.616211,0.668945,0.037109,0.166016
cate1-00008,cate1,35,20,0.654297,0.669922,0.054688,0.199219
cate1-00008,cate1,36,21,0.709961,0.655273,0.095703,0.197266
cate1-00008,cate1,37,22,0.763672,0.618164,0.078125,0.193359
cate1-00008,cate1,38,23,0.832031,0.570312,0.093750,0.160156
cate1-00008,cate1,41,24,0.499023,0.667969,0.021484,0.175781
cate1-00008,cate1,42,25,0.471680,0.682617,0.029297,0.205078
cate1-00008,cate1,43,26,0.430664,0.670898,0.052734,0.208984
cate1-00008,cate1,44,27,0.399414,0.654297,0.041016,0.183594
cate1-00008,cate1,45,28,0.355469,0.662109,0.054688,0.210938
cate1-00008,cate1,46,29,0.301758,0.650391,0.080078,0.218750
cate1-00008,cate1,47,30,0.235352,0.610352,0.083984,0.216797
cate1-00008,cate1,48,31,0.179688,0.548828,0.078125,0.148438
cate1-00011,cate1,11,0,0.489258,0.434570,0.041016,0.189453
cate1-00011,cate1,12,1,0.444336,0.436523,0.037109,0.193359
cate1-00011,cate1,13,2,0.405273,0.420898,0.044922,0.248047
cate1-00011,cate1,14,3,0.357422,0.447266,0.042969,0.175781
cate1-00011,cate1,15,4,0.320312,0.420898,0.035156,0.212891
cate1-00011,cate1,16,5,0.270508,0.414062,0.064453,0.230469
cate1-00011,cate1,17,6,0.211914,0.416016,0.056641,0.195312
cate1-00011,cate1,18,7,0.161133,0.409180,0.052734,0.181641
cate1-00011,cate1,21,8,0.532227,0.437500,0.044922,0.195312
cate1-00011,cate1,22,9,0.578125,0.424805,0.039062,0.236328
cate1-00011,cate1,23,10,0.615234,0.415039,0.042969,0.275391
cate1-00011,cate1,24,11,0.651367,0.442383,0.037109,0.205078
cate1-00011,cate1,25,12,0.687500,0.432617,0.039062,0.232422
cate1-00011,cate1,26,13,0.734375,0.448242,0.062500,0.181641
cate1-00011,cate1,27,14,0.786133,0.413086,0.048828,0.212891
cate1-00011,cate1,28,15,0.833008,0.406250,0.052734,0.171875
cate1-00011,cate1,31,16,0.533203,0.627930,0.023438,0.134766
cate1-00011,cate1,32,17,0.563477,0.634766,0.025391,0.132812
cate1-00011,cate1,33,18,0.597656,0.658203,0.042969,0.199219
cate1-00011,cate1,34,19,0.629883,0.656250,0.037109,0.187500
cate1-00011,cate1,35,20,0.670898,0.661133,0.033203,0.201172
cate1-00011,cate1,36,21,0.719727,0.652344,0.076172,0.210938
cate1-00011,cate1,37,22,0.783203,0.622070,0.074219,0.185547
cate1-00011,cate1,38,23,0.831055,0.563477,0.080078,0.158203
cate1-00011,cate1,41,24,0.506836,0.635742,0.033203,0.134766
cate1-00011,cate1,42,25,0.475586,0.622070,0.037109,0.130859
cate1-00011,cate1,43,26,0.439453,0.643555,0.046875,0.185547
cate1-00011,cate1,44,27,0.395508,0.652344,0.041016,0.183594
cate1-00011,cate1,45,28,0.349609,0.652344,0.050781,0.222656
cate1-00011,cate1,46,29,0.300781,0.648438,0.082031,0.226562
cate1-00011,cate1,47,30,0.226562,0.624023,0.085938,0.201172
cate1-00011,cate1,48,31,0.165039,0.583008,0.087891,0.193359
cate1-00014,cate1,11,0,0.498047,0.467773,0.035156,0.220703
cate1-00014,cate1,12,1,0.466797,0.459961,0.031250,0.240234
cate1-00014,cate1,13,2,0.423828,0.436523,0.042969,0.275391
cate1-00014,cate1,14,3,0.388672,0.479492,0.035156,0.177734
cate1-00014,cate1,15,4,0.357422,0.454102,0.046875,0.201172
cate1-00014,cate1,16,5,0.313477,0.441406,0.056641,0.210938
cate1-00014,cate1,17,6,0.267578,0.421875,0.058594,0.187500
cate1-00014,cate1,18,7,0.243164,0.328125,0.056641,0.125000
cate1-00014,cate1,21,8,0.534180,0.466797,0.037109,0.226562
cate1-00014,cate1,22,9,0.569336,0.459961,0.025391,0.224609
cate1-00014,cate1,23,10,0.600586,0.440430,0.037109,0.267578
cate1-00014,cate1,24,11,0.637695,0.454102,0.041016,0.212891
cate1-00014,cate1,25,12,0.672852,0.440430,0.037109,0.220703
cate1-00014,cate1,26,13,0.710938,0.443359,0.050781,0.203125
cate1-00014,cate1,27,14,0.751953,0.430664,0.058594,0.169922
cate1-00014,cate1,28,15,0.782227,0.339844,0.052734,0.113281
cate1-00014,cate1,31,16,0.546875,0.686523,0.019531,0.173828
cate1-00014,cate1,32,17,0.573242,0.687500,0.025391,0.183594
cate1-00014,cate1,33,18,0.603516,0.694336,0.031250,0.220703
cate1-00014,cate1,34,19,0.633789,0.688477,0.033203,0.216797
cate1-00014,cate1,35,20,0.666992,0.677734,0.044922,0.187500
cate1-00014,cate1,36,21,0.715820,0.669922,0.083984,0.218750
cate1-00014,cate1,37,22,0.768555,0.619141,0.095703,0.203125
cate1-00014,cate1,38,23,0.823242,0.591797,0.064453,0.121094
cate1-00014,cate1,41,24,0.510742,0.683594,0.021484,0.164062
cate1-00014,cate1,42,25,0.483398,0.686523,0.025391,0.177734
cate1-00014,cate1,43,26,0.449219,0.699219,0.035156,0.218750
cate1-00014,cate1,44,27,0.409180,0.691406,0.037109,0.218750
cate1-00014,cate1,45,28,0.369141,0.679688,0.039062,0.203125
cate1-00014,cate1,46,29,0.318359,0.678711,0.082031,0.240234
cate1-00014,cate1,47,30,0.250977,0.629883,0.107422,0.212891
cate1-00014,cate1,48,31,0.198242,0.595703,0.072266,0.140625
cate1-00017,cate1,11,0,0.505859,0.453125,0.042969,0.218750
cate1-00017,cate1,12,1,0.476562,0.439453,0.042969,0.214844
cate1-00017,cate1,13,2,0.434570,0.434570,0.044922,0.224609
cate1-00017,cate1,14,3,0.393555,0.437500,0.037109,0.183594
cate1-00017,cate1,15,4,0.364258,0.415039,0.048828,0.189453
cate1-00017,cate1,16,5,0.311523,0.420898,0.068359,0.150391
cate1-00017,cate1,17,6,0.257812,0.384766,0.070312,0.167969
cate1-00017,cate1,18,7,0.231445,0.308594,0.068359,0.101562
cate1-00017,cate1,21,8,0.543945,0.467773,0.037109,0.208984
cate1-00017,cate1,22,9,0.582031,0.452148,0.035156,0.216797
cate1-00017,cate1,23,10,0.623047,0.443359,0.035156,0.210938
cate1-00017,cate1,24,11,0.654297,0.438477,0.039062,0.185547
cate1-00017,cate1,25,12,0.683594,0.417969,0.046875,0.203125
cate1-00017,cate1,26,13,0.725586,0.413086,0.068359,0.185547
cate1-00017,cate1,27,14,0.762695,0.350586,0.080078,0.169922
cate1-00017,cate1,28,15,0.795898,0.291016,0.060547,0.105469
cate1-00017,cate1,31,16,0.544922,0.668945,0.019531,0.111328
cate1-00017,cate1,32,17,0.572266,0.675781,0.019531,0.125000
cate1-00017,cate1,33,18,0.609375,0.682617,0.042969,0.201172
cate1-00017,cate1,34,19,0.636719,0.667969,0.039062,0.187500
cate1-00017,cate1,35,20,0.668945,0.617188,0.052734,0.113281
cate1-00017,cate1,36,21,0.723633,0.625000,0.087891,0.203125
cate1-00017,cate1,37,22,0.771484,0.567383,0.082031,0.197266
cate1-00017,cate1,38,23,0.826172,0.518555,0.058594,0.115234
cate1-00017,cate1,41,24,0.522461,0.668945,0.033203,0.119141
cate1-00017,cate1,42,25,0.497070,0.675781,0.037109,0.132812
cate1-00017,cate1,43,26,0.463867,0.668945,0.041016,0.181641
cate1-00017,cate1,44,27,0.427734,0.659180,0.042969,0.181641
cate1-00017,cate1,45,28,0.384766,0.657227,0.046875,0.212891
cate1-00017,cate1,46,29,0.326172,0.645508,0.082031,0.228516
cate1-00017,cate1,47,30,0.257812,0.584961,0.085938,0.220703
cate1-00017,cate1,48,31,0.196289,0.541016,0.052734,0.117188
cate1-00020,cate1,11,0,0.497070,0.488281,0.041016,0.195312
cate1-00020,cate1,12,1,0.460938,0.484375,0.031250,0.203125
cate1-00020,cate1,13,2,0.419922,0.466797,0.046875,0.234375
cate1-00020,cate1,14,3,0.387695,0.487305,0.037109,0.181641
cate1-00020,cate1,15,4,0.348633,0.481445,0.041016,0.189453
cate1-00020,cate1,16,5,0.316406,0.483398,0.062500,0.169922
cate1-00020,cate1,17,6,0.255859,0.463867,0.058594,0.169922
cate1-00020,cate1,18,7,0.199219,0.432617,0.070312,0.162109
cate1-00020,cate1,21,8,0.530273,0.500977,0.033203,0.181641
cate1-00020,cate1,22,9,0.564453,0.481445,0.027344,0.208984
cate1-00020,cate1,23,10,0.602539,0.480469,0.037109,0.210938
cate1-00020,cate1,24,11,0.634766,0.500977,0.039062,0.162109
cate1-00020,cate1,25,12,0.667969,0.469727,0.039062,0.205078
cate1-00020,cate1,26,13,0.712891,0.487305,0.050781,0.150391
cate1-00020,cate1,27,14,0.758789,0.459961,0.048828,0.154297
cate1-00020,cate1,28,15,0.806641,0.430664,0.070312,0.146484
cate1-00020,cate1,31,16,0.525391,0.677734,0.031250,0.121094
cate1-00020,cate1,32,17,0.551758,0.682617,0.029297,0.142578
cate1-00020,cate1,33,18,0.588867,0.703125,0.052734,0.191406
cate1-00020,cate1,34,19,0.616211,0.684570,0.041016,0.158203
cate1-00020,cate1,35,20,0.645508,0.676758,0.048828,0.166016
cate1-00020,cate1,36,21,0.692383,0.680664,0.076172,0.193359
cate1-00020,cate1,37,22,0.754883,0.650391,0.083984,0.183594
cate1-00020,cate1,38,23,0.810547,0.604492,0.085938,0.162109
cate1-00020,cate1,41,24,0.500000,0.678711,0.027344,0.126953
cate1-00020,cate1,42,25,0.472656,0.679688,0.023438,0.136719
cate1-00020,cate1,43,26,0.442383,0.694336,0.037109,0.181641
cate1-00020,cate1,44,27,0.406250,0.675781,0.031250,0.140625
cate1-00020,cate1,45,28,0.370117,0.685547,0.060547,0.179688
cate1-00020,cate1,46,29,0.320312,0.673828,0.089844,0.191406
cate1-00020,cate1,47,30,0.251953,0.653320,0.089844,0.181641
cate1-00020,cate1,48,31,0.193359,0.606445,0.101562,0.177734
cate1-00023,cate1,11,0,0.483398,0.422852,0.044922,0.220703
cate1-00023,cate1,12,1,0.448242,0.416016,0.037109,0.203125
cate1-00023,cate1,13,2,0.412109,0.378906,0.039062,0.238281
cate1-00023,cate1,14,3,0.383789,0.433594,0.029297,0.167969
cate1-00023,cate1,15,4,0.350586,0.405273,0.041016,0.193359
cate1-00023,cate1,16,5,0.302734,0.401367,0.066406,0.166016
cate1-00023,cate1,17,6,0.256836,0.366211,0.072266,0.189453
cate1-00023,cate1,18,7,0.225586,0.293945,0.072266,0.134766
cate1-00023,cate1,21,8,0.533203,0.419922,0.046875,0.238281
cate1-00023,cate1,22,9,0.570312,0.416016,0.031250,0.214844
cate1-00023,cate1,23,10,0.609375,0.400391,0.042969,0.257812
cate1-00023,cate1,24,11,0.649414,0.418945,0.037109,0.197266
cate1-00023,cate1,25,12,0.678711,0.398438,0.041016,0.203125
cate1-00023,cate1,26,13,0.728516,0.406250,0.070312,0.160156
cate1-00023,cate1,27,14,0.774414,0.377930,0.072266,0.166016
cate1-00023,cate1,28,15,0.801758,0.287109,0.064453,0.140625
cate1-00023,cate1,31,16,0.535156,0.643555,0.023438,0.115234
cate1-00023,cate1,32,17,0.563477,0.648438,0.033203,0.132812
cate1-00023,cate1,33,18,0.600586,0.641602,0.037109,0.197266
cate1-00023,cate1,34,19,0.629883,0.617188,0.037109,0.183594
cate1-00023,cate1,35,20,0.671875,0.606445,0.046875,0.181641
cate1-00023,cate1,36,21,0.724609,0.581055,0.085938,0.189453
cate1-00023,cate1,37,22,0.782227,0.555664,0.068359,0.177734
cate1-00023,cate1,38,23,0.854492,0.524414,0.083984,0.119141
cate1-00023,cate1,41,24,0.506836,0.644531,0.025391,0.117188
cate1-00023,cate1,42,25,0.481445,0.642578,0.037109,0.125000
cate1-00023,cate1,43,26,0.446289,0.630859,0.041016,0.187500
cate1-00023,cate1,44,27,0.409180,0.616211,0.041016,0.185547
cate1-00023,cate1,45,28,0.364258,0.597656,0.048828,0.171875
cate1-00023,cate1,46,29,0.303711,0.578125,0.091797,0.203125
cate1-00023,cate1,47,30,0.241211,0.546875,0.080078,0.191406
cate1-00023,cate1,48,31,0.167969,0.509766,0.089844,0.132812
cate1-00026,cate1,11,0,0.498047,0.466797,0.039062,0.167969
cate1-00026,cate1,12,1,0.459961,0.479492,0.037109,0.162109
cate1-00026,cate1,13,2,0.422852,0.450195,0.041016,0.224609
cate1-00026,cate1,14,3,0.387695,0.466797,0.041016,0.179688
cate1-00026,cate1,15,4,0.348633,0.456055,0.037109,0.193359
cate1-00026,cate1,16,5,0.300781,0.461914,0.066406,0.166016
cate1-00026,cate1,17,6,0.239258,0.447266,0.056641,0.175781
cate1-00026,cate1,18,7,0.206055,0.399414,0.060547,0.119141
cate1-00026,cate1,21,8,0.539062,0.484375,0.039062,0.179688
cate1-00026,cate1,22,9,0.576172,0.466797,0.039062,0.214844
cate1-00026,cate1,23,10,0.612305,0.461914,0.041016,0.220703
cate1-00026,cate1,24,11,0.649414,0.471680,0.037109,0.181641
cate1-00026,cate1,25,12,0.686523,0.466797,0.044922,0.171875
cate1-00026,cate1,26,13,0.730469,0.460938,0.054688,0.175781
cate1-00026,cate1,27,14,0.784180,0.450195,0.056641,0.173828
cate1-00026,cate1,28,15,0.815430,0.406250,0.048828,0.101562
cate1-00026,cate1,31,16,0.530273,0.675781,0.029297,0.152344
cate1-00026,cate1,32,17,0.557617,0.675781,0.041016,0.156250
cate1-00026,cate1,33,18,0.593750,0.681641,0.031250,0.167969
cate1-00026,cate1,34,19,0.625977,0.681641,0.037109,0.171875
cate1-00026,cate1,35,20,0.666992,0.669922,0.044922,0.179688
cate1-00026,cate1,36,21,0.720703,0.664062,0.078125,0.191406
cate1-00026,cate1,37,22,0.774414,0.633789,0.076172,0.173828
cate1-00026,cate1,38,23,0.825195,0.580078,0.068359,0.136719
cate1-00026,cate1,41,24,0.504883,0.666016,0.029297,0.160156
cate1-00026,cate1,42,25,0.476562,0.665039,0.031250,0.173828
cate1-00026,cate1,43,26,0.440430,0.672852,0.037109,0.189453
cate1-00026,cate1,44,27,0.401367,0.678711,0.041016,0.193359
cate1-00026,cate1,45,28,0.365234,0.666016,0.042969,0.183594
cate1-00026,cate1,46,29,0.305664,0.666016,0.091797,0.207031
cate1-00026,cate1,47,30,0.243164,0.635742,0.083984,0.189453
cate1-00026,cate1,48,31,0.184570,0.572266,0.087891,0.136719
cate1-00029,cate1,11,0,0.488281,0.478516,0.042969,0.167969
cate1-00029,cate1,12,1,0.450195,0.461914,0.056641,0.208984
cate1-00029,cate1,13,2,0.409180,0.439453,0.048828,0.250000
cate1-00029,cate1,14,3,0.365234,0.449219,0.039062,0.203125
cate1-00029,cate1,15,4,0.323242,0.455078,0.048828,0.187500
cate1-00029,cate1,16,5,0.277344,0.456055,0.058594,0.193359
cate1-00029,cate1,17,6,0.218750,0.437500,0.058594,0.179688
cate1-00029,cate1,18,7,0.165039,0.417969,0.056641,0.175781
cate1-00029,cate1,21,8,0.531250,0.477539,0.039062,0.177734
cate1-00029,cate1,22,9,0.573242,0.460938,0.033203,0.218750
cate1-00029,cate1,23,10,0.612305,0.461914,0.048828,0.208984
cate1-00029,cate1,24,11,0.649414,0.444336,0.037109,0.212891
cate1-00029,cate1,25,12,0.688477,0.454102,0.044922,0.201172
cate1-00029,cate1,26,13,0.733398,0.465820,0.060547,0.177734
cate1-00029,cate1,27,14,0.791016,0.450195,0.054688,0.166016
cate1-00029,cate1,28,15,0.834961,0.400391,0.052734,0.148438
cate1-00029,cate1,31,16,0.517578,0.669922,0.027344,0.148438
cate1-00029,cate1,32,17,0.545898,0.670898,0.033203,0.162109
cate1-00029,cate1,33,18,0.584961,0.692383,0.041016,0.216797
cate1-00029,cate1,34,19,0.613281,0.680664,0.042969,0.208984
cate1-00029,cate1,35,20,0.655273,0.661133,0.048828,0.181641
cate1-00029,cate1,36,21,0.705078,0.672852,0.082031,0.212891
cate1-00029,cate1,37,22,0.777344,0.640625,0.093750,0.199219
cate1-00029,cate1,38,23,0.835938,0.624023,0.066406,0.162109
cate1-00029,cate1,41,24,0.493164,0.664062,0.025391,0.136719
cate1-00029,cate1,42,25,0.463867,0.677734,0.029297,0.164062
cate1-00029,cate1,43,26,0.428711,0.679688,0.037109,0.199219
cate1-00029,cate1,44,27,0.396484,0.673828,0.039062,0.210938
cate1-00029,cate1,45,28,0.352539,0.680664,0.048828,0.181641
cate1-00029,cate1,46,29,0.291016,0.679688,0.085938,0.230469
cate1-00029,cate1,47,30,0.224609,0.624023,0.074219,0.169922
cate1-00029,cate1,48,31,0.165039,0.605469,0.064453,0.140625
cate1-00032,cate1,11,0,0.491211,0.500000,0.052734,0.167969
cate1-00032,cate1,12,1,0.453125,0.502930,0.042969,0.173828
cate1-00032,cate1,13,2,0.412109,0.484375,0.046875,0.203125
cate1-00032,cate1,14,3,0.368164,0.486328,0.044922,0.179688
cate1-00032,cate1,15,4,0.334961,0.479492,0.052734,0.193359
cate1-00032,cate1,16,5,0.278320,0.472656,0.064453,0.183594
cate1-00032,cate1,17,6,0.225586,0.456055,0.080078,0.162109
cate1-00032,cate1,18,7,0.184570,0.408203,0.060547,0.125000
cate1-00032,cate1,21,8,0.537109,0.506836,0.042969,0.169922
cate1-00032,cate1,22,9,0.576172,0.497070,0.035156,0.197266
cate1-00032,cate1,23,10,0.614258,0.494141,0.041016,0.214844
cate1-00032,cate1,24,11,0.649414,0.495117,0.037109,0.193359
cate1-00032,cate1,25,12,0.689453,0.495117,0.046875,0.201172
cate1-00032,cate1,26,13,0.735352,0.493164,0.056641,0.181641
cate1-00032,cate1,27,14,0.785156,0.460938,0.078125,0.187500
cate1-00032,cate1,28,15,0.827148,0.432617,0.056641,0.138672
cate1-00032,cate1,31,16,0.521484,0.688477,0.023438,0.166016
cate1-00032,cate1,32,17,0.548828,0.676758,0.031250,0.142578
cate1-00032,cate1,33,18,0.580078,0.695312,0.031250,0.164062
cate1-00032,cate1,34,19,0.614258,0.713867,0.044922,0.185547
cate1-00032,cate1,35,20,0.652344,0.708008,0.054688,0.197266
cate1-00032,cate1,36,21,0.710938,0.696289,0.089844,0.189453
cate1-00032,cate1,37,22,0.771484,0.663086,0.082031,0.189453
cate1-00032,cate1,38,23,0.820312,0.613281,0.070312,0.148438
cate1-00032,cate1,41,24,0.497070,0.670898,0.025391,0.134766
cate1-00032,cate1,42,25,0.471680,0.678711,0.033203,0.154297
cate1-00032,cate1,43,26,0.434570,0.693359,0.044922,0.203125
cate1-00032,cate1,44,27,0.396484,0.705078,0.042969,0.203125
cate1-00032,cate1,45,28,0.356445,0.685547,0.044922,0.187500
cate1-00032,cate1,46,29,0.301758,0.680664,0.087891,0.201172
cate1-00032,cate1,47,30,0.229492,0.636719,0.095703,0.187500
cate1-00032,cate1,48,31,0.176758,0.595703,0.083984,0.167969
cate1-00035,cate1,11,0,0.497070,0.371094,0.048828,0.207031
cate1-00035,cate1,12,1,0.454102,0.375977,0.048828,0.216797
cate1-00035,cate1,13,2,0.409180,0.374023,0.060547,0.240234
cate1-00035,cate1,14,3,0.367188,0.386719,0.050781,0.218750
cate1-00035,cate1,15,4,0.329102,0.383789,0.052734,0.216797
cate1-00035,cate1,16,5,0.274414,0.394531,0.068359,0.175781
cate1-00035,cate1,17,6,0.209961,0.369141,0.068359,0.171875
cate1-00035,cate1,18,7,0.168945,0.292969,0.064453,0.113281
cate1-00035,cate1,21,8,0.541992,0.385742,0.044922,0.208984
cate1-00035,cate1,22,9,0.586914,0.381836,0.041016,0.220703
cate1-00035,cate1,23,10,0.627930,0.386719,0.044922,0.222656
cate1-00035,cate1,24,11,0.667969,0.396484,0.046875,0.195312
cate1-00035,cate1,25,12,0.702148,0.387695,0.044922,0.212891
cate1-00035,cate1,26,13,0.757812,0.381836,0.066406,0.205078
cate1-00035,cate1,27,14,0.811523,0.379883,0.080078,0.177734
cate1-00035,cate1,28,15,0.845703,0.300781,0.074219,0.113281
cate1-00035,cate1,31,16,0.529297,0.598633,0.031250,0.162109
cate1-00035,cate1,32,17,0.563477,0.610352,0.021484,0.181641
cate1-00035,cate1,33,18,0.596680,0.628906,0.044922,0.234375
cate1-00035,cate1,34,19,0.629883,0.625977,0.037109,0.224609
cate1-00035,cate1,35,20,0.673828,0.582031,0.058594,0.140625
cate1-00035,cate1,36,21,0.742188,0.603516,0.093750,0.222656
cate1-00035,cate1,37,22,0.803711,0.565430,0.087891,0.201172
cate1-00035,cate1,38,23,0.865234,0.566406,0.074219,0.171875
cate1-00035,cate1,41,24,0.500000,0.588867,0.031250,0.162109
cate1-00035,cate1,42,25,0.482422,0.600586,0.031250,0.169922
cate1-00035,cate1,43,26,0.441406,0.613281,0.042969,0.210938
cate1-00035,cate1,44,27,0.402344,0.615234,0.046875,0.218750
cate1-00035,cate1,45,28,0.356445,0.623047,0.052734,0.246094
cate1-00035,cate1,46,29,0.285156,0.602539,0.097656,0.240234
cate1-00035,cate1,47,30,0.221680,0.568359,0.103516,0.226562
cate1-00035,cate1,48,31,0.149414,0.535156,0.076172,0.179688
cate1-00038,cate1,11,0,0.483398,0.482422,0.044922,0.195312
cate1-00038,cate1,12,1,0.444336,0.477539,0.041016,0.173828
cate1-00038,cate1,13,2,0.408203,0.463867,0.039062,0.224609
cate1-00038,cate1,14,3,0.363281,0.466797,0.050781,0.175781
cate1-00038,cate1,15,4,0.329102,0.461914,0.044922,0.162109
cate1-00038,cate1,16,5,0.284180,0.466797,0.060547,0.160156
cate1-00038,cate1,17,6,0.229492,0.445312,0.052734,0.160156
cate1-00038,cate1,18,7,0.181641,0.429688,0.042969,0.160156
cate1-00038,cate1,21,8,0.524414,0.495117,0.044922,0.177734
cate1-00038,cate1,22,9,0.560547,0.472656,0.039062,0.199219
cate1-00038,cate1,23,10,0.601562,0.462891,0.050781,0.199219
cate1-00038,cate1,24,11,0.639648,0.462891,0.044922,0.183594
cate1-00038,cate1,25,12,0.679688,0.456055,0.039062,0.189453
cate1-00038,cate1,26,13,0.719727,0.467773,0.056641,0.158203
cate1-00038,cate1,27,14,0.774414,0.451172,0.060547,0.156250
cate1-00038,cate1,28,15,0.820312,0.451172,0.050781,0.125000
cate1-00038,cate1,31,16,0.509766,0.676758,0.019531,0.134766
cate1-00038,cate1,32,17,0.534180,0.680664,0.025391,0.154297
cate1-00038,cate1,33,18,0.565430,0.691406,0.033203,0.175781
cate1-00038,cate1,34,19,0.595703,0.689453,0.039062,0.179688
cate1-00038,cate1,35,20,0.631836,0.689453,0.041016,0.183594
cate1-00038,cate1,36,21,0.682617,0.668945,0.072266,0.185547
cate1-00038,cate1,37,22,0.742188,0.666016,0.074219,0.199219
cate1-00038,cate1,38,23,0.797852,0.623047,0.064453,0.156250
cate1-00038,cate1,41,24,0.489258,0.683594,0.025391,0.136719
cate1-00038,cate1,42,25,0.465820,0.684570,0.025391,0.166016
cate1-00038,cate1,43,26,0.434570,0.691406,0.037109,0.187500
cate1-00038,cate1,44,27,0.400391,0.684570,0.035156,0.177734
cate1-00038,cate1,45,28,0.365234,0.696289,0.039062,0.189453
cate1-00038,cate1,46,29,0.314453,0.681641,0.066406,0.195312
cate1-00038,cate1,47,30,0.252930,0.662109,0.080078,0.175781
cate1-00038,cate1,48,31,0.203125,0.635742,0.062500,0.154297
cate1-00041,cate1,11,0,0.494141,0.460938,0.046875,0.218750
cate1-00041,cate1,12,1,0.456055,0.483398,0.037109,0.177734
cate1-00041,cate1,13,2,0.417969,0.458984,0.050781,0.246094
cate1-00041,cate1,14,3,0.374023,0.471680,0.052734,0.220703
cate1-00041,cate1,15,4,0.333984,0.470703,0.035156,0.210938
cate1-00041,cate1,16,5,0.291016,0.477539,0.054688,0.189453
cate1-00041,cate1,17,6,0.236328,0.461914,0.054688,0.193359
cate1-00041,cate1,18,7,0.183594,0.447266,0.070312,0.171875
cate1-00041,cate1,21,8,0.539062,0.468750,0.050781,0.222656
cate1-00041,cate1,22,9,0.581055,0.469727,0.033203,0.216797
cate1-00041,cate1,23,10,0.619141,0.472656,0.042969,0.218750
cate1-00041,cate1,24,11,0.656250,0.472656,0.035156,0.207031
cate1-00041,cate1,25,12,0.688477,0.471680,0.037109,0.201172
cate1-00041,cate1,26,13,0.732422,0.477539,0.058594,0.185547
cate1-00041,cate1,27,14,0.784180,0.461914,0.044922,0.181641
cate1-00041,cate1,28,15,0.832031,0.452148,0.058594,0.150391
cate1-00041,cate1,31,16,0.531250,0.688477,0.031250,0.166016
cate1-00041,cate1,32,17,0.565430,0.699219,0.044922,0.203125
cate1-00041,cate1,33,18,0.602539,0.706055,0.056641,0.208984
cate1-00041,cate1,34,19,0.640625,0.702148,0.042969,0.212891
cate1-00041,cate1,35,20,0.679688,0.690430,0.042969,0.205078
cate1-00041,cate1,36,21,0.722656,0.679688,0.066406,0.187500
cate1-00041,cate1,37,22,0.783203,0.647461,0.078125,0.173828
cate1-00041,cate1,38,23,0.850586,0.625977,0.091797,0.166016
cate1-00041,cate1,41,24,0.499023,0.681641,0.029297,0.160156
cate1-00041,cate1,42,25,0.469727,0.676758,0.029297,0.189453
cate1-00041,cate1,43,26,0.427734,0.707031,0.046875,0.234375
cate1-00041,cate1,44,27,0.388672,0.704102,0.042969,0.212891
cate1-00041,cate1,45,28,0.346680,0.698242,0.044922,0.208984
cate1-00041,cate1,46,29,0.293945,0.692383,0.083984,0.212891
cate1-00041,cate1,47,30,0.229492,0.674805,0.087891,0.212891
cate1-00041,cate1,48,31,0.170898,0.625000,0.083984,0.171875
cate1-00044,cate1,11,0,0.492188,0.449219,0.042969,0.234375
cate1-00044,cate1,12,1,0.457031,0.437500,0.039062,0.214844
cate1-00044,cate1,13,2,0.425781,0.406250,0.039062,0.269531
cate1-00044,cate1,14,3,0.389648,0.395508,0.048828,0.236328
cate1-00044,cate1,15,4,0.360352,0.384766,0.056641,0.218750
cate1-00044,cate1,16,5,0.312500,0.386719,0.070312,0.195312
cate1-00044,cate1,17,6,0.267578,0.356445,0.082031,0.173828
cate1-00044,cate1,18,7,0.258789,0.242188,0.060547,0.101562
cate1-00044,cate1,21,8,0.534180,0.445312,0.044922,0.246094
cate1-00044,cate1,22,9,0.573242,0.447266,0.037109,0.226562
cate1-00044,cate1,23,10,0.608398,0.435547,0.037109,0.226562
cate1-00044,cate1,24,11,0.646484,0.433594,0.035156,0.195312
cate1-00044,cate1,25,12,0.669922,0.416016,0.054688,0.203125
cate1-00044,cate1,26,13,0.719727,0.419922,0.072266,0.167969
cate1-00044,cate1,27,14,0.754883,0.367188,0.083984,0.164062
cate1-00044,cate1,28,15,0.763672,0.263672,0.046875,0.074219
cate1-00044,cate1,31,16,0.522461,0.688477,0.033203,0.193359
cate1-00044,cate1,32,17,0.553711,0.700195,0.033203,0.216797
cate1-00044,cate1,33,18,0.591797,0.677734,0.039062,0.203125
cate1-00044,cate1,34,19,0.625000,0.676758,0.039062,0.201172
cate1-00044,cate1,35,20,0.663086,0.664062,0.048828,0.210938
cate1-00044,cate1,36,21,0.713867,0.625977,0.095703,0.224609
cate1-00044,cate1,37,22,0.775391,0.568359,0.082031,0.195312
cate1-00044,cate1,38,23,0.825195,0.515625,0.064453,0.125000
cate1-00044,cate1,41,24,0.495117,0.690430,0.029297,0.197266
cate1-00044,cate1,42,25,0.469727,0.692383,0.025391,0.232422
cate1-00044,cate1,43,26,0.422852,0.682617,0.064453,0.232422
cate1-00044,cate1,44,27,0.396484,0.654297,0.042969,0.203125
cate1-00044,cate1,45,28,0.367188,0.649414,0.042969,0.228516
cate1-00044,cate1,46,29,0.303711,0.608398,0.103516,0.216797
cate1-00044,cate1,47,30,0.246094,0.562500,0.082031,0.203125
cate1-00044,cate1,48,31,0.185547,0.526367,0.046875,0.083984
cate1-00047,cate1,11,0,0.468750,0.445312,0.046875,0.242188
cate1-00047,cate1,12,1,0.430664,0.455078,0.041016,0.210938
cate1-00047,cate1,13,2,0.391602,0.434570,0.041016,0.220703
cate1-00047,cate1,14,3,0.354492,0.429688,0.037109,0.183594
cate1-00047,cate1,15,4,0.324219,0.420898,0.042969,0.193359
cate1-00047,cate1,16,5,0.273438,0.407227,0.058594,0.197266
cate1-00047,cate1,17,6,0.230469,0.376953,0.066406,0.179688
cate1-00047,cate1,18,7,0.187500,0.326172,0.054688,0.121094
cate1-00047,cate1,21,8,0.516602,0.451172,0.048828,0.226562
cate1-00047,cate1,22,9,0.553711,0.478516,0.041016,0.152344
cate1-00047,cate1,23,10,0.566406,0.386719,0.042969,0.230469
cate1-00047,cate1,24,11,0.606445,0.438477,0.052734,0.173828
cate1-00047,cate1,25,12,0.645508,0.419922,0.060547,0.199219
cate1-00047,cate1,26,13,0.707031,0.410156,0.074219,0.183594
cate1-00047,cate1,27,14,0.761719,0.383789,0.074219,0.173828
cate1-00047,cate1,28,15,0.804688,0.321289,0.066406,0.130859
cate1-00047,cate1,31,16,0.492188,0.669922,0.031250,0.140625
cate1-00047,cate1,32,17,0.521484,0.658203,0.035156,0.160156
cate1-00047,cate1,33,18,0.564453,0.666992,0.027344,0.185547
cate1-00047,cate1,34,19,0.594727,0.656250,0.048828,0.179688
cate1-00047,cate1,35,20,0.648438,0.643555,0.074219,0.189453
cate1-00047,cate1,36,21,0.701172,0.609375,0.109375,0.214844
cate1-00047,cate1,37,22,0.767578,0.559570,0.097656,0.189453
cate1-00047,cate1,38,23,0.833984,0.529297,0.082031,0.128906
cate1-00047,cate1,41,24,0.462891,0.672852,0.027344,0.169922
cate1-00047,cate1,42,25,0.432617,0.672852,0.029297,0.169922
cate1-00047,cate1,43,26,0.397461,0.686523,0.044922,0.197266
cate1-00047,cate1,44,27,0.369141,0.652344,0.054688,0.160156
cate1-00047,cate1,45,28,0.335938,0.644531,0.046875,0.171875
cate1-00047,cate1,46,29,0.283203,0.618164,0.093750,0.216797
cate1-00047,cate1,47,30,0.225586,0.573242,0.080078,0.205078
cate1-00047,cate1,48,31,0.167969,0.540039,0.082031,0.146484
cate1-00050,cate1,11,0,0.470703,0.395508,0.046875,0.240234
cate1-00050,cate1,12,1,0.435547,0.386719,0.046875,0.230469
cate1-00050,cate1,13,2,0.392578,0.375000,0.046875,0.250000
cate1-00050,cate1,14,3,0.351562,0.388672,0.042969,0.191406
cate1-00050,cate1,15,4,0.312500,0.375977,0.035156,0.201172
cate1-00050,cate1,16,5,0.266602,0.376953,0.060547,0.203125
cate1-00050,cate1,17,6,0.204102,0.340820,0.060547,0.216797
cate1-00050,cate1,18,7,0.146484,0.329102,0.062500,0.193359
cate1-00050,cate1,21,8,0.513672,0.401367,0.050781,0.224609
cate1-00050,cate1,22,9,0.555664,0.376953,0.044922,0.230469
cate1-00050,cate1,23,10,0.593750,0.362305,0.039062,0.259766
cate1-00050,cate1,24,11,0.638672,0.370117,0.035156,0.205078
cate1-00050,cate1,25,12,0.675781,0.381836,0.046875,0.205078
cate1-00050,cate1,26,13,0.726562,0.383789,0.062500,0.181641
cate1-00050,cate1,27,14,0.788086,0.358398,0.064453,0.193359
cate1-00050,cate1,28,15,0.843750,0.344727,0.054688,0.193359
cate1-00050,cate1,31,16,0.522461,0.605469,0.025391,0.140625
cate1-00050,cate1,32,17,0.552734,0.609375,0.027344,0.152344
cate1-00050,cate1,33,18,0.592773,0.610352,0.037109,0.177734
cate1-00050,cate1,34,19,0.633789,0.614258,0.044922,0.181641
cate1-00050,cate1,35,20,0.677734,0.596680,0.046875,0.173828
cate1-00050,cate1,36,21,0.724609,0.591797,0.082031,0.203125
cate1-00050,cate1,37,22,0.797852,0.579102,0.087891,0.212891
cate1-00050,cate1,38,23,0.860352,0.526367,0.083984,0.189453
cate1-00050,cate1,41,24,0.496094,0.600586,0.031250,0.150391
cate1-00050,cate1,42,25,0.467773,0.596680,0.037109,0.134766
cate1-00050,cate1,43,26,0.431641,0.610352,0.035156,0.169922
cate1-00050,cate1,44,27,0.384766,0.606445,0.039062,0.177734
cate1-00050,cate1,45,28,0.338867,0.600586,0.048828,0.181641
cate1-00050,cate1,46,29,0.282227,0.590820,0.080078,0.205078
cate1-00050,cate1,47,30,0.213867,0.574219,0.080078,0.214844
cate1-00050,cate1,48,31,0.141602,0.544922,0.083984,0.191406
cate1-00053,cate1,11,0,0.488281,0.380859,0.062500,0.226562
cate1-00053,cate1,12,1,0.437500,0.381836,0.058594,0.220703
cate1-00053,cate1,13,2,0.379883,0.377930,0.060547,0.251953
cate1-00053,cate1,14,3,0.329102,0.376953,0.048828,0.246094
cate1-00053,cate1,15,4,0.283203,0.379883,0.050781,0.248047
cate1-00053,cate1,16,5,0.222656,0.402344,0.074219,0.195312
cate1-00053,cate1,17,6,0.150391,0.358398,0.062500,0.224609
cate1-00053,cate1,18,7,0.084961,0.361328,0.068359,0.195312
cate1-00053,cate1,21,8,0.545898,0.392578,0.064453,0.218750
cate1-00053,cate1,22,9,0.593750,0.383789,0.042969,0.236328
cate1-00053,cate1,23,10,0.645508,0.360352,0.060547,0.291016
cate1-00053,cate1,24,11,0.692383,0.372070,0.060547,0.255859
cate1-00053,cate1,25,12,0.727539,0.367188,0.044922,0.261719
cate1-00053,cate1,26,13,0.783203,0.375000,0.070312,0.218750
cate1-00053,cate1,27,14,0.841797,0.373047,0.058594,0.214844
cate1-00053,cate1,28,15,0.896484,0.372070,0.054688,0.224609
cate1-00053,cate1,31,16,0.520508,0.580078,0.033203,0.117188
cate1-00053,cate1,32,17,0.554688,0.588867,0.039062,0.142578
cate1-00053,cate1,33,18,0.610352,0.611328,0.064453,0.222656
cate1-00053,cate1,34,19,0.652344,0.609375,0.042969,0.203125
cate1-00053,cate1,35,20,0.698242,0.600586,0.060547,0.212891
cate1-00053,cate1,36,21,0.754883,0.616211,0.076172,0.244141
cate1-00053,cate1,37,22,0.826172,0.610352,0.070312,0.232422
cate1-00053,cate1,38,23,0.894531,0.600586,0.109375,0.158203
cate1-00053,cate1,41,24,0.483398,0.586914,0.033203,0.142578
cate1-00053,cate1,42,25,0.448242,0.595703,0.037109,0.164062
cate1-00053,cate1,43,26,0.389648,0.622070,0.064453,0.240234
cate1-00053,cate1,44,27,0.351562,0.624023,0.050781,0.232422
cate1-00053,cate1,45,28,0.300781,0.627930,0.046875,0.240234
cate1-00053,cate1,46,29,0.230469,0.622070,0.101562,0.251953
cate1-00053,cate1,47,30,0.152344,0.612305,0.097656,0.251953
cate1-00053,cate1,48,31,0.088867,0.576172,0.087891,0.207031
cate1-00056,cate1,11,0,0.485352,0.545898,0.029297,0.185547
cate1-00056,cate1,12,1,0.455078,0.546875,0.035156,0.191406
cate1-00056,cate1,13,2,0.420898,0.541016,0.041016,0.207031
cate1-00056,cate1,14,3,0.390625,0.555664,0.027344,0.162109
cate1-00056,cate1,15,4,0.368164,0.550781,0.033203,0.136719
cate1-00056,cate1,16,5,0.324219,0.537109,0.058594,0.148438
cate1-00056,cate1,17,6,0.275391,0.513672,0.054688,0.164062
cate1-00056,cate1,18,7,0.250000,0.451172,0.054688,0.128906
cate1-00056,cate1,21,8,0.517578,0.554688,0.027344,0.183594
cate1-00056,cate1,22,9,0.543945,0.546875,0.029297,0.187500
cate1-00056,cate1,23,10,0.578125,0.518555,0.039062,0.228516
cate1-00056,cate1,24,11,0.607422,0.540039,0.035156,0.158203
cate1-00056,cate1,25,12,0.627930,0.544922,0.029297,0.144531
cate1-00056,cate1,26,13,0.669922,0.526367,0.050781,0.166016
cate1-00056,cate1,27,14,0.718750,0.516602,0.054688,0.154297
cate1-00056,cate1,28,15,0.745117,0.439453,0.056641,0.113281
cate1-00056,cate1,31,16,0.506836,0.706055,0.025391,0.099609
cate1-00056,cate1,32,17,0.535156,0.715820,0.023438,0.126953
cate1-00056,cate1,33,18,0.568359,0.711914,0.046875,0.158203
cate1-00056,cate1,34,19,0.596680,0.702148,0.041016,0.150391
cate1-00056,cate1,35,20,0.624023,0.693359,0.044922,0.152344
cate1-00056,cate1,36,21,0.667969,0.679688,0.070312,0.144531
cate1-00056,cate1,37,22,0.725586,0.657227,0.072266,0.150391
cate1-00056,cate1,38,23,0.774414,0.596680,0.056641,0.099609
cate1-00056,cate1,41,24,0.485352,0.696289,0.025391,0.119141
cate1-00056,cate1,42,25,0.458008,0.711914,0.025391,0.150391
cate1-00056,cate1,43,26,0.430664,0.718750,0.033203,0.167969
cate1-00056,cate1,44,27,0.399414,0.714844,0.033203,0.164062
cate1-00056,cate1,45,28,0.362305,0.708984,0.041016,0.164062
cate1-00056,cate1,46,29,0.316406,0.690430,0.078125,0.169922
cate1-00056,cate1,47,30,0.259766,0.662109,0.074219,0.152344
cate1-00056,cate1,48,31,0.203125,0.602539,0.078125,0.126953
cate1-00059,cate1,11,0,0.498047,0.492188,0.039062,0.207031
cate1-00059,cate1,12,1,0.463867,0.483398,0.041016,0.212891
cate1-00059,cate1,13,2,0.426758,0.480469,0.041016,0.187500
cate1-00059,cate1,14,3,0.385742,0.471680,0.037109,0.201172
cate1-00059,cate1,15,4,0.348633,0.464844,0.041016,0.191406
cate1-00059,cate1,16,5,0.296875,0.458008,0.066406,0.173828
cate1-00059,cate1,17,6,0.241211,0.436523,0.060547,0.185547
cate1-00059,cate1,18,7,0.208008,0.414062,0.080078,0.144531
cate1-00059,cate1,21,8,0.541016,0.489258,0.042969,0.208984
cate1-00059,cate1,22,9,0.580078,0.465820,0.042969,0.224609
cate1-00059,cate1,23,10,0.613281,0.448242,0.039062,0.251953
cate1-00059,cate1,24,11,0.644531,0.450195,0.035156,0.216797
cate1-00059,cate1,25,12,0.676758,0.447266,0.041016,0.195312
cate1-00059,cate1,26,13,0.723633,0.440430,0.056641,0.185547
cate1-00059,cate1,27,14,0.769531,0.437500,0.058594,0.167969
cate1-00059,cate1,28,15,0.799805,0.407227,0.064453,0.146484
cate1-00059,cate1,31,16,0.512695,0.692383,0.021484,0.138672
cate1-00059,cate1,32,17,0.533203,0.698242,0.027344,0.166016
cate1-00059,cate1,33,18,0.571289,0.701172,0.052734,0.199219
cate1-00059,cate1,34,19,0.598633,0.684570,0.044922,0.205078
cate1-00059,cate1,35,20,0.637695,0.675781,0.044922,0.207031
cate1-00059,cate1,36,21,0.687500,0.663086,0.085938,0.205078
cate1-00059,cate1,37,22,0.740234,0.641602,0.078125,0.193359
cate1-00059,cate1,38,23,0.813477,0.554688,0.107422,0.152344
cate1-00059,cate1,41,24,0.490234,0.696289,0.027344,0.154297
cate1-00059,cate1,42,25,0.463867,0.694336,0.033203,0.158203
cate1-00059,cate1,43,26,0.424805,0.698242,0.048828,0.193359
cate1-00059,cate1,44,27,0.396484,0.669922,0.035156,0.183594
cate1-00059,cate1,45,28,0.361328,0.685547,0.031250,0.207031
cate1-00059,cate1,46,29,0.306641,0.673828,0.085938,0.222656
cate1-00059,cate1,47,30,0.241211,0.640625,0.080078,0.187500
cate1-00059,cate1,48,31,0.180664,0.587891,0.099609,0.175781
cate1-00062,cate1,11,0,0.483398,0.449219,0.044922,0.218750
cate1-00062,cate1,12,1,0.448242,0.445312,0.041016,0.203125
cate1-00062,cate1,13,2,0.413086,0.410156,0.044922,0.257812
cate1-00062,cate1,14,3,0.371094,0.418945,0.039062,0.201172
cate1-00062,cate1,15,4,0.336914,0.395508,0.044922,0.205078
cate1-00062,cate1,16,5,0.285156,0.405273,0.062500,0.166016
cate1-00062,cate1,17,6,0.229492,0.374023,0.068359,0.169922
cate1-00062,cate1,18,7,0.193359,0.306641,0.089844,0.171875
cate1-00062,cate1,21,8,0.529297,0.445312,0.050781,0.222656
cate1-00062,cate1,22,9,0.570312,0.459961,0.046875,0.193359
cate1-00062,cate1,23,10,0.604492,0.432617,0.044922,0.255859
cate1-00062,cate1,24,11,0.643555,0.427734,0.048828,0.226562
cate1-00062,cate1,25,12,0.680664,0.416016,0.041016,0.199219
cate1-00062,cate1,26,13,0.725586,0.416992,0.060547,0.189453
cate1-00062,cate1,27,14,0.779297,0.373047,0.070312,0.199219
cate1-00062,cate1,28,15,0.833008,0.344727,0.083984,0.185547
cate1-00062,cate1,31,16,0.525391,0.657227,0.027344,0.119141
cate1-00062,cate1,32,17,0.552734,0.661133,0.035156,0.123047
cate1-00062,cate1,33,18,0.587891,0.655273,0.042969,0.173828
cate1-00062,cate1,34,19,0.627930,0.638672,0.052734,0.179688
cate1-00062,cate1,35,20,0.667969,0.633789,0.058594,0.205078
cate1-00062,cate1,36,21,0.725586,0.613281,0.103516,0.222656
cate1-00062,cate1,37,22,0.799805,0.571289,0.126953,0.208984
cate1-00062,cate1,38,23,0.853516,0.537109,0.089844,0.187500
cate1-00062,cate1,41,24,0.498047,0.654297,0.027344,0.109375
cate1-00062,cate1,42,25,0.467773,0.653320,0.029297,0.123047
cate1-00062,cate1,43,26,0.431641,0.630859,0.046875,0.175781
cate1-00062,cate1,44,27,0.395508,0.630859,0.048828,0.179688
cate1-00062,cate1,45,28,0.345703,0.626953,0.078125,0.222656
cate1-00062,cate1,46,29,0.294922,0.596680,0.097656,0.216797
cate1-00062,cate1,47,30,0.221680,0.571289,0.103516,0.216797
cate1-00062,cate1,48,31,0.144531,0.507812,0.109375,0.136719
cate1-00065,cate1,11,0,0.499023,0.454102,0.044922,0.220703
cate1-00065,cate1,12,1,0.465820,0.446289,0.044922,0.181641
cate1-00065,cate1,13,2,0.431641,0.408203,0.046875,0.238281
cate1-00065,cate1,14,3,0.384766,0.400391,0.046875,0.230469
cate1-00065,cate1,15,4,0.345703,0.397461,0.046875,0.224609
cate1-00065,cate1,16,5,0.294922,0.393555,0.062500,0.205078
cate1-00065,cate1,17,6,0.236328,0.362305,0.078125,0.220703
cate1-00065,cate1,18,7,0.200195,0.286133,0.064453,0.103516
cate1-00065,cate1,21,8,0.541016,0.438477,0.039062,0.240234
cate1-00065,cate1,22,9,0.576172,0.449219,0.031250,0.218750
cate1-00065,cate1,23,10,0.612305,0.434570,0.037109,0.236328
cate1-00065,cate1,24,11,0.651367,0.429688,0.044922,0.218750
cate1-00065,cate1,25,12,0.685547,0.412109,0.039062,0.234375
cate1-00065,cate1,26,13,0.728516,0.411133,0.058594,0.208984
cate1-00065,cate1,27,14,0.773438,0.387695,0.070312,0.201172
cate1-00065,cate1,28,15,0.803711,0.319336,0.052734,0.091797
cate1-00065,cate1,31,16,0.527344,0.661133,0.027344,0.150391
cate1-00065,cate1,32,17,0.557617,0.667969,0.029297,0.160156
cate1-00065,cate1,33,18,0.598633,0.680664,0.052734,0.205078
cate1-00065,cate1,34,19,0.626953,0.661133,0.039062,0.169922
cate1-00065,cate1,35,20,0.662109,0.650391,0.042969,0.171875
cate1-00065,cate1,36,21,0.719727,0.644531,0.087891,0.218750
cate1-00065,cate1,37,22,0.781250,0.604492,0.085938,0.205078
cate1-00065,cate1,38,23,0.833984,0.569336,0.062500,0.119141
cate1-00065,cate1,41,24,0.501953,0.655273,0.027344,0.154297
cate1-00065,cate1,42,25,0.471680,0.644531,0.029297,0.148438
cate1-00065,cate1,43,26,0.425781,0.653320,0.058594,0.181641
cate1-00065,cate1,44,27,0.380859,0.654297,0.046875,0.214844
cate1-00065,cate1,45,28,0.335938,0.642578,0.046875,0.207031
cate1-00065,cate1,46,29,0.273438,0.630859,0.093750,0.214844
cate1-00065,cate1,47,30,0.202148,0.589844,0.107422,0.210938
cate1-00065,cate1,48,31,0.143555,0.536133,0.072266,0.134766
cate1-00068,cate1,11,0,0.488281,0.427734,0.046875,0.230469
cate1-00068,cate1,12,1,0.454102,0.428711,0.048828,0.208984
cate1-00068,cate1,13,2,0.416016,0.418945,0.046875,0.232422
cate1-00068,cate1,14,3,0.376953,0.424805,0.042969,0.208984
cate1-00068,cate1,15,4,0.338867,0.410156,0.056641,0.203125
cate1-00068,cate1,16,5,0.290039,0.394531,0.060547,0.222656
cate1-00068,cate1,17,6,0.230469,0.390625,0.058594,0.171875
cate1-00068,cate1,18,7,0.181641,0.308594,0.078125,0.136719
cate1-00068,cate1,21,8,0.524414,0.424805,0.041016,0.236328
cate1-00068,cate1,22,9,0.560547,0.425781,0.035156,0.222656
cate1-00068,cate1,23,10,0.593750,0.414062,0.035156,0.242188
cate1-00068,cate1,24,11,0.631836,0.422852,0.041016,0.212891
cate1-00068,cate1,25,12,0.663086,0.419922,0.037109,0.195312
cate1-00068,cate1,26,13,0.711914,0.411133,0.060547,0.185547
cate1-00068,cate1,27,14,0.765625,0.430664,0.054688,0.134766
cate1-00068,cate1,28,15,0.803711,0.344727,0.064453,0.134766
cate1-00068,cate1,31,16,0.513672,0.642578,0.023438,0.164062
cate1-00068,cate1,32,17,0.542969,0.632812,0.035156,0.164062
cate1-00068,cate1,33,18,0.576172,0.648438,0.050781,0.179688
cate1-00068,cate1,34,19,0.607422,0.649414,0.039062,0.205078
cate1-00068,cate1,35,20,0.648438,0.638672,0.042969,0.222656
cate1-00068,cate1,36,21,0.693359,0.620117,0.074219,0.201172
cate1-00068,cate1,37,22,0.753906,0.602539,0.074219,0.201172
cate1-00068,cate1,38,23,0.814453,0.565430,0.082031,0.154297
cate1-00068,cate1,41,24,0.486328,0.641602,0.027344,0.173828
cate1-00068,cate1,42,25,0.456055,0.635742,0.025391,0.166016
cate1-00068,cate1,43,26,0.414062,0.645508,0.058594,0.201172
cate1-00068,cate1,44,27,0.384766,0.638672,0.042969,0.207031
cate1-00068,cate1,45,28,0.345703,0.638672,0.050781,0.234375
cate1-00068,cate1,46,29,0.291016,0.616211,0.078125,0.220703
cate1-00068,cate1,47,30,0.233398,0.583984,0.076172,0.214844
cate1-00068,cate1,48,31,0.166016,0.545898,0.085938,0.166016
cate1-00071,cate1,11,0,0.482422,0.499023,0.046875,0.189453
cate1-00071,cate1,12,1,0.443359,0.500977,0.039062,0.177734
cate1-00071,cate1,13,2,0.403320,0.478516,0.041016,0.250000
cate1-00071,cate1,14,3,0.364258,0.507812,0.033203,0.203125
cate1-00071,cate1,15,4,0.331055,0.507812,0.044922,0.199219
cate1-00071,cate1,16,5,0.283203,0.507812,0.070312,0.195312
cate1-00071,cate1,17,6,0.223633,0.487305,0.064453,0.197266
cate1-00071,cate1,18,7,0.189453,0.436523,0.078125,0.162109
cate1-00071,cate1,21,8,0.521484,0.489258,0.039062,0.220703
cate1-00071,cate1,22,9,0.564453,0.487305,0.039062,0.193359
cate1-00071,cate1,23,10,0.597656,0.477539,0.039062,0.220703
cate1-00071,cate1,24,11,0.635742,0.492188,0.037109,0.183594
cate1-00071,cate1,25,12,0.670898,0.483398,0.037109,0.201172
cate1-00071,cate1,26,13,0.716797,0.491211,0.058594,0.185547
cate1-00071,cate1,27,14,0.776367,0.483398,0.056641,0.177734
cate1-00071,cate1,28,15,0.796875,0.392578,0.066406,0.085938
cate1-00071,cate1,31,16,0.530273,0.702148,0.029297,0.119141
cate1-00071,cate1,32,17,0.554688,0.710938,0.023438,0.136719
cate1-00071,cate1,33,18,0.583008,0.721680,0.044922,0.201172
cate1-00071,cate1,34,19,0.618164,0.726562,0.033203,0.210938
cate1-00071,cate1,35,20,0.652344,0.726562,0.042969,0.234375
cate1-00071,cate1,36,21,0.703125,0.709961,0.066406,0.201172
cate1-00071,cate1,37,22,0.767578,0.675781,0.085938,0.195312
cate1-00071,cate1,38,23,0.821289,0.653320,0.056641,0.177734
cate1-00071,cate1,41,24,0.505859,0.708008,0.035156,0.138672
cate1-00071,cate1,42,25,0.485352,0.708984,0.044922,0.167969
cate1-00071,cate1,43,26,0.443359,0.703125,0.039062,0.187500
cate1-00071,cate1,44,27,0.405273,0.721680,0.037109,0.189453
cate1-00071,cate1,45,28,0.360352,0.722656,0.044922,0.187500
cate1-00071,cate1,46,29,0.308594,0.722656,0.074219,0.187500
cate1-00071,cate1,47,30,0.228516,0.703125,0.105469,0.218750
cate1-00071,cate1,48,31,0.170898,0.678711,0.080078,0.208984
cate10-00005,cate10,11,0,0.505859,0.376953,0.050781,0.265625
cate10-00005,cate10,12,1,0.465820,0.365234,0.048828,0.261719
cate10-00005,cate10,13,2,0.423828,0.375977,0.046875,0.232422
cate10-00005,cate10,14,3,0.389648,0.360352,0.068359,0.228516
cate10-00005,cate10,15,4,0.338867,0.359375,0.048828,0.218750
cate10-00005,cate10,16,5,0.285156,0.360352,0.070312,0.205078
cate10-00005,cate10,17,6,0.221680,0.357422,0.068359,0.210938
cate10-00005,cate10,18,7,0.166992,0.348633,0.060547,0.197266
cate10-00005,cate10,21,8,0.553711,0.384766,0.052734,0.253906
cate10-00005,cate10,22,9,0.599609,0.384766,0.046875,0.242188
cate10-00005,cate10,23,10,0.643555,0.375000,0.044922,0.265625
cate10-00005,cate10,24,11,0.680664,0.411133,0.044922,0.177734
cate10-00005,cate10,25,12,0.717773,0.405273,0.048828,0.169922
cate10-00005,cate10,27,14,0.804688,0.373047,0.058594,0.214844
cate10-00005,cate10,28,15,0.857422,0.359375,0.050781,0.195312
cate10-00005,cate10,31,16,0.544922,0.616211,0.039062,0.166016
cate10-00005,cate10,32,17,0.577148,0.639648,0.044922,0.216797
cate10-00005,cate10,33,18,0.623047,0.662109,0.046875,0.261719
cate10-00005,cate10,34,19,0.660156,0.666016,0.046875,0.222656
cate10-00005,cate10,35,20,0.698242,0.654297,0.052734,0.218750
cate10-00005,cate10,36,21,0.753906,0.640625,0.093750,0.222656
cate10-00005,cate10,37,22,0.818359,0.614258,0.093750,0.212891
cate10-00005,cate10,38,23,0.886719,0.566406,0.093750,0.105469
cate10-00005,cate10,41,24,0.512695,0.613281,0.044922,0.160156
cate10-00005,cate10,42,25,0.481445,0.622070,0.041016,0.185547
cate10-00005,cate10,43,26,0.440430,0.635742,0.044922,0.240234
cate10-00005,cate10,44,27,0.393555,0.645508,0.052734,0.228516
cate10-00005,cate10,45,28,0.349609,0.640625,0.074219,0.238281
cate10-00005,cate10,46,29,0.280273,0.630859,0.103516,0.230469
cate10-00005,cate10,47,30,0.211914,0.592773,0.099609,0.216797
cate10-00005,cate10,48,31,0.152344,0.550781,0.089844,0.171875
cate10-00006,cate10,11,0,0.500977,0.396484,0.048828,0.285156
cate10-00006,cate10,12,1,0.459961,0.419922,0.048828,0.250000
cate10-00006,cate10,13,2,0.418945,0.424805,0.056641,0.259766
cate10-00006,cate10,14,3,0.375000,0.419922,0.054688,0.253906
cate10-00006,cate10,15,4,0.327148,0.433594,0.052734,0.238281
cate10-00006,cate10,16,5,0.267578,0.430664,0.074219,0.201172
cate10-00006,cate10,17,6,0.208008,0.388672,0.064453,0.214844
cate10-00006,cate10,21,8,0.545898,0.429688,0.056641,0.234375
cate10-00006,cate10,22,9,0.585938,0.434570,0.042969,0.228516
cate10-00006,cate10,23,10,0.624023,0.430664,0.048828,0.263672
cate10-00006,cate10,24,11,0.653320,0.439453,0.044922,0.222656
cate10-00006,cate10,25,12,0.689453,0.433594,0.035156,0.187500
cate10-00006,cate10,26,13,0.734375,0.447266,0.058594,0.218750
cate10-00006,cate10,27,14,0.785156,0.430664,0.054688,0.212891
cate10-00006,cate10,28,15,0.833984,0.408203,0.058594,0.195312
cate10-00006,cate10,31,16,0.535156,0.640625,0.035156,0.164062
cate10-00006,cate10,32,17,0.569336,0.640625,0.044922,0.179688
cate10-00006,cate10,33,18,0.608398,0.635742,0.048828,0.177734
cate10-00006,cate10,34,19,0.640625,0.648438,0.039062,0.210938
cate10-00006,cate10,35,20,0.680664,0.645508,0.041016,0.212891
cate10-00006,cate10,37,22,0.781250,0.636719,0.089844,0.171875
cate10-00006,cate10,38,23,0.838867,0.573242,0.091797,0.181641
cate10-00006,cate10,41,24,0.506836,0.648438,0.044922,0.187500
cate10-00006,cate10,42,25,0.477539,0.641602,0.037109,0.181641
cate10-00006,cate10,43,26,0.434570,0.645508,0.044922,0.212891
cate10-00006,cate10,44,27,0.391602,0.646484,0.048828,0.226562
cate10-00006,cate10,45,28,0.349609,0.651367,0.050781,0.232422
cate10-00006,cate10,47,30,0.240234,0.622070,0.121094,0.177734
cate10-00006,cate10,48,31,0.179688,0.569336,0.121094,0.197266
cate10-00012,cate10,11,0,0.498047,0.364258,0.046875,0.244141
cate10-00012,cate10,12,1,0.464844,0.322266,0.046875,0.261719
cate10-00012,cate10,13,2,0.418945,0.306641,0.052734,0.265625
cate10-00012,cate10,14,3,0.393555,0.308594,0.044922,0.261719
cate10-00012,cate10,15,4,0.350586,0.314453,0.048828,0.238281
cate10-00012,cate10,17,6,0.254883,0.296875,0.068359,0.214844
cate10-00012,cate10,18,7,0.192383,0.301758,0.064453,0.181641
cate10-00012,cate10,21,8,0.545898,0.345703,0.048828,0.289062
cate10-00012,cate10,22,9,0.585938,0.347656,0.042969,0.257812
cate10-00012,cate10,23,10,0.627930,0.339844,0.044922,0.285156
cate10-00012,cate10,24,11,0.663086,0.349609,0.033203,0.238281
cate10-00012,cate10,25,12,0.695312,0.350586,0.042969,0.216797
cate10-00012,cate10,26,13,0.746094,0.356445,0.062500,0.205078
cate10-00012,cate10,27,14,0.802734,0.322266,0.062500,0.195312
cate10-00012,cate10,28,15,0.852539,0.305664,0.060547,0.169922
cate10-00012,cate10,31,16,0.526367,0.586914,0.025391,0.166016
cate10-00012,cate10,32,17,0.555664,0.592773,0.033203,0.193359
cate10-00012,cate10,33,18,0.583984,0.610352,0.046875,0.212891
cate10-00012,cate10,34,19,0.624023,0.608398,0.044922,0.185547
cate10-00012,cate10,35,20,0.662109,0.607422,0.039062,0.214844
cate10-00012,cate10,37,22,0.756836,0.581055,0.099609,0.220703
cate10-00012,cate10,38,23,0.819336,0.518555,0.107422,0.173828
cate10-00012,cate10,41,24,0.500977,0.593750,0.033203,0.175781
cate10-00012,cate10,42,25,0.471680,0.584961,0.048828,0.189453
cate10-00012,cate10,43,26,0.438477,0.613281,0.037109,0.179688
cate10-00012,cate10,44,27,0.409180,0.593750,0.068359,0.222656
cate10-00012,cate10,45,28,0.366211,0.594727,0.080078,0.232422
cate10-00012,cate10,46,29,0.307617,0.576172,0.107422,0.230469
cate10-00012,cate10,47,30,0.229492,0.541992,0.107422,0.216797
cate10-00012,cate10,48,31,0.166992,0.481445,0.103516,0.158203
cate10-00013,cate10,11,0,0.491211,0.440430,0.048828,0.248047
cate10-00013,cate10,12,1,0.450195,0.438477,0.044922,0.244141
cate10-00013,cate10,13,2,0.408203,0.430664,0.046875,0.244141
cate10-00013,cate10,14,3,0.374023,0.417969,0.064453,0.253906
cate10-00013,cate10,15,4,0.333008,0.402344,0.048828,0.250000
cate10-00013,cate10,16,5,0.279297,0.406250,0.066406,0.195312
cate10-00013,cate10,17,6,0.221680,0.363281,0.080078,0.207031
cate10-00013,cate10,18,7,0.179688,0.290039,0.066406,0.162109
cate10-00013,cate10,21,8,0.534180,0.434570,0.052734,0.263672
cate10-00013,cate10,22,9,0.576172,0.451172,0.039062,0.238281
cate10-00013,cate10,23,10,0.615234,0.426758,0.046875,0.287109
cate10-00013,cate10,24,11,0.649414,0.438477,0.052734,0.228516
cate10-00013,cate10,25,12,0.686523,0.412109,0.048828,0.246094
cate10-00013,cate10,26,13,0.736328,0.414062,0.070312,0.207031
cate10-00013,cate10,27,14,0.793945,0.376953,0.068359,0.214844
cate10-00013,cate10,28,15,0.833984,0.316406,0.062500,0.140625
cate10-00013,cate10,31,16,0.515625,0.671875,0.035156,0.160156
cate10-00013,cate10,32,17,0.545898,0.665039,0.041016,0.158203
cate10-00013,cate10,33,18,0.584961,0.702148,0.068359,0.240234
cate10-00013,cate10,34,19,0.628906,0.694336,0.054688,0.224609
cate10-00013,cate10,35,20,0.667969,0.692383,0.058594,0.251953
cate10-00013,cate10,36,21,0.725586,0.647461,0.091797,0.216797
cate10-00013,cate10,37,22,0.797852,0.603516,0.099609,0.207031
cate10-00013,cate10,38,23,0.861328,0.566406,0.085938,0.125000
cate10-00013,cate10,41,24,0.486328,0.676758,0.035156,0.166016
cate10-00013,cate10,42,25,0.455078,0.676758,0.046875,0.197266
cate10-00013,cate10,43,26,0.415039,0.695312,0.064453,0.250000
cate10-00013,cate10,44,27,0.372070,0.685547,0.060547,0.226562
cate10-00013,cate10,45,28,0.331055,0.675781,0.060547,0.234375
cate10-00013,cate10,46,29,0.278320,0.635742,0.099609,0.212891
cate10-00013,cate10,48,31,0.143555,0.529297,0.080078,0.136719
cate10-00018,cate10,11,0,0.483398,0.390625,0.052734,0.226562
cate10-00018,cate10,12,1,0.450195,0.393555,0.033203,0.201172
cate10-00018,cate10,13,2,0.414062,0.388672,0.046875,0.226562
cate10-00018,cate10,14,3,0.382812,0.390625,0.050781,0.230469
cate10-00018,cate10,15,4,0.349609,0.383789,0.050781,0.208984
cate10-00018,cate10,17,6,0.263672,0.355469,0.062500,0.210938
cate10-00018,cate10,21,8,0.518555,0.390625,0.048828,0.230469
cate10-00018,cate10,22,9,0.558594,0.386719,0.039062,0.210938
cate10-00018,cate10,23,10,0.587891,0.392578,0.046875,0.222656
cate10-00018,cate10,24,11,0.622070,0.389648,0.060547,0.205078
cate10-00018,cate10,25,12,0.662109,0.373047,0.046875,0.214844
cate10-00018,cate10,27,14,0.749023,0.342773,0.064453,0.197266
cate10-00018,cate10,31,16,0.512695,0.601562,0.033203,0.171875
cate10-00018,cate10,32,17,0.541992,0.598633,0.037109,0.189453
cate10-00018,cate10,33,18,0.573242,0.625977,0.056641,0.220703
cate10-00018,cate10,34,19,0.606445,0.617188,0.056641,0.210938
cate10-00018,cate10,35,20,0.649414,0.615234,0.068359,0.218750
cate10-00018,cate10,36,21,0.703125,0.582031,0.085938,0.222656
cate10-00018,cate10,37,22,0.757812,0.553711,0.089844,0.208984
cate10-00018,cate10,38,23,0.826172,0.514648,0.085938,0.142578
cate10-00018,cate10,41,24,0.491211,0.605469,0.033203,0.175781
cate10-00018,cate10,42,25,0.465820,0.602539,0.033203,0.189453
cate10-00018,cate10,43,26,0.439453,0.600586,0.042969,0.208984
cate10-00018,cate10,44,27,0.400391,0.619141,0.046875,0.222656
cate10-00018,cate10,45,28,0.359375,0.617188,0.066406,0.246094
cate10-00018,cate10,46,29,0.304688,0.582031,0.082031,0.222656
cate10-00018,cate10,47,30,0.248047,0.571289,0.070312,0.212891
cate10-00018,cate10,48,31,0.184570,0.549805,0.087891,0.115234
cate10-00020,cate10,11,0,0.458008,0.400391,0.056641,0.230469
cate10-00020,cate10,12,1,0.418945,0.416016,0.037109,0.218750
cate10-00020,cate10,13,2,0.379883,0.402344,0.048828,0.253906
cate10-00020,cate10,14,3,0.347656,0.400391,0.054688,0.253906
cate10-00020,cate10,15,4,0.309570,0.413086,0.048828,0.228516
cate10-00020,cate10,16,5,0.259766,0.416016,0.070312,0.222656
cate10-00020,cate10,17,6,0.199219,0.394531,0.074219,0.226562
cate10-00020,cate10,18,7,0.152344,0.306641,0.082031,0.136719
cate10-00020,cate10,21,8,0.524414,0.381836,0.044922,0.255859
cate10-00020,cate10,22,9,0.561523,0.396484,0.044922,0.238281
cate10-00020,cate10,23,10,0.597656,0.377930,0.042969,0.275391
cate10-00020,cate10,24,11,0.639648,0.389648,0.056641,0.255859
cate10-00020,cate10,25,12,0.682617,0.397461,0.041016,0.232422
cate10-00020,cate10,26,13,0.729492,0.402344,0.068359,0.207031
cate10-00020,cate10,27,14,0.791992,0.378906,0.072266,0.218750
cate10-00020,cate10,28,15,0.839844,0.369141,0.054688,0.179688
cate10-00020,cate10,31,16,0.506836,0.602539,0.033203,0.146484
cate10-00020,cate10,32,17,0.538086,0.610352,0.033203,0.169922
cate10-00020,cate10,33,18,0.577148,0.633789,0.052734,0.208984
cate10-00020,cate10,34,19,0.616211,0.649414,0.056641,0.224609
cate10-00020,cate10,35,20,0.667969,0.655273,0.074219,0.251953
cate10-00020,cate10,36,21,0.726562,0.628906,0.101562,0.234375
cate10-00020,cate10,37,22,0.790039,0.609375,0.099609,0.226562
cate10-00020,cate10,41,24,0.478516,0.608398,0.035156,0.158203
cate10-00020,cate10,42,25,0.452148,0.616211,0.037109,0.181641
cate10-00020,cate10,43,26,0.416016,0.664062,0.039062,0.253906
cate10-00020,cate10,44,27,0.378906,0.647461,0.046875,0.205078
cate10-00020,cate10,45,28,0.336914,0.662109,0.056641,0.246094
cate10-00020,cate10,46,29,0.278320,0.643555,0.083984,0.240234
cate10-00020,cate10,47,30,0.204102,0.630859,0.099609,0.234375
cate10-00024,cate10,11,0,0.492188,0.455078,0.039062,0.253906
cate10-00024,cate10,12,1,0.455078,0.452148,0.035156,0.251953
cate10-00024,cate10,14,3,0.381836,0.471680,0.060547,0.220703
cate10-00024,cate10,17,6,0.264648,0.501953,0.064453,0.218750
cate10-00024,cate10,18,7,0.214844,0.488281,0.046875,0.105469
cate10-00024,cate10,21,8,0.528320,0.456055,0.037109,0.224609
cate10-00024,cate10,22,9,0.560547,0.450195,0.031250,0.224609
cate10-00024,cate10,23,10,0.595703,0.434570,0.039062,0.263672
cate10-00024,cate10,24,11,0.628906,0.460938,0.046875,0.242188
cate10-00024,cate10,28,15,0.800781,0.477539,0.050781,0.197266
cate10-00024,cate10,31,16,0.506836,0.702148,0.025391,0.197266
cate10-00024,cate10,32,17,0.532227,0.701172,0.037109,0.214844
cate10-00024,cate10,33,18,0.559570,0.688477,0.044922,0.201172
cate10-00024,cate10,34,19,0.593750,0.707031,0.039062,0.238281
cate10-00024,cate10,41,24,0.484375,0.699219,0.035156,0.199219
cate10-00024,cate10,42,25,0.447266,0.702148,0.039062,0.224609
cate10-00024,cate10,43,26,0.413086,0.699219,0.044922,0.210938
cate10-00027,cate10,11,0,0.486328,0.439453,0.042969,0.230469
cate10-00027,cate10,12,1,0.448242,0.431641,0.037109,0.226562
cate10-00027,cate10,13,2,0.410156,0.433594,0.042969,0.230469
cate10-00027,cate10,14,3,0.377930,0.433594,0.056641,0.226562
cate10-00027,cate10,15,4,0.338867,0.443359,0.048828,0.183594
cate10-00027,cate10,16,5,0.293945,0.435547,0.068359,0.214844
cate10-00027,cate10,17,6,0.226562,0.427734,0.066406,0.195312
cate10-00027,cate10,18,7,0.171875,0.403320,0.070312,0.158203
cate10-00027,cate10,21,8,0.530273,0.426758,0.048828,0.259766
cate10-00027,cate10,22,9,0.568359,0.425781,0.039062,0.226562
cate10-00027,cate10,23,10,0.600586,0.418945,0.044922,0.244141
cate10-00027,cate10,24,11,0.631836,0.427734,0.048828,0.214844
cate10-00027,cate10,25,12,0.668945,0.432617,0.037109,0.193359
cate10-00027,cate10,26,13,0.716797,0.426758,0.066406,0.205078
cate10-00027,cate10,27,14,0.775391,0.416016,0.058594,0.195312
cate10-00027,cate10,28,15,0.822266,0.387695,0.058594,0.173828
cate10-00027,cate10,31,16,0.523438,0.649414,0.039062,0.162109
cate10-00027,cate10,32,17,0.549805,0.657227,0.033203,0.177734
cate10-00027,cate10,33,18,0.589844,0.666992,0.050781,0.212891
cate10-00027,cate10,34,19,0.619141,0.647461,0.050781,0.197266
cate10-00027,cate10,35,20,0.650391,0.632812,0.054688,0.195312
cate10-00027,cate10,37,22,0.761719,0.608398,0.070312,0.197266
cate10-00027,cate10,38,23,0.820312,0.571289,0.082031,0.173828
cate10-00027,cate10,41,24,0.495117,0.653320,0.037109,0.162109
cate10-00027,cate10,42,25,0.470703,0.644531,0.035156,0.156250
cate10-00027,cate10,43,26,0.444336,0.641602,0.044922,0.177734
cate10-00027,cate10,44,27,0.410156,0.654297,0.050781,0.203125
cate10-00027,cate10,45,28,0.366211,0.634766,0.060547,0.195312
cate10-00027,cate10,47,30,0.260742,0.624023,0.099609,0.197266
cate10-00027,cate10,48,31,0.188477,0.587891,0.111328,0.187500
cate10-00030,cate10,11,0,0.494141,0.437500,0.042969,0.195312
cate10-00030,cate10,12,1,0.458984,0.437500,0.035156,0.195312
cate10-00030,cate10,13,2,0.421875,0.439453,0.039062,0.218750
cate10-00030,cate10,21,8,0.538086,0.438477,0.048828,0.193359
cate10-00030,cate10,31,16,0.509766,0.638672,0.023438,0.156250
cate10-00030,cate10,32,17,0.539062,0.631836,0.031250,0.150391
cate10-00030,cate10,33,18,0.570312,0.660156,0.046875,0.234375
cate10-00030,cate10,41,24,0.485352,0.640625,0.021484,0.140625
cate10-00030,cate10,42,25,0.463867,0.645508,0.033203,0.166016
cate10-00030,cate10,43,26,0.428711,0.662109,0.048828,0.214844
cate10-00034,cate10,12,1,0.414062,0.265625,0.035156,0.207031
cate10-00034,cate10,13,2,0.378906,0.268555,0.046875,0.208984
cate10-00034,cate10,17,6,0.217773,0.252930,0.064453,0.193359
cate10-00034,cate10,18,7,0.165039,0.255859,0.052734,0.171875
cate10-00034,cate10,21,8,0.511719,0.279297,0.050781,0.218750
cate10-00034,cate10,22,9,0.558594,0.288086,0.042969,0.212891
cate10-00034,cate10,23,10,0.598633,0.279297,0.044922,0.246094
cate10-00034,cate10,24,11,0.665039,0.306641,0.056641,0.207031
cate10-00034,cate10,26,13,0.744141,0.311523,0.066406,0.201172
cate10-00034,cate10,31,16,0.479492,0.520508,0.033203,0.189453
cate10-00034,cate10,32,17,0.505859,0.509766,0.035156,0.195312
cate10-00034,cate10,33,18,0.549805,0.540039,0.044922,0.244141
cate10-00034,cate10,34,19,0.588867,0.532227,0.044922,0.220703
cate10-00034,cate10,35,20,0.635742,0.544922,0.052734,0.210938
cate10-00034,cate10,36,21,0.702148,0.522461,0.080078,0.216797
cate10-00034,cate10,41,24,0.456055,0.500000,0.041016,0.191406
cate10-00034,cate10,42,25,0.422852,0.500977,0.048828,0.216797
cate10-00034,cate10,43,26,0.383789,0.521484,0.068359,0.230469
cate10-00034,cate10,44,27,0.358398,0.500977,0.048828,0.208984
cate10-00034,cate10,45,28,0.318359,0.502930,0.050781,0.208984
cate10-00036,cate10,11,0,0.495117,0.396484,0.048828,0.238281
cate10-00036,cate10,12,1,0.444336,0.388672,0.037109,0.246094
cate10-00036,cate10,13,2,0.398438,0.372070,0.054688,0.259766
cate10-00036,cate10,14,3,0.351562,0.376953,0.046875,0.214844
cate10-00036,cate10,15,4,0.310547,0.402344,0.046875,0.171875
cate10-00036,cate10,16,5,0.255859,0.391602,0.066406,0.193359
cate10-00036,cate10,17,6,0.188477,0.368164,0.068359,0.220703
cate10-00036,cate10,18,7,0.131836,0.365234,0.068359,0.179688
cate10-00036,cate10,21,8,0.540039,0.408203,0.048828,0.218750
cate10-00036,cate10,22,9,0.580078,0.397461,0.039062,0.248047
cate10-00036,cate10,23,10,0.625000,0.377930,0.046875,0.267578
cate10-00036,cate10,24,11,0.667969,0.389648,0.046875,0.201172
cate10-00036,cate10,25,12,0.710938,0.396484,0.035156,0.195312
cate10-00036,cate10,26,13,0.757812,0.396484,0.062500,0.203125
cate10-00036,cate10,27,14,0.814453,0.384766,0.058594,0.199219
cate10-00036,cate10,28,15,0.874023,0.380859,0.064453,0.171875
cate10-00036,cate10,31,16,0.527344,0.605469,0.042969,0.148438
cate10-00036,cate10,32,17,0.559570,0.620117,0.044922,0.169922
cate10-00036,cate10,33,18,0.611328,0.655273,0.035156,0.240234
cate10-00036,cate10,34,19,0.648438,0.663086,0.039062,0.216797
cate10-00036,cate10,35,20,0.686523,0.631836,0.041016,0.177734
cate10-00036,cate10,38,23,0.803711,0.602539,0.087891,0.177734
cate10-00036,cate10,41,24,0.490234,0.611328,0.031250,0.152344
cate10-00036,cate10,42,25,0.457031,0.606445,0.039062,0.162109
cate10-00036,cate10,43,26,0.413086,0.649414,0.037109,0.263672
cate10-00036,cate10,44,27,0.368164,0.647461,0.041016,0.216797
cate10-00036,cate10,45,28,0.329102,0.627930,0.052734,0.181641
cate10-00036,cate10,46,29,0.265625,0.634766,0.093750,0.226562
cate10-00036,cate10,47,30,0.191406,0.602539,0.101562,0.205078
cate10-00041,cate10,11,0,0.505859,0.450195,0.050781,0.251953
cate10-00041,cate10,12,1,0.476562,0.430664,0.042969,0.244141
cate10-00041,cate10,13,2,0.442383,0.435547,0.052734,0.250000
cate10-00041,cate10,14,3,0.410156,0.414062,0.054688,0.238281
cate10-00041,cate10,15,4,0.366211,0.414062,0.056641,0.230469
cate10-00041,cate10,16,5,0.316406,0.408203,0.070312,0.214844
cate10-00041,cate10,17,6,0.270508,0.386719,0.080078,0.183594
cate10-00041,cate10,18,7,0.249023,0.286133,0.076172,0.134766
cate10-00041,cate10,21,8,0.548828,0.446289,0.058594,0.259766
cate10-00041,cate10,22,9,0.584961,0.433594,0.052734,0.238281
cate10-00041,cate10,23,10,0.609375,0.379883,0.042969,0.287109
cate10-00041,cate10,24,11,0.635742,0.413086,0.041016,0.232422
cate10-00041,cate10,25,12,0.666992,0.407227,0.052734,0.232422
cate10-00041,cate10,26,13,0.710938,0.399414,0.074219,0.208984
cate10-00041,cate10,27,14,0.751953,0.376953,0.078125,0.171875
cate10-00041,cate10,28,15,0.775391,0.303711,0.074219,0.134766
cate10-00041,cate10,31,16,0.497070,0.675781,0.033203,0.183594
cate10-00041,cate10,32,17,0.527344,0.679688,0.042969,0.179688
cate10-00041,cate10,33,18,0.561523,0.684570,0.044922,0.248047
cate10-00041,cate10,34,19,0.597656,0.676758,0.054688,0.232422
cate10-00041,cate10,35,20,0.641602,0.668945,0.060547,0.228516
cate10-00041,cate10,37,22,0.737305,0.597656,0.126953,0.191406
cate10-00041,cate10,38,23,0.801758,0.566406,0.099609,0.156250
cate10-00041,cate10,41,24,0.468750,0.679688,0.039062,0.183594
cate10-00041,cate10,42,25,0.451172,0.709961,0.035156,0.158203
cate10-00041,cate10,43,26,0.416016,0.694336,0.082031,0.232422
cate10-00041,cate10,44,27,0.387695,0.683594,0.060547,0.210938
cate10-00041,cate10,45,28,0.345703,0.686523,0.074219,0.224609
cate10-00041,cate10,46,29,0.296875,0.644531,0.109375,0.214844
cate10-00041,cate10,47,30,0.233398,0.599609,0.115234,0.214844
cate10-00041,cate10,48,31,0.175781,0.553711,0.097656,0.158203
cate10-00042,cate10,11,0,0.484375,0.461914,0.042969,0.228516
cate10-00042,cate10,12,1,0.449219,0.453125,0.031250,0.210938
cate10-00042,cate10,13,2,0.416992,0.451172,0.044922,0.230469
cate10-00042,cate10,14,3,0.385742,0.454102,0.060547,0.205078
cate10-00042,cate10,15,4,0.344727,0.439453,0.056641,0.207031
cate10-00042,cate10,16,5,0.289062,0.425781,0.062500,0.187500
cate10-00042,cate10,17,6,0.243164,0.405273,0.072266,0.169922
cate10-00042,cate10,18,7,0.222656,0.309570,0.054688,0.099609
cate10-00042,cate10,21,8,0.530273,0.450195,0.044922,0.240234
cate10-00042,cate10,22,9,0.564453,0.444336,0.035156,0.220703
cate10-00042,cate10,23,10,0.601562,0.437500,0.046875,0.234375
cate10-00042,cate10,24,11,0.635742,0.424805,0.060547,0.212891
cate10-00042,cate10,25,12,0.673828,0.419922,0.054688,0.183594
cate10-00042,cate10,26,13,0.722656,0.399414,0.070312,0.181641
cate10-00042,cate10,27,14,0.769531,0.378906,0.070312,0.171875
cate10-00042,cate10,31,16,0.509766,0.662109,0.035156,0.156250
cate10-00042,cate10,32,17,0.541016,0.668945,0.031250,0.169922
cate10-00042,cate10,33,18,0.573242,0.669922,0.041016,0.207031
cate10-00042,cate10,34,19,0.614258,0.653320,0.052734,0.205078
cate10-00042,cate10,35,20,0.656250,0.643555,0.066406,0.205078
cate10-00042,cate10,36,21,0.715820,0.611328,0.103516,0.214844
cate10-00042,cate10,37,22,0.769531,0.564453,0.097656,0.191406
cate10-00042,cate10,38,23,0.812500,0.526367,0.062500,0.115234
cate10-00042,cate10,41,24,0.485352,0.671875,0.033203,0.160156
cate10-00042,cate10,42,25,0.458984,0.674805,0.031250,0.166016
cate10-00042,cate10,43,26,0.421875,0.671875,0.039062,0.199219
cate10-00042,cate10,44,27,0.388672,0.665039,0.050781,0.197266
cate10-00042,cate10,45,28,0.341797,0.666992,0.074219,0.212891
cate10-00042,cate10,46,29,0.285156,0.642578,0.101562,0.222656
cate10-00042,cate10,47,30,0.225586,0.593750,0.103516,0.207031
cate10-00042,cate10,48,31,0.171875,0.550781,0.070312,0.117188
cate10-00048,cate10,31,16,0.503906,0.627930,0.035156,0.181641
cate10-00048,cate10,32,17,0.533203,0.621094,0.039062,0.183594
cate10-00048,cate10,33,18,0.565430,0.664062,0.044922,0.230469
cate10-00048,cate10,41,24,0.472656,0.626953,0.035156,0.183594
cate10-00048,cate10,42,25,0.448242,0.620117,0.056641,0.185547
cate10-00048,cate10,43,26,0.411133,0.630859,0.056641,0.167969
cate10-00049,cate10,11,0,0.485352,0.435547,0.048828,0.187500
cate10-00049,cate10,12,1,0.449219,0.435547,0.035156,0.187500
cate10-00049,cate10,13,2,0.408203,0.416016,0.042969,0.250000
cate10-00049,cate10,15,4,0.346680,0.448242,0.048828,0.173828
cate10-00049,cate10,18,7,0.209961,0.427734,0.076172,0.187500
cate10-00049,cate10,21,8,0.521484,0.424805,0.039062,0.197266
cate10-00049,cate10,22,9,0.557617,0.421875,0.037109,0.191406
cate10-00049,cate10,23,10,0.596680,0.413086,0.041016,0.220703
cate10-00049,cate10,25,12,0.666016,0.427734,0.046875,0.179688
cate10-00049,cate10,27,14,0.735352,0.434570,0.080078,0.185547
cate10-00049,cate10,28,15,0.789062,0.434570,0.058594,0.201172
cate10-00049,cate10,31,16,0.513672,0.630859,0.031250,0.156250
cate10-00049,cate10,32,17,0.542969,0.630859,0.031250,0.160156
cate10-00049,cate10,33,18,0.577148,0.648438,0.037109,0.210938
cate10-00049,cate10,34,19,0.620117,0.623047,0.037109,0.179688
cate10-00049,cate10,35,20,0.656250,0.636719,0.042969,0.183594
cate10-00049,cate10,41,24,0.488281,0.628906,0.027344,0.160156
cate10-00049,cate10,42,25,0.463867,0.628906,0.029297,0.160156
cate10-00049,cate10,43,26,0.431641,0.644531,0.039062,0.191406
cate10-00049,cate10,44,27,0.396484,0.638672,0.039062,0.187500
cate10-00049,cate10,45,28,0.360352,0.639648,0.041016,0.185547
cate10-00049,cate10,46,29,0.308594,0.634766,0.078125,0.199219
cate10-00054,cate10,15,4,0.366211,0.461914,0.037109,0.189453
cate10-00054,cate10,17,6,0.309570,0.499023,0.099609,0.189453
cate10-00054,cate10,18,7,0.240234,0.521484,0.074219,0.171875
cate10-00054,cate10,27,14,0.696289,0.460938,0.064453,0.191406
cate10-00054,cate10,28,15,0.742188,0.500977,0.054688,0.146484
cate10-00054,cate10,31,16,0.501953,0.629883,0.031250,0.185547
cate10-00054,cate10,32,17,0.527344,0.636719,0.027344,0.203125
cate10-00054,cate10,33,18,0.557617,0.661133,0.033203,0.248047
cate10-00054,cate10,34,19,0.593750,0.667969,0.042969,0.230469
cate10-00054,cate10,35,20,0.630859,0.670898,0.054688,0.228516
cate10-00054,cate10,36,21,0.689453,0.664062,0.062500,0.222656
cate10-00054,cate10,41,24,0.479492,0.635742,0.041016,0.181641
cate10-00054,cate10,42,25,0.452148,0.647461,0.033203,0.197266
cate10-00054,cate10,43,26,0.425781,0.665039,0.042969,0.236328
cate10-00054,cate10,44,27,0.386719,0.679688,0.039062,0.230469
cate10-00054,cate10,45,28,0.351562,0.697266,0.042969,0.234375
cate10-00056,cate10,31,16,0.523438,0.650391,0.035156,0.234375
cate10-00056,cate10,32,17,0.554688,0.654297,0.046875,0.234375
cate10-00056,cate10,33,18,0.594727,0.688477,0.056641,0.244141
cate10-00056,cate10,41,24,0.496094,0.635742,0.039062,0.212891
cate10-00056,cate10,42,25,0.462891,0.632812,0.054688,0.203125
cate10-00056,cate10,43,26,0.418945,0.686523,0.052734,0.267578
cate10-00060,cate10,11,0,0.475586,0.497070,0.052734,0.244141
cate10-00060,cate10,12,1,0.434570,0.491211,0.041016,0.208984
cate10-00060,cate10,13,2,0.421875,0.332031,0.066406,0.171875
cate10-00060,cate10,14,3,0.375000,0.433594,0.035156,0.140625
cate10-00060,cate10,15,4,0.335938,0.439453,0.050781,0.148438
cate10-00060,cate10,17,6,0.285156,0.423828,0.082031,0.195312
cate10-00060,cate10,18,7,0.258789,0.326172,0.080078,0.140625
cate10-00060,cate10,21,8,0.537109,0.498047,0.050781,0.253906
cate10-00060,cate10,22,9,0.574219,0.491211,0.066406,0.185547
cate10-00060,cate10,23,10,0.589844,0.340820,0.054688,0.181641
cate10-00060,cate10,24,11,0.632812,0.462891,0.054688,0.117188
cate10-00060,cate10,25,12,0.656250,0.371094,0.070312,0.109375
cate10-00060,cate10,27,14,0.723633,0.390625,0.072266,0.191406
cate10-00060,cate10,28,15,0.755859,0.312500,0.085938,0.144531
cate10-00060,cate10,31,16,0.527344,0.741211,0.027344,0.123047
cate10-00060,cate10,32,17,0.559570,0.734375,0.033203,0.128906
cate10-00060,cate10,33,18,0.600586,0.774414,0.064453,0.162109
cate10-00060,cate10,34,19,0.640625,0.736328,0.054688,0.132812
cate10-00060,cate10,35,20,0.688477,0.712891,0.060547,0.144531
cate10-00060,cate10,37,22,0.726562,0.621094,0.101562,0.191406
cate10-00060,cate10,38,23,0.797852,0.590820,0.068359,0.146484
cate10-00060,cate10,41,24,0.501953,0.738281,0.023438,0.117188
cate10-00060,cate10,42,25,0.474609,0.734375,0.031250,0.125000
cate10-00060,cate10,43,26,0.430664,0.798828,0.076172,0.164062
cate10-00060,cate10,44,27,0.387695,0.758789,0.048828,0.142578
cate10-00060,cate10,45,28,0.330078,0.746094,0.050781,0.128906
cate10-00060,cate10,47,30,0.288086,0.652344,0.115234,0.203125
cate10-00060,cate10,48,31,0.212891,0.624023,0.089844,0.146484
cate10-00063,cate10,11,0,0.466797,0.435547,0.050781,0.250000
cate10-00063,cate10,13,2,0.419922,0.417969,0.066406,0.226562
cate10-00063,cate10,14,3,0.370117,0.424805,0.048828,0.197266
cate10-00063,cate10,15,4,0.330078,0.408203,0.042969,0.203125
cate10-00063,cate10,16,5,0.280273,0.384766,0.060547,0.210938
cate10-00063,cate10,17,6,0.239258,0.325195,0.068359,0.193359
cate10-00063,cate10,21,8,0.515625,0.432617,0.050781,0.255859
cate10-00063,cate10,22,9,0.558594,0.432617,0.035156,0.216797
cate10-00063,cate10,23,10,0.589844,0.404297,0.042969,0.277344
cate10-00063,cate10,24,11,0.634766,0.422852,0.050781,0.224609
cate10-00063,cate10,25,12,0.673828,0.416992,0.039062,0.205078
cate10-00063,cate10,26,13,0.725586,0.404297,0.064453,0.199219
cate10-00063,cate10,27,14,0.771484,0.361328,0.074219,0.203125
cate10-00063,cate10,31,16,0.507812,0.686523,0.031250,0.185547
cate10-00063,cate10,32,17,0.536133,0.678711,0.048828,0.201172
cate10-00063,cate10,33,18,0.568359,0.684570,0.027344,0.228516
cate10-00063,cate10,34,19,0.612305,0.669922,0.041016,0.210938
cate10-00063,cate10,35,20,0.652344,0.667969,0.058594,0.218750
cate10-00063,cate10,36,21,0.704102,0.649414,0.091797,0.220703
cate10-00063,cate10,37,22,0.770508,0.593750,0.099609,0.199219
cate10-00063,cate10,41,24,0.484375,0.687500,0.031250,0.195312
cate10-00063,cate10,42,25,0.455078,0.688477,0.035156,0.212891
cate10-00063,cate10,43,26,0.419922,0.705078,0.046875,0.269531
cate10-00063,cate10,44,27,0.381836,0.658203,0.044922,0.214844
cate10-00063,cate10,45,28,0.344727,0.664062,0.060547,0.226562
cate10-00063,cate10,46,29,0.280273,0.637695,0.107422,0.228516
cate10-00066,cate10,31,16,0.487305,0.605469,0.021484,0.167969
cate10-00066,cate10,32,17,0.505859,0.599609,0.023438,0.167969
cate10-00066,cate10,33,18,0.533203,0.609375,0.031250,0.199219
cate10-00066,cate10,34,19,0.562500,0.621094,0.027344,0.242188
cate10-00066,cate10,35,20,0.588867,0.622070,0.037109,0.236328
cate10-00066,cate10,38,23,0.762695,0.562500,0.115234,0.179688
cate10-00066,cate10,48,31,0.242188,0.575195,0.121094,0.150391
cate10-00070,cate10,11,0,0.513672,0.444336,0.042969,0.224609
cate10-00070,cate10,12,1,0.466797,0.442383,0.042969,0.228516
cate10-00070,cate10,13,2,0.429688,0.436523,0.031250,0.201172
cate10-00070,cate10,14,3,0.394531,0.443359,0.050781,0.222656
cate10-00070,cate10,15,4,0.357422,0.448242,0.046875,0.189453
cate10-00070,cate10,17,6,0.308594,0.448242,0.054688,0.177734
cate10-00070,cate10,18,7,0.258789,0.442383,0.056641,0.166016
cate10-00070,cate10,21,8,0.545898,0.431641,0.033203,0.191406
cate10-00070,cate10,23,10,0.586914,0.431641,0.037109,0.214844
cate10-00070,cate10,24,11,0.627930,0.455078,0.052734,0.152344
cate10-00070,cate10,25,12,0.666992,0.450195,0.037109,0.185547
cate10-00070,cate10,27,14,0.714844,0.455078,0.058594,0.171875
cate10-00070,cate10,28,15,0.767578,0.427734,0.058594,0.175781
cate10-00070,cate10,31,16,0.523438,0.659180,0.027344,0.158203
cate10-00070,cate10,32,17,0.551758,0.655273,0.029297,0.158203
cate10-00070,cate10,33,18,0.586914,0.667969,0.041016,0.203125
cate10-00070,cate10,35,20,0.629883,0.668945,0.048828,0.166016
cate10-00070,cate10,36,21,0.673828,0.651367,0.058594,0.134766
cate10-00070,cate10,37,22,0.734375,0.670898,0.082031,0.216797
cate10-00070,cate10,38,23,0.795898,0.625000,0.087891,0.199219
cate10-00070,cate10,41,24,0.489258,0.654297,0.033203,0.148438
cate10-00070,cate10,42,25,0.456055,0.661133,0.041016,0.158203
cate10-00070,cate10,43,26,0.428711,0.655273,0.052734,0.193359
cate10-00070,cate10,45,28,0.379883,0.666016,0.052734,0.179688
cate10-00070,cate10,46,29,0.319336,0.662109,0.091797,0.179688
cate10-00070,cate10,47,30,0.267578,0.659180,0.085938,0.208984
cate10-00070,cate10,48,31,0.200195,0.613281,0.087891,0.191406
cate10-00072,cate10,11,0,0.477539,0.471680,0.037109,0.208984
cate10-00072,cate10,12,1,0.441406,0.464844,0.031250,0.210938
cate10-00072,cate10,13,2,0.409180,0.463867,0.037109,0.205078
cate10-00072,cate10,14,3,0.375977,0.455078,0.037109,0.203125
cate10-00072,cate10,16,5,0.333984,0.460938,0.054688,0.171875
cate10-00072,cate10,17,6,0.286133,0.440430,0.048828,0.181641
cate10-00072,cate10,18,7,0.242188,0.409180,0.046875,0.177734
cate10-00072,cate10,21,8,0.519531,0.466797,0.042969,0.218750
cate10-00072,cate10,22,9,0.555664,0.462891,0.041016,0.207031
cate10-00072,cate10,23,10,0.587891,0.450195,0.042969,0.197266
cate10-00072,cate10,24,11,0.626953,0.454102,0.042969,0.193359
cate10-00072,cate10,26,13,0.668945,0.427734,0.060547,0.210938
cate10-00072,cate10,27,14,0.719727,0.418945,0.048828,0.189453
cate10-00072,cate10,28,15,0.766602,0.391602,0.052734,0.181641
cate10-00072,cate10,31,16,0.522461,0.677734,0.033203,0.128906
cate10-00072,cate10,32,17,0.547852,0.684570,0.033203,0.138672
cate10-00072,cate10,33,18,0.582031,0.685547,0.050781,0.160156
cate10-00072,cate10,34,19,0.611328,0.666992,0.058594,0.185547
cate10-00072,cate10,35,20,0.648438,0.659180,0.058594,0.177734
cate10-00072,cate10,36,21,0.695312,0.642578,0.082031,0.195312
cate10-00072,cate10,37,22,0.749023,0.609375,0.080078,0.179688
cate10-00072,cate10,38,23,0.798828,0.549805,0.089844,0.154297
cate10-00072,cate10,41,24,0.495117,0.676758,0.025391,0.123047
cate10-00072,cate10,42,25,0.469727,0.679688,0.025391,0.121094
cate10-00072,cate10,43,26,0.442383,0.681641,0.033203,0.140625
cate10-00072,cate10,44,27,0.409180,0.678711,0.037109,0.181641
cate10-00072,cate10,45,28,0.369141,0.681641,0.050781,0.203125
cate10-00072,cate10,46,29,0.321289,0.654297,0.103516,0.207031
cate10-00072,cate10,47,30,0.262695,0.625000,0.083984,0.179688
cate10-00072,cate10,48,31,0.208984,0.576172,0.078125,0.167969
cate10-00077,cate10,11,0,0.489258,0.523438,0.048828,0.187500
cate10-00077,cate10,12,1,0.450195,0.506836,0.029297,0.185547
cate10-00077,cate10,13,2,0.407227,0.518555,0.048828,0.193359
cate10-00077,cate10,14,3,0.365234,0.526367,0.042969,0.189453
cate10-00077,cate10,15,4,0.324219,0.522461,0.050781,0.142578
cate10-00077,cate10,17,6,0.269531,0.522461,0.062500,0.189453
cate10-00077,cate10,18,7,0.232422,0.467773,0.078125,0.119141
cate10-00077,cate10,21,8,0.531250,0.523438,0.050781,0.183594
cate10-00077,cate10,22,9,0.569336,0.519531,0.029297,0.167969
cate10-00077,cate10,23,10,0.609375,0.518555,0.042969,0.205078
cate10-00077,cate10,24,11,0.646484,0.523438,0.042969,0.191406
cate10-00077,cate10,25,12,0.681641,0.531250,0.042969,0.167969
cate10-00077,cate10,27,14,0.726562,0.503906,0.058594,0.191406
cate10-00077,cate10,28,15,0.761719,0.426758,0.062500,0.119141
cate10-00077,cate10,31,16,0.518555,0.739258,0.021484,0.181641
cate10-00077,cate10,32,17,0.547852,0.725586,0.037109,0.169922
cate10-00077,cate10,33,18,0.586914,0.753906,0.037109,0.226562
cate10-00077,cate10,34,19,0.629883,0.730469,0.037109,0.171875
cate10-00077,cate10,35,20,0.669922,0.703125,0.050781,0.144531
cate10-00077,cate10,36,21,0.727539,0.708008,0.083984,0.201172
cate10-00077,cate10,37,22,0.780273,0.654297,0.072266,0.152344
cate10-00077,cate10,41,24,0.487305,0.725586,0.037109,0.158203
cate10-00077,cate10,42,25,0.463867,0.729492,0.025391,0.181641
cate10-00077,cate10,43,26,0.423828,0.746094,0.039062,0.210938
cate10-00077,cate10,44,27,0.385742,0.734375,0.041016,0.171875
cate10-00077,cate10,45,28,0.339844,0.728516,0.050781,0.179688
cate10-00077,cate10,46,29,0.273438,0.736328,0.089844,0.203125
cate10-00077,cate10,47,30,0.209961,0.711914,0.068359,0.154297
cate10-00078,cate10,33,18,0.593750,0.716797,0.039062,0.210938
cate10-00078,cate10,35,20,0.665039,0.699219,0.048828,0.218750
cate10-00084,cate10,11,0,0.490234,0.428711,0.046875,0.275391
cate10-00084,cate10,12,1,0.454102,0.439453,0.052734,0.230469
cate10-00084,cate10,13,2,0.420898,0.413086,0.056641,0.267578
cate10-00084,cate10,14,3,0.377930,0.410156,0.064453,0.253906
cate10-00084,cate10,15,4,0.333008,0.406250,0.068359,0.246094
cate10-00084,cate10,16,5,0.277344,0.404297,0.078125,0.214844
cate10-00084,cate10,17,6,0.218750,0.381836,0.066406,0.216797
cate10-00084,cate10,18,7,0.196289,0.305664,0.068359,0.123047
cate10-00084,cate10,21,8,0.531250,0.419922,0.050781,0.285156
cate10-00084,cate10,22,9,0.569336,0.430664,0.044922,0.228516
cate10-00084,cate10,23,10,0.604492,0.402344,0.052734,0.250000
cate10-00084,cate10,24,11,0.640625,0.428711,0.062500,0.212891
cate10-00084,cate10,25,12,0.682617,0.404297,0.048828,0.246094
cate10-00084,cate10,26,13,0.731445,0.397461,0.068359,0.224609
cate10-00084,cate10,27,14,0.788086,0.394531,0.064453,0.183594
cate10-00084,cate10,28,15,0.808594,0.301758,0.054688,0.103516
cate10-00084,cate10,31,16,0.523438,0.667969,0.023438,0.171875
cate10-00084,cate10,32,17,0.547852,0.668945,0.037109,0.181641
cate10-00084,cate10,33,18,0.583008,0.661133,0.044922,0.205078
cate10-00084,cate10,34,19,0.623047,0.642578,0.050781,0.195312
cate10-00084,cate10,35,20,0.678711,0.657227,0.068359,0.240234
cate10-00084,cate10,36,21,0.730469,0.645508,0.082031,0.251953
cate10-00084,cate10,37,22,0.798828,0.589844,0.089844,0.207031
cate10-00084,cate10,41,24,0.500977,0.666016,0.033203,0.167969
cate10-00084,cate10,42,25,0.470703,0.659180,0.039062,0.169922
cate10-00084,cate10,43,26,0.439453,0.654297,0.050781,0.183594
cate10-00084,cate10,44,27,0.403320,0.669922,0.052734,0.238281
cate10-00084,cate10,45,28,0.341797,0.650391,0.085938,0.222656
cate10-00084,cate10,46,29,0.279297,0.634766,0.097656,0.238281
cate10-00084,cate10,47,30,0.211914,0.586914,0.087891,0.201172
cate10-00085,cate10,31,16,0.531250,0.625000,0.031250,0.238281
cate10-00085,cate10,32,17,0.561523,0.628906,0.037109,0.226562
cate10-00085,cate10,33,18,0.592773,0.670898,0.041016,0.291016
cate10-00085,cate10,34,19,0.634766,0.671875,0.054688,0.281250
cate10-00085,cate10,41,24,0.507812,0.625000,0.031250,0.261719
cate10-00085,cate10,42,25,0.478516,0.605469,0.039062,0.218750
cate10-00085,cate10,43,26,0.445312,0.645508,0.042969,0.271484
cate10-00085,cate10,44,27,0.401367,0.649414,0.048828,0.255859
cate10-00090,cate10,11,0,0.472656,0.382812,0.042969,0.257812
cate10-00090,cate10,12,1,0.436523,0.391602,0.037109,0.228516
cate10-00090,cate10,13,2,0.397461,0.393555,0.048828,0.244141
cate10-00090,cate10,14,3,0.356445,0.396484,0.037109,0.226562
cate10-00090,cate10,15,4,0.318359,0.390625,0.042969,0.230469
cate10-00090,cate10,16,5,0.266602,0.439453,0.064453,0.152344
cate10-00090,cate10,17,6,0.211914,0.399414,0.064453,0.197266
cate10-00090,cate10,18,7,0.160156,0.362305,0.062500,0.197266
cate10-00090,cate10,21,8,0.519531,0.382812,0.050781,0.242188
cate10-00090,cate10,22,9,0.565430,0.388672,0.041016,0.234375
cate10-00090,cate10,23,10,0.600586,0.398438,0.048828,0.242188
cate10-00090,cate10,24,11,0.638672,0.419922,0.042969,0.218750
cate10-00090,cate10,25,12,0.676758,0.404297,0.041016,0.167969
cate10-00090,cate10,26,13,0.721680,0.420898,0.052734,0.173828
cate10-00090,cate10,27,14,0.771484,0.415039,0.070312,0.240234
cate10-00090,cate10,28,15,0.828125,0.426758,0.054688,0.166016
cate10-00090,cate10,31,16,0.523438,0.625977,0.031250,0.150391
cate10-00090,cate10,32,17,0.555664,0.619141,0.037109,0.144531
cate10-00090,cate10,33,18,0.597656,0.631836,0.039062,0.189453
cate10-00090,cate10,34,19,0.653320,0.640625,0.044922,0.210938
cate10-00090,cate10,35,20,0.694336,0.633789,0.044922,0.220703
cate10-00090,cate10,37,22,0.826172,0.603516,0.105469,0.179688
cate10-00090,cate10,41,24,0.489258,0.616211,0.033203,0.138672
cate10-00090,cate10,42,25,0.457031,0.615234,0.031250,0.152344
cate10-00090,cate10,43,26,0.416016,0.620117,0.035156,0.197266
cate10-00090,cate10,44,27,0.376953,0.620117,0.046875,0.201172
cate10-00090,cate10,45,28,0.333008,0.613281,0.044922,0.187500
cate10-00090,cate10,47,30,0.141602,0.568359,0.123047,0.195312
cate10-00092,cate10,11,0,0.499023,0.445312,0.037109,0.222656
cate10-00092,cate10,12,1,0.470703,0.438477,0.027344,0.193359
cate10-00092,cate10,13,2,0.444336,0.420898,0.048828,0.236328
cate10-00092,cate10,14,3,0.409180,0.412109,0.052734,0.226562
cate10-00092,cate10,15,4,0.375000,0.408203,0.050781,0.210938
cate10-00092,cate10,16,5,0.331055,0.413086,0.064453,0.177734
cate10-00092,cate10,17,6,0.280273,0.372070,0.060547,0.193359
cate10-00092,cate10,21,8,0.531250,0.450195,0.035156,0.216797
cate10-00092,cate10,22,9,0.561523,0.462891,0.037109,0.175781
cate10-00092,cate10,23,10,0.591797,0.432617,0.039062,0.248047
cate10-00092,cate10,24,11,0.625000,0.430664,0.046875,0.224609
cate10-00092,cate10,25,12,0.652344,0.417969,0.035156,0.207031
cate10-00092,cate10,26,13,0.694336,0.417969,0.064453,0.191406
cate10-00092,cate10,27,14,0.742188,0.381836,0.054688,0.205078
cate10-00092,cate10,31,16,0.523438,0.645508,0.019531,0.142578
cate10-00092,cate10,32,17,0.545898,0.644531,0.033203,0.148438
cate10-00092,cate10,33,18,0.572266,0.653320,0.039062,0.162109
cate10-00092,cate10,34,19,0.606445,0.636719,0.044922,0.179688
cate10-00092,cate10,35,20,0.642578,0.633789,0.054688,0.158203
cate10-00092,cate10,36,21,0.693359,0.625977,0.089844,0.193359
cate10-00092,cate10,37,22,0.748047,0.586914,0.097656,0.185547
cate10-00092,cate10,38,23,0.790039,0.518555,0.083984,0.142578
cate10-00092,cate10,41,24,0.503906,0.650391,0.035156,0.156250
cate10-00092,cate10,42,25,0.477539,0.661133,0.029297,0.177734
cate10-00092,cate10,43,26,0.453125,0.655273,0.035156,0.185547
cate10-00092,cate10,44,27,0.416992,0.647461,0.048828,0.193359
cate10-00092,cate10,45,28,0.375000,0.654297,0.082031,0.226562
cate10-00092,cate10,46,29,0.334961,0.618164,0.087891,0.208984
cate10-00092,cate10,47,30,0.276367,0.575195,0.099609,0.201172
cate10-00092,cate10,48,31,0.229492,0.523438,0.068359,0.156250
cate10-00096,cate10,11,0,0.503906,0.393555,0.035156,0.259766
cate10-00096,cate10,12,1,0.475586,0.371094,0.044922,0.253906
cate10-00096,cate10,13,2,0.443359,0.364258,0.054688,0.255859
cate10-00096,cate10,14,3,0.417969,0.368164,0.050781,0.232422
cate10-00096,cate10,15,4,0.383789,0.359375,0.060547,0.250000
cate10-00096,cate10,16,5,0.326172,0.374023,0.066406,0.216797
cate10-00096,cate10,17,6,0.264648,0.357422,0.060547,0.238281
cate10-00096,cate10,18,7,0.233398,0.254883,0.076172,0.115234
cate10-00096,cate10,21,8,0.541992,0.396484,0.048828,0.257812
cate10-00096,cate10,22,9,0.577148,0.392578,0.037109,0.246094
cate10-00096,cate10,23,10,0.612305,0.375977,0.044922,0.275391
cate10-00096,cate10,24,11,0.639648,0.388672,0.048828,0.242188
cate10-00096,cate10,25,12,0.679688,0.387695,0.046875,0.236328
cate10-00096,cate10,26,13,0.725586,0.383789,0.056641,0.224609
cate10-00096,cate10,27,14,0.780273,0.379883,0.056641,0.216797
cate10-00096,cate10,28,15,0.795898,0.276367,0.076172,0.107422
cate10-00096,cate10,31,16,0.531250,0.645508,0.031250,0.220703
cate10-00096,cate10,32,17,0.557617,0.652344,0.033203,0.210938
cate10-00096,cate10,33,18,0.585938,0.677734,0.035156,0.273438
cate10-00096,cate10,34,19,0.618164,0.678711,0.044922,0.251953
cate10-00096,cate10,35,20,0.658203,0.675781,0.046875,0.222656
cate10-00096,cate10,36,21,0.721680,0.662109,0.091797,0.242188
cate10-00096,cate10,37,22,0.782227,0.620117,0.099609,0.208984
cate10-00096,cate10,41,24,0.505859,0.641602,0.035156,0.208984
cate10-00096,cate10,42,25,0.482422,0.640625,0.050781,0.214844
cate10-00096,cate10,43,26,0.455078,0.647461,0.042969,0.267578
cate10-00096,cate10,44,27,0.422852,0.650391,0.052734,0.246094
cate10-00096,cate10,45,28,0.390625,0.643555,0.058594,0.224609
cate10-00096,cate10,46,29,0.318359,0.645508,0.121094,0.240234
cate10-00096,cate10,47,30,0.247070,0.599609,0.115234,0.214844
cate10-00096,cate10,48,31,0.187500,0.579102,0.074219,0.142578
cate10-00099,cate10,41,24,0.443359,0.620117,0.050781,0.142578
cate10-00099,cate10,42,25,0.405273,0.620117,0.048828,0.150391
cate10-00099,cate10,43,26,0.369141,0.627930,0.050781,0.166016
cate10-00102,cate10,11,0,0.488281,0.407227,0.046875,0.220703
cate10-00102,cate10,12,1,0.446289,0.422852,0.041016,0.197266
cate10-00102,cate10,13,2,0.408203,0.404297,0.039062,0.246094
cate10-00102,cate10,14,3,0.366211,0.412109,0.052734,0.195312
cate10-00102,cate10,15,4,0.318359,0.406250,0.042969,0.195312
cate10-00102,cate10,22,9,0.565430,0.421875,0.041016,0.183594
cate10-00102,cate10,23,10,0.602539,0.395508,0.044922,0.251953
cate10-00102,cate10,24,11,0.639648,0.420898,0.044922,0.208984
cate10-00102,cate10,28,15,0.805664,0.343750,0.080078,0.152344
cate10-00102,cate10,31,16,0.525391,0.625977,0.027344,0.173828
cate10-00102,cate10,33,18,0.576172,0.647461,0.042969,0.236328
cate10-00102,cate10,35,20,0.644531,0.641602,0.050781,0.216797
cate10-00102,cate10,38,23,0.764648,0.602539,0.087891,0.201172
cate10-00102,cate10,41,24,0.500000,0.622070,0.023438,0.169922
cate10-00102,cate10,43,26,0.425781,0.645508,0.054688,0.208984
cate10-00102,cate10,44,27,0.390625,0.642578,0.050781,0.203125
cate10-00102,cate10,45,28,0.357422,0.637695,0.042969,0.205078
cate10-00102,cate10,48,31,0.238281,0.591797,0.101562,0.199219
cate10-00106,cate10,11,0,0.487305,0.493164,0.052734,0.263672
cate10-00106,cate10,12,1,0.444336,0.493164,0.037109,0.240234
cate10-00106,cate10,13,2,0.404297,0.475586,0.046875,0.271484
cate10-00106,cate10,14,3,0.358398,0.468750,0.056641,0.250000
cate10-00106,cate10,15,4,0.324219,0.468750,0.062500,0.222656
cate10-00106,cate10,16,5,0.271484,0.456055,0.066406,0.216797
cate10-00106,cate10,17,6,0.212891,0.438477,0.062500,0.162109
cate10-00106,cate10,21,8,0.541992,0.496094,0.048828,0.257812
cate10-00106,cate10,22,9,0.583008,0.492188,0.033203,0.238281
cate10-00106,cate10,23,10,0.625000,0.487305,0.042969,0.240234
cate10-00106,cate10,24,11,0.659180,0.473633,0.052734,0.220703
cate10-00106,cate10,25,12,0.695312,0.453125,0.054688,0.234375
cate10-00106,cate10,26,13,0.745117,0.444336,0.068359,0.212891
cate10-00106,cate10,27,14,0.796875,0.416016,0.066406,0.179688
cate10-00106,cate10,28,15,0.813477,0.322266,0.060547,0.082031
cate10-00106,cate10,31,16,0.536133,0.723633,0.041016,0.134766
cate10-00106,cate10,32,17,0.559570,0.707031,0.041016,0.144531
cate10-00106,cate10,33,18,0.600586,0.730469,0.048828,0.218750
cate10-00106,cate10,34,19,0.634766,0.730469,0.046875,0.222656
cate10-00106,cate10,35,20,0.685547,0.710938,0.070312,0.207031
cate10-00106,cate10,36,21,0.731445,0.680664,0.091797,0.232422
cate10-00106,cate10,37,22,0.796875,0.625000,0.097656,0.203125
cate10-00106,cate10,38,23,0.848633,0.590820,0.072266,0.111328
cate10-00106,cate10,41,24,0.503906,0.728516,0.027344,0.132812
cate10-00106,cate10,42,25,0.471680,0.696289,0.041016,0.123047
cate10-00106,cate10,43,26,0.435547,0.718750,0.046875,0.175781
cate10-00106,cate10,44,27,0.386719,0.735352,0.062500,0.220703
cate10-00106,cate10,45,28,0.345703,0.718750,0.066406,0.226562
cate10-00106,cate10,46,29,0.289062,0.694336,0.097656,0.248047
cate10-00106,cate10,47,30,0.210938,0.637695,0.117188,0.205078
cate10-00106,cate10,48,31,0.151367,0.606445,0.068359,0.119141
cate10-00108,cate10,11,0,0.506836,0.387695,0.052734,0.294922
cate10-00108,cate10,12,1,0.467773,0.390625,0.052734,0.257812
cate10-00108,cate10,13,2,0.422852,0.394531,0.060547,0.265625
cate10-00108,cate10,14,3,0.373047,0.390625,0.054688,0.253906
cate10-00108,cate10,15,4,0.332031,0.396484,0.058594,0.238281
cate10-00108,cate10,16,5,0.277344,0.402344,0.074219,0.226562
cate10-00108,cate10,17,6,0.211914,0.375000,0.076172,0.230469
cate10-00108,cate10,18,7,0.150391,0.366211,0.070312,0.189453
cate10-00108,cate10,21,8,0.556641,0.409180,0.054688,0.267578
cate10-00108,cate10,22,9,0.599609,0.412109,0.042969,0.230469
cate10-00108,cate10,23,10,0.639648,0.416992,0.044922,0.232422
cate10-00108,cate10,24,11,0.679688,0.416016,0.050781,0.214844
cate10-00108,cate10,25,12,0.715820,0.418945,0.048828,0.220703
cate10-00108,cate10,26,13,0.762695,0.430664,0.068359,0.205078
cate10-00108,cate10,27,14,0.822266,0.422852,0.058594,0.189453
cate10-00108,cate10,28,15,0.865234,0.358398,0.062500,0.158203
cate10-00108,cate10,31,16,0.540039,0.637695,0.037109,0.181641
cate10-00108,cate10,32,17,0.572266,0.650391,0.039062,0.191406
cate10-00108,cate10,33,18,0.609375,0.676758,0.054688,0.236328
cate10-00108,cate10,34,19,0.651367,0.675781,0.044922,0.199219
cate10-00108,cate10,35,20,0.689453,0.686523,0.058594,0.201172
cate10-00108,cate10,37,22,0.798828,0.646484,0.105469,0.164062
cate10-00108,cate10,38,23,0.848633,0.579102,0.087891,0.138672
cate10-00108,cate10,41,24,0.503906,0.628906,0.035156,0.167969
cate10-00108,cate10,42,25,0.472656,0.642578,0.042969,0.179688
cate10-00108,cate10,43,26,0.428711,0.660156,0.052734,0.226562
cate10-00108,cate10,44,27,0.381836,0.666016,0.048828,0.195312
cate10-00108,cate10,45,28,0.335938,0.674805,0.066406,0.224609
cate10-00108,cate10,47,30,0.206055,0.635742,0.111328,0.212891
cate10-00108,cate10,48,31,0.141602,0.573242,0.095703,0.146484
cate10-00113,cate10,27,14,0.685547,0.500000,0.062500,0.222656
cate10-00113,cate10,28,15,0.742188,0.510742,0.062500,0.197266
cate10-00113,cate10,33,18,0.521484,0.641602,0.085938,0.240234
cate10-00113,cate10,45,28,0.352539,0.646484,0.056641,0.207031
cate10-00113,cate10,47,30,0.270508,0.613281,0.126953,0.187500
cate10-00114,cate10,11,0,0.496094,0.406250,0.046875,0.246094
cate10-00114,cate10,12,1,0.459961,0.402344,0.041016,0.250000
cate10-00114,cate10,13,2,0.424805,0.389648,0.044922,0.248047
cate10-00114,cate10,14,3,0.389648,0.398438,0.048828,0.234375
cate10-00114,cate10,15,4,0.353516,0.377930,0.050781,0.240234
cate10-00114,cate10,17,6,0.276367,0.372070,0.064453,0.201172
cate10-00114,cate10,18,7,0.221680,0.365234,0.056641,0.207031
cate10-00114,cate10,21,8,0.533203,0.406250,0.042969,0.257812
cate10-00114,cate10,22,9,0.564453,0.391602,0.035156,0.267578
cate10-00114,cate10,23,10,0.607422,0.390625,0.050781,0.285156
cate10-00114,cate10,24,11,0.639648,0.397461,0.041016,0.259766
cate10-00114,cate10,25,12,0.674805,0.407227,0.044922,0.255859
cate10-00114,cate10,26,13,0.705078,0.409180,0.054688,0.240234
cate10-00114,cate10,27,14,0.753906,0.388672,0.050781,0.222656
cate10-00114,cate10,28,15,0.802734,0.384766,0.050781,0.140625
cate10-00114,cate10,31,16,0.514648,0.639648,0.041016,0.177734
cate10-00114,cate10,32,17,0.543945,0.653320,0.037109,0.208984
cate10-00114,cate10,33,18,0.576172,0.663086,0.039062,0.236328
cate10-00114,cate10,34,19,0.606445,0.655273,0.060547,0.255859
cate10-00114,cate10,35,20,0.645508,0.664062,0.052734,0.273438
cate10-00114,cate10,38,23,0.813477,0.594727,0.107422,0.177734
cate10-00114,cate10,41,24,0.498047,0.653320,0.039062,0.212891
cate10-00114,cate10,42,25,0.471680,0.643555,0.048828,0.205078
cate10-00114,cate10,43,26,0.442383,0.672852,0.044922,0.259766
cate10-00114,cate10,44,27,0.405273,0.663086,0.048828,0.251953
cate10-00114,cate10,45,28,0.368164,0.680664,0.056641,0.236328
cate10-00114,cate10,46,29,0.301758,0.675781,0.107422,0.257812
cate10-00114,cate10,48,31,0.191406,0.592773,0.136719,0.169922
cate2-00001,cate2,11,0,0.504883,0.375977,0.056641,0.224609
cate2-00001,cate2,12,1,0.466797,0.374023,0.039062,0.224609
cate2-00001,cate2,13,2,0.428711,0.355469,0.052734,0.277344
cate2-00001,cate2,14,3,0.387695,0.380859,0.041016,0.234375
cate2-00001,cate2,15,4,0.350586,0.392578,0.056641,0.222656
cate2-00001,cate2,16,5,0.295898,0.383789,0.060547,0.220703
cate2-00001,cate2,17,6,0.235352,0.376953,0.068359,0.222656
cate2-00001,cate2,18,7,0.181641,0.358398,0.054688,0.197266
cate2-00001,cate2,21,8,0.548828,0.390625,0.050781,0.222656
cate2-00001,cate2,22,9,0.587891,0.382812,0.039062,0.226562
cate2-00001,cate2,23,10,0.624023,0.375000,0.044922,0.257812
cate2-00001,cate2,24,11,0.656250,0.391602,0.039062,0.228516
cate2-00001,cate2,25,12,0.693359,0.391602,0.035156,0.224609
cate2-00001,cate2,26,13,0.737305,0.408203,0.056641,0.187500
cate2-00001,cate2,27,14,0.787109,0.405273,0.050781,0.181641
cate2-00001,cate2,28,15,0.832031,0.377930,0.046875,0.177734
cate2-00001,cate2,31,16,0.533203,0.598633,0.042969,0.173828
cate2-00001,cate2,32,17,0.558594,0.606445,0.035156,0.173828
cate2-00001,cate2,33,18,0.593750,0.631836,0.042969,0.236328
cate2-00001,cate2,34,19,0.626953,0.618164,0.039062,0.205078
cate2-00001,cate2,35,20,0.663086,0.628906,0.044922,0.230469
cate2-00001,cate2,36,21,0.716797,0.613281,0.082031,0.214844
cate2-00001,cate2,37,22,0.780273,0.602539,0.087891,0.205078
cate2-00001,cate2,38,23,0.834961,0.561523,0.087891,0.193359
cate2-00001,cate2,41,24,0.503906,0.591797,0.035156,0.156250
cate2-00001,cate2,42,25,0.481445,0.604492,0.041016,0.201172
cate2-00001,cate2,43,26,0.447266,0.613281,0.042969,0.230469
cate2-00001,cate2,44,27,0.411133,0.608398,0.052734,0.216797
cate2-00001,cate2,45,28,0.377930,0.606445,0.060547,0.224609
cate2-00001,cate2,46,29,0.309570,0.604492,0.095703,0.208984
cate2-00001,cate2,47,30,0.230469,0.595703,0.113281,0.210938
cate2-00001,cate2,48,31,0.162109,0.553711,0.121094,0.205078
cate2-00002,cate2,11,0,0.496094,0.404297,0.046875,0.199219
cate2-00002,cate2,12,1,0.455078,0.394531,0.042969,0.226562
cate2-00002,cate2,13,2,0.414062,0.388672,0.054688,0.261719
cate2-00002,cate2,14,3,0.376953,0.405273,0.058594,0.224609
cate2-00002,cate2,15,4,0.333008,0.386719,0.048828,0.191406
cate2-00002,cate2,16,5,0.288086,0.383789,0.072266,0.185547
cate2-00002,cate2,17,6,0.233398,0.407227,0.064453,0.228516
cate2-00002,cate2,18,7,0.176758,0.393555,0.068359,0.173828
cate2-00002,cate2,21,8,0.539062,0.401367,0.042969,0.197266
cate2-00002,cate2,22,9,0.578125,0.387695,0.039062,0.228516
cate2-00002,cate2,23,10,0.615234,0.398438,0.046875,0.246094
cate2-00002,cate2,24,11,0.648438,0.419922,0.042969,0.199219
cate2-00002,cate2,25,12,0.684570,0.418945,0.033203,0.205078
cate2-00002,cate2,26,13,0.726562,0.419922,0.062500,0.210938
cate2-00002,cate2,27,14,0.779297,0.400391,0.050781,0.222656
cate2-00002,cate2,28,15,0.826172,0.389648,0.054688,0.193359
cate2-00002,cate2,31,16,0.539062,0.608398,0.039062,0.158203
cate2-00002,cate2,32,17,0.567383,0.622070,0.044922,0.185547
cate2-00002,cate2,33,18,0.610352,0.637695,0.056641,0.244141
cate2-00002,cate2,34,19,0.637695,0.623047,0.041016,0.207031
cate2-00002,cate2,35,20,0.676758,0.636719,0.052734,0.238281
cate2-00002,cate2,36,21,0.726562,0.621094,0.074219,0.171875
cate2-00002,cate2,37,22,0.776367,0.599609,0.068359,0.179688
cate2-00002,cate2,38,23,0.833984,0.557617,0.082031,0.169922
cate2-00002,cate2,41,24,0.509766,0.603516,0.042969,0.160156
cate2-00002,cate2,42,25,0.479492,0.604492,0.044922,0.158203
cate2-00002,cate2,43,26,0.439453,0.666016,0.054688,0.281250
cate2-00002,cate2,44,27,0.398438,0.619141,0.050781,0.199219
cate2-00002,cate2,45,28,0.354492,0.632812,0.056641,0.214844
cate2-00002,cate2,46,29,0.297852,0.627930,0.091797,0.232422
cate2-00002,cate2,47,30,0.232422,0.610352,0.082031,0.205078
cate2-00002,cate2,48,31,0.159180,0.559570,0.087891,0.189453
cate2-00003,cate2,11,0,0.498047,0.453125,0.042969,0.218750
cate2-00003,cate2,12,1,0.462891,0.465820,0.042969,0.212891
cate2-00003,cate2,13,2,0.419922,0.454102,0.054688,0.208984
cate2-00003,cate2,14,3,0.391602,0.466797,0.052734,0.214844
cate2-00003,cate2,15,4,0.345703,0.464844,0.054688,0.203125
cate2-00003,cate2,16,5,0.291016,0.458008,0.070312,0.201172
cate2-00003,cate2,17,6,0.226562,0.447266,0.078125,0.187500
cate2-00003,cate2,18,7,0.194336,0.370117,0.060547,0.130859
cate2-00003,cate2,21,8,0.543945,0.456055,0.048828,0.224609
cate2-00003,cate2,22,9,0.578125,0.468750,0.039062,0.222656
cate2-00003,cate2,23,10,0.615234,0.439453,0.046875,0.257812
cate2-00003,cate2,24,11,0.646484,0.470703,0.046875,0.210938
cate2-00003,cate2,25,12,0.688477,0.468750,0.044922,0.203125
cate2-00003,cate2,26,13,0.734375,0.462891,0.058594,0.199219
cate2-00003,cate2,27,14,0.791016,0.446289,0.066406,0.181641
cate2-00003,cate2,28,15,0.820312,0.370117,0.062500,0.119141
cate2-00003,cate2,31,16,0.528320,0.674805,0.033203,0.177734
cate2-00003,cate2,32,17,0.557617,0.689453,0.033203,0.195312
cate2-00003,cate2,33,18,0.598633,0.712891,0.037109,0.257812
cate2-00003,cate2,34,19,0.637695,0.702148,0.041016,0.208984
cate2-00003,cate2,35,20,0.680664,0.703125,0.048828,0.210938
cate2-00003,cate2,36,21,0.737305,0.686523,0.087891,0.208984
cate2-00003,cate2,37,22,0.795898,0.632812,0.080078,0.179688
cate2-00003,cate2,38,23,0.842773,0.600586,0.060547,0.119141
cate2-00003,cate2,41,24,0.496094,0.670898,0.031250,0.173828
cate2-00003,cate2,42,25,0.464844,0.671875,0.035156,0.167969
cate2-00003,cate2,43,26,0.420898,0.698242,0.056641,0.216797
cate2-00003,cate2,44,27,0.379883,0.699219,0.041016,0.203125
cate2-00003,cate2,45,28,0.332031,0.701172,0.070312,0.218750
cate2-00003,cate2,46,29,0.268555,0.687500,0.103516,0.222656
cate2-00003,cate2,47,30,0.201172,0.631836,0.089844,0.189453
cate2-00003,cate2,48,31,0.152344,0.604492,0.082031,0.138672
cate2-00004,cate2,12,1,0.458008,0.453125,0.037109,0.195312
cate2-00004,cate2,13,2,0.418945,0.426758,0.048828,0.255859
cate2-00004,cate2,14,3,0.383789,0.437500,0.052734,0.218750
cate2-00004,cate2,15,4,0.343750,0.463867,0.050781,0.173828
cate2-00004,cate2,16,5,0.293945,0.459961,0.068359,0.181641
cate2-00004,cate2,17,6,0.230469,0.442383,0.062500,0.208984
cate2-00004,cate2,18,7,0.181641,0.398438,0.066406,0.148438
cate2-00004,cate2,21,8,0.496094,0.437500,0.050781,0.230469
cate2-00004,cate2,22,9,0.541016,0.426758,0.054688,0.251953
cate2-00004,cate2,23,10,0.579102,0.422852,0.052734,0.240234
cate2-00004,cate2,24,11,0.627930,0.416016,0.048828,0.242188
cate2-00004,cate2,25,12,0.669922,0.418945,0.050781,0.208984
cate2-00004,cate2,26,13,0.720703,0.432617,0.074219,0.189453
cate2-00004,cate2,27,14,0.781250,0.408203,0.058594,0.195312
cate2-00004,cate2,28,15,0.827148,0.376953,0.072266,0.199219
cate2-00004,cate2,31,16,0.510742,0.648438,0.033203,0.152344
cate2-00004,cate2,32,17,0.541016,0.655273,0.035156,0.169922
cate2-00004,cate2,33,18,0.584961,0.691406,0.056641,0.246094
cate2-00004,cate2,34,19,0.615234,0.669922,0.066406,0.222656
cate2-00004,cate2,35,20,0.654297,0.659180,0.054688,0.244141
cate2-00004,cate2,36,21,0.717773,0.649414,0.099609,0.232422
cate2-00004,cate2,37,22,0.791016,0.616211,0.097656,0.212891
cate2-00004,cate2,38,23,0.854492,0.582031,0.095703,0.160156
cate2-00004,cate2,41,24,0.488281,0.663086,0.039062,0.177734
cate2-00004,cate2,42,25,0.460938,0.668945,0.046875,0.193359
cate2-00004,cate2,43,26,0.424805,0.689453,0.044922,0.238281
cate2-00004,cate2,44,27,0.384766,0.673828,0.058594,0.222656
cate2-00004,cate2,45,28,0.343750,0.654297,0.054688,0.183594
cate2-00004,cate2,46,29,0.284180,0.663086,0.095703,0.228516
cate2-00004,cate2,47,30,0.198242,0.632812,0.111328,0.207031
cate2-00004,cate2,48,31,0.136719,0.605469,0.082031,0.164062
cate2-00005,cate2,11,0,0.470703,0.445312,0.042969,0.242188
cate2-00005,cate2,12,1,0.434570,0.445312,0.041016,0.214844
cate2-00005,cate2,13,2,0.387695,0.438477,0.056641,0.244141
cate2-00005,cate2,14,3,0.355469,0.434570,0.054688,0.232422
cate2-00005,cate2,15,4,0.309570,0.426758,0.044922,0.240234
cate2-00005,cate2,16,5,0.260742,0.431641,0.060547,0.187500
cate2-00005,cate2,17,6,0.212891,0.408203,0.070312,0.191406
cate2-00005,cate2,18,7,0.184570,0.314453,0.060547,0.136719
cate2-00005,cate2,21,8,0.512695,0.427734,0.048828,0.273438
cate2-00005,cate2,22,9,0.549805,0.449219,0.044922,0.207031
cate2-00005,cate2,23,10,0.592773,0.415039,0.052734,0.283203
cate2-00005,cate2,24,11,0.633789,0.437500,0.056641,0.226562
cate2-00005,cate2,25,12,0.677734,0.412109,0.046875,0.257812
cate2-00005,cate2,26,13,0.731445,0.433594,0.064453,0.191406
cate2-00005,cate2,27,14,0.785156,0.413086,0.074219,0.177734
cate2-00005,cate2,28,15,0.816406,0.315430,0.066406,0.138672
cate2-00005,cate2,31,16,0.512695,0.666016,0.044922,0.210938
cate2-00005,cate2,32,17,0.537109,0.691406,0.035156,0.222656
cate2-00005,cate2,33,18,0.573242,0.704102,0.044922,0.248047
cate2-00005,cate2,34,19,0.612305,0.678711,0.056641,0.220703
cate2-00005,cate2,35,20,0.658203,0.680664,0.062500,0.232422
cate2-00005,cate2,36,21,0.714844,0.661133,0.089844,0.216797
cate2-00005,cate2,37,22,0.786133,0.630859,0.083984,0.210938
cate2-00005,cate2,38,23,0.852539,0.601562,0.087891,0.156250
cate2-00005,cate2,41,24,0.486328,0.687500,0.031250,0.199219
cate2-00005,cate2,42,25,0.463867,0.679688,0.033203,0.222656
cate2-00005,cate2,43,26,0.429688,0.698242,0.042969,0.259766
cate2-00005,cate2,44,27,0.387695,0.687500,0.048828,0.238281
cate2-00005,cate2,45,28,0.337891,0.677734,0.070312,0.226562
cate2-00005,cate2,46,29,0.282227,0.661133,0.091797,0.208984
cate2-00005,cate2,47,30,0.217773,0.631836,0.083984,0.208984
cate2-00005,cate2,48,31,0.151367,0.583984,0.091797,0.140625
cate2-00006,cate2,11,0,0.466797,0.436523,0.042969,0.248047
cate2-00006,cate2,12,1,0.424805,0.440430,0.033203,0.220703
cate2-00006,cate2,13,2,0.385742,0.423828,0.044922,0.246094
cate2-00006,cate2,14,3,0.349609,0.429688,0.054688,0.238281
cate2-00006,cate2,15,4,0.307617,0.458008,0.044922,0.166016
cate2-00006,cate2,16,5,0.254883,0.450195,0.068359,0.169922
cate2-00006,cate2,17,6,0.191406,0.413086,0.062500,0.205078
cate2-00006,cate2,18,7,0.147461,0.376953,0.083984,0.144531
cate2-00006,cate2,21,8,0.513672,0.427734,0.050781,0.257812
cate2-00006,cate2,22,9,0.554688,0.445312,0.035156,0.199219
cate2-00006,cate2,23,10,0.595703,0.419922,0.046875,0.257812
cate2-00006,cate2,24,11,0.635742,0.447266,0.056641,0.203125
cate2-00006,cate2,25,12,0.674805,0.448242,0.048828,0.185547
cate2-00006,cate2,26,13,0.730469,0.446289,0.066406,0.166016
cate2-00006,cate2,27,14,0.790039,0.427734,0.060547,0.164062
cate2-00006,cate2,28,15,0.832031,0.370117,0.089844,0.154297
cate2-00006,cate2,31,16,0.513672,0.642578,0.035156,0.183594
cate2-00006,cate2,32,17,0.546875,0.661133,0.035156,0.177734
cate2-00006,cate2,33,18,0.578125,0.672852,0.039062,0.205078
cate2-00006,cate2,34,19,0.614258,0.668945,0.044922,0.205078
cate2-00006,cate2,35,20,0.663086,0.661133,0.068359,0.205078
cate2-00006,cate2,36,21,0.717773,0.646484,0.083984,0.207031
cate2-00006,cate2,37,22,0.784180,0.614258,0.095703,0.193359
cate2-00006,cate2,38,23,0.847656,0.601562,0.085938,0.136719
cate2-00006,cate2,41,24,0.486328,0.645508,0.031250,0.177734
cate2-00006,cate2,42,25,0.458984,0.666992,0.039062,0.189453
cate2-00006,cate2,43,26,0.420898,0.673828,0.041016,0.199219
cate2-00006,cate2,44,27,0.381836,0.674805,0.048828,0.205078
cate2-00006,cate2,45,28,0.341797,0.672852,0.066406,0.212891
cate2-00006,cate2,46,29,0.282227,0.661133,0.087891,0.212891
cate2-00006,cate2,47,30,0.211914,0.628906,0.095703,0.203125
cate2-00006,cate2,48,31,0.139648,0.620117,0.091797,0.154297
cate2-00007,cate2,11,0,0.486328,0.443359,0.039062,0.250000
cate2-00007,cate2,12,1,0.455078,0.453125,0.035156,0.207031
cate2-00007,cate2,13,2,0.424805,0.430664,0.044922,0.244141
cate2-00007,cate2,14,3,0.394531,0.430664,0.058594,0.216797
cate2-00007,cate2,15,4,0.351562,0.415039,0.050781,0.205078
cate2-00007,cate2,16,5,0.304688,0.402344,0.062500,0.195312
cate2-00007,cate2,17,6,0.255859,0.382812,0.070312,0.175781
cate2-00007,cate2,18,7,0.233398,0.332031,0.095703,0.156250
cate2-00007,cate2,21,8,0.524414,0.441406,0.037109,0.257812
cate2-00007,cate2,22,9,0.555664,0.447266,0.033203,0.207031
cate2-00007,cate2,23,10,0.586914,0.424805,0.041016,0.255859
cate2-00007,cate2,24,11,0.620117,0.423828,0.048828,0.222656
cate2-00007,cate2,25,12,0.657227,0.412109,0.044922,0.214844
cate2-00007,cate2,26,13,0.704102,0.393555,0.060547,0.205078
cate2-00007,cate2,27,14,0.753906,0.391602,0.058594,0.162109
cate2-00007,cate2,28,15,0.791016,0.372070,0.074219,0.115234
cate2-00007,cate2,31,16,0.514648,0.658203,0.029297,0.148438
cate2-00007,cate2,32,17,0.540039,0.666016,0.041016,0.160156
cate2-00007,cate2,33,18,0.577148,0.672852,0.056641,0.189453
cate2-00007,cate2,34,19,0.612305,0.656250,0.068359,0.191406
cate2-00007,cate2,35,20,0.652344,0.637695,0.085938,0.189453
cate2-00007,cate2,36,21,0.702148,0.615234,0.103516,0.214844
cate2-00007,cate2,37,22,0.753906,0.570312,0.097656,0.195312
cate2-00007,cate2,38,23,0.800781,0.541016,0.074219,0.183594
cate2-00007,cate2,41,24,0.487305,0.662109,0.025391,0.144531
cate2-00007,cate2,42,25,0.459961,0.657227,0.029297,0.142578
cate2-00007,cate2,43,26,0.417969,0.668945,0.058594,0.185547
cate2-00007,cate2,44,27,0.389648,0.651367,0.064453,0.189453
cate2-00007,cate2,45,28,0.348633,0.634766,0.083984,0.203125
cate2-00007,cate2,46,29,0.300781,0.603516,0.101562,0.203125
cate2-00007,cate2,47,30,0.250977,0.555664,0.091797,0.177734
cate2-00007,cate2,48,31,0.199219,0.520508,0.074219,0.177734
cate2-00008,cate2,11,0,0.477539,0.425781,0.048828,0.242188
cate2-00008,cate2,12,1,0.438477,0.440430,0.037109,0.181641
cate2-00008,cate2,13,2,0.405273,0.411133,0.033203,0.224609
cate2-00008,cate2,14,3,0.381836,0.409180,0.033203,0.220703
cate2-00008,cate2,15,4,0.353516,0.410156,0.046875,0.203125
cate2-00008,cate2,16,5,0.302734,0.414062,0.058594,0.183594
cate2-00008,cate2,17,6,0.250977,0.388672,0.056641,0.187500
cate2-00008,cate2,18,7,0.219727,0.292969,0.056641,0.097656
cate2-00008,cate2,21,8,0.512695,0.433594,0.044922,0.226562
cate2-00008,cate2,22,9,0.546875,0.433594,0.035156,0.195312
cate2-00008,cate2,23,10,0.580078,0.395508,0.046875,0.267578
cate2-00008,cate2,24,11,0.617188,0.406250,0.035156,0.222656
cate2-00008,cate2,25,12,0.650391,0.406250,0.046875,0.210938
cate2-00008,cate2,26,13,0.695312,0.396484,0.058594,0.195312
cate2-00008,cate2,27,14,0.747070,0.405273,0.056641,0.130859
cate2-00008,cate2,28,15,0.784180,0.294922,0.048828,0.101562
cate2-00008,cate2,31,16,0.514648,0.660156,0.029297,0.175781
cate2-00008,cate2,32,17,0.539062,0.653320,0.027344,0.193359
cate2-00008,cate2,33,18,0.569336,0.678711,0.033203,0.259766
cate2-00008,cate2,34,19,0.598633,0.667969,0.037109,0.242188
cate2-00008,cate2,35,20,0.619141,0.666016,0.054688,0.226562
cate2-00008,cate2,36,21,0.678711,0.625000,0.099609,0.218750
cate2-00008,cate2,37,22,0.735352,0.597656,0.095703,0.210938
cate2-00008,cate2,38,23,0.798828,0.557617,0.097656,0.146484
cate2-00008,cate2,41,24,0.497070,0.659180,0.029297,0.177734
cate2-00008,cate2,42,25,0.473633,0.661133,0.029297,0.189453
cate2-00008,cate2,43,26,0.443359,0.682617,0.035156,0.263672
cate2-00008,cate2,44,27,0.408203,0.657227,0.039062,0.193359
cate2-00008,cate2,45,28,0.379883,0.662109,0.056641,0.234375
cate2-00008,cate2,46,29,0.322266,0.637695,0.093750,0.220703
cate2-00008,cate2,47,30,0.265625,0.615234,0.089844,0.210938
cate2-00008,cate2,48,31,0.201172,0.584961,0.089844,0.150391
cate2-00009,cate2,11,0,0.502930,0.397461,0.041016,0.228516
cate2-00009,cate2,12,1,0.468750,0.386719,0.035156,0.210938
cate2-00009,cate2,13,2,0.437500,0.383789,0.035156,0.212891
cate2-00009,cate2,14,3,0.408203,0.373047,0.027344,0.207031
cate2-00009,cate2,15,4,0.387695,0.356445,0.052734,0.236328
cate2-00009,cate2,16,5,0.337891,0.356445,0.066406,0.193359
cate2-00009,cate2,17,6,0.286133,0.334961,0.064453,0.189453
cate2-00009,cate2,18,7,0.246094,0.240234,0.058594,0.195312
cate2-00009,cate2,21,8,0.538086,0.401367,0.033203,0.216797
cate2-00009,cate2,22,9,0.570312,0.395508,0.035156,0.201172
cate2-00009,cate2,23,10,0.600586,0.364258,0.037109,0.240234
cate2-00009,cate2,24,11,0.625977,0.386719,0.029297,0.187500
cate2-00009,cate2,25,12,0.657227,0.367188,0.033203,0.187500
cate2-00009,cate2,26,13,0.694336,0.353516,0.056641,0.179688
cate2-00009,cate2,27,14,0.742188,0.336914,0.058594,0.162109
cate2-00009,cate2,28,15,0.775391,0.282227,0.054688,0.126953
cate2-00009,cate2,31,16,0.523438,0.630859,0.027344,0.164062
cate2-00009,cate2,32,17,0.543945,0.621094,0.025391,0.144531
cate2-00009,cate2,33,18,0.572266,0.654297,0.042969,0.238281
cate2-00009,cate2,34,19,0.605469,0.639648,0.046875,0.208984
cate2-00009,cate2,35,20,0.630859,0.619141,0.062500,0.187500
cate2-00009,cate2,36,21,0.687500,0.591797,0.101562,0.199219
cate2-00009,cate2,37,22,0.740234,0.555664,0.093750,0.193359
cate2-00009,cate2,38,23,0.791016,0.521484,0.082031,0.164062
cate2-00009,cate2,41,24,0.504883,0.625000,0.029297,0.191406
cate2-00009,cate2,42,25,0.485352,0.633789,0.025391,0.169922
cate2-00009,cate2,43,26,0.459961,0.647461,0.037109,0.224609
cate2-00009,cate2,44,27,0.437500,0.632812,0.050781,0.199219
cate2-00009,cate2,45,28,0.396484,0.639648,0.089844,0.220703
cate2-00009,cate2,46,29,0.346680,0.598633,0.134766,0.201172
cate2-00009,cate2,47,30,0.279297,0.552734,0.117188,0.187500
cate2-00009,cate2,48,31,0.221680,0.525391,0.095703,0.136719
cate2-00010,cate2,11,0,0.482422,0.396484,0.039062,0.246094
cate2-00010,cate2,12,1,0.444336,0.401367,0.033203,0.216797
cate2-00010,cate2,13,2,0.410156,0.387695,0.039062,0.240234
cate2-00010,cate2,14,3,0.375977,0.398438,0.048828,0.207031
cate2-00010,cate2,15,4,0.340820,0.385742,0.044922,0.193359
cate2-00010,cate2,16,5,0.296875,0.360352,0.058594,0.181641
cate2-00010,cate2,17,6,0.244141,0.326172,0.058594,0.195312
cate2-00010,cate2,18,7,0.196289,0.271484,0.060547,0.164062
cate2-00010,cate2,21,8,0.521484,0.407227,0.039062,0.224609
cate2-00010,cate2,22,9,0.562500,0.397461,0.039062,0.224609
cate2-00010,cate2,23,10,0.598633,0.391602,0.041016,0.224609
cate2-00010,cate2,24,11,0.629883,0.394531,0.052734,0.210938
cate2-00010,cate2,25,12,0.668945,0.383789,0.052734,0.205078
cate2-00010,cate2,26,13,0.720703,0.385742,0.062500,0.173828
cate2-00010,cate2,27,14,0.778320,0.348633,0.060547,0.197266
cate2-00010,cate2,28,15,0.827148,0.325195,0.064453,0.154297
cate2-00010,cate2,31,16,0.510742,0.618164,0.029297,0.169922
cate2-00010,cate2,32,17,0.539062,0.627930,0.031250,0.189453
cate2-00010,cate2,33,18,0.571289,0.638672,0.037109,0.187500
cate2-00010,cate2,34,19,0.605469,0.629883,0.046875,0.162109
cate2-00010,cate2,35,20,0.651367,0.625000,0.064453,0.210938
cate2-00010,cate2,36,21,0.709961,0.603516,0.095703,0.203125
cate2-00010,cate2,37,22,0.781250,0.566406,0.105469,0.191406
cate2-00010,cate2,38,23,0.843750,0.540039,0.085938,0.150391
cate2-00010,cate2,41,24,0.481445,0.613281,0.037109,0.152344
cate2-00010,cate2,42,25,0.459961,0.610352,0.033203,0.158203
cate2-00010,cate2,43,26,0.426758,0.620117,0.044922,0.208984
cate2-00010,cate2,44,27,0.390625,0.611328,0.070312,0.199219
cate2-00010,cate2,45,28,0.348633,0.601562,0.072266,0.167969
cate2-00010,cate2,46,29,0.302734,0.583984,0.093750,0.218750
cate2-00010,cate2,47,30,0.241211,0.546875,0.095703,0.199219
cate2-00010,cate2,48,31,0.175781,0.516602,0.093750,0.154297
cate2-00011,cate2,11,0,0.487305,0.475586,0.037109,0.208984
cate2-00011,cate2,12,1,0.458984,0.473633,0.031250,0.197266
cate2-00011,cate2,13,2,0.418945,0.455078,0.041016,0.238281
cate2-00011,cate2,14,3,0.388672,0.452148,0.054688,0.208984
cate2-00011,cate2,15,4,0.350586,0.436523,0.048828,0.224609
cate2-00011,cate2,16,5,0.296875,0.442383,0.070312,0.185547
cate2-00011,cate2,17,6,0.245117,0.414062,0.068359,0.175781
cate2-00011,cate2,18,7,0.209961,0.364258,0.060547,0.142578
cate2-00011,cate2,21,8,0.521484,0.477539,0.046875,0.208984
cate2-00011,cate2,22,9,0.557617,0.485352,0.037109,0.177734
cate2-00011,cate2,23,10,0.595703,0.468750,0.042969,0.222656
cate2-00011,cate2,24,11,0.628906,0.455078,0.050781,0.226562
cate2-00011,cate2,25,12,0.667969,0.455078,0.046875,0.210938
cate2-00011,cate2,26,13,0.723633,0.448242,0.064453,0.193359
cate2-00011,cate2,27,14,0.779297,0.415039,0.062500,0.228516
cate2-00011,cate2,28,15,0.801758,0.292969,0.076172,0.199219
cate2-00011,cate2,31,16,0.516602,0.686523,0.025391,0.166016
cate2-00011,cate2,32,17,0.541992,0.686523,0.029297,0.158203
cate2-00011,cate2,33,18,0.569336,0.719727,0.037109,0.232422
cate2-00011,cate2,34,19,0.598633,0.709961,0.044922,0.228516
cate2-00011,cate2,35,20,0.642578,0.712891,0.054688,0.234375
cate2-00011,cate2,36,21,0.706055,0.681641,0.111328,0.226562
cate2-00011,cate2,37,22,0.772461,0.635742,0.115234,0.189453
cate2-00011,cate2,38,23,0.828125,0.591797,0.082031,0.109375
cate2-00011,cate2,41,24,0.492188,0.685547,0.023438,0.179688
cate2-00011,cate2,42,25,0.466797,0.671875,0.031250,0.156250
cate2-00011,cate2,43,26,0.434570,0.716797,0.048828,0.214844
cate2-00011,cate2,44,27,0.402344,0.701172,0.054688,0.214844
cate2-00011,cate2,45,28,0.366211,0.701172,0.072266,0.230469
cate2-00011,cate2,46,29,0.313477,0.673828,0.111328,0.230469
cate2-00011,cate2,47,30,0.245117,0.627930,0.111328,0.189453
cate2-00011,cate2,48,31,0.196289,0.582031,0.068359,0.109375
cate2-00012,cate2,11,0,0.471680,0.452148,0.044922,0.251953
cate2-00012,cate2,12,1,0.435547,0.460938,0.035156,0.226562
cate2-00012,cate2,13,2,0.403320,0.437500,0.044922,0.253906
cate2-00012,cate2,14,3,0.366211,0.446289,0.048828,0.208984
cate2-00012,cate2,15,4,0.332031,0.427734,0.042969,0.203125
cate2-00012,cate2,16,5,0.290039,0.419922,0.064453,0.179688
cate2-00012,cate2,17,6,0.242188,0.385742,0.062500,0.197266
cate2-00012,cate2,18,7,0.212891,0.348633,0.062500,0.154297
cate2-00012,cate2,21,8,0.517578,0.437500,0.046875,0.281250
cate2-00012,cate2,22,9,0.545898,0.457031,0.048828,0.226562
cate2-00012,cate2,23,10,0.584961,0.437500,0.048828,0.257812
cate2-00012,cate2,24,11,0.625977,0.434570,0.052734,0.240234
cate2-00012,cate2,25,12,0.662109,0.424805,0.058594,0.212891
cate2-00012,cate2,26,13,0.719727,0.427734,0.068359,0.179688
cate2-00012,cate2,27,14,0.774414,0.394531,0.068359,0.183594
cate2-00012,cate2,28,15,0.813477,0.357422,0.068359,0.152344
cate2-00012,cate2,31,16,0.509766,0.668945,0.027344,0.146484
cate2-00012,cate2,32,17,0.538086,0.681641,0.033203,0.175781
cate2-00012,cate2,33,18,0.571289,0.695312,0.041016,0.218750
cate2-00012,cate2,34,19,0.610352,0.687500,0.052734,0.210938
cate2-00012,cate2,35,20,0.653320,0.682617,0.072266,0.232422
cate2-00012,cate2,36,21,0.715820,0.660156,0.095703,0.234375
cate2-00012,cate2,37,22,0.791016,0.614258,0.121094,0.220703
cate2-00012,cate2,38,23,0.843750,0.583984,0.105469,0.210938
cate2-00012,cate2,41,24,0.485352,0.685547,0.025391,0.179688
cate2-00012,cate2,42,25,0.463867,0.678711,0.029297,0.173828
cate2-00012,cate2,43,26,0.429688,0.706055,0.039062,0.244141
cate2-00012,cate2,44,27,0.388672,0.691406,0.058594,0.222656
cate2-00012,cate2,45,28,0.348633,0.681641,0.068359,0.246094
cate2-00012,cate2,46,29,0.287109,0.661133,0.105469,0.240234
cate2-00012,cate2,47,30,0.239258,0.623047,0.083984,0.222656
cate2-00012,cate2,48,31,0.187500,0.580078,0.082031,0.199219
cate2-00013,cate2,11,0,0.492188,0.448242,0.046875,0.244141
cate2-00013,cate2,12,1,0.455078,0.442383,0.046875,0.224609
cate2-00013,cate2,13,2,0.414062,0.417969,0.046875,0.265625
cate2-00013,cate2,14,3,0.379883,0.417969,0.060547,0.218750
cate2-00013,cate2,15,4,0.338867,0.408203,0.052734,0.218750
cate2-00013,cate2,16,5,0.283203,0.415039,0.066406,0.177734
cate2-00013,cate2,17,6,0.234375,0.381836,0.082031,0.189453
cate2-00013,cate2,18,7,0.204102,0.284180,0.052734,0.173828
cate2-00013,cate2,21,8,0.534180,0.454102,0.044922,0.232422
cate2-00013,cate2,22,9,0.566406,0.448242,0.031250,0.224609
cate2-00013,cate2,23,10,0.601562,0.450195,0.042969,0.212891
cate2-00013,cate2,24,11,0.636719,0.440430,0.054688,0.201172
cate2-00013,cate2,25,12,0.677734,0.426758,0.046875,0.205078
cate2-00013,cate2,26,13,0.725586,0.421875,0.060547,0.187500
cate2-00013,cate2,27,14,0.776367,0.407227,0.060547,0.173828
cate2-00013,cate2,28,15,0.811523,0.349609,0.068359,0.179688
cate2-00013,cate2,31,16,0.529297,0.673828,0.046875,0.164062
cate2-00013,cate2,32,17,0.558594,0.681641,0.046875,0.191406
cate2-00013,cate2,33,18,0.595703,0.683594,0.058594,0.195312
cate2-00013,cate2,34,19,0.631836,0.669922,0.068359,0.203125
cate2-00013,cate2,35,20,0.675781,0.656250,0.089844,0.203125
cate2-00013,cate2,36,21,0.729492,0.642578,0.111328,0.207031
cate2-00013,cate2,37,22,0.788086,0.601562,0.099609,0.191406
cate2-00013,cate2,38,23,0.829102,0.541016,0.068359,0.148438
cate2-00013,cate2,41,24,0.497070,0.674805,0.029297,0.162109
cate2-00013,cate2,42,25,0.475586,0.669922,0.037109,0.167969
cate2-00013,cate2,43,26,0.439453,0.674805,0.046875,0.220703
cate2-00013,cate2,44,27,0.393555,0.666992,0.068359,0.224609
cate2-00013,cate2,45,28,0.350586,0.651367,0.087891,0.208984
cate2-00013,cate2,46,29,0.290039,0.634766,0.111328,0.214844
cate2-00013,cate2,47,30,0.221680,0.594727,0.107422,0.197266
cate2-00013,cate2,48,31,0.168945,0.546875,0.083984,0.156250
cate2-00014,cate2,11,0,0.465820,0.380859,0.037109,0.203125
cate2-00014,cate2,12,1,0.434570,0.367188,0.037109,0.269531
cate2-00014,cate2,13,2,0.408203,0.367188,0.031250,0.210938
cate2-00014,cate2,14,3,0.392578,0.370117,0.035156,0.251953
cate2-00014,cate2,15,4,0.369141,0.375000,0.054688,0.246094
cate2-00014,cate2,16,5,0.328125,0.368164,0.070312,0.205078
cate2-00014,cate2,17,6,0.262695,0.346680,0.060547,0.216797
cate2-00014,cate2,18,7,0.207031,0.317383,0.058594,0.173828
cate2-00014,cate2,21,8,0.504883,0.362305,0.041016,0.248047
cate2-00014,cate2,22,9,0.538086,0.372070,0.044922,0.244141
cate2-00014,cate2,23,10,0.575195,0.333008,0.076172,0.310547
cate2-00014,cate2,24,11,0.612305,0.367188,0.041016,0.226562
cate2-00014,cate2,25,12,0.648438,0.347656,0.042969,0.253906
cate2-00014,cate2,26,13,0.690430,0.349609,0.064453,0.218750
cate2-00014,cate2,27,14,0.748047,0.334961,0.058594,0.224609
cate2-00014,cate2,28,15,0.799805,0.313477,0.056641,0.189453
cate2-00014,cate2,31,16,0.516602,0.615234,0.025391,0.199219
cate2-00014,cate2,32,17,0.540039,0.624023,0.029297,0.193359
cate2-00014,cate2,33,18,0.574219,0.624023,0.062500,0.251953
cate2-00014,cate2,34,19,0.604492,0.607422,0.044922,0.203125
cate2-00014,cate2,35,20,0.646484,0.615234,0.058594,0.238281
cate2-00014,cate2,36,21,0.695312,0.581055,0.093750,0.220703
cate2-00014,cate2,37,22,0.759766,0.554688,0.101562,0.230469
cate2-00014,cate2,38,23,0.817383,0.509766,0.091797,0.203125
cate2-00014,cate2,41,24,0.492188,0.628906,0.031250,0.230469
cate2-00014,cate2,42,25,0.469727,0.608398,0.041016,0.205078
cate2-00014,cate2,43,26,0.433594,0.633789,0.046875,0.251953
cate2-00014,cate2,44,27,0.403320,0.624023,0.044922,0.220703
cate2-00014,cate2,45,28,0.355469,0.630859,0.093750,0.257812
cate2-00014,cate2,46,29,0.305664,0.590820,0.123047,0.228516
cate2-00014,cate2,47,30,0.240234,0.559570,0.109375,0.236328
cate2-00014,cate2,48,31,0.181641,0.503906,0.093750,0.207031
cate2-00015,cate2,11,0,0.477539,0.404297,0.041016,0.265625
cate2-00015,cate2,12,1,0.440430,0.396484,0.041016,0.253906
cate2-00015,cate2,13,2,0.403320,0.380859,0.044922,0.312500
cate2-00015,cate2,14,3,0.367188,0.393555,0.050781,0.259766
cate2-00015,cate2,15,4,0.337891,0.381836,0.039062,0.228516
cate2-00015,cate2,16,5,0.288086,0.382812,0.060547,0.218750
cate2-00015,cate2,17,6,0.238281,0.353516,0.066406,0.222656
cate2-00015,cate2,18,7,0.215820,0.277344,0.064453,0.152344
cate2-00015,cate2,21,8,0.528320,0.414062,0.041016,0.253906
cate2-00015,cate2,22,9,0.563477,0.403320,0.033203,0.244141
cate2-00015,cate2,23,10,0.603516,0.370117,0.039062,0.322266
cate2-00015,cate2,24,11,0.640625,0.393555,0.042969,0.251953
cate2-00015,cate2,25,12,0.674805,0.380859,0.041016,0.238281
cate2-00015,cate2,26,13,0.719727,0.376953,0.056641,0.214844
cate2-00015,cate2,27,14,0.775391,0.362305,0.054688,0.208984
cate2-00015,cate2,28,15,0.801758,0.279297,0.052734,0.136719
cate2-00015,cate2,31,16,0.518555,0.648438,0.025391,0.175781
cate2-00015,cate2,32,17,0.548828,0.652344,0.027344,0.191406
cate2-00015,cate2,33,18,0.585938,0.662109,0.042969,0.246094
cate2-00015,cate2,34,19,0.620117,0.644531,0.044922,0.222656
cate2-00015,cate2,35,20,0.657227,0.632812,0.052734,0.230469
cate2-00015,cate2,36,21,0.713867,0.617188,0.095703,0.226562
cate2-00015,cate2,37,22,0.767578,0.581055,0.082031,0.201172
cate2-00015,cate2,38,23,0.831055,0.541992,0.083984,0.181641
cate2-00015,cate2,41,24,0.497070,0.652344,0.025391,0.187500
cate2-00015,cate2,42,25,0.467773,0.660156,0.029297,0.207031
cate2-00015,cate2,43,26,0.436523,0.668945,0.037109,0.244141
cate2-00015,cate2,44,27,0.395508,0.649414,0.044922,0.216797
cate2-00015,cate2,45,28,0.353516,0.645508,0.054688,0.216797
cate2-00015,cate2,46,29,0.291016,0.627930,0.093750,0.228516
cate2-00015,cate2,47,30,0.233398,0.585938,0.087891,0.214844
cate2-00015,cate2,48,31,0.173828,0.532227,0.078125,0.177734
cate2-00016,cate2,11,0,0.497070,0.426758,0.041016,0.228516
cate2-00016,cate2,12,1,0.460938,0.412109,0.035156,0.238281
cate2-00016,cate2,13,2,0.425781,0.385742,0.046875,0.283203
cate2-00016,cate2,14,3,0.395508,0.390625,0.052734,0.242188
cate2-00016,cate2,15,4,0.356445,0.395508,0.044922,0.212891
cate2-00016,cate2,16,5,0.311523,0.402344,0.060547,0.171875
cate2-00016,cate2,17,6,0.263672,0.349609,0.070312,0.207031
cate2-00016,cate2,18,7,0.229492,0.310547,0.068359,0.160156
cate2-00016,cate2,21,8,0.533203,0.408203,0.039062,0.265625
cate2-00016,cate2,22,9,0.569336,0.405273,0.033203,0.251953
cate2-00016,cate2,23,10,0.605469,0.399414,0.042969,0.255859
cate2-00016,cate2,24,11,0.636719,0.403320,0.050781,0.212891
cate2-00016,cate2,25,12,0.673828,0.389648,0.042969,0.220703
cate2-00016,cate2,26,13,0.717773,0.382812,0.064453,0.195312
cate2-00016,cate2,27,14,0.770508,0.368164,0.060547,0.162109
cate2-00016,cate2,28,15,0.803711,0.327148,0.060547,0.126953
cate2-00016,cate2,31,16,0.534180,0.641602,0.021484,0.154297
cate2-00016,cate2,32,17,0.560547,0.650391,0.031250,0.179688
cate2-00016,cate2,33,18,0.599609,0.675781,0.058594,0.242188
cate2-00016,cate2,34,19,0.625977,0.638672,0.060547,0.203125
cate2-00016,cate2,35,20,0.658203,0.628906,0.058594,0.207031
cate2-00016,cate2,36,21,0.709961,0.608398,0.091797,0.220703
cate2-00016,cate2,37,22,0.770508,0.564453,0.087891,0.187500
cate2-00016,cate2,38,23,0.827148,0.499023,0.087891,0.173828
cate2-00016,cate2,41,24,0.507812,0.644531,0.027344,0.160156
cate2-00016,cate2,42,25,0.482422,0.645508,0.031250,0.169922
cate2-00016,cate2,43,26,0.450195,0.665039,0.037109,0.216797
cate2-00016,cate2,44,27,0.417969,0.638672,0.054688,0.203125
cate2-00016,cate2,45,28,0.376953,0.630859,0.066406,0.214844
cate2-00016,cate2,46,29,0.322266,0.613281,0.097656,0.218750
cate2-00016,cate2,47,30,0.260742,0.560547,0.095703,0.179688
cate2-00016,cate2,48,31,0.200195,0.494141,0.103516,0.171875
cate2-00017,cate2,11,0,0.498047,0.453125,0.039062,0.238281
cate2-00017,cate2,12,1,0.460938,0.460938,0.042969,0.210938
cate2-00017,cate2,13,2,0.419922,0.438477,0.046875,0.244141
cate2-00017,cate2,14,3,0.379883,0.448242,0.037109,0.208984
cate2-00017,cate2,15,4,0.344727,0.438477,0.037109,0.208984
cate2-00017,cate2,16,5,0.297852,0.450195,0.064453,0.181641
cate2-00017,cate2,17,6,0.238281,0.433594,0.054688,0.195312
cate2-00017,cate2,18,7,0.191406,0.397461,0.058594,0.193359
cate2-00017,cate2,21,8,0.537109,0.458984,0.042969,0.234375
cate2-00017,cate2,22,9,0.575195,0.477539,0.033203,0.197266
cate2-00017,cate2,23,10,0.613281,0.461914,0.042969,0.212891
cate2-00017,cate2,24,11,0.644531,0.453125,0.042969,0.207031
cate2-00017,cate2,25,12,0.676758,0.448242,0.044922,0.212891
cate2-00017,cate2,26,13,0.724609,0.448242,0.058594,0.185547
cate2-00017,cate2,27,14,0.765625,0.431641,0.054688,0.210938
cate2-00017,cate2,28,15,0.813477,0.416016,0.056641,0.203125
cate2-00017,cate2,31,16,0.528320,0.673828,0.037109,0.148438
cate2-00017,cate2,32,17,0.552734,0.668945,0.031250,0.150391
cate2-00017,cate2,33,18,0.587891,0.689453,0.039062,0.203125
cate2-00017,cate2,34,19,0.631836,0.690430,0.052734,0.197266
cate2-00017,cate2,35,20,0.658203,0.691406,0.058594,0.222656
cate2-00017,cate2,36,21,0.713867,0.675781,0.080078,0.207031
cate2-00017,cate2,37,22,0.775391,0.650391,0.082031,0.199219
cate2-00017,cate2,38,23,0.836914,0.633789,0.080078,0.177734
cate2-00017,cate2,41,24,0.500000,0.658203,0.031250,0.136719
cate2-00017,cate2,42,25,0.472656,0.660156,0.042969,0.136719
cate2-00017,cate2,43,26,0.436523,0.682617,0.044922,0.205078
cate2-00017,cate2,44,27,0.395508,0.680664,0.044922,0.205078
cate2-00017,cate2,45,28,0.364258,0.674805,0.052734,0.216797
cate2-00017,cate2,46,29,0.297852,0.660156,0.099609,0.207031
cate2-00017,cate2,47,30,0.231445,0.643555,0.091797,0.205078
cate2-00017,cate2,48,31,0.169922,0.632812,0.082031,0.179688
cate2-00018,cate2,11,0,0.490234,0.455078,0.039062,0.222656
cate2-00018,cate2,12,1,0.457031,0.440430,0.035156,0.220703
cate2-00018,cate2,13,2,0.427734,0.464844,0.050781,0.167969
cate2-00018,cate2,14,3,0.396484,0.452148,0.046875,0.185547
cate2-00018,cate2,15,4,0.368164,0.437500,0.044922,0.203125
cate2-00018,cate2,16,5,0.331055,0.431641,0.056641,0.195312
cate2-00018,cate2,17,6,0.279297,0.425781,0.058594,0.167969
cate2-00018,cate2,18,7,0.242188,0.393555,0.074219,0.162109
cate2-00018,cate2,21,8,0.532227,0.447266,0.041016,0.238281
cate2-00018,cate2,22,9,0.558594,0.447266,0.031250,0.222656
cate2-00018,cate2,23,10,0.588867,0.426758,0.033203,0.267578
cate2-00018,cate2,24,11,0.615234,0.432617,0.042969,0.232422
cate2-00018,cate2,25,12,0.645508,0.436523,0.041016,0.212891
cate2-00018,cate2,26,13,0.692383,0.432617,0.060547,0.201172
cate2-00018,cate2,27,14,0.739258,0.441406,0.060547,0.140625
cate2-00018,cate2,28,15,0.779297,0.397461,0.066406,0.169922
cate2-00018,cate2,31,16,0.516602,0.671875,0.029297,0.175781
cate2-00018,cate2,32,17,0.539062,0.699219,0.039062,0.226562
cate2-00018,cate2,33,18,0.570312,0.699219,0.035156,0.226562
cate2-00018,cate2,34,19,0.604492,0.685547,0.041016,0.214844
cate2-00018,cate2,35,20,0.648438,0.669922,0.050781,0.183594
cate2-00018,cate2,37,22,0.713867,0.647461,0.103516,0.193359
cate2-00018,cate2,38,23,0.766602,0.589844,0.091797,0.156250
cate2-00018,cate2,41,24,0.493164,0.672852,0.025391,0.185547
cate2-00018,cate2,42,25,0.469727,0.693359,0.029297,0.210938
cate2-00018,cate2,43,26,0.437500,0.684570,0.035156,0.208984
cate2-00018,cate2,44,27,0.407227,0.676758,0.044922,0.208984
cate2-00018,cate2,45,28,0.367188,0.670898,0.058594,0.197266
cate2-00018,cate2,46,29,0.309570,0.654297,0.087891,0.195312
cate2-00018,cate2,47,30,0.255859,0.605469,0.105469,0.164062
cate2-00018,cate2,48,31,0.211914,0.563477,0.076172,0.173828
cate2-00019,cate2,11,0,0.490234,0.453125,0.046875,0.238281
cate2-00019,cate2,12,1,0.493164,0.354492,0.091797,0.099609
cate2-00019,cate2,13,2,0.454102,0.464844,0.033203,0.183594
cate2-00019,cate2,14,3,0.416016,0.429688,0.050781,0.222656
cate2-00019,cate2,15,4,0.379883,0.424805,0.048828,0.212891
cate2-00019,cate2,16,5,0.328125,0.413086,0.074219,0.220703
cate2-00019,cate2,17,6,0.272461,0.412109,0.076172,0.183594
cate2-00019,cate2,18,7,0.262695,0.308594,0.064453,0.125000
cate2-00019,cate2,21,8,0.527344,0.460938,0.039062,0.218750
cate2-00019,cate2,22,9,0.562500,0.439453,0.035156,0.242188
cate2-00019,cate2,23,10,0.598633,0.356445,0.068359,0.255859
cate2-00019,cate2,24,11,0.614258,0.458008,0.052734,0.173828
cate2-00019,cate2,25,12,0.653320,0.442383,0.041016,0.189453
cate2-00019,cate2,26,13,0.697266,0.413086,0.058594,0.216797
cate2-00019,cate2,27,14,0.739258,0.386719,0.083984,0.214844
cate2-00019,cate2,28,15,0.749023,0.302734,0.056641,0.132812
cate2-00019,cate2,31,16,0.530273,0.678711,0.025391,0.181641
cate2-00019,cate2,32,17,0.553711,0.681641,0.029297,0.191406
cate2-00019,cate2,33,18,0.584961,0.705078,0.037109,0.222656
cate2-00019,cate2,34,19,0.618164,0.699219,0.056641,0.242188
cate2-00019,cate2,35,20,0.658203,0.691406,0.058594,0.230469
cate2-00019,cate2,36,21,0.711914,0.657227,0.091797,0.240234
cate2-00019,cate2,37,22,0.761719,0.623047,0.066406,0.199219
cate2-00019,cate2,38,23,0.808594,0.548828,0.066406,0.117188
cate2-00019,cate2,41,24,0.505859,0.695312,0.027344,0.207031
cate2-00019,cate2,42,25,0.481445,0.693359,0.037109,0.187500
cate2-00019,cate2,43,26,0.450195,0.692383,0.041016,0.201172
cate2-00019,cate2,44,27,0.419922,0.690430,0.074219,0.228516
cate2-00019,cate2,45,28,0.377930,0.690430,0.072266,0.248047
cate2-00019,cate2,46,29,0.318359,0.666016,0.105469,0.238281
cate2-00019,cate2,47,30,0.253906,0.630859,0.093750,0.222656
cate2-00019,cate2,48,31,0.194336,0.576172,0.080078,0.117188
cate2-00020,cate2,11,0,0.485352,0.449219,0.044922,0.250000
cate2-00020,cate2,12,1,0.446289,0.435547,0.037109,0.246094
cate2-00020,cate2,13,2,0.404297,0.414062,0.046875,0.285156
cate2-00020,cate2,14,3,0.368164,0.448242,0.037109,0.216797
cate2-00020,cate2,15,4,0.331055,0.446289,0.048828,0.216797
cate2-00020,cate2,16,5,0.279297,0.431641,0.070312,0.214844
cate2-00020,cate2,17,6,0.221680,0.409180,0.072266,0.197266
cate2-00020,cate2,18,7,0.199219,0.309570,0.066406,0.115234
cate2-00020,cate2,21,8,0.533203,0.458008,0.050781,0.248047
cate2-00020,cate2,22,9,0.573242,0.435547,0.037109,0.250000
cate2-00020,cate2,23,10,0.605469,0.395508,0.050781,0.271484
cate2-00020,cate2,24,11,0.638672,0.438477,0.042969,0.205078
cate2-00020,cate2,25,12,0.675781,0.426758,0.042969,0.224609
cate2-00020,cate2,26,13,0.725586,0.426758,0.064453,0.189453
cate2-00020,cate2,27,14,0.773438,0.373047,0.070312,0.207031
cate2-00020,cate2,28,15,0.800781,0.291016,0.058594,0.105469
cate2-00020,cate2,31,16,0.530273,0.674805,0.037109,0.166016
cate2-00020,cate2,32,17,0.556641,0.680664,0.035156,0.181641
cate2-00020,cate2,33,18,0.591797,0.684570,0.039062,0.240234
cate2-00020,cate2,34,19,0.625977,0.680664,0.048828,0.224609
cate2-00020,cate2,35,20,0.692383,0.691406,0.095703,0.191406
cate2-00020,cate2,36,21,0.727539,0.635742,0.103516,0.201172
cate2-00020,cate2,37,22,0.793945,0.586914,0.103516,0.193359
cate2-00020,cate2,38,23,0.841797,0.547852,0.058594,0.123047
cate2-00020,cate2,41,24,0.502930,0.676758,0.033203,0.158203
cate2-00020,cate2,42,25,0.469727,0.682617,0.033203,0.189453
cate2-00020,cate2,43,26,0.437500,0.692383,0.046875,0.232422
cate2-00020,cate2,44,27,0.396484,0.697266,0.046875,0.226562
cate2-00020,cate2,45,28,0.364258,0.706055,0.072266,0.232422
cate2-00020,cate2,46,29,0.294922,0.658203,0.105469,0.218750
cate2-00020,cate2,47,30,0.213867,0.620117,0.111328,0.208984
cate2-00020,cate2,48,31,0.156250,0.583008,0.070312,0.123047
cate2-00021,cate2,11,0,0.484375,0.442383,0.035156,0.232422
cate2-00021,cate2,12,1,0.450195,0.449219,0.037109,0.207031
cate2-00021,cate2,13,2,0.413086,0.412109,0.041016,0.296875
cate2-00021,cate2,14,3,0.375000,0.446289,0.050781,0.205078
cate2-00021,cate2,15,4,0.335938,0.442383,0.050781,0.197266
cate2-00021,cate2,16,5,0.283203,0.438477,0.066406,0.177734
cate2-00021,cate2,17,6,0.232422,0.418945,0.074219,0.169922
cate2-00021,cate2,18,7,0.209961,0.322266,0.064453,0.105469
cate2-00021,cate2,21,8,0.526367,0.443359,0.037109,0.238281
cate2-00021,cate2,22,9,0.565430,0.437500,0.044922,0.226562
cate2-00021,cate2,23,10,0.599609,0.412109,0.050781,0.253906
cate2-00021,cate2,24,11,0.629883,0.442383,0.056641,0.208984
cate2-00021,cate2,25,12,0.669922,0.439453,0.046875,0.187500
cate2-00021,cate2,26,13,0.722656,0.436523,0.062500,0.185547
cate2-00021,cate2,27,14,0.779297,0.416992,0.062500,0.173828
cate2-00021,cate2,28,15,0.804688,0.326172,0.066406,0.113281
cate2-00021,cate2,31,16,0.520508,0.652344,0.044922,0.156250
cate2-00021,cate2,32,17,0.544922,0.661133,0.054688,0.189453
cate2-00021,cate2,33,18,0.572266,0.700195,0.042969,0.146484
cate2-00021,cate2,34,19,0.603516,0.655273,0.062500,0.177734
cate2-00021,cate2,35,20,0.638672,0.658203,0.066406,0.210938
cate2-00021,cate2,36,21,0.698242,0.644531,0.095703,0.203125
cate2-00021,cate2,37,22,0.766602,0.604492,0.091797,0.181641
cate2-00021,cate2,38,23,0.819336,0.587891,0.064453,0.125000
cate2-00021,cate2,41,24,0.496094,0.654297,0.035156,0.152344
cate2-00021,cate2,42,25,0.467773,0.670898,0.033203,0.185547
cate2-00021,cate2,43,26,0.435547,0.695312,0.039062,0.210938
cate2-00021,cate2,44,27,0.401367,0.665039,0.052734,0.185547
cate2-00021,cate2,45,28,0.361328,0.668945,0.062500,0.208984
cate2-00021,cate2,46,29,0.299805,0.646484,0.095703,0.195312
cate2-00021,cate2,47,30,0.238281,0.608398,0.097656,0.185547
cate2-00021,cate2,48,31,0.183594,0.576172,0.058594,0.117188
cate2-00022,cate2,11,0,0.500000,0.412109,0.039062,0.234375
cate2-00022,cate2,12,1,0.463867,0.412109,0.037109,0.261719
cate2-00022,cate2,13,2,0.427734,0.406250,0.046875,0.285156
cate2-00022,cate2,14,3,0.393555,0.410156,0.048828,0.253906
cate2-00022,cate2,15,4,0.353516,0.387695,0.050781,0.240234
cate2-00022,cate2,16,5,0.303711,0.385742,0.064453,0.224609
cate2-00022,cate2,17,6,0.248047,0.373047,0.058594,0.214844
cate2-00022,cate2,18,7,0.196289,0.351562,0.056641,0.167969
cate2-00022,cate2,21,8,0.547852,0.420898,0.056641,0.259766
cate2-00022,cate2,22,9,0.579102,0.417969,0.041016,0.253906
cate2-00022,cate2,23,10,0.611328,0.418945,0.042969,0.283203
cate2-00022,cate2,24,11,0.644531,0.403320,0.042969,0.291016
cate2-00022,cate2,25,12,0.679688,0.396484,0.039062,0.250000
cate2-00022,cate2,26,13,0.724609,0.401367,0.058594,0.220703
cate2-00022,cate2,27,14,0.777344,0.374023,0.054688,0.212891
cate2-00022,cate2,28,15,0.825195,0.356445,0.056641,0.154297
cate2-00022,cate2,31,16,0.537109,0.646484,0.035156,0.148438
cate2-00022,cate2,32,17,0.573242,0.658203,0.048828,0.175781
cate2-00022,cate2,33,18,0.617188,0.666992,0.070312,0.220703
cate2-00022,cate2,34,19,0.648438,0.651367,0.062500,0.205078
cate2-00022,cate2,35,20,0.698242,0.666992,0.083984,0.271484
cate2-00022,cate2,36,21,0.748047,0.622070,0.117188,0.236328
cate2-00022,cate2,37,22,0.806641,0.573242,0.117188,0.220703
cate2-00022,cate2,38,23,0.859375,0.499023,0.113281,0.193359
cate2-00022,cate2,41,24,0.503906,0.623047,0.027344,0.105469
cate2-00022,cate2,42,25,0.474609,0.647461,0.035156,0.169922
cate2-00022,cate2,43,26,0.409180,0.662109,0.103516,0.218750
cate2-00022,cate2,44,27,0.389648,0.625000,0.072266,0.160156
cate2-00022,cate2,45,28,0.342773,0.642578,0.076172,0.246094
cate2-00022,cate2,46,29,0.287109,0.620117,0.109375,0.244141
cate2-00022,cate2,47,30,0.219727,0.576172,0.107422,0.222656
cate2-00022,cate2,48,31,0.158203,0.493164,0.097656,0.166016
cate2-00023,cate2,11,0,0.477539,0.459961,0.052734,0.255859
cate2-00023,cate2,12,1,0.442383,0.461914,0.052734,0.208984
cate2-00023,cate2,13,2,0.413086,0.364258,0.048828,0.248047
cate2-00023,cate2,14,3,0.388672,0.427734,0.058594,0.253906
cate2-00023,cate2,15,4,0.340820,0.426758,0.048828,0.248047
cate2-00023,cate2,16,5,0.289062,0.420898,0.074219,0.205078
cate2-00023,cate2,17,6,0.246094,0.321289,0.078125,0.236328
cate2-00023,cate2,18,7,0.212891,0.255859,0.066406,0.117188
cate2-00023,cate2,21,8,0.524414,0.456055,0.048828,0.259766
cate2-00023,cate2,22,9,0.566406,0.433594,0.039062,0.273438
cate2-00023,cate2,23,10,0.601562,0.394531,0.042969,0.339844
cate2-00023,cate2,24,11,0.647461,0.441406,0.048828,0.226562
cate2-00023,cate2,25,12,0.678711,0.407227,0.064453,0.263672
cate2-00023,cate2,26,13,0.733398,0.405273,0.072266,0.228516
cate2-00023,cate2,27,14,0.768555,0.332031,0.080078,0.207031
cate2-00023,cate2,28,15,0.799805,0.253906,0.068359,0.128906
cate2-00023,cate2,31,16,0.522461,0.674805,0.029297,0.134766
cate2-00023,cate2,32,17,0.550781,0.697266,0.035156,0.191406
cate2-00023,cate2,33,18,0.588867,0.729492,0.052734,0.224609
cate2-00023,cate2,34,19,0.621094,0.698242,0.054688,0.193359
cate2-00023,cate2,35,20,0.670898,0.704102,0.060547,0.216797
cate2-00023,cate2,36,21,0.726562,0.669922,0.089844,0.230469
cate2-00023,cate2,37,22,0.791992,0.611328,0.099609,0.207031
cate2-00023,cate2,38,23,0.846680,0.575195,0.064453,0.138672
cate2-00023,cate2,41,24,0.497070,0.696289,0.033203,0.177734
cate2-00023,cate2,42,25,0.469727,0.700195,0.048828,0.208984
cate2-00023,cate2,43,26,0.426758,0.706055,0.052734,0.236328
cate2-00023,cate2,44,27,0.377930,0.690430,0.052734,0.205078
cate2-00023,cate2,45,28,0.370117,0.679688,0.119141,0.210938
cate2-00023,cate2,46,29,0.298828,0.652344,0.113281,0.234375
cate2-00023,cate2,47,30,0.216797,0.614258,0.113281,0.193359
cate2-00023,cate2,48,31,0.152344,0.570312,0.078125,0.132812
cate2-00024,cate2,11,0,0.477539,0.390625,0.048828,0.250000
cate2-00024,cate2,12,1,0.446289,0.399414,0.052734,0.228516
cate2-00024,cate2,13,2,0.406250,0.394531,0.050781,0.246094
cate2-00024,cate2,14,3,0.362305,0.395508,0.044922,0.228516
cate2-00024,cate2,15,4,0.327148,0.404297,0.044922,0.207031
cate2-00024,cate2,16,5,0.275391,0.394531,0.062500,0.195312
cate2-00024,cate2,17,6,0.216797,0.366211,0.066406,0.189453
cate2-00024,cate2,18,7,0.186523,0.272461,0.068359,0.134766
cate2-00024,cate2,21,8,0.528320,0.395508,0.052734,0.236328
cate2-00024,cate2,22,9,0.574219,0.393555,0.042969,0.228516
cate2-00024,cate2,23,10,0.612305,0.381836,0.041016,0.251953
cate2-00024,cate2,24,11,0.647461,0.385742,0.048828,0.220703
cate2-00024,cate2,25,12,0.689453,0.384766,0.042969,0.218750
cate2-00024,cate2,26,13,0.741211,0.384766,0.060547,0.191406
cate2-00024,cate2,27,14,0.797852,0.361328,0.060547,0.187500
cate2-00024,cate2,28,15,0.830078,0.273438,0.054688,0.132812
cate2-00024,cate2,31,16,0.516602,0.610352,0.033203,0.166016
cate2-00024,cate2,32,17,0.549805,0.618164,0.037109,0.185547
cate2-00024,cate2,33,18,0.588867,0.630859,0.044922,0.218750
cate2-00024,cate2,34,19,0.633789,0.639648,0.044922,0.205078
cate2-00024,cate2,35,20,0.671875,0.658203,0.054688,0.199219
cate2-00024,cate2,36,21,0.720703,0.618164,0.082031,0.208984
cate2-00024,cate2,37,22,0.785156,0.585938,0.082031,0.195312
cate2-00024,cate2,38,23,0.842773,0.572266,0.068359,0.125000
cate2-00024,cate2,41,24,0.486328,0.604492,0.031250,0.158203
cate2-00024,cate2,42,25,0.452148,0.620117,0.048828,0.197266
cate2-00024,cate2,43,26,0.413086,0.632812,0.048828,0.218750
cate2-00024,cate2,44,27,0.369141,0.642578,0.046875,0.199219
cate2-00024,cate2,45,28,0.349609,0.665039,0.066406,0.197266
cate2-00024,cate2,46,29,0.292969,0.626953,0.089844,0.210938
cate2-00024,cate2,47,30,0.223633,0.591797,0.091797,0.195312
cate2-00024,cate2,48,31,0.154297,0.571289,0.078125,0.130859
cate2-00025,cate2,11,0,0.510742,0.448242,0.037109,0.244141
cate2-00025,cate2,12,1,0.473633,0.450195,0.041016,0.220703
cate2-00025,cate2,13,2,0.433594,0.419922,0.046875,0.234375
cate2-00025,cate2,14,3,0.413086,0.431641,0.056641,0.226562
cate2-00025,cate2,15,4,0.368164,0.425781,0.056641,0.226562
cate2-00025,cate2,16,5,0.327148,0.425781,0.076172,0.207031
cate2-00025,cate2,17,6,0.265625,0.407227,0.070312,0.201172
cate2-00025,cate2,18,7,0.227539,0.317383,0.064453,0.169922
cate2-00025,cate2,21,8,0.552734,0.463867,0.046875,0.240234
cate2-00025,cate2,22,9,0.585938,0.466797,0.042969,0.230469
cate2-00025,cate2,23,10,0.609375,0.439453,0.046875,0.230469
cate2-00025,cate2,24,11,0.628906,0.469727,0.042969,0.189453
cate2-00025,cate2,25,12,0.666992,0.477539,0.041016,0.181641
cate2-00025,cate2,26,13,0.709961,0.451172,0.056641,0.203125
cate2-00025,cate2,27,14,0.762695,0.434570,0.056641,0.189453
cate2-00025,cate2,28,15,0.800781,0.387695,0.054688,0.111328
cate2-00025,cate2,31,16,0.523438,0.681641,0.023438,0.175781
cate2-00025,cate2,32,17,0.547852,0.685547,0.037109,0.164062
cate2-00025,cate2,33,18,0.574219,0.725586,0.042969,0.205078
cate2-00025,cate2,34,19,0.603516,0.711914,0.050781,0.212891
cate2-00025,cate2,35,20,0.639648,0.708008,0.052734,0.220703
cate2-00025,cate2,36,21,0.694336,0.695312,0.083984,0.210938
cate2-00025,cate2,37,22,0.753906,0.656250,0.093750,0.195312
cate2-00025,cate2,38,23,0.815430,0.605469,0.083984,0.148438
cate2-00025,cate2,41,24,0.500977,0.688477,0.025391,0.169922
cate2-00025,cate2,42,25,0.477539,0.694336,0.044922,0.185547
cate2-00025,cate2,43,26,0.441406,0.735352,0.058594,0.228516
cate2-00025,cate2,44,27,0.416992,0.694336,0.064453,0.205078
cate2-00025,cate2,45,28,0.385742,0.687500,0.068359,0.226562
cate2-00025,cate2,46,29,0.331055,0.669922,0.099609,0.207031
cate2-00025,cate2,47,30,0.272461,0.644531,0.080078,0.214844
cate2-00025,cate2,48,31,0.200195,0.583008,0.103516,0.123047
cate2-00026,cate2,11,0,0.485352,0.366211,0.037109,0.244141
cate2-00026,cate2,12,1,0.458984,0.371094,0.035156,0.226562
cate2-00026,cate2,13,2,0.430664,0.364258,0.037109,0.255859
cate2-00026,cate2,14,3,0.407227,0.374023,0.037109,0.205078
cate2-00026,cate2,15,4,0.380859,0.362305,0.027344,0.169922
cate2-00026,cate2,16,5,0.347656,0.346680,0.058594,0.216797
cate2-00026,cate2,17,6,0.293945,0.333984,0.056641,0.195312
cate2-00026,cate2,18,7,0.245117,0.315430,0.056641,0.154297
cate2-00026,cate2,21,8,0.513672,0.388672,0.031250,0.179688
cate2-00026,cate2,22,9,0.539062,0.388672,0.031250,0.195312
cate2-00026,cate2,23,10,0.572266,0.370117,0.042969,0.259766
cate2-00026,cate2,24,11,0.593750,0.380859,0.027344,0.218750
cate2-00026,cate2,25,12,0.622070,0.363281,0.041016,0.226562
cate2-00026,cate2,26,13,0.662109,0.349609,0.058594,0.230469
cate2-00026,cate2,27,14,0.717773,0.337891,0.056641,0.222656
cate2-00026,cate2,28,15,0.767578,0.341797,0.058594,0.214844
cate2-00026,cate2,31,16,0.512695,0.582031,0.017578,0.140625
cate2-00026,cate2,32,17,0.525391,0.606445,0.035156,0.158203
cate2-00026,cate2,33,18,0.553711,0.614258,0.029297,0.220703
cate2-00026,cate2,34,19,0.582031,0.598633,0.039062,0.208984
cate2-00026,cate2,35,20,0.614258,0.589844,0.044922,0.222656
cate2-00026,cate2,36,21,0.667969,0.566406,0.074219,0.207031
cate2-00026,cate2,37,22,0.728516,0.548828,0.089844,0.210938
cate2-00026,cate2,38,23,0.817383,0.522461,0.103516,0.134766
cate2-00026,cate2,41,24,0.498047,0.584961,0.023438,0.169922
cate2-00026,cate2,42,25,0.476562,0.581055,0.027344,0.169922
cate2-00026,cate2,43,26,0.451172,0.612305,0.031250,0.228516
cate2-00026,cate2,44,27,0.424805,0.586914,0.033203,0.197266
cate2-00026,cate2,45,28,0.392578,0.578125,0.039062,0.207031
cate2-00026,cate2,46,29,0.339844,0.550781,0.078125,0.183594
cate2-00026,cate2,47,30,0.280273,0.530273,0.099609,0.212891
cate2-00026,cate2,48,31,0.218750,0.468750,0.105469,0.199219
cate2-00027,cate2,11,0,0.487305,0.464844,0.037109,0.222656
cate2-00027,cate2,12,1,0.453125,0.464844,0.031250,0.199219
cate2-00027,cate2,13,2,0.420898,0.436523,0.037109,0.259766
cate2-00027,cate2,14,3,0.397461,0.450195,0.044922,0.236328
cate2-00027,cate2,15,4,0.362305,0.446289,0.044922,0.232422
cate2-00027,cate2,16,5,0.316406,0.445312,0.058594,0.226562
cate2-00027,cate2,17,6,0.262695,0.440430,0.056641,0.197266
cate2-00027,cate2,18,7,0.233398,0.366211,0.060547,0.130859
cate2-00027,cate2,21,8,0.524414,0.470703,0.037109,0.218750
cate2-00027,cate2,22,9,0.553711,0.458984,0.033203,0.214844
cate2-00027,cate2,23,10,0.585938,0.436523,0.031250,0.251953
cate2-00027,cate2,24,11,0.612305,0.451172,0.044922,0.222656
cate2-00027,cate2,25,12,0.645508,0.456055,0.041016,0.216797
cate2-00027,cate2,26,13,0.691406,0.458008,0.054688,0.205078
cate2-00027,cate2,27,14,0.744141,0.444336,0.058594,0.197266
cate2-00027,cate2,28,15,0.775391,0.366211,0.058594,0.138672
cate2-00027,cate2,31,16,0.527344,0.683594,0.023438,0.171875
cate2-00027,cate2,32,17,0.554688,0.685547,0.027344,0.187500
cate2-00027,cate2,33,18,0.583984,0.704102,0.039062,0.236328
cate2-00027,cate2,34,19,0.617188,0.715820,0.039062,0.248047
cate2-00027,cate2,35,20,0.651367,0.711914,0.048828,0.228516
cate2-00027,cate2,36,21,0.706055,0.689453,0.083984,0.207031
cate2-00027,cate2,37,22,0.770508,0.647461,0.095703,0.201172
cate2-00027,cate2,38,23,0.821289,0.587891,0.080078,0.136719
cate2-00027,cate2,41,24,0.503906,0.685547,0.027344,0.179688
cate2-00027,cate2,42,25,0.482422,0.684570,0.031250,0.181641
cate2-00027,cate2,43,26,0.449219,0.702148,0.042969,0.240234
cate2-00027,cate2,44,27,0.415039,0.721680,0.044922,0.251953
cate2-00027,cate2,45,28,0.375977,0.717773,0.056641,0.232422
cate2-00027,cate2,46,29,0.317383,0.695312,0.099609,0.214844
cate2-00027,cate2,47,30,0.253906,0.653320,0.097656,0.216797
cate2-00027,cate2,48,31,0.195312,0.611328,0.070312,0.132812
cate2-00028,cate2,11,0,0.476562,0.343750,0.042969,0.214844
cate2-00028,cate2,12,1,0.439453,0.339844,0.035156,0.210938
cate2-00028,cate2,13,2,0.401367,0.324219,0.044922,0.242188
cate2-00028,cate2,14,3,0.367188,0.350586,0.050781,0.197266
cate2-00028,cate2,15,4,0.332031,0.363281,0.046875,0.191406
cate2-00028,cate2,16,5,0.283203,0.376953,0.062500,0.171875
cate2-00028,cate2,17,6,0.222656,0.359375,0.058594,0.195312
cate2-00028,cate2,18,7,0.163086,0.356445,0.056641,0.169922
cate2-00028,cate2,21,8,0.531250,0.336914,0.042969,0.228516
cate2-00028,cate2,22,9,0.565430,0.335938,0.033203,0.199219
cate2-00028,cate2,23,10,0.604492,0.324219,0.037109,0.230469
cate2-00028,cate2,24,11,0.637695,0.343750,0.048828,0.199219
cate2-00028,cate2,25,12,0.668945,0.347656,0.044922,0.210938
cate2-00028,cate2,26,13,0.718750,0.367188,0.062500,0.191406
cate2-00028,cate2,27,14,0.777344,0.373047,0.058594,0.175781
cate2-00028,cate2,28,15,0.834961,0.362305,0.052734,0.173828
cate2-00028,cate2,31,16,0.511719,0.544922,0.023438,0.140625
cate2-00028,cate2,32,17,0.537109,0.552734,0.027344,0.171875
cate2-00028,cate2,33,18,0.568359,0.563477,0.031250,0.197266
cate2-00028,cate2,34,19,0.602539,0.583008,0.037109,0.201172
cate2-00028,cate2,35,20,0.632812,0.583008,0.054688,0.220703
cate2-00028,cate2,36,21,0.687500,0.587891,0.070312,0.222656
cate2-00028,cate2,37,22,0.755859,0.585938,0.078125,0.214844
cate2-00028,cate2,38,23,0.831055,0.551758,0.099609,0.185547
cate2-00028,cate2,41,24,0.487305,0.546875,0.021484,0.144531
cate2-00028,cate2,42,25,0.461914,0.554688,0.029297,0.164062
cate2-00028,cate2,43,26,0.428711,0.577148,0.037109,0.220703
cate2-00028,cate2,44,27,0.394531,0.583008,0.046875,0.212891
cate2-00028,cate2,45,28,0.358398,0.572266,0.037109,0.183594
cate2-00028,cate2,46,29,0.311523,0.584961,0.072266,0.208984
cate2-00028,cate2,47,30,0.242188,0.586914,0.078125,0.201172
cate2-00028,cate2,48,31,0.166016,0.548828,0.097656,0.195312
cate2-00029,cate2,11,0,0.482422,0.488281,0.042969,0.226562
cate2-00029,cate2,12,1,0.443359,0.480469,0.046875,0.210938
cate2-00029,cate2,13,2,0.403320,0.461914,0.044922,0.248047
cate2-00029,cate2,14,3,0.364258,0.475586,0.044922,0.208984
cate2-00029,cate2,15,4,0.324219,0.477539,0.042969,0.212891
cate2-00029,cate2,16,5,0.279297,0.480469,0.062500,0.203125
cate2-00029,cate2,17,6,0.216797,0.465820,0.058594,0.193359
cate2-00029,cate2,18,7,0.186523,0.386719,0.048828,0.109375
cate2-00029,cate2,21,8,0.534180,0.488281,0.041016,0.230469
cate2-00029,cate2,22,9,0.576172,0.486328,0.039062,0.210938
cate2-00029,cate2,23,10,0.616211,0.471680,0.044922,0.240234
cate2-00029,cate2,24,11,0.652344,0.483398,0.039062,0.212891
cate2-00029,cate2,25,12,0.690430,0.484375,0.041016,0.195312
cate2-00029,cate2,26,13,0.736328,0.472656,0.058594,0.199219
cate2-00029,cate2,27,14,0.793945,0.457031,0.052734,0.179688
cate2-00029,cate2,28,15,0.821289,0.373047,0.048828,0.105469
cate2-00029,cate2,31,16,0.510742,0.681641,0.029297,0.128906
cate2-00029,cate2,32,17,0.542969,0.688477,0.035156,0.134766
cate2-00029,cate2,33,18,0.580078,0.704102,0.039062,0.173828
cate2-00029,cate2,34,19,0.622070,0.698242,0.041016,0.181641
cate2-00029,cate2,35,20,0.662109,0.696289,0.046875,0.212891
cate2-00029,cate2,36,21,0.724609,0.682617,0.089844,0.208984
cate2-00029,cate2,37,22,0.791992,0.652344,0.087891,0.191406
cate2-00029,cate2,38,23,0.859375,0.637695,0.078125,0.123047
cate2-00029,cate2,41,24,0.479492,0.682617,0.025391,0.123047
cate2-00029,cate2,42,25,0.445312,0.681641,0.031250,0.140625
cate2-00029,cate2,43,26,0.409180,0.697266,0.037109,0.183594
cate2-00029,cate2,44,27,0.370117,0.698242,0.041016,0.185547
cate2-00029,cate2,45,28,0.334961,0.697266,0.044922,0.207031
cate2-00029,cate2,46,29,0.272461,0.691406,0.087891,0.191406
cate2-00029,cate2,47,30,0.206055,0.651367,0.091797,0.181641
cate2-00029,cate2,48,31,0.140625,0.639648,0.078125,0.130859
cate2-00030,cate2,11,0,0.483398,0.422852,0.052734,0.212891
cate2-00030,cate2,12,1,0.441406,0.426758,0.039062,0.212891
cate2-00030,cate2,13,2,0.399414,0.390625,0.052734,0.261719
cate2-00030,cate2,14,3,0.362305,0.416016,0.044922,0.214844
cate2-00030,cate2,15,4,0.320312,0.408203,0.039062,0.214844
cate2-00030,cate2,16,5,0.275391,0.393555,0.062500,0.224609
cate2-00030,cate2,17,6,0.215820,0.381836,0.060547,0.216797
cate2-00030,cate2,18,7,0.166016,0.359375,0.058594,0.203125
cate2-00030,cate2,21,8,0.533203,0.404297,0.050781,0.250000
cate2-00030,cate2,22,9,0.575195,0.397461,0.037109,0.259766
cate2-00030,cate2,23,10,0.617188,0.398438,0.050781,0.253906
cate2-00030,cate2,24,11,0.648438,0.412109,0.039062,0.210938
cate2-00030,cate2,25,12,0.686523,0.404297,0.037109,0.199219
cate2-00030,cate2,26,13,0.727539,0.394531,0.060547,0.203125
cate2-00030,cate2,27,14,0.782227,0.375000,0.052734,0.210938
cate2-00030,cate2,28,15,0.833984,0.356445,0.054688,0.193359
cate2-00030,cate2,31,16,0.515625,0.630859,0.031250,0.171875
cate2-00030,cate2,32,17,0.552734,0.632812,0.050781,0.167969
cate2-00030,cate2,33,18,0.588867,0.643555,0.060547,0.220703
cate2-00030,cate2,34,19,0.619141,0.633789,0.042969,0.216797
cate2-00030,cate2,35,20,0.660156,0.632812,0.050781,0.214844
cate2-00030,cate2,36,21,0.710938,0.622070,0.082031,0.228516
cate2-00030,cate2,37,22,0.780273,0.598633,0.091797,0.212891
cate2-00030,cate2,38,23,0.835938,0.547852,0.074219,0.181641
cate2-00030,cate2,41,24,0.486328,0.621094,0.031250,0.140625
cate2-00030,cate2,42,25,0.458984,0.638672,0.035156,0.183594
cate2-00030,cate2,43,26,0.413086,0.658203,0.060547,0.238281
cate2-00030,cate2,44,27,0.380859,0.641602,0.042969,0.224609
cate2-00030,cate2,45,28,0.341797,0.646484,0.050781,0.238281
cate2-00030,cate2,46,29,0.288086,0.634766,0.076172,0.238281
cate2-00030,cate2,47,30,0.213867,0.607422,0.091797,0.218750
cate2-00030,cate2,48,31,0.159180,0.566406,0.068359,0.171875
cate2-00031,cate2,11,0,0.475586,0.458984,0.044922,0.218750
cate2-00031,cate2,12,1,0.434570,0.453125,0.037109,0.199219
cate2-00031,cate2,13,2,0.399414,0.434570,0.044922,0.216797
cate2-00031,cate2,14,3,0.368164,0.431641,0.048828,0.203125
cate2-00031,cate2,15,4,0.333984,0.416992,0.042969,0.197266
cate2-00031,cate2,16,5,0.291016,0.410156,0.062500,0.183594
cate2-00031,cate2,17,6,0.247070,0.389648,0.087891,0.177734
cate2-00031,cate2,18,7,0.224609,0.285156,0.062500,0.160156
cate2-00031,cate2,21,8,0.519531,0.446289,0.039062,0.236328
cate2-00031,cate2,22,9,0.559570,0.456055,0.037109,0.197266
cate2-00031,cate2,23,10,0.595703,0.444336,0.046875,0.212891
cate2-00031,cate2,24,11,0.629883,0.429688,0.048828,0.207031
cate2-00031,cate2,25,12,0.667969,0.420898,0.042969,0.193359
cate2-00031,cate2,26,13,0.715820,0.404297,0.068359,0.195312
cate2-00031,cate2,27,14,0.767578,0.385742,0.066406,0.185547
cate2-00031,cate2,28,15,0.777344,0.285156,0.066406,0.148438
cate2-00031,cate2,31,16,0.490234,0.664062,0.023438,0.105469
cate2-00031,cate2,32,17,0.517578,0.652344,0.031250,0.132812
cate2-00031,cate2,33,18,0.544922,0.655273,0.039062,0.169922
cate2-00031,cate2,34,19,0.580078,0.645508,0.046875,0.173828
cate2-00031,cate2,35,20,0.629883,0.644531,0.080078,0.191406
cate2-00031,cate2,36,21,0.687500,0.615234,0.117188,0.203125
cate2-00031,cate2,37,22,0.751953,0.582031,0.093750,0.187500
cate2-00031,cate2,38,23,0.811523,0.583984,0.072266,0.152344
cate2-00031,cate2,41,24,0.464844,0.662109,0.027344,0.113281
cate2-00031,cate2,42,25,0.437500,0.650391,0.039062,0.152344
cate2-00031,cate2,43,26,0.402344,0.652344,0.046875,0.183594
cate2-00031,cate2,44,27,0.370117,0.635742,0.044922,0.173828
cate2-00031,cate2,45,28,0.331055,0.626953,0.064453,0.187500
cate2-00031,cate2,46,29,0.288086,0.607422,0.087891,0.199219
cate2-00031,cate2,47,30,0.237305,0.578125,0.068359,0.179688
cate2-00031,cate2,48,31,0.170898,0.567383,0.091797,0.123047
cate2-00032,cate2,11,0,0.483398,0.490234,0.041016,0.191406
cate2-00032,cate2,12,1,0.446289,0.498047,0.037109,0.179688
cate2-00032,cate2,13,2,0.408203,0.481445,0.046875,0.216797
cate2-00032,cate2,14,3,0.372070,0.493164,0.048828,0.158203
cate2-00032,cate2,15,4,0.334961,0.478516,0.048828,0.171875
cate2-00032,cate2,16,5,0.279297,0.480469,0.062500,0.144531
cate2-00032,cate2,17,6,0.227539,0.428711,0.064453,0.162109
cate2-00032,cate2,18,7,0.213867,0.327148,0.064453,0.103516
cate2-00032,cate2,21,8,0.531250,0.493164,0.046875,0.201172
cate2-00032,cate2,22,9,0.568359,0.488281,0.035156,0.195312
cate2-00032,cate2,23,10,0.604492,0.472656,0.044922,0.230469
cate2-00032,cate2,24,11,0.639648,0.499023,0.052734,0.162109
cate2-00032,cate2,25,12,0.679688,0.488281,0.046875,0.160156
cate2-00032,cate2,26,13,0.733398,0.475586,0.064453,0.162109
cate2-00032,cate2,27,14,0.786133,0.438477,0.072266,0.173828
cate2-00032,cate2,28,15,0.803711,0.336914,0.068359,0.103516
cate2-00032,cate2,31,16,0.517578,0.687500,0.023438,0.167969
cate2-00032,cate2,32,17,0.546875,0.693359,0.031250,0.171875
cate2-00032,cate2,33,18,0.582031,0.694336,0.035156,0.201172
cate2-00032,cate2,34,19,0.616211,0.685547,0.052734,0.191406
cate2-00032,cate2,35,20,0.657227,0.672852,0.052734,0.189453
cate2-00032,cate2,36,21,0.718750,0.656250,0.089844,0.187500
cate2-00032,cate2,37,22,0.783203,0.622070,0.089844,0.197266
cate2-00032,cate2,38,23,0.850586,0.601562,0.072266,0.121094
cate2-00032,cate2,41,24,0.487305,0.683594,0.029297,0.152344
cate2-00032,cate2,42,25,0.458984,0.685547,0.031250,0.167969
cate2-00032,cate2,43,26,0.429688,0.688477,0.035156,0.185547
cate2-00032,cate2,44,27,0.389648,0.688477,0.048828,0.193359
cate2-00032,cate2,45,28,0.353516,0.666016,0.054688,0.183594
cate2-00032,cate2,46,29,0.290039,0.651367,0.095703,0.189453
cate2-00032,cate2,47,30,0.223633,0.611328,0.099609,0.191406
cate2-00032,cate2,48,31,0.161133,0.586914,0.076172,0.119141
cate2-00033,cate2,11,0,0.490234,0.507812,0.039062,0.210938
cate2-00033,cate2,12,1,0.455078,0.505859,0.035156,0.187500
cate2-00033,cate2,13,2,0.423828,0.484375,0.042969,0.238281
cate2-00033,cate2,14,3,0.390625,0.488281,0.054688,0.218750
cate2-00033,cate2,15,4,0.351562,0.497070,0.046875,0.177734
cate2-00033,cate2,16,5,0.300781,0.483398,0.066406,0.185547
cate2-00033,cate2,17,6,0.248047,0.449219,0.070312,0.160156
cate2-00033,cate2,18,7,0.229492,0.353516,0.056641,0.101562
cate2-00033,cate2,21,8,0.528320,0.500977,0.037109,0.216797
cate2-00033,cate2,22,9,0.561523,0.505859,0.033203,0.175781
cate2-00033,cate2,23,10,0.595703,0.490234,0.046875,0.226562
cate2-00033,cate2,24,11,0.631836,0.499023,0.037109,0.201172
cate2-00033,cate2,25,12,0.666992,0.495117,0.041016,0.185547
cate2-00033,cate2,26,13,0.711914,0.483398,0.064453,0.173828
cate2-00033,cate2,27,14,0.769531,0.452148,0.066406,0.166016
cate2-00033,cate2,28,15,0.789062,0.367188,0.058594,0.105469
cate2-00033,cate2,31,16,0.506836,0.704102,0.025391,0.142578
cate2-00033,cate2,32,17,0.530273,0.700195,0.037109,0.146484
cate2-00033,cate2,33,18,0.559570,0.713867,0.037109,0.189453
cate2-00033,cate2,34,19,0.591797,0.701172,0.046875,0.167969
cate2-00033,cate2,35,20,0.635742,0.707031,0.076172,0.199219
cate2-00033,cate2,36,21,0.696289,0.680664,0.111328,0.208984
cate2-00033,cate2,37,22,0.762695,0.632812,0.095703,0.179688
cate2-00033,cate2,38,23,0.823242,0.595703,0.068359,0.121094
cate2-00033,cate2,41,24,0.482422,0.703125,0.023438,0.144531
cate2-00033,cate2,42,25,0.457031,0.704102,0.031250,0.146484
cate2-00033,cate2,43,26,0.426758,0.713867,0.033203,0.193359
cate2-00033,cate2,44,27,0.394531,0.708984,0.042969,0.191406
cate2-00033,cate2,45,28,0.351562,0.704102,0.062500,0.193359
cate2-00033,cate2,46,29,0.294922,0.676758,0.101562,0.205078
cate2-00033,cate2,47,30,0.239258,0.640625,0.076172,0.175781
cate2-00033,cate2,48,31,0.188477,0.587891,0.068359,0.117188
cate2-00034,cate2,11,0,0.471680,0.380859,0.044922,0.230469
cate2-00034,cate2,12,1,0.433594,0.368164,0.031250,0.220703
cate2-00034,cate2,13,2,0.399414,0.356445,0.041016,0.287109
cate2-00034,cate2,14,3,0.362305,0.403320,0.041016,0.193359
cate2-00034,cate2,15,4,0.327148,0.354492,0.037109,0.267578
cate2-00034,cate2,16,5,0.282227,0.357422,0.064453,0.218750
cate2-00034,cate2,17,6,0.230469,0.346680,0.066406,0.185547
cate2-00034,cate2,18,7,0.187500,0.299805,0.066406,0.169922
cate2-00034,cate2,21,8,0.513672,0.354492,0.042969,0.271484
cate2-00034,cate2,22,9,0.553711,0.339844,0.041016,0.269531
cate2-00034,cate2,23,10,0.594727,0.330078,0.052734,0.328125
cate2-00034,cate2,24,11,0.635742,0.376953,0.037109,0.214844
cate2-00034,cate2,25,12,0.667969,0.344727,0.046875,0.255859
cate2-00034,cate2,26,13,0.718750,0.352539,0.062500,0.197266
cate2-00034,cate2,27,14,0.776367,0.324219,0.068359,0.191406
cate2-00034,cate2,28,15,0.818359,0.285156,0.062500,0.128906
cate2-00034,cate2,31,16,0.505859,0.594727,0.027344,0.177734
cate2-00034,cate2,32,17,0.534180,0.587891,0.033203,0.175781
cate2-00034,cate2,33,18,0.577148,0.605469,0.041016,0.234375
cate2-00034,cate2,34,19,0.616211,0.602539,0.052734,0.232422
cate2-00034,cate2,35,20,0.663086,0.602539,0.072266,0.240234
cate2-00034,cate2,36,21,0.718750,0.570312,0.093750,0.238281
cate2-00034,cate2,37,22,0.782227,0.531250,0.091797,0.222656
cate2-00034,cate2,38,23,0.837891,0.487305,0.085938,0.201172
cate2-00034,cate2,41,24,0.477539,0.589844,0.025391,0.171875
cate2-00034,cate2,42,25,0.451172,0.603516,0.031250,0.179688
cate2-00034,cate2,43,26,0.406250,0.629883,0.050781,0.255859
cate2-00034,cate2,44,27,0.371094,0.614258,0.050781,0.224609
cate2-00034,cate2,45,28,0.330078,0.599609,0.062500,0.210938
cate2-00034,cate2,46,29,0.280273,0.583984,0.083984,0.226562
cate2-00034,cate2,47,30,0.221680,0.552734,0.083984,0.222656
cate2-00034,cate2,48,31,0.163086,0.521484,0.072266,0.167969
cate2-00035,cate2,11,0,0.468750,0.501953,0.042969,0.226562
cate2-00035,cate2,12,1,0.433594,0.505859,0.039062,0.203125
cate2-00035,cate2,13,2,0.401367,0.410156,0.048828,0.234375
cate2-00035,cate2,14,3,0.383789,0.500000,0.041016,0.183594
cate2-00035,cate2,15,4,0.348633,0.490234,0.037109,0.203125
cate2-00035,cate2,16,5,0.304688,0.479492,0.054688,0.189453
cate2-00035,cate2,17,6,0.257812,0.475586,0.054688,0.150391
cate2-00035,cate2,18,7,0.238281,0.389648,0.058594,0.103516
cate2-00035,cate2,21,8,0.510742,0.500000,0.044922,0.222656
cate2-00035,cate2,22,9,0.544922,0.500000,0.035156,0.195312
cate2-00035,cate2,23,10,0.580078,0.470703,0.042969,0.269531
cate2-00035,cate2,24,11,0.619141,0.491211,0.046875,0.208984
cate2-00035,cate2,25,12,0.657227,0.496094,0.041016,0.191406
cate2-00035,cate2,26,13,0.704102,0.485352,0.060547,0.181641
cate2-00035,cate2,27,14,0.750000,0.464844,0.066406,0.167969
cate2-00035,cate2,28,15,0.773438,0.382812,0.062500,0.105469
cate2-00035,cate2,31,16,0.518555,0.728516,0.029297,0.160156
cate2-00035,cate2,32,17,0.546875,0.717773,0.031250,0.158203
cate2-00035,cate2,33,18,0.573242,0.736328,0.041016,0.210938
cate2-00035,cate2,34,19,0.607422,0.729492,0.042969,0.185547
cate2-00035,cate2,35,20,0.646484,0.724609,0.042969,0.191406
cate2-00035,cate2,36,21,0.709961,0.706055,0.099609,0.193359
cate2-00035,cate2,37,22,0.753906,0.680664,0.070312,0.177734
cate2-00035,cate2,38,23,0.818359,0.651367,0.070312,0.123047
cate2-00035,cate2,41,24,0.502930,0.711914,0.033203,0.162109
cate2-00035,cate2,42,25,0.471680,0.731445,0.037109,0.181641
cate2-00035,cate2,43,26,0.442383,0.728516,0.052734,0.207031
cate2-00035,cate2,44,27,0.413086,0.728516,0.037109,0.214844
cate2-00035,cate2,45,28,0.374023,0.725586,0.041016,0.185547
cate2-00035,cate2,46,29,0.317383,0.714844,0.083984,0.210938
cate2-00035,cate2,47,30,0.261719,0.676758,0.078125,0.169922
cate2-00035,cate2,48,31,0.215820,0.662109,0.060547,0.117188
cate2-00036,cate2,11,0,0.502930,0.440430,0.041016,0.189453
cate2-00036,cate2,12,1,0.469727,0.429688,0.033203,0.207031
cate2-00036,cate2,13,2,0.444336,0.418945,0.041016,0.248047
cate2-00036,cate2,14,3,0.405273,0.451172,0.048828,0.171875
cate2-00036,cate2,15,4,0.366211,0.441406,0.041016,0.187500
cate2-00036,cate2,16,5,0.318359,0.420898,0.062500,0.205078
cate2-00036,cate2,17,6,0.261719,0.416016,0.062500,0.187500
cate2-00036,cate2,18,7,0.213867,0.397461,0.056641,0.173828
cate2-00036,cate2,21,8,0.542969,0.420898,0.035156,0.240234
cate2-00036,cate2,22,9,0.577148,0.432617,0.025391,0.236328
cate2-00036,cate2,23,10,0.607422,0.420898,0.035156,0.275391
cate2-00036,cate2,24,11,0.637695,0.463867,0.041016,0.197266
cate2-00036,cate2,25,12,0.669922,0.463867,0.039062,0.181641
cate2-00036,cate2,26,13,0.715820,0.428711,0.060547,0.224609
cate2-00036,cate2,27,14,0.768555,0.431641,0.052734,0.183594
cate2-00036,cate2,28,15,0.807617,0.408203,0.052734,0.160156
cate2-00036,cate2,31,16,0.517578,0.637695,0.023438,0.166016
cate2-00036,cate2,32,17,0.543945,0.644531,0.025391,0.179688
cate2-00036,cate2,33,18,0.572266,0.667969,0.035156,0.218750
cate2-00036,cate2,34,19,0.602539,0.661133,0.044922,0.201172
cate2-00036,cate2,35,20,0.641602,0.658203,0.048828,0.187500
cate2-00036,cate2,36,21,0.700195,0.649414,0.091797,0.201172
cate2-00036,cate2,37,22,0.761719,0.625977,0.089844,0.189453
cate2-00036,cate2,38,23,0.815430,0.587891,0.068359,0.164062
cate2-00036,cate2,41,24,0.493164,0.642578,0.025391,0.179688
cate2-00036,cate2,42,25,0.468750,0.651367,0.023438,0.197266
cate2-00036,cate2,43,26,0.441406,0.655273,0.031250,0.205078
cate2-00036,cate2,44,27,0.410156,0.649414,0.039062,0.197266
cate2-00036,cate2,45,28,0.375000,0.647461,0.050781,0.208984
cate2-00036,cate2,46,29,0.316406,0.636719,0.089844,0.207031
cate2-00036,cate2,47,30,0.255859,0.602539,0.089844,0.189453
cate2-00036,cate2,48,31,0.185547,0.588867,0.082031,0.123047
cate2-00037,cate2,11,0,0.476562,0.450195,0.050781,0.263672
cate2-00037,cate2,12,1,0.442383,0.446289,0.052734,0.228516
cate2-00037,cate2,13,2,0.398438,0.330078,0.058594,0.316406
cate2-00037,cate2,14,3,0.360352,0.428711,0.056641,0.205078
cate2-00037,cate2,15,4,0.315430,0.426758,0.056641,0.181641
cate2-00037,cate2,16,5,0.264648,0.407227,0.076172,0.189453
cate2-00037,cate2,17,6,0.222656,0.353516,0.070312,0.167969
cate2-00037,cate2,18,7,0.192383,0.269531,0.048828,0.101562
cate2-00037,cate2,21,8,0.527344,0.434570,0.042969,0.283203
cate2-00037,cate2,22,9,0.561523,0.429688,0.056641,0.246094
cate2-00037,cate2,23,10,0.599609,0.396484,0.054688,0.296875
cate2-00037,cate2,24,11,0.639648,0.412109,0.052734,0.238281
cate2-00037,cate2,25,12,0.683594,0.413086,0.046875,0.201172
cate2-00037,cate2,26,13,0.731445,0.412109,0.076172,0.203125
cate2-00037,cate2,27,14,0.773438,0.334961,0.078125,0.166016
cate2-00037,cate2,28,15,0.806641,0.255859,0.050781,0.105469
cate2-00037,cate2,31,16,0.514648,0.686523,0.025391,0.162109
cate2-00037,cate2,32,17,0.539062,0.686523,0.031250,0.185547
cate2-00037,cate2,33,18,0.570312,0.721680,0.039062,0.244141
cate2-00037,cate2,34,19,0.613281,0.710938,0.046875,0.199219
cate2-00037,cate2,35,20,0.656250,0.685547,0.089844,0.214844
cate2-00037,cate2,36,21,0.716797,0.663086,0.109375,0.224609
cate2-00037,cate2,37,22,0.788086,0.607422,0.107422,0.191406
cate2-00037,cate2,38,23,0.828125,0.539062,0.054688,0.109375
cate2-00037,cate2,41,24,0.491211,0.685547,0.025391,0.175781
cate2-00037,cate2,42,25,0.466797,0.685547,0.039062,0.191406
cate2-00037,cate2,43,26,0.436523,0.713867,0.048828,0.208984
cate2-00037,cate2,44,27,0.396484,0.693359,0.058594,0.195312
cate2-00037,cate2,45,28,0.364258,0.669922,0.068359,0.199219
cate2-00037,cate2,46,29,0.300781,0.663086,0.101562,0.236328
cate2-00037,cate2,47,30,0.220703,0.596680,0.105469,0.177734
cate2-00037,cate2,48,31,0.177734,0.537109,0.062500,0.113281
cate2-00038,cate2,11,0,0.495117,0.487305,0.048828,0.240234
cate2-00038,cate2,12,1,0.460938,0.469727,0.039062,0.240234
cate2-00038,cate2,13,2,0.434570,0.420898,0.044922,0.298828
cate2-00038,cate2,14,3,0.404297,0.471680,0.050781,0.208984
cate2-00038,cate2,15,4,0.366211,0.456055,0.048828,0.224609
cate2-00038,cate2,16,5,0.317383,0.458984,0.068359,0.199219
cate2-00038,cate2,17,6,0.266602,0.426758,0.072266,0.197266
cate2-00038,cate2,18,7,0.236328,0.337891,0.070312,0.167969
cate2-00038,cate2,21,8,0.531250,0.492188,0.042969,0.234375
cate2-00038,cate2,22,9,0.566406,0.487305,0.031250,0.228516
cate2-00038,cate2,23,10,0.597656,0.462891,0.035156,0.246094
cate2-00038,cate2,24,11,0.622070,0.474609,0.048828,0.226562
cate2-00038,cate2,25,12,0.660156,0.470703,0.042969,0.238281
cate2-00038,cate2,26,13,0.700195,0.458008,0.060547,0.244141
cate2-00038,cate2,27,14,0.745117,0.438477,0.072266,0.216797
cate2-00038,cate2,28,15,0.771484,0.378906,0.062500,0.113281
cate2-00038,cate2,31,16,0.523438,0.723633,0.027344,0.189453
cate2-00038,cate2,32,17,0.547852,0.733398,0.029297,0.197266
cate2-00038,cate2,33,18,0.582031,0.742188,0.035156,0.230469
cate2-00038,cate2,34,19,0.619141,0.747070,0.050781,0.224609
cate2-00038,cate2,35,20,0.657227,0.745117,0.064453,0.228516
cate2-00038,cate2,36,21,0.714844,0.722656,0.097656,0.222656
cate2-00038,cate2,37,22,0.770508,0.665039,0.091797,0.197266
cate2-00038,cate2,38,23,0.824219,0.623047,0.074219,0.132812
cate2-00038,cate2,41,24,0.494141,0.711914,0.027344,0.208984
cate2-00038,cate2,42,25,0.472656,0.717773,0.042969,0.189453
cate2-00038,cate2,43,26,0.435547,0.712891,0.042969,0.210938
cate2-00038,cate2,44,27,0.401367,0.719727,0.052734,0.216797
cate2-00038,cate2,45,28,0.356445,0.713867,0.064453,0.216797
cate2-00038,cate2,46,29,0.291016,0.689453,0.113281,0.214844
cate2-00038,cate2,47,30,0.230469,0.632812,0.101562,0.191406
cate2-00038,cate2,48,31,0.172852,0.588867,0.080078,0.138672
cate2-00039,cate2,11,0,0.497070,0.487305,0.037109,0.248047
cate2-00039,cate2,12,1,0.461914,0.481445,0.037109,0.220703
cate2-00039,cate2,13,2,0.425781,0.462891,0.046875,0.246094
cate2-00039,cate2,14,3,0.391602,0.453125,0.052734,0.234375
cate2-00039,cate2,15,4,0.348633,0.443359,0.048828,0.222656
cate2-00039,cate2,16,5,0.297852,0.440430,0.064453,0.185547
cate2-00039,cate2,17,6,0.249023,0.394531,0.076172,0.199219
cate2-00039,cate2,18,7,0.222656,0.315430,0.058594,0.115234
cate2-00039,cate2,21,8,0.535156,0.486328,0.039062,0.250000
cate2-00039,cate2,22,9,0.570312,0.484375,0.031250,0.214844
cate2-00039,cate2,23,10,0.604492,0.450195,0.044922,0.259766
cate2-00039,cate2,24,11,0.638672,0.448242,0.046875,0.224609
cate2-00039,cate2,25,12,0.678711,0.428711,0.037109,0.228516
cate2-00039,cate2,26,13,0.722656,0.417969,0.058594,0.203125
cate2-00039,cate2,27,14,0.767578,0.383789,0.062500,0.185547
cate2-00039,cate2,28,15,0.789062,0.288086,0.058594,0.115234
cate2-00039,cate2,31,16,0.525391,0.707031,0.027344,0.156250
cate2-00039,cate2,32,17,0.550781,0.702148,0.031250,0.173828
cate2-00039,cate2,33,18,0.584961,0.708984,0.044922,0.218750
cate2-00039,cate2,34,19,0.623047,0.691406,0.054688,0.203125
cate2-00039,cate2,35,20,0.669922,0.676758,0.066406,0.208984
cate2-00039,cate2,36,21,0.721680,0.633789,0.095703,0.197266
cate2-00039,cate2,37,22,0.788086,0.579102,0.107422,0.177734
cate2-00039,cate2,38,23,0.840820,0.541016,0.068359,0.125000
cate2-00039,cate2,41,24,0.498047,0.709961,0.031250,0.154297
cate2-00039,cate2,42,25,0.469727,0.709961,0.037109,0.169922
cate2-00039,cate2,43,26,0.440430,0.714844,0.037109,0.199219
cate2-00039,cate2,44,27,0.404297,0.701172,0.046875,0.203125
cate2-00039,cate2,45,28,0.351562,0.691406,0.078125,0.207031
cate2-00039,cate2,46,29,0.297852,0.653320,0.107422,0.205078
cate2-00039,cate2,47,30,0.227539,0.596680,0.111328,0.177734
cate2-00039,cate2,48,31,0.158203,0.573242,0.066406,0.126953
cate2-00040,cate2,11,0,0.487305,0.481445,0.037109,0.208984
cate2-00040,cate2,12,1,0.451172,0.470703,0.031250,0.203125
cate2-00040,cate2,13,2,0.416992,0.451172,0.037109,0.246094
cate2-00040,cate2,14,3,0.391602,0.471680,0.048828,0.224609
cate2-00040,cate2,15,4,0.357422,0.485352,0.050781,0.197266
cate2-00040,cate2,16,5,0.311523,0.467773,0.064453,0.197266
cate2-00040,cate2,17,6,0.269531,0.408203,0.062500,0.148438
cate2-00040,cate2,18,7,0.239258,0.338867,0.052734,0.080078
cate2-00040,cate2,21,8,0.525391,0.481445,0.039062,0.212891
cate2-00040,cate2,22,9,0.554688,0.463867,0.042969,0.220703
cate2-00040,cate2,23,10,0.585938,0.409180,0.046875,0.216797
cate2-00040,cate2,24,11,0.599609,0.467773,0.054688,0.240234
cate2-00040,cate2,25,12,0.636719,0.477539,0.054688,0.228516
cate2-00040,cate2,26,13,0.688477,0.469727,0.064453,0.212891
cate2-00040,cate2,27,14,0.733398,0.411133,0.076172,0.158203
cate2-00040,cate2,28,15,0.770508,0.343750,0.056641,0.078125
cate2-00040,cate2,31,16,0.511719,0.690430,0.031250,0.177734
cate2-00040,cate2,32,17,0.530273,0.699219,0.033203,0.187500
cate2-00040,cate2,33,18,0.557617,0.710938,0.037109,0.222656
cate2-00040,cate2,34,19,0.593750,0.723633,0.046875,0.216797
cate2-00040,cate2,35,20,0.637695,0.736328,0.056641,0.203125
cate2-00040,cate2,36,21,0.708008,0.703125,0.119141,0.226562
cate2-00040,cate2,37,22,0.771484,0.706055,0.082031,0.162109
cate2-00040,cate2,38,23,0.820312,0.646484,0.054688,0.113281
cate2-00040,cate2,41,24,0.482422,0.693359,0.023438,0.171875
cate2-00040,cate2,42,25,0.457031,0.694336,0.027344,0.181641
cate2-00040,cate2,43,26,0.429688,0.713867,0.035156,0.228516
cate2-00040,cate2,44,27,0.396484,0.722656,0.042969,0.214844
cate2-00040,cate2,45,28,0.353516,0.739258,0.054688,0.201172
cate2-00040,cate2,46,29,0.296875,0.697266,0.105469,0.218750
cate2-00040,cate2,47,30,0.236328,0.701172,0.082031,0.171875
cate2-00040,cate2,48,31,0.193359,0.631836,0.046875,0.103516
cate2-00101,cate2,11,0,0.509766,0.508789,0.042969,0.216797
cate2-00101,cate2,12,1,0.477539,0.492188,0.037109,0.222656
cate2-00101,cate2,13,2,0.438477,0.460938,0.044922,0.257812
cate2-00101,cate2,14,3,0.407227,0.492188,0.033203,0.199219
cate2-00101,cate2,15,4,0.381836,0.490234,0.052734,0.210938
cate2-00101,cate2,16,5,0.332031,0.509766,0.066406,0.179688
cate2-00101,cate2,17,6,0.285156,0.473633,0.062500,0.119141
cate2-00101,cate2,18,7,0.248047,0.407227,0.050781,0.083984
cate2-00101,cate2,21,8,0.547852,0.510742,0.041016,0.220703
cate2-00101,cate2,22,9,0.580078,0.511719,0.027344,0.199219
cate2-00101,cate2,23,10,0.609375,0.444336,0.031250,0.326172
cate2-00101,cate2,24,11,0.631836,0.519531,0.041016,0.210938
cate2-00101,cate2,25,12,0.666992,0.527344,0.041016,0.191406
cate2-00101,cate2,26,13,0.708008,0.530273,0.056641,0.181641
cate2-00101,cate2,27,14,0.749023,0.499023,0.052734,0.119141
cate2-00101,cate2,28,15,0.778320,0.424805,0.044922,0.083984
cate2-00101,cate2,31,16,0.529297,0.736328,0.027344,0.195312
cate2-00101,cate2,32,17,0.558594,0.739258,0.031250,0.197266
cate2-00101,cate2,33,18,0.583984,0.769531,0.042969,0.246094
cate2-00101,cate2,34,19,0.626953,0.765625,0.039062,0.214844
cate2-00101,cate2,35,20,0.664062,0.761719,0.046875,0.210938
cate2-00101,cate2,36,21,0.719727,0.745117,0.080078,0.201172
cate2-00101,cate2,37,22,0.779297,0.714844,0.082031,0.191406
cate2-00101,cate2,38,23,0.837891,0.687500,0.050781,0.113281
cate2-00101,cate2,41,24,0.505859,0.743164,0.027344,0.205078
cate2-00101,cate2,42,25,0.473633,0.743164,0.029297,0.208984
cate2-00101,cate2,43,26,0.439453,0.758789,0.035156,0.248047
cate2-00101,cate2,44,27,0.401367,0.754883,0.041016,0.232422
cate2-00101,cate2,45,28,0.359375,0.750977,0.054688,0.220703
cate2-00101,cate2,46,29,0.296875,0.733398,0.093750,0.224609
cate2-00101,cate2,47,30,0.232422,0.689453,0.093750,0.191406
cate2-00101,cate2,48,31,0.173828,0.653320,0.062500,0.111328
cate2-00102,cate2,11,0,0.490234,0.465820,0.066406,0.216797
cate2-00102,cate2,12,1,0.454102,0.460938,0.052734,0.226562
cate2-00102,cate2,13,2,0.404297,0.434570,0.050781,0.255859
cate2-00102,cate2,14,3,0.360352,0.455078,0.052734,0.218750
cate2-00102,cate2,15,4,0.317383,0.420898,0.048828,0.255859
cate2-00102,cate2,16,5,0.268555,0.432617,0.076172,0.205078
cate2-00102,cate2,17,6,0.217773,0.388672,0.072266,0.214844
cate2-00102,cate2,18,7,0.189453,0.304688,0.050781,0.152344
cate2-00102,cate2,21,8,0.538086,0.465820,0.056641,0.240234
cate2-00102,cate2,22,9,0.583984,0.468750,0.042969,0.230469
cate2-00102,cate2,23,10,0.625000,0.453125,0.046875,0.261719
cate2-00102,cate2,24,11,0.663086,0.465820,0.048828,0.232422
cate2-00102,cate2,25,12,0.708008,0.447266,0.044922,0.238281
cate2-00102,cate2,26,13,0.748047,0.448242,0.078125,0.197266
cate2-00102,cate2,27,14,0.790039,0.378906,0.083984,0.226562
cate2-00102,cate2,28,15,0.828125,0.303711,0.050781,0.166016
cate2-00102,cate2,31,16,0.521484,0.679688,0.031250,0.148438
cate2-00102,cate2,32,17,0.555664,0.687500,0.037109,0.156250
cate2-00102,cate2,33,18,0.594727,0.706055,0.044922,0.169922
cate2-00102,cate2,34,19,0.635742,0.704102,0.064453,0.220703
cate2-00102,cate2,35,20,0.682617,0.701172,0.072266,0.226562
cate2-00102,cate2,36,21,0.747070,0.672852,0.099609,0.220703
cate2-00102,cate2,37,22,0.811523,0.615234,0.091797,0.207031
cate2-00102,cate2,38,23,0.868164,0.559570,0.072266,0.126953
cate2-00102,cate2,41,24,0.488281,0.684570,0.035156,0.162109
cate2-00102,cate2,42,25,0.460938,0.691406,0.050781,0.164062
cate2-00102,cate2,43,26,0.413086,0.705078,0.060547,0.214844
cate2-00102,cate2,44,27,0.370117,0.693359,0.068359,0.226562
cate2-00102,cate2,45,28,0.329102,0.687500,0.080078,0.230469
cate2-00102,cate2,46,29,0.263672,0.649414,0.101562,0.224609
cate2-00102,cate2,47,30,0.195312,0.593750,0.101562,0.195312
cate2-00102,cate2,48,31,0.145508,0.547852,0.060547,0.103516
cate2-00103,cate2,11,0,0.473633,0.428711,0.044922,0.240234
cate2-00103,cate2,12,1,0.435547,0.422852,0.035156,0.216797
cate2-00103,cate2,13,2,0.399414,0.394531,0.041016,0.273438
cate2-00103,cate2,14,3,0.369141,0.423828,0.046875,0.203125
cate2-00103,cate2,15,4,0.330078,0.407227,0.039062,0.220703
cate2-00103,cate2,16,5,0.282227,0.407227,0.056641,0.193359
cate2-00103,cate2,17,6,0.237305,0.380859,0.064453,0.195312
cate2-00103,cate2,18,7,0.213867,0.303711,0.068359,0.189453
cate2-00103,cate2,21,8,0.511719,0.428711,0.042969,0.228516
cate2-00103,cate2,22,9,0.549805,0.423828,0.037109,0.222656
cate2-00103,cate2,23,10,0.585938,0.381836,0.046875,0.310547
cate2-00103,cate2,24,11,0.626953,0.404297,0.042969,0.246094
cate2-00103,cate2,25,12,0.664062,0.400391,0.050781,0.234375
cate2-00103,cate2,26,13,0.714844,0.400391,0.062500,0.218750
cate2-00103,cate2,27,14,0.763672,0.375000,0.074219,0.222656
cate2-00103,cate2,28,15,0.795898,0.324219,0.076172,0.148438
cate2-00103,cate2,31,16,0.509766,0.644531,0.035156,0.156250
cate2-00103,cate2,32,17,0.536133,0.656250,0.033203,0.191406
cate2-00103,cate2,33,18,0.568359,0.667969,0.042969,0.203125
cate2-00103,cate2,34,19,0.600586,0.659180,0.052734,0.208984
cate2-00103,cate2,35,20,0.642578,0.661133,0.058594,0.228516
cate2-00103,cate2,36,21,0.702148,0.646484,0.095703,0.234375
cate2-00103,cate2,37,22,0.772461,0.615234,0.099609,0.218750
cate2-00103,cate2,38,23,0.833984,0.598633,0.093750,0.193359
cate2-00103,cate2,41,24,0.485352,0.641602,0.025391,0.154297
cate2-00103,cate2,42,25,0.459961,0.648438,0.033203,0.179688
cate2-00103,cate2,43,26,0.422852,0.670898,0.048828,0.224609
cate2-00103,cate2,44,27,0.392578,0.660156,0.046875,0.210938
cate2-00103,cate2,45,28,0.347656,0.661133,0.074219,0.228516
cate2-00103,cate2,46,29,0.296875,0.647461,0.093750,0.224609
cate2-00103,cate2,47,30,0.236328,0.608398,0.093750,0.205078
cate2-00103,cate2,48,31,0.169922,0.576172,0.101562,0.164062
cate2-00104,cate2,11,0,0.465820,0.417969,0.048828,0.265625
cate2-00104,cate2,12,1,0.427734,0.423828,0.039062,0.222656
cate2-00104,cate2,13,2,0.383789,0.429688,0.041016,0.222656
cate2-00104,cate2,14,3,0.352539,0.414062,0.048828,0.218750
cate2-00104,cate2,15,4,0.312500,0.399414,0.042969,0.216797
cate2-00104,cate2,16,5,0.265625,0.387695,0.058594,0.205078
cate2-00104,cate2,17,6,0.215820,0.358398,0.060547,0.181641
cate2-00104,cate2,18,7,0.189453,0.284180,0.058594,0.111328
cate2-00104,cate2,21,8,0.509766,0.416016,0.042969,0.257812
cate2-00104,cate2,22,9,0.548828,0.414062,0.035156,0.234375
cate2-00104,cate2,23,10,0.589844,0.402344,0.046875,0.269531
cate2-00104,cate2,24,11,0.627930,0.400391,0.056641,0.230469
cate2-00104,cate2,25,12,0.668945,0.391602,0.048828,0.212891
cate2-00104,cate2,26,13,0.722656,0.376953,0.062500,0.210938
cate2-00104,cate2,27,14,0.776367,0.348633,0.060547,0.193359
cate2-00104,cate2,28,15,0.803711,0.287109,0.060547,0.089844
cate2-00104,cate2,31,16,0.514648,0.642578,0.029297,0.152344
cate2-00104,cate2,32,17,0.543945,0.642578,0.033203,0.160156
cate2-00104,cate2,33,18,0.583008,0.665039,0.048828,0.220703
cate2-00104,cate2,34,19,0.624023,0.657227,0.052734,0.212891
cate2-00104,cate2,35,20,0.672852,0.644531,0.068359,0.207031
cate2-00104,cate2,36,21,0.730469,0.618164,0.101562,0.224609
cate2-00104,cate2,37,22,0.799805,0.569336,0.107422,0.201172
cate2-00104,cate2,38,23,0.852539,0.529297,0.064453,0.113281
cate2-00104,cate2,41,24,0.485352,0.656250,0.029297,0.179688
cate2-00104,cate2,42,25,0.455078,0.657227,0.031250,0.185547
cate2-00104,cate2,43,26,0.414062,0.667969,0.054688,0.222656
cate2-00104,cate2,44,27,0.371094,0.654297,0.066406,0.195312
cate2-00104,cate2,45,28,0.325195,0.652344,0.068359,0.207031
cate2-00104,cate2,46,29,0.268555,0.618164,0.111328,0.212891
cate2-00104,cate2,47,30,0.204102,0.575195,0.111328,0.201172
cate2-00104,cate2,48,31,0.151367,0.539062,0.064453,0.109375
cate2-00105,cate2,11,0,0.486328,0.350586,0.046875,0.275391
cate2-00105,cate2,12,1,0.453125,0.349609,0.039062,0.261719
cate2-00105,cate2,13,2,0.410156,0.336914,0.054688,0.271484
cate2-00105,cate2,14,3,0.383789,0.349609,0.052734,0.234375
cate2-00105,cate2,15,4,0.338867,0.358398,0.048828,0.220703
cate2-00105,cate2,16,5,0.290039,0.357422,0.060547,0.199219
cate2-00105,cate2,17,6,0.235352,0.337891,0.064453,0.199219
cate2-00105,cate2,18,7,0.190430,0.311523,0.072266,0.189453
cate2-00105,cate2,21,8,0.528320,0.353516,0.044922,0.265625
cate2-00105,cate2,22,9,0.567383,0.362305,0.033203,0.228516
cate2-00105,cate2,23,10,0.601562,0.336914,0.042969,0.291016
cate2-00105,cate2,24,11,0.636719,0.359375,0.050781,0.226562
cate2-00105,cate2,25,12,0.676758,0.361328,0.044922,0.218750
cate2-00105,cate2,26,13,0.721680,0.340820,0.056641,0.232422
cate2-00105,cate2,27,14,0.772461,0.322266,0.056641,0.218750
cate2-00105,cate2,28,15,0.820312,0.314453,0.070312,0.167969
cate2-00105,cate2,31,16,0.519531,0.592773,0.027344,0.166016
cate2-00105,cate2,32,17,0.544922,0.596680,0.035156,0.185547
cate2-00105,cate2,33,18,0.577148,0.628906,0.048828,0.234375
cate2-00105,cate2,34,19,0.606445,0.626953,0.048828,0.234375
cate2-00105,cate2,35,20,0.647461,0.620117,0.056641,0.228516
cate2-00105,cate2,36,21,0.703125,0.596680,0.097656,0.224609
cate2-00105,cate2,37,22,0.761719,0.565430,0.101562,0.212891
cate2-00105,cate2,38,23,0.805664,0.527344,0.076172,0.195312
cate2-00105,cate2,41,24,0.494141,0.593750,0.027344,0.167969
cate2-00105,cate2,42,25,0.470703,0.597656,0.039062,0.187500
cate2-00105,cate2,43,26,0.441406,0.618164,0.039062,0.228516
cate2-00105,cate2,44,27,0.408203,0.618164,0.050781,0.232422
cate2-00105,cate2,45,28,0.368164,0.620117,0.064453,0.228516
cate2-00105,cate2,46,29,0.304688,0.597656,0.109375,0.230469
cate2-00105,cate2,47,30,0.250000,0.575195,0.093750,0.228516
cate2-00105,cate2,48,31,0.197266,0.522461,0.082031,0.197266
cate2-00106,cate2,11,0,0.478516,0.468750,0.042969,0.257812
cate2-00106,cate2,12,1,0.438477,0.454102,0.041016,0.259766
cate2-00106,cate2,13,2,0.396484,0.436523,0.042969,0.275391
cate2-00106,cate2,14,3,0.362305,0.448242,0.052734,0.216797
cate2-00106,cate2,15,4,0.327148,0.425781,0.052734,0.238281
cate2-00106,cate2,16,5,0.278320,0.403320,0.064453,0.224609
cate2-00106,cate2,17,6,0.245117,0.344727,0.068359,0.162109
cate2-00106,cate2,18,7,0.219727,0.261719,0.056641,0.117188
cate2-00106,cate2,21,8,0.520508,0.458008,0.044922,0.275391
cate2-00106,cate2,22,9,0.551758,0.414062,0.052734,0.265625
cate2-00106,cate2,23,10,0.591797,0.379883,0.050781,0.330078
cate2-00106,cate2,24,11,0.625000,0.437500,0.058594,0.238281
cate2-00106,cate2,25,12,0.663086,0.416992,0.056641,0.240234
cate2-00106,cate2,26,13,0.718750,0.432617,0.070312,0.173828
cate2-00106,cate2,27,14,0.759766,0.358398,0.062500,0.130859
cate2-00106,cate2,28,15,0.791992,0.280273,0.064453,0.115234
cate2-00106,cate2,31,16,0.524414,0.686523,0.029297,0.142578
cate2-00106,cate2,32,17,0.554688,0.700195,0.035156,0.177734
cate2-00106,cate2,33,18,0.596680,0.713867,0.052734,0.232422
cate2-00106,cate2,34,19,0.625977,0.705078,0.052734,0.226562
cate2-00106,cate2,35,20,0.677734,0.678711,0.078125,0.197266
cate2-00106,cate2,36,21,0.734375,0.652344,0.109375,0.218750
cate2-00106,cate2,37,22,0.802734,0.617188,0.089844,0.156250
cate2-00106,cate2,38,23,0.851562,0.546875,0.066406,0.121094
cate2-00106,cate2,41,24,0.496094,0.698242,0.035156,0.169922
cate2-00106,cate2,42,25,0.465820,0.702148,0.033203,0.173828
cate2-00106,cate2,43,26,0.423828,0.718750,0.062500,0.250000
cate2-00106,cate2,44,27,0.388672,0.705078,0.050781,0.222656
cate2-00106,cate2,45,28,0.339844,0.691406,0.074219,0.210938
cate2-00106,cate2,46,29,0.287109,0.658203,0.105469,0.222656
cate2-00106,cate2,47,30,0.213867,0.616211,0.083984,0.169922
cate2-00106,cate2,48,31,0.172852,0.536133,0.064453,0.123047
cate2-00107,cate2,11,0,0.490234,0.458984,0.042969,0.250000
cate2-00107,cate2,12,1,0.453125,0.464844,0.042969,0.218750
cate2-00107,cate2,13,2,0.411133,0.427734,0.041016,0.296875
cate2-00107,cate2,14,3,0.374023,0.468750,0.052734,0.191406
cate2-00107,cate2,15,4,0.332031,0.453125,0.050781,0.214844
cate2-00107,cate2,16,5,0.280273,0.427734,0.060547,0.242188
cate2-00107,cate2,17,6,0.221680,0.420898,0.068359,0.193359
cate2-00107,cate2,18,7,0.170898,0.385742,0.072266,0.169922
cate2-00107,cate2,21,8,0.531250,0.461914,0.046875,0.251953
cate2-00107,cate2,22,9,0.572266,0.463867,0.042969,0.228516
cate2-00107,cate2,23,10,0.608398,0.427734,0.048828,0.320312
cate2-00107,cate2,24,11,0.646484,0.458008,0.054688,0.228516
cate2-00107,cate2,25,12,0.692383,0.453125,0.048828,0.214844
cate2-00107,cate2,26,13,0.743164,0.450195,0.064453,0.189453
cate2-00107,cate2,27,14,0.802734,0.420898,0.062500,0.189453
cate2-00107,cate2,28,15,0.853516,0.391602,0.078125,0.162109
cate2-00107,cate2,31,16,0.520508,0.671875,0.029297,0.128906
cate2-00107,cate2,32,17,0.546875,0.674805,0.046875,0.150391
cate2-00107,cate2,33,18,0.588867,0.714844,0.064453,0.171875
cate2-00107,cate2,34,19,0.626953,0.708008,0.070312,0.201172
cate2-00107,cate2,35,20,0.666016,0.694336,0.074219,0.212891
cate2-00107,cate2,36,21,0.725586,0.673828,0.103516,0.226562
cate2-00107,cate2,37,22,0.794922,0.640625,0.109375,0.218750
cate2-00107,cate2,38,23,0.854492,0.598633,0.095703,0.146484
cate2-00107,cate2,41,24,0.495117,0.673828,0.025391,0.136719
cate2-00107,cate2,42,25,0.464844,0.675781,0.039062,0.156250
cate2-00107,cate2,43,26,0.427734,0.707031,0.050781,0.179688
cate2-00107,cate2,44,27,0.393555,0.702148,0.052734,0.212891
cate2-00107,cate2,45,28,0.353516,0.692383,0.058594,0.205078
cate2-00107,cate2,46,29,0.289062,0.667969,0.105469,0.214844
cate2-00107,cate2,47,30,0.222656,0.632812,0.101562,0.207031
cate2-00107,cate2,48,31,0.171875,0.587891,0.078125,0.175781
cate2-00108,cate2,11,0,0.480469,0.454102,0.042969,0.212891
cate2-00108,cate2,12,1,0.450195,0.458008,0.037109,0.193359
cate2-00108,cate2,13,2,0.414062,0.424805,0.035156,0.240234
cate2-00108,cate2,14,3,0.376953,0.411133,0.039062,0.244141
cate2-00108,cate2,15,4,0.342773,0.406250,0.037109,0.234375
cate2-00108,cate2,16,5,0.298828,0.425781,0.050781,0.179688
cate2-00108,cate2,17,6,0.250000,0.388672,0.050781,0.207031
cate2-00108,cate2,18,7,0.226562,0.324219,0.050781,0.113281
cate2-00108,cate2,21,8,0.518555,0.462891,0.044922,0.203125
cate2-00108,cate2,22,9,0.544922,0.465820,0.042969,0.208984
cate2-00108,cate2,23,10,0.584961,0.454102,0.041016,0.232422
cate2-00108,cate2,24,11,0.620117,0.454102,0.052734,0.232422
cate2-00108,cate2,25,12,0.660156,0.455078,0.042969,0.210938
cate2-00108,cate2,26,13,0.706055,0.452148,0.060547,0.197266
cate2-00108,cate2,27,14,0.759766,0.441406,0.058594,0.175781
cate2-00108,cate2,28,15,0.791992,0.357422,0.056641,0.160156
cate2-00108,cate2,31,16,0.507812,0.674805,0.027344,0.189453
cate2-00108,cate2,32,17,0.532227,0.681641,0.041016,0.187500
cate2-00108,cate2,33,18,0.561523,0.684570,0.044922,0.193359
cate2-00108,cate2,34,19,0.599609,0.666992,0.042969,0.193359
cate2-00108,cate2,35,20,0.638672,0.676758,0.042969,0.201172
cate2-00108,cate2,36,21,0.692383,0.664062,0.076172,0.214844
cate2-00108,cate2,37,22,0.763672,0.626953,0.093750,0.195312
cate2-00108,cate2,38,23,0.831055,0.587891,0.087891,0.136719
cate2-00108,cate2,41,24,0.477539,0.664062,0.029297,0.156250
cate2-00108,cate2,42,25,0.458984,0.671875,0.035156,0.175781
cate2-00108,cate2,43,26,0.424805,0.681641,0.041016,0.222656
cate2-00108,cate2,44,27,0.387695,0.658203,0.052734,0.214844
cate2-00108,cate2,45,28,0.356445,0.645508,0.044922,0.212891
cate2-00108,cate2,46,29,0.306641,0.628906,0.074219,0.203125
cate2-00108,cate2,47,30,0.250000,0.575195,0.085938,0.177734
cate2-00108,cate2,48,31,0.190430,0.531250,0.072266,0.125000
cate2-00109,cate2,11,0,0.468750,0.502930,0.046875,0.228516
cate2-00109,cate2,12,1,0.432617,0.504883,0.033203,0.212891
cate2-00109,cate2,13,2,0.396484,0.483398,0.035156,0.263672
cate2-00109,cate2,14,3,0.360352,0.497070,0.044922,0.216797
cate2-00109,cate2,15,4,0.324219,0.484375,0.042969,0.210938
cate2-00109,cate2,16,5,0.285156,0.478516,0.054688,0.191406
cate2-00109,cate2,17,6,0.237305,0.452148,0.064453,0.189453
cate2-00109,cate2,18,7,0.198242,0.385742,0.052734,0.119141
cate2-00109,cate2,21,8,0.511719,0.509766,0.039062,0.203125
cate2-00109,cate2,22,9,0.543945,0.518555,0.041016,0.181641
cate2-00109,cate2,23,10,0.586914,0.493164,0.048828,0.263672
cate2-00109,cate2,24,11,0.623047,0.505859,0.050781,0.238281
cate2-00109,cate2,25,12,0.661133,0.503906,0.052734,0.214844
cate2-00109,cate2,26,13,0.711914,0.495117,0.060547,0.208984
cate2-00109,cate2,27,14,0.762695,0.475586,0.064453,0.189453
cate2-00109,cate2,28,15,0.798828,0.405273,0.054688,0.126953
cate2-00109,cate2,31,16,0.496094,0.729492,0.039062,0.150391
cate2-00109,cate2,32,17,0.521484,0.725586,0.031250,0.185547
cate2-00109,cate2,33,18,0.556641,0.744141,0.042969,0.230469
cate2-00109,cate2,34,19,0.592773,0.736328,0.048828,0.218750
cate2-00109,cate2,35,20,0.635742,0.734375,0.064453,0.222656
cate2-00109,cate2,36,21,0.696289,0.717773,0.091797,0.220703
cate2-00109,cate2,37,22,0.762695,0.684570,0.091797,0.208984
cate2-00109,cate2,38,23,0.829102,0.636719,0.091797,0.160156
cate2-00109,cate2,41,24,0.471680,0.714844,0.041016,0.171875
cate2-00109,cate2,42,25,0.448242,0.714844,0.033203,0.179688
cate2-00109,cate2,43,26,0.406250,0.734375,0.054688,0.226562
cate2-00109,cate2,44,27,0.375977,0.711914,0.048828,0.193359
cate2-00109,cate2,45,28,0.335938,0.711914,0.058594,0.212891
cate2-00109,cate2,46,29,0.290039,0.685547,0.087891,0.210938
cate2-00109,cate2,47,30,0.233398,0.657227,0.087891,0.216797
cate2-00109,cate2,48,31,0.174805,0.605469,0.080078,0.144531
cate2-00110,cate2,11,0,0.501953,0.458984,0.042969,0.222656
cate2-00110,cate2,12,1,0.465820,0.464844,0.041016,0.210938
cate2-00110,cate2,13,2,0.423828,0.439453,0.050781,0.234375
cate2-00110,cate2,14,3,0.386719,0.444336,0.046875,0.212891
cate2-00110,cate2,15,4,0.349609,0.444336,0.050781,0.212891
cate2-00110,cate2,16,5,0.297852,0.464844,0.068359,0.164062
cate2-00110,cate2,17,6,0.231445,0.469727,0.064453,0.130859
cate2-00110,cate2,18,7,0.181641,0.456055,0.054688,0.126953
cate2-00110,cate2,21,8,0.539062,0.465820,0.039062,0.208984
cate2-00110,cate2,22,9,0.574219,0.457031,0.027344,0.210938
cate2-00110,cate2,23,10,0.611328,0.435547,0.042969,0.253906
cate2-00110,cate2,24,11,0.640625,0.456055,0.039062,0.205078
cate2-00110,cate2,25,12,0.678711,0.461914,0.041016,0.197266
cate2-00110,cate2,26,13,0.726562,0.465820,0.058594,0.185547
cate2-00110,cate2,27,14,0.781250,0.454102,0.054688,0.208984
cate2-00110,cate2,28,15,0.826172,0.445312,0.058594,0.187500
cate2-00110,cate2,31,16,0.536133,0.674805,0.029297,0.150391
cate2-00110,cate2,32,17,0.563477,0.686523,0.033203,0.185547
cate2-00110,cate2,33,18,0.598633,0.712891,0.044922,0.222656
cate2-00110,cate2,34,19,0.634766,0.712891,0.054688,0.218750
cate2-00110,cate2,35,20,0.672852,0.703125,0.052734,0.207031
cate2-00110,cate2,36,21,0.732422,0.699219,0.093750,0.222656
cate2-00110,cate2,37,22,0.790039,0.680664,0.080078,0.205078
cate2-00110,cate2,38,23,0.836914,0.642578,0.072266,0.175781
cate2-00110,cate2,41,24,0.509766,0.680664,0.027344,0.154297
cate2-00110,cate2,42,25,0.486328,0.674805,0.035156,0.173828
cate2-00110,cate2,43,26,0.450195,0.681641,0.044922,0.207031
cate2-00110,cate2,44,27,0.409180,0.685547,0.052734,0.199219
cate2-00110,cate2,45,28,0.361328,0.694336,0.066406,0.220703
cate2-00110,cate2,46,29,0.295898,0.675781,0.111328,0.210938
cate2-00110,cate2,47,30,0.225586,0.647461,0.099609,0.197266
cate2-00110,cate2,48,31,0.164062,0.599609,0.093750,0.148438
cate2-00111,cate2,11,0,0.499023,0.475586,0.041016,0.201172
cate2-00111,cate2,12,1,0.468750,0.459961,0.050781,0.201172
cate2-00111,cate2,13,2,0.429688,0.408203,0.050781,0.230469
cate2-00111,cate2,14,3,0.390625,0.452148,0.050781,0.181641
cate2-00111,cate2,15,4,0.351562,0.446289,0.050781,0.146484
cate2-00111,cate2,16,5,0.294922,0.436523,0.062500,0.169922
cate2-00111,cate2,17,6,0.257812,0.374023,0.066406,0.123047
cate2-00111,cate2,18,7,0.231445,0.286133,0.048828,0.091797
cate2-00111,cate2,21,8,0.543945,0.470703,0.044922,0.218750
cate2-00111,cate2,22,9,0.579102,0.469727,0.033203,0.201172
cate2-00111,cate2,23,10,0.612305,0.428711,0.041016,0.244141
cate2-00111,cate2,24,11,0.654297,0.472656,0.046875,0.164062
cate2-00111,cate2,25,12,0.688477,0.424805,0.048828,0.138672
cate2-00111,cate2,26,13,0.741211,0.434570,0.064453,0.181641
cate2-00111,cate2,27,14,0.773438,0.373047,0.058594,0.121094
cate2-00111,cate2,28,15,0.797852,0.284180,0.048828,0.083984
cate2-00111,cate2,31,16,0.535156,0.680664,0.031250,0.162109
cate2-00111,cate2,32,17,0.562500,0.693359,0.035156,0.191406
cate2-00111,cate2,33,18,0.595703,0.705078,0.039062,0.226562
cate2-00111,cate2,34,19,0.626953,0.675781,0.042969,0.175781
cate2-00111,cate2,35,20,0.677734,0.660156,0.054688,0.156250
cate2-00111,cate2,36,21,0.739258,0.646484,0.103516,0.203125
cate2-00111,cate2,37,22,0.798828,0.614258,0.078125,0.146484
cate2-00111,cate2,38,23,0.842773,0.548828,0.052734,0.093750
cate2-00111,cate2,41,24,0.506836,0.668945,0.025391,0.154297
cate2-00111,cate2,42,25,0.483398,0.673828,0.033203,0.171875
cate2-00111,cate2,43,26,0.447266,0.676758,0.042969,0.197266
cate2-00111,cate2,44,27,0.409180,0.666016,0.048828,0.175781
cate2-00111,cate2,45,28,0.354492,0.645508,0.060547,0.162109
cate2-00111,cate2,46,29,0.292969,0.632812,0.101562,0.203125
cate2-00111,cate2,47,30,0.229492,0.617188,0.072266,0.144531
cate2-00111,cate2,48,31,0.185547,0.542969,0.042969,0.101562
cate2-00112,cate2,11,0,0.481445,0.475586,0.041016,0.208984
cate2-00112,cate2,12,1,0.445312,0.471680,0.035156,0.197266
cate2-00112,cate2,13,2,0.410156,0.453125,0.039062,0.234375
cate2-00112,cate2,14,3,0.371094,0.467773,0.046875,0.197266
cate2-00112,cate2,15,4,0.332031,0.461914,0.042969,0.201172
cate2-00112,cate2,16,5,0.286133,0.455078,0.056641,0.191406
cate2-00112,cate2,17,6,0.232422,0.434570,0.054688,0.189453
cate2-00112,cate2,18,7,0.199219,0.360352,0.054688,0.111328
cate2-00112,cate2,21,8,0.523438,0.484375,0.042969,0.199219
cate2-00112,cate2,22,9,0.561523,0.481445,0.029297,0.201172
cate2-00112,cate2,23,10,0.596680,0.467773,0.041016,0.240234
cate2-00112,cate2,24,11,0.631836,0.471680,0.052734,0.224609
cate2-00112,cate2,25,12,0.672852,0.460938,0.044922,0.234375
cate2-00112,cate2,26,13,0.721680,0.469727,0.064453,0.201172
cate2-00112,cate2,27,14,0.780273,0.456055,0.060547,0.185547
cate2-00112,cate2,28,15,0.820312,0.376953,0.058594,0.109375
cate2-00112,cate2,31,16,0.495117,0.673828,0.029297,0.140625
cate2-00112,cate2,32,17,0.519531,0.684570,0.042969,0.166016
cate2-00112,cate2,33,18,0.554688,0.691406,0.042969,0.187500
cate2-00112,cate2,34,19,0.593750,0.691406,0.050781,0.187500
cate2-00112,cate2,35,20,0.638672,0.691406,0.054688,0.203125
cate2-00112,cate2,36,21,0.703125,0.680664,0.097656,0.216797
cate2-00112,cate2,37,22,0.768555,0.652344,0.095703,0.191406
cate2-00112,cate2,38,23,0.835938,0.623047,0.085938,0.156250
cate2-00112,cate2,41,24,0.471680,0.669922,0.041016,0.152344
cate2-00112,cate2,42,25,0.442383,0.673828,0.037109,0.160156
cate2-00112,cate2,43,26,0.404297,0.692383,0.050781,0.208984
cate2-00112,cate2,44,27,0.373047,0.663086,0.046875,0.166016
cate2-00112,cate2,45,28,0.334961,0.674805,0.056641,0.201172
cate2-00112,cate2,46,29,0.282227,0.645508,0.087891,0.193359
cate2-00112,cate2,47,30,0.225586,0.617188,0.080078,0.183594
cate2-00112,cate2,48,31,0.167969,0.587891,0.074219,0.136719
cate2-00113,cate2,11,0,0.467773,0.464844,0.044922,0.234375
cate2-00113,cate2,12,1,0.436523,0.457031,0.041016,0.230469
cate2-00113,cate2,13,2,0.398438,0.425781,0.042969,0.226562
cate2-00113,cate2,14,3,0.369141,0.453125,0.050781,0.226562
cate2-00113,cate2,15,4,0.329102,0.462891,0.048828,0.203125
cate2-00113,cate2,16,5,0.282227,0.460938,0.060547,0.179688
cate2-00113,cate2,17,6,0.233398,0.431641,0.072266,0.183594
cate2-00113,cate2,18,7,0.196289,0.369141,0.056641,0.136719
cate2-00113,cate2,21,8,0.512695,0.452148,0.048828,0.267578
cate2-00113,cate2,22,9,0.548828,0.451172,0.054688,0.226562
cate2-00113,cate2,23,10,0.586914,0.407227,0.048828,0.224609
cate2-00113,cate2,24,11,0.606445,0.445312,0.052734,0.218750
cate2-00113,cate2,25,12,0.650391,0.447266,0.046875,0.218750
cate2-00113,cate2,26,13,0.703125,0.442383,0.066406,0.201172
cate2-00113,cate2,27,14,0.762695,0.427734,0.064453,0.183594
cate2-00113,cate2,28,15,0.791016,0.362305,0.074219,0.162109
cate2-00113,cate2,31,16,0.505859,0.690430,0.031250,0.173828
cate2-00113,cate2,32,17,0.532227,0.693359,0.033203,0.187500
cate2-00113,cate2,33,18,0.568359,0.708008,0.046875,0.216797
cate2-00113,cate2,34,19,0.604492,0.693359,0.052734,0.207031
cate2-00113,cate2,35,20,0.649414,0.697266,0.072266,0.222656
cate2-00113,cate2,36,21,0.709961,0.669922,0.095703,0.207031
cate2-00113,cate2,37,22,0.773438,0.631836,0.093750,0.193359
cate2-00113,cate2,38,23,0.836914,0.601562,0.080078,0.136719
cate2-00113,cate2,41,24,0.477539,0.687500,0.037109,0.175781
cate2-00113,cate2,42,25,0.451172,0.689453,0.031250,0.175781
cate2-00113,cate2,43,26,0.417969,0.689453,0.046875,0.214844
cate2-00113,cate2,44,27,0.380859,0.688477,0.050781,0.205078
cate2-00113,cate2,45,28,0.332031,0.701172,0.070312,0.218750
cate2-00113,cate2,46,29,0.269531,0.666992,0.097656,0.205078
cate2-00113,cate2,47,30,0.212891,0.629883,0.082031,0.189453
cate2-00113,cate2,48,31,0.146484,0.587891,0.082031,0.117188
cate2-00114,cate2,11,0,0.473633,0.500977,0.044922,0.267578
cate2-00114,cate2,12,1,0.431641,0.516602,0.039062,0.220703
cate2-00114,cate2,13,2,0.393555,0.490234,0.041016,0.261719
cate2-00114,cate2,14,3,0.360352,0.502930,0.048828,0.205078
cate2-00114,cate2,15,4,0.322266,0.501953,0.042969,0.191406
cate2-00114,cate2,16,5,0.277344,0.489258,0.066406,0.189453
cate2-00114,cate2,17,6,0.215820,0.478516,0.064453,0.195312
cate2-00114,cate2,18,7,0.182617,0.380859,0.056641,0.175781
cate2-00114,cate2,21,8,0.518555,0.500977,0.041016,0.251953
cate2-00114,cate2,22,9,0.557617,0.505859,0.041016,0.214844
cate2-00114,cate2,23,10,0.593750,0.482422,0.046875,0.257812
cate2-00114,cate2,24,11,0.630859,0.494141,0.054688,0.214844
cate2-00114,cate2,25,12,0.672852,0.479492,0.048828,0.224609
cate2-00114,cate2,26,13,0.720703,0.474609,0.070312,0.210938
cate2-00114,cate2,27,14,0.790039,0.467773,0.068359,0.201172
cate2-00114,cate2,28,15,0.828125,0.397461,0.054688,0.150391
cate2-00114,cate2,31,16,0.523438,0.708008,0.027344,0.115234
cate2-00114,cate2,32,17,0.555664,0.709961,0.037109,0.134766
cate2-00114,cate2,33,18,0.592773,0.737305,0.041016,0.201172
cate2-00114,cate2,34,19,0.638672,0.735352,0.050781,0.197266
cate2-00114,cate2,35,20,0.679688,0.722656,0.058594,0.203125
cate2-00114,cate2,36,21,0.738281,0.712891,0.082031,0.210938
cate2-00114,cate2,37,22,0.800781,0.675781,0.082031,0.183594
cate2-00114,cate2,38,23,0.862305,0.637695,0.076172,0.119141
cate2-00114,cate2,41,24,0.493164,0.709961,0.029297,0.130859
cate2-00114,cate2,42,25,0.463867,0.712891,0.033203,0.125000
cate2-00114,cate2,43,26,0.422852,0.735352,0.044922,0.177734
cate2-00114,cate2,44,27,0.381836,0.739258,0.052734,0.185547
cate2-00114,cate2,45,28,0.341797,0.738281,0.062500,0.195312
cate2-00114,cate2,46,29,0.280273,0.714844,0.087891,0.203125
cate2-00114,cate2,47,30,0.222656,0.686523,0.078125,0.185547
cate2-00114,cate2,48,31,0.151367,0.650391,0.087891,0.109375
cate2-00115,cate2,11,0,0.473633,0.416992,0.044922,0.236328
cate2-00115,cate2,12,1,0.430664,0.420898,0.041016,0.205078
cate2-00115,cate2,13,2,0.391602,0.399414,0.044922,0.240234
cate2-00115,cate2,14,3,0.353516,0.399414,0.054688,0.224609
cate2-00115,cate2,15,4,0.316406,0.399414,0.050781,0.208984
cate2-00115,cate2,16,5,0.260742,0.396484,0.064453,0.179688
cate2-00115,cate2,17,6,0.202148,0.358398,0.060547,0.201172
cate2-00115,cate2,18,7,0.176758,0.285156,0.060547,0.125000
cate2-00115,cate2,21,8,0.519531,0.413086,0.046875,0.236328
cate2-00115,cate2,22,9,0.561523,0.408203,0.044922,0.218750
cate2-00115,cate2,23,10,0.603516,0.396484,0.050781,0.257812
cate2-00115,cate2,24,11,0.642578,0.397461,0.058594,0.236328
cate2-00115,cate2,25,12,0.690430,0.402344,0.052734,0.207031
cate2-00115,cate2,26,13,0.746094,0.393555,0.070312,0.197266
cate2-00115,cate2,27,14,0.808594,0.365234,0.066406,0.203125
cate2-00115,cate2,28,15,0.828125,0.285156,0.074219,0.136719
cate2-00115,cate2,31,16,0.511719,0.635742,0.031250,0.169922
cate2-00115,cate2,32,17,0.534180,0.639648,0.052734,0.181641
cate2-00115,cate2,33,18,0.570312,0.665039,0.039062,0.193359
cate2-00115,cate2,34,19,0.602539,0.658203,0.048828,0.210938
cate2-00115,cate2,35,20,0.651367,0.598633,0.076172,0.115234
cate2-00115,cate2,36,21,0.720703,0.632812,0.093750,0.207031
cate2-00115,cate2,37,22,0.789062,0.589844,0.085938,0.195312
cate2-00115,cate2,38,23,0.852539,0.565430,0.072266,0.115234
cate2-00115,cate2,41,24,0.479492,0.625977,0.029297,0.146484
cate2-00115,cate2,42,25,0.453125,0.629883,0.035156,0.169922
cate2-00115,cate2,43,26,0.417969,0.648438,0.039062,0.203125
cate2-00115,cate2,44,27,0.376953,0.660156,0.050781,0.222656
cate2-00115,cate2,45,28,0.333008,0.656250,0.048828,0.207031
cate2-00115,cate2,46,29,0.274414,0.631836,0.083984,0.224609
cate2-00115,cate2,47,30,0.209961,0.578125,0.083984,0.195312
cate2-00115,cate2,48,31,0.151367,0.560547,0.068359,0.128906
cate2-00116,cate2,11,0,0.492188,0.446289,0.042969,0.216797
cate2-00116,cate2,12,1,0.456055,0.420898,0.029297,0.248047
cate2-00116,cate2,13,2,0.419922,0.413086,0.046875,0.263672
cate2-00116,cate2,14,3,0.386719,0.430664,0.058594,0.208984
cate2-00116,cate2,15,4,0.349609,0.427734,0.050781,0.199219
cate2-00116,cate2,16,5,0.304688,0.407227,0.066406,0.205078
cate2-00116,cate2,17,6,0.247070,0.392578,0.056641,0.199219
cate2-00116,cate2,18,7,0.194336,0.375000,0.056641,0.191406
cate2-00116,cate2,21,8,0.536133,0.438477,0.041016,0.240234
cate2-00116,cate2,22,9,0.572266,0.431641,0.031250,0.226562
cate2-00116,cate2,23,10,0.605469,0.425781,0.039062,0.242188
cate2-00116,cate2,24,11,0.634766,0.435547,0.050781,0.199219
cate2-00116,cate2,25,12,0.672852,0.429688,0.044922,0.195312
cate2-00116,cate2,26,13,0.718750,0.421875,0.054688,0.179688
cate2-00116,cate2,27,14,0.767578,0.398438,0.054688,0.179688
cate2-00116,cate2,28,15,0.815430,0.377930,0.052734,0.166016
cate2-00116,cate2,31,16,0.525391,0.651367,0.031250,0.158203
cate2-00116,cate2,32,17,0.552734,0.668945,0.027344,0.162109
cate2-00116,cate2,33,18,0.585938,0.667969,0.042969,0.171875
cate2-00116,cate2,34,19,0.615234,0.666992,0.050781,0.201172
cate2-00116,cate2,35,20,0.669922,0.661133,0.089844,0.205078
cate2-00116,cate2,36,21,0.710938,0.639648,0.089844,0.212891
cate2-00116,cate2,37,22,0.766602,0.590820,0.083984,0.162109
cate2-00116,cate2,38,23,0.812500,0.548828,0.066406,0.152344
cate2-00116,cate2,41,24,0.502930,0.654297,0.029297,0.128906
cate2-00116,cate2,42,25,0.474609,0.655273,0.031250,0.150391
cate2-00116,cate2,43,26,0.441406,0.668945,0.046875,0.185547
cate2-00116,cate2,44,27,0.402344,0.667969,0.062500,0.195312
cate2-00116,cate2,45,28,0.362305,0.666992,0.099609,0.220703
cate2-00116,cate2,46,29,0.311523,0.632812,0.103516,0.207031
cate2-00116,cate2,47,30,0.237305,0.608398,0.115234,0.193359
cate2-00116,cate2,48,31,0.181641,0.557617,0.101562,0.154297
cate2-00117,cate2,11,0,0.483398,0.359375,0.044922,0.261719
cate2-00117,cate2,12,1,0.450195,0.350586,0.041016,0.267578
cate2-00117,cate2,13,2,0.413086,0.343750,0.037109,0.281250
cate2-00117,cate2,14,3,0.381836,0.361328,0.048828,0.230469
cate2-00117,cate2,15,4,0.342773,0.366211,0.044922,0.216797
cate2-00117,cate2,16,5,0.298828,0.369141,0.062500,0.187500
cate2-00117,cate2,17,6,0.242188,0.355469,0.058594,0.183594
cate2-00117,cate2,18,7,0.218750,0.260742,0.074219,0.126953
cate2-00117,cate2,21,8,0.524414,0.363281,0.041016,0.257812
cate2-00117,cate2,22,9,0.560547,0.361328,0.042969,0.250000
cate2-00117,cate2,23,10,0.597656,0.355469,0.035156,0.277344
cate2-00117,cate2,24,11,0.630859,0.387695,0.046875,0.193359
cate2-00117,cate2,25,12,0.668945,0.362305,0.041016,0.228516
cate2-00117,cate2,26,13,0.714844,0.365234,0.054688,0.210938
cate2-00117,cate2,27,14,0.762695,0.354492,0.056641,0.189453
cate2-00117,cate2,28,15,0.785156,0.264648,0.062500,0.119141
cate2-00117,cate2,31,16,0.515625,0.587891,0.027344,0.152344
cate2-00117,cate2,32,17,0.541992,0.588867,0.033203,0.169922
cate2-00117,cate2,33,18,0.576172,0.606445,0.035156,0.212891
cate2-00117,cate2,34,19,0.615234,0.604492,0.046875,0.212891
cate2-00117,cate2,35,20,0.655273,0.607422,0.060547,0.222656
cate2-00117,cate2,36,21,0.710938,0.594727,0.097656,0.224609
cate2-00117,cate2,37,22,0.776367,0.564453,0.103516,0.214844
cate2-00117,cate2,38,23,0.826172,0.521484,0.074219,0.140625
cate2-00117,cate2,41,24,0.489258,0.575195,0.029297,0.123047
cate2-00117,cate2,42,25,0.467773,0.593750,0.048828,0.179688
cate2-00117,cate2,43,26,0.425781,0.605469,0.039062,0.218750
cate2-00117,cate2,44,27,0.390625,0.591797,0.050781,0.199219
cate2-00117,cate2,45,28,0.348633,0.608398,0.060547,0.240234
cate2-00117,cate2,46,29,0.290039,0.584961,0.103516,0.224609
cate2-00117,cate2,47,30,0.225586,0.558594,0.107422,0.222656
cate2-00117,cate2,48,31,0.168945,0.510742,0.080078,0.119141
cate2-00118,cate2,11,0,0.476562,0.477539,0.042969,0.228516
cate2-00118,cate2,12,1,0.442383,0.476562,0.044922,0.230469
cate2-00118,cate2,13,2,0.404297,0.444336,0.042969,0.244141
cate2-00118,cate2,14,3,0.365234,0.452148,0.050781,0.224609
cate2-00118,cate2,15,4,0.327148,0.443359,0.044922,0.214844
cate2-00118,cate2,16,5,0.282227,0.431641,0.060547,0.195312
cate2-00118,cate2,17,6,0.229492,0.406250,0.068359,0.187500
cate2-00118,cate2,18,7,0.208008,0.316406,0.072266,0.128906
cate2-00118,cate2,21,8,0.519531,0.481445,0.039062,0.224609
cate2-00118,cate2,22,9,0.559570,0.472656,0.037109,0.214844
cate2-00118,cate2,23,10,0.594727,0.445312,0.048828,0.269531
cate2-00118,cate2,24,11,0.635742,0.461914,0.048828,0.212891
cate2-00118,cate2,25,12,0.674805,0.446289,0.044922,0.208984
cate2-00118,cate2,26,13,0.721680,0.437500,0.064453,0.199219
cate2-00118,cate2,27,14,0.783203,0.408203,0.066406,0.195312
cate2-00118,cate2,28,15,0.802734,0.340820,0.078125,0.103516
cate2-00118,cate2,31,16,0.509766,0.683594,0.027344,0.132812
cate2-00118,cate2,32,17,0.539062,0.683594,0.035156,0.132812
cate2-00118,cate2,33,18,0.572266,0.685547,0.042969,0.171875
cate2-00118,cate2,34,19,0.612305,0.680664,0.060547,0.197266
cate2-00118,cate2,35,20,0.659180,0.667969,0.064453,0.187500
cate2-00118,cate2,36,21,0.719727,0.653320,0.103516,0.220703
cate2-00118,cate2,37,22,0.788086,0.615234,0.091797,0.199219
cate2-00118,cate2,38,23,0.854492,0.580078,0.076172,0.132812
cate2-00118,cate2,41,24,0.483398,0.681641,0.029297,0.136719
cate2-00118,cate2,42,25,0.455078,0.686523,0.031250,0.130859
cate2-00118,cate2,43,26,0.423828,0.681641,0.039062,0.160156
cate2-00118,cate2,44,27,0.385742,0.669922,0.052734,0.191406
cate2-00118,cate2,45,28,0.349609,0.666016,0.046875,0.199219
cate2-00118,cate2,46,29,0.282227,0.639648,0.103516,0.208984
cate2-00118,cate2,47,30,0.222656,0.592773,0.093750,0.197266
cate2-00118,cate2,48,31,0.154297,0.547852,0.074219,0.134766
cate2-00119,cate2,11,0,0.483398,0.444336,0.041016,0.185547
cate2-00119,cate2,12,1,0.447266,0.454102,0.031250,0.193359
cate2-00119,cate2,13,2,0.410156,0.455078,0.042969,0.238281
cate2-00119,cate2,14,3,0.375000,0.477539,0.050781,0.181641
cate2-00119,cate2,15,4,0.332031,0.467773,0.042969,0.181641
cate2-00119,cate2,16,5,0.287109,0.469727,0.058594,0.154297
cate2-00119,cate2,17,6,0.231445,0.449219,0.072266,0.164062
cate2-00119,cate2,18,7,0.178711,0.421875,0.064453,0.152344
cate2-00119,cate2,21,8,0.523438,0.422852,0.042969,0.228516
cate2-00119,cate2,22,9,0.563477,0.447266,0.044922,0.218750
cate2-00119,cate2,23,10,0.598633,0.468750,0.060547,0.246094
cate2-00119,cate2,24,11,0.624023,0.492188,0.052734,0.203125
cate2-00119,cate2,25,12,0.660156,0.494141,0.046875,0.199219
cate2-00119,cate2,26,13,0.710938,0.489258,0.066406,0.201172
cate2-00119,cate2,27,14,0.774414,0.492188,0.064453,0.167969
cate2-00119,cate2,28,15,0.828125,0.472656,0.062500,0.156250
cate2-00119,cate2,31,16,0.508789,0.659180,0.044922,0.146484
cate2-00119,cate2,32,17,0.543945,0.682617,0.041016,0.173828
cate2-00119,cate2,33,18,0.583008,0.695312,0.048828,0.191406
cate2-00119,cate2,34,19,0.624023,0.693359,0.048828,0.179688
cate2-00119,cate2,35,20,0.667969,0.696289,0.050781,0.197266
cate2-00119,cate2,36,21,0.736328,0.696289,0.089844,0.228516
cate2-00119,cate2,37,22,0.792969,0.669922,0.082031,0.207031
cate2-00119,cate2,38,23,0.850586,0.654297,0.076172,0.167969
cate2-00119,cate2,41,24,0.478516,0.658203,0.042969,0.148438
cate2-00119,cate2,42,25,0.439453,0.667969,0.046875,0.175781
cate2-00119,cate2,43,26,0.406250,0.680664,0.050781,0.197266
cate2-00119,cate2,44,27,0.370117,0.667969,0.044922,0.179688
cate2-00119,cate2,45,28,0.322266,0.660156,0.054688,0.183594
cate2-00119,cate2,46,29,0.259766,0.654297,0.097656,0.210938
cate2-00119,cate2,47,30,0.205078,0.611328,0.085938,0.187500
cate2-00119,cate2,48,31,0.159180,0.602539,0.056641,0.205078
cate2-00120,cate2,11,0,0.484375,0.445312,0.046875,0.234375
cate2-00120,cate2,12,1,0.452148,0.451172,0.044922,0.195312
cate2-00120,cate2,13,2,0.411133,0.392578,0.044922,0.242188
cate2-00120,cate2,14,3,0.384766,0.438477,0.050781,0.212891
cate2-00120,cate2,15,4,0.339844,0.416992,0.050781,0.169922
cate2-00120,cate2,16,5,0.285156,0.424805,0.062500,0.173828
cate2-00120,cate2,17,6,0.250000,0.387695,0.082031,0.166016
cate2-00120,cate2,18,7,0.238281,0.274414,0.054688,0.095703
cate2-00120,cate2,21,8,0.533203,0.452148,0.050781,0.236328
cate2-00120,cate2,22,9,0.572266,0.442383,0.039062,0.220703
cate2-00120,cate2,23,10,0.608398,0.409180,0.041016,0.271484
cate2-00120,cate2,24,11,0.641602,0.439453,0.048828,0.226562
cate2-00120,cate2,25,12,0.681641,0.409180,0.046875,0.162109
cate2-00120,cate2,26,13,0.728516,0.416016,0.062500,0.187500
cate2-00120,cate2,27,14,0.764648,0.386719,0.080078,0.171875
cate2-00120,cate2,28,15,0.783203,0.271484,0.050781,0.101562
cate2-00120,cate2,31,16,0.516602,0.661133,0.029297,0.150391
cate2-00120,cate2,32,17,0.548828,0.660156,0.035156,0.152344
cate2-00120,cate2,33,18,0.583008,0.695312,0.041016,0.238281
cate2-00120,cate2,34,19,0.618164,0.671875,0.052734,0.207031
cate2-00120,cate2,35,20,0.672852,0.664062,0.072266,0.210938
cate2-00120,cate2,36,21,0.728516,0.636719,0.105469,0.226562
cate2-00120,cate2,37,22,0.781250,0.584961,0.089844,0.205078
cate2-00120,cate2,38,23,0.838867,0.580078,0.064453,0.113281
cate2-00120,cate2,41,24,0.486328,0.668945,0.031250,0.177734
cate2-00120,cate2,42,25,0.455078,0.677734,0.031250,0.195312
cate2-00120,cate2,43,26,0.421875,0.677734,0.039062,0.207031
cate2-00120,cate2,44,27,0.386719,0.666992,0.046875,0.205078
cate2-00120,cate2,45,28,0.333008,0.660156,0.068359,0.218750
cate2-00120,cate2,46,29,0.277344,0.627930,0.101562,0.212891
cate2-00120,cate2,47,30,0.212891,0.583008,0.101562,0.205078
cate2-00120,cate2,48,31,0.164062,0.568359,0.062500,0.109375
cate2-00122,cate2,11,0,0.480469,0.402344,0.050781,0.207031
cate2-00122,cate2,12,1,0.439453,0.392578,0.039062,0.210938
cate2-00122,cate2,13,2,0.394531,0.346680,0.070312,0.283203
cate2-00122,cate2,14,3,0.364258,0.372070,0.060547,0.236328
cate2-00122,cate2,15,4,0.325195,0.366211,0.044922,0.236328
cate2-00122,cate2,16,5,0.279297,0.355469,0.062500,0.226562
cate2-00122,cate2,17,6,0.221680,0.337891,0.060547,0.214844
cate2-00122,cate2,18,7,0.164062,0.341797,0.058594,0.167969
cate2-00122,cate2,21,8,0.522461,0.362305,0.044922,0.275391
cate2-00122,cate2,22,9,0.559570,0.371094,0.033203,0.226562
cate2-00122,cate2,23,10,0.600586,0.327148,0.052734,0.306641
cate2-00122,cate2,24,11,0.637695,0.347656,0.044922,0.253906
cate2-00122,cate2,25,12,0.675781,0.342773,0.042969,0.255859
cate2-00122,cate2,26,13,0.721680,0.332031,0.060547,0.230469
cate2-00122,cate2,27,14,0.775391,0.326172,0.058594,0.214844
cate2-00122,cate2,28,15,0.822266,0.322266,0.066406,0.175781
cate2-00122,cate2,31,16,0.520508,0.614258,0.044922,0.169922
cate2-00122,cate2,32,17,0.543945,0.622070,0.041016,0.166016
cate2-00122,cate2,33,18,0.581055,0.642578,0.068359,0.214844
cate2-00122,cate2,34,19,0.619141,0.633789,0.070312,0.208984
cate2-00122,cate2,35,20,0.655273,0.618164,0.091797,0.205078
cate2-00122,cate2,36,21,0.709961,0.611328,0.103516,0.242188
cate2-00122,cate2,37,22,0.763672,0.563477,0.093750,0.197266
cate2-00122,cate2,38,23,0.816406,0.546875,0.070312,0.195312
cate2-00122,cate2,41,24,0.497070,0.619141,0.041016,0.152344
cate2-00122,cate2,42,25,0.468750,0.629883,0.035156,0.166016
cate2-00122,cate2,43,26,0.435547,0.641602,0.042969,0.216797
cate2-00122,cate2,44,27,0.398438,0.638672,0.042969,0.210938
cate2-00122,cate2,45,28,0.354492,0.625000,0.068359,0.210938
cate2-00122,cate2,46,29,0.297852,0.615234,0.099609,0.238281
cate2-00122,cate2,47,30,0.228516,0.572266,0.105469,0.199219
cate2-00122,cate2,48,31,0.160156,0.552734,0.089844,0.152344
cate2-00123,cate2,11,0,0.492188,0.410156,0.039062,0.214844
cate2-00123,cate2,12,1,0.453125,0.409180,0.035156,0.212891
cate2-00123,cate2,13,2,0.416016,0.381836,0.042969,0.271484
cate2-00123,cate2,14,3,0.380859,0.412109,0.046875,0.195312
cate2-00123,cate2,15,4,0.342773,0.402344,0.037109,0.183594
cate2-00123,cate2,16,5,0.299805,0.409180,0.060547,0.154297
cate2-00123,cate2,17,6,0.247070,0.391602,0.056641,0.146484
cate2-00123,cate2,18,7,0.213867,0.314453,0.056641,0.132812
cate2-00123,cate2,21,8,0.533203,0.394531,0.046875,0.238281
cate2-00123,cate2,22,9,0.573242,0.402344,0.033203,0.207031
cate2-00123,cate2,23,10,0.608398,0.390625,0.033203,0.238281
cate2-00123,cate2,24,11,0.643555,0.391602,0.041016,0.208984
cate2-00123,cate2,25,12,0.676758,0.382812,0.041016,0.199219
cate2-00123,cate2,26,13,0.719727,0.376953,0.052734,0.171875
cate2-00123,cate2,27,14,0.767578,0.355469,0.050781,0.164062
cate2-00123,cate2,28,15,0.798828,0.329102,0.050781,0.103516
cate2-00123,cate2,31,16,0.530273,0.606445,0.041016,0.134766
cate2-00123,cate2,32,17,0.558594,0.616211,0.039062,0.169922
cate2-00123,cate2,33,18,0.599609,0.633789,0.058594,0.228516
cate2-00123,cate2,34,19,0.625000,0.597656,0.039062,0.175781
cate2-00123,cate2,35,20,0.659180,0.588867,0.052734,0.177734
cate2-00123,cate2,36,21,0.709961,0.575195,0.083984,0.197266
cate2-00123,cate2,37,22,0.759766,0.541016,0.074219,0.175781
cate2-00123,cate2,38,23,0.815430,0.518555,0.068359,0.166016
cate2-00123,cate2,41,24,0.498047,0.620117,0.027344,0.166016
cate2-00123,cate2,42,25,0.473633,0.617188,0.029297,0.164062
cate2-00123,cate2,43,26,0.440430,0.619141,0.033203,0.195312
cate2-00123,cate2,44,27,0.402344,0.618164,0.039062,0.212891
cate2-00123,cate2,45,28,0.367188,0.620117,0.050781,0.216797
cate2-00123,cate2,46,29,0.315430,0.600586,0.087891,0.201172
cate2-00123,cate2,47,30,0.253906,0.569336,0.078125,0.181641
cate2-00123,cate2,48,31,0.201172,0.539062,0.066406,0.171875
cate2-00124,cate2,11,0,0.481445,0.420898,0.037109,0.236328
cate2-00124,cate2,12,1,0.448242,0.406250,0.037109,0.230469
cate2-00124,cate2,13,2,0.415039,0.395508,0.041016,0.244141
cate2-00124,cate2,14,3,0.387695,0.406250,0.044922,0.222656
cate2-00124,cate2,15,4,0.353516,0.401367,0.039062,0.224609
cate2-00124,cate2,16,5,0.311523,0.429688,0.060547,0.148438
cate2-00124,cate2,17,6,0.256836,0.405273,0.060547,0.162109
cate2-00124,cate2,18,7,0.223633,0.310547,0.060547,0.156250
cate2-00124,cate2,21,8,0.526367,0.416992,0.041016,0.240234
cate2-00124,cate2,22,9,0.559570,0.427734,0.037109,0.195312
cate2-00124,cate2,23,10,0.588867,0.411133,0.048828,0.244141
cate2-00124,cate2,24,11,0.621094,0.405273,0.046875,0.240234
cate2-00124,cate2,25,12,0.651367,0.421875,0.044922,0.210938
cate2-00124,cate2,26,13,0.694336,0.429688,0.056641,0.187500
cate2-00124,cate2,27,14,0.749023,0.438477,0.056641,0.154297
cate2-00124,cate2,28,15,0.782227,0.364258,0.052734,0.126953
cate2-00124,cate2,31,16,0.520508,0.651367,0.025391,0.189453
cate2-00124,cate2,32,17,0.544922,0.666016,0.027344,0.207031
cate2-00124,cate2,33,18,0.578125,0.682617,0.039062,0.244141
cate2-00124,cate2,34,19,0.609375,0.671875,0.046875,0.218750
cate2-00124,cate2,35,20,0.643555,0.675781,0.060547,0.230469
cate2-00124,cate2,36,21,0.701172,0.669922,0.093750,0.230469
cate2-00124,cate2,37,22,0.750977,0.639648,0.076172,0.208984
cate2-00124,cate2,38,23,0.804688,0.595703,0.078125,0.179688
cate2-00124,cate2,41,24,0.493164,0.637695,0.025391,0.173828
cate2-00124,cate2,42,25,0.461914,0.649414,0.029297,0.193359
cate2-00124,cate2,43,26,0.431641,0.667969,0.042969,0.242188
cate2-00124,cate2,44,27,0.397461,0.658203,0.052734,0.222656
cate2-00124,cate2,45,28,0.358398,0.661133,0.060547,0.232422
cate2-00124,cate2,46,29,0.301758,0.653320,0.103516,0.220703
cate2-00124,cate2,47,30,0.252930,0.620117,0.087891,0.205078
cate2-00124,cate2,48,31,0.200195,0.572266,0.080078,0.171875
cate2-00126,cate2,11,0,0.487305,0.513672,0.044922,0.234375
cate2-00126,cate2,12,1,0.444336,0.499023,0.041016,0.201172
cate2-00126,cate2,13,2,0.405273,0.478516,0.044922,0.261719
cate2-00126,cate2,14,3,0.375000,0.482422,0.062500,0.250000
cate2-00126,cate2,15,4,0.326172,0.509766,0.046875,0.171875
cate2-00126,cate2,16,5,0.278320,0.480469,0.056641,0.195312
cate2-00126,cate2,17,6,0.227539,0.456055,0.064453,0.173828
cate2-00126,cate2,18,7,0.219727,0.359375,0.048828,0.093750
cate2-00126,cate2,21,8,0.540039,0.526367,0.048828,0.205078
cate2-00126,cate2,22,9,0.579102,0.567383,0.033203,0.103516
cate2-00126,cate2,23,10,0.611328,0.538086,0.039062,0.162109
cate2-00126,cate2,24,11,0.651367,0.527344,0.037109,0.183594
cate2-00126,cate2,25,12,0.690430,0.503906,0.048828,0.179688
cate2-00126,cate2,26,13,0.736328,0.491211,0.058594,0.181641
cate2-00126,cate2,27,14,0.785156,0.455078,0.062500,0.179688
cate2-00126,cate2,28,15,0.792969,0.357422,0.054688,0.089844
cate2-00126,cate2,31,16,0.524414,0.721680,0.025391,0.150391
cate2-00126,cate2,32,17,0.554688,0.728516,0.031250,0.152344
cate2-00126,cate2,33,18,0.597656,0.740234,0.058594,0.191406
cate2-00126,cate2,34,19,0.631836,0.723633,0.041016,0.177734
cate2-00126,cate2,35,20,0.676758,0.715820,0.052734,0.201172
cate2-00126,cate2,36,21,0.732422,0.685547,0.089844,0.199219
cate2-00126,cate2,37,22,0.794922,0.638672,0.085938,0.183594
cate2-00126,cate2,38,23,0.849609,0.625000,0.058594,0.113281
cate2-00126,cate2,41,24,0.496094,0.721680,0.031250,0.150391
cate2-00126,cate2,42,25,0.465820,0.720703,0.033203,0.152344
cate2-00126,cate2,43,26,0.427734,0.719727,0.046875,0.185547
cate2-00126,cate2,44,27,0.384766,0.720703,0.046875,0.191406
cate2-00126,cate2,45,28,0.336914,0.708008,0.068359,0.201172
cate2-00126,cate2,46,29,0.282227,0.679688,0.087891,0.191406
cate2-00126,cate2,47,30,0.218750,0.637695,0.085938,0.197266
cate2-00126,cate2,48,31,0.162109,0.623047,0.062500,0.105469
cate2-00127,cate2,11,0,0.470703,0.404297,0.046875,0.257812
cate2-00127,cate2,12,1,0.432617,0.393555,0.044922,0.236328
cate2-00127,cate2,13,2,0.397461,0.369141,0.044922,0.273438
cate2-00127,cate2,14,3,0.362305,0.370117,0.041016,0.236328
cate2-00127,cate2,15,4,0.324219,0.369141,0.046875,0.214844
cate2-00127,cate2,16,5,0.272461,0.363281,0.068359,0.210938
cate2-00127,cate2,17,6,0.215820,0.318359,0.068359,0.218750
cate2-00127,cate2,18,7,0.177734,0.237305,0.062500,0.154297
cate2-00127,cate2,21,8,0.509766,0.409180,0.042969,0.220703
cate2-00127,cate2,22,9,0.552734,0.405273,0.039062,0.224609
cate2-00127,cate2,23,10,0.589844,0.376953,0.039062,0.285156
cate2-00127,cate2,24,11,0.614258,0.391602,0.060547,0.232422
cate2-00127,cate2,25,12,0.661133,0.384766,0.044922,0.214844
cate2-00127,cate2,26,13,0.712891,0.365234,0.070312,0.218750
cate2-00127,cate2,27,14,0.781250,0.333984,0.062500,0.214844
cate2-00127,cate2,28,15,0.828125,0.261719,0.066406,0.175781
cate2-00127,cate2,31,16,0.500977,0.625000,0.029297,0.160156
cate2-00127,cate2,32,17,0.527344,0.630859,0.027344,0.171875
cate2-00127,cate2,33,18,0.570312,0.667969,0.050781,0.246094
cate2-00127,cate2,34,19,0.608398,0.657227,0.056641,0.240234
cate2-00127,cate2,35,20,0.646484,0.636719,0.070312,0.238281
cate2-00127,cate2,36,21,0.705078,0.607422,0.113281,0.242188
cate2-00127,cate2,37,22,0.780273,0.566406,0.103516,0.218750
cate2-00127,cate2,38,23,0.841797,0.516602,0.078125,0.126953
cate2-00127,cate2,41,24,0.473633,0.633789,0.025391,0.177734
cate2-00127,cate2,42,25,0.451172,0.640625,0.039062,0.187500
cate2-00127,cate2,43,26,0.398438,0.679688,0.070312,0.230469
cate2-00127,cate2,44,27,0.372070,0.650391,0.083984,0.234375
cate2-00127,cate2,45,28,0.341797,0.629883,0.074219,0.232422
cate2-00127,cate2,46,29,0.282227,0.604492,0.115234,0.232422
cate2-00127,cate2,47,30,0.225586,0.566406,0.087891,0.207031
cate2-00127,cate2,48,31,0.154297,0.511719,0.093750,0.164062
cate2-00128,cate2,11,0,0.491211,0.366211,0.056641,0.267578
cate2-00128,cate2,12,1,0.453125,0.361328,0.039062,0.230469
cate2-00128,cate2,13,2,0.410156,0.350586,0.046875,0.251953
cate2-00128,cate2,14,3,0.374023,0.361328,0.048828,0.210938
cate2-00128,cate2,15,4,0.335938,0.344727,0.046875,0.212891
cate2-00128,cate2,16,5,0.285156,0.341797,0.066406,0.187500
cate2-00128,cate2,17,6,0.226562,0.303711,0.058594,0.208984
cate2-00128,cate2,18,7,0.184570,0.274414,0.048828,0.166016
cate2-00128,cate2,21,8,0.528320,0.367188,0.041016,0.250000
cate2-00128,cate2,22,9,0.569336,0.365234,0.041016,0.238281
cate2-00128,cate2,23,10,0.607422,0.355469,0.046875,0.253906
cate2-00128,cate2,24,11,0.644531,0.349609,0.046875,0.226562
cate2-00128,cate2,25,12,0.675781,0.339844,0.050781,0.218750
cate2-00128,cate2,26,13,0.723633,0.298828,0.064453,0.250000
cate2-00128,cate2,27,14,0.783203,0.296875,0.054688,0.203125
cate2-00128,cate2,28,15,0.829102,0.279297,0.052734,0.164062
cate2-00128,cate2,31,16,0.540039,0.583008,0.037109,0.130859
cate2-00128,cate2,32,17,0.566406,0.596680,0.039062,0.154297
cate2-00128,cate2,33,18,0.601562,0.614258,0.050781,0.220703
cate2-00128,cate2,34,19,0.642578,0.602539,0.062500,0.220703
cate2-00128,cate2,35,20,0.680664,0.587891,0.080078,0.222656
cate2-00128,cate2,36,21,0.737305,0.556641,0.107422,0.218750
cate2-00128,cate2,37,22,0.796875,0.515625,0.101562,0.203125
cate2-00128,cate2,38,23,0.846680,0.451172,0.087891,0.183594
cate2-00128,cate2,41,24,0.507812,0.586914,0.035156,0.119141
cate2-00128,cate2,42,25,0.476562,0.584961,0.031250,0.130859
cate2-00128,cate2,43,26,0.430664,0.615234,0.060547,0.187500
cate2-00128,cate2,44,27,0.399414,0.607422,0.060547,0.207031
cate2-00128,cate2,45,28,0.362305,0.595703,0.068359,0.222656
cate2-00128,cate2,46,29,0.302734,0.578125,0.097656,0.226562
cate2-00128,cate2,47,30,0.236328,0.544922,0.105469,0.203125
cate2-00128,cate2,48,31,0.179688,0.469727,0.097656,0.158203
cate2-00129,cate2,11,0,0.480469,0.485352,0.046875,0.228516
cate2-00129,cate2,12,1,0.436523,0.489258,0.033203,0.193359
cate2-00129,cate2,13,2,0.403320,0.456055,0.044922,0.248047
cate2-00129,cate2,14,3,0.365234,0.456055,0.050781,0.216797
cate2-00129,cate2,15,4,0.326172,0.438477,0.050781,0.212891
cate2-00129,cate2,16,5,0.284180,0.423828,0.068359,0.199219
cate2-00129,cate2,17,6,0.230469,0.400391,0.066406,0.191406
cate2-00129,cate2,18,7,0.207031,0.317383,0.062500,0.115234
cate2-00129,cate2,21,8,0.520508,0.475586,0.044922,0.240234
cate2-00129,cate2,22,9,0.557617,0.491211,0.037109,0.193359
cate2-00129,cate2,23,10,0.595703,0.453125,0.046875,0.246094
cate2-00129,cate2,24,11,0.635742,0.459961,0.056641,0.216797
cate2-00129,cate2,25,12,0.671875,0.441406,0.054688,0.218750
cate2-00129,cate2,26,13,0.724609,0.446289,0.066406,0.185547
cate2-00129,cate2,27,14,0.780273,0.416992,0.068359,0.173828
cate2-00129,cate2,28,15,0.804688,0.321289,0.058594,0.103516
cate2-00129,cate2,31,16,0.522461,0.670898,0.025391,0.123047
cate2-00129,cate2,32,17,0.553711,0.674805,0.037109,0.126953
cate2-00129,cate2,33,18,0.588867,0.691406,0.044922,0.195312
cate2-00129,cate2,34,19,0.625000,0.677734,0.046875,0.191406
cate2-00129,cate2,35,20,0.668945,0.672852,0.056641,0.197266
cate2-00129,cate2,36,21,0.725586,0.651367,0.091797,0.208984
cate2-00129,cate2,37,22,0.791992,0.608398,0.091797,0.189453
cate2-00129,cate2,38,23,0.851562,0.587891,0.058594,0.117188
cate2-00129,cate2,41,24,0.497070,0.672852,0.029297,0.115234
cate2-00129,cate2,42,25,0.470703,0.679688,0.039062,0.144531
cate2-00129,cate2,43,26,0.430664,0.684570,0.048828,0.189453
cate2-00129,cate2,44,27,0.396484,0.667969,0.046875,0.179688
cate2-00129,cate2,45,28,0.354492,0.669922,0.052734,0.203125
cate2-00129,cate2,46,29,0.298828,0.639648,0.093750,0.201172
cate2-00129,cate2,47,30,0.233398,0.605469,0.087891,0.187500
cate2-00129,cate2,48,31,0.171875,0.596680,0.058594,0.119141
cate2-00130,cate2,11,0,0.465820,0.480469,0.037109,0.234375
cate2-00130,cate2,12,1,0.434570,0.476562,0.025391,0.207031
cate2-00130,cate2,13,2,0.401367,0.448242,0.044922,0.248047
cate2-00130,cate2,14,3,0.375000,0.456055,0.050781,0.201172
cate2-00130,cate2,15,4,0.335938,0.450195,0.046875,0.177734
cate2-00130,cate2,16,5,0.294922,0.434570,0.066406,0.220703
cate2-00130,cate2,17,6,0.235352,0.439453,0.060547,0.183594
cate2-00130,cate2,18,7,0.196289,0.427734,0.083984,0.171875
cate2-00130,cate2,21,8,0.500977,0.484375,0.041016,0.230469
cate2-00130,cate2,22,9,0.536133,0.475586,0.029297,0.228516
cate2-00130,cate2,23,10,0.571289,0.461914,0.044922,0.236328
cate2-00130,cate2,24,11,0.597656,0.471680,0.046875,0.212891
cate2-00130,cate2,25,12,0.631836,0.473633,0.044922,0.201172
cate2-00130,cate2,26,13,0.677734,0.459961,0.062500,0.208984
cate2-00130,cate2,27,14,0.730469,0.439453,0.058594,0.207031
cate2-00130,cate2,28,15,0.774414,0.432617,0.068359,0.169922
cate2-00130,cate2,31,16,0.483398,0.678711,0.029297,0.146484
cate2-00130,cate2,32,17,0.504883,0.684570,0.041016,0.150391
cate2-00130,cate2,33,18,0.537109,0.715820,0.046875,0.228516
cate2-00130,cate2,34,19,0.574219,0.689453,0.046875,0.179688
cate2-00130,cate2,35,20,0.599609,0.688477,0.078125,0.208984
cate2-00130,cate2,36,21,0.653320,0.674805,0.083984,0.208984
cate2-00130,cate2,37,22,0.710938,0.647461,0.074219,0.197266
cate2-00130,cate2,38,23,0.791016,0.635742,0.097656,0.123047
cate2-00130,cate2,41,24,0.460938,0.676758,0.027344,0.146484
cate2-00130,cate2,42,25,0.434570,0.677734,0.025391,0.148438
cate2-00130,cate2,43,26,0.403320,0.699219,0.037109,0.210938
cate2-00130,cate2,44,27,0.372070,0.680664,0.044922,0.193359
cate2-00130,cate2,45,28,0.336914,0.671875,0.064453,0.195312
cate2-00130,cate2,46,29,0.294922,0.655273,0.085938,0.197266
cate2-00130,cate2,47,30,0.229492,0.635742,0.083984,0.181641
cate2-00130,cate2,48,31,0.178711,0.609375,0.068359,0.167969
cate2-00133,cate2,11,0,0.490234,0.452148,0.046875,0.216797
cate2-00133,cate2,12,1,0.451172,0.400391,0.035156,0.289062
cate2-00133,cate2,13,2,0.416992,0.389648,0.048828,0.283203
cate2-00133,cate2,14,3,0.384766,0.407227,0.054688,0.240234
cate2-00133,cate2,15,4,0.345703,0.398438,0.046875,0.218750
cate2-00133,cate2,16,5,0.298828,0.398438,0.062500,0.191406
cate2-00133,cate2,17,6,0.246094,0.364258,0.066406,0.197266
cate2-00133,cate2,18,7,0.218750,0.282227,0.074219,0.142578
cate2-00133,cate2,21,8,0.528320,0.444336,0.044922,0.232422
cate2-00133,cate2,22,9,0.565430,0.416016,0.041016,0.253906
cate2-00133,cate2,23,10,0.598633,0.395508,0.048828,0.275391
cate2-00133,cate2,24,11,0.638672,0.397461,0.050781,0.244141
cate2-00133,cate2,25,12,0.671875,0.397461,0.042969,0.208984
cate2-00133,cate2,26,13,0.718750,0.389648,0.062500,0.205078
cate2-00133,cate2,27,14,0.776367,0.352539,0.060547,0.212891
cate2-00133,cate2,28,15,0.795898,0.248047,0.052734,0.117188
cate2-00133,cate2,31,16,0.520508,0.671875,0.025391,0.183594
cate2-00133,cate2,32,17,0.542969,0.677734,0.031250,0.218750
cate2-00133,cate2,33,18,0.578125,0.680664,0.035156,0.216797
cate2-00133,cate2,34,19,0.612305,0.665039,0.060547,0.232422
cate2-00133,cate2,35,20,0.650391,0.641602,0.062500,0.216797
cate2-00133,cate2,36,21,0.709961,0.627930,0.103516,0.220703
cate2-00133,cate2,37,22,0.771484,0.597656,0.097656,0.230469
cate2-00133,cate2,38,23,0.835938,0.548828,0.089844,0.160156
cate2-00133,cate2,41,24,0.492188,0.658203,0.023438,0.148438
cate2-00133,cate2,42,25,0.466797,0.662109,0.031250,0.175781
cate2-00133,cate2,43,26,0.435547,0.680664,0.035156,0.216797
cate2-00133,cate2,44,27,0.390625,0.674805,0.074219,0.236328
cate2-00133,cate2,45,28,0.362305,0.647461,0.064453,0.205078
cate2-00133,cate2,46,29,0.308594,0.632812,0.097656,0.230469
cate2-00133,cate2,47,30,0.243164,0.592773,0.103516,0.208984
cate2-00133,cate2,48,31,0.177734,0.548828,0.097656,0.167969
cate2-00134,cate2,11,0,0.498047,0.481445,0.039062,0.248047
cate2-00134,cate2,12,1,0.462891,0.482422,0.031250,0.218750
cate2-00134,cate2,13,2,0.426758,0.456055,0.044922,0.271484
cate2-00134,cate2,14,3,0.396484,0.459961,0.050781,0.248047
cate2-00134,cate2,15,4,0.357422,0.457031,0.046875,0.234375
cate2-00134,cate2,16,5,0.313477,0.457031,0.068359,0.207031
cate2-00134,cate2,17,6,0.256836,0.427734,0.064453,0.203125
cate2-00134,cate2,18,7,0.227539,0.364258,0.052734,0.119141
cate2-00134,cate2,21,8,0.539062,0.487305,0.039062,0.232422
cate2-00134,cate2,22,9,0.576172,0.486328,0.031250,0.218750
cate2-00134,cate2,23,10,0.607422,0.470703,0.039062,0.253906
cate2-00134,cate2,24,11,0.647461,0.457031,0.037109,0.253906
cate2-00134,cate2,25,12,0.676758,0.457031,0.037109,0.226562
cate2-00134,cate2,26,13,0.720703,0.454102,0.058594,0.216797
cate2-00134,cate2,27,14,0.766602,0.413086,0.064453,0.236328
cate2-00134,cate2,28,15,0.792969,0.357422,0.046875,0.136719
cate2-00134,cate2,31,16,0.539062,0.713867,0.031250,0.181641
cate2-00134,cate2,32,17,0.563477,0.718750,0.029297,0.183594
cate2-00134,cate2,33,18,0.595703,0.734375,0.042969,0.226562
cate2-00134,cate2,34,19,0.628906,0.732422,0.046875,0.222656
cate2-00134,cate2,35,20,0.682617,0.712891,0.083984,0.210938
cate2-00134,cate2,36,21,0.722656,0.695312,0.097656,0.230469
cate2-00134,cate2,37,22,0.791016,0.652344,0.105469,0.226562
cate2-00134,cate2,38,23,0.841797,0.597656,0.082031,0.128906
cate2-00134,cate2,41,24,0.511719,0.709961,0.031250,0.166016
cate2-00134,cate2,42,25,0.488281,0.702148,0.035156,0.158203
cate2-00134,cate2,43,26,0.454102,0.715820,0.033203,0.189453
cate2-00134,cate2,44,27,0.420898,0.718750,0.041016,0.214844
cate2-00134,cate2,45,28,0.374023,0.712891,0.072266,0.222656
cate2-00134,cate2,46,29,0.319336,0.693359,0.107422,0.226562
cate2-00134,cate2,47,30,0.247070,0.654297,0.111328,0.214844
cate2-00134,cate2,48,31,0.187500,0.616211,0.093750,0.142578
cate2-00135,cate2,11,0,0.481445,0.453125,0.041016,0.187500
cate2-00135,cate2,12,1,0.453125,0.447266,0.039062,0.175781
cate2-00135,cate2,13,2,0.418945,0.431641,0.037109,0.230469
cate2-00135,cate2,14,3,0.388672,0.452148,0.039062,0.193359
cate2-00135,cate2,15,4,0.354492,0.455078,0.041016,0.183594
cate2-00135,cate2,16,5,0.312500,0.459961,0.054688,0.177734
cate2-00135,cate2,17,6,0.262695,0.439453,0.044922,0.187500
cate2-00135,cate2,18,7,0.216797,0.416992,0.050781,0.177734
cate2-00135,cate2,21,8,0.525391,0.442383,0.042969,0.205078
cate2-00135,cate2,22,9,0.558594,0.442383,0.031250,0.197266
cate2-00135,cate2,23,10,0.587891,0.432617,0.039062,0.224609
cate2-00135,cate2,24,11,0.621094,0.441406,0.042969,0.214844
cate2-00135,cate2,25,12,0.655273,0.441406,0.044922,0.214844
cate2-00135,cate2,26,13,0.698242,0.458008,0.064453,0.162109
cate2-00135,cate2,27,14,0.750977,0.437500,0.048828,0.187500
cate2-00135,cate2,28,15,0.798828,0.412109,0.058594,0.195312
cate2-00135,cate2,31,16,0.525391,0.648438,0.027344,0.160156
cate2-00135,cate2,32,17,0.548828,0.644531,0.035156,0.160156
cate2-00135,cate2,33,18,0.583008,0.658203,0.029297,0.214844
cate2-00135,cate2,34,19,0.616211,0.667969,0.056641,0.203125
cate2-00135,cate2,35,20,0.653320,0.652344,0.060547,0.199219
cate2-00135,cate2,36,21,0.704102,0.629883,0.091797,0.193359
cate2-00135,cate2,37,22,0.751953,0.613281,0.066406,0.183594
cate2-00135,cate2,38,23,0.821289,0.572266,0.095703,0.152344
cate2-00135,cate2,41,24,0.501953,0.667969,0.027344,0.214844
cate2-00135,cate2,42,25,0.475586,0.661133,0.037109,0.185547
cate2-00135,cate2,43,26,0.441406,0.660156,0.039062,0.195312
cate2-00135,cate2,44,27,0.409180,0.659180,0.044922,0.201172
cate2-00135,cate2,45,28,0.375977,0.654297,0.044922,0.203125
cate2-00135,cate2,46,29,0.323242,0.642578,0.083984,0.187500
cate2-00135,cate2,47,30,0.265625,0.620117,0.078125,0.173828
cate2-00135,cate2,48,31,0.215820,0.579102,0.076172,0.162109
cate2-00136,cate2,11,0,0.479492,0.492188,0.037109,0.175781
cate2-00136,cate2,12,1,0.446289,0.477539,0.029297,0.181641
cate2-00136,cate2,13,2,0.416992,0.459961,0.033203,0.232422
cate2-00136,cate2,14,3,0.384766,0.474609,0.039062,0.175781
cate2-00136,cate2,15,4,0.348633,0.461914,0.037109,0.177734
cate2-00136,cate2,16,5,0.303711,0.440430,0.052734,0.197266
cate2-00136,cate2,17,6,0.256836,0.428711,0.052734,0.169922
cate2-00136,cate2,18,7,0.223633,0.383789,0.064453,0.126953
cate2-00136,cate2,21,8,0.517578,0.491211,0.039062,0.189453
cate2-00136,cate2,22,9,0.550781,0.494141,0.031250,0.183594
cate2-00136,cate2,23,10,0.582031,0.482422,0.035156,0.222656
cate2-00136,cate2,24,11,0.618164,0.502930,0.041016,0.166016
cate2-00136,cate2,25,12,0.652344,0.493164,0.042969,0.177734
cate2-00136,cate2,26,13,0.700195,0.475586,0.052734,0.181641
cate2-00136,cate2,27,14,0.754883,0.453125,0.056641,0.175781
cate2-00136,cate2,28,15,0.791992,0.382812,0.060547,0.148438
cate2-00136,cate2,31,16,0.503906,0.682617,0.035156,0.158203
cate2-00136,cate2,32,17,0.527344,0.681641,0.031250,0.144531
cate2-00136,cate2,33,18,0.555664,0.693359,0.037109,0.171875
cate2-00136,cate2,34,19,0.588867,0.699219,0.048828,0.191406
cate2-00136,cate2,35,20,0.631836,0.680664,0.060547,0.177734
cate2-00136,cate2,36,21,0.692383,0.671875,0.095703,0.199219
cate2-00136,cate2,37,22,0.758789,0.628906,0.107422,0.175781
cate2-00136,cate2,38,23,0.803711,0.586914,0.072266,0.166016
cate2-00136,cate2,41,24,0.472656,0.668945,0.039062,0.158203
cate2-00136,cate2,42,25,0.449219,0.678711,0.027344,0.158203
cate2-00136,cate2,43,26,0.416992,0.691406,0.041016,0.191406
cate2-00136,cate2,44,27,0.385742,0.687500,0.044922,0.191406
cate2-00136,cate2,45,28,0.350586,0.658203,0.056641,0.152344
cate2-00136,cate2,46,29,0.301758,0.650391,0.087891,0.187500
cate2-00136,cate2,47,30,0.239258,0.593750,0.095703,0.160156
cate2-00136,cate2,48,31,0.194336,0.544922,0.076172,0.144531
cate3-00003,cate3,11,0,0.488281,0.423828,0.046875,0.257812
cate3-00003,cate3,12,1,0.447266,0.413086,0.042969,0.240234
cate3-00003,cate3,13,2,0.411133,0.411133,0.056641,0.240234
cate3-00003,cate3,14,3,0.374023,0.398438,0.052734,0.222656
cate3-00003,cate3,15,4,0.338867,0.394531,0.052734,0.187500
cate3-00003,cate3,16,5,0.294922,0.375977,0.066406,0.197266
cate3-00003,cate3,17,6,0.236328,0.358398,0.062500,0.173828
cate3-00003,cate3,18,7,0.224609,0.224609,0.058594,0.105469
cate3-00003,cate3,21,8,0.533203,0.417969,0.046875,0.261719
cate3-00003,cate3,22,9,0.575195,0.417969,0.041016,0.238281
cate3-00003,cate3,23,10,0.614258,0.406250,0.037109,0.253906
cate3-00003,cate3,24,11,0.651367,0.396484,0.044922,0.210938
cate3-00003,cate3,25,12,0.687500,0.390625,0.042969,0.214844
cate3-00003,cate3,26,13,0.730469,0.375000,0.062500,0.179688
cate3-00003,cate3,27,14,0.779297,0.340820,0.074219,0.201172
cate3-00003,cate3,28,15,0.792969,0.222656,0.074219,0.109375
cate3-00003,cate3,31,16,0.519531,0.645508,0.023438,0.158203
cate3-00003,cate3,32,17,0.551758,0.654297,0.037109,0.183594
cate3-00003,cate3,33,18,0.588867,0.651367,0.048828,0.212891
cate3-00003,cate3,34,19,0.616211,0.634766,0.048828,0.191406
cate3-00003,cate3,35,20,0.655273,0.623047,0.041016,0.195312
cate3-00003,cate3,36,21,0.704102,0.594727,0.083984,0.208984
cate3-00003,cate3,37,22,0.769531,0.550781,0.082031,0.195312
cate3-00003,cate3,38,23,0.831055,0.531250,0.068359,0.113281
cate3-00003,cate3,41,24,0.489258,0.641602,0.033203,0.142578
cate3-00003,cate3,42,25,0.458984,0.644531,0.042969,0.164062
cate3-00003,cate3,43,26,0.415039,0.642578,0.056641,0.183594
cate3-00003,cate3,44,27,0.388672,0.637695,0.035156,0.197266
cate3-00003,cate3,45,28,0.357422,0.624023,0.050781,0.193359
cate3-00003,cate3,46,29,0.300781,0.601562,0.097656,0.218750
cate3-00003,cate3,47,30,0.238281,0.545898,0.097656,0.205078
cate3-00003,cate3,48,31,0.186523,0.528320,0.068359,0.119141
cate3-00006,cate3,11,0,0.499023,0.368164,0.048828,0.224609
cate3-00006,cate3,12,1,0.470703,0.356445,0.046875,0.224609
cate3-00006,cate3,13,2,0.426758,0.338867,0.052734,0.283203
cate3-00006,cate3,14,3,0.378906,0.350586,0.039062,0.228516
cate3-00006,cate3,15,4,0.337891,0.334961,0.054688,0.232422
cate3-00006,cate3,16,5,0.282227,0.342773,0.068359,0.197266
cate3-00006,cate3,17,6,0.247070,0.266602,0.068359,0.162109
cate3-00006,cate3,18,7,0.208008,0.187500,0.064453,0.136719
cate3-00006,cate3,21,8,0.541016,0.364258,0.042969,0.251953
cate3-00006,cate3,22,9,0.579102,0.359375,0.037109,0.250000
cate3-00006,cate3,23,10,0.615234,0.350586,0.039062,0.275391
cate3-00006,cate3,24,11,0.650391,0.358398,0.035156,0.228516
cate3-00006,cate3,25,12,0.684570,0.347656,0.041016,0.226562
cate3-00006,cate3,26,13,0.730469,0.348633,0.062500,0.181641
cate3-00006,cate3,27,14,0.780273,0.325195,0.060547,0.162109
cate3-00006,cate3,28,15,0.811523,0.202148,0.072266,0.150391
cate3-00006,cate3,31,16,0.543945,0.607422,0.029297,0.203125
cate3-00006,cate3,32,17,0.572266,0.615234,0.035156,0.214844
cate3-00006,cate3,33,18,0.610352,0.621094,0.052734,0.250000
cate3-00006,cate3,34,19,0.635742,0.607422,0.037109,0.218750
cate3-00006,cate3,35,20,0.675781,0.601562,0.050781,0.238281
cate3-00006,cate3,36,21,0.729492,0.583984,0.080078,0.230469
cate3-00006,cate3,37,22,0.785156,0.565430,0.070312,0.220703
cate3-00006,cate3,38,23,0.846680,0.500000,0.064453,0.136719
cate3-00006,cate3,41,24,0.519531,0.600586,0.023438,0.193359
cate3-00006,cate3,42,25,0.495117,0.610352,0.025391,0.208984
cate3-00006,cate3,43,26,0.458984,0.613281,0.039062,0.246094
cate3-00006,cate3,44,27,0.421875,0.599609,0.042969,0.234375
cate3-00006,cate3,45,28,0.379883,0.609375,0.056641,0.269531
cate3-00006,cate3,46,29,0.314453,0.578125,0.082031,0.218750
cate3-00006,cate3,47,30,0.249023,0.551758,0.076172,0.201172
cate3-00006,cate3,48,31,0.183594,0.505859,0.070312,0.148438
cate3-00007,cate3,11,0,0.483398,0.454102,0.044922,0.220703
cate3-00007,cate3,12,1,0.444336,0.442383,0.044922,0.216797
cate3-00007,cate3,13,2,0.404297,0.403320,0.046875,0.279297
cate3-00007,cate3,14,3,0.360352,0.431641,0.048828,0.207031
cate3-00007,cate3,15,4,0.320312,0.423828,0.042969,0.199219
cate3-00007,cate3,16,5,0.277344,0.416992,0.062500,0.173828
cate3-00007,cate3,17,6,0.216797,0.397461,0.062500,0.177734
cate3-00007,cate3,18,7,0.181641,0.322266,0.070312,0.167969
cate3-00007,cate3,21,8,0.525391,0.442383,0.054688,0.248047
cate3-00007,cate3,22,9,0.563477,0.445312,0.044922,0.222656
cate3-00007,cate3,23,10,0.603516,0.414062,0.046875,0.265625
cate3-00007,cate3,24,11,0.640625,0.434570,0.050781,0.212891
cate3-00007,cate3,25,12,0.683594,0.425781,0.046875,0.183594
cate3-00007,cate3,26,13,0.736328,0.414062,0.062500,0.191406
cate3-00007,cate3,27,14,0.791992,0.397461,0.060547,0.185547
cate3-00007,cate3,28,15,0.824219,0.305664,0.058594,0.154297
cate3-00007,cate3,31,16,0.509766,0.652344,0.027344,0.105469
cate3-00007,cate3,32,17,0.537109,0.656250,0.023438,0.125000
cate3-00007,cate3,33,18,0.575195,0.672852,0.041016,0.201172
cate3-00007,cate3,34,19,0.613281,0.667969,0.054688,0.210938
cate3-00007,cate3,35,20,0.656250,0.653320,0.082031,0.189453
cate3-00007,cate3,36,21,0.708008,0.628906,0.091797,0.203125
cate3-00007,cate3,37,22,0.780273,0.597656,0.087891,0.191406
cate3-00007,cate3,38,23,0.846680,0.548828,0.087891,0.175781
cate3-00007,cate3,41,24,0.484375,0.652344,0.023438,0.109375
cate3-00007,cate3,42,25,0.457031,0.652344,0.035156,0.148438
cate3-00007,cate3,43,26,0.416992,0.672852,0.048828,0.193359
cate3-00007,cate3,44,27,0.386719,0.658203,0.050781,0.210938
cate3-00007,cate3,45,28,0.338867,0.651367,0.076172,0.205078
cate3-00007,cate3,46,29,0.293945,0.634766,0.087891,0.214844
cate3-00007,cate3,47,30,0.226562,0.593750,0.093750,0.191406
cate3-00007,cate3,48,31,0.164062,0.550781,0.082031,0.183594
cate3-00008,cate3,11,0,0.496094,0.421875,0.054688,0.226562
cate3-00008,cate3,12,1,0.452148,0.420898,0.048828,0.205078
cate3-00008,cate3,13,2,0.407227,0.398438,0.056641,0.273438
cate3-00008,cate3,14,3,0.356445,0.411133,0.056641,0.216797
cate3-00008,cate3,15,4,0.319336,0.407227,0.052734,0.208984
cate3-00008,cate3,16,5,0.259766,0.415039,0.074219,0.185547
cate3-00008,cate3,17,6,0.200195,0.386719,0.076172,0.191406
cate3-00008,cate3,18,7,0.181641,0.274414,0.058594,0.115234
cate3-00008,cate3,21,8,0.545898,0.417969,0.056641,0.238281
cate3-00008,cate3,22,9,0.591797,0.416016,0.046875,0.234375
cate3-00008,cate3,23,10,0.636719,0.418945,0.046875,0.244141
cate3-00008,cate3,24,11,0.672852,0.418945,0.037109,0.220703
cate3-00008,cate3,25,12,0.711914,0.403320,0.044922,0.228516
cate3-00008,cate3,26,13,0.762695,0.402344,0.064453,0.203125
cate3-00008,cate3,27,14,0.811523,0.381836,0.080078,0.205078
cate3-00008,cate3,28,15,0.830078,0.271484,0.062500,0.132812
cate3-00008,cate3,31,16,0.532227,0.637695,0.037109,0.146484
cate3-00008,cate3,32,17,0.563477,0.642578,0.029297,0.171875
cate3-00008,cate3,33,18,0.599609,0.656250,0.046875,0.226562
cate3-00008,cate3,34,19,0.637695,0.655273,0.041016,0.216797
cate3-00008,cate3,35,20,0.692383,0.648438,0.060547,0.210938
cate3-00008,cate3,36,21,0.743164,0.618164,0.083984,0.212891
cate3-00008,cate3,37,22,0.809570,0.592773,0.072266,0.205078
cate3-00008,cate3,38,23,0.873047,0.606445,0.082031,0.158203
cate3-00008,cate3,41,24,0.502930,0.630859,0.025391,0.156250
cate3-00008,cate3,42,25,0.466797,0.624023,0.039062,0.166016
cate3-00008,cate3,43,26,0.423828,0.651367,0.042969,0.224609
cate3-00008,cate3,44,27,0.382812,0.636719,0.050781,0.210938
cate3-00008,cate3,45,28,0.337891,0.632812,0.042969,0.218750
cate3-00008,cate3,46,29,0.273438,0.620117,0.089844,0.216797
cate3-00008,cate3,47,30,0.202148,0.594727,0.076172,0.216797
cate3-00008,cate3,48,31,0.136719,0.595703,0.082031,0.144531
cate3-00009,cate3,11,0,0.486328,0.440430,0.042969,0.240234
cate3-00009,cate3,12,1,0.448242,0.429688,0.033203,0.230469
cate3-00009,cate3,13,2,0.417969,0.405273,0.035156,0.244141
cate3-00009,cate3,14,3,0.382812,0.392578,0.042969,0.230469
cate3-00009,cate3,15,4,0.352539,0.381836,0.052734,0.216797
cate3-00009,cate3,16,5,0.303711,0.384766,0.064453,0.203125
cate3-00009,cate3,17,6,0.265625,0.352539,0.082031,0.181641
cate3-00009,cate3,18,7,0.256836,0.235352,0.056641,0.095703
cate3-00009,cate3,21,8,0.522461,0.436523,0.041016,0.248047
cate3-00009,cate3,22,9,0.559570,0.425781,0.041016,0.246094
cate3-00009,cate3,23,10,0.596680,0.418945,0.033203,0.255859
cate3-00009,cate3,24,11,0.632812,0.416016,0.042969,0.203125
cate3-00009,cate3,25,12,0.659180,0.404297,0.048828,0.195312
cate3-00009,cate3,26,13,0.709961,0.410156,0.068359,0.164062
cate3-00009,cate3,27,14,0.740234,0.360352,0.078125,0.158203
cate3-00009,cate3,28,15,0.754883,0.243164,0.064453,0.099609
cate3-00009,cate3,31,16,0.509766,0.681641,0.027344,0.199219
cate3-00009,cate3,32,17,0.539062,0.678711,0.035156,0.208984
cate3-00009,cate3,33,18,0.576172,0.681641,0.050781,0.234375
cate3-00009,cate3,34,19,0.610352,0.668945,0.048828,0.205078
cate3-00009,cate3,35,20,0.648438,0.658203,0.050781,0.218750
cate3-00009,cate3,36,21,0.707031,0.617188,0.101562,0.226562
cate3-00009,cate3,37,22,0.763672,0.562500,0.089844,0.207031
cate3-00009,cate3,38,23,0.815430,0.500977,0.044922,0.119141
cate3-00009,cate3,41,24,0.484375,0.686523,0.031250,0.208984
cate3-00009,cate3,42,25,0.454102,0.687500,0.033203,0.226562
cate3-00009,cate3,43,26,0.410156,0.676758,0.054688,0.236328
cate3-00009,cate3,44,27,0.384766,0.662109,0.039062,0.218750
cate3-00009,cate3,45,28,0.353516,0.639648,0.050781,0.216797
cate3-00009,cate3,46,29,0.293945,0.604492,0.099609,0.228516
cate3-00009,cate3,47,30,0.239258,0.556641,0.080078,0.210938
cate3-00009,cate3,48,31,0.185547,0.504883,0.050781,0.119141
cate3-00013,cate3,11,0,0.490234,0.434570,0.039062,0.251953
cate3-00013,cate3,12,1,0.455078,0.422852,0.042969,0.236328
cate3-00013,cate3,13,2,0.420898,0.402344,0.044922,0.269531
cate3-00013,cate3,14,3,0.381836,0.414062,0.041016,0.226562
cate3-00013,cate3,15,4,0.343750,0.410156,0.042969,0.226562
cate3-00013,cate3,16,5,0.292969,0.411133,0.062500,0.208984
cate3-00013,cate3,17,6,0.236328,0.386719,0.066406,0.214844
cate3-00013,cate3,18,7,0.196289,0.311523,0.060547,0.177734
cate3-00013,cate3,21,8,0.528320,0.436523,0.041016,0.251953
cate3-00013,cate3,22,9,0.561523,0.439453,0.044922,0.222656
cate3-00013,cate3,23,10,0.598633,0.405273,0.044922,0.291016
cate3-00013,cate3,24,11,0.636719,0.429688,0.042969,0.214844
cate3-00013,cate3,25,12,0.673828,0.419922,0.042969,0.210938
cate3-00013,cate3,26,13,0.718750,0.416016,0.062500,0.195312
cate3-00013,cate3,27,14,0.772461,0.387695,0.056641,0.212891
cate3-00013,cate3,28,15,0.807617,0.320312,0.060547,0.156250
cate3-00013,cate3,31,16,0.516602,0.662109,0.029297,0.164062
cate3-00013,cate3,32,17,0.542969,0.663086,0.035156,0.146484
cate3-00013,cate3,33,18,0.582031,0.683594,0.050781,0.171875
cate3-00013,cate3,34,19,0.609375,0.670898,0.039062,0.185547
cate3-00013,cate3,35,20,0.651367,0.672852,0.064453,0.224609
cate3-00013,cate3,36,21,0.705078,0.652344,0.082031,0.218750
cate3-00013,cate3,37,22,0.772461,0.615234,0.087891,0.210938
cate3-00013,cate3,38,23,0.838867,0.572266,0.087891,0.148438
cate3-00013,cate3,41,24,0.493164,0.659180,0.025391,0.166016
cate3-00013,cate3,42,25,0.464844,0.654297,0.031250,0.156250
cate3-00013,cate3,43,26,0.431641,0.681641,0.039062,0.214844
cate3-00013,cate3,44,27,0.394531,0.669922,0.035156,0.203125
cate3-00013,cate3,45,28,0.361328,0.667969,0.046875,0.222656
cate3-00013,cate3,46,29,0.297852,0.652344,0.095703,0.226562
cate3-00013,cate3,47,30,0.227539,0.610352,0.111328,0.212891
cate3-00013,cate3,48,31,0.156250,0.569336,0.093750,0.146484
cate3-00014,cate3,11,0,0.495117,0.462891,0.037109,0.222656
cate3-00014,cate3,12,1,0.465820,0.464844,0.037109,0.203125
cate3-00014,cate3,13,2,0.435547,0.444336,0.042969,0.255859
cate3-00014,cate3,14,3,0.396484,0.443359,0.035156,0.218750
cate3-00014,cate3,15,4,0.366211,0.437500,0.037109,0.203125
cate3-00014,cate3,16,5,0.318359,0.425781,0.062500,0.210938
cate3-00014,cate3,17,6,0.263672,0.418945,0.058594,0.181641
cate3-00014,cate3,18,7,0.215820,0.411133,0.068359,0.126953
cate3-00014,cate3,21,8,0.529297,0.463867,0.042969,0.232422
cate3-00014,cate3,22,9,0.564453,0.472656,0.031250,0.199219
cate3-00014,cate3,23,10,0.592773,0.436523,0.029297,0.251953
cate3-00014,cate3,24,11,0.623047,0.445312,0.042969,0.207031
cate3-00014,cate3,25,12,0.657227,0.423828,0.037109,0.214844
cate3-00014,cate3,26,13,0.696289,0.417969,0.052734,0.191406
cate3-00014,cate3,27,14,0.745117,0.400391,0.048828,0.179688
cate3-00014,cate3,28,15,0.786133,0.385742,0.060547,0.146484
cate3-00014,cate3,31,16,0.520508,0.678711,0.025391,0.158203
cate3-00014,cate3,32,17,0.543945,0.670898,0.025391,0.146484
cate3-00014,cate3,33,18,0.576172,0.683594,0.035156,0.187500
cate3-00014,cate3,34,19,0.602539,0.668945,0.037109,0.193359
cate3-00014,cate3,35,20,0.646484,0.669922,0.062500,0.222656
cate3-00014,cate3,36,21,0.689453,0.638672,0.082031,0.214844
cate3-00014,cate3,37,22,0.746094,0.616211,0.074219,0.208984
cate3-00014,cate3,38,23,0.798828,0.549805,0.078125,0.150391
cate3-00014,cate3,41,24,0.498047,0.671875,0.035156,0.148438
cate3-00014,cate3,42,25,0.477539,0.654297,0.029297,0.132812
cate3-00014,cate3,43,26,0.449219,0.660156,0.031250,0.164062
cate3-00014,cate3,44,27,0.415039,0.675781,0.044922,0.218750
cate3-00014,cate3,45,28,0.375000,0.675781,0.054688,0.238281
cate3-00014,cate3,46,29,0.318359,0.653320,0.089844,0.232422
cate3-00014,cate3,47,30,0.255859,0.629883,0.085938,0.220703
cate3-00014,cate3,48,31,0.198242,0.575195,0.091797,0.177734
cate3-00016,cate3,11,0,0.488281,0.427734,0.042969,0.238281
cate3-00016,cate3,12,1,0.455078,0.431641,0.042969,0.210938
cate3-00016,cate3,13,2,0.420898,0.418945,0.037109,0.208984
cate3-00016,cate3,14,3,0.382812,0.449219,0.042969,0.156250
cate3-00016,cate3,15,4,0.351562,0.440430,0.042969,0.169922
cate3-00016,cate3,16,5,0.300781,0.427734,0.062500,0.171875
cate3-00016,cate3,17,6,0.261719,0.384766,0.074219,0.167969
cate3-00016,cate3,18,7,0.240234,0.288086,0.062500,0.111328
cate3-00016,cate3,21,8,0.534180,0.421875,0.044922,0.250000
cate3-00016,cate3,22,9,0.572266,0.425781,0.039062,0.218750
cate3-00016,cate3,23,10,0.602539,0.375977,0.044922,0.177734
cate3-00016,cate3,24,11,0.634766,0.436523,0.042969,0.169922
cate3-00016,cate3,25,12,0.667969,0.420898,0.050781,0.197266
cate3-00016,cate3,26,13,0.713867,0.418945,0.064453,0.193359
cate3-00016,cate3,27,14,0.754883,0.384766,0.060547,0.144531
cate3-00016,cate3,28,15,0.774414,0.292969,0.068359,0.117188
cate3-00016,cate3,31,16,0.514648,0.651367,0.025391,0.173828
cate3-00016,cate3,32,17,0.542969,0.661133,0.027344,0.185547
cate3-00016,cate3,33,18,0.577148,0.665039,0.033203,0.185547
cate3-00016,cate3,34,19,0.606445,0.641602,0.037109,0.189453
cate3-00016,cate3,35,20,0.652344,0.632812,0.054688,0.183594
cate3-00016,cate3,36,21,0.704102,0.629883,0.091797,0.212891
cate3-00016,cate3,37,22,0.761719,0.592773,0.066406,0.185547
cate3-00016,cate3,38,23,0.814453,0.558594,0.074219,0.121094
cate3-00016,cate3,41,24,0.486328,0.653320,0.031250,0.181641
cate3-00016,cate3,42,25,0.460938,0.654297,0.027344,0.179688
cate3-00016,cate3,43,26,0.430664,0.650391,0.037109,0.167969
cate3-00016,cate3,44,27,0.394531,0.651367,0.039062,0.201172
cate3-00016,cate3,45,28,0.355469,0.647461,0.046875,0.197266
cate3-00016,cate3,46,29,0.304688,0.637695,0.097656,0.224609
cate3-00016,cate3,47,30,0.244141,0.606445,0.078125,0.193359
cate3-00016,cate3,48,31,0.191406,0.584961,0.070312,0.130859
cate3-00018,cate3,11,0,0.503906,0.477539,0.046875,0.208984
cate3-00018,cate3,12,1,0.461914,0.484375,0.048828,0.171875
cate3-00018,cate3,13,2,0.417969,0.461914,0.050781,0.244141
cate3-00018,cate3,14,3,0.378906,0.478516,0.042969,0.144531
cate3-00018,cate3,15,4,0.343750,0.448242,0.058594,0.197266
cate3-00018,cate3,16,5,0.284180,0.451172,0.072266,0.187500
cate3-00018,cate3,17,6,0.232422,0.430664,0.070312,0.169922
cate3-00018,cate3,18,7,0.218750,0.333008,0.074219,0.115234
cate3-00018,cate3,21,8,0.545898,0.474609,0.048828,0.214844
cate3-00018,cate3,22,9,0.587891,0.483398,0.039062,0.197266
cate3-00018,cate3,23,10,0.627930,0.459961,0.041016,0.255859
cate3-00018,cate3,24,11,0.668945,0.490234,0.048828,0.167969
cate3-00018,cate3,25,12,0.701172,0.463867,0.042969,0.193359
cate3-00018,cate3,26,13,0.750977,0.458008,0.060547,0.185547
cate3-00018,cate3,27,14,0.801758,0.429688,0.060547,0.183594
cate3-00018,cate3,28,15,0.813477,0.337891,0.072266,0.101562
cate3-00018,cate3,31,16,0.534180,0.665039,0.025391,0.142578
cate3-00018,cate3,32,17,0.564453,0.679688,0.027344,0.160156
cate3-00018,cate3,33,18,0.594727,0.687500,0.041016,0.199219
cate3-00018,cate3,34,19,0.633789,0.688477,0.044922,0.201172
cate3-00018,cate3,35,20,0.675781,0.690430,0.046875,0.208984
cate3-00018,cate3,36,21,0.734375,0.659180,0.093750,0.201172
cate3-00018,cate3,37,22,0.797852,0.617188,0.083984,0.187500
cate3-00018,cate3,38,23,0.853516,0.583008,0.058594,0.134766
cate3-00018,cate3,41,24,0.501953,0.668945,0.035156,0.142578
cate3-00018,cate3,42,25,0.473633,0.670898,0.033203,0.150391
cate3-00018,cate3,43,26,0.440430,0.678711,0.037109,0.181641
cate3-00018,cate3,44,27,0.402344,0.680664,0.046875,0.193359
cate3-00018,cate3,45,28,0.357422,0.682617,0.050781,0.208984
cate3-00018,cate3,46,29,0.296875,0.647461,0.097656,0.201172
cate3-00018,cate3,47,30,0.220703,0.611328,0.093750,0.191406
cate3-00018,cate3,48,31,0.166992,0.572266,0.072266,0.136719
cate3-00019,cate3,11,0,0.476562,0.438477,0.042969,0.236328
cate3-00019,cate3,12,1,0.442383,0.439453,0.041016,0.214844
cate3-00019,cate3,13,2,0.407227,0.434570,0.041016,0.244141
cate3-00019,cate3,14,3,0.371094,0.439453,0.042969,0.214844
cate3-00019,cate3,15,4,0.340820,0.428711,0.041016,0.212891
cate3-00019,cate3,16,5,0.294922,0.428711,0.054688,0.189453
cate3-00019,cate3,17,6,0.241211,0.417969,0.056641,0.187500
cate3-00019,cate3,18,7,0.216797,0.354492,0.046875,0.111328
cate3-00019,cate3,21,8,0.517578,0.438477,0.042969,0.236328
cate3-00019,cate3,22,9,0.550781,0.439453,0.042969,0.226562
cate3-00019,cate3,23,10,0.584961,0.439453,0.052734,0.246094
cate3-00019,cate3,24,11,0.623047,0.432617,0.050781,0.228516
cate3-00019,cate3,25,12,0.655273,0.427734,0.044922,0.218750
cate3-00019,cate3,26,13,0.706055,0.440430,0.060547,0.189453
cate3-00019,cate3,27,14,0.763672,0.439453,0.062500,0.167969
cate3-00019,cate3,28,15,0.787109,0.359375,0.054688,0.121094
cate3-00019,cate3,31,16,0.515625,0.654297,0.023438,0.152344
cate3-00019,cate3,32,17,0.544922,0.661133,0.031250,0.158203
cate3-00019,cate3,33,18,0.581055,0.679688,0.041016,0.207031
cate3-00019,cate3,34,19,0.611328,0.680664,0.035156,0.220703
cate3-00019,cate3,35,20,0.656250,0.676758,0.054688,0.224609
cate3-00019,cate3,36,21,0.700195,0.665039,0.091797,0.216797
cate3-00019,cate3,37,22,0.764648,0.626953,0.095703,0.203125
cate3-00019,cate3,38,23,0.830078,0.596680,0.066406,0.115234
cate3-00019,cate3,41,24,0.487305,0.648438,0.025391,0.148438
cate3-00019,cate3,42,25,0.456055,0.658203,0.037109,0.171875
cate3-00019,cate3,43,26,0.425781,0.674805,0.042969,0.224609
cate3-00019,cate3,44,27,0.393555,0.670898,0.037109,0.220703
cate3-00019,cate3,45,28,0.355469,0.671875,0.042969,0.226562
cate3-00019,cate3,46,29,0.299805,0.661133,0.080078,0.228516
cate3-00019,cate3,47,30,0.240234,0.630859,0.089844,0.226562
cate3-00019,cate3,48,31,0.176758,0.589844,0.076172,0.125000
cate3-00020,cate3,11,0,0.489258,0.499023,0.044922,0.212891
cate3-00020,cate3,12,1,0.454102,0.487305,0.033203,0.197266
cate3-00020,cate3,13,2,0.420898,0.469727,0.041016,0.216797
cate3-00020,cate3,14,3,0.384766,0.461914,0.039062,0.205078
cate3-00020,cate3,15,4,0.352539,0.453125,0.041016,0.191406
cate3-00020,cate3,16,5,0.309570,0.446289,0.064453,0.177734
cate3-00020,cate3,17,6,0.261719,0.422852,0.066406,0.154297
cate3-00020,cate3,18,7,0.243164,0.310547,0.064453,0.105469
cate3-00020,cate3,21,8,0.530273,0.496094,0.048828,0.214844
cate3-00020,cate3,22,9,0.566406,0.506836,0.035156,0.150391
cate3-00020,cate3,23,10,0.597656,0.469727,0.039062,0.201172
cate3-00020,cate3,24,11,0.627930,0.466797,0.044922,0.175781
cate3-00020,cate3,25,12,0.663086,0.446289,0.044922,0.197266
cate3-00020,cate3,26,13,0.708984,0.437500,0.062500,0.187500
cate3-00020,cate3,27,14,0.752930,0.406250,0.068359,0.183594
cate3-00020,cate3,28,15,0.770508,0.307617,0.064453,0.119141
cate3-00020,cate3,31,16,0.527344,0.689453,0.042969,0.097656
cate3-00020,cate3,32,17,0.559570,0.691406,0.037109,0.113281
cate3-00020,cate3,33,18,0.605469,0.685547,0.062500,0.160156
cate3-00020,cate3,34,19,0.634766,0.679688,0.054688,0.179688
cate3-00020,cate3,35,20,0.672852,0.666016,0.064453,0.195312
cate3-00020,cate3,36,21,0.727539,0.636719,0.095703,0.207031
cate3-00020,cate3,37,22,0.786133,0.576172,0.099609,0.187500
cate3-00020,cate3,38,23,0.834961,0.541992,0.068359,0.126953
cate3-00020,cate3,41,24,0.501953,0.691406,0.027344,0.105469
cate3-00020,cate3,42,25,0.474609,0.698242,0.035156,0.119141
cate3-00020,cate3,43,26,0.440430,0.685547,0.041016,0.171875
cate3-00020,cate3,44,27,0.399414,0.684570,0.052734,0.185547
cate3-00020,cate3,45,28,0.355469,0.684570,0.066406,0.220703
cate3-00020,cate3,46,29,0.293945,0.652344,0.103516,0.218750
cate3-00020,cate3,47,30,0.225586,0.586914,0.111328,0.189453
cate3-00020,cate3,48,31,0.174805,0.550781,0.068359,0.125000
cate3-00021,cate3,11,0,0.484375,0.405273,0.054688,0.197266
cate3-00021,cate3,12,1,0.437500,0.402344,0.046875,0.191406
cate3-00021,cate3,13,2,0.391602,0.381836,0.044922,0.236328
cate3-00021,cate3,14,3,0.354492,0.414062,0.041016,0.171875
cate3-00021,cate3,15,4,0.314453,0.411133,0.046875,0.173828
cate3-00021,cate3,16,5,0.257812,0.384766,0.066406,0.187500
cate3-00021,cate3,17,6,0.199219,0.358398,0.066406,0.205078
cate3-00021,cate3,18,7,0.166016,0.259766,0.062500,0.117188
cate3-00021,cate3,21,8,0.536133,0.406250,0.056641,0.191406
cate3-00021,cate3,22,9,0.585938,0.387695,0.054688,0.232422
cate3-00021,cate3,23,10,0.619141,0.371094,0.046875,0.199219
cate3-00021,cate3,24,11,0.653320,0.419922,0.048828,0.164062
cate3-00021,cate3,25,12,0.694336,0.401367,0.044922,0.185547
cate3-00021,cate3,26,13,0.752930,0.386719,0.072266,0.175781
cate3-00021,cate3,27,14,0.812500,0.371094,0.066406,0.183594
cate3-00021,cate3,28,15,0.849609,0.282227,0.058594,0.103516
cate3-00021,cate3,31,16,0.515625,0.594727,0.035156,0.138672
cate3-00021,cate3,32,17,0.554688,0.600586,0.054688,0.162109
cate3-00021,cate3,33,18,0.597656,0.622070,0.062500,0.216797
cate3-00021,cate3,34,19,0.637695,0.594727,0.048828,0.197266
cate3-00021,cate3,35,20,0.673828,0.588867,0.046875,0.173828
cate3-00021,cate3,36,21,0.738281,0.588867,0.082031,0.197266
cate3-00021,cate3,37,22,0.808594,0.552734,0.085938,0.187500
cate3-00021,cate3,38,23,0.883789,0.534180,0.087891,0.154297
cate3-00021,cate3,41,24,0.484375,0.593750,0.035156,0.152344
cate3-00021,cate3,42,25,0.448242,0.603516,0.044922,0.160156
cate3-00021,cate3,43,26,0.409180,0.612305,0.048828,0.205078
cate3-00021,cate3,44,27,0.368164,0.602539,0.044922,0.189453
cate3-00021,cate3,45,28,0.335938,0.589844,0.058594,0.164062
cate3-00021,cate3,46,29,0.274414,0.586914,0.087891,0.205078
cate3-00021,cate3,47,30,0.208984,0.564453,0.085938,0.199219
cate3-00021,cate3,48,31,0.132812,0.539062,0.089844,0.152344
cate3-00023,cate3,11,0,0.500977,0.460938,0.048828,0.191406
cate3-00023,cate3,12,1,0.466797,0.459961,0.042969,0.169922
cate3-00023,cate3,13,2,0.435547,0.336914,0.058594,0.205078
cate3-00023,cate3,14,3,0.396484,0.406250,0.042969,0.250000
cate3-00023,cate3,15,4,0.365234,0.396484,0.050781,0.226562
cate3-00023,cate3,16,5,0.309570,0.387695,0.068359,0.212891
cate3-00023,cate3,17,6,0.261719,0.371094,0.070312,0.171875
cate3-00023,cate3,18,7,0.267578,0.228516,0.074219,0.101562
cate3-00023,cate3,21,8,0.542969,0.460938,0.050781,0.187500
cate3-00023,cate3,22,9,0.582031,0.458984,0.039062,0.175781
cate3-00023,cate3,23,10,0.594727,0.301758,0.091797,0.142578
cate3-00023,cate3,24,11,0.639648,0.425781,0.041016,0.203125
cate3-00023,cate3,25,12,0.673828,0.404297,0.042969,0.226562
cate3-00023,cate3,26,13,0.715820,0.388672,0.060547,0.222656
cate3-00023,cate3,27,14,0.761719,0.365234,0.062500,0.179688
cate3-00023,cate3,28,15,0.755859,0.206055,0.058594,0.111328
cate3-00023,cate3,31,16,0.515625,0.645508,0.023438,0.138672
cate3-00023,cate3,32,17,0.545898,0.663086,0.033203,0.169922
cate3-00023,cate3,33,18,0.578125,0.721680,0.039062,0.162109
cate3-00023,cate3,34,19,0.611328,0.663086,0.039062,0.220703
cate3-00023,cate3,35,20,0.655273,0.645508,0.056641,0.197266
cate3-00023,cate3,36,21,0.702148,0.619141,0.076172,0.210938
cate3-00023,cate3,37,22,0.753906,0.571289,0.070312,0.177734
cate3-00023,cate3,38,23,0.803711,0.568359,0.060547,0.128906
cate3-00023,cate3,41,24,0.493164,0.651367,0.029297,0.150391
cate3-00023,cate3,42,25,0.462891,0.646484,0.031250,0.164062
cate3-00023,cate3,43,26,0.433594,0.638672,0.023438,0.140625
cate3-00023,cate3,44,27,0.403320,0.642578,0.037109,0.195312
cate3-00023,cate3,45,28,0.363281,0.659180,0.062500,0.228516
cate3-00023,cate3,46,29,0.309570,0.625977,0.099609,0.220703
cate3-00023,cate3,47,30,0.256836,0.566406,0.087891,0.179688
cate3-00023,cate3,48,31,0.194336,0.565430,0.064453,0.119141
cate3-00026,cate3,11,0,0.484375,0.424805,0.050781,0.248047
cate3-00026,cate3,12,1,0.442383,0.428711,0.037109,0.232422
cate3-00026,cate3,13,2,0.399414,0.401367,0.044922,0.302734
cate3-00026,cate3,14,3,0.356445,0.429688,0.041016,0.242188
cate3-00026,cate3,15,4,0.316406,0.429688,0.042969,0.218750
cate3-00026,cate3,16,5,0.264648,0.409180,0.068359,0.216797
cate3-00026,cate3,17,6,0.203125,0.389648,0.074219,0.205078
cate3-00026,cate3,18,7,0.172852,0.303711,0.064453,0.138672
cate3-00026,cate3,21,8,0.533203,0.425781,0.054688,0.250000
cate3-00026,cate3,22,9,0.580078,0.428711,0.042969,0.240234
cate3-00026,cate3,23,10,0.623047,0.412109,0.042969,0.289062
cate3-00026,cate3,24,11,0.661133,0.413086,0.041016,0.255859
cate3-00026,cate3,25,12,0.702148,0.416016,0.048828,0.238281
cate3-00026,cate3,26,13,0.750000,0.408203,0.066406,0.226562
cate3-00026,cate3,27,14,0.800781,0.374023,0.074219,0.212891
cate3-00026,cate3,28,15,0.831055,0.287109,0.064453,0.140625
cate3-00026,cate3,31,16,0.510742,0.649414,0.033203,0.158203
cate3-00026,cate3,32,17,0.540039,0.654297,0.033203,0.179688
cate3-00026,cate3,33,18,0.583984,0.683594,0.054688,0.257812
cate3-00026,cate3,34,19,0.619141,0.665039,0.046875,0.216797
cate3-00026,cate3,35,20,0.668945,0.666992,0.060547,0.244141
cate3-00026,cate3,36,21,0.727539,0.638672,0.095703,0.242188
cate3-00026,cate3,37,22,0.794922,0.608398,0.066406,0.212891
cate3-00026,cate3,38,23,0.872070,0.602539,0.103516,0.130859
cate3-00026,cate3,41,24,0.480469,0.642578,0.027344,0.156250
cate3-00026,cate3,42,25,0.451172,0.648438,0.035156,0.179688
cate3-00026,cate3,43,26,0.415039,0.671875,0.033203,0.230469
cate3-00026,cate3,44,27,0.375000,0.666016,0.050781,0.230469
cate3-00026,cate3,45,28,0.332031,0.662109,0.050781,0.230469
cate3-00026,cate3,46,29,0.268555,0.659180,0.111328,0.263672
cate3-00026,cate3,47,30,0.204102,0.635742,0.083984,0.248047
cate3-00026,cate3,48,31,0.124023,0.568359,0.123047,0.144531
cate3-00027,cate3,11,0,0.491211,0.491211,0.052734,0.263672
cate3-00027,cate3,12,1,0.444336,0.496094,0.052734,0.222656
cate3-00027,cate3,13,2,0.398438,0.448242,0.050781,0.294922
cate3-00027,cate3,14,3,0.352539,0.455078,0.056641,0.222656
cate3-00027,cate3,15,4,0.310547,0.443359,0.054688,0.214844
cate3-00027,cate3,16,5,0.257812,0.422852,0.074219,0.224609
cate3-00027,cate3,17,6,0.208984,0.392578,0.078125,0.210938
cate3-00027,cate3,18,7,0.184570,0.295898,0.072266,0.138672
cate3-00027,cate3,21,8,0.541016,0.499023,0.058594,0.248047
cate3-00027,cate3,22,9,0.588867,0.494141,0.044922,0.230469
cate3-00027,cate3,23,10,0.633789,0.464844,0.048828,0.281250
cate3-00027,cate3,24,11,0.675781,0.467773,0.050781,0.220703
cate3-00027,cate3,25,12,0.711914,0.453125,0.041016,0.207031
cate3-00027,cate3,26,13,0.767578,0.451172,0.070312,0.179688
cate3-00027,cate3,27,14,0.812500,0.406250,0.070312,0.191406
cate3-00027,cate3,28,15,0.845703,0.316406,0.066406,0.144531
cate3-00027,cate3,31,16,0.526367,0.698242,0.037109,0.115234
cate3-00027,cate3,32,17,0.570312,0.706055,0.058594,0.126953
cate3-00027,cate3,33,18,0.616211,0.728516,0.068359,0.195312
cate3-00027,cate3,34,19,0.651367,0.706055,0.052734,0.193359
cate3-00027,cate3,35,20,0.704102,0.684570,0.068359,0.197266
cate3-00027,cate3,36,21,0.757812,0.647461,0.085938,0.201172
cate3-00027,cate3,37,22,0.825195,0.603516,0.091797,0.207031
cate3-00027,cate3,38,23,0.883789,0.567383,0.064453,0.150391
cate3-00027,cate3,41,24,0.486328,0.700195,0.035156,0.111328
cate3-00027,cate3,42,25,0.455078,0.703125,0.039062,0.121094
cate3-00027,cate3,43,26,0.405273,0.721680,0.056641,0.197266
cate3-00027,cate3,44,27,0.354492,0.694336,0.068359,0.177734
cate3-00027,cate3,45,28,0.312500,0.666016,0.066406,0.179688
cate3-00027,cate3,46,29,0.256836,0.646484,0.123047,0.234375
cate3-00027,cate3,47,30,0.188477,0.586914,0.091797,0.201172
cate3-00027,cate3,48,31,0.133789,0.542969,0.080078,0.156250
cate4-00069,cate4,11,0,0.500977,0.485352,0.044922,0.251953
cate4-00069,cate4,12,1,0.463867,0.484375,0.048828,0.203125
cate4-00069,cate4,13,2,0.425781,0.481445,0.050781,0.197266
cate4-00069,cate4,14,3,0.386719,0.467773,0.062500,0.208984
cate4-00069,cate4,15,4,0.344727,0.455078,0.056641,0.175781
cate4-00069,cate4,16,5,0.289062,0.444336,0.078125,0.197266
cate4-00069,cate4,17,6,0.247070,0.386719,0.072266,0.128906
cate4-00069,cate4,18,7,0.235352,0.284180,0.064453,0.095703
cate4-00069,cate4,21,8,0.543945,0.493164,0.044922,0.236328
cate4-00069,cate4,22,9,0.580078,0.488281,0.042969,0.218750
cate4-00069,cate4,23,10,0.612305,0.460938,0.052734,0.230469
cate4-00069,cate4,24,11,0.649414,0.451172,0.052734,0.199219
cate4-00069,cate4,25,12,0.688477,0.431641,0.044922,0.187500
cate4-00069,cate4,26,13,0.737305,0.422852,0.064453,0.193359
cate4-00069,cate4,27,14,0.774414,0.361328,0.064453,0.152344
cate4-00069,cate4,28,15,0.781250,0.262695,0.062500,0.099609
cate4-00069,cate4,31,16,0.529297,0.698242,0.027344,0.138672
cate4-00069,cate4,32,17,0.554688,0.693359,0.031250,0.152344
cate4-00069,cate4,33,18,0.585938,0.694336,0.039062,0.185547
cate4-00069,cate4,34,19,0.625000,0.697266,0.042969,0.191406
cate4-00069,cate4,35,20,0.675781,0.673828,0.062500,0.160156
cate4-00069,cate4,36,21,0.728516,0.649414,0.093750,0.208984
cate4-00069,cate4,37,22,0.791016,0.622070,0.085938,0.169922
cate4-00069,cate4,38,23,0.841797,0.542969,0.062500,0.128906
cate4-00069,cate4,41,24,0.501953,0.702148,0.027344,0.142578
cate4-00069,cate4,42,25,0.476562,0.695312,0.031250,0.140625
cate4-00069,cate4,43,26,0.448242,0.712891,0.044922,0.199219
cate4-00069,cate4,44,27,0.410156,0.714844,0.050781,0.210938
cate4-00069,cate4,45,28,0.347656,0.708984,0.066406,0.195312
cate4-00069,cate4,46,29,0.286133,0.669922,0.107422,0.210938
cate4-00069,cate4,47,30,0.209961,0.639648,0.091797,0.162109
cate4-00069,cate4,48,31,0.161133,0.566406,0.072266,0.128906
cate4-00070,cate4,11,0,0.478516,0.451172,0.046875,0.238281
cate4-00070,cate4,12,1,0.453125,0.449219,0.050781,0.230469
cate4-00070,cate4,13,2,0.413086,0.414062,0.048828,0.253906
cate4-00070,cate4,14,3,0.375000,0.427734,0.046875,0.234375
cate4-00070,cate4,15,4,0.334961,0.418945,0.048828,0.220703
cate4-00070,cate4,16,5,0.286133,0.425781,0.064453,0.183594
cate4-00070,cate4,17,6,0.235352,0.375000,0.076172,0.210938
cate4-00070,cate4,18,7,0.216797,0.300781,0.066406,0.113281
cate4-00070,cate4,21,8,0.522461,0.446289,0.044922,0.244141
cate4-00070,cate4,22,9,0.562500,0.453125,0.050781,0.214844
cate4-00070,cate4,23,10,0.598633,0.426758,0.052734,0.287109
cate4-00070,cate4,24,11,0.638672,0.435547,0.050781,0.246094
cate4-00070,cate4,25,12,0.677734,0.420898,0.054688,0.224609
cate4-00070,cate4,26,13,0.724609,0.431641,0.070312,0.187500
cate4-00070,cate4,27,14,0.768555,0.375977,0.080078,0.193359
cate4-00070,cate4,28,15,0.781250,0.295898,0.078125,0.107422
cate4-00070,cate4,31,16,0.527344,0.677734,0.031250,0.175781
cate4-00070,cate4,32,17,0.555664,0.676758,0.033203,0.162109
cate4-00070,cate4,33,18,0.591797,0.690430,0.042969,0.208984
cate4-00070,cate4,34,19,0.632812,0.666016,0.058594,0.199219
cate4-00070,cate4,35,20,0.668945,0.648438,0.056641,0.199219
cate4-00070,cate4,36,21,0.727539,0.638672,0.099609,0.234375
cate4-00070,cate4,37,22,0.784180,0.569336,0.091797,0.193359
cate4-00070,cate4,38,23,0.842773,0.538086,0.076172,0.142578
cate4-00070,cate4,41,24,0.500977,0.671875,0.025391,0.171875
cate4-00070,cate4,42,25,0.472656,0.670898,0.035156,0.169922
cate4-00070,cate4,43,26,0.439453,0.666016,0.046875,0.183594
cate4-00070,cate4,44,27,0.401367,0.652344,0.048828,0.203125
cate4-00070,cate4,45,28,0.364258,0.638672,0.056641,0.207031
cate4-00070,cate4,46,29,0.294922,0.634766,0.105469,0.234375
cate4-00070,cate4,47,30,0.230469,0.578125,0.109375,0.195312
cate4-00070,cate4,48,31,0.172852,0.544922,0.064453,0.125000
cate4-00072,cate4,11,0,0.512695,0.381836,0.048828,0.275391
cate4-00072,cate4,12,1,0.478516,0.388672,0.042969,0.230469
cate4-00072,cate4,13,2,0.436523,0.405273,0.048828,0.220703
cate4-00072,cate4,14,3,0.409180,0.371094,0.056641,0.253906
cate4-00072,cate4,15,4,0.359375,0.380859,0.058594,0.246094
cate4-00072,cate4,16,5,0.301758,0.382812,0.068359,0.214844
cate4-00072,cate4,17,6,0.242188,0.354492,0.074219,0.208984
cate4-00072,cate4,18,7,0.216797,0.252930,0.062500,0.115234
cate4-00072,cate4,21,8,0.556641,0.381836,0.042969,0.279297
cate4-00072,cate4,22,9,0.587891,0.381836,0.039062,0.244141
cate4-00072,cate4,23,10,0.626953,0.387695,0.039062,0.263672
cate4-00072,cate4,24,11,0.658203,0.390625,0.039062,0.253906
cate4-00072,cate4,25,12,0.698242,0.385742,0.060547,0.224609
cate4-00072,cate4,26,13,0.745117,0.370117,0.060547,0.212891
cate4-00072,cate4,27,14,0.792969,0.345703,0.085938,0.222656
cate4-00072,cate4,28,15,0.812500,0.256836,0.070312,0.123047
cate4-00072,cate4,31,16,0.549805,0.649414,0.037109,0.205078
cate4-00072,cate4,32,17,0.574219,0.650391,0.031250,0.195312
cate4-00072,cate4,33,18,0.611328,0.668945,0.054688,0.263672
cate4-00072,cate4,34,19,0.644531,0.650391,0.046875,0.246094
cate4-00072,cate4,35,20,0.687500,0.637695,0.058594,0.228516
cate4-00072,cate4,36,21,0.744141,0.625000,0.097656,0.250000
cate4-00072,cate4,37,22,0.796875,0.567383,0.105469,0.201172
cate4-00072,cate4,38,23,0.851562,0.536133,0.078125,0.142578
cate4-00072,cate4,41,24,0.516602,0.630859,0.037109,0.183594
cate4-00072,cate4,42,25,0.500977,0.648438,0.041016,0.210938
cate4-00072,cate4,43,26,0.467773,0.660156,0.041016,0.246094
cate4-00072,cate4,44,27,0.421875,0.659180,0.050781,0.248047
cate4-00072,cate4,45,28,0.375000,0.655273,0.074219,0.248047
cate4-00072,cate4,46,29,0.297852,0.637695,0.119141,0.251953
cate4-00072,cate4,47,30,0.230469,0.584961,0.125000,0.220703
cate4-00072,cate4,48,31,0.164062,0.548828,0.078125,0.128906
cate4-00073,cate4,11,0,0.492188,0.474609,0.042969,0.238281
cate4-00073,cate4,12,1,0.454102,0.467773,0.041016,0.224609
cate4-00073,cate4,13,2,0.415039,0.456055,0.044922,0.248047
cate4-00073,cate4,14,3,0.381836,0.467773,0.048828,0.205078
cate4-00073,cate4,15,4,0.341797,0.454102,0.050781,0.201172
cate4-00073,cate4,16,5,0.291992,0.453125,0.076172,0.167969
cate4-00073,cate4,17,6,0.239258,0.412109,0.064453,0.199219
cate4-00073,cate4,18,7,0.224609,0.323242,0.070312,0.130859
cate4-00073,cate4,21,8,0.535156,0.479492,0.042969,0.220703
cate4-00073,cate4,22,9,0.570312,0.466797,0.042969,0.218750
cate4-00073,cate4,23,10,0.603516,0.440430,0.039062,0.263672
cate4-00073,cate4,24,11,0.640625,0.458984,0.042969,0.207031
cate4-00073,cate4,25,12,0.678711,0.450195,0.048828,0.208984
cate4-00073,cate4,26,13,0.719727,0.458984,0.068359,0.179688
cate4-00073,cate4,27,14,0.765625,0.422852,0.058594,0.193359
cate4-00073,cate4,28,15,0.785156,0.333984,0.050781,0.136719
cate4-00073,cate4,31,16,0.513672,0.686523,0.035156,0.138672
cate4-00073,cate4,32,17,0.539062,0.691406,0.042969,0.171875
cate4-00073,cate4,33,18,0.571289,0.695312,0.041016,0.187500
cate4-00073,cate4,34,19,0.609375,0.699219,0.046875,0.214844
cate4-00073,cate4,35,20,0.651367,0.705078,0.056641,0.195312
cate4-00073,cate4,36,21,0.708984,0.681641,0.085938,0.207031
cate4-00073,cate4,37,22,0.765625,0.632812,0.089844,0.179688
cate4-00073,cate4,38,23,0.820312,0.611328,0.074219,0.121094
cate4-00073,cate4,41,24,0.490234,0.686523,0.031250,0.162109
cate4-00073,cate4,42,25,0.461914,0.688477,0.037109,0.181641
cate4-00073,cate4,43,26,0.430664,0.701172,0.037109,0.210938
cate4-00073,cate4,44,27,0.389648,0.700195,0.052734,0.197266
cate4-00073,cate4,45,28,0.351562,0.703125,0.070312,0.218750
cate4-00073,cate4,46,29,0.289062,0.671875,0.097656,0.207031
cate4-00073,cate4,47,30,0.237305,0.620117,0.099609,0.185547
cate4-00073,cate4,48,31,0.176758,0.602539,0.076172,0.126953
cate4-00075,cate4,11,0,0.473633,0.394531,0.048828,0.269531
cate4-00075,cate4,12,1,0.439453,0.397461,0.046875,0.216797
cate4-00075,cate4,13,2,0.399414,0.376953,0.052734,0.253906
cate4-00075,cate4,14,3,0.358398,0.367188,0.052734,0.242188
cate4-00075,cate4,15,4,0.321289,0.375000,0.041016,0.210938
cate4-00075,cate4,16,5,0.285156,0.348633,0.058594,0.220703
cate4-00075,cate4,17,6,0.232422,0.344727,0.054688,0.212891
cate4-00075,cate4,18,7,0.196289,0.279297,0.056641,0.152344
cate4-00075,cate4,21,8,0.517578,0.411133,0.046875,0.228516
cate4-00075,cate4,22,9,0.548828,0.393555,0.054688,0.236328
cate4-00075,cate4,23,10,0.597656,0.375977,0.054688,0.291016
cate4-00075,cate4,24,11,0.633789,0.390625,0.052734,0.234375
cate4-00075,cate4,25,12,0.672852,0.376953,0.044922,0.230469
cate4-00075,cate4,26,13,0.720703,0.376953,0.062500,0.214844
cate4-00075,cate4,27,14,0.775391,0.354492,0.070312,0.201172
cate4-00075,cate4,28,15,0.812500,0.273438,0.070312,0.140625
cate4-00075,cate4,31,16,0.508789,0.642578,0.029297,0.199219
cate4-00075,cate4,32,17,0.540039,0.635742,0.037109,0.189453
cate4-00075,cate4,33,18,0.573242,0.627930,0.044922,0.181641
cate4-00075,cate4,34,19,0.611328,0.636719,0.042969,0.226562
cate4-00075,cate4,35,20,0.657227,0.643555,0.056641,0.251953
cate4-00075,cate4,36,21,0.715820,0.624023,0.095703,0.244141
cate4-00075,cate4,37,22,0.782227,0.578125,0.099609,0.207031
cate4-00075,cate4,38,23,0.844727,0.535156,0.083984,0.156250
cate4-00075,cate4,41,24,0.483398,0.634766,0.029297,0.175781
cate4-00075,cate4,42,25,0.450195,0.654297,0.041016,0.222656
cate4-00075,cate4,43,26,0.416016,0.649414,0.046875,0.240234
cate4-00075,cate4,44,27,0.379883,0.633789,0.048828,0.232422
cate4-00075,cate4,45,28,0.344727,0.624023,0.060547,0.224609
cate4-00075,cate4,46,29,0.291016,0.610352,0.082031,0.220703
cate4-00075,cate4,47,30,0.227539,0.571289,0.083984,0.212891
cate4-00075,cate4,48,31,0.164062,0.529297,0.082031,0.132812
cate4-00077,cate4,11,0,0.492188,0.457031,0.046875,0.210938
cate4-00077,cate4,12,1,0.455078,0.444336,0.039062,0.220703
cate4-00077,cate4,13,2,0.418945,0.429688,0.044922,0.246094
cate4-00077,cate4,14,3,0.386719,0.439453,0.050781,0.214844
cate4-00077,cate4,15,4,0.344727,0.435547,0.048828,0.207031
cate4-00077,cate4,16,5,0.298828,0.428711,0.066406,0.185547
cate4-00077,cate4,17,6,0.239258,0.402344,0.064453,0.191406
cate4-00077,cate4,18,7,0.199219,0.363281,0.054688,0.148438
cate4-00077,cate4,21,8,0.530273,0.463867,0.052734,0.197266
cate4-00077,cate4,22,9,0.567383,0.458984,0.033203,0.199219
cate4-00077,cate4,23,10,0.603516,0.446289,0.042969,0.255859
cate4-00077,cate4,24,11,0.642578,0.458008,0.042969,0.212891
cate4-00077,cate4,25,12,0.677734,0.453125,0.039062,0.207031
cate4-00077,cate4,26,13,0.723633,0.443359,0.060547,0.199219
cate4-00077,cate4,27,14,0.771484,0.415039,0.066406,0.212891
cate4-00077,cate4,28,15,0.807617,0.391602,0.056641,0.138672
cate4-00077,cate4,31,16,0.527344,0.669922,0.035156,0.171875
cate4-00077,cate4,32,17,0.551758,0.689453,0.044922,0.195312
cate4-00077,cate4,33,18,0.590820,0.681641,0.048828,0.222656
cate4-00077,cate4,34,19,0.622070,0.676758,0.048828,0.212891
cate4-00077,cate4,35,20,0.668945,0.666016,0.072266,0.207031
cate4-00077,cate4,36,21,0.712891,0.650391,0.093750,0.199219
cate4-00077,cate4,37,22,0.767578,0.605469,0.078125,0.164062
cate4-00077,cate4,38,23,0.819336,0.550781,0.076172,0.152344
cate4-00077,cate4,41,24,0.496094,0.681641,0.039062,0.203125
cate4-00077,cate4,42,25,0.463867,0.683594,0.041016,0.214844
cate4-00077,cate4,43,26,0.429688,0.684570,0.050781,0.248047
cate4-00077,cate4,44,27,0.391602,0.669922,0.056641,0.230469
cate4-00077,cate4,45,28,0.353516,0.655273,0.054688,0.205078
cate4-00077,cate4,46,29,0.290039,0.638672,0.115234,0.210938
cate4-00077,cate4,47,30,0.243164,0.584961,0.080078,0.166016
cate4-00077,cate4,48,31,0.177734,0.546875,0.085938,0.140625
cate4-00079,cate4,11,0,0.500000,0.377930,0.046875,0.287109
cate4-00079,cate4,12,1,0.465820,0.371094,0.056641,0.277344
cate4-00079,cate4,13,2,0.428711,0.326172,0.048828,0.328125
cate4-00079,cate4,14,3,0.400391,0.368164,0.042969,0.279297
cate4-00079,cate4,15,4,0.373047,0.341797,0.058594,0.292969
cate4-00079,cate4,16,5,0.325195,0.333008,0.072266,0.259766
cate4-00079,cate4,17,6,0.275391,0.304688,0.105469,0.226562
cate4-00079,cate4,18,7,0.250977,0.195312,0.064453,0.128906
cate4-00079,cate4,21,8,0.539062,0.380859,0.046875,0.285156
cate4-00079,cate4,22,9,0.571289,0.374023,0.060547,0.279297
cate4-00079,cate4,23,10,0.604492,0.302734,0.048828,0.312500
cate4-00079,cate4,24,11,0.625977,0.389648,0.052734,0.181641
cate4-00079,cate4,25,12,0.659180,0.338867,0.060547,0.244141
cate4-00079,cate4,26,13,0.709961,0.327148,0.076172,0.236328
cate4-00079,cate4,27,14,0.762695,0.299805,0.080078,0.193359
cate4-00079,cate4,28,15,0.772461,0.186523,0.072266,0.126953
cate4-00079,cate4,31,16,0.524414,0.641602,0.033203,0.201172
cate4-00079,cate4,32,17,0.552734,0.641602,0.046875,0.177734
cate4-00079,cate4,33,18,0.584961,0.660156,0.048828,0.234375
cate4-00079,cate4,34,19,0.627930,0.637695,0.064453,0.201172
cate4-00079,cate4,35,20,0.666992,0.604492,0.080078,0.212891
cate4-00079,cate4,36,21,0.721680,0.579102,0.111328,0.244141
cate4-00079,cate4,37,22,0.794922,0.505859,0.117188,0.218750
cate4-00079,cate4,38,23,0.850586,0.460938,0.083984,0.132812
cate4-00079,cate4,41,24,0.499023,0.647461,0.037109,0.208984
cate4-00079,cate4,42,25,0.468750,0.651367,0.039062,0.197266
cate4-00079,cate4,43,26,0.433594,0.656250,0.046875,0.218750
cate4-00079,cate4,44,27,0.392578,0.638672,0.062500,0.230469
cate4-00079,cate4,45,28,0.350586,0.615234,0.060547,0.187500
cate4-00079,cate4,46,29,0.296875,0.598633,0.125000,0.263672
cate4-00079,cate4,47,30,0.233398,0.508789,0.111328,0.205078
cate4-00079,cate4,48,31,0.175781,0.458984,0.074219,0.140625
cate4-00082,cate4,11,0,0.509766,0.488281,0.039062,0.238281
cate4-00082,cate4,12,1,0.477539,0.546875,0.025391,0.093750
cate4-00082,cate4,13,2,0.455078,0.421875,0.074219,0.187500
cate4-00082,cate4,14,3,0.445312,0.515625,0.035156,0.179688
cate4-00082,cate4,15,4,0.409180,0.491211,0.048828,0.197266
cate4-00082,cate4,16,5,0.371094,0.479492,0.046875,0.177734
cate4-00082,cate4,17,6,0.322266,0.474609,0.062500,0.175781
cate4-00082,cate4,18,7,0.269531,0.451172,0.058594,0.164062
cate4-00082,cate4,21,8,0.548828,0.495117,0.039062,0.236328
cate4-00082,cate4,22,9,0.580078,0.554688,0.023438,0.085938
cate4-00082,cate4,23,10,0.594727,0.413086,0.052734,0.212891
cate4-00082,cate4,24,11,0.609375,0.526367,0.035156,0.154297
cate4-00082,cate4,25,12,0.642578,0.499023,0.042969,0.181641
cate4-00082,cate4,26,13,0.674805,0.476562,0.037109,0.195312
cate4-00082,cate4,27,14,0.713867,0.466797,0.052734,0.183594
cate4-00082,cate4,28,15,0.756836,0.446289,0.052734,0.158203
cate4-00082,cate4,31,16,0.532227,0.728516,0.025391,0.207031
cate4-00082,cate4,32,17,0.561523,0.726562,0.029297,0.183594
cate4-00082,cate4,33,18,0.587891,0.768555,0.054688,0.244141
cate4-00082,cate4,34,19,0.623047,0.710938,0.042969,0.195312
cate4-00082,cate4,35,20,0.657227,0.701172,0.044922,0.199219
cate4-00082,cate4,36,21,0.705078,0.675781,0.074219,0.187500
cate4-00082,cate4,37,22,0.764648,0.632812,0.087891,0.183594
cate4-00082,cate4,38,23,0.814453,0.606445,0.058594,0.123047
cate4-00082,cate4,41,24,0.503906,0.715820,0.035156,0.185547
cate4-00082,cate4,42,25,0.482422,0.717773,0.039062,0.185547
cate4-00082,cate4,43,26,0.453125,0.736328,0.050781,0.210938
cate4-00082,cate4,44,27,0.412109,0.711914,0.046875,0.201172
cate4-00082,cate4,45,28,0.368164,0.701172,0.072266,0.214844
cate4-00082,cate4,46,29,0.311523,0.685547,0.087891,0.207031
cate4-00082,cate4,47,30,0.253906,0.630859,0.082031,0.175781
cate4-00082,cate4,48,31,0.205078,0.611328,0.070312,0.113281
cate4-00085,cate4,11,0,0.491211,0.462891,0.044922,0.250000
cate4-00085,cate4,12,1,0.452148,0.467773,0.037109,0.212891
cate4-00085,cate4,13,2,0.414062,0.450195,0.046875,0.248047
cate4-00085,cate4,14,3,0.386719,0.461914,0.046875,0.216797
cate4-00085,cate4,15,4,0.346680,0.452148,0.041016,0.228516
cate4-00085,cate4,16,5,0.301758,0.458984,0.060547,0.191406
cate4-00085,cate4,17,6,0.261719,0.402344,0.074219,0.187500
cate4-00085,cate4,18,7,0.245117,0.308594,0.060547,0.105469
cate4-00085,cate4,21,8,0.532227,0.471680,0.044922,0.224609
cate4-00085,cate4,22,9,0.564453,0.453125,0.046875,0.226562
cate4-00085,cate4,23,10,0.595703,0.422852,0.046875,0.240234
cate4-00085,cate4,24,11,0.616211,0.475586,0.033203,0.173828
cate4-00085,cate4,25,12,0.648438,0.448242,0.046875,0.228516
cate4-00085,cate4,26,13,0.692383,0.446289,0.052734,0.201172
cate4-00085,cate4,27,14,0.737305,0.422852,0.072266,0.185547
cate4-00085,cate4,28,15,0.754883,0.324219,0.060547,0.097656
cate4-00085,cate4,31,16,0.517578,0.692383,0.031250,0.173828
cate4-00085,cate4,32,17,0.542969,0.703125,0.035156,0.187500
cate4-00085,cate4,33,18,0.575195,0.712891,0.041016,0.234375
cate4-00085,cate4,34,19,0.612305,0.717773,0.044922,0.181641
cate4-00085,cate4,35,20,0.649414,0.710938,0.068359,0.214844
cate4-00085,cate4,36,21,0.710938,0.683594,0.105469,0.218750
cate4-00085,cate4,37,22,0.766602,0.633789,0.087891,0.193359
cate4-00085,cate4,38,23,0.820312,0.600586,0.066406,0.126953
cate4-00085,cate4,41,24,0.494141,0.700195,0.031250,0.181641
cate4-00085,cate4,42,25,0.462891,0.694336,0.031250,0.185547
cate4-00085,cate4,43,26,0.428711,0.708984,0.041016,0.226562
cate4-00085,cate4,44,27,0.391602,0.716797,0.048828,0.214844
cate4-00085,cate4,45,28,0.345703,0.716797,0.054688,0.210938
cate4-00085,cate4,46,29,0.284180,0.677734,0.099609,0.203125
cate4-00085,cate4,47,30,0.227539,0.627930,0.091797,0.189453
cate4-00085,cate4,48,31,0.170898,0.590820,0.068359,0.119141
cate4-00086,cate4,11,0,0.507812,0.506836,0.042969,0.232422
cate4-00086,cate4,12,1,0.472656,0.500977,0.039062,0.208984
cate4-00086,cate4,13,2,0.439453,0.482422,0.046875,0.210938
cate4-00086,cate4,14,3,0.410156,0.480469,0.050781,0.246094
cate4-00086,cate4,15,4,0.375977,0.478516,0.052734,0.203125
cate4-00086,cate4,16,5,0.321289,0.467773,0.068359,0.201172
cate4-00086,cate4,17,6,0.269531,0.440430,0.066406,0.177734
cate4-00086,cate4,18,7,0.249023,0.357422,0.080078,0.125000
cate4-00086,cate4,21,8,0.548828,0.514648,0.042969,0.208984
cate4-00086,cate4,22,9,0.585938,0.502930,0.035156,0.212891
cate4-00086,cate4,23,10,0.614258,0.500000,0.037109,0.214844
cate4-00086,cate4,24,11,0.649414,0.497070,0.041016,0.181641
cate4-00086,cate4,25,12,0.685547,0.481445,0.035156,0.228516
cate4-00086,cate4,26,13,0.729492,0.472656,0.064453,0.210938
cate4-00086,cate4,27,14,0.770508,0.451172,0.064453,0.183594
cate4-00086,cate4,28,15,0.791992,0.351562,0.060547,0.121094
cate4-00086,cate4,31,16,0.551758,0.730469,0.037109,0.183594
cate4-00086,cate4,32,17,0.573242,0.733398,0.033203,0.189453
cate4-00086,cate4,33,18,0.604492,0.753906,0.037109,0.238281
cate4-00086,cate4,34,19,0.644531,0.719727,0.050781,0.197266
cate4-00086,cate4,35,20,0.680664,0.713867,0.056641,0.197266
cate4-00086,cate4,36,21,0.737305,0.689453,0.103516,0.207031
cate4-00086,cate4,37,22,0.786133,0.624023,0.091797,0.169922
cate4-00086,cate4,38,23,0.830078,0.580078,0.062500,0.121094
cate4-00086,cate4,41,24,0.519531,0.727539,0.031250,0.169922
cate4-00086,cate4,42,25,0.496094,0.728516,0.039062,0.183594
cate4-00086,cate4,43,26,0.457031,0.731445,0.039062,0.197266
cate4-00086,cate4,44,27,0.427734,0.703125,0.054688,0.191406
cate4-00086,cate4,45,28,0.383789,0.705078,0.076172,0.210938
cate4-00086,cate4,46,29,0.307617,0.684570,0.123047,0.220703
cate4-00086,cate4,47,30,0.251953,0.627930,0.101562,0.189453
cate4-00086,cate4,48,31,0.190430,0.595703,0.072266,0.125000
cate4-00087,cate4,11,0,0.491211,0.428711,0.060547,0.283203
cate4-00087,cate4,12,1,0.460938,0.438477,0.042969,0.251953
cate4-00087,cate4,13,2,0.414062,0.417969,0.054688,0.304688
cate4-00087,cate4,14,3,0.373047,0.430664,0.042969,0.259766
cate4-00087,cate4,15,4,0.332031,0.424805,0.046875,0.255859
cate4-00087,cate4,16,5,0.282227,0.440430,0.060547,0.201172
cate4-00087,cate4,17,6,0.225586,0.411133,0.064453,0.232422
cate4-00087,cate4,18,7,0.201172,0.311523,0.066406,0.181641
cate4-00087,cate4,21,8,0.530273,0.443359,0.052734,0.253906
cate4-00087,cate4,22,9,0.574219,0.434570,0.042969,0.251953
cate4-00087,cate4,23,10,0.615234,0.425781,0.050781,0.289062
cate4-00087,cate4,24,11,0.655273,0.426758,0.044922,0.259766
cate4-00087,cate4,25,12,0.694336,0.442383,0.041016,0.212891
cate4-00087,cate4,26,13,0.745117,0.431641,0.052734,0.207031
cate4-00087,cate4,27,14,0.791992,0.415039,0.060547,0.205078
cate4-00087,cate4,28,15,0.820312,0.327148,0.058594,0.142578
cate4-00087,cate4,31,16,0.532227,0.666992,0.041016,0.162109
cate4-00087,cate4,32,17,0.566406,0.670898,0.039062,0.189453
cate4-00087,cate4,33,18,0.608398,0.676758,0.060547,0.240234
cate4-00087,cate4,34,19,0.643555,0.658203,0.052734,0.207031
cate4-00087,cate4,35,20,0.685547,0.651367,0.054688,0.201172
cate4-00087,cate4,36,21,0.736328,0.648438,0.082031,0.222656
cate4-00087,cate4,37,22,0.791992,0.625000,0.072266,0.214844
cate4-00087,cate4,38,23,0.851562,0.585938,0.062500,0.148438
cate4-00087,cate4,41,24,0.504883,0.664062,0.041016,0.148438
cate4-00087,cate4,42,25,0.477539,0.675781,0.048828,0.171875
cate4-00087,cate4,43,26,0.439453,0.707031,0.058594,0.250000
cate4-00087,cate4,44,27,0.395508,0.677734,0.052734,0.207031
cate4-00087,cate4,45,28,0.342773,0.677734,0.064453,0.226562
cate4-00087,cate4,46,29,0.282227,0.665039,0.103516,0.228516
cate4-00087,cate4,47,30,0.226562,0.638672,0.089844,0.226562
cate4-00087,cate4,48,31,0.160156,0.610352,0.085938,0.146484
cate4-00088,cate4,11,0,0.490234,0.369141,0.046875,0.246094
cate4-00088,cate4,12,1,0.460938,0.363281,0.050781,0.242188
cate4-00088,cate4,13,2,0.419922,0.358398,0.046875,0.251953
cate4-00088,cate4,14,3,0.392578,0.360352,0.058594,0.208984
cate4-00088,cate4,15,4,0.368164,0.329102,0.052734,0.224609
cate4-00088,cate4,16,5,0.308594,0.327148,0.070312,0.193359
cate4-00088,cate4,17,6,0.247070,0.307617,0.068359,0.205078
cate4-00088,cate4,18,7,0.224609,0.207031,0.074219,0.117188
cate4-00088,cate4,21,8,0.529297,0.369141,0.042969,0.253906
cate4-00088,cate4,22,9,0.561523,0.366211,0.037109,0.232422
cate4-00088,cate4,23,10,0.599609,0.349609,0.039062,0.265625
cate4-00088,cate4,24,11,0.632812,0.355469,0.046875,0.222656
cate4-00088,cate4,25,12,0.667969,0.352539,0.046875,0.212891
cate4-00088,cate4,26,13,0.713867,0.339844,0.064453,0.203125
cate4-00088,cate4,27,14,0.763672,0.316406,0.066406,0.195312
cate4-00088,cate4,28,15,0.785156,0.223633,0.062500,0.103516
cate4-00088,cate4,31,16,0.532227,0.598633,0.037109,0.169922
cate4-00088,cate4,32,17,0.555664,0.599609,0.029297,0.167969
cate4-00088,cate4,33,18,0.589844,0.612305,0.046875,0.220703
cate4-00088,cate4,34,19,0.613281,0.593750,0.046875,0.207031
cate4-00088,cate4,35,20,0.655273,0.586914,0.048828,0.208984
cate4-00088,cate4,36,21,0.711914,0.573242,0.091797,0.216797
cate4-00088,cate4,37,22,0.774414,0.526367,0.087891,0.197266
cate4-00088,cate4,38,23,0.827148,0.492188,0.064453,0.125000
cate4-00088,cate4,41,24,0.508789,0.592773,0.037109,0.169922
cate4-00088,cate4,42,25,0.487305,0.597656,0.037109,0.175781
cate4-00088,cate4,43,26,0.455078,0.610352,0.050781,0.236328
cate4-00088,cate4,44,27,0.424805,0.598633,0.048828,0.208984
cate4-00088,cate4,45,28,0.386719,0.584961,0.070312,0.208984
cate4-00088,cate4,46,29,0.325195,0.559570,0.111328,0.228516
cate4-00088,cate4,47,30,0.253906,0.526367,0.093750,0.197266
cate4-00088,cate4,48,31,0.191406,0.513672,0.078125,0.128906
cate4-00089,cate4,11,0,0.504883,0.433594,0.056641,0.273438
cate4-00089,cate4,12,1,0.475586,0.422852,0.060547,0.267578
cate4-00089,cate4,13,2,0.434570,0.397461,0.060547,0.259766
cate4-00089,cate4,14,3,0.394531,0.414062,0.050781,0.257812
cate4-00089,cate4,15,4,0.358398,0.408203,0.056641,0.238281
cate4-00089,cate4,16,5,0.301758,0.410156,0.068359,0.210938
cate4-00089,cate4,17,6,0.249023,0.402344,0.080078,0.195312
cate4-00089,cate4,18,7,0.225586,0.307617,0.060547,0.119141
cate4-00089,cate4,21,8,0.540039,0.445312,0.044922,0.250000
cate4-00089,cate4,22,9,0.576172,0.449219,0.039062,0.234375
cate4-00089,cate4,23,10,0.616211,0.406250,0.044922,0.308594
cate4-00089,cate4,24,11,0.658203,0.423828,0.042969,0.242188
cate4-00089,cate4,25,12,0.695312,0.411133,0.042969,0.248047
cate4-00089,cate4,26,13,0.739258,0.406250,0.064453,0.222656
cate4-00089,cate4,27,14,0.780273,0.399414,0.068359,0.181641
cate4-00089,cate4,28,15,0.795898,0.319336,0.068359,0.103516
cate4-00089,cate4,31,16,0.538086,0.669922,0.037109,0.160156
cate4-00089,cate4,32,17,0.559570,0.670898,0.037109,0.173828
cate4-00089,cate4,33,18,0.600586,0.680664,0.056641,0.201172
cate4-00089,cate4,34,19,0.627930,0.667969,0.048828,0.218750
cate4-00089,cate4,35,20,0.666016,0.657227,0.058594,0.220703
cate4-00089,cate4,36,21,0.717773,0.639648,0.083984,0.212891
cate4-00089,cate4,37,22,0.776367,0.598633,0.080078,0.193359
cate4-00089,cate4,38,23,0.832031,0.565430,0.066406,0.123047
cate4-00089,cate4,41,24,0.512695,0.667969,0.029297,0.156250
cate4-00089,cate4,42,25,0.484375,0.670898,0.039062,0.169922
cate4-00089,cate4,43,26,0.445312,0.687500,0.062500,0.207031
cate4-00089,cate4,44,27,0.413086,0.660156,0.048828,0.214844
cate4-00089,cate4,45,28,0.373047,0.659180,0.093750,0.240234
cate4-00089,cate4,46,29,0.311523,0.637695,0.099609,0.224609
cate4-00089,cate4,47,30,0.244141,0.601562,0.085938,0.203125
cate4-00089,cate4,48,31,0.172852,0.565430,0.087891,0.130859
cate4-00091,cate4,11,0,0.501953,0.457031,0.046875,0.261719
cate4-00091,cate4,12,1,0.465820,0.443359,0.041016,0.246094
cate4-00091,cate4,13,2,0.427734,0.442383,0.054688,0.259766
cate4-00091,cate4,14,3,0.388672,0.441406,0.062500,0.226562
cate4-00091,cate4,15,4,0.346680,0.422852,0.056641,0.232422
cate4-00091,cate4,16,5,0.291992,0.427734,0.068359,0.191406
cate4-00091,cate4,17,6,0.240234,0.394531,0.074219,0.207031
cate4-00091,cate4,18,7,0.198242,0.336914,0.060547,0.142578
cate4-00091,cate4,21,8,0.542969,0.453125,0.050781,0.269531
cate4-00091,cate4,22,9,0.584961,0.443359,0.037109,0.257812
cate4-00091,cate4,23,10,0.620117,0.438477,0.044922,0.271484
cate4-00091,cate4,24,11,0.655273,0.433594,0.048828,0.257812
cate4-00091,cate4,25,12,0.690430,0.432617,0.041016,0.232422
cate4-00091,cate4,26,13,0.738281,0.430664,0.062500,0.205078
cate4-00091,cate4,27,14,0.788086,0.386719,0.064453,0.242188
cate4-00091,cate4,28,15,0.821289,0.307617,0.048828,0.162109
cate4-00091,cate4,31,16,0.538086,0.680664,0.048828,0.134766
cate4-00091,cate4,32,17,0.569336,0.693359,0.037109,0.160156
cate4-00091,cate4,33,18,0.621094,0.709961,0.085938,0.193359
cate4-00091,cate4,34,19,0.645508,0.683594,0.064453,0.175781
cate4-00091,cate4,35,20,0.680664,0.678711,0.060547,0.201172
cate4-00091,cate4,36,21,0.738281,0.649414,0.097656,0.224609
cate4-00091,cate4,37,22,0.811523,0.618164,0.107422,0.228516
cate4-00091,cate4,38,23,0.867188,0.607422,0.089844,0.199219
cate4-00091,cate4,41,24,0.507812,0.689453,0.046875,0.160156
cate4-00091,cate4,42,25,0.473633,0.686523,0.041016,0.158203
cate4-00091,cate4,43,26,0.420898,0.708008,0.076172,0.181641
cate4-00091,cate4,44,27,0.393555,0.683594,0.068359,0.191406
cate4-00091,cate4,45,28,0.344727,0.693359,0.087891,0.246094
cate4-00091,cate4,46,29,0.282227,0.659180,0.115234,0.251953
cate4-00091,cate4,47,30,0.205078,0.622070,0.121094,0.232422
cate4-00091,cate4,48,31,0.141602,0.597656,0.107422,0.187500
cate4-00094,cate4,11,0,0.488281,0.469727,0.050781,0.255859
cate4-00094,cate4,12,1,0.445312,0.470703,0.039062,0.242188
cate4-00094,cate4,13,2,0.412109,0.447266,0.046875,0.277344
cate4-00094,cate4,14,3,0.375000,0.435547,0.058594,0.261719
cate4-00094,cate4,15,4,0.332031,0.440430,0.046875,0.216797
cate4-00094,cate4,16,5,0.287109,0.419922,0.062500,0.207031
cate4-00094,cate4,17,6,0.228516,0.382812,0.070312,0.199219
cate4-00094,cate4,18,7,0.207031,0.282227,0.109375,0.134766
cate4-00094,cate4,21,8,0.529297,0.472656,0.058594,0.261719
cate4-00094,cate4,22,9,0.576172,0.462891,0.042969,0.250000
cate4-00094,cate4,23,10,0.613281,0.456055,0.050781,0.271484
cate4-00094,cate4,24,11,0.651367,0.458984,0.048828,0.234375
cate4-00094,cate4,25,12,0.689453,0.443359,0.054688,0.226562
cate4-00094,cate4,26,13,0.734375,0.426758,0.070312,0.201172
cate4-00094,cate4,27,14,0.787109,0.387695,0.066406,0.197266
cate4-00094,cate4,28,15,0.810547,0.294922,0.085938,0.128906
cate4-00094,cate4,31,16,0.521484,0.698242,0.031250,0.162109
cate4-00094,cate4,32,17,0.552734,0.698242,0.035156,0.173828
cate4-00094,cate4,33,18,0.589844,0.715820,0.058594,0.201172
cate4-00094,cate4,34,19,0.624023,0.709961,0.064453,0.244141
cate4-00094,cate4,35,20,0.661133,0.686523,0.068359,0.216797
cate4-00094,cate4,36,21,0.729492,0.655273,0.099609,0.216797
cate4-00094,cate4,37,22,0.792969,0.602539,0.097656,0.205078
cate4-00094,cate4,38,23,0.842773,0.572266,0.080078,0.132812
cate4-00094,cate4,41,24,0.497070,0.697266,0.029297,0.160156
cate4-00094,cate4,42,25,0.465820,0.693359,0.033203,0.171875
cate4-00094,cate4,43,26,0.423828,0.712891,0.054688,0.222656
cate4-00094,cate4,44,27,0.384766,0.701172,0.062500,0.234375
cate4-00094,cate4,45,28,0.344727,0.682617,0.076172,0.228516
cate4-00094,cate4,46,29,0.284180,0.643555,0.111328,0.212891
cate4-00094,cate4,47,30,0.219727,0.583008,0.099609,0.193359
cate4-00094,cate4,48,31,0.161133,0.555664,0.083984,0.134766
cate4-00095,cate4,11,0,0.495117,0.432617,0.052734,0.216797
cate4-00095,cate4,12,1,0.449219,0.425781,0.046875,0.214844
cate4-00095,cate4,13,2,0.408203,0.405273,0.039062,0.248047
cate4-00095,cate4,14,3,0.369141,0.408203,0.042969,0.222656
cate4-00095,cate4,15,4,0.331055,0.414062,0.044922,0.226562
cate4-00095,cate4,16,5,0.282227,0.422852,0.060547,0.197266
cate4-00095,cate4,17,6,0.223633,0.412109,0.060547,0.203125
cate4-00095,cate4,18,7,0.177734,0.383789,0.050781,0.205078
cate4-00095,cate4,21,8,0.540039,0.436523,0.044922,0.208984
cate4-00095,cate4,22,9,0.583008,0.425781,0.041016,0.218750
cate4-00095,cate4,23,10,0.625000,0.416992,0.050781,0.232422
cate4-00095,cate4,24,11,0.658203,0.423828,0.042969,0.214844
cate4-00095,cate4,25,12,0.698242,0.406250,0.044922,0.222656
cate4-00095,cate4,26,13,0.745117,0.425781,0.060547,0.187500
cate4-00095,cate4,27,14,0.802734,0.406250,0.066406,0.179688
cate4-00095,cate4,28,15,0.828125,0.325195,0.054688,0.166016
cate4-00095,cate4,31,16,0.507812,0.648438,0.027344,0.144531
cate4-00095,cate4,32,17,0.539062,0.644531,0.027344,0.140625
cate4-00095,cate4,33,18,0.582031,0.651367,0.054688,0.205078
cate4-00095,cate4,34,19,0.610352,0.640625,0.044922,0.175781
cate4-00095,cate4,35,20,0.656250,0.634766,0.058594,0.187500
cate4-00095,cate4,36,21,0.707031,0.633789,0.089844,0.224609
cate4-00095,cate4,37,22,0.769531,0.624023,0.070312,0.224609
cate4-00095,cate4,38,23,0.850586,0.567383,0.099609,0.123047
cate4-00095,cate4,41,24,0.479492,0.627930,0.033203,0.138672
cate4-00095,cate4,42,25,0.444336,0.631836,0.041016,0.158203
cate4-00095,cate4,43,26,0.407227,0.636719,0.052734,0.175781
cate4-00095,cate4,44,27,0.375000,0.641602,0.039062,0.181641
cate4-00095,cate4,45,28,0.339844,0.652344,0.042969,0.199219
cate4-00095,cate4,46,29,0.279297,0.655273,0.085938,0.224609
cate4-00095,cate4,47,30,0.217773,0.632812,0.087891,0.214844
cate4-00095,cate4,48,31,0.147461,0.587891,0.099609,0.156250
cate4-00099,cate4,11,0,0.478516,0.509766,0.046875,0.226562
cate4-00099,cate4,12,1,0.441406,0.506836,0.039062,0.236328
cate4-00099,cate4,13,2,0.407227,0.507812,0.041016,0.246094
cate4-00099,cate4,14,3,0.372070,0.500977,0.056641,0.212891
cate4-00099,cate4,15,4,0.331055,0.487305,0.048828,0.208984
cate4-00099,cate4,16,5,0.285156,0.483398,0.062500,0.193359
cate4-00099,cate4,17,6,0.243164,0.448242,0.072266,0.166016
cate4-00099,cate4,18,7,0.228516,0.342773,0.066406,0.107422
cate4-00099,cate4,21,8,0.520508,0.507812,0.044922,0.234375
cate4-00099,cate4,22,9,0.558594,0.500977,0.042969,0.220703
cate4-00099,cate4,23,10,0.595703,0.480469,0.046875,0.265625
cate4-00099,cate4,24,11,0.634766,0.500000,0.054688,0.199219
cate4-00099,cate4,25,12,0.671875,0.469727,0.054688,0.216797
cate4-00099,cate4,26,13,0.719727,0.461914,0.064453,0.193359
cate4-00099,cate4,27,14,0.764648,0.419922,0.072266,0.187500
cate4-00099,cate4,28,15,0.771484,0.322266,0.078125,0.117188
cate4-00099,cate4,31,16,0.530273,0.708008,0.041016,0.138672
cate4-00099,cate4,32,17,0.554688,0.704102,0.042969,0.162109
cate4-00099,cate4,33,18,0.587891,0.694336,0.050781,0.189453
cate4-00099,cate4,34,19,0.628906,0.684570,0.050781,0.177734
cate4-00099,cate4,35,20,0.674805,0.674805,0.064453,0.193359
cate4-00099,cate4,36,21,0.724609,0.650391,0.089844,0.203125
cate4-00099,cate4,37,22,0.787109,0.591797,0.089844,0.187500
cate4-00099,cate4,38,23,0.847656,0.564453,0.066406,0.128906
cate4-00099,cate4,41,24,0.498047,0.715820,0.031250,0.150391
cate4-00099,cate4,42,25,0.470703,0.708008,0.035156,0.150391
cate4-00099,cate4,43,26,0.437500,0.713867,0.042969,0.185547
cate4-00099,cate4,44,27,0.395508,0.708984,0.056641,0.187500
cate4-00099,cate4,45,28,0.349609,0.704102,0.058594,0.185547
cate4-00099,cate4,46,29,0.293945,0.672852,0.099609,0.201172
cate4-00099,cate4,47,30,0.229492,0.623047,0.095703,0.183594
cate4-00099,cate4,48,31,0.166016,0.584961,0.062500,0.123047
cate4-00100,cate4,11,0,0.492188,0.487305,0.046875,0.232422
cate4-00100,cate4,12,1,0.450195,0.477539,0.041016,0.232422
cate4-00100,cate4,13,2,0.411133,0.466797,0.048828,0.238281
cate4-00100,cate4,14,3,0.374023,0.457031,0.056641,0.234375
cate4-00100,cate4,15,4,0.333984,0.461914,0.050781,0.193359
cate4-00100,cate4,16,5,0.287109,0.453125,0.070312,0.191406
cate4-00100,cate4,17,6,0.234375,0.421875,0.066406,0.179688
cate4-00100,cate4,18,7,0.218750,0.324219,0.066406,0.109375
cate4-00100,cate4,21,8,0.537109,0.487305,0.046875,0.236328
cate4-00100,cate4,22,9,0.576172,0.477539,0.046875,0.220703
cate4-00100,cate4,23,10,0.618164,0.472656,0.044922,0.226562
cate4-00100,cate4,24,11,0.648438,0.473633,0.054688,0.208984
cate4-00100,cate4,25,12,0.687500,0.457031,0.050781,0.214844
cate4-00100,cate4,26,13,0.735352,0.441406,0.064453,0.218750
cate4-00100,cate4,27,14,0.786133,0.423828,0.068359,0.179688
cate4-00100,cate4,28,15,0.798828,0.323242,0.066406,0.107422
cate4-00100,cate4,31,16,0.518555,0.686523,0.029297,0.150391
cate4-00100,cate4,32,17,0.549805,0.694336,0.037109,0.154297
cate4-00100,cate4,33,18,0.584961,0.724609,0.044922,0.230469
cate4-00100,cate4,34,19,0.625000,0.701172,0.050781,0.199219
cate4-00100,cate4,35,20,0.667969,0.685547,0.070312,0.195312
cate4-00100,cate4,36,21,0.728516,0.666992,0.109375,0.205078
cate4-00100,cate4,37,22,0.791016,0.621094,0.109375,0.191406
cate4-00100,cate4,38,23,0.846680,0.586914,0.072266,0.123047
cate4-00100,cate4,41,24,0.494141,0.677734,0.039062,0.140625
cate4-00100,cate4,42,25,0.460938,0.686523,0.031250,0.154297
cate4-00100,cate4,43,26,0.424805,0.689453,0.041016,0.171875
cate4-00100,cate4,44,27,0.386719,0.690430,0.054688,0.197266
cate4-00100,cate4,45,28,0.340820,0.680664,0.080078,0.208984
cate4-00100,cate4,46,29,0.283203,0.652344,0.105469,0.199219
cate4-00100,cate4,47,30,0.216797,0.616211,0.113281,0.201172
cate4-00100,cate4,48,31,0.162109,0.577148,0.070312,0.123047
cate4-00101,cate4,11,0,0.491211,0.437500,0.044922,0.226562
cate4-00101,cate4,12,1,0.455078,0.427734,0.046875,0.207031
cate4-00101,cate4,13,2,0.411133,0.393555,0.048828,0.240234
cate4-00101,cate4,14,3,0.375000,0.404297,0.054688,0.238281
cate4-00101,cate4,15,4,0.334961,0.414062,0.052734,0.207031
cate4-00101,cate4,16,5,0.280273,0.416016,0.064453,0.183594
cate4-00101,cate4,17,6,0.226562,0.390625,0.074219,0.171875
cate4-00101,cate4,18,7,0.208008,0.304688,0.060547,0.093750
cate4-00101,cate4,21,8,0.535156,0.437500,0.050781,0.226562
cate4-00101,cate4,22,9,0.572266,0.431641,0.039062,0.199219
cate4-00101,cate4,23,10,0.609375,0.403320,0.042969,0.216797
cate4-00101,cate4,24,11,0.643555,0.426758,0.048828,0.208984
cate4-00101,cate4,25,12,0.681641,0.413086,0.046875,0.244141
cate4-00101,cate4,26,13,0.730469,0.434570,0.066406,0.181641
cate4-00101,cate4,27,14,0.788086,0.405273,0.068359,0.189453
cate4-00101,cate4,28,15,0.806641,0.321289,0.066406,0.107422
cate4-00101,cate4,31,16,0.527344,0.644531,0.035156,0.152344
cate4-00101,cate4,32,17,0.559570,0.646484,0.037109,0.160156
cate4-00101,cate4,33,18,0.593750,0.668945,0.042969,0.189453
cate4-00101,cate4,34,19,0.632812,0.688477,0.050781,0.208984
cate4-00101,cate4,35,20,0.680664,0.691406,0.064453,0.210938
cate4-00101,cate4,36,21,0.739258,0.665039,0.091797,0.208984
cate4-00101,cate4,37,22,0.798828,0.619141,0.089844,0.179688
cate4-00101,cate4,38,23,0.853516,0.605469,0.066406,0.128906
cate4-00101,cate4,41,24,0.500977,0.644531,0.029297,0.160156
cate4-00101,cate4,42,25,0.472656,0.649414,0.039062,0.169922
cate4-00101,cate4,43,26,0.436523,0.650391,0.044922,0.187500
cate4-00101,cate4,44,27,0.392578,0.676758,0.050781,0.205078
cate4-00101,cate4,45,28,0.344727,0.686523,0.068359,0.220703
cate4-00101,cate4,46,29,0.290039,0.662109,0.091797,0.230469
cate4-00101,cate4,47,30,0.222656,0.604492,0.093750,0.197266
cate4-00101,cate4,48,31,0.167969,0.569336,0.066406,0.119141
cate4-00102,cate4,11,0,0.485352,0.467773,0.044922,0.267578
cate4-00102,cate4,12,1,0.454102,0.462891,0.041016,0.253906
cate4-00102,cate4,13,2,0.416992,0.443359,0.048828,0.281250
cate4-00102,cate4,14,3,0.384766,0.447266,0.058594,0.222656
cate4-00102,cate4,15,4,0.338867,0.444336,0.052734,0.189453
cate4-00102,cate4,16,5,0.291016,0.420898,0.070312,0.197266
cate4-00102,cate4,17,6,0.248047,0.362305,0.082031,0.166016
cate4-00102,cate4,18,7,0.233398,0.257812,0.072266,0.097656
cate4-00102,cate4,21,8,0.531250,0.477539,0.042969,0.263672
cate4-00102,cate4,22,9,0.564453,0.454102,0.042969,0.263672
cate4-00102,cate4,23,10,0.603516,0.442383,0.042969,0.271484
cate4-00102,cate4,24,11,0.640625,0.443359,0.042969,0.226562
cate4-00102,cate4,25,12,0.676758,0.439453,0.052734,0.191406
cate4-00102,cate4,26,13,0.731445,0.421875,0.068359,0.203125
cate4-00102,cate4,27,14,0.772461,0.378906,0.068359,0.167969
cate4-00102,cate4,28,15,0.789062,0.265625,0.054688,0.093750
cate4-00102,cate4,31,16,0.531250,0.686523,0.031250,0.134766
cate4-00102,cate4,32,17,0.555664,0.703125,0.041016,0.175781
cate4-00102,cate4,33,18,0.588867,0.717773,0.037109,0.232422
cate4-00102,cate4,34,19,0.625977,0.698242,0.044922,0.208984
cate4-00102,cate4,35,20,0.675781,0.678711,0.074219,0.205078
cate4-00102,cate4,36,21,0.734375,0.654297,0.113281,0.226562
cate4-00102,cate4,37,22,0.787109,0.618164,0.082031,0.201172
cate4-00102,cate4,38,23,0.845703,0.563477,0.066406,0.123047
cate4-00102,cate4,41,24,0.504883,0.699219,0.029297,0.167969
cate4-00102,cate4,42,25,0.480469,0.702148,0.031250,0.173828
cate4-00102,cate4,43,26,0.452148,0.710938,0.044922,0.214844
cate4-00102,cate4,44,27,0.411133,0.699219,0.044922,0.207031
cate4-00102,cate4,45,28,0.362305,0.689453,0.083984,0.230469
cate4-00102,cate4,46,29,0.298828,0.658203,0.109375,0.230469
cate4-00102,cate4,47,30,0.234375,0.616211,0.097656,0.181641
cate4-00102,cate4,48,31,0.168945,0.572266,0.068359,0.117188
cate4-00103,cate4,11,0,0.487305,0.504883,0.048828,0.232422
cate4-00103,cate4,12,1,0.445312,0.492188,0.046875,0.234375
cate4-00103,cate4,13,2,0.410156,0.484375,0.054688,0.253906
cate4-00103,cate4,14,3,0.375000,0.488281,0.058594,0.218750
cate4-00103,cate4,15,4,0.332031,0.485352,0.058594,0.212891
cate4-00103,cate4,16,5,0.283203,0.472656,0.070312,0.214844
cate4-00103,cate4,17,6,0.223633,0.460938,0.076172,0.156250
cate4-00103,cate4,18,7,0.208008,0.339844,0.068359,0.113281
cate4-00103,cate4,21,8,0.536133,0.503906,0.048828,0.246094
cate4-00103,cate4,22,9,0.580078,0.505859,0.035156,0.218750
cate4-00103,cate4,23,10,0.623047,0.477539,0.050781,0.263672
cate4-00103,cate4,24,11,0.656250,0.493164,0.050781,0.208984
cate4-00103,cate4,25,12,0.693359,0.488281,0.046875,0.195312
cate4-00103,cate4,26,13,0.741211,0.466797,0.064453,0.210938
cate4-00103,cate4,27,14,0.789062,0.436523,0.078125,0.201172
cate4-00103,cate4,28,15,0.807617,0.348633,0.060547,0.099609
cate4-00103,cate4,31,16,0.528320,0.724609,0.029297,0.156250
cate4-00103,cate4,32,17,0.557617,0.725586,0.037109,0.154297
cate4-00103,cate4,33,18,0.603516,0.761719,0.058594,0.230469
cate4-00103,cate4,34,19,0.635742,0.744141,0.052734,0.195312
cate4-00103,cate4,35,20,0.683594,0.733398,0.070312,0.208984
cate4-00103,cate4,36,21,0.745117,0.709961,0.115234,0.236328
cate4-00103,cate4,37,22,0.797852,0.649414,0.099609,0.201172
cate4-00103,cate4,38,23,0.839844,0.602539,0.066406,0.119141
cate4-00103,cate4,41,24,0.497070,0.723633,0.033203,0.166016
cate4-00103,cate4,42,25,0.466797,0.707031,0.039062,0.132812
cate4-00103,cate4,43,26,0.433594,0.736328,0.050781,0.191406
cate4-00103,cate4,44,27,0.392578,0.753906,0.050781,0.199219
cate4-00103,cate4,45,28,0.343750,0.739258,0.074219,0.208984
cate4-00103,cate4,46,29,0.269531,0.723633,0.132812,0.240234
cate4-00103,cate4,47,30,0.213867,0.660156,0.111328,0.203125
cate4-00103,cate4,48,31,0.157227,0.618164,0.072266,0.115234
cate4-00104,cate4,11,0,0.479492,0.366211,0.052734,0.294922
cate4-00104,cate4,12,1,0.437500,0.372070,0.054688,0.279297
cate4-00104,cate4,13,2,0.391602,0.364258,0.052734,0.298828
cate4-00104,cate4,14,3,0.350586,0.365234,0.072266,0.265625
cate4-00104,cate4,15,4,0.297852,0.348633,0.076172,0.259766
cate4-00104,cate4,16,5,0.232422,0.339844,0.078125,0.250000
cate4-00104,cate4,17,6,0.172852,0.314453,0.083984,0.214844
cate4-00104,cate4,18,7,0.141602,0.199219,0.076172,0.113281
cate4-00104,cate4,21,8,0.533203,0.361328,0.050781,0.312500
cate4-00104,cate4,22,9,0.574219,0.379883,0.054688,0.287109
cate4-00104,cate4,23,10,0.619141,0.364258,0.054688,0.322266
cate4-00104,cate4,24,11,0.666992,0.372070,0.056641,0.259766
cate4-00104,cate4,25,12,0.712891,0.372070,0.058594,0.236328
cate4-00104,cate4,26,13,0.771484,0.362305,0.078125,0.224609
cate4-00104,cate4,27,14,0.833984,0.335938,0.078125,0.210938
cate4-00104,cate4,28,15,0.866211,0.223633,0.087891,0.115234
cate4-00104,cate4,31,16,0.505859,0.617188,0.035156,0.171875
cate4-00104,cate4,32,17,0.534180,0.616211,0.048828,0.173828
cate4-00104,cate4,33,18,0.573242,0.636719,0.056641,0.222656
cate4-00104,cate4,34,19,0.621094,0.648438,0.062500,0.250000
cate4-00104,cate4,35,20,0.671875,0.640625,0.074219,0.250000
cate4-00104,cate4,36,21,0.750977,0.618164,0.123047,0.275391
cate4-00104,cate4,37,22,0.820312,0.553711,0.109375,0.224609
cate4-00104,cate4,38,23,0.875000,0.533203,0.085938,0.132812
cate4-00104,cate4,41,24,0.474609,0.630859,0.031250,0.191406
cate4-00104,cate4,42,25,0.445312,0.625000,0.039062,0.199219
cate4-00104,cate4,43,26,0.403320,0.651367,0.048828,0.248047
cate4-00104,cate4,44,27,0.361328,0.651367,0.066406,0.251953
cate4-00104,cate4,45,28,0.313477,0.642578,0.076172,0.242188
cate4-00104,cate4,46,29,0.243164,0.610352,0.123047,0.267578
cate4-00104,cate4,47,30,0.180664,0.550781,0.111328,0.218750
cate4-00104,cate4,48,31,0.123047,0.516602,0.078125,0.130859
cate4-00105,cate4,11,0,0.507812,0.433594,0.054688,0.261719
cate4-00105,cate4,12,1,0.473633,0.430664,0.048828,0.251953
cate4-00105,cate4,13,2,0.427734,0.426758,0.054688,0.244141
cate4-00105,cate4,14,3,0.390625,0.424805,0.062500,0.244141
cate4-00105,cate4,15,4,0.343750,0.416992,0.054688,0.244141
cate4-00105,cate4,16,5,0.287109,0.416992,0.070312,0.212891
cate4-00105,cate4,17,6,0.228516,0.410156,0.066406,0.210938
cate4-00105,cate4,18,7,0.188477,0.345703,0.056641,0.152344
cate4-00105,cate4,21,8,0.541016,0.449219,0.054688,0.253906
cate4-00105,cate4,22,9,0.582031,0.437500,0.046875,0.253906
cate4-00105,cate4,23,10,0.622070,0.419922,0.052734,0.277344
cate4-00105,cate4,24,11,0.659180,0.421875,0.052734,0.234375
cate4-00105,cate4,25,12,0.696289,0.416016,0.048828,0.246094
cate4-00105,cate4,26,13,0.747070,0.427734,0.064453,0.210938
cate4-00105,cate4,27,14,0.800781,0.401367,0.058594,0.216797
cate4-00105,cate4,28,15,0.839844,0.331055,0.058594,0.181641
cate4-00105,cate4,31,16,0.536133,0.685547,0.037109,0.179688
cate4-00105,cate4,32,17,0.563477,0.697266,0.041016,0.218750
cate4-00105,cate4,33,18,0.597656,0.705078,0.050781,0.207031
cate4-00105,cate4,34,19,0.626953,0.703125,0.062500,0.195312
cate4-00105,cate4,35,20,0.659180,0.686523,0.068359,0.216797
cate4-00105,cate4,36,21,0.717773,0.677734,0.099609,0.226562
cate4-00105,cate4,37,22,0.784180,0.651367,0.103516,0.212891
cate4-00105,cate4,38,23,0.850586,0.615234,0.099609,0.160156
cate4-00105,cate4,41,24,0.509766,0.672852,0.042969,0.166016
cate4-00105,cate4,42,25,0.483398,0.683594,0.048828,0.167969
cate4-00105,cate4,43,26,0.453125,0.698242,0.050781,0.208984
cate4-00105,cate4,44,27,0.418945,0.704102,0.060547,0.224609
cate4-00105,cate4,45,28,0.375977,0.700195,0.076172,0.228516
cate4-00105,cate4,46,29,0.312500,0.679688,0.113281,0.222656
cate4-00105,cate4,47,30,0.240234,0.656250,0.113281,0.214844
cate4-00105,cate4,48,31,0.171875,0.614258,0.097656,0.169922
cate4-00106,cate4,11,0,0.481445,0.332031,0.048828,0.261719
cate4-00106,cate4,12,1,0.440430,0.346680,0.044922,0.236328
cate4-00106,cate4,13,2,0.400391,0.330078,0.050781,0.273438
cate4-00106,cate4,14,3,0.363281,0.351562,0.054688,0.230469
cate4-00106,cate4,15,4,0.320312,0.356445,0.058594,0.220703
cate4-00106,cate4,16,5,0.275391,0.360352,0.066406,0.201172
cate4-00106,cate4,17,6,0.210938,0.339844,0.062500,0.222656
cate4-00106,cate4,18,7,0.170898,0.291016,0.060547,0.144531
cate4-00106,cate4,21,8,0.524414,0.339844,0.048828,0.253906
cate4-00106,cate4,22,9,0.568359,0.336914,0.046875,0.251953
cate4-00106,cate4,23,10,0.611328,0.327148,0.050781,0.279297
cate4-00106,cate4,24,11,0.652344,0.349609,0.058594,0.238281
cate4-00106,cate4,25,12,0.694336,0.356445,0.060547,0.228516
cate4-00106,cate4,26,13,0.746094,0.366211,0.070312,0.208984
cate4-00106,cate4,27,14,0.809570,0.353516,0.068359,0.210938
cate4-00106,cate4,28,15,0.846680,0.293945,0.064453,0.154297
cate4-00106,cate4,31,16,0.509766,0.568359,0.031250,0.167969
cate4-00106,cate4,32,17,0.538086,0.578125,0.037109,0.171875
cate4-00106,cate4,33,18,0.576172,0.600586,0.058594,0.248047
cate4-00106,cate4,34,19,0.614258,0.601562,0.056641,0.234375
cate4-00106,cate4,35,20,0.665039,0.608398,0.064453,0.236328
cate4-00106,cate4,36,21,0.722656,0.603516,0.105469,0.250000
cate4-00106,cate4,37,22,0.800781,0.576172,0.105469,0.210938
cate4-00106,cate4,38,23,0.862305,0.543945,0.087891,0.173828
cate4-00106,cate4,41,24,0.481445,0.569336,0.033203,0.173828
cate4-00106,cate4,42,25,0.458008,0.588867,0.041016,0.177734
cate4-00106,cate4,43,26,0.421875,0.600586,0.046875,0.240234
cate4-00106,cate4,44,27,0.381836,0.603516,0.048828,0.230469
cate4-00106,cate4,45,28,0.342773,0.604492,0.076172,0.232422
cate4-00106,cate4,46,29,0.284180,0.590820,0.099609,0.236328
cate4-00106,cate4,47,30,0.216797,0.577148,0.089844,0.228516
cate4-00106,cate4,48,31,0.134766,0.524414,0.105469,0.142578
cate4-00107,cate4,11,0,0.491211,0.435547,0.048828,0.234375
cate4-00107,cate4,12,1,0.455078,0.417969,0.050781,0.230469
cate4-00107,cate4,13,2,0.410156,0.394531,0.054688,0.238281
cate4-00107,cate4,14,3,0.375000,0.419922,0.054688,0.203125
cate4-00107,cate4,15,4,0.333008,0.412109,0.056641,0.214844
cate4-00107,cate4,16,5,0.282227,0.407227,0.068359,0.205078
cate4-00107,cate4,17,6,0.229492,0.390625,0.076172,0.167969
cate4-00107,cate4,18,7,0.207031,0.302734,0.066406,0.097656
cate4-00107,cate4,21,8,0.531250,0.430664,0.054688,0.236328
cate4-00107,cate4,22,9,0.570312,0.428711,0.042969,0.205078
cate4-00107,cate4,23,10,0.608398,0.404297,0.044922,0.218750
cate4-00107,cate4,24,11,0.647461,0.417969,0.048828,0.230469
cate4-00107,cate4,25,12,0.682617,0.435547,0.044922,0.199219
cate4-00107,cate4,26,13,0.730469,0.431641,0.066406,0.187500
cate4-00107,cate4,27,14,0.787109,0.413086,0.066406,0.181641
cate4-00107,cate4,28,15,0.805664,0.321289,0.060547,0.103516
cate4-00107,cate4,31,16,0.524414,0.647461,0.041016,0.169922
cate4-00107,cate4,32,17,0.558594,0.652344,0.039062,0.167969
cate4-00107,cate4,33,18,0.593750,0.666992,0.039062,0.189453
cate4-00107,cate4,34,19,0.630859,0.689453,0.046875,0.203125
cate4-00107,cate4,35,20,0.676758,0.691406,0.072266,0.214844
cate4-00107,cate4,36,21,0.740234,0.660156,0.089844,0.199219
cate4-00107,cate4,37,22,0.798828,0.615234,0.093750,0.183594
cate4-00107,cate4,38,23,0.851562,0.605469,0.074219,0.132812
cate4-00107,cate4,41,24,0.498047,0.646484,0.039062,0.183594
cate4-00107,cate4,42,25,0.471680,0.653320,0.037109,0.189453
cate4-00107,cate4,43,26,0.435547,0.661133,0.046875,0.212891
cate4-00107,cate4,44,27,0.390625,0.682617,0.050781,0.228516
cate4-00107,cate4,45,28,0.341797,0.686523,0.078125,0.224609
cate4-00107,cate4,46,29,0.288086,0.667969,0.095703,0.230469
cate4-00107,cate4,47,30,0.223633,0.606445,0.099609,0.197266
cate4-00107,cate4,48,31,0.166992,0.571289,0.072266,0.138672
cate4-00108,cate4,11,0,0.495117,0.431641,0.064453,0.234375
cate4-00108,cate4,12,1,0.447266,0.418945,0.042969,0.216797
cate4-00108,cate4,13,2,0.405273,0.415039,0.052734,0.236328
cate4-00108,cate4,14,3,0.374023,0.424805,0.056641,0.224609
cate4-00108,cate4,15,4,0.331055,0.439453,0.048828,0.222656
cate4-00108,cate4,16,5,0.273438,0.427734,0.074219,0.253906
cate4-00108,cate4,17,6,0.217773,0.413086,0.072266,0.216797
cate4-00108,cate4,18,7,0.188477,0.321289,0.076172,0.119141
cate4-00108,cate4,21,8,0.541992,0.430664,0.060547,0.248047
cate4-00108,cate4,22,9,0.584961,0.426758,0.048828,0.236328
cate4-00108,cate4,23,10,0.630859,0.426758,0.070312,0.271484
cate4-00108,cate4,24,11,0.659180,0.444336,0.064453,0.244141
cate4-00108,cate4,25,12,0.690430,0.468750,0.044922,0.207031
cate4-00108,cate4,26,13,0.747070,0.457031,0.072266,0.230469
cate4-00108,cate4,27,14,0.807617,0.445312,0.068359,0.226562
cate4-00108,cate4,28,15,0.841797,0.375000,0.062500,0.125000
cate4-00108,cate4,31,16,0.521484,0.681641,0.042969,0.230469
cate4-00108,cate4,32,17,0.549805,0.676758,0.041016,0.232422
cate4-00108,cate4,33,18,0.587891,0.692383,0.054688,0.275391
cate4-00108,cate4,34,19,0.620117,0.691406,0.052734,0.246094
cate4-00108,cate4,35,20,0.652344,0.697266,0.054688,0.210938
cate4-00108,cate4,36,21,0.717773,0.710938,0.087891,0.246094
cate4-00108,cate4,37,22,0.783203,0.677734,0.085938,0.207031
cate4-00108,cate4,38,23,0.837891,0.658203,0.066406,0.121094
cate4-00108,cate4,41,24,0.489258,0.668945,0.048828,0.212891
cate4-00108,cate4,42,25,0.454102,0.678711,0.044922,0.224609
cate4-00108,cate4,43,26,0.418945,0.697266,0.056641,0.289062
cate4-00108,cate4,44,27,0.387695,0.693359,0.048828,0.265625
cate4-00108,cate4,45,28,0.344727,0.688477,0.060547,0.228516
cate4-00108,cate4,46,29,0.282227,0.692383,0.091797,0.244141
cate4-00108,cate4,47,30,0.217773,0.649414,0.083984,0.208984
cate4-00108,cate4,48,31,0.160156,0.614258,0.066406,0.134766
cate4-00111,cate4,11,0,0.477539,0.482422,0.060547,0.222656
cate4-00111,cate4,12,1,0.439453,0.472656,0.066406,0.234375
cate4-00111,cate4,13,2,0.388672,0.430664,0.062500,0.240234
cate4-00111,cate4,14,3,0.345703,0.459961,0.054688,0.244141
cate4-00111,cate4,15,4,0.303711,0.448242,0.056641,0.236328
cate4-00111,cate4,16,5,0.264648,0.428711,0.083984,0.228516
cate4-00111,cate4,17,6,0.233398,0.350586,0.076172,0.173828
cate4-00111,cate4,18,7,0.203125,0.265625,0.078125,0.109375
cate4-00111,cate4,21,8,0.536133,0.465820,0.048828,0.232422
cate4-00111,cate4,22,9,0.577148,0.463867,0.048828,0.236328
cate4-00111,cate4,23,10,0.621094,0.432617,0.054688,0.251953
cate4-00111,cate4,24,11,0.664062,0.453125,0.058594,0.234375
cate4-00111,cate4,25,12,0.702148,0.446289,0.052734,0.208984
cate4-00111,cate4,26,13,0.749023,0.424805,0.076172,0.228516
cate4-00111,cate4,27,14,0.782227,0.347656,0.072266,0.164062
cate4-00111,cate4,28,15,0.804688,0.272461,0.054688,0.087891
cate4-00111,cate4,31,16,0.522461,0.698242,0.037109,0.205078
cate4-00111,cate4,32,17,0.554688,0.697266,0.046875,0.222656
cate4-00111,cate4,33,18,0.590820,0.721680,0.048828,0.251953
cate4-00111,cate4,34,19,0.629883,0.692383,0.056641,0.212891
cate4-00111,cate4,35,20,0.667969,0.671875,0.066406,0.199219
cate4-00111,cate4,36,21,0.727539,0.652344,0.099609,0.226562
cate4-00111,cate4,37,22,0.795898,0.604492,0.087891,0.181641
cate4-00111,cate4,38,23,0.849609,0.571289,0.066406,0.123047
cate4-00111,cate4,41,24,0.491211,0.698242,0.041016,0.197266
cate4-00111,cate4,42,25,0.460938,0.703125,0.042969,0.210938
cate4-00111,cate4,43,26,0.419922,0.719727,0.046875,0.224609
cate4-00111,cate4,44,27,0.377930,0.700195,0.060547,0.208984
cate4-00111,cate4,45,28,0.335938,0.685547,0.078125,0.199219
cate4-00111,cate4,46,29,0.270508,0.657227,0.103516,0.228516
cate4-00111,cate4,47,30,0.208984,0.596680,0.093750,0.173828
cate4-00111,cate4,48,31,0.153320,0.576172,0.064453,0.125000
cate4-00112,cate4,11,0,0.484375,0.475586,0.046875,0.271484
cate4-00112,cate4,12,1,0.443359,0.473633,0.042969,0.255859
cate4-00112,cate4,13,2,0.405273,0.463867,0.048828,0.283203
cate4-00112,cate4,14,3,0.371094,0.468750,0.046875,0.234375
cate4-00112,cate4,15,4,0.338867,0.450195,0.052734,0.244141
cate4-00112,cate4,16,5,0.291992,0.451172,0.072266,0.210938
cate4-00112,cate4,17,6,0.240234,0.434570,0.074219,0.169922
cate4-00112,cate4,18,7,0.215820,0.387695,0.091797,0.154297
cate4-00112,cate4,21,8,0.522461,0.482422,0.052734,0.250000
cate4-00112,cate4,22,9,0.560547,0.473633,0.046875,0.232422
cate4-00112,cate4,23,10,0.601562,0.441406,0.050781,0.304688
cate4-00112,cate4,24,11,0.633789,0.466797,0.048828,0.234375
cate4-00112,cate4,25,12,0.671875,0.457031,0.058594,0.226562
cate4-00112,cate4,26,13,0.718750,0.442383,0.062500,0.212891
cate4-00112,cate4,27,14,0.771484,0.436523,0.058594,0.158203
cate4-00112,cate4,28,15,0.799805,0.387695,0.080078,0.130859
cate4-00112,cate4,31,16,0.531250,0.693359,0.039062,0.136719
cate4-00112,cate4,32,17,0.560547,0.688477,0.035156,0.142578
cate4-00112,cate4,33,18,0.599609,0.708008,0.050781,0.185547
cate4-00112,cate4,34,19,0.637695,0.704102,0.064453,0.197266
cate4-00112,cate4,35,20,0.679688,0.693359,0.066406,0.210938
cate4-00112,cate4,36,21,0.732422,0.669922,0.113281,0.226562
cate4-00112,cate4,37,22,0.788086,0.620117,0.099609,0.201172
cate4-00112,cate4,38,23,0.837891,0.580078,0.074219,0.179688
cate4-00112,cate4,41,24,0.502930,0.696289,0.037109,0.146484
cate4-00112,cate4,42,25,0.476562,0.689453,0.039062,0.128906
cate4-00112,cate4,43,26,0.443359,0.703125,0.042969,0.187500
cate4-00112,cate4,44,27,0.405273,0.699219,0.041016,0.187500
cate4-00112,cate4,45,28,0.361328,0.696289,0.074219,0.224609
cate4-00112,cate4,46,29,0.306641,0.676758,0.109375,0.236328
cate4-00112,cate4,47,30,0.243164,0.632812,0.091797,0.203125
cate4-00112,cate4,48,31,0.192383,0.600586,0.072266,0.189453
cate4-00113,cate4,11,0,0.478516,0.419922,0.050781,0.246094
cate4-00113,cate4,12,1,0.449219,0.422852,0.039062,0.224609
cate4-00113,cate4,13,2,0.406250,0.389648,0.054688,0.294922
cate4-00113,cate4,14,3,0.375977,0.398438,0.052734,0.242188
cate4-00113,cate4,15,4,0.332031,0.391602,0.050781,0.240234
cate4-00113,cate4,16,5,0.279297,0.385742,0.058594,0.224609
cate4-00113,cate4,17,6,0.222656,0.366211,0.066406,0.216797
cate4-00113,cate4,18,7,0.199219,0.285156,0.074219,0.109375
cate4-00113,cate4,21,8,0.531250,0.414062,0.050781,0.250000
cate4-00113,cate4,22,9,0.559570,0.416992,0.044922,0.240234
cate4-00113,cate4,23,10,0.603516,0.395508,0.050781,0.294922
cate4-00113,cate4,24,11,0.637695,0.406250,0.056641,0.238281
cate4-00113,cate4,25,12,0.679688,0.392578,0.050781,0.246094
cate4-00113,cate4,26,13,0.731445,0.394531,0.064453,0.218750
cate4-00113,cate4,27,14,0.784180,0.370117,0.076172,0.189453
cate4-00113,cate4,28,15,0.797852,0.275391,0.072266,0.125000
cate4-00113,cate4,31,16,0.504883,0.651367,0.033203,0.193359
cate4-00113,cate4,32,17,0.533203,0.652344,0.042969,0.195312
cate4-00113,cate4,33,18,0.568359,0.676758,0.050781,0.244141
cate4-00113,cate4,34,19,0.610352,0.672852,0.044922,0.224609
cate4-00113,cate4,35,20,0.653320,0.678711,0.064453,0.248047
cate4-00113,cate4,36,21,0.713867,0.648438,0.103516,0.222656
cate4-00113,cate4,37,22,0.772461,0.599609,0.095703,0.199219
cate4-00113,cate4,38,23,0.822266,0.573242,0.082031,0.126953
cate4-00113,cate4,41,24,0.474609,0.655273,0.042969,0.197266
cate4-00113,cate4,42,25,0.442383,0.667969,0.044922,0.234375
cate4-00113,cate4,43,26,0.405273,0.678711,0.044922,0.236328
cate4-00113,cate4,44,27,0.367188,0.673828,0.062500,0.246094
cate4-00113,cate4,45,28,0.304688,0.649414,0.101562,0.224609
cate4-00113,cate4,47,30,0.243164,0.607422,0.099609,0.210938
cate4-00113,cate4,48,31,0.188477,0.583008,0.076172,0.126953
cate4-00114,cate4,11,0,0.483398,0.428711,0.048828,0.228516
cate4-00114,cate4,12,1,0.458984,0.401367,0.050781,0.224609
cate4-00114,cate4,13,2,0.432617,0.386719,0.048828,0.246094
cate4-00114,cate4,14,3,0.400391,0.422852,0.058594,0.193359
cate4-00114,cate4,15,4,0.359375,0.417969,0.050781,0.210938
cate4-00114,cate4,16,5,0.306641,0.408203,0.066406,0.207031
cate4-00114,cate4,17,6,0.250000,0.378906,0.066406,0.218750
cate4-00114,cate4,18,7,0.224609,0.303711,0.066406,0.130859
cate4-00114,cate4,21,8,0.517578,0.431641,0.042969,0.234375
cate4-00114,cate4,22,9,0.554688,0.415039,0.046875,0.236328
cate4-00114,cate4,23,10,0.589844,0.405273,0.054688,0.244141
cate4-00114,cate4,24,11,0.621094,0.423828,0.050781,0.199219
cate4-00114,cate4,25,12,0.659180,0.426758,0.052734,0.212891
cate4-00114,cate4,26,13,0.712891,0.416016,0.070312,0.210938
cate4-00114,cate4,27,14,0.767578,0.381836,0.066406,0.216797
cate4-00114,cate4,28,15,0.798828,0.310547,0.066406,0.132812
cate4-00114,cate4,31,16,0.519531,0.662109,0.039062,0.179688
cate4-00114,cate4,32,17,0.546875,0.653320,0.050781,0.193359
cate4-00114,cate4,33,18,0.583008,0.681641,0.052734,0.203125
cate4-00114,cate4,34,19,0.623047,0.666016,0.050781,0.183594
cate4-00114,cate4,35,20,0.665039,0.665039,0.056641,0.177734
cate4-00114,cate4,36,21,0.727539,0.658203,0.099609,0.210938
cate4-00114,cate4,37,22,0.795898,0.600586,0.103516,0.185547
cate4-00114,cate4,38,23,0.855469,0.572266,0.074219,0.132812
cate4-00114,cate4,41,24,0.500977,0.688477,0.044922,0.166016
cate4-00114,cate4,42,25,0.474609,0.687500,0.058594,0.187500
cate4-00114,cate4,43,26,0.431641,0.695312,0.062500,0.222656
cate4-00114,cate4,44,27,0.398438,0.671875,0.058594,0.183594
cate4-00114,cate4,45,28,0.346680,0.687500,0.068359,0.210938
cate4-00114,cate4,46,29,0.294922,0.660156,0.105469,0.226562
cate4-00114,cate4,47,30,0.227539,0.596680,0.107422,0.185547
cate4-00114,cate4,48,31,0.169922,0.571289,0.066406,0.146484
cate4-00116,cate4,11,0,0.496094,0.389648,0.054688,0.291016
cate4-00116,cate4,12,1,0.447266,0.389648,0.050781,0.271484
cate4-00116,cate4,13,2,0.406250,0.380859,0.054688,0.273438
cate4-00116,cate4,14,3,0.363281,0.399414,0.066406,0.244141
cate4-00116,cate4,15,4,0.321289,0.396484,0.064453,0.253906
cate4-00116,cate4,16,5,0.270508,0.415039,0.072266,0.205078
cate4-00116,cate4,17,6,0.208984,0.400391,0.078125,0.214844
cate4-00116,cate4,18,7,0.153320,0.371094,0.068359,0.199219
cate4-00116,cate4,21,8,0.543945,0.401367,0.048828,0.267578
cate4-00116,cate4,22,9,0.587891,0.400391,0.046875,0.246094
cate4-00116,cate4,23,10,0.628906,0.393555,0.046875,0.255859
cate4-00116,cate4,24,11,0.666016,0.417969,0.046875,0.214844
cate4-00116,cate4,25,12,0.705078,0.411133,0.046875,0.240234
cate4-00116,cate4,26,13,0.750977,0.414062,0.068359,0.207031
cate4-00116,cate4,27,14,0.816406,0.397461,0.078125,0.212891
cate4-00116,cate4,28,15,0.866211,0.368164,0.068359,0.189453
cate4-00116,cate4,31,16,0.517578,0.642578,0.050781,0.167969
cate4-00116,cate4,32,17,0.550781,0.652344,0.046875,0.195312
cate4-00116,cate4,33,18,0.597656,0.690430,0.066406,0.275391
cate4-00116,cate4,34,19,0.634766,0.675781,0.054688,0.218750
cate4-00116,cate4,35,20,0.682617,0.676758,0.080078,0.240234
cate4-00116,cate4,36,21,0.738281,0.663086,0.097656,0.212891
cate4-00116,cate4,37,22,0.808594,0.634766,0.097656,0.210938
cate4-00116,cate4,38,23,0.862305,0.607422,0.080078,0.195312
cate4-00116,cate4,41,24,0.487305,0.647461,0.037109,0.181641
cate4-00116,cate4,42,25,0.456055,0.658203,0.044922,0.203125
cate4-00116,cate4,43,26,0.416992,0.686523,0.056641,0.267578
cate4-00116,cate4,44,27,0.377930,0.682617,0.052734,0.255859
cate4-00116,cate4,45,28,0.338867,0.682617,0.068359,0.255859
cate4-00116,cate4,46,29,0.274414,0.662109,0.099609,0.234375
cate4-00116,cate4,47,30,0.204102,0.636719,0.103516,0.226562
cate4-00116,cate4,48,31,0.146484,0.592773,0.089844,0.201172
cate4-00131,cate4,11,0,0.494141,0.468750,0.062500,0.203125
cate4-00131,cate4,12,1,0.465820,0.457031,0.068359,0.199219
cate4-00131,cate4,13,2,0.431641,0.406250,0.070312,0.199219
cate4-00131,cate4,14,3,0.402344,0.436523,0.066406,0.212891
cate4-00131,cate4,15,4,0.354492,0.424805,0.056641,0.232422
cate4-00131,cate4,16,5,0.298828,0.437500,0.074219,0.207031
cate4-00131,cate4,17,6,0.239258,0.426758,0.083984,0.177734
cate4-00131,cate4,18,7,0.217773,0.325195,0.072266,0.126953
cate4-00131,cate4,21,8,0.529297,0.457031,0.050781,0.234375
cate4-00131,cate4,22,9,0.568359,0.456055,0.039062,0.224609
cate4-00131,cate4,23,10,0.603516,0.426758,0.039062,0.263672
cate4-00131,cate4,24,11,0.648438,0.451172,0.042969,0.230469
cate4-00131,cate4,25,12,0.684570,0.446289,0.041016,0.220703
cate4-00131,cate4,26,13,0.732422,0.439453,0.066406,0.203125
cate4-00131,cate4,27,14,0.777344,0.413086,0.078125,0.177734
cate4-00131,cate4,28,15,0.793945,0.317383,0.064453,0.107422
cate4-00131,cate4,31,16,0.524414,0.680664,0.033203,0.185547
cate4-00131,cate4,32,17,0.551758,0.681641,0.033203,0.183594
cate4-00131,cate4,33,18,0.594727,0.709961,0.060547,0.232422
cate4-00131,cate4,34,19,0.629883,0.695312,0.064453,0.218750
cate4-00131,cate4,35,20,0.671875,0.696289,0.062500,0.216797
cate4-00131,cate4,36,21,0.733398,0.678711,0.095703,0.224609
cate4-00131,cate4,37,22,0.788086,0.630859,0.083984,0.207031
cate4-00131,cate4,38,23,0.840820,0.615234,0.072266,0.121094
cate4-00131,cate4,41,24,0.493164,0.676758,0.033203,0.177734
cate4-00131,cate4,42,25,0.465820,0.677734,0.037109,0.183594
cate4-00131,cate4,43,26,0.426758,0.708984,0.060547,0.257812
cate4-00131,cate4,44,27,0.381836,0.706055,0.068359,0.236328
cate4-00131,cate4,45,28,0.332031,0.690430,0.082031,0.224609
cate4-00131,cate4,46,29,0.265625,0.667969,0.121094,0.230469
cate4-00131,cate4,47,30,0.209961,0.626953,0.095703,0.210938
cate4-00131,cate4,48,31,0.142578,0.598633,0.074219,0.130859
cate5-00001,cate5,31,16,0.518555,0.649414,0.025391,0.158203
cate5-00001,cate5,32,17,0.544922,0.630859,0.035156,0.160156
cate5-00001,cate5,33,18,0.580078,0.666016,0.046875,0.218750
cate5-00001,cate5,34,19,0.612305,0.652344,0.048828,0.207031
cate5-00006,cate5,31,16,0.523438,0.595703,0.035156,0.164062
cate5-00006,cate5,32,17,0.554688,0.595703,0.039062,0.164062
cate5-00006,cate5,33,18,0.585938,0.615234,0.050781,0.230469
cate5-00006,cate5,34,19,0.625000,0.594727,0.046875,0.201172
cate5-00006,cate5,41,24,0.494141,0.602539,0.027344,0.177734
cate5-00006,cate5,42,25,0.462891,0.604492,0.031250,0.177734
cate5-00006,cate5,43,26,0.426758,0.610352,0.041016,0.197266
cate5-00006,cate5,44,27,0.379883,0.624023,0.048828,0.201172
cate5-00007,cate5,17,6,0.190430,0.461914,0.056641,0.189453
cate5-00007,cate5,27,14,0.752930,0.501953,0.056641,0.187500
cate5-00012,cate5,11,0,0.473633,0.446289,0.044922,0.197266
cate5-00012,cate5,12,1,0.432617,0.438477,0.029297,0.181641
cate5-00012,cate5,13,2,0.393555,0.425781,0.052734,0.253906
cate5-00012,cate5,15,4,0.315430,0.448242,0.052734,0.193359
cate5-00012,cate5,17,6,0.219727,0.429688,0.041016,0.175781
cate5-00012,cate5,18,7,0.182617,0.424805,0.044922,0.162109
cate5-00012,cate5,21,8,0.519531,0.442383,0.046875,0.197266
cate5-00012,cate5,25,12,0.655273,0.422852,0.064453,0.181641
cate5-00012,cate5,27,14,0.732422,0.434570,0.074219,0.224609
cate5-00012,cate5,31,16,0.514648,0.643555,0.029297,0.158203
cate5-00012,cate5,32,17,0.542969,0.646484,0.035156,0.175781
cate5-00012,cate5,33,18,0.580078,0.658203,0.046875,0.214844
cate5-00012,cate5,34,19,0.619141,0.646484,0.039062,0.195312
cate5-00012,cate5,35,20,0.664062,0.648438,0.058594,0.195312
cate5-00012,cate5,41,24,0.485352,0.632812,0.033203,0.140625
cate5-00012,cate5,42,25,0.457031,0.640625,0.035156,0.148438
cate5-00012,cate5,43,26,0.423828,0.650391,0.035156,0.191406
cate5-00012,cate5,44,27,0.381836,0.655273,0.037109,0.177734
cate5-00012,cate5,45,28,0.341797,0.655273,0.042969,0.205078
cate5-00012,cate5,48,31,0.177734,0.583984,0.089844,0.156250
cate5-00018,cate5,11,0,0.485352,0.485352,0.048828,0.177734
cate5-00018,cate5,12,1,0.445312,0.481445,0.035156,0.189453
cate5-00018,cate5,13,2,0.413086,0.477539,0.037109,0.189453
cate5-00018,cate5,14,3,0.374023,0.460938,0.037109,0.187500
cate5-00018,cate5,17,6,0.264648,0.422852,0.056641,0.205078
cate5-00018,cate5,21,8,0.536133,0.480469,0.041016,0.191406
cate5-00018,cate5,22,9,0.575195,0.478516,0.033203,0.191406
cate5-00018,cate5,23,10,0.610352,0.463867,0.048828,0.224609
cate5-00018,cate5,24,11,0.655273,0.473633,0.037109,0.189453
cate5-00018,cate5,25,12,0.688477,0.459961,0.029297,0.177734
cate5-00018,cate5,26,13,0.734375,0.448242,0.050781,0.193359
cate5-00018,cate5,28,15,0.792969,0.436523,0.054688,0.197266
cate5-00018,cate5,31,16,0.521484,0.680664,0.042969,0.162109
cate5-00018,cate5,32,17,0.549805,0.680664,0.041016,0.158203
cate5-00018,cate5,33,18,0.583008,0.688477,0.044922,0.205078
cate5-00018,cate5,38,23,0.798828,0.629883,0.074219,0.150391
cate5-00018,cate5,41,24,0.498047,0.678711,0.042969,0.169922
cate5-00018,cate5,42,25,0.469727,0.689453,0.037109,0.160156
cate5-00018,cate5,43,26,0.439453,0.685547,0.035156,0.199219
cate5-00018,cate5,44,27,0.401367,0.672852,0.041016,0.177734
cate5-00018,cate5,45,28,0.354492,0.663086,0.056641,0.189453
cate5-00018,cate5,46,29,0.305664,0.644531,0.080078,0.191406
cate5-00018,cate5,47,30,0.242188,0.614258,0.078125,0.169922
cate5-00019,cate5,16,5,0.286133,0.476562,0.080078,0.179688
cate5-00024,cate5,11,0,0.484375,0.474609,0.042969,0.214844
cate5-00024,cate5,12,1,0.444336,0.487305,0.037109,0.193359
cate5-00024,cate5,13,2,0.410156,0.454102,0.042969,0.232422
cate5-00024,cate5,14,3,0.375977,0.467773,0.041016,0.162109
cate5-00024,cate5,16,5,0.325195,0.463867,0.068359,0.173828
cate5-00024,cate5,17,6,0.272461,0.464844,0.060547,0.167969
cate5-00024,cate5,18,7,0.213867,0.451172,0.052734,0.164062
cate5-00024,cate5,21,8,0.520508,0.480469,0.037109,0.195312
cate5-00024,cate5,22,9,0.558594,0.470703,0.039062,0.183594
cate5-00024,cate5,23,10,0.595703,0.437500,0.039062,0.246094
cate5-00024,cate5,24,11,0.624023,0.474609,0.037109,0.152344
cate5-00024,cate5,25,12,0.660156,0.454102,0.035156,0.193359
cate5-00024,cate5,26,13,0.698242,0.450195,0.064453,0.169922
cate5-00024,cate5,31,16,0.546875,0.672852,0.023438,0.111328
cate5-00024,cate5,32,17,0.570312,0.661133,0.035156,0.146484
cate5-00024,cate5,33,18,0.603516,0.668945,0.046875,0.173828
cate5-00024,cate5,34,19,0.632812,0.666992,0.039062,0.177734
cate5-00024,cate5,35,20,0.666016,0.662109,0.058594,0.187500
cate5-00024,cate5,36,21,0.714844,0.634766,0.074219,0.199219
cate5-00024,cate5,37,22,0.758789,0.576172,0.068359,0.144531
cate5-00024,cate5,41,24,0.526367,0.670898,0.029297,0.126953
cate5-00024,cate5,42,25,0.503906,0.672852,0.027344,0.158203
cate5-00024,cate5,43,26,0.467773,0.681641,0.033203,0.199219
cate5-00024,cate5,44,27,0.434570,0.658203,0.037109,0.144531
cate5-00024,cate5,45,28,0.394531,0.668945,0.050781,0.173828
cate5-00025,cate5,31,16,0.517578,0.660156,0.019531,0.132812
cate5-00025,cate5,32,17,0.539062,0.653320,0.027344,0.126953
cate5-00025,cate5,33,18,0.566406,0.679688,0.023438,0.191406
cate5-00025,cate5,41,24,0.497070,0.661133,0.021484,0.138672
cate5-00025,cate5,42,25,0.474609,0.656250,0.023438,0.128906
cate5-00025,cate5,43,26,0.449219,0.686523,0.031250,0.185547
cate5-00030,cate5,11,0,0.476562,0.464844,0.039062,0.199219
cate5-00030,cate5,12,1,0.441406,0.454102,0.031250,0.208984
cate5-00030,cate5,13,2,0.410156,0.443359,0.039062,0.230469
cate5-00030,cate5,14,3,0.375977,0.459961,0.037109,0.166016
cate5-00030,cate5,17,6,0.271484,0.426758,0.054688,0.154297
cate5-00030,cate5,18,7,0.219727,0.410156,0.052734,0.152344
cate5-00030,cate5,21,8,0.513672,0.458008,0.039062,0.216797
cate5-00030,cate5,22,9,0.546875,0.469727,0.031250,0.208984
cate5-00030,cate5,23,10,0.581055,0.452148,0.041016,0.228516
cate5-00030,cate5,24,11,0.610352,0.460938,0.044922,0.179688
cate5-00030,cate5,26,13,0.686523,0.440430,0.056641,0.154297
cate5-00030,cate5,27,14,0.737305,0.432617,0.052734,0.166016
cate5-00030,cate5,28,15,0.786133,0.403320,0.056641,0.166016
cate5-00030,cate5,31,16,0.504883,0.661133,0.013672,0.138672
cate5-00030,cate5,32,17,0.531250,0.658203,0.027344,0.136719
cate5-00030,cate5,33,18,0.563477,0.664062,0.029297,0.164062
cate5-00030,cate5,34,19,0.598633,0.664062,0.044922,0.171875
cate5-00030,cate5,35,20,0.634766,0.656250,0.058594,0.183594
cate5-00030,cate5,36,21,0.674805,0.628906,0.080078,0.160156
cate5-00030,cate5,37,22,0.731445,0.605469,0.076172,0.160156
cate5-00030,cate5,38,23,0.785156,0.561523,0.089844,0.134766
cate5-00030,cate5,41,24,0.480469,0.659180,0.015625,0.142578
cate5-00030,cate5,42,25,0.454102,0.656250,0.033203,0.144531
cate5-00030,cate5,43,26,0.428711,0.667969,0.029297,0.175781
cate5-00030,cate5,44,27,0.395508,0.665039,0.044922,0.185547
cate5-00030,cate5,45,28,0.361328,0.666992,0.046875,0.208984
cate5-00030,cate5,46,29,0.305664,0.632812,0.091797,0.191406
cate5-00030,cate5,47,30,0.251953,0.606445,0.097656,0.166016
cate5-00030,cate5,48,31,0.207031,0.554688,0.078125,0.140625
cate5-00031,cate5,11,0,0.437500,0.440430,0.039062,0.193359
cate5-00031,cate5,12,1,0.400391,0.452148,0.023438,0.181641
cate5-00031,cate5,13,2,0.365234,0.429688,0.042969,0.265625
cate5-00031,cate5,14,3,0.331055,0.449219,0.044922,0.203125
cate5-00031,cate5,16,5,0.279297,0.447266,0.062500,0.203125
cate5-00031,cate5,21,8,0.480469,0.431641,0.039062,0.238281
cate5-00031,cate5,31,16,0.507812,0.668945,0.027344,0.166016
cate5-00031,cate5,32,17,0.541016,0.670898,0.035156,0.185547
cate5-00031,cate5,33,18,0.571289,0.689453,0.029297,0.230469
cate5-00031,cate5,34,19,0.617188,0.689453,0.062500,0.226562
cate5-00031,cate5,41,24,0.473633,0.666992,0.029297,0.150391
cate5-00031,cate5,42,25,0.443359,0.697266,0.031250,0.167969
cate5-00031,cate5,43,26,0.405273,0.688477,0.029297,0.205078
cate5-00031,cate5,44,27,0.374023,0.677734,0.037109,0.210938
cate5-00036,cate5,11,0,0.476562,0.392578,0.046875,0.226562
cate5-00036,cate5,12,1,0.435547,0.382812,0.042969,0.226562
cate5-00036,cate5,13,2,0.395508,0.393555,0.044922,0.248047
cate5-00036,cate5,14,3,0.353516,0.377930,0.050781,0.185547
cate5-00036,cate5,15,4,0.313477,0.371094,0.052734,0.179688
cate5-00036,cate5,16,5,0.262695,0.347656,0.060547,0.195312
cate5-00036,cate5,21,8,0.534180,0.395508,0.044922,0.212891
cate5-00036,cate5,22,9,0.572266,0.373047,0.035156,0.199219
cate5-00036,cate5,23,10,0.608398,0.364258,0.044922,0.228516
cate5-00036,cate5,24,11,0.642578,0.369141,0.054688,0.187500
cate5-00036,cate5,25,12,0.686523,0.378906,0.041016,0.156250
cate5-00036,cate5,26,13,0.732422,0.360352,0.062500,0.162109
cate5-00036,cate5,33,18,0.576172,0.582031,0.042969,0.195312
cate5-00036,cate5,34,19,0.601562,0.586914,0.042969,0.212891
cate5-00036,cate5,35,20,0.642578,0.577148,0.066406,0.185547
cate5-00036,cate5,36,21,0.689453,0.553711,0.093750,0.193359
cate5-00036,cate5,37,22,0.757812,0.509766,0.101562,0.199219
cate5-00036,cate5,45,28,0.347656,0.592773,0.062500,0.201172
cate5-00036,cate5,46,29,0.298828,0.549805,0.097656,0.185547
cate5-00036,cate5,47,30,0.238281,0.527344,0.113281,0.191406
cate5-00037,cate5,11,0,0.481445,0.401367,0.041016,0.232422
cate5-00037,cate5,12,1,0.442383,0.410156,0.033203,0.199219
cate5-00037,cate5,13,2,0.406250,0.368164,0.039062,0.279297
cate5-00037,cate5,14,3,0.373047,0.390625,0.039062,0.214844
cate5-00037,cate5,15,4,0.333984,0.383789,0.042969,0.224609
cate5-00037,cate5,16,5,0.284180,0.404297,0.052734,0.171875
cate5-00037,cate5,17,6,0.236328,0.355469,0.058594,0.210938
cate5-00037,cate5,21,8,0.521484,0.398438,0.042969,0.230469
cate5-00037,cate5,22,9,0.561523,0.416992,0.037109,0.185547
cate5-00037,cate5,23,10,0.601562,0.381836,0.046875,0.244141
cate5-00037,cate5,24,11,0.636719,0.408203,0.050781,0.167969
cate5-00037,cate5,26,13,0.730469,0.350586,0.066406,0.228516
cate5-00037,cate5,27,14,0.785156,0.355469,0.050781,0.191406
cate5-00037,cate5,31,16,0.500977,0.606445,0.029297,0.119141
cate5-00037,cate5,32,17,0.535156,0.612305,0.035156,0.119141
cate5-00037,cate5,33,18,0.570312,0.617188,0.046875,0.171875
cate5-00037,cate5,34,19,0.618164,0.629883,0.052734,0.189453
cate5-00037,cate5,35,20,0.668945,0.622070,0.060547,0.205078
cate5-00037,cate5,36,21,0.735352,0.596680,0.095703,0.181641
cate5-00037,cate5,37,22,0.802734,0.553711,0.101562,0.162109
cate5-00037,cate5,41,24,0.472656,0.612305,0.031250,0.134766
cate5-00037,cate5,42,25,0.442383,0.628906,0.033203,0.167969
cate5-00037,cate5,43,26,0.401367,0.641602,0.052734,0.212891
cate5-00037,cate5,44,27,0.364258,0.630859,0.052734,0.183594
cate5-00037,cate5,47,30,0.213867,0.576172,0.095703,0.183594
cate5-00037,cate5,48,31,0.153320,0.563477,0.083984,0.142578
cate5-00042,cate5,12,1,0.459961,0.378906,0.029297,0.160156
cate5-00042,cate5,13,2,0.430664,0.377930,0.033203,0.208984
cate5-00042,cate5,14,3,0.402344,0.388672,0.035156,0.175781
cate5-00042,cate5,16,5,0.273438,0.361328,0.050781,0.132812
cate5-00042,cate5,17,6,0.227539,0.382812,0.044922,0.164062
cate5-00042,cate5,22,9,0.569336,0.377930,0.029297,0.130859
cate5-00042,cate5,23,10,0.604492,0.366211,0.037109,0.212891
cate5-00042,cate5,26,13,0.713867,0.399414,0.048828,0.158203
cate5-00042,cate5,27,14,0.771484,0.392578,0.058594,0.183594
cate5-00042,cate5,28,15,0.810547,0.375977,0.058594,0.142578
cate5-00042,cate5,31,16,0.508789,0.596680,0.033203,0.134766
cate5-00042,cate5,32,17,0.562500,0.610352,0.031250,0.146484
cate5-00042,cate5,33,18,0.585938,0.636719,0.046875,0.210938
cate5-00042,cate5,34,19,0.625000,0.630859,0.035156,0.218750
cate5-00042,cate5,35,20,0.658203,0.631836,0.042969,0.212891
cate5-00042,cate5,36,21,0.720703,0.608398,0.085938,0.201172
cate5-00042,cate5,37,22,0.781250,0.546875,0.093750,0.160156
cate5-00042,cate5,41,24,0.481445,0.600586,0.033203,0.158203
cate5-00042,cate5,42,25,0.458984,0.611328,0.027344,0.167969
cate5-00042,cate5,43,26,0.428711,0.624023,0.033203,0.201172
cate5-00042,cate5,44,27,0.391602,0.624023,0.037109,0.197266
cate5-00042,cate5,45,28,0.360352,0.617188,0.052734,0.210938
cate5-00042,cate5,46,29,0.302734,0.589844,0.082031,0.207031
cate5-00042,cate5,47,30,0.236328,0.549805,0.082031,0.162109
cate5-00043,cate5,11,0,0.493164,0.396484,0.021484,0.164062
cate5-00043,cate5,12,1,0.458984,0.389648,0.023438,0.154297
cate5-00043,cate5,15,4,0.310547,0.375977,0.019531,0.107422
cate5-00043,cate5,16,5,0.289062,0.365234,0.050781,0.152344
cate5-00043,cate5,17,6,0.234375,0.357422,0.058594,0.183594
cate5-00043,cate5,21,8,0.533203,0.404297,0.046875,0.210938
cate5-00043,cate5,22,9,0.570312,0.407227,0.031250,0.185547
cate5-00043,cate5,31,16,0.521484,0.596680,0.035156,0.146484
cate5-00043,cate5,32,17,0.544922,0.596680,0.039062,0.154297
cate5-00043,cate5,33,18,0.577148,0.608398,0.044922,0.201172
cate5-00043,cate5,34,19,0.611328,0.601562,0.023438,0.148438
cate5-00043,cate5,41,24,0.491211,0.591797,0.025391,0.140625
cate5-00043,cate5,42,25,0.464844,0.600586,0.031250,0.158203
cate5-00043,cate5,43,26,0.432617,0.598633,0.037109,0.177734
cate5-00043,cate5,44,27,0.401367,0.583008,0.041016,0.166016
cate5-00048,cate5,11,0,0.496094,0.411133,0.042969,0.216797
cate5-00048,cate5,12,1,0.461914,0.389648,0.033203,0.232422
cate5-00048,cate5,13,2,0.427734,0.384766,0.046875,0.230469
cate5-00048,cate5,14,3,0.396484,0.376953,0.039062,0.207031
cate5-00048,cate5,16,5,0.338867,0.393555,0.068359,0.162109
cate5-00048,cate5,17,6,0.279297,0.403320,0.050781,0.173828
cate5-00048,cate5,18,7,0.226562,0.388672,0.062500,0.179688
cate5-00048,cate5,21,8,0.535156,0.418945,0.042969,0.205078
cate5-00048,cate5,22,9,0.574219,0.405273,0.031250,0.232422
cate5-00048,cate5,23,10,0.611328,0.400391,0.042969,0.234375
cate5-00048,cate5,26,13,0.698242,0.404297,0.056641,0.167969
cate5-00048,cate5,27,14,0.748047,0.424805,0.050781,0.138672
cate5-00048,cate5,28,15,0.798828,0.431641,0.046875,0.156250
cate5-00048,cate5,31,16,0.517578,0.614258,0.031250,0.154297
cate5-00048,cate5,32,17,0.548828,0.609375,0.031250,0.144531
cate5-00048,cate5,33,18,0.579102,0.643555,0.037109,0.212891
cate5-00048,cate5,34,19,0.618164,0.634766,0.033203,0.191406
cate5-00048,cate5,35,20,0.653320,0.609375,0.033203,0.187500
cate5-00048,cate5,37,22,0.747070,0.610352,0.091797,0.138672
cate5-00048,cate5,41,24,0.486328,0.602539,0.023438,0.138672
cate5-00048,cate5,42,25,0.461914,0.607422,0.033203,0.171875
cate5-00048,cate5,43,26,0.425781,0.608398,0.035156,0.193359
cate5-00048,cate5,44,27,0.390625,0.590820,0.031250,0.169922
cate5-00048,cate5,45,28,0.350586,0.599609,0.041016,0.191406
cate5-00049,cate5,11,0,0.462891,0.376953,0.050781,0.253906
cate5-00049,cate5,12,1,0.417969,0.365234,0.046875,0.234375
cate5-00049,cate5,13,2,0.371094,0.349609,0.050781,0.281250
cate5-00049,cate5,18,7,0.144531,0.332031,0.089844,0.179688
cate5-00049,cate5,21,8,0.512695,0.375000,0.048828,0.250000
cate5-00049,cate5,22,9,0.554688,0.375000,0.046875,0.234375
cate5-00049,cate5,23,10,0.599609,0.356445,0.050781,0.283203
cate5-00049,cate5,27,14,0.719727,0.341797,0.076172,0.210938
cate5-00049,cate5,28,15,0.790039,0.331055,0.064453,0.177734
cate5-00049,cate5,31,16,0.505859,0.598633,0.046875,0.154297
cate5-00049,cate5,32,17,0.542969,0.600586,0.046875,0.169922
cate5-00049,cate5,33,18,0.584961,0.610352,0.060547,0.240234
cate5-00049,cate5,34,19,0.632812,0.609375,0.062500,0.230469
cate5-00049,cate5,35,20,0.678711,0.592773,0.056641,0.220703
cate5-00049,cate5,37,22,0.741211,0.560547,0.103516,0.199219
cate5-00049,cate5,38,23,0.805664,0.517578,0.111328,0.195312
cate5-00049,cate5,41,24,0.470703,0.609375,0.042969,0.183594
cate5-00049,cate5,42,25,0.436523,0.617188,0.037109,0.214844
cate5-00049,cate5,43,26,0.386719,0.621094,0.054688,0.250000
cate5-00049,cate5,44,27,0.342773,0.631836,0.041016,0.232422
cate5-00049,cate5,48,31,0.142578,0.506836,0.105469,0.154297
cate5-00054,cate5,15,4,0.313477,0.376953,0.083984,0.207031
cate5-00054,cate5,27,14,0.791016,0.384766,0.066406,0.175781
cate5-00054,cate5,33,18,0.588867,0.636719,0.048828,0.226562
cate5-00054,cate5,34,19,0.631836,0.630859,0.041016,0.218750
cate5-00054,cate5,35,20,0.681641,0.613281,0.066406,0.199219
cate5-00054,cate5,38,23,0.799805,0.544922,0.099609,0.144531
cate5-00054,cate5,43,26,0.421875,0.620117,0.042969,0.208984
cate5-00054,cate5,44,27,0.371094,0.626953,0.042969,0.222656
cate5-00054,cate5,45,28,0.295898,0.637695,0.087891,0.185547
cate5-00054,cate5,47,30,0.193359,0.569336,0.085938,0.166016
cate5-00055,cate5,38,23,0.823242,0.627930,0.099609,0.150391
cate5-00060,cate5,17,6,0.241211,0.386719,0.056641,0.183594
cate5-00060,cate5,27,14,0.718750,0.384766,0.050781,0.191406
cate5-00060,cate5,31,16,0.518555,0.631836,0.025391,0.169922
cate5-00060,cate5,32,17,0.547852,0.633789,0.029297,0.173828
cate5-00060,cate5,33,18,0.575195,0.666016,0.029297,0.234375
cate5-00060,cate5,34,19,0.605469,0.662109,0.050781,0.191406
cate5-00060,cate5,35,20,0.642578,0.668945,0.039062,0.197266
cate5-00060,cate5,37,22,0.717773,0.620117,0.087891,0.154297
cate5-00060,cate5,41,24,0.496094,0.636719,0.019531,0.171875
cate5-00060,cate5,42,25,0.469727,0.640625,0.037109,0.191406
cate5-00060,cate5,43,26,0.441406,0.670898,0.039062,0.236328
cate5-00060,cate5,45,28,0.363281,0.655273,0.058594,0.173828
cate5-00060,cate5,47,30,0.277344,0.616211,0.113281,0.166016
cate5-00061,cate5,15,4,0.332031,0.404297,0.039062,0.187500
cate5-00061,cate5,17,6,0.233398,0.395508,0.048828,0.146484
cate5-00061,cate5,21,8,0.523438,0.449219,0.046875,0.207031
cate5-00061,cate5,22,9,0.565430,0.428711,0.037109,0.216797
cate5-00061,cate5,23,10,0.598633,0.422852,0.037109,0.228516
cate5-00061,cate5,24,11,0.634766,0.428711,0.046875,0.224609
cate5-00061,cate5,26,13,0.711914,0.430664,0.044922,0.193359
cate5-00061,cate5,27,14,0.757812,0.422852,0.050781,0.138672
cate5-00061,cate5,31,16,0.497070,0.655273,0.029297,0.189453
cate5-00061,cate5,32,17,0.526367,0.672852,0.029297,0.216797
cate5-00061,cate5,33,18,0.560547,0.684570,0.042969,0.224609
cate5-00061,cate5,34,19,0.594727,0.655273,0.044922,0.208984
cate5-00061,cate5,41,24,0.469727,0.651367,0.033203,0.173828
cate5-00061,cate5,42,25,0.439453,0.666016,0.031250,0.199219
cate5-00061,cate5,43,26,0.408203,0.661133,0.042969,0.220703
cate5-00061,cate5,44,27,0.374023,0.634766,0.044922,0.203125
cate5-00061,cate5,45,28,0.333984,0.627930,0.046875,0.197266
cate5-00061,cate5,47,30,0.211914,0.542969,0.091797,0.152344
cate5-00066,cate5,11,0,0.478516,0.405273,0.039062,0.181641
cate5-00066,cate5,13,2,0.422852,0.381836,0.052734,0.197266
cate5-00066,cate5,16,5,0.333984,0.359375,0.078125,0.175781
cate5-00066,cate5,17,6,0.264648,0.359375,0.064453,0.195312
cate5-00066,cate5,21,8,0.515625,0.417969,0.046875,0.191406
cate5-00066,cate5,22,9,0.547852,0.411133,0.033203,0.173828
cate5-00066,cate5,23,10,0.581055,0.383789,0.037109,0.228516
cate5-00066,cate5,24,11,0.607422,0.393555,0.039062,0.189453
cate5-00066,cate5,27,14,0.725586,0.351562,0.056641,0.187500
cate5-00066,cate5,31,16,0.516602,0.594727,0.025391,0.111328
cate5-00066,cate5,32,17,0.541016,0.602539,0.035156,0.130859
cate5-00066,cate5,33,18,0.568359,0.604492,0.050781,0.181641
cate5-00066,cate5,38,23,0.762695,0.503906,0.103516,0.117188
cate5-00066,cate5,41,24,0.492188,0.578125,0.023438,0.101562
cate5-00066,cate5,42,25,0.471680,0.581055,0.021484,0.123047
cate5-00066,cate5,43,26,0.442383,0.592773,0.037109,0.173828
cate5-00066,cate5,44,27,0.405273,0.588867,0.041016,0.169922
cate5-00067,cate5,11,0,0.479492,0.431641,0.044922,0.234375
cate5-00067,cate5,12,1,0.442383,0.435547,0.041016,0.226562
cate5-00067,cate5,13,2,0.405273,0.428711,0.048828,0.248047
cate5-00067,cate5,15,4,0.333984,0.431641,0.039062,0.226562
cate5-00067,cate5,18,7,0.207031,0.412109,0.066406,0.195312
cate5-00067,cate5,21,8,0.535156,0.437500,0.050781,0.210938
cate5-00067,cate5,22,9,0.572266,0.436523,0.035156,0.220703
cate5-00067,cate5,23,10,0.609375,0.433594,0.042969,0.261719
cate5-00067,cate5,24,11,0.645508,0.441406,0.037109,0.210938
cate5-00067,cate5,28,15,0.789062,0.408203,0.070312,0.199219
cate5-00067,cate5,31,16,0.513672,0.671875,0.019531,0.195312
cate5-00067,cate5,32,17,0.541016,0.669922,0.035156,0.207031
cate5-00067,cate5,33,18,0.572266,0.683594,0.035156,0.257812
cate5-00067,cate5,34,19,0.605469,0.674805,0.042969,0.228516
cate5-00067,cate5,35,20,0.643555,0.676758,0.044922,0.220703
cate5-00067,cate5,37,22,0.801758,0.631836,0.107422,0.189453
cate5-00067,cate5,41,24,0.487305,0.680664,0.033203,0.189453
cate5-00067,cate5,42,25,0.465820,0.682617,0.029297,0.232422
cate5-00067,cate5,43,26,0.432617,0.685547,0.037109,0.230469
cate5-00067,cate5,44,27,0.393555,0.690430,0.041016,0.228516
cate5-00067,cate5,45,28,0.353516,0.691406,0.039062,0.210938
cate5-00067,cate5,47,30,0.197266,0.641602,0.121094,0.197266
cate5-00072,cate5,11,0,0.458008,0.430664,0.056641,0.185547
cate5-00072,cate5,12,1,0.413086,0.420898,0.033203,0.205078
cate5-00072,cate5,13,2,0.377930,0.413086,0.048828,0.244141
cate5-00072,cate5,14,3,0.343750,0.449219,0.035156,0.160156
cate5-00072,cate5,21,8,0.508789,0.429688,0.052734,0.199219
cate5-00072,cate5,22,9,0.545898,0.420898,0.029297,0.154297
cate5-00072,cate5,23,10,0.583984,0.408203,0.042969,0.246094
cate5-00072,cate5,24,11,0.620117,0.441406,0.041016,0.164062
cate5-00072,cate5,25,12,0.661133,0.435547,0.048828,0.152344
cate5-00072,cate5,26,13,0.708008,0.423828,0.052734,0.171875
cate5-00072,cate5,31,16,0.497070,0.622070,0.029297,0.181641
cate5-00072,cate5,32,17,0.526367,0.625000,0.029297,0.171875
cate5-00072,cate5,33,18,0.556641,0.645508,0.035156,0.220703
cate5-00072,cate5,34,19,0.590820,0.620117,0.052734,0.173828
cate5-00072,cate5,41,24,0.469727,0.614258,0.025391,0.173828
cate5-00072,cate5,42,25,0.440430,0.632812,0.037109,0.171875
cate5-00072,cate5,43,26,0.414062,0.632812,0.042969,0.187500
cate5-00072,cate5,44,27,0.382812,0.636719,0.054688,0.199219
cate5-00072,cate5,47,30,0.230469,0.546875,0.097656,0.164062
cate5-00073,cate5,11,0,0.505859,0.427734,0.050781,0.179688
cate5-00073,cate5,12,1,0.466797,0.420898,0.039062,0.185547
cate5-00073,cate5,13,2,0.430664,0.387695,0.048828,0.263672
cate5-00073,cate5,15,4,0.375000,0.437500,0.046875,0.167969
cate5-00073,cate5,16,5,0.330078,0.459961,0.062500,0.154297
cate5-00073,cate5,17,6,0.265625,0.451172,0.066406,0.175781
cate5-00073,cate5,21,8,0.551758,0.428711,0.048828,0.201172
cate5-00073,cate5,22,9,0.588867,0.442383,0.029297,0.181641
cate5-00073,cate5,23,10,0.624023,0.452148,0.048828,0.169922
cate5-00073,cate5,33,18,0.581055,0.637695,0.044922,0.193359
cate5-00073,cate5,34,19,0.617188,0.633789,0.039062,0.166016
cate5-00073,cate5,35,20,0.650391,0.634766,0.031250,0.187500
cate5-00073,cate5,36,21,0.696289,0.642578,0.064453,0.199219
cate5-00073,cate5,37,22,0.756836,0.637695,0.064453,0.177734
cate5-00073,cate5,41,24,0.481445,0.619141,0.033203,0.152344
cate5-00073,cate5,42,25,0.445312,0.646484,0.039062,0.210938
cate5-00073,cate5,43,26,0.404297,0.625977,0.039062,0.162109
cate5-00073,cate5,44,27,0.370117,0.650391,0.048828,0.164062
cate5-00073,cate5,46,29,0.255859,0.644531,0.093750,0.191406
cate5-00078,cate5,31,16,0.522461,0.617188,0.021484,0.136719
cate5-00078,cate5,32,17,0.551758,0.621094,0.029297,0.152344
cate5-00078,cate5,33,18,0.596680,0.625977,0.037109,0.185547
cate5-00078,cate5,34,19,0.625977,0.625977,0.033203,0.185547
cate5-00078,cate5,35,20,0.660156,0.625000,0.035156,0.214844
cate5-00078,cate5,38,23,0.790039,0.584961,0.107422,0.173828
cate5-00078,cate5,41,24,0.488281,0.628906,0.031250,0.156250
cate5-00078,cate5,42,25,0.461914,0.628906,0.029297,0.167969
cate5-00078,cate5,43,26,0.428711,0.628906,0.029297,0.183594
cate5-00078,cate5,44,27,0.394531,0.636719,0.035156,0.179688
cate5-00078,cate5,45,28,0.357422,0.636719,0.046875,0.203125
cate5-00078,cate5,47,30,0.223633,0.587891,0.126953,0.148438
cate5-00079,cate5,11,0,0.483398,0.479492,0.041016,0.173828
cate5-00079,cate5,12,1,0.450195,0.457031,0.033203,0.195312
cate5-00079,cate5,13,2,0.414062,0.432617,0.042969,0.251953
cate5-00079,cate5,14,3,0.385742,0.463867,0.033203,0.154297
cate5-00079,cate5,15,4,0.355469,0.442383,0.042969,0.201172
cate5-00079,cate5,16,5,0.305664,0.454102,0.056641,0.173828
cate5-00079,cate5,17,6,0.256836,0.449219,0.056641,0.167969
cate5-00079,cate5,21,8,0.526367,0.457031,0.041016,0.210938
cate5-00079,cate5,22,9,0.565430,0.473633,0.041016,0.177734
cate5-00079,cate5,23,10,0.597656,0.431641,0.039062,0.238281
cate5-00079,cate5,26,13,0.685547,0.427734,0.062500,0.109375
cate5-00079,cate5,31,16,0.501953,0.673828,0.023438,0.152344
cate5-00079,cate5,32,17,0.533203,0.671875,0.031250,0.187500
cate5-00079,cate5,33,18,0.566406,0.683594,0.042969,0.191406
cate5-00079,cate5,34,19,0.602539,0.682617,0.041016,0.181641
cate5-00079,cate5,35,20,0.646484,0.688477,0.050781,0.185547
cate5-00079,cate5,41,24,0.477539,0.666992,0.025391,0.158203
cate5-00079,cate5,42,25,0.450195,0.678711,0.033203,0.181641
cate5-00079,cate5,43,26,0.419922,0.695312,0.042969,0.207031
cate5-00079,cate5,44,27,0.386719,0.682617,0.042969,0.177734
cate5-00079,cate5,45,28,0.346680,0.674805,0.044922,0.162109
cate5-00084,cate5,15,4,0.333008,0.431641,0.048828,0.207031
cate5-00084,cate5,16,5,0.281250,0.432617,0.054688,0.177734
cate5-00084,cate5,17,6,0.224609,0.398438,0.050781,0.160156
cate5-00084,cate5,25,12,0.660156,0.446289,0.042969,0.220703
cate5-00084,cate5,26,13,0.707031,0.449219,0.062500,0.199219
cate5-00084,cate5,27,14,0.761719,0.415039,0.050781,0.189453
cate5-00084,cate5,31,16,0.506836,0.629883,0.025391,0.158203
cate5-00084,cate5,32,17,0.535156,0.634766,0.035156,0.175781
cate5-00084,cate5,33,18,0.570312,0.642578,0.027344,0.187500
cate5-00084,cate5,34,19,0.602539,0.649414,0.041016,0.224609
cate5-00084,cate5,35,20,0.643555,0.647461,0.044922,0.177734
cate5-00084,cate5,38,23,0.776367,0.601562,0.103516,0.148438
cate5-00084,cate5,41,24,0.477539,0.619141,0.029297,0.156250
cate5-00084,cate5,42,25,0.451172,0.623047,0.027344,0.160156
cate5-00084,cate5,43,26,0.416992,0.642578,0.037109,0.218750
cate5-00084,cate5,44,27,0.383789,0.641602,0.041016,0.212891
cate5-00084,cate5,45,28,0.340820,0.643555,0.052734,0.201172
cate5-00085,cate5,13,2,0.412109,0.448242,0.031250,0.228516
cate5-00085,cate5,14,3,0.380859,0.483398,0.039062,0.146484
cate5-00085,cate5,15,4,0.351562,0.495117,0.042969,0.181641
cate5-00085,cate5,16,5,0.312500,0.493164,0.050781,0.185547
cate5-00085,cate5,17,6,0.260742,0.468750,0.056641,0.191406
cate5-00085,cate5,23,10,0.601562,0.446289,0.031250,0.220703
cate5-00085,cate5,24,11,0.642578,0.480469,0.031250,0.148438
cate5-00085,cate5,25,12,0.684570,0.487305,0.044922,0.197266
cate5-00085,cate5,27,14,0.771484,0.459961,0.046875,0.162109
cate5-00085,cate5,33,18,0.586914,0.684570,0.029297,0.185547
cate5-00085,cate5,34,19,0.623047,0.688477,0.050781,0.189453
cate5-00085,cate5,37,22,0.735352,0.630859,0.080078,0.156250
cate5-00085,cate5,38,23,0.792969,0.598633,0.078125,0.138672
cate5-00085,cate5,42,25,0.483398,0.653320,0.029297,0.142578
cate5-00085,cate5,43,26,0.454102,0.665039,0.033203,0.181641
cate5-00085,cate5,44,27,0.417969,0.684570,0.050781,0.193359
cate5-00085,cate5,45,28,0.367188,0.669922,0.062500,0.156250
cate5-00085,cate5,47,30,0.270508,0.660156,0.091797,0.148438
cate5-00085,cate5,48,31,0.208008,0.609375,0.115234,0.152344
cate5-00090,cate5,11,0,0.459961,0.450195,0.041016,0.212891
cate5-00090,cate5,13,2,0.416016,0.431641,0.054688,0.265625
cate5-00090,cate5,14,3,0.349609,0.471680,0.054688,0.173828
cate5-00090,cate5,21,8,0.500977,0.440430,0.041016,0.212891
cate5-00090,cate5,22,9,0.545898,0.457031,0.041016,0.199219
cate5-00090,cate5,23,10,0.584961,0.434570,0.033203,0.228516
cate5-00090,cate5,24,11,0.625000,0.422852,0.039062,0.275391
cate5-00090,cate5,25,12,0.663086,0.434570,0.044922,0.212891
cate5-00090,cate5,31,16,0.519531,0.668945,0.027344,0.181641
cate5-00090,cate5,32,17,0.549805,0.679688,0.025391,0.199219
cate5-00090,cate5,33,18,0.586914,0.699219,0.037109,0.253906
cate5-00090,cate5,34,19,0.626953,0.696289,0.050781,0.244141
cate5-00090,cate5,41,24,0.494141,0.675781,0.031250,0.183594
cate5-00090,cate5,42,25,0.463867,0.696289,0.041016,0.205078
cate5-00090,cate5,43,26,0.433594,0.710938,0.050781,0.226562
cate5-00090,cate5,44,27,0.386719,0.717773,0.054688,0.220703
cate5-00090,cate5,46,29,0.262695,0.679688,0.115234,0.199219
cate5-00091,cate5,38,23,0.827148,0.656250,0.083984,0.148438
cate5-00096,cate5,12,1,0.448242,0.427734,0.041016,0.191406
cate5-00096,cate5,13,2,0.416992,0.418945,0.041016,0.189453
cate5-00096,cate5,15,4,0.374023,0.405273,0.044922,0.169922
cate5-00096,cate5,16,5,0.324219,0.416992,0.058594,0.177734
cate5-00096,cate5,17,6,0.276367,0.406250,0.048828,0.191406
cate5-00096,cate5,18,7,0.228516,0.396484,0.050781,0.171875
cate5-00096,cate5,21,8,0.528320,0.426758,0.041016,0.208984
cate5-00096,cate5,22,9,0.561523,0.424805,0.037109,0.193359
cate5-00096,cate5,23,10,0.591797,0.408203,0.042969,0.199219
cate5-00096,cate5,26,13,0.683594,0.397461,0.050781,0.181641
cate5-00096,cate5,27,14,0.730469,0.393555,0.054688,0.193359
cate5-00096,cate5,28,15,0.774414,0.382812,0.048828,0.140625
cate5-00096,cate5,31,16,0.529297,0.632812,0.027344,0.156250
cate5-00096,cate5,32,17,0.555664,0.634766,0.029297,0.167969
cate5-00096,cate5,33,18,0.582031,0.629883,0.031250,0.169922
cate5-00096,cate5,34,19,0.611328,0.639648,0.035156,0.205078
cate5-00096,cate5,35,20,0.640625,0.615234,0.039062,0.167969
cate5-00096,cate5,36,21,0.696289,0.627930,0.076172,0.205078
cate5-00096,cate5,38,23,0.778320,0.572266,0.103516,0.152344
cate5-00096,cate5,41,24,0.509766,0.631836,0.023438,0.146484
cate5-00096,cate5,42,25,0.488281,0.632812,0.027344,0.167969
cate5-00096,cate5,43,26,0.461914,0.648438,0.025391,0.171875
cate5-00096,cate5,44,27,0.428711,0.666016,0.041016,0.207031
cate5-00096,cate5,45,28,0.397461,0.652344,0.052734,0.183594
cate5-00096,cate5,46,29,0.336914,0.658203,0.099609,0.214844
cate5-00096,cate5,48,31,0.247070,0.592773,0.107422,0.162109
cate5-00097,cate5,13,2,0.413086,0.419922,0.044922,0.234375
cate5-00097,cate5,23,10,0.622070,0.459961,0.041016,0.216797
cate5-00097,cate5,26,13,0.746094,0.494141,0.066406,0.167969
cate5-00097,cate5,31,16,0.526367,0.647461,0.021484,0.150391
cate5-00097,cate5,32,17,0.552734,0.657227,0.027344,0.169922
cate5-00097,cate5,33,18,0.586914,0.668945,0.033203,0.166016
cate5-00097,cate5,38,23,0.786133,0.645508,0.107422,0.119141
cate5-00097,cate5,41,24,0.500977,0.642578,0.025391,0.136719
cate5-00097,cate5,42,25,0.469727,0.652344,0.037109,0.179688
cate5-00097,cate5,43,26,0.445312,0.656250,0.035156,0.167969
cate5-00097,cate5,44,27,0.403320,0.676758,0.041016,0.189453
cate5-00097,cate5,48,31,0.250000,0.630859,0.093750,0.132812
cate5-00102,cate5,31,16,0.480469,0.535156,0.023438,0.140625
cate5-00102,cate5,32,17,0.505859,0.548828,0.027344,0.179688
cate5-00102,cate5,33,18,0.536133,0.579102,0.037109,0.216797
cate5-00102,cate5,34,19,0.569336,0.583008,0.041016,0.197266
cate5-00102,cate5,35,20,0.608398,0.590820,0.041016,0.212891
cate5-00102,cate5,37,22,0.770508,0.587891,0.142578,0.203125
cate5-00102,cate5,41,24,0.453125,0.536133,0.031250,0.173828
cate5-00102,cate5,42,25,0.426758,0.541992,0.033203,0.193359
cate5-00102,cate5,43,26,0.393555,0.543945,0.033203,0.212891
cate5-00102,cate5,44,27,0.359375,0.547852,0.039062,0.208984
cate5-00102,cate5,45,28,0.320312,0.545898,0.046875,0.197266
cate5-00102,cate5,47,30,0.203125,0.520508,0.117188,0.193359
cate5-00103,cate5,11,0,0.472656,0.371094,0.042969,0.207031
cate5-00103,cate5,12,1,0.432617,0.353516,0.037109,0.218750
cate5-00103,cate5,13,2,0.391602,0.333984,0.048828,0.261719
cate5-00103,cate5,17,6,0.245117,0.344727,0.072266,0.197266
cate5-00103,cate5,18,7,0.177734,0.326172,0.062500,0.195312
cate5-00103,cate5,21,8,0.516602,0.371094,0.048828,0.199219
cate5-00103,cate5,22,9,0.555664,0.343750,0.037109,0.199219
cate5-00103,cate5,23,10,0.591797,0.312500,0.042969,0.273438
cate5-00103,cate5,24,11,0.627930,0.350586,0.048828,0.197266
cate5-00103,cate5,25,12,0.665039,0.329102,0.037109,0.201172
cate5-00103,cate5,26,13,0.706055,0.339844,0.052734,0.183594
cate5-00103,cate5,27,14,0.753906,0.302734,0.054688,0.167969
cate5-00103,cate5,28,15,0.798828,0.294922,0.058594,0.121094
cate5-00103,cate5,31,16,0.514648,0.583984,0.029297,0.152344
cate5-00103,cate5,32,17,0.541016,0.586914,0.031250,0.185547
cate5-00103,cate5,33,18,0.572266,0.609375,0.035156,0.195312
cate5-00103,cate5,35,20,0.643555,0.574219,0.025391,0.183594
cate5-00103,cate5,38,23,0.770508,0.459961,0.115234,0.150391
cate5-00103,cate5,41,24,0.485352,0.579102,0.033203,0.158203
cate5-00103,cate5,42,25,0.462891,0.577148,0.031250,0.166016
cate5-00103,cate5,43,26,0.430664,0.564453,0.037109,0.183594
cate5-00103,cate5,44,27,0.396484,0.574219,0.046875,0.203125
cate5-00103,cate5,45,28,0.355469,0.572266,0.054688,0.222656
cate5-00108,cate5,31,16,0.506836,0.658203,0.025391,0.191406
cate5-00108,cate5,32,17,0.536133,0.670898,0.037109,0.212891
cate5-00108,cate5,33,18,0.568359,0.693359,0.042969,0.261719
cate5-00108,cate5,34,19,0.605469,0.686523,0.042969,0.201172
cate5-00108,cate5,37,22,0.745117,0.642578,0.091797,0.156250
cate5-00108,cate5,41,24,0.482422,0.660156,0.031250,0.210938
cate5-00108,cate5,42,25,0.452148,0.667969,0.033203,0.218750
cate5-00108,cate5,43,26,0.416016,0.687500,0.042969,0.273438
cate5-00108,cate5,44,27,0.377930,0.691406,0.044922,0.250000
cate5-00108,cate5,47,30,0.237305,0.664062,0.103516,0.167969
cate5-00109,cate5,31,16,0.535156,0.682617,0.023438,0.158203
cate5-00109,cate5,32,17,0.559570,0.684570,0.029297,0.154297
cate5-00109,cate5,33,18,0.589844,0.708984,0.042969,0.195312
cate5-00109,cate5,34,19,0.622070,0.718750,0.029297,0.187500
cate5-00109,cate5,41,24,0.508789,0.681641,0.025391,0.144531
cate5-00109,cate5,42,25,0.485352,0.675781,0.033203,0.171875
cate5-00109,cate5,43,26,0.453125,0.689453,0.039062,0.183594
cate5-00115,cate5,16,5,0.334961,0.543945,0.052734,0.169922
cate5-00115,cate5,17,6,0.288086,0.528320,0.044922,0.177734
cate5-00115,cate5,18,7,0.245117,0.528320,0.052734,0.177734
cate5-00115,cate5,26,13,0.715820,0.535156,0.048828,0.191406
cate5-00115,cate5,27,14,0.757812,0.525391,0.046875,0.179688
cate5-00115,cate5,31,16,0.504883,0.712891,0.021484,0.148438
cate5-00115,cate5,32,17,0.523438,0.708984,0.023438,0.144531
cate5-00115,cate5,33,18,0.550781,0.715820,0.035156,0.166016
cate5-00115,cate5,34,19,0.587891,0.724609,0.035156,0.140625
cate5-00115,cate5,41,24,0.485352,0.711914,0.017578,0.146484
cate5-00115,cate5,42,25,0.465820,0.723633,0.021484,0.181641
cate5-00115,cate5,43,26,0.440430,0.716797,0.033203,0.183594
cate5-00115,cate5,44,27,0.405273,0.733398,0.029297,0.181641
cate5-00115,cate5,45,28,0.377930,0.735352,0.029297,0.158203
cate6-00003,cate6,11,0,0.473633,0.486328,0.048828,0.214844
cate6-00003,cate6,12,1,0.435547,0.464844,0.039062,0.156250
cate6-00003,cate6,13,2,0.399414,0.329102,0.064453,0.154297
cate6-00003,cate6,14,3,0.378906,0.424805,0.054688,0.138672
cate6-00003,cate6,15,4,0.336914,0.402344,0.048828,0.125000
cate6-00003,cate6,16,5,0.328125,0.509766,0.054688,0.128906
cate6-00003,cate6,17,6,0.282227,0.444336,0.080078,0.208984
cate6-00003,cate6,18,7,0.252930,0.375977,0.064453,0.130859
cate6-00003,cate6,21,8,0.518555,0.482422,0.044922,0.218750
cate6-00003,cate6,22,9,0.555664,0.476562,0.041016,0.148438
cate6-00003,cate6,23,10,0.590820,0.324219,0.064453,0.160156
cate6-00003,cate6,24,11,0.615234,0.433594,0.058594,0.132812
cate6-00003,cate6,25,12,0.660156,0.411133,0.046875,0.119141
cate6-00003,cate6,26,13,0.667969,0.516602,0.054688,0.130859
cate6-00003,cate6,27,14,0.716797,0.448242,0.082031,0.228516
cate6-00003,cate6,28,15,0.747070,0.383789,0.064453,0.126953
cate6-00003,cate6,31,16,0.519531,0.704102,0.031250,0.177734
cate6-00003,cate6,32,17,0.553711,0.717773,0.044922,0.189453
cate6-00003,cate6,33,18,0.588867,0.856445,0.064453,0.154297
cate6-00003,cate6,34,19,0.579102,0.704102,0.033203,0.166016
cate6-00003,cate6,35,20,0.618164,0.694336,0.052734,0.154297
cate6-00003,cate6,36,21,0.673828,0.701172,0.089844,0.207031
cate6-00003,cate6,37,22,0.737305,0.674805,0.103516,0.212891
cate6-00003,cate6,38,23,0.800781,0.666016,0.074219,0.125000
cate6-00003,cate6,41,24,0.485352,0.704102,0.037109,0.177734
cate6-00003,cate6,42,25,0.454102,0.705078,0.029297,0.187500
cate6-00003,cate6,43,26,0.416016,0.833984,0.054688,0.152344
cate6-00003,cate6,44,27,0.421875,0.690430,0.039062,0.169922
cate6-00003,cate6,45,28,0.383789,0.750000,0.044922,0.093750
cate6-00003,cate6,46,29,0.332031,0.683594,0.101562,0.187500
cate6-00003,cate6,47,30,0.268555,0.665039,0.107422,0.216797
cate6-00003,cate6,48,31,0.201172,0.658203,0.066406,0.125000
cate6-00009,cate6,11,0,0.485352,0.546875,0.041016,0.183594
cate6-00009,cate6,13,2,0.452148,0.493164,0.041016,0.111328
cate6-00009,cate6,14,3,0.423828,0.393555,0.050781,0.123047
cate6-00009,cate6,15,4,0.400391,0.474609,0.054688,0.101562
cate6-00009,cate6,16,5,0.356445,0.445312,0.048828,0.085938
cate6-00009,cate6,17,6,0.297852,0.496094,0.076172,0.167969
cate6-00009,cate6,18,7,0.263672,0.400391,0.062500,0.113281
cate6-00009,cate6,21,8,0.533203,0.531250,0.046875,0.101562
cate6-00009,cate6,23,10,0.573242,0.518555,0.033203,0.107422
cate6-00009,cate6,24,11,0.601562,0.409180,0.050781,0.138672
cate6-00009,cate6,25,12,0.625000,0.480469,0.054688,0.113281
cate6-00009,cate6,26,13,0.666992,0.453125,0.052734,0.105469
cate6-00009,cate6,27,14,0.726562,0.498047,0.066406,0.175781
cate6-00009,cate6,28,15,0.761719,0.414062,0.062500,0.109375
cate6-00009,cate6,31,16,0.500977,0.735352,0.029297,0.154297
cate6-00009,cate6,32,17,0.530273,0.731445,0.029297,0.154297
cate6-00009,cate6,33,18,0.557617,0.740234,0.037109,0.175781
cate6-00009,cate6,34,19,0.592773,0.714844,0.033203,0.136719
cate6-00009,cate6,35,20,0.636719,0.708984,0.054688,0.125000
cate6-00009,cate6,36,21,0.685547,0.698242,0.074219,0.150391
cate6-00009,cate6,37,22,0.750000,0.691406,0.085938,0.187500
cate6-00009,cate6,38,23,0.836914,0.616211,0.064453,0.111328
cate6-00009,cate6,41,24,0.470703,0.736328,0.031250,0.144531
cate6-00009,cate6,43,26,0.437500,0.717773,0.039062,0.142578
cate6-00009,cate6,45,28,0.390625,0.702148,0.058594,0.130859
cate6-00009,cate6,46,29,0.339844,0.700195,0.085938,0.181641
cate6-00009,cate6,47,30,0.279297,0.678711,0.085938,0.197266
cate6-00009,cate6,48,31,0.202148,0.644531,0.056641,0.093750
cate6-00014,cate6,11,0,0.508789,0.522461,0.037109,0.162109
cate6-00014,cate6,12,1,0.480469,0.499023,0.066406,0.181641
cate6-00014,cate6,13,2,0.473633,0.342773,0.060547,0.208984
cate6-00014,cate6,14,3,0.424805,0.385742,0.060547,0.208984
cate6-00014,cate6,15,4,0.386719,0.367188,0.058594,0.140625
cate6-00014,cate6,16,5,0.368164,0.443359,0.064453,0.191406
cate6-00014,cate6,17,6,0.316406,0.398438,0.078125,0.226562
cate6-00014,cate6,18,7,0.281250,0.327148,0.074219,0.146484
cate6-00014,cate6,21,8,0.544922,0.495117,0.039062,0.224609
cate6-00014,cate6,22,9,0.581055,0.508789,0.041016,0.162109
cate6-00014,cate6,23,10,0.587891,0.328125,0.066406,0.234375
cate6-00014,cate6,24,11,0.614258,0.429688,0.064453,0.144531
cate6-00014,cate6,25,12,0.667969,0.368164,0.042969,0.181641
cate6-00014,cate6,26,13,0.681641,0.500977,0.050781,0.103516
cate6-00014,cate6,27,14,0.719727,0.412109,0.076172,0.203125
cate6-00014,cate6,28,15,0.750977,0.328125,0.060547,0.144531
cate6-00014,cate6,31,16,0.542969,0.697266,0.031250,0.148438
cate6-00014,cate6,32,17,0.563477,0.698242,0.029297,0.158203
cate6-00014,cate6,33,18,0.596680,0.721680,0.044922,0.181641
cate6-00014,cate6,34,19,0.635742,0.742188,0.048828,0.210938
cate6-00014,cate6,36,21,0.678711,0.671875,0.080078,0.183594
cate6-00014,cate6,37,22,0.745117,0.640625,0.123047,0.214844
cate6-00014,cate6,38,23,0.810547,0.606445,0.085938,0.150391
cate6-00014,cate6,41,24,0.514648,0.693359,0.033203,0.148438
cate6-00014,cate6,42,25,0.495117,0.720703,0.041016,0.203125
cate6-00014,cate6,43,26,0.461914,0.708008,0.041016,0.185547
cate6-00014,cate6,44,27,0.416992,0.742188,0.056641,0.191406
cate6-00014,cate6,46,29,0.368164,0.646484,0.095703,0.144531
cate6-00014,cate6,47,30,0.301758,0.636719,0.123047,0.214844
cate6-00014,cate6,48,31,0.227539,0.604492,0.087891,0.142578
cate6-00021,cate6,11,0,0.489258,0.497070,0.044922,0.228516
cate6-00021,cate6,12,1,0.459961,0.486328,0.044922,0.234375
cate6-00021,cate6,13,2,0.428711,0.416016,0.052734,0.195312
cate6-00021,cate6,14,3,0.390625,0.453125,0.054688,0.238281
cate6-00021,cate6,15,4,0.352539,0.415039,0.048828,0.150391
cate6-00021,cate6,16,5,0.297852,0.462891,0.068359,0.175781
cate6-00021,cate6,17,6,0.258789,0.380859,0.076172,0.167969
cate6-00021,cate6,18,7,0.227539,0.321289,0.064453,0.091797
cate6-00021,cate6,21,8,0.533203,0.492188,0.042969,0.242188
cate6-00021,cate6,22,9,0.565430,0.481445,0.044922,0.232422
cate6-00021,cate6,23,10,0.600586,0.431641,0.052734,0.195312
cate6-00021,cate6,24,11,0.625000,0.475586,0.050781,0.244141
cate6-00021,cate6,25,12,0.663086,0.449219,0.048828,0.125000
cate6-00021,cate6,26,13,0.716797,0.475586,0.058594,0.189453
cate6-00021,cate6,27,14,0.750977,0.416992,0.072266,0.130859
cate6-00021,cate6,28,15,0.784180,0.339844,0.052734,0.093750
cate6-00021,cate6,31,16,0.530273,0.716797,0.025391,0.164062
cate6-00021,cate6,32,17,0.554688,0.715820,0.035156,0.189453
cate6-00021,cate6,33,18,0.583008,0.780273,0.041016,0.169922
cate6-00021,cate6,34,19,0.621094,0.753906,0.042969,0.144531
cate6-00021,cate6,35,20,0.670898,0.760742,0.068359,0.138672
cate6-00021,cate6,36,21,0.716797,0.701172,0.093750,0.214844
cate6-00021,cate6,37,22,0.777344,0.674805,0.082031,0.162109
cate6-00021,cate6,38,23,0.822266,0.608398,0.054688,0.099609
cate6-00021,cate6,41,24,0.502930,0.730469,0.025391,0.144531
cate6-00021,cate6,42,25,0.477539,0.720703,0.033203,0.195312
cate6-00021,cate6,43,26,0.437500,0.773438,0.046875,0.160156
cate6-00021,cate6,44,27,0.397461,0.713867,0.072266,0.166016
cate6-00021,cate6,45,28,0.343750,0.750000,0.074219,0.148438
cate6-00021,cate6,46,29,0.294922,0.677734,0.105469,0.214844
cate6-00021,cate6,47,30,0.227539,0.649414,0.083984,0.142578
cate6-00021,cate6,48,31,0.183594,0.577148,0.054688,0.099609
cate6-00022,cate6,11,0,0.481445,0.462891,0.052734,0.218750
cate6-00022,cate6,12,1,0.436523,0.440430,0.044922,0.169922
cate6-00022,cate6,13,2,0.401367,0.318359,0.064453,0.171875
cate6-00022,cate6,14,3,0.370117,0.398438,0.060547,0.156250
cate6-00022,cate6,15,4,0.325195,0.388672,0.056641,0.105469
cate6-00022,cate6,16,5,0.322266,0.487305,0.058594,0.142578
cate6-00022,cate6,17,6,0.264648,0.430664,0.072266,0.205078
cate6-00022,cate6,18,7,0.232422,0.345703,0.074219,0.128906
cate6-00022,cate6,21,8,0.537109,0.458008,0.050781,0.236328
cate6-00022,cate6,22,9,0.575195,0.478516,0.044922,0.183594
cate6-00022,cate6,23,10,0.613281,0.323242,0.062500,0.169922
cate6-00022,cate6,24,11,0.641602,0.413086,0.052734,0.130859
cate6-00022,cate6,25,12,0.688477,0.397461,0.048828,0.138672
cate6-00022,cate6,26,13,0.691406,0.507812,0.054688,0.109375
cate6-00022,cate6,27,14,0.740234,0.434570,0.089844,0.212891
cate6-00022,cate6,28,15,0.777344,0.345703,0.070312,0.136719
cate6-00022,cate6,31,16,0.514648,0.686523,0.029297,0.169922
cate6-00022,cate6,32,17,0.547852,0.687500,0.041016,0.187500
cate6-00022,cate6,33,18,0.584961,0.660156,0.037109,0.152344
cate6-00022,cate6,34,19,0.624023,0.658203,0.068359,0.156250
cate6-00022,cate6,36,21,0.684570,0.643555,0.080078,0.154297
cate6-00022,cate6,37,22,0.757812,0.649414,0.089844,0.208984
cate6-00022,cate6,38,23,0.826172,0.644531,0.074219,0.125000
cate6-00022,cate6,41,24,0.481445,0.681641,0.033203,0.167969
cate6-00022,cate6,42,25,0.449219,0.680664,0.046875,0.193359
cate6-00022,cate6,43,26,0.412109,0.643555,0.031250,0.142578
cate6-00022,cate6,44,27,0.386719,0.624023,0.050781,0.103516
cate6-00022,cate6,46,29,0.333008,0.630859,0.080078,0.132812
cate6-00022,cate6,47,30,0.254883,0.640625,0.095703,0.210938
cate6-00022,cate6,48,31,0.183594,0.642578,0.074219,0.121094
cate6-00027,cate6,11,0,0.487305,0.455078,0.044922,0.253906
cate6-00027,cate6,12,1,0.458984,0.443359,0.039062,0.250000
cate6-00027,cate6,13,2,0.418945,0.414062,0.041016,0.257812
cate6-00027,cate6,14,3,0.391602,0.447266,0.037109,0.214844
cate6-00027,cate6,15,4,0.362305,0.453125,0.052734,0.187500
cate6-00027,cate6,16,5,0.309570,0.445312,0.068359,0.160156
cate6-00027,cate6,17,6,0.250977,0.416992,0.060547,0.166016
cate6-00027,cate6,18,7,0.224609,0.326172,0.062500,0.109375
cate6-00027,cate6,21,8,0.532227,0.457031,0.037109,0.250000
cate6-00027,cate6,22,9,0.567383,0.459961,0.033203,0.220703
cate6-00027,cate6,23,10,0.604492,0.426758,0.037109,0.259766
cate6-00027,cate6,24,11,0.632812,0.445312,0.046875,0.210938
cate6-00027,cate6,25,12,0.670898,0.428711,0.041016,0.201172
cate6-00027,cate6,26,13,0.715820,0.411133,0.060547,0.201172
cate6-00027,cate6,27,14,0.768555,0.389648,0.056641,0.189453
cate6-00027,cate6,28,15,0.795898,0.308594,0.056641,0.109375
cate6-00027,cate6,31,16,0.526367,0.665039,0.029297,0.138672
cate6-00027,cate6,32,17,0.559570,0.671875,0.044922,0.167969
cate6-00027,cate6,33,18,0.597656,0.678711,0.054688,0.216797
cate6-00027,cate6,34,19,0.632812,0.685547,0.054688,0.230469
cate6-00027,cate6,35,20,0.680664,0.671875,0.072266,0.226562
cate6-00027,cate6,36,21,0.732422,0.634766,0.105469,0.222656
cate6-00027,cate6,37,22,0.791992,0.590820,0.095703,0.193359
cate6-00027,cate6,38,23,0.835938,0.546875,0.062500,0.121094
cate6-00027,cate6,41,24,0.499023,0.668945,0.033203,0.150391
cate6-00027,cate6,42,25,0.468750,0.666016,0.031250,0.148438
cate6-00027,cate6,43,26,0.434570,0.679688,0.041016,0.218750
cate6-00027,cate6,44,27,0.395508,0.684570,0.048828,0.224609
cate6-00027,cate6,45,28,0.345703,0.672852,0.078125,0.216797
cate6-00027,cate6,46,29,0.281250,0.646484,0.117188,0.230469
cate6-00027,cate6,47,30,0.219727,0.597656,0.095703,0.195312
cate6-00027,cate6,48,31,0.167969,0.559570,0.066406,0.123047
cate6-00036,cate6,11,0,0.499023,0.501953,0.041016,0.214844
cate6-00036,cate6,12,1,0.470703,0.468750,0.039062,0.183594
cate6-00036,cate6,13,2,0.443359,0.332031,0.050781,0.171875
cate6-00036,cate6,14,3,0.416992,0.412109,0.052734,0.171875
cate6-00036,cate6,15,4,0.379883,0.412109,0.052734,0.117188
cate6-00036,cate6,16,5,0.366211,0.518555,0.056641,0.119141
cate6-00036,cate6,17,6,0.316406,0.457031,0.066406,0.187500
cate6-00036,cate6,18,7,0.287109,0.368164,0.066406,0.123047
cate6-00036,cate6,21,8,0.541016,0.458984,0.039062,0.222656
cate6-00036,cate6,22,9,0.566406,0.495117,0.035156,0.169922
cate6-00036,cate6,23,10,0.587891,0.327148,0.054688,0.169922
cate6-00036,cate6,24,11,0.619141,0.415039,0.050781,0.162109
cate6-00036,cate6,25,12,0.654297,0.405273,0.046875,0.115234
cate6-00036,cate6,26,13,0.668945,0.497070,0.048828,0.146484
cate6-00036,cate6,27,14,0.711914,0.450195,0.060547,0.193359
cate6-00036,cate6,28,15,0.738281,0.372070,0.062500,0.119141
cate6-00036,cate6,31,16,0.535156,0.722656,0.027344,0.187500
cate6-00036,cate6,32,17,0.563477,0.722656,0.033203,0.179688
cate6-00036,cate6,33,18,0.604492,0.819336,0.048828,0.158203
cate6-00036,cate6,34,19,0.589844,0.673828,0.039062,0.148438
cate6-00036,cate6,35,20,0.628906,0.671875,0.058594,0.125000
cate6-00036,cate6,36,21,0.677734,0.653320,0.085938,0.166016
cate6-00036,cate6,37,22,0.736328,0.637695,0.105469,0.212891
cate6-00036,cate6,38,23,0.796875,0.609375,0.062500,0.105469
cate6-00036,cate6,41,24,0.507812,0.721680,0.027344,0.177734
cate6-00036,cate6,42,25,0.486328,0.721680,0.039062,0.181641
cate6-00036,cate6,43,26,0.457031,0.819336,0.050781,0.162109
cate6-00036,cate6,44,27,0.450195,0.684570,0.029297,0.154297
cate6-00036,cate6,45,28,0.413086,0.670898,0.064453,0.134766
cate6-00036,cate6,46,29,0.360352,0.655273,0.095703,0.169922
cate6-00036,cate6,47,30,0.293945,0.640625,0.103516,0.203125
cate6-00036,cate6,48,31,0.228516,0.620117,0.066406,0.115234
cate6-00039,cate6,11,0,0.468750,0.461914,0.042969,0.244141
cate6-00039,cate6,12,1,0.426758,0.463867,0.048828,0.224609
cate6-00039,cate6,13,2,0.393555,0.397461,0.048828,0.212891
cate6-00039,cate6,14,3,0.347656,0.443359,0.042969,0.167969
cate6-00039,cate6,15,4,0.310547,0.376953,0.042969,0.164062
cate6-00039,cate6,16,5,0.305664,0.495117,0.048828,0.103516
cate6-00039,cate6,17,6,0.254883,0.423828,0.064453,0.179688
cate6-00039,cate6,18,7,0.228516,0.336914,0.058594,0.138672
cate6-00039,cate6,21,8,0.514648,0.465820,0.041016,0.236328
cate6-00039,cate6,22,9,0.548828,0.465820,0.066406,0.205078
cate6-00039,cate6,23,10,0.576172,0.368164,0.066406,0.212891
cate6-00039,cate6,24,11,0.633789,0.450195,0.060547,0.197266
cate6-00039,cate6,25,12,0.665039,0.383789,0.052734,0.111328
cate6-00039,cate6,26,13,0.735352,0.428711,0.072266,0.162109
cate6-00039,cate6,27,14,0.773438,0.354492,0.066406,0.123047
cate6-00039,cate6,28,15,0.807617,0.273438,0.041016,0.070312
cate6-00039,cate6,31,16,0.507812,0.695312,0.027344,0.191406
cate6-00039,cate6,32,17,0.535156,0.697266,0.042969,0.175781
cate6-00039,cate6,33,18,0.578125,0.778320,0.050781,0.259766
cate6-00039,cate6,34,19,0.624023,0.713867,0.052734,0.208984
cate6-00039,cate6,35,20,0.676758,0.681641,0.068359,0.171875
cate6-00039,cate6,36,21,0.735352,0.659180,0.111328,0.224609
cate6-00039,cate6,37,22,0.797852,0.618164,0.087891,0.177734
cate6-00039,cate6,38,23,0.837891,0.551758,0.062500,0.126953
cate6-00039,cate6,41,24,0.477539,0.693359,0.025391,0.183594
cate6-00039,cate6,42,25,0.451172,0.698242,0.039062,0.173828
cate6-00039,cate6,43,26,0.412109,0.759766,0.046875,0.214844
cate6-00039,cate6,44,27,0.371094,0.708008,0.046875,0.169922
cate6-00039,cate6,45,28,0.319336,0.708008,0.064453,0.201172
cate6-00039,cate6,46,29,0.266602,0.661133,0.095703,0.208984
cate6-00039,cate6,47,30,0.208984,0.615234,0.082031,0.160156
cate6-00039,cate6,48,31,0.168945,0.548828,0.056641,0.121094
cate6-00051,cate6,11,0,0.461914,0.483398,0.044922,0.208984
cate6-00051,cate6,12,1,0.419922,0.490234,0.035156,0.187500
cate6-00051,cate6,13,2,0.388672,0.456055,0.046875,0.228516
cate6-00051,cate6,14,3,0.350586,0.450195,0.060547,0.205078
cate6-00051,cate6,15,4,0.340820,0.397461,0.048828,0.169922
cate6-00051,cate6,16,5,0.288086,0.429688,0.076172,0.195312
cate6-00051,cate6,17,6,0.261719,0.337891,0.070312,0.152344
cate6-00051,cate6,18,7,0.229492,0.265625,0.060547,0.078125
cate6-00051,cate6,21,8,0.504883,0.485352,0.041016,0.205078
cate6-00051,cate6,22,9,0.536133,0.491211,0.048828,0.158203
cate6-00051,cate6,23,10,0.556641,0.279297,0.066406,0.304688
cate6-00051,cate6,24,11,0.597656,0.436523,0.062500,0.232422
cate6-00051,cate6,25,12,0.641602,0.441406,0.060547,0.210938
cate6-00051,cate6,26,13,0.705078,0.433594,0.082031,0.191406
cate6-00051,cate6,27,14,0.739258,0.343750,0.072266,0.144531
cate6-00051,cate6,28,15,0.784180,0.278320,0.064453,0.099609
cate6-00051,cate6,31,16,0.504883,0.693359,0.033203,0.136719
cate6-00051,cate6,32,17,0.526367,0.684570,0.041016,0.173828
cate6-00051,cate6,33,18,0.549805,0.730469,0.056641,0.210938
cate6-00051,cate6,34,19,0.592773,0.726562,0.048828,0.183594
cate6-00051,cate6,35,20,0.645508,0.736328,0.068359,0.175781
cate6-00051,cate6,36,21,0.706055,0.653320,0.134766,0.220703
cate6-00051,cate6,37,22,0.784180,0.644531,0.095703,0.160156
cate6-00051,cate6,38,23,0.827148,0.541992,0.068359,0.126953
cate6-00051,cate6,41,24,0.480469,0.700195,0.027344,0.166016
cate6-00051,cate6,42,25,0.454102,0.703125,0.037109,0.191406
cate6-00051,cate6,43,26,0.425781,0.727539,0.039062,0.189453
cate6-00051,cate6,44,27,0.394531,0.711914,0.039062,0.185547
cate6-00051,cate6,45,28,0.344727,0.728516,0.048828,0.144531
cate6-00051,cate6,46,29,0.292969,0.654297,0.093750,0.199219
cate6-00051,cate6,47,30,0.231445,0.653320,0.076172,0.150391
cate6-00051,cate6,48,31,0.190430,0.551758,0.056641,0.119141
cate6-00063,cate6,11,0,0.486328,0.487305,0.046875,0.236328
cate6-00063,cate6,12,1,0.446289,0.480469,0.044922,0.234375
cate6-00063,cate6,13,2,0.410156,0.416016,0.042969,0.269531
cate6-00063,cate6,14,3,0.387695,0.481445,0.052734,0.232422
cate6-00063,cate6,15,4,0.348633,0.390625,0.052734,0.207031
cate6-00063,cate6,16,5,0.287109,0.461914,0.066406,0.240234
cate6-00063,cate6,17,6,0.238281,0.417969,0.062500,0.164062
cate6-00063,cate6,18,7,0.202148,0.340820,0.064453,0.103516
cate6-00063,cate6,21,8,0.528320,0.488281,0.044922,0.234375
cate6-00063,cate6,22,9,0.570312,0.483398,0.039062,0.240234
cate6-00063,cate6,23,10,0.605469,0.439453,0.039062,0.273438
cate6-00063,cate6,24,11,0.644531,0.489258,0.042969,0.197266
cate6-00063,cate6,25,12,0.664062,0.396484,0.062500,0.125000
cate6-00063,cate6,26,13,0.737305,0.457031,0.064453,0.210938
cate6-00063,cate6,27,14,0.773438,0.380859,0.062500,0.183594
cate6-00063,cate6,28,15,0.806641,0.326172,0.054688,0.101562
cate6-00063,cate6,31,16,0.527344,0.710938,0.035156,0.179688
cate6-00063,cate6,32,17,0.554688,0.710938,0.039062,0.195312
cate6-00063,cate6,33,18,0.591797,0.732422,0.042969,0.246094
cate6-00063,cate6,34,19,0.625000,0.716797,0.042969,0.195312
cate6-00063,cate6,35,20,0.682617,0.750000,0.048828,0.175781
cate6-00063,cate6,36,21,0.737305,0.698242,0.087891,0.232422
cate6-00063,cate6,37,22,0.799805,0.680664,0.072266,0.169922
cate6-00063,cate6,38,23,0.850586,0.609375,0.056641,0.117188
cate6-00063,cate6,41,24,0.504883,0.705078,0.044922,0.156250
cate6-00063,cate6,42,25,0.480469,0.721680,0.050781,0.189453
cate6-00063,cate6,43,26,0.449219,0.727539,0.062500,0.212891
cate6-00063,cate6,44,27,0.395508,0.735352,0.048828,0.189453
cate6-00063,cate6,45,28,0.348633,0.750000,0.060547,0.187500
cate6-00063,cate6,46,29,0.279297,0.708008,0.117188,0.224609
cate6-00063,cate6,47,30,0.210938,0.718750,0.085938,0.171875
cate6-00063,cate6,48,31,0.151367,0.641602,0.068359,0.126953
cate6-00065,cate6,11,0,0.491211,0.457031,0.044922,0.253906
cate6-00065,cate6,12,1,0.457031,0.449219,0.046875,0.253906
cate6-00065,cate6,13,2,0.431641,0.307617,0.058594,0.177734
cate6-00065,cate6,14,3,0.395508,0.384766,0.056641,0.156250
cate6-00065,cate6,15,4,0.350586,0.350586,0.060547,0.126953
cate6-00065,cate6,16,5,0.335938,0.455078,0.054688,0.128906
cate6-00065,cate6,17,6,0.285156,0.385742,0.074219,0.201172
cate6-00065,cate6,18,7,0.270508,0.280273,0.076172,0.130859
cate6-00065,cate6,21,8,0.540039,0.455078,0.044922,0.261719
cate6-00065,cate6,22,9,0.582031,0.469727,0.035156,0.212891
cate6-00065,cate6,23,10,0.607422,0.332031,0.054688,0.179688
cate6-00065,cate6,24,11,0.645508,0.434570,0.052734,0.134766
cate6-00065,cate6,25,12,0.676758,0.362305,0.060547,0.134766
cate6-00065,cate6,26,13,0.693359,0.469727,0.058594,0.126953
cate6-00065,cate6,27,14,0.743164,0.407227,0.076172,0.181641
cate6-00065,cate6,28,15,0.758789,0.292969,0.068359,0.132812
cate6-00065,cate6,31,16,0.540039,0.703125,0.029297,0.195312
cate6-00065,cate6,32,17,0.570312,0.708984,0.031250,0.191406
cate6-00065,cate6,33,18,0.599609,0.831055,0.054688,0.158203
cate6-00065,cate6,34,19,0.635742,0.768555,0.048828,0.154297
cate6-00065,cate6,35,20,0.694336,0.740234,0.048828,0.117188
cate6-00065,cate6,36,21,0.673828,0.640625,0.078125,0.148438
cate6-00065,cate6,37,22,0.740234,0.628906,0.097656,0.207031
cate6-00065,cate6,38,23,0.801758,0.605469,0.068359,0.132812
cate6-00065,cate6,41,24,0.507812,0.702148,0.035156,0.197266
cate6-00065,cate6,42,25,0.480469,0.707031,0.039062,0.203125
cate6-00065,cate6,43,26,0.447266,0.820312,0.054688,0.167969
cate6-00065,cate6,44,27,0.407227,0.735352,0.052734,0.142578
cate6-00065,cate6,45,28,0.343750,0.741211,0.050781,0.115234
cate6-00065,cate6,46,29,0.356445,0.651367,0.099609,0.173828
cate6-00065,cate6,47,30,0.294922,0.624023,0.109375,0.216797
cate6-00065,cate6,48,31,0.228516,0.603516,0.070312,0.128906
cate6-00069,cate6,11,0,0.488281,0.438477,0.046875,0.251953
cate6-00069,cate6,12,1,0.450195,0.442383,0.041016,0.224609
cate6-00069,cate6,13,2,0.408203,0.378906,0.050781,0.332031
cate6-00069,cate6,14,3,0.364258,0.432617,0.056641,0.220703
cate6-00069,cate6,15,4,0.317383,0.414062,0.048828,0.230469
cate6-00069,cate6,16,5,0.260742,0.417969,0.064453,0.207031
cate6-00069,cate6,17,6,0.203125,0.388672,0.074219,0.210938
cate6-00069,cate6,18,7,0.158203,0.357422,0.089844,0.171875
cate6-00069,cate6,21,8,0.541992,0.439453,0.044922,0.257812
cate6-00069,cate6,22,9,0.583008,0.443359,0.037109,0.234375
cate6-00069,cate6,23,10,0.624023,0.416016,0.044922,0.289062
cate6-00069,cate6,24,11,0.663086,0.432617,0.048828,0.236328
cate6-00069,cate6,25,12,0.705078,0.445312,0.042969,0.210938
cate6-00069,cate6,26,13,0.756836,0.432617,0.060547,0.193359
cate6-00069,cate6,27,14,0.812500,0.416016,0.062500,0.203125
cate6-00069,cate6,28,15,0.863281,0.375000,0.062500,0.214844
cate6-00069,cate6,31,16,0.529297,0.664062,0.027344,0.156250
cate6-00069,cate6,32,17,0.584961,0.675781,0.044922,0.167969
cate6-00069,cate6,33,18,0.616211,0.694336,0.052734,0.216797
cate6-00069,cate6,34,19,0.658203,0.692383,0.054688,0.212891
cate6-00069,cate6,35,20,0.706055,0.688477,0.068359,0.224609
cate6-00069,cate6,36,21,0.760742,0.655273,0.091797,0.197266
cate6-00069,cate6,37,22,0.825195,0.627930,0.091797,0.201172
cate6-00069,cate6,38,23,0.885742,0.571289,0.087891,0.181641
cate6-00069,cate6,41,24,0.501953,0.667969,0.031250,0.171875
cate6-00069,cate6,42,25,0.471680,0.666016,0.033203,0.156250
cate6-00069,cate6,43,26,0.435547,0.685547,0.054688,0.207031
cate6-00069,cate6,44,27,0.382812,0.686523,0.066406,0.216797
cate6-00069,cate6,45,28,0.335938,0.673828,0.066406,0.226562
cate6-00069,cate6,46,29,0.269531,0.644531,0.097656,0.210938
cate6-00069,cate6,47,30,0.202148,0.607422,0.103516,0.191406
cate6-00069,cate6,48,31,0.134766,0.558594,0.101562,0.187500
cate6-00075,cate6,11,0,0.508789,0.453125,0.044922,0.246094
cate6-00075,cate6,12,1,0.479492,0.457031,0.056641,0.199219
cate6-00075,cate6,13,2,0.443359,0.330078,0.062500,0.175781
cate6-00075,cate6,14,3,0.416016,0.418945,0.066406,0.119141
cate6-00075,cate6,15,4,0.365234,0.403320,0.039062,0.095703
cate6-00075,cate6,16,5,0.364258,0.497070,0.060547,0.142578
cate6-00075,cate6,17,6,0.304688,0.448242,0.074219,0.220703
cate6-00075,cate6,18,7,0.269531,0.375000,0.066406,0.132812
cate6-00075,cate6,21,8,0.553711,0.475586,0.044922,0.220703
cate6-00075,cate6,22,9,0.592773,0.471680,0.041016,0.224609
cate6-00075,cate6,23,10,0.630859,0.373047,0.050781,0.167969
cate6-00075,cate6,24,11,0.656250,0.436523,0.054688,0.123047
cate6-00075,cate6,25,12,0.650391,0.537109,0.042969,0.121094
cate6-00075,cate6,26,13,0.686523,0.496094,0.044922,0.183594
cate6-00075,cate6,27,14,0.734375,0.469727,0.062500,0.185547
cate6-00075,cate6,28,15,0.766602,0.387695,0.056641,0.134766
cate6-00075,cate6,31,16,0.542969,0.708984,0.027344,0.203125
cate6-00075,cate6,32,17,0.568359,0.700195,0.031250,0.212891
cate6-00075,cate6,33,18,0.602539,0.803711,0.041016,0.185547
cate6-00075,cate6,34,19,0.594727,0.658203,0.029297,0.113281
cate6-00075,cate6,35,20,0.625977,0.664062,0.044922,0.113281
cate6-00075,cate6,36,21,0.669922,0.660156,0.058594,0.128906
cate6-00075,cate6,37,22,0.727539,0.676758,0.087891,0.216797
cate6-00075,cate6,38,23,0.790039,0.671875,0.064453,0.128906
cate6-00075,cate6,41,24,0.521484,0.701172,0.031250,0.195312
cate6-00075,cate6,42,25,0.498047,0.719727,0.039062,0.251953
cate6-00075,cate6,43,26,0.465820,0.782227,0.052734,0.173828
cate6-00075,cate6,44,27,0.461914,0.649414,0.033203,0.103516
cate6-00075,cate6,45,28,0.429688,0.653320,0.062500,0.123047
cate6-00075,cate6,46,29,0.375977,0.654297,0.083984,0.144531
cate6-00075,cate6,47,30,0.305664,0.666016,0.115234,0.210938
cate6-00075,cate6,48,31,0.235352,0.659180,0.076172,0.126953
cate6-00086,cate6,11,0,0.496094,0.471680,0.046875,0.248047
cate6-00086,cate6,12,1,0.460938,0.454102,0.050781,0.244141
cate6-00086,cate6,13,2,0.420898,0.373047,0.056641,0.257812
cate6-00086,cate6,14,3,0.375977,0.403320,0.060547,0.189453
cate6-00086,cate6,15,4,0.328125,0.391602,0.050781,0.166016
cate6-00086,cate6,16,5,0.266602,0.424805,0.068359,0.224609
cate6-00086,cate6,17,6,0.228516,0.348633,0.070312,0.162109
cate6-00086,cate6,18,7,0.193359,0.291016,0.046875,0.074219
cate6-00086,cate6,21,8,0.543945,0.472656,0.048828,0.246094
cate6-00086,cate6,22,9,0.585938,0.474609,0.042969,0.234375
cate6-00086,cate6,23,10,0.619141,0.395508,0.050781,0.236328
cate6-00086,cate6,24,11,0.662109,0.421875,0.054688,0.167969
cate6-00086,cate6,25,12,0.699219,0.397461,0.042969,0.162109
cate6-00086,cate6,26,13,0.756836,0.452148,0.060547,0.201172
cate6-00086,cate6,27,14,0.788086,0.381836,0.072266,0.130859
cate6-00086,cate6,28,15,0.822266,0.293945,0.050781,0.095703
cate6-00086,cate6,31,16,0.530273,0.705078,0.033203,0.191406
cate6-00086,cate6,32,17,0.559570,0.700195,0.033203,0.181641
cate6-00086,cate6,33,18,0.598633,0.714844,0.041016,0.218750
cate6-00086,cate6,34,19,0.634766,0.716797,0.042969,0.175781
cate6-00086,cate6,35,20,0.686523,0.746094,0.048828,0.171875
cate6-00086,cate6,36,21,0.731445,0.665039,0.076172,0.224609
cate6-00086,cate6,37,22,0.792969,0.618164,0.085938,0.181641
cate6-00086,cate6,38,23,0.843750,0.602539,0.046875,0.107422
cate6-00086,cate6,41,24,0.499023,0.699219,0.029297,0.175781
cate6-00086,cate6,42,25,0.467773,0.702148,0.033203,0.197266
cate6-00086,cate6,43,26,0.424805,0.712891,0.056641,0.230469
cate6-00086,cate6,44,27,0.392578,0.688477,0.058594,0.201172
cate6-00086,cate6,45,28,0.327148,0.741211,0.048828,0.162109
cate6-00086,cate6,46,29,0.278320,0.656250,0.091797,0.226562
cate6-00086,cate6,47,30,0.209961,0.639648,0.087891,0.169922
cate6-00086,cate6,48,31,0.165039,0.590820,0.056641,0.107422
cate6-00087,cate6,11,0,0.462891,0.515625,0.050781,0.210938
cate6-00087,cate6,12,1,0.416016,0.490234,0.042969,0.156250
cate6-00087,cate6,13,2,0.369141,0.369141,0.070312,0.148438
cate6-00087,cate6,14,3,0.341797,0.451172,0.058594,0.125000
cate6-00087,cate6,15,4,0.295898,0.429688,0.052734,0.105469
cate6-00087,cate6,16,5,0.291016,0.524414,0.054688,0.142578
cate6-00087,cate6,17,6,0.236328,0.477539,0.070312,0.189453
cate6-00087,cate6,18,7,0.195312,0.387695,0.066406,0.126953
cate6-00087,cate6,21,8,0.524414,0.511719,0.052734,0.222656
cate6-00087,cate6,22,9,0.571289,0.482422,0.052734,0.152344
cate6-00087,cate6,23,10,0.625977,0.370117,0.080078,0.138672
cate6-00087,cate6,24,11,0.650391,0.468750,0.058594,0.105469
cate6-00087,cate6,25,12,0.702148,0.429688,0.052734,0.140625
cate6-00087,cate6,26,13,0.706055,0.540039,0.060547,0.138672
cate6-00087,cate6,27,14,0.768555,0.496094,0.072266,0.195312
cate6-00087,cate6,28,15,0.813477,0.417969,0.068359,0.132812
cate6-00087,cate6,31,16,0.514648,0.735352,0.041016,0.201172
cate6-00087,cate6,32,17,0.545898,0.743164,0.052734,0.197266
cate6-00087,cate6,33,18,0.591797,0.721680,0.039062,0.150391
cate6-00087,cate6,34,19,0.583984,0.859375,0.058594,0.152344
cate6-00087,cate6,35,20,0.642578,0.807617,0.054688,0.103516
cate6-00087,cate6,36,21,0.691406,0.703125,0.074219,0.152344
cate6-00087,cate6,37,22,0.762695,0.724609,0.095703,0.226562
cate6-00087,cate6,38,23,0.824219,0.731445,0.070312,0.111328
cate6-00087,cate6,41,24,0.483398,0.729492,0.037109,0.181641
cate6-00087,cate6,42,25,0.449219,0.719727,0.035156,0.173828
cate6-00087,cate6,43,26,0.408203,0.706055,0.039062,0.173828
cate6-00087,cate6,44,27,0.411133,0.850586,0.056641,0.142578
cate6-00087,cate6,45,28,0.361328,0.789062,0.046875,0.105469
cate6-00087,cate6,46,29,0.319336,0.694336,0.068359,0.166016
cate6-00087,cate6,47,30,0.250000,0.705078,0.093750,0.214844
cate6-00087,cate6,48,31,0.188477,0.702148,0.068359,0.115234
cate6-00093,cate6,11,0,0.492188,0.487305,0.058594,0.275391
cate6-00093,cate6,12,1,0.461914,0.517578,0.056641,0.183594
cate6-00093,cate6,13,2,0.417969,0.372070,0.070312,0.158203
cate6-00093,cate6,14,3,0.395508,0.468750,0.064453,0.117188
cate6-00093,cate6,15,4,0.345703,0.410156,0.054688,0.109375
cate6-00093,cate6,16,5,0.332031,0.526367,0.070312,0.142578
cate6-00093,cate6,17,6,0.276367,0.454102,0.087891,0.216797
cate6-00093,cate6,18,7,0.247070,0.356445,0.080078,0.150391
cate6-00093,cate6,21,8,0.536133,0.515625,0.052734,0.226562
cate6-00093,cate6,22,9,0.577148,0.530273,0.044922,0.205078
cate6-00093,cate6,23,10,0.609375,0.372070,0.058594,0.146484
cate6-00093,cate6,24,11,0.638672,0.445312,0.050781,0.140625
cate6-00093,cate6,25,12,0.683594,0.404297,0.042969,0.113281
cate6-00093,cate6,26,13,0.693359,0.513672,0.054688,0.164062
cate6-00093,cate6,27,14,0.736328,0.452148,0.085938,0.216797
cate6-00093,cate6,28,15,0.765625,0.352539,0.066406,0.146484
cate6-00093,cate6,31,16,0.534180,0.736328,0.041016,0.175781
cate6-00093,cate6,33,18,0.574219,0.762695,0.054688,0.177734
cate6-00093,cate6,34,19,0.634766,0.807617,0.054688,0.115234
cate6-00093,cate6,35,20,0.687500,0.785156,0.058594,0.105469
cate6-00093,cate6,36,21,0.663086,0.702148,0.087891,0.173828
cate6-00093,cate6,37,22,0.725586,0.670898,0.099609,0.201172
cate6-00093,cate6,38,23,0.789062,0.645508,0.066406,0.119141
cate6-00093,cate6,41,24,0.508789,0.734375,0.048828,0.183594
cate6-00093,cate6,43,26,0.474609,0.797852,0.050781,0.169922
cate6-00093,cate6,44,27,0.411133,0.814453,0.064453,0.109375
cate6-00093,cate6,45,28,0.333984,0.768555,0.078125,0.115234
cate6-00093,cate6,46,29,0.375000,0.706055,0.085938,0.181641
cate6-00093,cate6,47,30,0.290039,0.672852,0.123047,0.208984
cate6-00093,cate6,48,31,0.216797,0.656250,0.074219,0.125000
cate6-00099,cate6,11,0,0.499023,0.486328,0.044922,0.253906
cate6-00099,cate6,12,1,0.458984,0.478516,0.039062,0.253906
cate6-00099,cate6,13,2,0.416016,0.369141,0.058594,0.246094
cate6-00099,cate6,14,3,0.402344,0.448242,0.058594,0.205078
cate6-00099,cate6,15,4,0.353516,0.404297,0.054688,0.167969
cate6-00099,cate6,16,5,0.304688,0.516602,0.066406,0.189453
cate6-00099,cate6,17,6,0.258789,0.460938,0.068359,0.156250
cate6-00099,cate6,18,7,0.216797,0.402344,0.062500,0.093750
cate6-00099,cate6,21,8,0.542969,0.492188,0.050781,0.246094
cate6-00099,cate6,22,9,0.577148,0.493164,0.037109,0.224609
cate6-00099,cate6,23,10,0.619141,0.397461,0.054688,0.255859
cate6-00099,cate6,24,11,0.676758,0.396484,0.060547,0.187500
cate6-00099,cate6,25,12,0.688477,0.529297,0.052734,0.144531
cate6-00099,cate6,26,13,0.739258,0.504883,0.060547,0.216797
cate6-00099,cate6,27,14,0.785156,0.450195,0.066406,0.169922
cate6-00099,cate6,28,15,0.820312,0.395508,0.054688,0.107422
cate6-00099,cate6,31,16,0.531250,0.726562,0.027344,0.191406
cate6-00099,cate6,32,17,0.560547,0.727539,0.031250,0.185547
cate6-00099,cate6,33,18,0.597656,0.827148,0.062500,0.216797
cate6-00099,cate6,34,19,0.646484,0.847656,0.050781,0.179688
cate6-00099,cate6,35,20,0.678711,0.714844,0.076172,0.140625
cate6-00099,cate6,36,21,0.742188,0.750000,0.085938,0.230469
cate6-00099,cate6,37,22,0.813477,0.763672,0.076172,0.171875
cate6-00099,cate6,38,23,0.851562,0.671875,0.062500,0.128906
cate6-00099,cate6,41,24,0.500977,0.722656,0.029297,0.191406
cate6-00099,cate6,42,25,0.474609,0.723633,0.035156,0.193359
cate6-00099,cate6,43,26,0.445312,0.839844,0.058594,0.238281
cate6-00099,cate6,44,27,0.391602,0.838867,0.048828,0.185547
cate6-00099,cate6,45,28,0.363281,0.698242,0.078125,0.123047
cate6-00099,cate6,46,29,0.293945,0.742188,0.095703,0.222656
cate6-00099,cate6,47,30,0.217773,0.752930,0.087891,0.173828
cate6-00099,cate6,48,31,0.175781,0.671875,0.058594,0.125000
cate6-00101,cate6,11,0,0.488281,0.436523,0.042969,0.283203
cate6-00101,cate6,12,1,0.452148,0.424805,0.048828,0.283203
cate6-00101,cate6,13,2,0.413086,0.391602,0.052734,0.310547
cate6-00101,cate6,14,3,0.376953,0.405273,0.062500,0.232422
cate6-00101,cate6,15,4,0.333984,0.394531,0.050781,0.234375
cate6-00101,cate6,16,5,0.285156,0.381836,0.074219,0.224609
cate6-00101,cate6,17,6,0.249023,0.308594,0.056641,0.171875
cate6-00101,cate6,18,7,0.217773,0.233398,0.060547,0.111328
cate6-00101,cate6,21,8,0.533203,0.433594,0.042969,0.296875
cate6-00101,cate6,22,9,0.572266,0.436523,0.039062,0.251953
cate6-00101,cate6,23,10,0.610352,0.386719,0.044922,0.320312
cate6-00101,cate6,24,11,0.644531,0.385742,0.050781,0.271484
cate6-00101,cate6,25,12,0.680664,0.376953,0.056641,0.265625
cate6-00101,cate6,26,13,0.729492,0.372070,0.072266,0.240234
cate6-00101,cate6,27,14,0.768555,0.329102,0.064453,0.169922
cate6-00101,cate6,28,15,0.797852,0.248047,0.056641,0.105469
cate6-00101,cate6,31,16,0.535156,0.680664,0.039062,0.154297
cate6-00101,cate6,32,17,0.562500,0.680664,0.039062,0.185547
cate6-00101,cate6,33,18,0.610352,0.722656,0.068359,0.292969
cate6-00101,cate6,34,19,0.641602,0.677734,0.060547,0.222656
cate6-00101,cate6,35,20,0.688477,0.667969,0.080078,0.257812
cate6-00101,cate6,36,21,0.755859,0.629883,0.113281,0.248047
cate6-00101,cate6,37,22,0.814453,0.607422,0.085938,0.207031
cate6-00101,cate6,38,23,0.862305,0.534180,0.064453,0.126953
cate6-00101,cate6,41,24,0.502930,0.671875,0.029297,0.140625
cate6-00101,cate6,42,25,0.472656,0.671875,0.039062,0.175781
cate6-00101,cate6,43,26,0.432617,0.704102,0.052734,0.255859
cate6-00101,cate6,44,27,0.394531,0.683594,0.042969,0.230469
cate6-00101,cate6,45,28,0.339844,0.672852,0.062500,0.216797
cate6-00101,cate6,46,29,0.278320,0.629883,0.111328,0.240234
cate6-00101,cate6,47,30,0.213867,0.593750,0.099609,0.218750
cate6-00101,cate6,48,31,0.161133,0.550781,0.064453,0.128906
cate6-00105,cate6,11,0,0.499023,0.507812,0.048828,0.210938
cate6-00105,cate6,12,1,0.456055,0.493164,0.041016,0.224609
cate6-00105,cate6,13,2,0.411133,0.465820,0.052734,0.259766
cate6-00105,cate6,14,3,0.367188,0.500977,0.042969,0.197266
cate6-00105,cate6,15,4,0.325195,0.505859,0.044922,0.191406
cate6-00105,cate6,16,5,0.270508,0.492188,0.068359,0.199219
cate6-00105,cate6,17,6,0.228516,0.445312,0.082031,0.179688
cate6-00105,cate6,18,7,0.198242,0.373047,0.056641,0.093750
cate6-00105,cate6,21,8,0.547852,0.509766,0.048828,0.210938
cate6-00105,cate6,22,9,0.594727,0.500000,0.044922,0.222656
cate6-00105,cate6,23,10,0.637695,0.481445,0.048828,0.259766
cate6-00105,cate6,24,11,0.674805,0.510742,0.048828,0.208984
cate6-00105,cate6,25,12,0.716797,0.515625,0.046875,0.191406
cate6-00105,cate6,26,13,0.771484,0.500977,0.062500,0.205078
cate6-00105,cate6,27,14,0.811523,0.444336,0.068359,0.162109
cate6-00105,cate6,28,15,0.844727,0.370117,0.052734,0.087891
cate6-00105,cate6,31,16,0.529297,0.702148,0.031250,0.138672
cate6-00105,cate6,32,17,0.567383,0.715820,0.041016,0.169922
cate6-00105,cate6,33,18,0.611328,0.730469,0.046875,0.234375
cate6-00105,cate6,34,19,0.656250,0.727539,0.050781,0.212891
cate6-00105,cate6,35,20,0.703125,0.720703,0.054688,0.207031
cate6-00105,cate6,36,21,0.766602,0.703125,0.087891,0.203125
cate6-00105,cate6,37,22,0.830078,0.677734,0.074219,0.187500
cate6-00105,cate6,38,23,0.889648,0.621094,0.068359,0.117188
cate6-00105,cate6,41,24,0.496094,0.704102,0.035156,0.150391
cate6-00105,cate6,42,25,0.458008,0.707031,0.041016,0.160156
cate6-00105,cate6,43,26,0.413086,0.724609,0.052734,0.234375
cate6-00105,cate6,44,27,0.369141,0.713867,0.054688,0.212891
cate6-00105,cate6,45,28,0.320312,0.712891,0.054688,0.218750
cate6-00105,cate6,46,29,0.258789,0.698242,0.095703,0.208984
cate6-00105,cate6,47,30,0.193359,0.679688,0.082031,0.195312
cate6-00105,cate6,48,31,0.138672,0.616211,0.062500,0.119141
cate6-00108,cate6,11,0,0.489258,0.432617,0.041016,0.212891
cate6-00108,cate6,12,1,0.459961,0.429688,0.041016,0.191406
cate6-00108,cate6,13,2,0.420898,0.411133,0.037109,0.236328
cate6-00108,cate6,14,3,0.391602,0.440430,0.041016,0.205078
cate6-00108,cate6,15,4,0.358398,0.450195,0.044922,0.185547
cate6-00108,cate6,16,5,0.307617,0.440430,0.060547,0.205078
cate6-00108,cate6,17,6,0.250000,0.428711,0.058594,0.193359
cate6-00108,cate6,18,7,0.226562,0.350586,0.058594,0.115234
cate6-00108,cate6,21,8,0.532227,0.429688,0.041016,0.238281
cate6-00108,cate6,22,9,0.566406,0.412109,0.035156,0.214844
cate6-00108,cate6,23,10,0.594727,0.416992,0.037109,0.232422
cate6-00108,cate6,24,11,0.626953,0.428711,0.042969,0.216797
cate6-00108,cate6,25,12,0.660156,0.430664,0.042969,0.197266
cate6-00108,cate6,26,13,0.708984,0.438477,0.062500,0.197266
cate6-00108,cate6,27,14,0.765625,0.413086,0.058594,0.220703
cate6-00108,cate6,28,15,0.797852,0.351562,0.052734,0.113281
cate6-00108,cate6,31,16,0.511719,0.656250,0.031250,0.183594
cate6-00108,cate6,32,17,0.536133,0.649414,0.037109,0.181641
cate6-00108,cate6,33,18,0.567383,0.667969,0.033203,0.203125
cate6-00108,cate6,34,19,0.597656,0.682617,0.039062,0.232422
cate6-00108,cate6,35,20,0.634766,0.669922,0.042969,0.222656
cate6-00108,cate6,36,21,0.691406,0.664062,0.070312,0.218750
cate6-00108,cate6,37,22,0.748047,0.643555,0.085938,0.205078
cate6-00108,cate6,38,23,0.819336,0.626953,0.080078,0.132812
cate6-00108,cate6,41,24,0.488281,0.660156,0.027344,0.191406
cate6-00108,cate6,42,25,0.459961,0.653320,0.029297,0.181641
cate6-00108,cate6,43,26,0.432617,0.681641,0.033203,0.226562
cate6-00108,cate6,44,27,0.405273,0.685547,0.041016,0.238281
cate6-00108,cate6,45,28,0.366211,0.679688,0.048828,0.218750
cate6-00108,cate6,46,29,0.310547,0.670898,0.078125,0.220703
cate6-00108,cate6,47,30,0.250000,0.644531,0.078125,0.207031
cate6-00108,cate6,48,31,0.193359,0.636719,0.070312,0.121094
cate6-00115,cate6,11,0,0.503906,0.449219,0.046875,0.234375
cate6-00115,cate6,12,1,0.475586,0.434570,0.048828,0.232422
cate6-00115,cate6,13,2,0.451172,0.333984,0.050781,0.246094
cate6-00115,cate6,14,3,0.413086,0.397461,0.064453,0.216797
cate6-00115,cate6,15,4,0.370117,0.333008,0.052734,0.173828
cate6-00115,cate6,16,5,0.363281,0.457031,0.058594,0.109375
cate6-00115,cate6,17,6,0.301758,0.400391,0.064453,0.199219
cate6-00115,cate6,18,7,0.274414,0.309570,0.080078,0.150391
cate6-00115,cate6,21,8,0.545898,0.458008,0.041016,0.216797
cate6-00115,cate6,22,9,0.572266,0.449219,0.042969,0.226562
cate6-00115,cate6,23,10,0.604492,0.357422,0.052734,0.277344
cate6-00115,cate6,24,11,0.635742,0.456055,0.052734,0.185547
cate6-00115,cate6,25,12,0.672852,0.377930,0.044922,0.158203
cate6-00115,cate6,26,13,0.682617,0.467773,0.052734,0.134766
cate6-00115,cate6,27,14,0.737305,0.430664,0.060547,0.185547
cate6-00115,cate6,28,15,0.766602,0.324219,0.064453,0.148438
cate6-00115,cate6,31,16,0.547852,0.673828,0.033203,0.175781
cate6-00115,cate6,32,17,0.581055,0.679688,0.037109,0.183594
cate6-00115,cate6,33,18,0.615234,0.727539,0.050781,0.208984
cate6-00115,cate6,34,19,0.651367,0.731445,0.044922,0.197266
cate6-00115,cate6,35,20,0.704102,0.732422,0.052734,0.179688
cate6-00115,cate6,36,21,0.690430,0.611328,0.064453,0.121094
cate6-00115,cate6,37,22,0.755859,0.630859,0.097656,0.214844
cate6-00115,cate6,38,23,0.816406,0.616211,0.082031,0.169922
cate6-00115,cate6,41,24,0.522461,0.676758,0.033203,0.173828
cate6-00115,cate6,42,25,0.493164,0.681641,0.037109,0.199219
cate6-00115,cate6,43,26,0.456055,0.697266,0.048828,0.222656
cate6-00115,cate6,44,27,0.418945,0.693359,0.056641,0.222656
cate6-00115,cate6,45,28,0.352539,0.703125,0.068359,0.191406
cate6-00115,cate6,46,29,0.372070,0.590820,0.083984,0.123047
cate6-00115,cate6,47,30,0.300781,0.615234,0.105469,0.218750
cate6-00115,cate6,48,31,0.226562,0.591797,0.082031,0.164062
cate6-00122,cate6,11,0,0.491211,0.475586,0.048828,0.224609
cate6-00122,cate6,12,1,0.457031,0.464844,0.039062,0.234375
cate6-00122,cate6,13,2,0.424805,0.434570,0.048828,0.244141
cate6-00122,cate6,14,3,0.397461,0.444336,0.056641,0.220703
cate6-00122,cate6,15,4,0.364258,0.393555,0.060547,0.158203
cate6-00122,cate6,16,5,0.296875,0.429688,0.066406,0.195312
cate6-00122,cate6,17,6,0.243164,0.407227,0.072266,0.166016
cate6-00122,cate6,18,7,0.225586,0.269531,0.056641,0.070312
cate6-00122,cate6,21,8,0.532227,0.448242,0.044922,0.275391
cate6-00122,cate6,22,9,0.568359,0.463867,0.046875,0.208984
cate6-00122,cate6,23,10,0.601562,0.428711,0.042969,0.248047
cate6-00122,cate6,24,11,0.636719,0.436523,0.054688,0.224609
cate6-00122,cate6,25,12,0.660156,0.381836,0.054688,0.154297
cate6-00122,cate6,26,13,0.728516,0.421875,0.062500,0.179688
cate6-00122,cate6,27,14,0.776367,0.381836,0.072266,0.166016
cate6-00122,cate6,28,15,0.798828,0.252930,0.050781,0.056641
cate6-00122,cate6,31,16,0.520508,0.683594,0.025391,0.156250
cate6-00122,cate6,32,17,0.548828,0.689453,0.031250,0.183594
cate6-00122,cate6,33,18,0.581055,0.704102,0.044922,0.240234
cate6-00122,cate6,34,19,0.623047,0.687500,0.066406,0.203125
cate6-00122,cate6,35,20,0.659180,0.670898,0.056641,0.193359
cate6-00122,cate6,36,21,0.718750,0.632812,0.101562,0.207031
cate6-00122,cate6,37,22,0.780273,0.575195,0.099609,0.201172
cate6-00122,cate6,38,23,0.848633,0.524414,0.044922,0.087891
cate6-00122,cate6,41,24,0.497070,0.682617,0.029297,0.146484
cate6-00122,cate6,42,25,0.472656,0.679688,0.035156,0.167969
cate6-00122,cate6,43,26,0.445312,0.684570,0.050781,0.205078
cate6-00122,cate6,44,27,0.401367,0.694336,0.052734,0.208984
cate6-00122,cate6,45,28,0.351562,0.684570,0.066406,0.189453
cate6-00122,cate6,46,29,0.292969,0.642578,0.109375,0.214844
cate6-00122,cate6,47,30,0.225586,0.594727,0.095703,0.193359
cate6-00123,cate6,11,0,0.495117,0.503906,0.041016,0.195312
cate6-00123,cate6,12,1,0.460938,0.473633,0.035156,0.126953
cate6-00123,cate6,13,2,0.425781,0.341797,0.054688,0.136719
cate6-00123,cate6,14,3,0.405273,0.438477,0.052734,0.115234
cate6-00123,cate6,15,4,0.360352,0.418945,0.048828,0.083984
cate6-00123,cate6,16,5,0.355469,0.509766,0.054688,0.117188
cate6-00123,cate6,17,6,0.298828,0.468750,0.062500,0.171875
cate6-00123,cate6,18,7,0.272461,0.399414,0.056641,0.087891
cate6-00123,cate6,21,8,0.535156,0.480469,0.039062,0.144531
cate6-00123,cate6,22,9,0.573242,0.473633,0.037109,0.138672
cate6-00123,cate6,23,10,0.614258,0.384766,0.052734,0.140625
cate6-00123,cate6,24,11,0.627930,0.477539,0.048828,0.111328
cate6-00123,cate6,25,12,0.669922,0.459961,0.039062,0.099609
cate6-00123,cate6,26,13,0.667969,0.549805,0.054688,0.123047
cate6-00123,cate6,27,14,0.722656,0.507812,0.066406,0.167969
cate6-00123,cate6,28,15,0.754883,0.439453,0.060547,0.101562
cate6-00123,cate6,31,16,0.527344,0.708984,0.031250,0.179688
cate6-00123,cate6,32,17,0.551758,0.753906,0.037109,0.152344
cate6-00123,cate6,33,18,0.590820,0.851562,0.064453,0.132812
cate6-00123,cate6,34,19,0.575195,0.708984,0.033203,0.160156
cate6-00123,cate6,35,20,0.611328,0.714844,0.058594,0.148438
cate6-00123,cate6,36,21,0.665039,0.708008,0.076172,0.162109
cate6-00123,cate6,37,22,0.723633,0.695312,0.095703,0.175781
cate6-00123,cate6,38,23,0.792969,0.702148,0.062500,0.099609
cate6-00123,cate6,41,24,0.498047,0.701172,0.027344,0.171875
cate6-00123,cate6,42,25,0.467773,0.764648,0.044922,0.126953
cate6-00123,cate6,43,26,0.414062,0.828125,0.070312,0.132812
cate6-00123,cate6,44,27,0.443359,0.680664,0.046875,0.154297
cate6-00123,cate6,45,28,0.415039,0.679688,0.056641,0.136719
cate6-00123,cate6,46,29,0.360352,0.659180,0.080078,0.134766
cate6-00123,cate6,47,30,0.298828,0.656250,0.097656,0.175781
cate6-00123,cate6,48,31,0.231445,0.650391,0.064453,0.101562
cate6-00141,cate6,11,0,0.485352,0.445312,0.041016,0.316406
cate6-00141,cate6,12,1,0.455078,0.462891,0.058594,0.238281
cate6-00141,cate6,13,2,0.418945,0.346680,0.064453,0.275391
cate6-00141,cate6,14,3,0.375977,0.432617,0.056641,0.197266
cate6-00141,cate6,15,4,0.339844,0.400391,0.054688,0.171875
cate6-00141,cate6,16,5,0.278320,0.430664,0.068359,0.208984
cate6-00141,cate6,17,6,0.229492,0.387695,0.072266,0.162109
cate6-00141,cate6,18,7,0.202148,0.302734,0.048828,0.082031
cate6-00141,cate6,21,8,0.531250,0.433594,0.042969,0.335938
cate6-00141,cate6,22,9,0.571289,0.474609,0.041016,0.230469
cate6-00141,cate6,23,10,0.601562,0.380859,0.050781,0.218750
cate6-00141,cate6,24,11,0.636719,0.464844,0.046875,0.195312
cate6-00141,cate6,25,12,0.671875,0.395508,0.050781,0.166016
cate6-00141,cate6,26,13,0.730469,0.418945,0.074219,0.208984
cate6-00141,cate6,27,14,0.780273,0.379883,0.072266,0.146484
cate6-00141,cate6,28,15,0.809570,0.305664,0.056641,0.087891
cate6-00141,cate6,31,16,0.524414,0.708984,0.041016,0.152344
cate6-00141,cate6,32,17,0.548828,0.708984,0.035156,0.171875
cate6-00141,cate6,33,18,0.598633,0.796875,0.072266,0.187500
cate6-00141,cate6,34,19,0.624023,0.742188,0.076172,0.195312
cate6-00141,cate6,35,20,0.677734,0.742188,0.078125,0.175781
cate6-00141,cate6,36,21,0.720703,0.668945,0.105469,0.224609
cate6-00141,cate6,37,22,0.790039,0.644531,0.091797,0.171875
cate6-00141,cate6,38,23,0.835938,0.589844,0.054688,0.113281
cate6-00141,cate6,41,24,0.498047,0.727539,0.039062,0.193359
cate6-00141,cate6,42,25,0.472656,0.697266,0.035156,0.171875
cate6-00141,cate6,43,26,0.437500,0.791016,0.054688,0.167969
cate6-00141,cate6,44,27,0.410156,0.716797,0.062500,0.179688
cate6-00141,cate6,45,28,0.345703,0.750000,0.074219,0.152344
cate6-00141,cate6,46,29,0.292969,0.674805,0.117188,0.216797
cate6-00141,cate6,47,30,0.219727,0.652344,0.095703,0.171875
cate6-00141,cate6,48,31,0.166016,0.598633,0.054688,0.107422
cate6-00144,cate6,11,0,0.488281,0.528320,0.042969,0.169922
cate6-00144,cate6,12,1,0.452148,0.485352,0.041016,0.130859
cate6-00144,cate6,13,2,0.422852,0.382812,0.056641,0.128906
cate6-00144,cate6,14,3,0.401367,0.463867,0.056641,0.115234
cate6-00144,cate6,15,4,0.350586,0.447266,0.044922,0.097656
cate6-00144,cate6,16,5,0.344727,0.538086,0.052734,0.126953
cate6-00144,cate6,17,6,0.293945,0.500977,0.068359,0.177734
cate6-00144,cate6,18,7,0.253906,0.416992,0.066406,0.111328
cate6-00144,cate6,21,8,0.536133,0.525391,0.044922,0.144531
cate6-00144,cate6,22,9,0.571289,0.528320,0.033203,0.126953
cate6-00144,cate6,23,10,0.603516,0.400391,0.050781,0.136719
cate6-00144,cate6,24,11,0.626953,0.478516,0.050781,0.121094
cate6-00144,cate6,25,12,0.667969,0.458984,0.050781,0.097656
cate6-00144,cate6,26,13,0.675781,0.543945,0.050781,0.142578
cate6-00144,cate6,27,14,0.730469,0.510742,0.062500,0.177734
cate6-00144,cate6,28,15,0.768555,0.429688,0.064453,0.109375
cate6-00144,cate6,31,16,0.527344,0.717773,0.027344,0.162109
cate6-00144,cate6,32,17,0.554688,0.715820,0.042969,0.166016
cate6-00144,cate6,33,18,0.583008,0.828125,0.060547,0.148438
cate6-00144,cate6,34,19,0.587891,0.700195,0.031250,0.138672
cate6-00144,cate6,35,20,0.625977,0.702148,0.056641,0.126953
cate6-00144,cate6,36,21,0.679688,0.690430,0.074219,0.138672
cate6-00144,cate6,37,22,0.742188,0.698242,0.085938,0.193359
cate6-00144,cate6,38,23,0.834961,0.638672,0.060547,0.109375
cate6-00144,cate6,41,24,0.500000,0.715820,0.031250,0.166016
cate6-00144,cate6,42,25,0.470703,0.718750,0.035156,0.167969
cate6-00144,cate6,43,26,0.435547,0.827148,0.050781,0.142578
cate6-00144,cate6,44,27,0.437500,0.696289,0.035156,0.150391
cate6-00144,cate6,45,28,0.393555,0.687500,0.056641,0.125000
cate6-00144,cate6,46,29,0.342773,0.702148,0.083984,0.185547
cate6-00144,cate6,47,30,0.277344,0.685547,0.089844,0.195312
cate6-00144,cate6,48,31,0.200195,0.658203,0.060547,0.097656
cate6-00147,cate6,11,0,0.478516,0.478516,0.050781,0.234375
cate6-00147,cate6,12,1,0.437500,0.454102,0.046875,0.201172
cate6-00147,cate6,13,2,0.397461,0.308594,0.060547,0.183594
cate6-00147,cate6,14,3,0.376953,0.405273,0.062500,0.138672
cate6-00147,cate6,15,4,0.326172,0.385742,0.050781,0.126953
cate6-00147,cate6,16,5,0.315430,0.499023,0.056641,0.130859
cate6-00147,cate6,17,6,0.265625,0.425781,0.085938,0.214844
cate6-00147,cate6,18,7,0.236328,0.332031,0.066406,0.132812
cate6-00147,cate6,21,8,0.533203,0.466797,0.046875,0.261719
cate6-00147,cate6,22,9,0.579102,0.460938,0.044922,0.214844
cate6-00147,cate6,23,10,0.607422,0.300781,0.058594,0.179688
cate6-00147,cate6,24,11,0.632812,0.382812,0.062500,0.164062
cate6-00147,cate6,25,12,0.678711,0.361328,0.052734,0.136719
cate6-00147,cate6,26,13,0.694336,0.483398,0.056641,0.126953
cate6-00147,cate6,27,14,0.744141,0.406250,0.085938,0.207031
cate6-00147,cate6,28,15,0.771484,0.317383,0.070312,0.126953
cate6-00147,cate6,31,16,0.530273,0.699219,0.044922,0.167969
cate6-00147,cate6,32,17,0.560547,0.694336,0.042969,0.177734
cate6-00147,cate6,33,18,0.610352,0.830078,0.076172,0.160156
cate6-00147,cate6,34,19,0.597656,0.683594,0.042969,0.160156
cate6-00147,cate6,35,20,0.633789,0.658203,0.056641,0.125000
cate6-00147,cate6,36,21,0.700195,0.732422,0.060547,0.125000
cate6-00147,cate6,37,22,0.739258,0.647461,0.111328,0.224609
cate6-00147,cate6,38,23,0.804688,0.619141,0.078125,0.125000
cate6-00147,cate6,41,24,0.500977,0.716797,0.060547,0.191406
cate6-00147,cate6,42,25,0.461914,0.708984,0.056641,0.167969
cate6-00147,cate6,43,26,0.431641,0.848633,0.082031,0.150391
cate6-00147,cate6,44,27,0.416992,0.700195,0.037109,0.169922
cate6-00147,cate6,45,28,0.378906,0.682617,0.054688,0.134766
cate6-00147,cate6,46,29,0.317383,0.776367,0.052734,0.130859
cate6-00147,cate6,47,30,0.273438,0.678711,0.121094,0.236328
cate6-00147,cate6,48,31,0.208984,0.654297,0.078125,0.128906
cate6-00151,cate6,11,0,0.492188,0.463867,0.050781,0.232422
cate6-00151,cate6,12,1,0.450195,0.456055,0.052734,0.228516
cate6-00151,cate6,13,2,0.408203,0.300781,0.078125,0.191406
cate6-00151,cate6,14,3,0.378906,0.385742,0.054688,0.166016
cate6-00151,cate6,15,4,0.326172,0.380859,0.046875,0.148438
cate6-00151,cate6,16,5,0.321289,0.493164,0.056641,0.119141
cate6-00151,cate6,17,6,0.257812,0.445312,0.074219,0.195312
cate6-00151,cate6,18,7,0.218750,0.368164,0.066406,0.138672
cate6-00151,cate6,21,8,0.544922,0.462891,0.046875,0.234375
cate6-00151,cate6,22,9,0.587891,0.471680,0.035156,0.201172
cate6-00151,cate6,23,10,0.633789,0.330078,0.076172,0.187500
cate6-00151,cate6,24,11,0.657227,0.407227,0.048828,0.150391
cate6-00151,cate6,25,12,0.703125,0.397461,0.046875,0.138672
cate6-00151,cate6,26,13,0.705078,0.508789,0.054688,0.123047
cate6-00151,cate6,27,14,0.766602,0.447266,0.068359,0.214844
cate6-00151,cate6,28,15,0.808594,0.390625,0.058594,0.132812
cate6-00151,cate6,31,16,0.529297,0.699219,0.031250,0.199219
cate6-00151,cate6,32,17,0.565430,0.700195,0.037109,0.193359
cate6-00151,cate6,33,18,0.603516,0.847656,0.082031,0.191406
cate6-00151,cate6,34,19,0.600586,0.685547,0.033203,0.160156
cate6-00151,cate6,35,20,0.638672,0.667969,0.058594,0.132812
cate6-00151,cate6,36,21,0.696289,0.680664,0.080078,0.189453
cate6-00151,cate6,37,22,0.772461,0.682617,0.111328,0.228516
cate6-00151,cate6,38,23,0.837891,0.672852,0.078125,0.138672
cate6-00151,cate6,41,24,0.495117,0.700195,0.029297,0.205078
cate6-00151,cate6,42,25,0.460938,0.703125,0.035156,0.203125
cate6-00151,cate6,43,26,0.415039,0.847656,0.064453,0.187500
cate6-00151,cate6,44,27,0.419922,0.689453,0.042969,0.179688
cate6-00151,cate6,45,28,0.381836,0.665039,0.064453,0.142578
cate6-00151,cate6,46,29,0.323242,0.668945,0.091797,0.173828
cate6-00151,cate6,47,30,0.250977,0.678711,0.111328,0.236328
cate6-00151,cate6,48,31,0.185547,0.655273,0.074219,0.130859
cate6-00153,cate6,11,0,0.490234,0.524414,0.050781,0.169922
cate6-00153,cate6,12,1,0.440430,0.520508,0.052734,0.193359
cate6-00153,cate6,13,2,0.392578,0.386719,0.082031,0.171875
cate6-00153,cate6,14,3,0.367188,0.466797,0.062500,0.140625
cate6-00153,cate6,15,4,0.314453,0.470703,0.054688,0.132812
cate6-00153,cate6,16,5,0.254883,0.512695,0.072266,0.173828
cate6-00153,cate6,17,6,0.211914,0.439453,0.068359,0.117188
cate6-00153,cate6,18,7,0.165039,0.379883,0.052734,0.083984
cate6-00153,cate6,21,8,0.550781,0.511719,0.050781,0.199219
cate6-00153,cate6,22,9,0.598633,0.505859,0.041016,0.187500
cate6-00153,cate6,23,10,0.638672,0.375000,0.062500,0.160156
cate6-00153,cate6,24,11,0.666992,0.467773,0.041016,0.146484
cate6-00153,cate6,25,12,0.707031,0.451172,0.046875,0.136719
cate6-00153,cate6,26,13,0.757812,0.488281,0.066406,0.175781
cate6-00153,cate6,27,14,0.792969,0.414062,0.058594,0.121094
cate6-00153,cate6,28,15,0.832031,0.356445,0.046875,0.083984
cate6-00153,cate6,31,16,0.559570,0.750000,0.052734,0.179688
cate6-00153,cate6,32,17,0.595703,0.746094,0.054688,0.191406
cate6-00153,cate6,33,18,0.635742,0.809570,0.060547,0.177734
cate6-00153,cate6,34,19,0.628906,0.697266,0.050781,0.164062
cate6-00153,cate6,35,20,0.665039,0.675781,0.052734,0.125000
cate6-00153,cate6,36,21,0.714844,0.663086,0.078125,0.150391
cate6-00153,cate6,37,22,0.774414,0.665039,0.087891,0.205078
cate6-00153,cate6,38,23,0.825195,0.647461,0.060547,0.123047
cate6-00153,cate6,41,24,0.525391,0.751953,0.058594,0.175781
cate6-00153,cate6,42,25,0.476562,0.727539,0.039062,0.130859
cate6-00153,cate6,43,26,0.445312,0.810547,0.066406,0.156250
cate6-00153,cate6,44,27,0.428711,0.698242,0.048828,0.126953
cate6-00153,cate6,45,28,0.382812,0.679688,0.074219,0.113281
cate6-00153,cate6,46,29,0.328125,0.669922,0.085938,0.125000
cate6-00153,cate6,47,30,0.250000,0.699219,0.109375,0.218750
cate6-00153,cate6,48,31,0.175781,0.696289,0.078125,0.138672
cate6-00158,cate6,11,0,0.500977,0.495117,0.041016,0.169922
cate6-00158,cate6,12,1,0.466797,0.487305,0.039062,0.166016
cate6-00158,cate6,13,2,0.431641,0.437500,0.050781,0.246094
cate6-00158,cate6,14,3,0.391602,0.478516,0.044922,0.144531
cate6-00158,cate6,15,4,0.359375,0.460938,0.054688,0.175781
cate6-00158,cate6,16,5,0.313477,0.441406,0.076172,0.179688
cate6-00158,cate6,17,6,0.270508,0.429688,0.091797,0.156250
cate6-00158,cate6,18,7,0.251953,0.329102,0.062500,0.123047
cate6-00158,cate6,21,8,0.540039,0.491211,0.037109,0.181641
cate6-00158,cate6,22,9,0.580078,0.496094,0.035156,0.175781
cate6-00158,cate6,23,10,0.612305,0.464844,0.037109,0.226562
cate6-00158,cate6,24,11,0.645508,0.484375,0.037109,0.152344
cate6-00158,cate6,25,12,0.672852,0.460938,0.041016,0.160156
cate6-00158,cate6,26,13,0.711914,0.438477,0.060547,0.197266
cate6-00158,cate6,27,14,0.765625,0.423828,0.062500,0.171875
cate6-00158,cate6,28,15,0.779297,0.352539,0.050781,0.099609
cate6-00158,cate6,31,16,0.527344,0.662109,0.031250,0.121094
cate6-00158,cate6,32,17,0.555664,0.664062,0.037109,0.125000
cate6-00158,cate6,33,18,0.588867,0.674805,0.041016,0.181641
cate6-00158,cate6,34,19,0.625000,0.657227,0.054688,0.166016
cate6-00158,cate6,35,20,0.662109,0.601562,0.062500,0.089844
cate6-00158,cate6,36,21,0.718750,0.639648,0.085938,0.205078
cate6-00158,cate6,37,22,0.781250,0.604492,0.082031,0.189453
cate6-00158,cate6,38,23,0.839844,0.576172,0.070312,0.125000
cate6-00158,cate6,41,24,0.499023,0.662109,0.029297,0.132812
cate6-00158,cate6,42,25,0.481445,0.663086,0.052734,0.138672
cate6-00158,cate6,43,26,0.439453,0.667969,0.050781,0.203125
cate6-00158,cate6,44,27,0.393555,0.720703,0.048828,0.156250
cate6-00158,cate6,45,28,0.352539,0.662109,0.080078,0.199219
cate6-00158,cate6,46,29,0.295898,0.632812,0.091797,0.191406
cate6-00158,cate6,47,30,0.232422,0.595703,0.082031,0.187500
cate6-00158,cate6,48,31,0.175781,0.575195,0.070312,0.138672
cate6-00159,cate6,11,0,0.495117,0.491211,0.048828,0.228516
cate6-00159,cate6,12,1,0.458984,0.460938,0.058594,0.210938
cate6-00159,cate6,13,2,0.409180,0.368164,0.056641,0.185547
cate6-00159,cate6,14,3,0.375977,0.438477,0.056641,0.142578
cate6-00159,cate6,15,4,0.336914,0.420898,0.056641,0.126953
cate6-00159,cate6,16,5,0.333984,0.518555,0.058594,0.119141
cate6-00159,cate6,17,6,0.275391,0.468750,0.066406,0.183594
cate6-00159,cate6,18,7,0.232422,0.384766,0.070312,0.132812
cate6-00159,cate6,21,8,0.546875,0.484375,0.050781,0.238281
cate6-00159,cate6,22,9,0.580078,0.462891,0.042969,0.203125
cate6-00159,cate6,23,10,0.610352,0.361328,0.048828,0.203125
cate6-00159,cate6,24,11,0.649414,0.407227,0.044922,0.115234
cate6-00159,cate6,25,12,0.691406,0.404297,0.042969,0.117188
cate6-00159,cate6,26,13,0.697266,0.499023,0.054688,0.126953
cate6-00159,cate6,27,14,0.748047,0.450195,0.058594,0.193359
cate6-00159,cate6,28,15,0.785156,0.385742,0.058594,0.126953
cate6-00159,cate6,31,16,0.536133,0.731445,0.037109,0.205078
cate6-00159,cate6,32,17,0.564453,0.736328,0.035156,0.210938
cate6-00159,cate6,33,18,0.606445,0.829102,0.060547,0.189453
cate6-00159,cate6,34,19,0.591797,0.691406,0.039062,0.113281
cate6-00159,cate6,35,20,0.626953,0.696289,0.046875,0.126953
cate6-00159,cate6,36,21,0.678711,0.683594,0.064453,0.140625
cate6-00159,cate6,37,22,0.740234,0.693359,0.093750,0.207031
cate6-00159,cate6,38,23,0.802734,0.683594,0.070312,0.128906
cate6-00159,cate6,41,24,0.511719,0.714844,0.035156,0.148438
cate6-00159,cate6,42,25,0.491211,0.725586,0.048828,0.208984
cate6-00159,cate6,43,26,0.457031,0.827148,0.066406,0.173828
cate6-00159,cate6,44,27,0.450195,0.694336,0.037109,0.115234
cate6-00159,cate6,45,28,0.410156,0.770508,0.050781,0.130859
cate6-00159,cate6,46,29,0.365234,0.684570,0.074219,0.134766
cate6-00159,cate6,47,30,0.291016,0.708008,0.109375,0.216797
cate6-00159,cate6,48,31,0.216797,0.708008,0.085938,0.134766
cate7-00002,cate7,11,0,0.485352,0.339844,0.044922,0.246094
cate7-00002,cate7,12,1,0.454102,0.346680,0.048828,0.216797
cate7-00002,cate7,13,2,0.416992,0.326172,0.052734,0.246094
cate7-00002,cate7,14,3,0.381836,0.314453,0.068359,0.218750
cate7-00002,cate7,15,4,0.348633,0.299805,0.056641,0.208984
cate7-00002,cate7,16,5,0.304688,0.272461,0.066406,0.201172
cate7-00002,cate7,17,6,0.255859,0.224609,0.062500,0.214844
cate7-00002,cate7,18,7,0.212891,0.200195,0.054688,0.173828
cate7-00002,cate7,21,8,0.525391,0.345703,0.042969,0.199219
cate7-00002,cate7,22,9,0.560547,0.340820,0.039062,0.216797
cate7-00002,cate7,23,10,0.590820,0.326172,0.052734,0.242188
cate7-00002,cate7,24,11,0.627930,0.314453,0.056641,0.210938
cate7-00002,cate7,25,12,0.664062,0.288086,0.058594,0.212891
cate7-00002,cate7,26,13,0.706055,0.267578,0.072266,0.214844
cate7-00002,cate7,27,14,0.754883,0.220703,0.056641,0.207031
cate7-00002,cate7,28,15,0.799805,0.187500,0.056641,0.183594
cate7-00002,cate7,31,16,0.519531,0.556641,0.035156,0.152344
cate7-00002,cate7,32,17,0.544922,0.556641,0.035156,0.167969
cate7-00002,cate7,33,18,0.582031,0.572266,0.046875,0.218750
cate7-00002,cate7,34,19,0.623047,0.553711,0.058594,0.193359
cate7-00002,cate7,35,20,0.662109,0.518555,0.074219,0.185547
cate7-00002,cate7,37,22,0.759766,0.427734,0.097656,0.179688
cate7-00002,cate7,38,23,0.812500,0.368164,0.085938,0.162109
cate7-00002,cate7,42,25,0.452148,0.570312,0.029297,0.144531
cate7-00002,cate7,43,26,0.419922,0.571289,0.050781,0.189453
cate7-00002,cate7,44,27,0.381836,0.558594,0.056641,0.203125
cate7-00002,cate7,45,28,0.346680,0.523438,0.068359,0.199219
cate7-00002,cate7,47,30,0.234375,0.430664,0.101562,0.197266
cate7-00002,cate7,48,31,0.185547,0.362305,0.085938,0.162109
cate7-00004,cate7,11,0,0.497070,0.466797,0.037109,0.207031
cate7-00004,cate7,12,1,0.461914,0.468750,0.033203,0.187500
cate7-00004,cate7,13,2,0.424805,0.465820,0.041016,0.212891
cate7-00004,cate7,14,3,0.389648,0.464844,0.044922,0.199219
cate7-00004,cate7,15,4,0.350586,0.459961,0.041016,0.205078
cate7-00004,cate7,17,6,0.300781,0.465820,0.062500,0.201172
cate7-00004,cate7,18,7,0.236328,0.451172,0.062500,0.195312
cate7-00004,cate7,21,8,0.538086,0.460938,0.037109,0.222656
cate7-00004,cate7,22,9,0.571289,0.478516,0.029297,0.152344
cate7-00004,cate7,24,11,0.640625,0.454102,0.050781,0.208984
cate7-00004,cate7,25,12,0.671875,0.441406,0.042969,0.199219
cate7-00004,cate7,26,13,0.722656,0.448242,0.070312,0.208984
cate7-00004,cate7,27,14,0.785156,0.449219,0.062500,0.187500
cate7-00004,cate7,31,16,0.519531,0.674805,0.027344,0.166016
cate7-00004,cate7,32,17,0.546875,0.684570,0.035156,0.197266
cate7-00004,cate7,33,18,0.582031,0.681641,0.039062,0.214844
cate7-00004,cate7,35,20,0.677734,0.679688,0.062500,0.187500
cate7-00004,cate7,38,23,0.830078,0.564453,0.082031,0.121094
cate7-00004,cate7,41,24,0.496094,0.676758,0.031250,0.166016
cate7-00004,cate7,42,25,0.466797,0.685547,0.035156,0.183594
cate7-00004,cate7,43,26,0.433594,0.707031,0.039062,0.222656
cate7-00004,cate7,44,27,0.398438,0.710938,0.042969,0.218750
cate7-00004,cate7,45,28,0.339844,0.700195,0.078125,0.197266
cate7-00004,cate7,48,31,0.182617,0.574219,0.095703,0.140625
cate7-00008,cate7,11,0,0.503906,0.484375,0.042969,0.179688
cate7-00008,cate7,12,1,0.466797,0.489258,0.046875,0.181641
cate7-00008,cate7,13,2,0.423828,0.485352,0.058594,0.205078
cate7-00008,cate7,15,4,0.344727,0.491211,0.056641,0.158203
cate7-00008,cate7,16,5,0.300781,0.486328,0.082031,0.160156
cate7-00008,cate7,17,6,0.233398,0.460938,0.052734,0.183594
cate7-00008,cate7,21,8,0.543945,0.482422,0.044922,0.175781
cate7-00008,cate7,22,9,0.585938,0.487305,0.042969,0.169922
cate7-00008,cate7,23,10,0.624023,0.461914,0.044922,0.212891
cate7-00008,cate7,25,12,0.692383,0.488281,0.048828,0.160156
cate7-00008,cate7,26,13,0.734375,0.460938,0.058594,0.199219
cate7-00008,cate7,27,14,0.788086,0.444336,0.056641,0.169922
cate7-00008,cate7,31,16,0.522461,0.663086,0.033203,0.150391
cate7-00008,cate7,32,17,0.557617,0.676758,0.041016,0.169922
cate7-00008,cate7,33,18,0.599609,0.675781,0.062500,0.195312
cate7-00008,cate7,34,19,0.627930,0.667969,0.044922,0.171875
cate7-00008,cate7,35,20,0.666016,0.660156,0.042969,0.167969
cate7-00008,cate7,36,21,0.721680,0.652344,0.087891,0.191406
cate7-00008,cate7,37,22,0.777344,0.613281,0.074219,0.164062
cate7-00008,cate7,38,23,0.824219,0.592773,0.062500,0.111328
cate7-00008,cate7,41,24,0.499023,0.663086,0.037109,0.150391
cate7-00008,cate7,42,25,0.462891,0.665039,0.039062,0.150391
cate7-00008,cate7,43,26,0.428711,0.669922,0.048828,0.179688
cate7-00008,cate7,44,27,0.386719,0.668945,0.046875,0.169922
cate7-00008,cate7,45,28,0.341797,0.662109,0.050781,0.148438
cate7-00008,cate7,46,29,0.283203,0.666016,0.093750,0.195312
cate7-00008,cate7,47,30,0.217773,0.607422,0.103516,0.167969
cate7-00008,cate7,48,31,0.169922,0.610352,0.070312,0.111328
cate7-00011,cate7,11,0,0.481445,0.420898,0.041016,0.189453
cate7-00011,cate7,12,1,0.444336,0.408203,0.033203,0.195312
cate7-00011,cate7,13,2,0.402344,0.400391,0.046875,0.207031
cate7-00011,cate7,15,4,0.334961,0.410156,0.037109,0.175781
cate7-00011,cate7,16,5,0.288086,0.397461,0.056641,0.208984
cate7-00011,cate7,17,6,0.236328,0.377930,0.046875,0.205078
cate7-00011,cate7,21,8,0.526367,0.432617,0.048828,0.181641
cate7-00011,cate7,22,9,0.559570,0.423828,0.037109,0.191406
cate7-00011,cate7,23,10,0.608398,0.417969,0.056641,0.230469
cate7-00011,cate7,25,12,0.654297,0.428711,0.046875,0.189453
cate7-00011,cate7,26,13,0.710938,0.433594,0.070312,0.207031
cate7-00011,cate7,28,15,0.797852,0.354492,0.052734,0.197266
cate7-00011,cate7,31,16,0.501953,0.618164,0.035156,0.162109
cate7-00011,cate7,32,17,0.526367,0.625977,0.033203,0.173828
cate7-00011,cate7,33,18,0.558594,0.637695,0.035156,0.201172
cate7-00011,cate7,34,19,0.596680,0.634766,0.037109,0.175781
cate7-00011,cate7,35,20,0.636719,0.623047,0.042969,0.156250
cate7-00011,cate7,38,23,0.781250,0.540039,0.093750,0.138672
cate7-00011,cate7,41,24,0.476562,0.617188,0.027344,0.160156
cate7-00011,cate7,42,25,0.450195,0.625000,0.037109,0.175781
cate7-00011,cate7,43,26,0.415039,0.626953,0.048828,0.199219
cate7-00011,cate7,44,27,0.386719,0.623047,0.039062,0.187500
cate7-00011,cate7,45,28,0.351562,0.611328,0.050781,0.179688
cate7-00014,cate7,11,0,0.479492,0.483398,0.044922,0.212891
cate7-00014,cate7,12,1,0.438477,0.479492,0.044922,0.224609
cate7-00014,cate7,13,2,0.407227,0.445312,0.044922,0.226562
cate7-00014,cate7,14,3,0.389648,0.469727,0.052734,0.216797
cate7-00014,cate7,15,4,0.353516,0.456055,0.046875,0.205078
cate7-00014,cate7,16,5,0.308594,0.453125,0.074219,0.203125
cate7-00014,cate7,17,6,0.250000,0.433594,0.066406,0.203125
cate7-00014,cate7,18,7,0.220703,0.349609,0.070312,0.164062
cate7-00014,cate7,21,8,0.524414,0.477539,0.044922,0.228516
cate7-00014,cate7,22,9,0.560547,0.462891,0.050781,0.218750
cate7-00014,cate7,23,10,0.592773,0.446289,0.056641,0.236328
cate7-00014,cate7,24,11,0.626953,0.437500,0.054688,0.207031
cate7-00014,cate7,25,12,0.663086,0.432617,0.052734,0.201172
cate7-00014,cate7,26,13,0.708008,0.407227,0.064453,0.205078
cate7-00014,cate7,27,14,0.761719,0.390625,0.058594,0.171875
cate7-00014,cate7,31,16,0.515625,0.682617,0.035156,0.158203
cate7-00014,cate7,32,17,0.546875,0.685547,0.031250,0.152344
cate7-00014,cate7,33,18,0.574219,0.681641,0.035156,0.167969
cate7-00014,cate7,34,19,0.611328,0.683594,0.054688,0.183594
cate7-00014,cate7,35,20,0.646484,0.677734,0.058594,0.203125
cate7-00014,cate7,36,21,0.704102,0.634766,0.115234,0.218750
cate7-00014,cate7,37,22,0.759766,0.600586,0.089844,0.197266
cate7-00014,cate7,38,23,0.822266,0.575195,0.097656,0.119141
cate7-00014,cate7,41,24,0.485352,0.687500,0.037109,0.164062
cate7-00014,cate7,42,25,0.453125,0.693359,0.035156,0.167969
cate7-00014,cate7,43,26,0.420898,0.686523,0.041016,0.169922
cate7-00014,cate7,44,27,0.389648,0.697266,0.041016,0.199219
cate7-00014,cate7,45,28,0.348633,0.687500,0.044922,0.203125
cate7-00014,cate7,46,29,0.288086,0.663086,0.103516,0.197266
cate7-00014,cate7,47,30,0.223633,0.589844,0.099609,0.152344
cate7-00018,cate7,11,0,0.460938,0.409180,0.046875,0.224609
cate7-00018,cate7,12,1,0.426758,0.412109,0.044922,0.222656
cate7-00018,cate7,13,2,0.390625,0.395508,0.046875,0.240234
cate7-00018,cate7,14,3,0.361328,0.417969,0.050781,0.187500
cate7-00018,cate7,15,4,0.327148,0.410156,0.056641,0.179688
cate7-00018,cate7,16,5,0.290039,0.413086,0.064453,0.173828
cate7-00018,cate7,17,6,0.232422,0.397461,0.062500,0.185547
cate7-00018,cate7,18,7,0.183594,0.380859,0.062500,0.167969
cate7-00018,cate7,21,8,0.500977,0.416992,0.044922,0.212891
cate7-00018,cate7,22,9,0.539062,0.416016,0.039062,0.191406
cate7-00018,cate7,23,10,0.577148,0.396484,0.041016,0.238281
cate7-00018,cate7,24,11,0.608398,0.416992,0.044922,0.193359
cate7-00018,cate7,25,12,0.639648,0.412109,0.044922,0.179688
cate7-00018,cate7,26,13,0.679688,0.413086,0.062500,0.197266
cate7-00018,cate7,27,14,0.734375,0.390625,0.054688,0.203125
cate7-00018,cate7,28,15,0.776367,0.403320,0.056641,0.130859
cate7-00018,cate7,31,16,0.505859,0.622070,0.027344,0.166016
cate7-00018,cate7,32,17,0.530273,0.621094,0.033203,0.167969
cate7-00018,cate7,33,18,0.562500,0.644531,0.031250,0.214844
cate7-00018,cate7,34,19,0.592773,0.629883,0.037109,0.193359
cate7-00018,cate7,35,20,0.624023,0.630859,0.041016,0.210938
cate7-00018,cate7,37,22,0.705078,0.612305,0.078125,0.193359
cate7-00018,cate7,38,23,0.765625,0.569336,0.074219,0.177734
cate7-00018,cate7,41,24,0.481445,0.622070,0.025391,0.169922
cate7-00018,cate7,42,25,0.457031,0.625977,0.035156,0.181641
cate7-00018,cate7,43,26,0.424805,0.635742,0.033203,0.208984
cate7-00018,cate7,44,27,0.392578,0.626953,0.035156,0.199219
cate7-00018,cate7,45,28,0.358398,0.627930,0.041016,0.220703
cate7-00018,cate7,46,29,0.308594,0.625977,0.109375,0.224609
cate7-00018,cate7,47,30,0.252930,0.600586,0.091797,0.216797
cate7-00018,cate7,48,31,0.187500,0.549805,0.078125,0.177734
cate7-00020,cate7,11,0,0.495117,0.426758,0.041016,0.216797
cate7-00020,cate7,12,1,0.464844,0.423828,0.035156,0.210938
cate7-00020,cate7,13,2,0.432617,0.398438,0.048828,0.261719
cate7-00020,cate7,14,3,0.398438,0.414062,0.054688,0.226562
cate7-00020,cate7,15,4,0.363281,0.418945,0.050781,0.201172
cate7-00020,cate7,16,5,0.311523,0.420898,0.060547,0.181641
cate7-00020,cate7,17,6,0.254883,0.397461,0.064453,0.208984
cate7-00020,cate7,21,8,0.532227,0.425781,0.037109,0.210938
cate7-00020,cate7,22,9,0.565430,0.416016,0.033203,0.214844
cate7-00020,cate7,23,10,0.600586,0.399414,0.044922,0.244141
cate7-00020,cate7,24,11,0.633789,0.434570,0.041016,0.162109
cate7-00020,cate7,25,12,0.666992,0.408203,0.041016,0.191406
cate7-00020,cate7,26,13,0.711914,0.408203,0.060547,0.183594
cate7-00020,cate7,27,14,0.761719,0.369141,0.054688,0.210938
cate7-00020,cate7,31,16,0.517578,0.617188,0.027344,0.144531
cate7-00020,cate7,32,17,0.547852,0.628906,0.029297,0.152344
cate7-00020,cate7,33,18,0.583008,0.649414,0.052734,0.193359
cate7-00020,cate7,34,19,0.621094,0.630859,0.054688,0.167969
cate7-00020,cate7,35,20,0.652344,0.628906,0.058594,0.203125
cate7-00020,cate7,36,21,0.708008,0.615234,0.091797,0.207031
cate7-00020,cate7,37,22,0.769531,0.583008,0.093750,0.189453
cate7-00020,cate7,41,24,0.498047,0.619141,0.027344,0.136719
cate7-00020,cate7,42,25,0.468750,0.622070,0.035156,0.154297
cate7-00020,cate7,43,26,0.441406,0.649414,0.042969,0.205078
cate7-00020,cate7,44,27,0.402344,0.633789,0.042969,0.158203
cate7-00020,cate7,45,28,0.369141,0.636719,0.054688,0.183594
cate7-00020,cate7,46,29,0.305664,0.631836,0.111328,0.216797
cate7-00020,cate7,47,30,0.250000,0.610352,0.089844,0.216797
cate7-00025,cate7,11,0,0.493164,0.408203,0.056641,0.250000
cate7-00025,cate7,12,1,0.454102,0.400391,0.044922,0.246094
cate7-00025,cate7,13,2,0.414062,0.375977,0.050781,0.279297
cate7-00025,cate7,14,3,0.372070,0.396484,0.052734,0.199219
cate7-00025,cate7,15,4,0.337891,0.389648,0.058594,0.193359
cate7-00025,cate7,16,5,0.283203,0.373047,0.082031,0.210938
cate7-00025,cate7,17,6,0.239258,0.349609,0.087891,0.187500
cate7-00025,cate7,21,8,0.536133,0.409180,0.044922,0.248047
cate7-00025,cate7,23,10,0.610352,0.387695,0.044922,0.275391
cate7-00025,cate7,24,11,0.648438,0.403320,0.039062,0.220703
cate7-00025,cate7,25,12,0.681641,0.415039,0.062500,0.169922
cate7-00025,cate7,26,13,0.731445,0.392578,0.060547,0.218750
cate7-00025,cate7,27,14,0.775391,0.369141,0.078125,0.171875
cate7-00025,cate7,31,16,0.542969,0.648438,0.031250,0.191406
cate7-00025,cate7,32,17,0.573242,0.664062,0.037109,0.207031
cate7-00025,cate7,33,18,0.606445,0.680664,0.044922,0.248047
cate7-00025,cate7,34,19,0.640625,0.675781,0.042969,0.222656
cate7-00025,cate7,35,20,0.679688,0.664062,0.050781,0.214844
cate7-00025,cate7,37,22,0.781250,0.583008,0.105469,0.162109
cate7-00025,cate7,41,24,0.512695,0.640625,0.033203,0.179688
cate7-00025,cate7,42,25,0.484375,0.648438,0.042969,0.207031
cate7-00025,cate7,43,26,0.441406,0.657227,0.066406,0.228516
cate7-00025,cate7,44,27,0.405273,0.647461,0.048828,0.208984
cate7-00025,cate7,45,28,0.359375,0.640625,0.050781,0.191406
cate7-00025,cate7,47,30,0.252930,0.589844,0.115234,0.175781
cate7-00026,cate7,11,0,0.487305,0.444336,0.041016,0.216797
cate7-00026,cate7,12,1,0.452148,0.430664,0.033203,0.216797
cate7-00026,cate7,13,2,0.416016,0.424805,0.046875,0.232422
cate7-00026,cate7,14,3,0.376953,0.430664,0.050781,0.224609
cate7-00026,cate7,15,4,0.340820,0.445312,0.044922,0.203125
cate7-00026,cate7,17,6,0.247070,0.430664,0.064453,0.197266
cate7-00026,cate7,18,7,0.192383,0.407227,0.056641,0.169922
cate7-00026,cate7,21,8,0.529297,0.429688,0.042969,0.238281
cate7-00026,cate7,22,9,0.569336,0.440430,0.033203,0.201172
cate7-00026,cate7,23,10,0.609375,0.433594,0.046875,0.234375
cate7-00026,cate7,24,11,0.654297,0.437500,0.046875,0.222656
cate7-00026,cate7,27,14,0.769531,0.465820,0.078125,0.177734
cate7-00026,cate7,31,16,0.531250,0.651367,0.027344,0.169922
cate7-00026,cate7,32,17,0.564453,0.650391,0.031250,0.171875
cate7-00026,cate7,33,18,0.598633,0.672852,0.041016,0.205078
cate7-00026,cate7,34,19,0.637695,0.668945,0.044922,0.205078
cate7-00026,cate7,35,20,0.681641,0.672852,0.046875,0.212891
cate7-00026,cate7,41,24,0.500977,0.650391,0.029297,0.171875
cate7-00026,cate7,42,25,0.468750,0.650391,0.035156,0.179688
cate7-00026,cate7,43,26,0.429688,0.665039,0.042969,0.212891
cate7-00026,cate7,44,27,0.388672,0.669922,0.042969,0.203125
cate7-00026,cate7,45,28,0.343750,0.672852,0.046875,0.205078
cate7-00026,cate7,46,29,0.270508,0.649414,0.103516,0.201172
cate7-00026,cate7,47,30,0.208008,0.595703,0.091797,0.160156
cate7-00032,cate7,11,0,0.504883,0.467773,0.037109,0.208984
cate7-00032,cate7,12,1,0.470703,0.462891,0.035156,0.203125
cate7-00032,cate7,13,2,0.433594,0.461914,0.050781,0.220703
cate7-00032,cate7,14,3,0.399414,0.470703,0.044922,0.210938
cate7-00032,cate7,15,4,0.365234,0.468750,0.046875,0.214844
cate7-00032,cate7,16,5,0.321289,0.461914,0.060547,0.220703
cate7-00032,cate7,17,6,0.259766,0.447266,0.062500,0.214844
cate7-00032,cate7,18,7,0.208984,0.432617,0.070312,0.177734
cate7-00032,cate7,21,8,0.547852,0.475586,0.064453,0.205078
cate7-00032,cate7,22,9,0.581055,0.475586,0.037109,0.201172
cate7-00032,cate7,23,10,0.610352,0.474609,0.041016,0.214844
cate7-00032,cate7,24,11,0.644531,0.484375,0.046875,0.191406
cate7-00032,cate7,25,12,0.677734,0.487305,0.035156,0.189453
cate7-00032,cate7,26,13,0.716797,0.480469,0.054688,0.207031
cate7-00032,cate7,27,14,0.771484,0.463867,0.054688,0.216797
cate7-00032,cate7,28,15,0.821289,0.453125,0.056641,0.171875
cate7-00032,cate7,31,16,0.520508,0.694336,0.025391,0.193359
cate7-00032,cate7,32,17,0.547852,0.690430,0.033203,0.185547
cate7-00032,cate7,33,18,0.581055,0.713867,0.037109,0.232422
cate7-00032,cate7,34,19,0.620117,0.707031,0.041016,0.218750
cate7-00032,cate7,35,20,0.658203,0.704102,0.042969,0.216797
cate7-00032,cate7,37,22,0.726562,0.694336,0.097656,0.208984
cate7-00032,cate7,38,23,0.772461,0.658203,0.076172,0.183594
cate7-00032,cate7,41,24,0.500000,0.700195,0.035156,0.212891
cate7-00032,cate7,42,25,0.469727,0.688477,0.029297,0.201172
cate7-00032,cate7,43,26,0.440430,0.686523,0.041016,0.197266
cate7-00032,cate7,44,27,0.407227,0.688477,0.041016,0.193359
cate7-00032,cate7,45,28,0.371094,0.696289,0.050781,0.212891
cate7-00032,cate7,47,30,0.303711,0.690430,0.103516,0.205078
cate7-00032,cate7,48,31,0.239258,0.629883,0.107422,0.158203
cate7-00033,cate7,11,0,0.484375,0.422852,0.046875,0.279297
cate7-00033,cate7,12,1,0.448242,0.430664,0.044922,0.244141
cate7-00033,cate7,13,2,0.406250,0.418945,0.046875,0.267578
cate7-00033,cate7,14,3,0.364258,0.422852,0.048828,0.228516
cate7-00033,cate7,16,5,0.305664,0.410156,0.087891,0.234375
cate7-00033,cate7,17,6,0.245117,0.410156,0.056641,0.195312
cate7-00033,cate7,18,7,0.192383,0.410156,0.064453,0.144531
cate7-00033,cate7,21,8,0.527344,0.434570,0.050781,0.248047
cate7-00033,cate7,22,9,0.566406,0.433594,0.042969,0.234375
cate7-00033,cate7,23,10,0.608398,0.419922,0.048828,0.273438
cate7-00033,cate7,24,11,0.645508,0.423828,0.048828,0.214844
cate7-00033,cate7,26,13,0.692383,0.440430,0.072266,0.193359
cate7-00033,cate7,27,14,0.752930,0.420898,0.064453,0.197266
cate7-00033,cate7,28,15,0.803711,0.402344,0.060547,0.218750
cate7-00033,cate7,31,16,0.515625,0.664062,0.031250,0.175781
cate7-00033,cate7,32,17,0.548828,0.671875,0.042969,0.195312
cate7-00033,cate7,33,18,0.592773,0.688477,0.056641,0.212891
cate7-00033,cate7,34,19,0.624023,0.694336,0.052734,0.208984
cate7-00033,cate7,35,20,0.663086,0.709961,0.052734,0.236328
cate7-00033,cate7,36,21,0.733398,0.697266,0.103516,0.222656
cate7-00033,cate7,37,22,0.796875,0.633789,0.093750,0.181641
cate7-00033,cate7,41,24,0.486328,0.666016,0.035156,0.195312
cate7-00033,cate7,42,25,0.453125,0.681641,0.035156,0.203125
cate7-00033,cate7,43,26,0.418945,0.793945,0.056641,0.236328
cate7-00033,cate7,44,27,0.404297,0.706055,0.046875,0.228516
cate7-00033,cate7,45,28,0.354492,0.710938,0.044922,0.238281
cate7-00033,cate7,47,30,0.257812,0.666992,0.109375,0.228516
cate7-00033,cate7,48,31,0.191406,0.605469,0.097656,0.199219
cate7-00038,cate7,11,0,0.489258,0.381836,0.044922,0.236328
cate7-00038,cate7,12,1,0.454102,0.385742,0.037109,0.212891
cate7-00038,cate7,13,2,0.420898,0.359375,0.052734,0.273438
cate7-00038,cate7,14,3,0.381836,0.369141,0.037109,0.250000
cate7-00038,cate7,15,4,0.350586,0.377930,0.044922,0.236328
cate7-00038,cate7,16,5,0.305664,0.405273,0.060547,0.189453
cate7-00038,cate7,17,6,0.252930,0.349609,0.060547,0.234375
cate7-00038,cate7,18,7,0.203125,0.342773,0.058594,0.197266
cate7-00038,cate7,21,8,0.538086,0.391602,0.048828,0.220703
cate7-00038,cate7,22,9,0.575195,0.380859,0.037109,0.218750
cate7-00038,cate7,23,10,0.611328,0.358398,0.046875,0.248047
cate7-00038,cate7,24,11,0.645508,0.357422,0.037109,0.203125
cate7-00038,cate7,25,12,0.676758,0.359375,0.037109,0.230469
cate7-00038,cate7,26,13,0.719727,0.374023,0.068359,0.212891
cate7-00038,cate7,27,14,0.772461,0.345703,0.056641,0.210938
cate7-00038,cate7,28,15,0.816406,0.341797,0.058594,0.183594
cate7-00038,cate7,31,16,0.526367,0.605469,0.029297,0.175781
cate7-00038,cate7,32,17,0.548828,0.619141,0.035156,0.207031
cate7-00038,cate7,33,18,0.587891,0.636719,0.046875,0.253906
cate7-00038,cate7,34,19,0.620117,0.617188,0.041016,0.230469
cate7-00038,cate7,35,20,0.655273,0.616211,0.041016,0.232422
cate7-00038,cate7,37,22,0.745117,0.582031,0.111328,0.203125
cate7-00038,cate7,38,23,0.785156,0.522461,0.082031,0.146484
cate7-00038,cate7,41,24,0.501953,0.596680,0.035156,0.162109
cate7-00038,cate7,42,25,0.478516,0.597656,0.039062,0.167969
cate7-00038,cate7,43,26,0.444336,0.622070,0.041016,0.232422
cate7-00038,cate7,44,27,0.409180,0.617188,0.041016,0.214844
cate7-00038,cate7,45,28,0.372070,0.619141,0.044922,0.226562
cate7-00038,cate7,48,31,0.221680,0.538086,0.119141,0.169922
cate7-00044,cate7,11,0,0.482422,0.498047,0.050781,0.238281
cate7-00044,cate7,12,1,0.448242,0.492188,0.052734,0.234375
cate7-00044,cate7,13,2,0.406250,0.476562,0.054688,0.250000
cate7-00044,cate7,14,3,0.366211,0.483398,0.060547,0.212891
cate7-00044,cate7,15,4,0.333984,0.474609,0.066406,0.195312
cate7-00044,cate7,16,5,0.275391,0.473633,0.066406,0.185547
cate7-00044,cate7,17,6,0.220703,0.444336,0.066406,0.185547
cate7-00044,cate7,21,8,0.523438,0.493164,0.054688,0.240234
cate7-00044,cate7,22,9,0.567383,0.500977,0.044922,0.228516
cate7-00044,cate7,23,10,0.606445,0.475586,0.048828,0.259766
cate7-00044,cate7,24,11,0.644531,0.482422,0.062500,0.218750
cate7-00044,cate7,25,12,0.678711,0.476562,0.064453,0.207031
cate7-00044,cate7,26,13,0.729492,0.473633,0.064453,0.189453
cate7-00044,cate7,27,14,0.781250,0.449219,0.070312,0.171875
cate7-00044,cate7,31,16,0.518555,0.716797,0.037109,0.175781
cate7-00044,cate7,32,17,0.551758,0.725586,0.041016,0.181641
cate7-00044,cate7,33,18,0.589844,0.721680,0.046875,0.197266
cate7-00044,cate7,34,19,0.624023,0.705078,0.044922,0.164062
cate7-00044,cate7,35,20,0.666016,0.711914,0.050781,0.185547
cate7-00044,cate7,36,21,0.728516,0.696289,0.089844,0.201172
cate7-00044,cate7,37,22,0.793945,0.642578,0.103516,0.183594
cate7-00044,cate7,41,24,0.489258,0.719727,0.033203,0.166016
cate7-00044,cate7,42,25,0.458984,0.713867,0.035156,0.173828
cate7-00044,cate7,43,26,0.424805,0.725586,0.041016,0.205078
cate7-00044,cate7,44,27,0.387695,0.721680,0.048828,0.216797
cate7-00044,cate7,45,28,0.342773,0.719727,0.064453,0.216797
cate7-00044,cate7,46,29,0.287109,0.690430,0.085938,0.208984
cate7-00044,cate7,47,30,0.211914,0.650391,0.099609,0.203125
cate7-00047,cate7,11,0,0.465820,0.456055,0.041016,0.228516
cate7-00047,cate7,12,1,0.439453,0.447266,0.054688,0.242188
cate7-00047,cate7,13,2,0.401367,0.441406,0.052734,0.246094
cate7-00047,cate7,14,3,0.362305,0.448242,0.044922,0.205078
cate7-00047,cate7,15,4,0.333008,0.432617,0.056641,0.216797
cate7-00047,cate7,16,5,0.265625,0.398438,0.070312,0.226562
cate7-00047,cate7,21,8,0.505859,0.460938,0.042969,0.226562
cate7-00047,cate7,22,9,0.537109,0.469727,0.035156,0.197266
cate7-00047,cate7,23,10,0.569336,0.452148,0.041016,0.236328
cate7-00047,cate7,24,11,0.603516,0.443359,0.054688,0.246094
cate7-00047,cate7,25,12,0.633789,0.438477,0.041016,0.232422
cate7-00047,cate7,26,13,0.673828,0.422852,0.058594,0.236328
cate7-00047,cate7,27,14,0.728516,0.409180,0.058594,0.236328
cate7-00047,cate7,31,16,0.505859,0.674805,0.031250,0.166016
cate7-00047,cate7,32,17,0.533203,0.673828,0.031250,0.167969
cate7-00047,cate7,33,18,0.568359,0.686523,0.039062,0.197266
cate7-00047,cate7,34,19,0.602539,0.670898,0.041016,0.166016
cate7-00047,cate7,41,24,0.474609,0.673828,0.027344,0.164062
cate7-00047,cate7,42,25,0.446289,0.670898,0.029297,0.177734
cate7-00047,cate7,43,26,0.414062,0.681641,0.046875,0.210938
cate7-00047,cate7,44,27,0.375000,0.666992,0.046875,0.201172
cate7-00047,cate7,45,28,0.338867,0.654297,0.048828,0.195312
cate7-00050,cate7,11,0,0.515625,0.348633,0.042969,0.216797
cate7-00050,cate7,12,1,0.481445,0.385742,0.037109,0.154297
cate7-00050,cate7,13,2,0.447266,0.348633,0.046875,0.240234
cate7-00050,cate7,16,5,0.386719,0.350586,0.054688,0.208984
cate7-00050,cate7,17,6,0.326172,0.396484,0.066406,0.097656
cate7-00050,cate7,18,7,0.262695,0.332031,0.060547,0.203125
cate7-00050,cate7,21,8,0.547852,0.384766,0.037109,0.199219
cate7-00050,cate7,22,9,0.579102,0.385742,0.029297,0.173828
cate7-00050,cate7,23,10,0.607422,0.364258,0.035156,0.228516
cate7-00050,cate7,24,11,0.639648,0.367188,0.033203,0.210938
cate7-00050,cate7,25,12,0.668945,0.371094,0.033203,0.203125
cate7-00050,cate7,26,13,0.713867,0.383789,0.060547,0.197266
cate7-00050,cate7,31,16,0.551758,0.571289,0.029297,0.158203
cate7-00050,cate7,32,17,0.577148,0.571289,0.029297,0.154297
cate7-00050,cate7,33,18,0.609375,0.590820,0.042969,0.197266
cate7-00050,cate7,34,19,0.641602,0.589844,0.037109,0.183594
cate7-00050,cate7,41,24,0.525391,0.569336,0.035156,0.146484
cate7-00050,cate7,42,25,0.496094,0.576172,0.042969,0.160156
cate7-00050,cate7,44,27,0.460938,0.584961,0.054688,0.197266
cate7-00050,cate7,45,28,0.429688,0.583984,0.058594,0.214844
cate7-00054,cate7,11,0,0.500977,0.441406,0.044922,0.250000
cate7-00054,cate7,12,1,0.466797,0.437500,0.042969,0.238281
cate7-00054,cate7,13,2,0.422852,0.420898,0.044922,0.259766
cate7-00054,cate7,14,3,0.385742,0.416992,0.052734,0.236328
cate7-00054,cate7,16,5,0.298828,0.414062,0.074219,0.218750
cate7-00054,cate7,17,6,0.238281,0.384766,0.070312,0.214844
cate7-00054,cate7,21,8,0.541992,0.452148,0.044922,0.236328
cate7-00054,cate7,22,9,0.583008,0.449219,0.037109,0.230469
cate7-00054,cate7,23,10,0.612305,0.415039,0.041016,0.267578
cate7-00054,cate7,24,11,0.651367,0.417969,0.048828,0.222656
cate7-00054,cate7,27,14,0.741211,0.374023,0.064453,0.216797
cate7-00054,cate7,28,15,0.789062,0.354492,0.054688,0.177734
cate7-00054,cate7,31,16,0.516602,0.669922,0.029297,0.167969
cate7-00054,cate7,32,17,0.543945,0.673828,0.037109,0.167969
cate7-00054,cate7,33,18,0.578125,0.697266,0.039062,0.230469
cate7-00054,cate7,34,19,0.616211,0.675781,0.041016,0.191406
cate7-00054,cate7,35,20,0.662109,0.668945,0.070312,0.197266
cate7-00054,cate7,36,21,0.713867,0.610352,0.115234,0.201172
cate7-00054,cate7,37,22,0.775391,0.576172,0.109375,0.187500
cate7-00054,cate7,41,24,0.492188,0.666016,0.035156,0.160156
cate7-00054,cate7,42,25,0.463867,0.667969,0.052734,0.171875
cate7-00054,cate7,43,26,0.422852,0.700195,0.044922,0.248047
cate7-00054,cate7,44,27,0.387695,0.682617,0.044922,0.212891
cate7-00054,cate7,45,28,0.349609,0.666992,0.054688,0.212891
cate7-00056,cate7,11,0,0.511719,0.425781,0.046875,0.210938
cate7-00056,cate7,12,1,0.470703,0.412109,0.042969,0.207031
cate7-00056,cate7,13,2,0.425781,0.398438,0.058594,0.238281
cate7-00056,cate7,14,3,0.378906,0.404297,0.046875,0.203125
cate7-00056,cate7,16,5,0.324219,0.401367,0.066406,0.212891
cate7-00056,cate7,17,6,0.265625,0.386719,0.062500,0.222656
cate7-00056,cate7,21,8,0.553711,0.427734,0.044922,0.222656
cate7-00056,cate7,22,9,0.592773,0.435547,0.037109,0.191406
cate7-00056,cate7,23,10,0.628906,0.415039,0.042969,0.244141
cate7-00056,cate7,24,11,0.670898,0.416992,0.037109,0.208984
cate7-00056,cate7,26,13,0.716797,0.416992,0.058594,0.193359
cate7-00056,cate7,27,14,0.772461,0.401367,0.056641,0.208984
cate7-00056,cate7,31,16,0.535156,0.634766,0.031250,0.164062
cate7-00056,cate7,32,17,0.566406,0.645508,0.035156,0.181641
cate7-00056,cate7,33,18,0.604492,0.671875,0.041016,0.226562
cate7-00056,cate7,34,19,0.640625,0.661133,0.050781,0.212891
cate7-00056,cate7,35,20,0.680664,0.657227,0.044922,0.205078
cate7-00056,cate7,36,21,0.738281,0.638672,0.082031,0.191406
cate7-00056,cate7,37,22,0.791992,0.598633,0.080078,0.193359
cate7-00056,cate7,41,24,0.505859,0.641602,0.031250,0.169922
cate7-00056,cate7,42,25,0.473633,0.641602,0.037109,0.177734
cate7-00056,cate7,43,26,0.437500,0.649414,0.042969,0.197266
cate7-00056,cate7,44,27,0.394531,0.648438,0.050781,0.210938
cate7-00056,cate7,45,28,0.347656,0.653320,0.074219,0.236328
cate7-00056,cate7,46,29,0.291992,0.625977,0.103516,0.205078
cate7-00056,cate7,47,30,0.232422,0.587891,0.093750,0.187500
cate7-00061,cate7,11,0,0.496094,0.384766,0.050781,0.214844
cate7-00061,cate7,12,1,0.458008,0.379883,0.037109,0.212891
cate7-00061,cate7,13,2,0.419922,0.360352,0.050781,0.263672
cate7-00061,cate7,14,3,0.380859,0.375000,0.050781,0.207031
cate7-00061,cate7,15,4,0.349609,0.353516,0.054688,0.230469
cate7-00061,cate7,16,5,0.297852,0.340820,0.068359,0.220703
cate7-00061,cate7,17,6,0.239258,0.321289,0.060547,0.232422
cate7-00061,cate7,18,7,0.187500,0.320312,0.062500,0.199219
cate7-00061,cate7,21,8,0.537109,0.378906,0.054688,0.238281
cate7-00061,cate7,22,9,0.579102,0.401367,0.044922,0.181641
cate7-00061,cate7,23,10,0.615234,0.381836,0.039062,0.216797
cate7-00061,cate7,24,11,0.653320,0.364258,0.044922,0.224609
cate7-00061,cate7,25,12,0.691406,0.365234,0.046875,0.214844
cate7-00061,cate7,26,13,0.741211,0.344727,0.072266,0.212891
cate7-00061,cate7,27,14,0.798828,0.328125,0.058594,0.226562
cate7-00061,cate7,28,15,0.846680,0.312500,0.060547,0.207031
cate7-00061,cate7,31,16,0.519531,0.588867,0.031250,0.158203
cate7-00061,cate7,32,17,0.547852,0.586914,0.037109,0.150391
cate7-00061,cate7,33,18,0.583984,0.604492,0.046875,0.189453
cate7-00061,cate7,34,19,0.615234,0.583008,0.054688,0.193359
cate7-00061,cate7,35,20,0.653320,0.588867,0.052734,0.208984
cate7-00061,cate7,37,22,0.771484,0.552734,0.093750,0.203125
cate7-00061,cate7,38,23,0.848633,0.496094,0.119141,0.121094
cate7-00061,cate7,41,24,0.500000,0.584961,0.039062,0.146484
cate7-00061,cate7,42,25,0.466797,0.578125,0.035156,0.140625
cate7-00061,cate7,43,26,0.427734,0.599609,0.062500,0.195312
cate7-00061,cate7,44,27,0.402344,0.570312,0.058594,0.164062
cate7-00061,cate7,45,28,0.366211,0.565430,0.052734,0.169922
cate7-00061,cate7,46,29,0.307617,0.561523,0.095703,0.201172
cate7-00061,cate7,47,30,0.250000,0.543945,0.085938,0.205078
cate7-00061,cate7,48,31,0.176758,0.488281,0.107422,0.136719
cate7-00062,cate7,11,0,0.461914,0.376953,0.044922,0.261719
cate7-00062,cate7,12,1,0.416016,0.378906,0.039062,0.253906
cate7-00062,cate7,13,2,0.381836,0.365234,0.064453,0.281250
cate7-00062,cate7,14,3,0.339844,0.387695,0.054688,0.232422
cate7-00062,cate7,15,4,0.302734,0.380859,0.039062,0.250000
cate7-00062,cate7,17,6,0.252930,0.375000,0.064453,0.222656
cate7-00062,cate7,18,7,0.198242,0.368164,0.064453,0.177734
cate7-00062,cate7,21,8,0.510742,0.376953,0.048828,0.242188
cate7-00062,cate7,22,9,0.542969,0.370117,0.058594,0.236328
cate7-00062,cate7,23,10,0.596680,0.333008,0.064453,0.306641
cate7-00062,cate7,24,11,0.642578,0.352539,0.058594,0.267578
cate7-00062,cate7,25,12,0.682617,0.369141,0.048828,0.250000
cate7-00062,cate7,27,14,0.735352,0.375977,0.072266,0.224609
cate7-00062,cate7,28,15,0.795898,0.344727,0.068359,0.220703
cate7-00062,cate7,31,16,0.531250,0.605469,0.031250,0.179688
cate7-00062,cate7,32,17,0.561523,0.616211,0.037109,0.193359
cate7-00062,cate7,33,18,0.607422,0.648438,0.042969,0.261719
cate7-00062,cate7,34,19,0.647461,0.662109,0.048828,0.238281
cate7-00062,cate7,35,20,0.697266,0.662109,0.066406,0.246094
cate7-00062,cate7,37,22,0.781250,0.605469,0.121094,0.210938
cate7-00062,cate7,38,23,0.838867,0.536133,0.111328,0.189453
cate7-00062,cate7,41,24,0.496094,0.614258,0.039062,0.197266
cate7-00062,cate7,42,25,0.462891,0.615234,0.054688,0.187500
cate7-00062,cate7,43,26,0.422852,0.647461,0.048828,0.248047
cate7-00062,cate7,44,27,0.381836,0.659180,0.056641,0.263672
cate7-00062,cate7,45,28,0.322266,0.661133,0.066406,0.263672
cate7-00062,cate7,47,30,0.250977,0.606445,0.119141,0.212891
cate7-00062,cate7,48,31,0.191406,0.543945,0.101562,0.177734
cate7-00068,cate7,11,0,0.500977,0.427734,0.041016,0.226562
cate7-00068,cate7,12,1,0.465820,0.425781,0.044922,0.207031
cate7-00068,cate7,13,2,0.429688,0.403320,0.046875,0.240234
cate7-00068,cate7,14,3,0.392578,0.408203,0.054688,0.210938
cate7-00068,cate7,15,4,0.348633,0.389648,0.056641,0.220703
cate7-00068,cate7,16,5,0.305664,0.372070,0.068359,0.224609
cate7-00068,cate7,17,6,0.251953,0.350586,0.074219,0.224609
cate7-00068,cate7,21,8,0.541992,0.439453,0.044922,0.226562
cate7-00068,cate7,22,9,0.578125,0.423828,0.035156,0.222656
cate7-00068,cate7,23,10,0.612305,0.416016,0.041016,0.238281
cate7-00068,cate7,24,11,0.648438,0.408203,0.050781,0.214844
cate7-00068,cate7,25,12,0.683594,0.393555,0.042969,0.201172
cate7-00068,cate7,26,13,0.728516,0.373047,0.062500,0.226562
cate7-00068,cate7,27,14,0.778320,0.344727,0.056641,0.244141
cate7-00068,cate7,31,16,0.527344,0.638672,0.031250,0.160156
cate7-00068,cate7,32,17,0.553711,0.646484,0.037109,0.167969
cate7-00068,cate7,33,18,0.587891,0.644531,0.042969,0.187500
cate7-00068,cate7,34,19,0.625000,0.641602,0.046875,0.208984
cate7-00068,cate7,35,20,0.659180,0.636719,0.048828,0.218750
cate7-00068,cate7,36,21,0.714844,0.622070,0.093750,0.228516
cate7-00068,cate7,37,22,0.777344,0.584961,0.093750,0.208984
cate7-00068,cate7,41,24,0.507812,0.644531,0.039062,0.171875
cate7-00068,cate7,42,25,0.478516,0.652344,0.039062,0.195312
cate7-00068,cate7,43,26,0.446289,0.653320,0.041016,0.212891
cate7-00068,cate7,44,27,0.411133,0.644531,0.044922,0.226562
cate7-00068,cate7,45,28,0.368164,0.638672,0.056641,0.226562
cate7-00068,cate7,46,29,0.314453,0.623047,0.105469,0.234375
cate7-00068,cate7,47,30,0.237305,0.587891,0.103516,0.222656
cate7-00069,cate7,11,0,0.483398,0.351562,0.052734,0.261719
cate7-00069,cate7,12,1,0.444336,0.367188,0.041016,0.222656
cate7-00069,cate7,13,2,0.405273,0.352539,0.044922,0.259766
cate7-00069,cate7,14,3,0.368164,0.343750,0.041016,0.250000
cate7-00069,cate7,15,4,0.331055,0.348633,0.048828,0.232422
cate7-00069,cate7,16,5,0.279297,0.335938,0.058594,0.222656
cate7-00069,cate7,17,6,0.223633,0.314453,0.056641,0.207031
cate7-00069,cate7,21,8,0.530273,0.353516,0.048828,0.250000
cate7-00069,cate7,22,9,0.573242,0.360352,0.041016,0.224609
cate7-00069,cate7,24,11,0.613281,0.321289,0.054688,0.291016
cate7-00069,cate7,25,12,0.661133,0.314453,0.044922,0.265625
cate7-00069,cate7,26,13,0.710938,0.325195,0.066406,0.220703
cate7-00069,cate7,27,14,0.775391,0.322266,0.070312,0.207031
cate7-00069,cate7,31,16,0.552734,0.602539,0.046875,0.216797
cate7-00069,cate7,32,17,0.578125,0.600586,0.039062,0.228516
cate7-00069,cate7,33,18,0.618164,0.627930,0.052734,0.298828
cate7-00069,cate7,34,19,0.654297,0.601562,0.058594,0.250000
cate7-00069,cate7,35,20,0.692383,0.586914,0.052734,0.240234
cate7-00069,cate7,37,22,0.778320,0.536133,0.087891,0.181641
cate7-00069,cate7,41,24,0.518555,0.607422,0.037109,0.210938
cate7-00069,cate7,42,25,0.487305,0.603516,0.037109,0.203125
cate7-00069,cate7,43,26,0.448242,0.639648,0.048828,0.283203
cate7-00069,cate7,44,27,0.408203,0.605469,0.046875,0.218750
cate7-00069,cate7,45,28,0.359375,0.601562,0.066406,0.226562
cate7-00069,cate7,47,30,0.228516,0.546875,0.085938,0.203125
cate7-00074,cate7,11,0,0.487305,0.442383,0.052734,0.267578
cate7-00074,cate7,12,1,0.445312,0.458008,0.058594,0.212891
cate7-00074,cate7,13,2,0.405273,0.451172,0.056641,0.226562
cate7-00074,cate7,14,3,0.365234,0.439453,0.070312,0.218750
cate7-00074,cate7,16,5,0.306641,0.433594,0.070312,0.222656
cate7-00074,cate7,17,6,0.247070,0.429688,0.064453,0.183594
cate7-00074,cate7,21,8,0.533203,0.451172,0.050781,0.261719
cate7-00074,cate7,22,9,0.581055,0.463867,0.048828,0.232422
cate7-00074,cate7,23,10,0.616211,0.461914,0.048828,0.228516
cate7-00074,cate7,24,11,0.653320,0.460938,0.041016,0.214844
cate7-00074,cate7,25,12,0.687500,0.449219,0.046875,0.218750
cate7-00074,cate7,26,13,0.730469,0.441406,0.070312,0.203125
cate7-00074,cate7,27,14,0.787109,0.434570,0.058594,0.177734
cate7-00074,cate7,31,16,0.523438,0.683594,0.031250,0.175781
cate7-00074,cate7,32,17,0.555664,0.687500,0.037109,0.179688
cate7-00074,cate7,33,18,0.592773,0.716797,0.044922,0.230469
cate7-00074,cate7,34,19,0.633789,0.720703,0.044922,0.218750
cate7-00074,cate7,35,20,0.672852,0.716797,0.052734,0.242188
cate7-00074,cate7,36,21,0.728516,0.683594,0.089844,0.234375
cate7-00074,cate7,38,23,0.828125,0.627930,0.078125,0.162109
cate7-00074,cate7,41,24,0.499023,0.678711,0.029297,0.177734
cate7-00074,cate7,42,25,0.462891,0.673828,0.042969,0.167969
cate7-00074,cate7,43,26,0.421875,0.704102,0.058594,0.248047
cate7-00074,cate7,44,27,0.382812,0.690430,0.050781,0.216797
cate7-00074,cate7,45,28,0.331055,0.687500,0.076172,0.230469
cate7-00074,cate7,46,29,0.276367,0.660156,0.107422,0.234375
cate7-00074,cate7,47,30,0.209961,0.624023,0.083984,0.177734
cate7-00076,cate7,11,0,0.493164,0.402344,0.044922,0.257812
cate7-00076,cate7,12,1,0.461914,0.396484,0.052734,0.238281
cate7-00076,cate7,13,2,0.422852,0.376953,0.056641,0.257812
cate7-00076,cate7,14,3,0.381836,0.367188,0.056641,0.246094
cate7-00076,cate7,16,5,0.327148,0.375000,0.068359,0.191406
cate7-00076,cate7,17,6,0.262695,0.348633,0.064453,0.208984
cate7-00076,cate7,18,7,0.208984,0.343750,0.054688,0.160156
cate7-00076,cate7,21,8,0.532227,0.409180,0.041016,0.248047
cate7-00076,cate7,22,9,0.565430,0.405273,0.037109,0.232422
cate7-00076,cate7,23,10,0.603516,0.381836,0.042969,0.283203
cate7-00076,cate7,24,11,0.637695,0.389648,0.041016,0.228516
cate7-00076,cate7,25,12,0.669922,0.381836,0.042969,0.220703
cate7-00076,cate7,26,13,0.710938,0.357422,0.062500,0.234375
cate7-00076,cate7,27,14,0.763672,0.356445,0.054688,0.189453
cate7-00076,cate7,28,15,0.813477,0.340820,0.052734,0.166016
cate7-00076,cate7,31,16,0.506836,0.630859,0.029297,0.167969
cate7-00076,cate7,32,17,0.533203,0.644531,0.035156,0.187500
cate7-00076,cate7,33,18,0.569336,0.673828,0.056641,0.265625
cate7-00076,cate7,34,19,0.600586,0.637695,0.048828,0.220703
cate7-00076,cate7,35,20,0.644531,0.625000,0.066406,0.214844
cate7-00076,cate7,36,21,0.697266,0.608398,0.101562,0.224609
cate7-00076,cate7,37,22,0.751953,0.565430,0.089844,0.201172
cate7-00076,cate7,38,23,0.804688,0.519531,0.078125,0.171875
cate7-00076,cate7,41,24,0.488281,0.636719,0.035156,0.179688
cate7-00076,cate7,42,25,0.456055,0.631836,0.033203,0.193359
cate7-00076,cate7,43,26,0.416992,0.653320,0.060547,0.255859
cate7-00076,cate7,44,27,0.383789,0.636719,0.056641,0.226562
cate7-00076,cate7,45,28,0.344727,0.617188,0.072266,0.218750
cate7-00076,cate7,46,29,0.291992,0.596680,0.107422,0.224609
cate7-00076,cate7,47,30,0.225586,0.551758,0.115234,0.216797
cate7-00076,cate7,48,31,0.174805,0.492188,0.087891,0.164062
cate7-00080,cate7,11,0,0.493164,0.416016,0.044922,0.250000
cate7-00080,cate7,12,1,0.458008,0.410156,0.037109,0.250000
cate7-00080,cate7,13,2,0.423828,0.406250,0.042969,0.250000
cate7-00080,cate7,14,3,0.388672,0.395508,0.046875,0.240234
cate7-00080,cate7,15,4,0.353516,0.403320,0.058594,0.212891
cate7-00080,cate7,16,5,0.306641,0.408203,0.066406,0.187500
cate7-00080,cate7,17,6,0.256836,0.383789,0.060547,0.201172
cate7-00080,cate7,21,8,0.531250,0.416992,0.042969,0.248047
cate7-00080,cate7,22,9,0.564453,0.414062,0.035156,0.234375
cate7-00080,cate7,23,10,0.596680,0.381836,0.048828,0.287109
cate7-00080,cate7,24,11,0.631836,0.415039,0.041016,0.201172
cate7-00080,cate7,25,12,0.665039,0.388672,0.041016,0.238281
cate7-00080,cate7,26,13,0.707031,0.391602,0.058594,0.205078
cate7-00080,cate7,27,14,0.753906,0.370117,0.050781,0.205078
cate7-00080,cate7,31,16,0.517578,0.627930,0.031250,0.150391
cate7-00080,cate7,32,17,0.543945,0.645508,0.029297,0.162109
cate7-00080,cate7,33,18,0.577148,0.677734,0.048828,0.230469
cate7-00080,cate7,34,19,0.614258,0.663086,0.044922,0.205078
cate7-00080,cate7,35,20,0.649414,0.659180,0.052734,0.208984
cate7-00080,cate7,36,21,0.702148,0.626953,0.091797,0.199219
cate7-00080,cate7,37,22,0.756836,0.601562,0.099609,0.207031
cate7-00080,cate7,41,24,0.494141,0.632812,0.035156,0.148438
cate7-00080,cate7,42,25,0.465820,0.636719,0.048828,0.167969
cate7-00080,cate7,43,26,0.439453,0.666016,0.042969,0.210938
cate7-00080,cate7,44,27,0.397461,0.658203,0.044922,0.179688
cate7-00080,cate7,45,28,0.356445,0.657227,0.087891,0.251953
cate7-00080,cate7,46,29,0.310547,0.637695,0.125000,0.220703
cate7-00080,cate7,47,30,0.249023,0.611328,0.095703,0.214844
cate7-00083,cate7,11,0,0.463867,0.533203,0.044922,0.183594
cate7-00083,cate7,12,1,0.429688,0.537109,0.039062,0.191406
cate7-00083,cate7,13,2,0.396484,0.532227,0.039062,0.205078
cate7-00083,cate7,14,3,0.367188,0.533203,0.054688,0.191406
cate7-00083,cate7,15,4,0.344727,0.532227,0.060547,0.181641
cate7-00083,cate7,16,5,0.291016,0.510742,0.070312,0.189453
cate7-00083,cate7,17,6,0.231445,0.498047,0.060547,0.214844
cate7-00083,cate7,18,7,0.179688,0.500000,0.062500,0.187500
cate7-00083,cate7,21,8,0.504883,0.539062,0.041016,0.164062
cate7-00083,cate7,22,9,0.542969,0.535156,0.031250,0.179688
cate7-00083,cate7,23,10,0.570312,0.531250,0.050781,0.187500
cate7-00083,cate7,24,11,0.604492,0.518555,0.044922,0.208984
cate7-00083,cate7,25,12,0.637695,0.520508,0.037109,0.189453
cate7-00083,cate7,26,13,0.675781,0.513672,0.058594,0.183594
cate7-00083,cate7,27,14,0.730469,0.502930,0.058594,0.189453
cate7-00083,cate7,28,15,0.770508,0.477539,0.064453,0.197266
cate7-00083,cate7,31,16,0.500977,0.712891,0.029297,0.121094
cate7-00083,cate7,32,17,0.524414,0.708984,0.037109,0.121094
cate7-00083,cate7,33,18,0.553711,0.712891,0.037109,0.144531
cate7-00083,cate7,34,19,0.588867,0.726562,0.041016,0.183594
cate7-00083,cate7,35,20,0.706055,0.701172,0.041016,0.167969
cate7-00083,cate7,36,21,0.766602,0.671875,0.091797,0.164062
cate7-00083,cate7,41,24,0.476562,0.726562,0.031250,0.152344
cate7-00083,cate7,42,25,0.451172,0.714844,0.031250,0.136719
cate7-00083,cate7,43,26,0.429688,0.718750,0.039062,0.171875
cate7-00083,cate7,44,27,0.392578,0.738281,0.042969,0.203125
cate7-00083,cate7,45,28,0.278320,0.724609,0.052734,0.195312
cate7-00083,cate7,46,29,0.213867,0.699219,0.095703,0.171875
cate7-00086,cate7,11,0,0.504883,0.433594,0.041016,0.222656
cate7-00086,cate7,12,1,0.467773,0.429688,0.037109,0.210938
cate7-00086,cate7,13,2,0.426758,0.424805,0.056641,0.216797
cate7-00086,cate7,14,3,0.396484,0.409180,0.062500,0.220703
cate7-00086,cate7,15,4,0.353516,0.398438,0.046875,0.218750
cate7-00086,cate7,16,5,0.291992,0.401367,0.076172,0.232422
cate7-00086,cate7,17,6,0.232422,0.382812,0.066406,0.210938
cate7-00086,cate7,21,8,0.547852,0.444336,0.044922,0.212891
cate7-00086,cate7,22,9,0.585938,0.449219,0.031250,0.191406
cate7-00086,cate7,23,10,0.629883,0.428711,0.041016,0.216797
cate7-00086,cate7,26,13,0.730469,0.422852,0.070312,0.208984
cate7-00086,cate7,27,14,0.791016,0.432617,0.058594,0.189453
cate7-00086,cate7,28,15,0.829102,0.412109,0.044922,0.148438
cate7-00086,cate7,31,16,0.528320,0.634766,0.033203,0.164062
cate7-00086,cate7,32,17,0.558594,0.644531,0.031250,0.175781
cate7-00086,cate7,33,18,0.592773,0.656250,0.037109,0.203125
cate7-00086,cate7,34,19,0.628906,0.664062,0.042969,0.210938
cate7-00086,cate7,35,20,0.664062,0.660156,0.042969,0.222656
cate7-00086,cate7,36,21,0.719727,0.662109,0.087891,0.222656
cate7-00086,cate7,38,23,0.813477,0.611328,0.095703,0.167969
cate7-00086,cate7,41,24,0.506836,0.640625,0.037109,0.167969
cate7-00086,cate7,42,25,0.485352,0.647461,0.056641,0.169922
cate7-00086,cate7,43,26,0.439453,0.661133,0.039062,0.185547
cate7-00086,cate7,45,28,0.373047,0.675781,0.062500,0.214844
cate7-00086,cate7,47,30,0.242188,0.627930,0.128906,0.208984
cate7-00086,cate7,48,31,0.199219,0.577148,0.078125,0.185547
cate7-00090,cate7,11,0,0.495117,0.380859,0.044922,0.238281
cate7-00090,cate7,12,1,0.461914,0.374023,0.041016,0.251953
cate7-00090,cate7,15,4,0.357422,0.337891,0.054688,0.246094
cate7-00090,cate7,17,6,0.269531,0.345703,0.062500,0.242188
cate7-00090,cate7,18,7,0.198242,0.334961,0.072266,0.205078
cate7-00090,cate7,21,8,0.533203,0.361328,0.042969,0.285156
cate7-00090,cate7,22,9,0.567383,0.362305,0.052734,0.267578
cate7-00090,cate7,23,10,0.601562,0.348633,0.042969,0.287109
cate7-00090,cate7,24,11,0.635742,0.346680,0.041016,0.263672
cate7-00090,cate7,25,12,0.670898,0.340820,0.044922,0.259766
cate7-00090,cate7,27,14,0.762695,0.330078,0.064453,0.234375
cate7-00090,cate7,28,15,0.816406,0.332031,0.066406,0.199219
cate7-00090,cate7,31,16,0.520508,0.596680,0.029297,0.201172
cate7-00090,cate7,32,17,0.545898,0.609375,0.033203,0.207031
cate7-00090,cate7,33,18,0.576172,0.626953,0.039062,0.257812
cate7-00090,cate7,34,19,0.635742,0.612305,0.044922,0.240234
cate7-00090,cate7,35,20,0.674805,0.605469,0.052734,0.242188
cate7-00090,cate7,36,21,0.754883,0.572266,0.107422,0.214844
cate7-00090,cate7,37,22,0.802734,0.521484,0.085938,0.179688
cate7-00090,cate7,41,24,0.495117,0.606445,0.033203,0.212891
cate7-00090,cate7,42,25,0.468750,0.608398,0.031250,0.216797
cate7-00090,cate7,43,26,0.440430,0.607422,0.033203,0.246094
cate7-00090,cate7,44,27,0.404297,0.600586,0.042969,0.236328
cate7-00090,cate7,45,28,0.371094,0.595703,0.050781,0.253906
cate7-00092,cate7,11,0,0.491211,0.515625,0.044922,0.195312
cate7-00092,cate7,12,1,0.456055,0.498047,0.029297,0.218750
cate7-00092,cate7,13,2,0.427734,0.492188,0.042969,0.207031
cate7-00092,cate7,14,3,0.392578,0.480469,0.046875,0.210938
cate7-00092,cate7,15,4,0.355469,0.466797,0.066406,0.210938
cate7-00092,cate7,16,5,0.318359,0.451172,0.070312,0.183594
cate7-00092,cate7,17,6,0.269531,0.422852,0.082031,0.185547
cate7-00092,cate7,18,7,0.251953,0.353516,0.085938,0.140625
cate7-00092,cate7,21,8,0.528320,0.514648,0.052734,0.205078
cate7-00092,cate7,22,9,0.567383,0.508789,0.037109,0.177734
cate7-00092,cate7,23,10,0.594727,0.482422,0.048828,0.226562
cate7-00092,cate7,24,11,0.627930,0.471680,0.041016,0.208984
cate7-00092,cate7,25,12,0.657227,0.467773,0.041016,0.189453
cate7-00092,cate7,26,13,0.700195,0.432617,0.056641,0.212891
cate7-00092,cate7,27,14,0.739258,0.417969,0.068359,0.156250
cate7-00092,cate7,28,15,0.763672,0.340820,0.058594,0.111328
cate7-00092,cate7,31,16,0.521484,0.692383,0.035156,0.123047
cate7-00092,cate7,32,17,0.545898,0.699219,0.033203,0.144531
cate7-00092,cate7,33,18,0.580078,0.704102,0.042969,0.193359
cate7-00092,cate7,34,19,0.618164,0.693359,0.056641,0.183594
cate7-00092,cate7,35,20,0.658203,0.677734,0.070312,0.179688
cate7-00092,cate7,36,21,0.703125,0.646484,0.109375,0.195312
cate7-00092,cate7,37,22,0.752930,0.590820,0.095703,0.169922
cate7-00092,cate7,38,23,0.815430,0.553711,0.091797,0.138672
cate7-00092,cate7,41,24,0.494141,0.692383,0.031250,0.123047
cate7-00092,cate7,42,25,0.464844,0.704102,0.042969,0.154297
cate7-00092,cate7,43,26,0.434570,0.700195,0.041016,0.173828
cate7-00092,cate7,44,27,0.399414,0.686523,0.052734,0.166016
cate7-00092,cate7,45,28,0.354492,0.683594,0.064453,0.179688
cate7-00092,cate7,47,30,0.252930,0.612305,0.111328,0.181641
cate7-00092,cate7,48,31,0.183594,0.553711,0.109375,0.130859
cate7-00097,cate7,11,0,0.477539,0.430664,0.041016,0.244141
cate7-00097,cate7,12,1,0.443359,0.419922,0.042969,0.253906
cate7-00097,cate7,13,2,0.409180,0.393555,0.044922,0.298828
cate7-00097,cate7,14,3,0.376953,0.416016,0.050781,0.218750
cate7-00097,cate7,16,5,0.339844,0.388672,0.070312,0.234375
cate7-00097,cate7,17,6,0.281250,0.382812,0.058594,0.195312
cate7-00097,cate7,18,7,0.233398,0.348633,0.048828,0.185547
cate7-00097,cate7,21,8,0.525391,0.431641,0.042969,0.246094
cate7-00097,cate7,22,9,0.560547,0.428711,0.031250,0.240234
cate7-00097,cate7,23,10,0.593750,0.413086,0.039062,0.283203
cate7-00097,cate7,24,11,0.623047,0.419922,0.054688,0.226562
cate7-00097,cate7,26,13,0.675781,0.407227,0.070312,0.220703
cate7-00097,cate7,27,14,0.732422,0.380859,0.050781,0.210938
cate7-00097,cate7,28,15,0.779297,0.348633,0.046875,0.201172
cate7-00097,cate7,31,16,0.503906,0.665039,0.027344,0.193359
cate7-00097,cate7,32,17,0.530273,0.666016,0.029297,0.183594
cate7-00097,cate7,33,18,0.582031,0.673828,0.085938,0.226562
cate7-00097,cate7,34,19,0.610352,0.665039,0.060547,0.208984
cate7-00097,cate7,35,20,0.656250,0.665039,0.070312,0.216797
cate7-00097,cate7,37,22,0.738281,0.615234,0.113281,0.199219
cate7-00097,cate7,38,23,0.788086,0.543945,0.099609,0.162109
cate7-00097,cate7,41,24,0.476562,0.668945,0.035156,0.201172
cate7-00097,cate7,42,25,0.437500,0.668945,0.042969,0.216797
cate7-00097,cate7,43,26,0.405273,0.665039,0.056641,0.228516
cate7-00097,cate7,44,27,0.367188,0.648438,0.054688,0.214844
cate7-00097,cate7,46,29,0.278320,0.608398,0.115234,0.201172
cate7-00097,cate7,47,30,0.224609,0.553711,0.105469,0.185547
cate7-00098,cate7,11,0,0.487305,0.405273,0.044922,0.240234
cate7-00098,cate7,12,1,0.450195,0.397461,0.037109,0.240234
cate7-00098,cate7,13,2,0.411133,0.382812,0.056641,0.265625
cate7-00098,cate7,14,3,0.384766,0.403320,0.070312,0.232422
cate7-00098,cate7,15,4,0.345703,0.404297,0.066406,0.218750
cate7-00098,cate7,16,5,0.289062,0.403320,0.066406,0.216797
cate7-00098,cate7,17,6,0.226562,0.405273,0.062500,0.177734
cate7-00098,cate7,21,8,0.530273,0.404297,0.044922,0.242188
cate7-00098,cate7,22,9,0.563477,0.402344,0.037109,0.234375
cate7-00098,cate7,23,10,0.603516,0.379883,0.054688,0.271484
cate7-00098,cate7,24,11,0.641602,0.402344,0.044922,0.218750
cate7-00098,cate7,25,12,0.675781,0.395508,0.039062,0.228516
cate7-00098,cate7,26,13,0.720703,0.379883,0.066406,0.240234
cate7-00098,cate7,27,14,0.779297,0.378906,0.062500,0.207031
cate7-00098,cate7,28,15,0.820312,0.318359,0.062500,0.167969
cate7-00098,cate7,31,16,0.504883,0.635742,0.029297,0.193359
cate7-00098,cate7,32,17,0.531250,0.633789,0.035156,0.197266
cate7-00098,cate7,33,18,0.564453,0.649414,0.042969,0.232422
cate7-00098,cate7,34,19,0.598633,0.661133,0.041016,0.228516
cate7-00098,cate7,35,20,0.633789,0.649414,0.052734,0.216797
cate7-00098,cate7,37,22,0.735352,0.627930,0.111328,0.212891
cate7-00098,cate7,38,23,0.787109,0.571289,0.093750,0.173828
cate7-00098,cate7,41,24,0.481445,0.640625,0.033203,0.207031
cate7-00098,cate7,42,25,0.454102,0.632812,0.037109,0.187500
cate7-00098,cate7,43,26,0.422852,0.659180,0.048828,0.216797
cate7-00098,cate7,44,27,0.392578,0.673828,0.050781,0.222656
cate7-00098,cate7,45,28,0.359375,0.666992,0.046875,0.220703
cate7-00098,cate7,46,29,0.306641,0.651367,0.082031,0.220703
cate7-00098,cate7,47,30,0.250000,0.633789,0.089844,0.205078
cate7-00098,cate7,48,31,0.192383,0.588867,0.080078,0.181641
cate7-00105,cate7,11,0,0.486328,0.391602,0.050781,0.291016
cate7-00105,cate7,12,1,0.449219,0.399414,0.050781,0.255859
cate7-00105,cate7,13,2,0.413086,0.368164,0.056641,0.283203
cate7-00105,cate7,15,4,0.364258,0.374023,0.052734,0.232422
cate7-00105,cate7,16,5,0.314453,0.376953,0.070312,0.222656
cate7-00105,cate7,17,6,0.250977,0.371094,0.056641,0.214844
cate7-00105,cate7,18,7,0.201172,0.367188,0.070312,0.199219
cate7-00105,cate7,21,8,0.533203,0.394531,0.050781,0.281250
cate7-00105,cate7,22,9,0.568359,0.399414,0.046875,0.259766
cate7-00105,cate7,23,10,0.609375,0.357422,0.046875,0.296875
cate7-00105,cate7,25,12,0.648438,0.372070,0.042969,0.236328
cate7-00105,cate7,26,13,0.701172,0.375977,0.066406,0.208984
cate7-00105,cate7,27,14,0.757812,0.369141,0.054688,0.207031
cate7-00105,cate7,28,15,0.809570,0.359375,0.076172,0.175781
cate7-00105,cate7,31,16,0.509766,0.649414,0.035156,0.189453
cate7-00105,cate7,32,17,0.543945,0.659180,0.037109,0.193359
cate7-00105,cate7,33,18,0.590820,0.672852,0.044922,0.224609
cate7-00105,cate7,35,20,0.650391,0.669922,0.089844,0.234375
cate7-00105,cate7,36,21,0.716797,0.635742,0.125000,0.236328
cate7-00105,cate7,37,22,0.774414,0.608398,0.099609,0.236328
cate7-00105,cate7,38,23,0.854492,0.557617,0.115234,0.134766
cate7-00105,cate7,41,24,0.476562,0.647461,0.035156,0.185547
cate7-00105,cate7,42,25,0.443359,0.654297,0.035156,0.199219
cate7-00105,cate7,43,26,0.401367,0.669922,0.041016,0.238281
cate7-00105,cate7,45,28,0.341797,0.666016,0.109375,0.253906
cate7-00105,cate7,46,29,0.285156,0.638672,0.121094,0.238281
cate7-00105,cate7,47,30,0.227539,0.607422,0.095703,0.226562
cate7-00105,cate7,48,31,0.145508,0.541992,0.115234,0.134766
cate7-00110,cate7,11,0,0.497070,0.345703,0.060547,0.218750
cate7-00110,cate7,12,1,0.455078,0.340820,0.062500,0.212891
cate7-00110,cate7,13,2,0.449219,0.248047,0.082031,0.246094
cate7-00110,cate7,14,3,0.404297,0.334961,0.062500,0.208984
cate7-00110,cate7,15,4,0.354492,0.337891,0.056641,0.214844
cate7-00110,cate7,16,5,0.297852,0.313477,0.080078,0.232422
cate7-00110,cate7,17,6,0.246094,0.289062,0.082031,0.214844
cate7-00110,cate7,18,7,0.211914,0.198242,0.060547,0.162109
cate7-00110,cate7,21,8,0.537109,0.349609,0.046875,0.218750
cate7-00110,cate7,22,9,0.580078,0.354492,0.039062,0.216797
cate7-00110,cate7,23,10,0.622070,0.352539,0.048828,0.232422
cate7-00110,cate7,24,11,0.661133,0.370117,0.044922,0.201172
cate7-00110,cate7,25,12,0.698242,0.367188,0.044922,0.203125
cate7-00110,cate7,26,13,0.750000,0.354492,0.074219,0.193359
cate7-00110,cate7,27,14,0.787109,0.315430,0.082031,0.181641
cate7-00110,cate7,28,15,0.829102,0.255859,0.048828,0.085938
cate7-00110,cate7,31,16,0.535156,0.571289,0.035156,0.162109
cate7-00110,cate7,32,17,0.562500,0.560547,0.042969,0.199219
cate7-00110,cate7,33,18,0.588867,0.602539,0.037109,0.240234
cate7-00110,cate7,34,19,0.630859,0.588867,0.054688,0.216797
cate7-00110,cate7,35,20,0.675781,0.588867,0.054688,0.193359
cate7-00110,cate7,36,21,0.731445,0.593750,0.087891,0.226562
cate7-00110,cate7,37,22,0.793945,0.558594,0.080078,0.222656
cate7-00110,cate7,38,23,0.863281,0.541016,0.093750,0.136719
cate7-00110,cate7,41,24,0.522461,0.568359,0.033203,0.203125
cate7-00110,cate7,42,25,0.494141,0.585938,0.042969,0.207031
cate7-00110,cate7,43,26,0.463867,0.606445,0.041016,0.255859
cate7-00110,cate7,44,27,0.423828,0.586914,0.054688,0.220703
cate7-00110,cate7,45,28,0.374023,0.582031,0.064453,0.238281
cate7-00110,cate7,46,29,0.306641,0.572266,0.101562,0.238281
cate7-00110,cate7,47,30,0.233398,0.532227,0.083984,0.240234
cate7-00110,cate7,48,31,0.171875,0.514648,0.089844,0.154297
cate7-00112,cate7,11,0,0.500000,0.486328,0.046875,0.160156
cate7-00112,cate7,12,1,0.467773,0.485352,0.060547,0.166016
cate7-00112,cate7,13,2,0.417969,0.469727,0.050781,0.212891
cate7-00112,cate7,14,3,0.377930,0.475586,0.048828,0.205078
cate7-00112,cate7,16,5,0.324219,0.489258,0.066406,0.173828
cate7-00112,cate7,17,6,0.264648,0.481445,0.060547,0.177734
cate7-00112,cate7,18,7,0.225586,0.419922,0.072266,0.148438
cate7-00112,cate7,21,8,0.541992,0.491211,0.048828,0.166016
cate7-00112,cate7,22,9,0.581055,0.498047,0.033203,0.167969
cate7-00112,cate7,23,10,0.617188,0.501953,0.042969,0.183594
cate7-00112,cate7,24,11,0.655273,0.508789,0.033203,0.158203
cate7-00112,cate7,25,12,0.682617,0.509766,0.041016,0.160156
cate7-00112,cate7,26,13,0.728516,0.495117,0.062500,0.185547
cate7-00112,cate7,27,14,0.777344,0.485352,0.058594,0.166016
cate7-00112,cate7,28,15,0.803711,0.405273,0.072266,0.146484
cate7-00112,cate7,31,16,0.539062,0.678711,0.027344,0.166016
cate7-00112,cate7,32,17,0.568359,0.682617,0.031250,0.173828
cate7-00112,cate7,33,18,0.600586,0.695312,0.037109,0.210938
cate7-00112,cate7,34,19,0.635742,0.690430,0.041016,0.189453
cate7-00112,cate7,35,20,0.669922,0.685547,0.042969,0.187500
cate7-00112,cate7,37,22,0.771484,0.649414,0.082031,0.177734
cate7-00112,cate7,38,23,0.831055,0.625000,0.068359,0.121094
cate7-00112,cate7,41,24,0.514648,0.677734,0.033203,0.171875
cate7-00112,cate7,42,25,0.483398,0.677734,0.029297,0.175781
cate7-00112,cate7,43,26,0.446289,0.684570,0.041016,0.208984
cate7-00112,cate7,45,28,0.374023,0.673828,0.056641,0.187500
cate7-00112,cate7,46,29,0.315430,0.667969,0.083984,0.187500
cate7-00112,cate7,47,30,0.248047,0.650391,0.074219,0.179688
cate7-00112,cate7,48,31,0.184570,0.640625,0.080078,0.125000
cate8-00001,cate8,11,0,0.494141,0.453125,0.050781,0.218750
cate8-00001,cate8,12,1,0.454102,0.440430,0.044922,0.205078
cate8-00001,cate8,13,2,0.410156,0.410156,0.046875,0.269531
cate8-00001,cate8,14,3,0.376953,0.426758,0.042969,0.216797
cate8-00001,cate8,15,4,0.340820,0.426758,0.041016,0.212891
cate8-00001,cate8,16,5,0.291016,0.405273,0.058594,0.224609
cate8-00001,cate8,17,6,0.244141,0.378906,0.070312,0.214844
cate8-00001,cate8,18,7,0.210938,0.325195,0.054688,0.138672
cate8-00001,cate8,21,8,0.532227,0.458984,0.041016,0.214844
cate8-00001,cate8,22,9,0.568359,0.447266,0.031250,0.199219
cate8-00001,cate8,23,10,0.609375,0.424805,0.054688,0.263672
cate8-00001,cate8,24,11,0.642578,0.422852,0.046875,0.248047
cate8-00001,cate8,25,12,0.676758,0.424805,0.037109,0.248047
cate8-00001,cate8,26,13,0.721680,0.414062,0.056641,0.234375
cate8-00001,cate8,27,14,0.768555,0.388672,0.064453,0.199219
cate8-00001,cate8,28,15,0.804688,0.367188,0.058594,0.148438
cate8-00001,cate8,31,16,0.519531,0.680664,0.027344,0.189453
cate8-00001,cate8,32,17,0.554688,0.687500,0.046875,0.207031
cate8-00001,cate8,33,18,0.592773,0.689453,0.068359,0.250000
cate8-00001,cate8,34,19,0.622070,0.677734,0.052734,0.218750
cate8-00001,cate8,35,20,0.662109,0.662109,0.062500,0.214844
cate8-00001,cate8,37,22,0.786133,0.608398,0.111328,0.189453
cate8-00001,cate8,38,23,0.843750,0.568359,0.089844,0.125000
cate8-00001,cate8,41,24,0.494141,0.679688,0.027344,0.191406
cate8-00001,cate8,42,25,0.463867,0.676758,0.029297,0.197266
cate8-00001,cate8,43,26,0.427734,0.682617,0.042969,0.255859
cate8-00001,cate8,44,27,0.389648,0.665039,0.044922,0.232422
cate8-00001,cate8,45,28,0.348633,0.654297,0.060547,0.226562
cate8-00001,cate8,47,30,0.237305,0.605469,0.115234,0.187500
cate8-00001,cate8,48,31,0.186523,0.556641,0.095703,0.167969
cate8-00005,cate8,11,0,0.500000,0.420898,0.050781,0.294922
cate8-00005,cate8,12,1,0.476562,0.409180,0.070312,0.291016
cate8-00005,cate8,13,2,0.416016,0.414062,0.046875,0.281250
cate8-00005,cate8,14,3,0.371094,0.437500,0.050781,0.214844
cate8-00005,cate8,15,4,0.327148,0.420898,0.048828,0.220703
cate8-00005,cate8,16,5,0.272461,0.439453,0.068359,0.179688
cate8-00005,cate8,17,6,0.219727,0.389648,0.080078,0.201172
cate8-00005,cate8,18,7,0.180664,0.336914,0.072266,0.138672
cate8-00005,cate8,21,8,0.539062,0.442383,0.054688,0.271484
cate8-00005,cate8,22,9,0.580078,0.451172,0.050781,0.261719
cate8-00005,cate8,23,10,0.617188,0.456055,0.050781,0.248047
cate8-00005,cate8,24,11,0.657227,0.459961,0.044922,0.212891
cate8-00005,cate8,25,12,0.698242,0.458008,0.044922,0.201172
cate8-00005,cate8,26,13,0.750000,0.456055,0.066406,0.201172
cate8-00005,cate8,27,14,0.803711,0.422852,0.072266,0.193359
cate8-00005,cate8,28,15,0.837891,0.366211,0.078125,0.146484
cate8-00005,cate8,31,16,0.525391,0.698242,0.023438,0.154297
cate8-00005,cate8,32,17,0.557617,0.688477,0.037109,0.177734
cate8-00005,cate8,33,18,0.590820,0.712891,0.037109,0.238281
cate8-00005,cate8,34,19,0.630859,0.703125,0.050781,0.218750
cate8-00005,cate8,35,20,0.678711,0.690430,0.052734,0.220703
cate8-00005,cate8,38,23,0.837891,0.590820,0.105469,0.126953
cate8-00005,cate8,41,24,0.496094,0.691406,0.035156,0.199219
cate8-00005,cate8,42,25,0.468750,0.700195,0.042969,0.216797
cate8-00005,cate8,43,26,0.420898,0.706055,0.056641,0.259766
cate8-00005,cate8,44,27,0.382812,0.693359,0.066406,0.238281
cate8-00005,cate8,45,28,0.336914,0.669922,0.064453,0.207031
cate8-00005,cate8,47,30,0.223633,0.611328,0.103516,0.199219
cate8-00005,cate8,48,31,0.159180,0.570312,0.087891,0.164062
cate8-00008,cate8,11,0,0.467773,0.444336,0.048828,0.212891
cate8-00008,cate8,12,1,0.445312,0.430664,0.039062,0.185547
cate8-00008,cate8,13,2,0.423828,0.384766,0.039062,0.207031
cate8-00008,cate8,14,3,0.399414,0.427734,0.044922,0.175781
cate8-00008,cate8,15,4,0.368164,0.423828,0.041016,0.199219
cate8-00008,cate8,16,5,0.326172,0.422852,0.054688,0.208984
cate8-00008,cate8,17,6,0.276367,0.430664,0.048828,0.150391
cate8-00008,cate8,21,8,0.504883,0.444336,0.041016,0.224609
cate8-00008,cate8,22,9,0.537109,0.437500,0.039062,0.187500
cate8-00008,cate8,23,10,0.567383,0.416992,0.048828,0.224609
cate8-00008,cate8,24,11,0.605469,0.416016,0.042969,0.195312
cate8-00008,cate8,25,12,0.642578,0.414062,0.042969,0.191406
cate8-00008,cate8,26,13,0.688477,0.415039,0.060547,0.197266
cate8-00008,cate8,27,14,0.737305,0.399414,0.052734,0.177734
cate8-00008,cate8,31,16,0.527344,0.653320,0.031250,0.158203
cate8-00008,cate8,32,17,0.547852,0.651367,0.029297,0.162109
cate8-00008,cate8,33,18,0.581055,0.670898,0.044922,0.220703
cate8-00008,cate8,34,19,0.614258,0.669922,0.041016,0.207031
cate8-00008,cate8,35,20,0.646484,0.680664,0.042969,0.208984
cate8-00008,cate8,36,21,0.706055,0.661133,0.091797,0.201172
cate8-00008,cate8,37,22,0.759766,0.602539,0.085938,0.177734
cate8-00008,cate8,41,24,0.499023,0.655273,0.025391,0.177734
cate8-00008,cate8,42,25,0.473633,0.655273,0.037109,0.177734
cate8-00008,cate8,43,26,0.446289,0.671875,0.048828,0.210938
cate8-00008,cate8,44,27,0.403320,0.686523,0.037109,0.224609
cate8-00008,cate8,45,28,0.362305,0.691406,0.041016,0.210938
cate8-00008,cate8,46,29,0.289062,0.631836,0.101562,0.166016
cate8-00011,cate8,11,0,0.464844,0.378906,0.042969,0.230469
cate8-00011,cate8,12,1,0.423828,0.372070,0.042969,0.232422
cate8-00011,cate8,13,2,0.382812,0.357422,0.042969,0.257812
cate8-00011,cate8,14,3,0.350586,0.361328,0.044922,0.246094
cate8-00011,cate8,15,4,0.310547,0.364258,0.042969,0.228516
cate8-00011,cate8,16,5,0.264648,0.376953,0.052734,0.171875
cate8-00011,cate8,17,6,0.212891,0.328125,0.070312,0.214844
cate8-00011,cate8,18,7,0.162109,0.300781,0.074219,0.191406
cate8-00011,cate8,21,8,0.512695,0.371094,0.048828,0.238281
cate8-00011,cate8,22,9,0.556641,0.372070,0.039062,0.236328
cate8-00011,cate8,23,10,0.596680,0.364258,0.041016,0.248047
cate8-00011,cate8,24,11,0.628906,0.363281,0.042969,0.250000
cate8-00011,cate8,25,12,0.669922,0.361328,0.039062,0.238281
cate8-00011,cate8,26,13,0.716797,0.380859,0.062500,0.191406
cate8-00011,cate8,27,14,0.774414,0.353516,0.064453,0.179688
cate8-00011,cate8,28,15,0.820312,0.308594,0.070312,0.183594
cate8-00011,cate8,31,16,0.500977,0.591797,0.037109,0.207031
cate8-00011,cate8,32,17,0.539062,0.598633,0.035156,0.189453
cate8-00011,cate8,33,18,0.576172,0.609375,0.042969,0.218750
cate8-00011,cate8,34,19,0.617188,0.598633,0.042969,0.216797
cate8-00011,cate8,35,20,0.660156,0.595703,0.046875,0.222656
cate8-00011,cate8,37,22,0.774414,0.550781,0.111328,0.207031
cate8-00011,cate8,38,23,0.832031,0.496094,0.109375,0.187500
cate8-00011,cate8,41,24,0.472656,0.607422,0.031250,0.187500
cate8-00011,cate8,42,25,0.433594,0.602539,0.031250,0.189453
cate8-00011,cate8,43,26,0.395508,0.612305,0.041016,0.240234
cate8-00011,cate8,44,27,0.355469,0.596680,0.039062,0.232422
cate8-00011,cate8,45,28,0.316406,0.606445,0.042969,0.244141
cate8-00011,cate8,47,30,0.228516,0.548828,0.097656,0.203125
cate8-00011,cate8,48,31,0.166992,0.497070,0.099609,0.185547
cate8-00015,cate8,11,0,0.481445,0.477539,0.037109,0.228516
cate8-00015,cate8,12,1,0.451172,0.480469,0.031250,0.218750
cate8-00015,cate8,13,2,0.415039,0.463867,0.037109,0.263672
cate8-00015,cate8,14,3,0.379883,0.465820,0.037109,0.236328
cate8-00015,cate8,16,5,0.314453,0.478516,0.058594,0.175781
cate8-00015,cate8,17,6,0.263672,0.445312,0.062500,0.191406
cate8-00015,cate8,21,8,0.521484,0.474609,0.039062,0.242188
cate8-00015,cate8,22,9,0.553711,0.483398,0.029297,0.224609
cate8-00015,cate8,23,10,0.590820,0.448242,0.041016,0.306641
cate8-00015,cate8,24,11,0.623047,0.466797,0.046875,0.222656
cate8-00015,cate8,25,12,0.662109,0.459961,0.039062,0.201172
cate8-00015,cate8,27,14,0.721680,0.447266,0.056641,0.183594
cate8-00015,cate8,28,15,0.769531,0.440430,0.031250,0.123047
cate8-00015,cate8,31,16,0.513672,0.702148,0.027344,0.142578
cate8-00015,cate8,32,17,0.541992,0.699219,0.033203,0.152344
cate8-00015,cate8,33,18,0.582031,0.712891,0.054688,0.199219
cate8-00015,cate8,34,19,0.620117,0.695312,0.056641,0.183594
cate8-00015,cate8,35,20,0.660156,0.679688,0.066406,0.199219
cate8-00015,cate8,36,21,0.717773,0.659180,0.099609,0.205078
cate8-00015,cate8,38,23,0.802734,0.581055,0.109375,0.142578
cate8-00015,cate8,41,24,0.484375,0.705078,0.035156,0.148438
cate8-00015,cate8,42,25,0.453125,0.715820,0.042969,0.169922
cate8-00015,cate8,43,26,0.403320,0.723633,0.076172,0.193359
cate8-00015,cate8,44,27,0.376953,0.701172,0.054688,0.167969
cate8-00015,cate8,45,28,0.342773,0.692383,0.064453,0.185547
cate8-00015,cate8,46,29,0.291016,0.672852,0.109375,0.197266
cate8-00015,cate8,47,30,0.229492,0.625000,0.103516,0.171875
cate8-00015,cate8,48,31,0.192383,0.562500,0.080078,0.164062
cate8-00017,cate8,11,0,0.478516,0.363281,0.042969,0.242188
cate8-00017,cate8,12,1,0.440430,0.357422,0.041016,0.210938
cate8-00017,cate8,13,2,0.404297,0.352539,0.042969,0.251953
cate8-00017,cate8,14,3,0.366211,0.366211,0.044922,0.212891
cate8-00017,cate8,15,4,0.332031,0.351562,0.046875,0.207031
cate8-00017,cate8,17,6,0.262695,0.333008,0.064453,0.197266
cate8-00017,cate8,18,7,0.223633,0.262695,0.064453,0.130859
cate8-00017,cate8,21,8,0.516602,0.362305,0.037109,0.240234
cate8-00017,cate8,22,9,0.556641,0.366211,0.039062,0.216797
cate8-00017,cate8,23,10,0.593750,0.361328,0.046875,0.234375
cate8-00017,cate8,24,11,0.633789,0.358398,0.044922,0.220703
cate8-00017,cate8,25,12,0.676758,0.352539,0.044922,0.228516
cate8-00017,cate8,27,14,0.763672,0.331055,0.066406,0.212891
cate8-00017,cate8,28,15,0.792969,0.245117,0.078125,0.130859
cate8-00017,cate8,31,16,0.523438,0.587891,0.031250,0.152344
cate8-00017,cate8,32,17,0.549805,0.596680,0.048828,0.181641
cate8-00017,cate8,33,18,0.590820,0.616211,0.044922,0.228516
cate8-00017,cate8,34,19,0.634766,0.613281,0.046875,0.222656
cate8-00017,cate8,35,20,0.683594,0.610352,0.054688,0.220703
cate8-00017,cate8,37,22,0.770508,0.564453,0.115234,0.164062
cate8-00017,cate8,38,23,0.840820,0.513672,0.091797,0.148438
cate8-00017,cate8,41,24,0.503906,0.585938,0.027344,0.140625
cate8-00017,cate8,42,25,0.478516,0.590820,0.031250,0.158203
cate8-00017,cate8,43,26,0.440430,0.610352,0.044922,0.216797
cate8-00017,cate8,44,27,0.391602,0.626953,0.056641,0.207031
cate8-00017,cate8,45,28,0.349609,0.608398,0.066406,0.208984
cate8-00017,cate8,46,29,0.299805,0.588867,0.080078,0.205078
cate8-00017,cate8,47,30,0.221680,0.540039,0.107422,0.189453
cate8-00017,cate8,48,31,0.161133,0.497070,0.076172,0.119141
cate8-00022,cate8,11,0,0.483398,0.389648,0.044922,0.283203
cate8-00022,cate8,12,1,0.451172,0.381836,0.046875,0.255859
cate8-00022,cate8,13,2,0.404297,0.355469,0.050781,0.308594
cate8-00022,cate8,14,3,0.367188,0.382812,0.046875,0.218750
cate8-00022,cate8,15,4,0.333984,0.369141,0.046875,0.195312
cate8-00022,cate8,16,5,0.279297,0.368164,0.066406,0.197266
cate8-00022,cate8,17,6,0.228516,0.331055,0.078125,0.208984
cate8-00022,cate8,18,7,0.208984,0.253906,0.078125,0.152344
cate8-00022,cate8,21,8,0.526367,0.402344,0.044922,0.253906
cate8-00022,cate8,22,9,0.568359,0.401367,0.039062,0.248047
cate8-00022,cate8,23,10,0.606445,0.390625,0.044922,0.289062
cate8-00022,cate8,24,11,0.646484,0.399414,0.046875,0.228516
cate8-00022,cate8,25,12,0.682617,0.395508,0.044922,0.216797
cate8-00022,cate8,26,13,0.732422,0.370117,0.062500,0.220703
cate8-00022,cate8,27,14,0.787109,0.356445,0.062500,0.185547
cate8-00022,cate8,28,15,0.804688,0.282227,0.070312,0.126953
cate8-00022,cate8,31,16,0.529297,0.636719,0.027344,0.167969
cate8-00022,cate8,32,17,0.555664,0.637695,0.033203,0.177734
cate8-00022,cate8,33,18,0.593750,0.667969,0.054688,0.214844
cate8-00022,cate8,34,19,0.624023,0.645508,0.056641,0.201172
cate8-00022,cate8,35,20,0.663086,0.644531,0.056641,0.199219
cate8-00022,cate8,36,21,0.714844,0.622070,0.082031,0.212891
cate8-00022,cate8,37,22,0.775391,0.594727,0.074219,0.205078
cate8-00022,cate8,38,23,0.845703,0.546875,0.093750,0.117188
cate8-00022,cate8,41,24,0.500000,0.630859,0.031250,0.160156
cate8-00022,cate8,42,25,0.476562,0.629883,0.035156,0.181641
cate8-00022,cate8,43,26,0.435547,0.652344,0.054688,0.214844
cate8-00022,cate8,44,27,0.406250,0.632812,0.054688,0.222656
cate8-00022,cate8,45,28,0.358398,0.630859,0.056641,0.226562
cate8-00022,cate8,47,30,0.241211,0.571289,0.115234,0.185547
cate8-00022,cate8,48,31,0.176758,0.522461,0.091797,0.146484
cate8-00023,cate8,11,0,0.493164,0.417969,0.044922,0.234375
cate8-00023,cate8,12,1,0.461914,0.412109,0.044922,0.210938
cate8-00023,cate8,13,2,0.420898,0.398438,0.037109,0.250000
cate8-00023,cate8,14,3,0.392578,0.401367,0.046875,0.201172
cate8-00023,cate8,15,4,0.358398,0.394531,0.044922,0.203125
cate8-00023,cate8,16,5,0.317383,0.394531,0.056641,0.167969
cate8-00023,cate8,17,6,0.272461,0.369141,0.060547,0.156250
cate8-00023,cate8,18,7,0.241211,0.273438,0.052734,0.152344
cate8-00023,cate8,21,8,0.529297,0.413086,0.035156,0.240234
cate8-00023,cate8,22,9,0.560547,0.416992,0.035156,0.201172
cate8-00023,cate8,23,10,0.594727,0.405273,0.037109,0.240234
cate8-00023,cate8,24,11,0.628906,0.404297,0.046875,0.214844
cate8-00023,cate8,25,12,0.659180,0.398438,0.041016,0.207031
cate8-00023,cate8,26,13,0.701172,0.411133,0.062500,0.181641
cate8-00023,cate8,27,14,0.748047,0.382812,0.058594,0.171875
cate8-00023,cate8,28,15,0.778320,0.292969,0.056641,0.140625
cate8-00023,cate8,31,16,0.514648,0.633789,0.021484,0.162109
cate8-00023,cate8,32,17,0.541992,0.651367,0.029297,0.189453
cate8-00023,cate8,33,18,0.571289,0.657227,0.033203,0.208984
cate8-00023,cate8,34,19,0.618164,0.654297,0.044922,0.207031
cate8-00023,cate8,35,20,0.661133,0.648438,0.060547,0.203125
cate8-00023,cate8,37,22,0.749023,0.595703,0.115234,0.171875
cate8-00023,cate8,38,23,0.795898,0.555664,0.091797,0.154297
cate8-00023,cate8,41,24,0.489258,0.630859,0.029297,0.160156
cate8-00023,cate8,42,25,0.460938,0.619141,0.031250,0.136719
cate8-00023,cate8,43,26,0.429688,0.644531,0.042969,0.195312
cate8-00023,cate8,44,27,0.383789,0.643555,0.044922,0.201172
cate8-00023,cate8,45,28,0.338867,0.628906,0.056641,0.191406
cate8-00023,cate8,47,30,0.246094,0.555664,0.117188,0.150391
cate8-00023,cate8,48,31,0.197266,0.506836,0.082031,0.134766
cate8-00029,cate8,11,0,0.502930,0.381836,0.037109,0.251953
cate8-00029,cate8,12,1,0.473633,0.361328,0.041016,0.246094
cate8-00029,cate8,13,2,0.437500,0.339844,0.050781,0.281250
cate8-00029,cate8,14,3,0.401367,0.345703,0.052734,0.218750
cate8-00029,cate8,15,4,0.361328,0.329102,0.074219,0.193359
cate8-00029,cate8,16,5,0.327148,0.301758,0.080078,0.212891
cate8-00029,cate8,17,6,0.281250,0.262695,0.078125,0.197266
cate8-00029,cate8,18,7,0.258789,0.182617,0.060547,0.115234
cate8-00029,cate8,21,8,0.541992,0.378906,0.041016,0.250000
cate8-00029,cate8,22,9,0.583008,0.368164,0.041016,0.251953
cate8-00029,cate8,23,10,0.618164,0.355469,0.041016,0.246094
cate8-00029,cate8,24,11,0.653320,0.349609,0.041016,0.230469
cate8-00029,cate8,27,14,0.726562,0.304688,0.074219,0.203125
cate8-00029,cate8,28,15,0.758789,0.234375,0.048828,0.152344
cate8-00029,cate8,31,16,0.527344,0.634766,0.027344,0.152344
cate8-00029,cate8,32,17,0.550781,0.649414,0.031250,0.185547
cate8-00029,cate8,33,18,0.583008,0.647461,0.037109,0.240234
cate8-00029,cate8,34,19,0.617188,0.641602,0.039062,0.212891
cate8-00029,cate8,35,20,0.650391,0.612305,0.046875,0.197266
cate8-00029,cate8,37,22,0.746094,0.543945,0.117188,0.177734
cate8-00029,cate8,38,23,0.797852,0.501953,0.095703,0.156250
cate8-00029,cate8,41,24,0.510742,0.634766,0.025391,0.191406
cate8-00029,cate8,42,25,0.487305,0.622070,0.037109,0.201172
cate8-00029,cate8,43,26,0.448242,0.644531,0.052734,0.222656
cate8-00029,cate8,44,27,0.418945,0.606445,0.052734,0.212891
cate8-00029,cate8,45,28,0.388672,0.579102,0.066406,0.201172
cate8-00029,cate8,47,30,0.271484,0.497070,0.125000,0.177734
cate8-00029,cate8,48,31,0.217773,0.449219,0.087891,0.144531
cate8-00030,cate8,11,0,0.474609,0.372070,0.042969,0.205078
cate8-00030,cate8,12,1,0.439453,0.364258,0.031250,0.220703
cate8-00030,cate8,13,2,0.401367,0.349609,0.041016,0.257812
cate8-00030,cate8,14,3,0.368164,0.363281,0.037109,0.203125
cate8-00030,cate8,15,4,0.333984,0.351562,0.039062,0.203125
cate8-00030,cate8,16,5,0.288086,0.329102,0.056641,0.212891
cate8-00030,cate8,17,6,0.235352,0.317383,0.052734,0.197266
cate8-00030,cate8,18,7,0.194336,0.300781,0.064453,0.156250
cate8-00030,cate8,21,8,0.521484,0.359375,0.042969,0.214844
cate8-00030,cate8,22,9,0.556641,0.361328,0.035156,0.218750
cate8-00030,cate8,23,10,0.593750,0.356445,0.042969,0.244141
cate8-00030,cate8,24,11,0.633789,0.342773,0.041016,0.228516
cate8-00030,cate8,25,12,0.668945,0.318359,0.029297,0.175781
cate8-00030,cate8,26,13,0.715820,0.336914,0.060547,0.173828
cate8-00030,cate8,27,14,0.773438,0.302734,0.054688,0.203125
cate8-00030,cate8,31,16,0.516602,0.579102,0.029297,0.146484
cate8-00030,cate8,32,17,0.551758,0.571289,0.037109,0.154297
cate8-00030,cate8,33,18,0.586914,0.573242,0.048828,0.201172
cate8-00030,cate8,34,19,0.623047,0.562500,0.050781,0.199219
cate8-00030,cate8,35,20,0.662109,0.545898,0.054688,0.212891
cate8-00030,cate8,36,21,0.723633,0.513672,0.083984,0.187500
cate8-00030,cate8,37,22,0.784180,0.494141,0.091797,0.191406
cate8-00030,cate8,41,24,0.482422,0.587891,0.031250,0.140625
cate8-00030,cate8,42,25,0.449219,0.579102,0.039062,0.158203
cate8-00030,cate8,43,26,0.409180,0.584961,0.048828,0.201172
cate8-00030,cate8,44,27,0.381836,0.552734,0.041016,0.175781
cate8-00030,cate8,45,28,0.340820,0.554688,0.041016,0.199219
cate8-00030,cate8,47,30,0.223633,0.501953,0.099609,0.195312
cate8-00030,cate8,48,31,0.163086,0.442383,0.103516,0.166016
cate8-00035,cate8,15,4,0.354492,0.466797,0.068359,0.207031
cate8-00035,cate8,17,6,0.260742,0.486328,0.048828,0.183594
cate8-00035,cate8,23,10,0.576172,0.498047,0.035156,0.203125
cate8-00035,cate8,27,14,0.710938,0.488281,0.066406,0.175781
cate8-00035,cate8,31,16,0.506836,0.665039,0.025391,0.197266
cate8-00035,cate8,32,17,0.531250,0.661133,0.027344,0.181641
cate8-00035,cate8,33,18,0.558594,0.665039,0.035156,0.193359
cate8-00035,cate8,41,24,0.480469,0.664062,0.027344,0.199219
cate8-00035,cate8,42,25,0.457031,0.657227,0.031250,0.197266
cate8-00035,cate8,43,26,0.424805,0.661133,0.033203,0.220703
cate8-00035,cate8,44,27,0.389648,0.644531,0.041016,0.187500
cate8-00037,cate8,11,0,0.504883,0.451172,0.044922,0.179688
cate8-00037,cate8,12,1,0.470703,0.452148,0.035156,0.177734
cate8-00037,cate8,13,2,0.428711,0.436523,0.052734,0.205078
cate8-00037,cate8,14,3,0.401367,0.427734,0.044922,0.175781
cate8-00037,cate8,15,4,0.362305,0.420898,0.033203,0.201172
cate8-00037,cate8,16,5,0.318359,0.433594,0.066406,0.195312
cate8-00037,cate8,17,6,0.269531,0.421875,0.062500,0.175781
cate8-00037,cate8,18,7,0.236328,0.333984,0.054688,0.117188
cate8-00037,cate8,21,8,0.548828,0.466797,0.050781,0.171875
cate8-00037,cate8,22,9,0.584961,0.438477,0.041016,0.205078
cate8-00037,cate8,23,10,0.621094,0.438477,0.039062,0.201172
cate8-00037,cate8,24,11,0.642578,0.432617,0.042969,0.173828
cate8-00037,cate8,26,13,0.717773,0.429688,0.052734,0.164062
cate8-00037,cate8,27,14,0.763672,0.396484,0.046875,0.191406
cate8-00037,cate8,28,15,0.804688,0.390625,0.050781,0.164062
cate8-00037,cate8,31,16,0.530273,0.666016,0.044922,0.167969
cate8-00037,cate8,32,17,0.549805,0.665039,0.041016,0.189453
cate8-00037,cate8,33,18,0.582031,0.672852,0.050781,0.201172
cate8-00037,cate8,34,19,0.614258,0.677734,0.044922,0.195312
cate8-00037,cate8,35,20,0.650391,0.672852,0.046875,0.185547
cate8-00037,cate8,36,21,0.706055,0.664062,0.080078,0.199219
cate8-00037,cate8,37,22,0.761719,0.647461,0.078125,0.205078
cate8-00037,cate8,38,23,0.812500,0.605469,0.070312,0.160156
cate8-00037,cate8,41,24,0.500977,0.656250,0.033203,0.152344
cate8-00037,cate8,42,25,0.469727,0.660156,0.033203,0.195312
cate8-00037,cate8,43,26,0.434570,0.666992,0.037109,0.205078
cate8-00037,cate8,44,27,0.393555,0.679688,0.041016,0.191406
cate8-00037,cate8,45,28,0.352539,0.678711,0.041016,0.181641
cate8-00037,cate8,47,30,0.261719,0.652344,0.089844,0.187500
cate8-00037,cate8,48,31,0.185547,0.640625,0.093750,0.125000
cate8-00041,cate8,11,0,0.495117,0.422852,0.048828,0.248047
cate8-00041,cate8,12,1,0.458984,0.402344,0.039062,0.261719
cate8-00041,cate8,13,2,0.416992,0.363281,0.048828,0.320312
cate8-00041,cate8,14,3,0.382812,0.384766,0.050781,0.261719
cate8-00041,cate8,15,4,0.342773,0.381836,0.048828,0.236328
cate8-00041,cate8,16,5,0.291016,0.378906,0.062500,0.207031
cate8-00041,cate8,17,6,0.242188,0.372070,0.078125,0.197266
cate8-00041,cate8,18,7,0.219727,0.252930,0.064453,0.146484
cate8-00041,cate8,21,8,0.534180,0.421875,0.044922,0.257812
cate8-00041,cate8,22,9,0.572266,0.416016,0.039062,0.265625
cate8-00041,cate8,23,10,0.607422,0.390625,0.035156,0.296875
cate8-00041,cate8,24,11,0.640625,0.414062,0.042969,0.222656
cate8-00041,cate8,25,12,0.685547,0.410156,0.050781,0.222656
cate8-00041,cate8,26,13,0.739258,0.407227,0.060547,0.224609
cate8-00041,cate8,27,14,0.779297,0.375977,0.070312,0.224609
cate8-00041,cate8,28,15,0.788086,0.285156,0.076172,0.128906
cate8-00041,cate8,31,16,0.528320,0.666992,0.029297,0.193359
cate8-00041,cate8,32,17,0.557617,0.680664,0.033203,0.216797
cate8-00041,cate8,33,18,0.594727,0.697266,0.048828,0.261719
cate8-00041,cate8,34,19,0.625977,0.688477,0.041016,0.220703
cate8-00041,cate8,35,20,0.670898,0.678711,0.052734,0.220703
cate8-00041,cate8,36,21,0.733398,0.666016,0.095703,0.238281
cate8-00041,cate8,37,22,0.790039,0.626953,0.087891,0.222656
cate8-00041,cate8,38,23,0.835938,0.570312,0.070312,0.121094
cate8-00041,cate8,41,24,0.501953,0.658203,0.027344,0.179688
cate8-00041,cate8,42,25,0.473633,0.659180,0.033203,0.185547
cate8-00041,cate8,43,26,0.440430,0.660156,0.052734,0.230469
cate8-00041,cate8,44,27,0.406250,0.666992,0.046875,0.228516
cate8-00041,cate8,45,28,0.364258,0.651367,0.060547,0.232422
cate8-00041,cate8,46,29,0.299805,0.631836,0.095703,0.232422
cate8-00041,cate8,48,31,0.200195,0.555664,0.083984,0.146484
cate8-00044,cate8,11,0,0.513672,0.396484,0.054688,0.269531
cate8-00044,cate8,12,1,0.484375,0.380859,0.058594,0.261719
cate8-00044,cate8,13,2,0.437500,0.389648,0.050781,0.228516
cate8-00044,cate8,14,3,0.392578,0.389648,0.050781,0.224609
cate8-00044,cate8,15,4,0.358398,0.392578,0.044922,0.214844
cate8-00044,cate8,16,5,0.308594,0.371094,0.066406,0.230469
cate8-00044,cate8,17,6,0.245117,0.360352,0.064453,0.216797
cate8-00044,cate8,21,8,0.552734,0.401367,0.042969,0.251953
cate8-00044,cate8,22,9,0.587891,0.393555,0.042969,0.244141
cate8-00044,cate8,23,10,0.617188,0.336914,0.046875,0.263672
cate8-00044,cate8,24,11,0.648438,0.364258,0.042969,0.244141
cate8-00044,cate8,25,12,0.675781,0.366211,0.039062,0.236328
cate8-00044,cate8,26,13,0.718750,0.387695,0.058594,0.193359
cate8-00044,cate8,27,14,0.775391,0.371094,0.054688,0.199219
cate8-00044,cate8,28,15,0.829102,0.354492,0.060547,0.189453
cate8-00044,cate8,31,16,0.543945,0.667969,0.025391,0.214844
cate8-00044,cate8,32,17,0.571289,0.660156,0.033203,0.222656
cate8-00044,cate8,33,18,0.603516,0.685547,0.062500,0.234375
cate8-00044,cate8,34,19,0.624023,0.639648,0.056641,0.212891
cate8-00044,cate8,35,20,0.654297,0.628906,0.039062,0.214844
cate8-00044,cate8,37,22,0.771484,0.598633,0.097656,0.201172
cate8-00044,cate8,38,23,0.830078,0.552734,0.093750,0.179688
cate8-00044,cate8,41,24,0.522461,0.656250,0.029297,0.234375
cate8-00044,cate8,42,25,0.496094,0.666016,0.039062,0.238281
cate8-00044,cate8,43,26,0.459961,0.678711,0.048828,0.251953
cate8-00044,cate8,44,27,0.429688,0.654297,0.050781,0.246094
cate8-00044,cate8,45,28,0.396484,0.653320,0.050781,0.251953
cate8-00044,cate8,47,30,0.288086,0.625000,0.130859,0.218750
cate8-00044,cate8,48,31,0.210938,0.578125,0.117188,0.203125
cate8-00047,cate8,11,0,0.488281,0.401367,0.046875,0.236328
cate8-00047,cate8,12,1,0.447266,0.392578,0.042969,0.226562
cate8-00047,cate8,13,2,0.410156,0.376953,0.046875,0.285156
cate8-00047,cate8,14,3,0.371094,0.390625,0.046875,0.238281
cate8-00047,cate8,15,4,0.332031,0.402344,0.050781,0.191406
cate8-00047,cate8,16,5,0.280273,0.401367,0.060547,0.173828
cate8-00047,cate8,17,6,0.219727,0.378906,0.060547,0.183594
cate8-00047,cate8,21,8,0.526367,0.400391,0.044922,0.238281
cate8-00047,cate8,22,9,0.564453,0.401367,0.046875,0.216797
cate8-00047,cate8,23,10,0.605469,0.374023,0.046875,0.283203
cate8-00047,cate8,24,11,0.642578,0.387695,0.050781,0.216797
cate8-00047,cate8,25,12,0.682617,0.390625,0.048828,0.207031
cate8-00047,cate8,26,13,0.739258,0.391602,0.064453,0.173828
cate8-00047,cate8,27,14,0.799805,0.365234,0.064453,0.191406
cate8-00047,cate8,31,16,0.532227,0.621094,0.033203,0.148438
cate8-00047,cate8,32,17,0.563477,0.625977,0.033203,0.166016
cate8-00047,cate8,33,18,0.609375,0.653320,0.046875,0.224609
cate8-00047,cate8,34,19,0.651367,0.645508,0.052734,0.205078
cate8-00047,cate8,35,20,0.696289,0.637695,0.060547,0.201172
cate8-00047,cate8,36,21,0.757812,0.627930,0.089844,0.216797
cate8-00047,cate8,37,22,0.827148,0.582031,0.103516,0.179688
cate8-00047,cate8,41,24,0.501953,0.619141,0.027344,0.148438
cate8-00047,cate8,42,25,0.471680,0.620117,0.037109,0.162109
cate8-00047,cate8,43,26,0.418945,0.651367,0.048828,0.228516
cate8-00047,cate8,44,27,0.369141,0.640625,0.046875,0.199219
cate8-00047,cate8,45,28,0.316406,0.651367,0.054688,0.212891
cate8-00047,cate8,46,29,0.235352,0.604492,0.107422,0.181641
cate8-00051,cate8,11,0,0.484375,0.333008,0.042969,0.236328
cate8-00051,cate8,12,1,0.438477,0.318359,0.037109,0.234375
cate8-00051,cate8,13,2,0.391602,0.296875,0.044922,0.281250
cate8-00051,cate8,14,3,0.352539,0.321289,0.044922,0.224609
cate8-00051,cate8,15,4,0.311523,0.315430,0.041016,0.220703
cate8-00051,cate8,17,6,0.220703,0.282227,0.066406,0.193359
cate8-00051,cate8,18,7,0.173828,0.235352,0.062500,0.189453
cate8-00051,cate8,21,8,0.543945,0.344727,0.044922,0.232422
cate8-00051,cate8,22,9,0.581055,0.333008,0.041016,0.232422
cate8-00051,cate8,23,10,0.624023,0.323242,0.048828,0.271484
cate8-00051,cate8,24,11,0.666992,0.344727,0.048828,0.216797
cate8-00051,cate8,25,12,0.719727,0.336914,0.048828,0.201172
cate8-00051,cate8,27,14,0.802734,0.302734,0.062500,0.191406
cate8-00051,cate8,28,15,0.853516,0.285156,0.062500,0.152344
cate8-00051,cate8,31,16,0.507812,0.540039,0.027344,0.138672
cate8-00051,cate8,32,17,0.536133,0.550781,0.037109,0.164062
cate8-00051,cate8,33,18,0.571289,0.570312,0.041016,0.210938
cate8-00051,cate8,34,19,0.618164,0.580078,0.052734,0.199219
cate8-00051,cate8,35,20,0.659180,0.573242,0.052734,0.201172
cate8-00051,cate8,36,21,0.719727,0.523438,0.080078,0.179688
cate8-00051,cate8,37,22,0.792969,0.515625,0.093750,0.191406
cate8-00051,cate8,38,23,0.840820,0.468750,0.076172,0.171875
cate8-00051,cate8,41,24,0.478516,0.541016,0.031250,0.136719
cate8-00051,cate8,42,25,0.452148,0.551758,0.029297,0.158203
cate8-00051,cate8,43,26,0.412109,0.582031,0.046875,0.230469
cate8-00051,cate8,44,27,0.375977,0.570312,0.041016,0.210938
cate8-00051,cate8,47,30,0.226562,0.501953,0.097656,0.179688
cate8-00051,cate8,48,31,0.180664,0.442383,0.087891,0.166016
cate8-00053,cate8,11,0,0.489258,0.438477,0.041016,0.205078
cate8-00053,cate8,12,1,0.456055,0.438477,0.048828,0.197266
cate8-00053,cate8,13,2,0.408203,0.426758,0.042969,0.208984
cate8-00053,cate8,14,3,0.373047,0.433594,0.046875,0.183594
cate8-00053,cate8,16,5,0.286133,0.419922,0.060547,0.171875
cate8-00053,cate8,17,6,0.231445,0.394531,0.068359,0.179688
cate8-00053,cate8,21,8,0.538086,0.438477,0.044922,0.212891
cate8-00053,cate8,22,9,0.578125,0.443359,0.031250,0.187500
cate8-00053,cate8,24,11,0.624023,0.444336,0.037109,0.181641
cate8-00053,cate8,25,12,0.660156,0.437500,0.042969,0.195312
cate8-00053,cate8,27,14,0.743164,0.445312,0.064453,0.156250
cate8-00053,cate8,31,16,0.532227,0.629883,0.029297,0.138672
cate8-00053,cate8,32,17,0.563477,0.633789,0.029297,0.146484
cate8-00053,cate8,33,18,0.599609,0.649414,0.035156,0.205078
cate8-00053,cate8,34,19,0.639648,0.642578,0.037109,0.191406
cate8-00053,cate8,35,20,0.673828,0.637695,0.042969,0.197266
cate8-00053,cate8,36,21,0.728516,0.624023,0.078125,0.181641
cate8-00053,cate8,41,24,0.502930,0.638672,0.029297,0.160156
cate8-00053,cate8,42,25,0.476562,0.630859,0.031250,0.152344
cate8-00053,cate8,43,26,0.435547,0.642578,0.039062,0.195312
cate8-00053,cate8,44,27,0.402344,0.634766,0.042969,0.191406
cate8-00053,cate8,45,28,0.359375,0.633789,0.046875,0.205078
cate8-00053,cate8,46,29,0.303711,0.610352,0.080078,0.185547
cate8-00053,cate8,47,30,0.231445,0.583008,0.091797,0.181641
cate8-00058,cate8,11,0,0.500977,0.399414,0.033203,0.193359
cate8-00058,cate8,12,1,0.473633,0.404297,0.033203,0.218750
cate8-00058,cate8,13,2,0.441406,0.388672,0.042969,0.269531
cate8-00058,cate8,14,3,0.411133,0.403320,0.033203,0.236328
cate8-00058,cate8,15,4,0.378906,0.397461,0.035156,0.240234
cate8-00058,cate8,16,5,0.335938,0.406250,0.058594,0.214844
cate8-00058,cate8,17,6,0.286133,0.380859,0.060547,0.203125
cate8-00058,cate8,18,7,0.242188,0.339844,0.078125,0.199219
cate8-00058,cate8,21,8,0.535156,0.416016,0.031250,0.199219
cate8-00058,cate8,22,9,0.564453,0.416992,0.031250,0.189453
cate8-00058,cate8,23,10,0.595703,0.408203,0.039062,0.269531
cate8-00058,cate8,24,11,0.620117,0.413086,0.037109,0.251953
cate8-00058,cate8,25,12,0.652344,0.417969,0.035156,0.234375
cate8-00058,cate8,26,13,0.694336,0.400391,0.048828,0.246094
cate8-00058,cate8,27,14,0.736328,0.376953,0.062500,0.230469
cate8-00058,cate8,28,15,0.778320,0.332031,0.064453,0.199219
cate8-00058,cate8,31,16,0.526367,0.643555,0.025391,0.185547
cate8-00058,cate8,32,17,0.551758,0.637695,0.029297,0.177734
cate8-00058,cate8,33,18,0.583984,0.674805,0.035156,0.263672
cate8-00058,cate8,34,19,0.620117,0.666992,0.041016,0.232422
cate8-00058,cate8,35,20,0.657227,0.660156,0.041016,0.214844
cate8-00058,cate8,36,21,0.723633,0.625977,0.103516,0.201172
cate8-00058,cate8,37,22,0.779297,0.552734,0.105469,0.183594
cate8-00058,cate8,41,24,0.499023,0.641602,0.025391,0.185547
cate8-00058,cate8,42,25,0.476562,0.642578,0.031250,0.203125
cate8-00058,cate8,43,26,0.447266,0.663086,0.039062,0.251953
cate8-00058,cate8,44,27,0.409180,0.654297,0.041016,0.222656
cate8-00058,cate8,46,29,0.300781,0.618164,0.113281,0.197266
cate8-00058,cate8,47,30,0.233398,0.549805,0.111328,0.177734
cate8-00059,cate8,11,0,0.491211,0.484375,0.041016,0.238281
cate8-00059,cate8,12,1,0.447266,0.472656,0.042969,0.238281
cate8-00059,cate8,13,2,0.410156,0.429688,0.046875,0.292969
cate8-00059,cate8,14,3,0.373047,0.440430,0.050781,0.228516
cate8-00059,cate8,15,4,0.333008,0.425781,0.044922,0.222656
cate8-00059,cate8,16,5,0.282227,0.408203,0.064453,0.214844
cate8-00059,cate8,17,6,0.232422,0.397461,0.066406,0.166016
cate8-00059,cate8,18,7,0.215820,0.309570,0.052734,0.087891
cate8-00059,cate8,21,8,0.530273,0.483398,0.041016,0.232422
cate8-00059,cate8,22,9,0.570312,0.485352,0.035156,0.228516
cate8-00059,cate8,23,10,0.607422,0.450195,0.042969,0.287109
cate8-00059,cate8,24,11,0.642578,0.454102,0.042969,0.248047
cate8-00059,cate8,25,12,0.679688,0.458984,0.046875,0.210938
cate8-00059,cate8,26,13,0.729492,0.432617,0.064453,0.205078
cate8-00059,cate8,27,14,0.773438,0.390625,0.074219,0.179688
cate8-00059,cate8,28,15,0.791016,0.309570,0.062500,0.107422
cate8-00059,cate8,31,16,0.529297,0.696289,0.027344,0.146484
cate8-00059,cate8,32,17,0.558594,0.707031,0.031250,0.160156
cate8-00059,cate8,33,18,0.596680,0.717773,0.044922,0.216797
cate8-00059,cate8,34,19,0.638672,0.703125,0.042969,0.203125
cate8-00059,cate8,36,21,0.712891,0.669922,0.097656,0.226562
cate8-00059,cate8,37,22,0.780273,0.598633,0.103516,0.193359
cate8-00059,cate8,38,23,0.833984,0.566406,0.066406,0.125000
cate8-00059,cate8,41,24,0.500000,0.695312,0.027344,0.140625
cate8-00059,cate8,42,25,0.470703,0.697266,0.031250,0.156250
cate8-00059,cate8,43,26,0.427734,0.708008,0.054688,0.212891
cate8-00059,cate8,44,27,0.388672,0.692383,0.058594,0.197266
cate8-00059,cate8,46,29,0.284180,0.645508,0.095703,0.220703
cate8-00059,cate8,47,30,0.222656,0.591797,0.085938,0.191406
cate8-00059,cate8,48,31,0.166016,0.561523,0.066406,0.123047
cate8-00065,cate8,11,0,0.486328,0.448242,0.039062,0.205078
cate8-00065,cate8,12,1,0.447266,0.445312,0.031250,0.191406
cate8-00065,cate8,13,2,0.410156,0.439453,0.042969,0.199219
cate8-00065,cate8,14,3,0.376953,0.431641,0.042969,0.199219
cate8-00065,cate8,15,4,0.342773,0.426758,0.041016,0.216797
cate8-00065,cate8,16,5,0.295898,0.417969,0.056641,0.214844
cate8-00065,cate8,17,6,0.242188,0.402344,0.058594,0.195312
cate8-00065,cate8,21,8,0.524414,0.453125,0.037109,0.195312
cate8-00065,cate8,22,9,0.560547,0.457031,0.035156,0.183594
cate8-00065,cate8,23,10,0.592773,0.451172,0.041016,0.207031
cate8-00065,cate8,24,11,0.629883,0.451172,0.037109,0.187500
cate8-00065,cate8,25,12,0.662109,0.449219,0.039062,0.191406
cate8-00065,cate8,26,13,0.708984,0.435547,0.062500,0.207031
cate8-00065,cate8,27,14,0.768555,0.424805,0.056641,0.189453
cate8-00065,cate8,31,16,0.515625,0.650391,0.027344,0.148438
cate8-00065,cate8,32,17,0.540039,0.649414,0.029297,0.166016
cate8-00065,cate8,33,18,0.570312,0.660156,0.035156,0.187500
cate8-00065,cate8,34,19,0.596680,0.652344,0.037109,0.183594
cate8-00065,cate8,35,20,0.633789,0.656250,0.044922,0.203125
cate8-00065,cate8,36,21,0.688477,0.646484,0.080078,0.187500
cate8-00065,cate8,37,22,0.762695,0.625000,0.103516,0.195312
cate8-00065,cate8,38,23,0.820312,0.568359,0.093750,0.179688
cate8-00065,cate8,41,24,0.491211,0.649414,0.029297,0.146484
cate8-00065,cate8,42,25,0.466797,0.647461,0.035156,0.146484
cate8-00065,cate8,43,26,0.434570,0.647461,0.044922,0.189453
cate8-00065,cate8,44,27,0.402344,0.640625,0.046875,0.183594
cate8-00065,cate8,45,28,0.369141,0.640625,0.050781,0.203125
cate8-00065,cate8,46,29,0.318359,0.625977,0.089844,0.185547
cate8-00065,cate8,47,30,0.248047,0.606445,0.089844,0.205078
cate8-00065,cate8,48,31,0.193359,0.532227,0.089844,0.166016
cate8-00066,cate8,11,0,0.467773,0.368164,0.048828,0.220703
cate8-00066,cate8,12,1,0.428711,0.345703,0.041016,0.242188
cate8-00066,cate8,13,2,0.391602,0.330078,0.052734,0.269531
cate8-00066,cate8,14,3,0.353516,0.320312,0.046875,0.253906
cate8-00066,cate8,15,4,0.313477,0.319336,0.048828,0.244141
cate8-00066,cate8,16,5,0.259766,0.312500,0.066406,0.218750
cate8-00066,cate8,17,6,0.203125,0.300781,0.062500,0.179688
cate8-00066,cate8,21,8,0.517578,0.365234,0.046875,0.234375
cate8-00066,cate8,22,9,0.558594,0.354492,0.039062,0.240234
cate8-00066,cate8,23,10,0.592773,0.329102,0.044922,0.298828
cate8-00066,cate8,24,11,0.632812,0.355469,0.046875,0.210938
cate8-00066,cate8,25,12,0.666992,0.345703,0.041016,0.226562
cate8-00066,cate8,26,13,0.715820,0.324219,0.060547,0.222656
cate8-00066,cate8,27,14,0.761719,0.304688,0.066406,0.183594
cate8-00066,cate8,31,16,0.495117,0.592773,0.029297,0.185547
cate8-00066,cate8,32,17,0.521484,0.602539,0.046875,0.216797
cate8-00066,cate8,33,18,0.554688,0.624023,0.042969,0.255859
cate8-00066,cate8,34,19,0.599609,0.604492,0.042969,0.205078
cate8-00066,cate8,36,21,0.692383,0.595703,0.091797,0.222656
cate8-00066,cate8,37,22,0.753906,0.532227,0.097656,0.181641
cate8-00066,cate8,41,24,0.468750,0.596680,0.027344,0.197266
cate8-00066,cate8,42,25,0.438477,0.614258,0.037109,0.236328
cate8-00066,cate8,43,26,0.404297,0.619141,0.058594,0.261719
cate8-00066,cate8,44,27,0.367188,0.617188,0.046875,0.261719
cate8-00066,cate8,45,28,0.316406,0.625000,0.050781,0.199219
cate8-00066,cate8,46,29,0.266602,0.577148,0.087891,0.228516
cate8-00066,cate8,47,30,0.193359,0.517578,0.109375,0.183594
cate8-00071,cate8,11,0,0.484375,0.482422,0.039062,0.199219
cate8-00071,cate8,12,1,0.452148,0.469727,0.037109,0.193359
cate8-00071,cate8,13,2,0.416992,0.477539,0.037109,0.193359
cate8-00071,cate8,14,3,0.383789,0.476562,0.037109,0.183594
cate8-00071,cate8,15,4,0.351562,0.475586,0.039062,0.185547
cate8-00071,cate8,16,5,0.308594,0.469727,0.054688,0.177734
cate8-00071,cate8,17,6,0.258789,0.448242,0.056641,0.173828
cate8-00071,cate8,21,8,0.530273,0.479492,0.037109,0.201172
cate8-00071,cate8,22,9,0.564453,0.476562,0.027344,0.179688
cate8-00071,cate8,23,10,0.597656,0.481445,0.035156,0.205078
cate8-00071,cate8,24,11,0.630859,0.476562,0.035156,0.199219
cate8-00071,cate8,25,12,0.663086,0.486328,0.033203,0.183594
cate8-00071,cate8,26,13,0.707031,0.475586,0.058594,0.185547
cate8-00071,cate8,27,14,0.755859,0.459961,0.054688,0.166016
cate8-00071,cate8,28,15,0.785156,0.368164,0.054688,0.091797
cate8-00071,cate8,31,16,0.523438,0.683594,0.027344,0.171875
cate8-00071,cate8,32,17,0.552734,0.684570,0.023438,0.173828
cate8-00071,cate8,33,18,0.587891,0.691406,0.035156,0.199219
cate8-00071,cate8,34,19,0.625977,0.683594,0.041016,0.183594
cate8-00071,cate8,35,20,0.666992,0.679688,0.044922,0.179688
cate8-00071,cate8,36,21,0.723633,0.666016,0.083984,0.195312
cate8-00071,cate8,37,22,0.784180,0.619141,0.091797,0.175781
cate8-00071,cate8,38,23,0.838867,0.594727,0.056641,0.099609
cate8-00071,cate8,41,24,0.494141,0.680664,0.027344,0.166016
cate8-00071,cate8,42,25,0.464844,0.676758,0.031250,0.154297
cate8-00071,cate8,43,26,0.427734,0.678711,0.046875,0.181641
cate8-00071,cate8,44,27,0.390625,0.675781,0.039062,0.191406
cate8-00071,cate8,45,28,0.350586,0.675781,0.052734,0.183594
cate8-00071,cate8,46,29,0.290039,0.665039,0.091797,0.177734
cate8-00071,cate8,47,30,0.234375,0.615234,0.085938,0.179688
cate8-00071,cate8,48,31,0.178711,0.586914,0.060547,0.115234
cate8-00073,cate8,11,0,0.466797,0.394531,0.054688,0.230469
cate8-00073,cate8,12,1,0.417969,0.377930,0.050781,0.240234
cate8-00073,cate8,13,2,0.378906,0.374023,0.054688,0.294922
cate8-00073,cate8,14,3,0.342773,0.407227,0.052734,0.224609
cate8-00073,cate8,15,4,0.304688,0.413086,0.042969,0.220703
cate8-00073,cate8,16,5,0.254883,0.408203,0.060547,0.203125
cate8-00073,cate8,17,6,0.201172,0.387695,0.074219,0.201172
cate8-00073,cate8,18,7,0.175781,0.306641,0.054688,0.113281
cate8-00073,cate8,21,8,0.513672,0.391602,0.050781,0.232422
cate8-00073,cate8,22,9,0.540039,0.376953,0.056641,0.238281
cate8-00073,cate8,23,10,0.590820,0.358398,0.064453,0.240234
cate8-00073,cate8,24,11,0.624023,0.384766,0.068359,0.214844
cate8-00073,cate8,25,12,0.658203,0.394531,0.054688,0.214844
cate8-00073,cate8,26,13,0.717773,0.401367,0.072266,0.208984
cate8-00073,cate8,27,14,0.778320,0.376953,0.072266,0.195312
cate8-00073,cate8,28,15,0.814453,0.298828,0.066406,0.109375
cate8-00073,cate8,31,16,0.504883,0.624023,0.037109,0.189453
cate8-00073,cate8,32,17,0.537109,0.629883,0.035156,0.205078
cate8-00073,cate8,33,18,0.572266,0.645508,0.039062,0.259766
cate8-00073,cate8,34,19,0.611328,0.632812,0.046875,0.210938
cate8-00073,cate8,35,20,0.654297,0.643555,0.046875,0.220703
cate8-00073,cate8,37,22,0.765625,0.586914,0.097656,0.173828
cate8-00073,cate8,38,23,0.833008,0.569336,0.080078,0.130859
cate8-00073,cate8,41,24,0.474609,0.619141,0.031250,0.175781
cate8-00073,cate8,42,25,0.444336,0.644531,0.048828,0.214844
cate8-00073,cate8,43,26,0.410156,0.663086,0.054688,0.248047
cate8-00073,cate8,44,27,0.365234,0.664062,0.050781,0.230469
cate8-00073,cate8,45,28,0.314453,0.655273,0.058594,0.220703
cate8-00073,cate8,47,30,0.254883,0.614258,0.083984,0.185547
cate8-00073,cate8,48,31,0.190430,0.575195,0.068359,0.123047
cate8-00077,cate8,13,2,0.415039,0.376953,0.037109,0.218750
cate8-00077,cate8,15,4,0.363281,0.390625,0.050781,0.203125
cate8-00077,cate8,16,5,0.326172,0.405273,0.046875,0.193359
cate8-00077,cate8,18,7,0.233398,0.365234,0.048828,0.210938
cate8-00077,cate8,23,10,0.569336,0.368164,0.044922,0.236328
cate8-00077,cate8,25,12,0.626953,0.375977,0.042969,0.224609
cate8-00077,cate8,31,16,0.500977,0.576172,0.025391,0.175781
cate8-00077,cate8,32,17,0.528320,0.571289,0.025391,0.185547
cate8-00077,cate8,33,18,0.557617,0.601562,0.037109,0.234375
cate8-00077,cate8,35,20,0.626953,0.603516,0.046875,0.222656
cate8-00077,cate8,37,22,0.762695,0.526367,0.138672,0.185547
cate8-00077,cate8,41,24,0.478516,0.576172,0.027344,0.171875
cate8-00077,cate8,42,25,0.454102,0.582031,0.029297,0.179688
cate8-00077,cate8,43,26,0.420898,0.613281,0.037109,0.210938
cate8-00077,cate8,44,27,0.388672,0.600586,0.031250,0.220703
cate8-00077,cate8,47,30,0.208984,0.547852,0.136719,0.158203
cate8-00080,cate8,11,0,0.502930,0.395508,0.044922,0.248047
cate8-00080,cate8,12,1,0.474609,0.373047,0.039062,0.253906
cate8-00080,cate8,13,2,0.428711,0.366211,0.056641,0.294922
cate8-00080,cate8,14,3,0.393555,0.377930,0.037109,0.244141
cate8-00080,cate8,15,4,0.364258,0.374023,0.044922,0.232422
cate8-00080,cate8,17,6,0.280273,0.361328,0.060547,0.218750
cate8-00080,cate8,18,7,0.232422,0.291992,0.058594,0.130859
cate8-00080,cate8,21,8,0.541016,0.407227,0.046875,0.240234
cate8-00080,cate8,22,9,0.580078,0.412109,0.035156,0.222656
cate8-00080,cate8,23,10,0.619141,0.388672,0.042969,0.261719
cate8-00080,cate8,24,11,0.651367,0.379883,0.060547,0.259766
cate8-00080,cate8,25,12,0.685547,0.376953,0.046875,0.250000
cate8-00080,cate8,28,15,0.790039,0.315430,0.052734,0.126953
cate8-00080,cate8,31,16,0.531250,0.633789,0.027344,0.162109
cate8-00080,cate8,32,17,0.557617,0.626953,0.033203,0.187500
cate8-00080,cate8,33,18,0.596680,0.658203,0.044922,0.269531
cate8-00080,cate8,34,19,0.641602,0.642578,0.044922,0.214844
cate8-00080,cate8,35,20,0.685547,0.637695,0.050781,0.224609
cate8-00080,cate8,36,21,0.747070,0.593750,0.091797,0.199219
cate8-00080,cate8,37,22,0.817383,0.567383,0.083984,0.150391
cate8-00080,cate8,41,24,0.505859,0.635742,0.031250,0.169922
cate8-00080,cate8,42,25,0.475586,0.647461,0.033203,0.189453
cate8-00080,cate8,43,26,0.433594,0.636719,0.050781,0.250000
cate8-00080,cate8,44,27,0.392578,0.621094,0.046875,0.218750
cate8-00080,cate8,45,28,0.347656,0.624023,0.058594,0.224609
cate8-00080,cate8,47,30,0.224609,0.554688,0.097656,0.156250
cate8-00083,cate8,11,0,0.471680,0.481445,0.037109,0.220703
cate8-00083,cate8,12,1,0.445312,0.478516,0.050781,0.195312
cate8-00083,cate8,13,2,0.410156,0.442383,0.054688,0.244141
cate8-00083,cate8,15,4,0.345703,0.436523,0.039062,0.208984
cate8-00083,cate8,16,5,0.306641,0.437500,0.050781,0.203125
cate8-00083,cate8,17,6,0.260742,0.426758,0.052734,0.185547
cate8-00083,cate8,21,8,0.513672,0.490234,0.039062,0.210938
cate8-00083,cate8,22,9,0.543945,0.485352,0.037109,0.197266
cate8-00083,cate8,23,10,0.581055,0.462891,0.041016,0.230469
cate8-00083,cate8,26,13,0.677734,0.450195,0.046875,0.216797
cate8-00083,cate8,27,14,0.728516,0.449219,0.054688,0.210938
cate8-00083,cate8,31,16,0.504883,0.691406,0.025391,0.140625
cate8-00083,cate8,32,17,0.534180,0.691406,0.029297,0.148438
cate8-00083,cate8,33,18,0.566406,0.701172,0.039062,0.179688
cate8-00083,cate8,34,19,0.596680,0.689453,0.041016,0.195312
cate8-00083,cate8,35,20,0.635742,0.693359,0.041016,0.199219
cate8-00083,cate8,36,21,0.696289,0.682617,0.091797,0.189453
cate8-00083,cate8,41,24,0.481445,0.692383,0.033203,0.150391
cate8-00083,cate8,42,25,0.457031,0.693359,0.031250,0.160156
cate8-00083,cate8,43,26,0.422852,0.707031,0.048828,0.187500
cate8-00083,cate8,44,27,0.387695,0.684570,0.056641,0.193359
cate8-00083,cate8,45,28,0.360352,0.679688,0.048828,0.203125
cate8-00083,cate8,48,31,0.232422,0.583984,0.089844,0.140625
cate8-00087,cate8,11,0,0.484375,0.396484,0.046875,0.238281
cate8-00087,cate8,12,1,0.451172,0.402344,0.035156,0.218750
cate8-00087,cate8,13,2,0.408203,0.396484,0.058594,0.242188
cate8-00087,cate8,14,3,0.368164,0.422852,0.048828,0.197266
cate8-00087,cate8,15,4,0.329102,0.410156,0.052734,0.214844
cate8-00087,cate8,16,5,0.282227,0.426758,0.068359,0.212891
cate8-00087,cate8,17,6,0.217773,0.399414,0.068359,0.208984
cate8-00087,cate8,18,7,0.166992,0.376953,0.064453,0.148438
cate8-00087,cate8,21,8,0.527344,0.407227,0.046875,0.220703
cate8-00087,cate8,22,9,0.562500,0.395508,0.039062,0.224609
cate8-00087,cate8,23,10,0.602539,0.373047,0.044922,0.265625
cate8-00087,cate8,24,11,0.637695,0.397461,0.064453,0.205078
cate8-00087,cate8,25,12,0.674805,0.402344,0.048828,0.214844
cate8-00087,cate8,26,13,0.727539,0.405273,0.072266,0.212891
cate8-00087,cate8,27,14,0.787109,0.382812,0.066406,0.203125
cate8-00087,cate8,28,15,0.835938,0.344727,0.066406,0.177734
cate8-00087,cate8,31,16,0.521484,0.623047,0.031250,0.175781
cate8-00087,cate8,32,17,0.554688,0.632812,0.031250,0.203125
cate8-00087,cate8,33,18,0.592773,0.650391,0.048828,0.257812
cate8-00087,cate8,34,19,0.626953,0.640625,0.046875,0.222656
cate8-00087,cate8,35,20,0.678711,0.654297,0.048828,0.238281
cate8-00087,cate8,37,22,0.765625,0.608398,0.113281,0.173828
cate8-00087,cate8,38,23,0.818359,0.540039,0.093750,0.142578
cate8-00087,cate8,41,24,0.495117,0.627930,0.029297,0.185547
cate8-00087,cate8,42,25,0.465820,0.635742,0.041016,0.205078
cate8-00087,cate8,43,26,0.428711,0.652344,0.048828,0.234375
cate8-00087,cate8,44,27,0.389648,0.653320,0.048828,0.216797
cate8-00087,cate8,45,28,0.344727,0.655273,0.048828,0.216797
cate8-00087,cate8,47,30,0.243164,0.618164,0.107422,0.177734
cate8-00087,cate8,48,31,0.181641,0.555664,0.105469,0.162109
cate8-00089,cate8,11,0,0.488281,0.548828,0.050781,0.160156
cate8-00089,cate8,12,1,0.442383,0.553711,0.037109,0.150391
cate8-00089,cate8,13,2,0.406250,0.542969,0.042969,0.191406
cate8-00089,cate8,14,3,0.351562,0.537109,0.050781,0.167969
cate8-00089,cate8,15,4,0.308594,0.536133,0.039062,0.162109
cate8-00089,cate8,17,6,0.244141,0.486328,0.062500,0.156250
cate8-00089,cate8,21,8,0.530273,0.557617,0.041016,0.146484
cate8-00089,cate8,22,9,0.573242,0.541016,0.037109,0.164062
cate8-00089,cate8,23,10,0.619141,0.529297,0.046875,0.187500
cate8-00089,cate8,24,11,0.659180,0.520508,0.048828,0.173828
cate8-00089,cate8,25,12,0.703125,0.514648,0.058594,0.142578
cate8-00089,cate8,27,14,0.769531,0.481445,0.062500,0.138672
cate8-00089,cate8,31,16,0.538086,0.705078,0.025391,0.101562
cate8-00089,cate8,32,17,0.571289,0.703125,0.033203,0.121094
cate8-00089,cate8,33,18,0.605469,0.714844,0.035156,0.156250
cate8-00089,cate8,34,19,0.638672,0.708008,0.035156,0.162109
cate8-00089,cate8,35,20,0.675781,0.698242,0.046875,0.158203
cate8-00089,cate8,36,21,0.726562,0.666016,0.089844,0.164062
cate8-00089,cate8,37,22,0.786133,0.626953,0.099609,0.152344
cate8-00089,cate8,41,24,0.512695,0.698242,0.025391,0.111328
cate8-00089,cate8,42,25,0.478516,0.707031,0.035156,0.117188
cate8-00089,cate8,43,26,0.446289,0.711914,0.041016,0.146484
cate8-00089,cate8,44,27,0.408203,0.720703,0.039062,0.140625
cate8-00089,cate8,45,28,0.349609,0.711914,0.050781,0.154297
cate8-00089,cate8,47,30,0.252930,0.664062,0.091797,0.144531
cate8-00094,cate8,11,0,0.496094,0.411133,0.042969,0.228516
cate8-00094,cate8,12,1,0.468750,0.404297,0.031250,0.230469
cate8-00094,cate8,13,2,0.433594,0.405273,0.039062,0.240234
cate8-00094,cate8,14,3,0.398438,0.402344,0.039062,0.218750
cate8-00094,cate8,15,4,0.364258,0.402344,0.044922,0.210938
cate8-00094,cate8,16,5,0.319336,0.405273,0.060547,0.205078
cate8-00094,cate8,17,6,0.269531,0.412109,0.054688,0.195312
cate8-00094,cate8,21,8,0.536133,0.409180,0.048828,0.251953
cate8-00094,cate8,22,9,0.570312,0.431641,0.031250,0.210938
cate8-00094,cate8,23,10,0.605469,0.416992,0.042969,0.244141
cate8-00094,cate8,24,11,0.642578,0.416992,0.039062,0.216797
cate8-00094,cate8,25,12,0.672852,0.426758,0.044922,0.216797
cate8-00094,cate8,26,13,0.720703,0.426758,0.062500,0.197266
cate8-00094,cate8,27,14,0.772461,0.408203,0.052734,0.214844
cate8-00094,cate8,31,16,0.509766,0.628906,0.035156,0.148438
cate8-00094,cate8,32,17,0.540039,0.652344,0.037109,0.195312
cate8-00094,cate8,33,18,0.575195,0.678711,0.041016,0.251953
cate8-00094,cate8,34,19,0.616211,0.686523,0.041016,0.244141
cate8-00094,cate8,37,22,0.772461,0.625977,0.099609,0.201172
cate8-00094,cate8,41,24,0.483398,0.648438,0.029297,0.187500
cate8-00094,cate8,42,25,0.458008,0.644531,0.033203,0.203125
cate8-00094,cate8,43,26,0.423828,0.648438,0.039062,0.207031
cate8-00094,cate8,44,27,0.387695,0.666992,0.048828,0.240234
cate8-00094,cate8,45,28,0.345703,0.660156,0.042969,0.242188
cate8-00095,cate8,11,0,0.463867,0.414062,0.048828,0.222656
cate8-00095,cate8,12,1,0.427734,0.413086,0.031250,0.216797
cate8-00095,cate8,13,2,0.395508,0.415039,0.048828,0.216797
cate8-00095,cate8,17,6,0.228516,0.393555,0.058594,0.166016
cate8-00095,cate8,21,8,0.498047,0.418945,0.042969,0.208984
cate8-00095,cate8,22,9,0.539062,0.416016,0.035156,0.203125
cate8-00095,cate8,23,10,0.565430,0.416016,0.041016,0.226562
cate8-00095,cate8,31,16,0.490234,0.618164,0.027344,0.177734
cate8-00095,cate8,32,17,0.514648,0.622070,0.033203,0.162109
cate8-00095,cate8,33,18,0.547852,0.638672,0.033203,0.207031
cate8-00095,cate8,34,19,0.583984,0.641602,0.039062,0.228516
cate8-00095,cate8,35,20,0.618164,0.614258,0.041016,0.158203
cate8-00095,cate8,37,22,0.693359,0.589844,0.097656,0.171875
cate8-00095,cate8,38,23,0.752930,0.541016,0.111328,0.175781
cate8-00095,cate8,41,24,0.463867,0.623047,0.029297,0.164062
cate8-00095,cate8,42,25,0.436523,0.632812,0.037109,0.175781
cate8-00095,cate8,43,26,0.406250,0.640625,0.039062,0.195312
cate8-00095,cate8,44,27,0.370117,0.628906,0.041016,0.207031
cate8-00095,cate8,45,28,0.334961,0.610352,0.041016,0.185547
cate8-00095,cate8,47,30,0.260742,0.582031,0.087891,0.179688
cate8-00095,cate8,48,31,0.203125,0.541016,0.109375,0.156250
cate8-00101,cate8,11,0,0.487305,0.455078,0.041016,0.250000
cate8-00101,cate8,12,1,0.457031,0.419922,0.042969,0.277344
cate8-00101,cate8,13,2,0.419922,0.415039,0.042969,0.259766
cate8-00101,cate8,14,3,0.380859,0.412109,0.046875,0.246094
cate8-00101,cate8,15,4,0.346680,0.398438,0.052734,0.253906
cate8-00101,cate8,16,5,0.303711,0.412109,0.064453,0.199219
cate8-00101,cate8,17,6,0.251953,0.406250,0.066406,0.152344
cate8-00101,cate8,21,8,0.531250,0.452148,0.042969,0.259766
cate8-00101,cate8,22,9,0.562500,0.464844,0.039062,0.207031
cate8-00101,cate8,23,10,0.596680,0.440430,0.044922,0.236328
cate8-00101,cate8,24,11,0.627930,0.438477,0.044922,0.216797
cate8-00101,cate8,25,12,0.666992,0.443359,0.044922,0.183594
cate8-00101,cate8,26,13,0.709961,0.430664,0.060547,0.173828
cate8-00101,cate8,27,14,0.759766,0.402344,0.058594,0.171875
cate8-00101,cate8,31,16,0.525391,0.686523,0.027344,0.162109
cate8-00101,cate8,32,17,0.548828,0.688477,0.027344,0.162109
cate8-00101,cate8,33,18,0.577148,0.702148,0.033203,0.205078
cate8-00101,cate8,34,19,0.615234,0.686523,0.054688,0.205078
cate8-00101,cate8,35,20,0.652344,0.668945,0.058594,0.197266
cate8-00101,cate8,36,21,0.704102,0.638672,0.099609,0.187500
cate8-00101,cate8,37,22,0.758789,0.608398,0.087891,0.197266
cate8-00101,cate8,38,23,0.813477,0.554688,0.068359,0.128906
cate8-00101,cate8,41,24,0.500977,0.680664,0.033203,0.150391
cate8-00101,cate8,42,25,0.478516,0.675781,0.035156,0.140625
cate8-00101,cate8,43,26,0.448242,0.704102,0.041016,0.220703
cate8-00101,cate8,44,27,0.409180,0.669922,0.056641,0.191406
cate8-00101,cate8,45,28,0.373047,0.661133,0.074219,0.208984
cate8-00101,cate8,46,29,0.317383,0.652344,0.103516,0.218750
cate8-00101,cate8,47,30,0.254883,0.601562,0.095703,0.187500
cate8-00101,cate8,48,31,0.206055,0.581055,0.064453,0.150391
cate8-00102,cate8,11,0,0.492188,0.440430,0.039062,0.220703
cate8-00102,cate8,12,1,0.458008,0.441406,0.037109,0.207031
cate8-00102,cate8,13,2,0.423828,0.417969,0.042969,0.253906
cate8-00102,cate8,14,3,0.387695,0.438477,0.048828,0.205078
cate8-00102,cate8,15,4,0.346680,0.430664,0.044922,0.201172
cate8-00102,cate8,16,5,0.300781,0.428711,0.058594,0.173828
cate8-00102,cate8,17,6,0.246094,0.397461,0.062500,0.185547
cate8-00102,cate8,21,8,0.529297,0.442383,0.039062,0.224609
cate8-00102,cate8,22,9,0.563477,0.443359,0.037109,0.195312
cate8-00102,cate8,23,10,0.596680,0.409180,0.044922,0.259766
cate8-00102,cate8,24,11,0.633789,0.416016,0.044922,0.218750
cate8-00102,cate8,25,12,0.666016,0.412109,0.042969,0.195312
cate8-00102,cate8,26,13,0.710938,0.402344,0.058594,0.187500
cate8-00102,cate8,27,14,0.764648,0.379883,0.056641,0.173828
cate8-00102,cate8,31,16,0.515625,0.647461,0.023438,0.142578
cate8-00102,cate8,32,17,0.541992,0.647461,0.033203,0.154297
cate8-00102,cate8,33,18,0.574219,0.654297,0.042969,0.199219
cate8-00102,cate8,34,19,0.613281,0.638672,0.054688,0.187500
cate8-00102,cate8,35,20,0.644531,0.621094,0.058594,0.171875
cate8-00102,cate8,36,21,0.694336,0.599609,0.080078,0.175781
cate8-00102,cate8,37,22,0.750000,0.568359,0.074219,0.171875
cate8-00102,cate8,41,24,0.493164,0.646484,0.021484,0.144531
cate8-00102,cate8,42,25,0.462891,0.654297,0.031250,0.167969
cate8-00102,cate8,43,26,0.432617,0.660156,0.037109,0.207031
cate8-00102,cate8,44,27,0.397461,0.643555,0.048828,0.177734
cate8-00102,cate8,45,28,0.362305,0.634766,0.056641,0.183594
cate8-00102,cate8,46,29,0.312500,0.617188,0.082031,0.175781
cate8-00102,cate8,47,30,0.252930,0.590820,0.076172,0.185547
cate8-00107,cate8,11,0,0.486328,0.401367,0.042969,0.283203
cate8-00107,cate8,12,1,0.446289,0.391602,0.033203,0.279297
cate8-00107,cate8,13,2,0.407227,0.387695,0.041016,0.279297
cate8-00107,cate8,14,3,0.368164,0.398438,0.048828,0.234375
cate8-00107,cate8,15,4,0.329102,0.406250,0.041016,0.199219
cate8-00107,cate8,16,5,0.280273,0.391602,0.068359,0.197266
cate8-00107,cate8,17,6,0.223633,0.367188,0.064453,0.187500
cate8-00107,cate8,21,8,0.530273,0.403320,0.041016,0.271484
cate8-00107,cate8,22,9,0.567383,0.407227,0.033203,0.255859
cate8-00107,cate8,23,10,0.604492,0.386719,0.041016,0.277344
cate8-00107,cate8,24,11,0.641602,0.387695,0.048828,0.255859
cate8-00107,cate8,25,12,0.685547,0.401367,0.046875,0.224609
cate8-00107,cate8,26,13,0.733398,0.386719,0.072266,0.246094
cate8-00107,cate8,27,14,0.796875,0.370117,0.066406,0.185547
cate8-00107,cate8,31,16,0.524414,0.644531,0.029297,0.164062
cate8-00107,cate8,32,17,0.551758,0.651367,0.037109,0.185547
cate8-00107,cate8,33,18,0.591797,0.692383,0.050781,0.275391
cate8-00107,cate8,34,19,0.628906,0.663086,0.042969,0.216797
cate8-00107,cate8,35,20,0.674805,0.666016,0.048828,0.234375
cate8-00107,cate8,37,22,0.790039,0.607422,0.115234,0.210938
cate8-00107,cate8,38,23,0.846680,0.541016,0.087891,0.144531
cate8-00107,cate8,41,24,0.499023,0.650391,0.029297,0.175781
cate8-00107,cate8,42,25,0.468750,0.652344,0.035156,0.179688
cate8-00107,cate8,43,26,0.437500,0.672852,0.039062,0.224609
cate8-00107,cate8,44,27,0.395508,0.666992,0.044922,0.216797
cate8-00107,cate8,45,28,0.351562,0.661133,0.050781,0.232422
cate8-00107,cate8,47,30,0.244141,0.607422,0.105469,0.207031
cate8-00107,cate8,48,31,0.184570,0.553711,0.091797,0.150391
cate8-00109,cate8,11,0,0.474609,0.394531,0.046875,0.253906
cate8-00109,cate8,12,1,0.435547,0.387695,0.042969,0.251953
cate8-00109,cate8,13,2,0.393555,0.379883,0.044922,0.267578
cate8-00109,cate8,16,5,0.300781,0.388672,0.062500,0.191406
cate8-00109,cate8,17,6,0.239258,0.355469,0.060547,0.207031
cate8-00109,cate8,18,7,0.206055,0.333008,0.052734,0.134766
cate8-00109,cate8,21,8,0.521484,0.401367,0.054688,0.236328
cate8-00109,cate8,22,9,0.561523,0.399414,0.041016,0.220703
cate8-00109,cate8,23,10,0.607422,0.384766,0.050781,0.246094
cate8-00109,cate8,24,11,0.643555,0.380859,0.044922,0.234375
cate8-00109,cate8,25,12,0.678711,0.386719,0.033203,0.207031
cate8-00109,cate8,26,13,0.722656,0.407227,0.058594,0.193359
cate8-00109,cate8,27,14,0.771484,0.375977,0.066406,0.197266
cate8-00109,cate8,28,15,0.811523,0.345703,0.072266,0.160156
cate8-00109,cate8,31,16,0.527344,0.622070,0.031250,0.158203
cate8-00109,cate8,32,17,0.560547,0.647461,0.042969,0.212891
cate8-00109,cate8,33,18,0.600586,0.659180,0.052734,0.251953
cate8-00109,cate8,34,19,0.642578,0.655273,0.054688,0.228516
cate8-00109,cate8,35,20,0.680664,0.645508,0.052734,0.216797
cate8-00109,cate8,38,23,0.822266,0.535156,0.082031,0.128906
cate8-00109,cate8,41,24,0.494141,0.630859,0.035156,0.179688
cate8-00109,cate8,42,25,0.458984,0.634766,0.039062,0.195312
cate8-00109,cate8,43,26,0.421875,0.658203,0.042969,0.246094
cate8-00109,cate8,44,27,0.378906,0.638672,0.046875,0.226562
cate8-00109,cate8,45,28,0.338867,0.631836,0.048828,0.216797
cate8-00109,cate8,47,30,0.248047,0.584961,0.101562,0.173828
cate8-00109,cate8,48,31,0.190430,0.524414,0.099609,0.142578
cate8-00113,cate8,11,0,0.486328,0.468750,0.039062,0.250000
cate8-00113,cate8,12,1,0.458008,0.467773,0.041016,0.216797
cate8-00113,cate8,13,2,0.420898,0.451172,0.041016,0.253906
cate8-00113,cate8,14,3,0.383789,0.456055,0.044922,0.216797
cate8-00113,cate8,15,4,0.345703,0.468750,0.046875,0.171875
cate8-00113,cate8,16,5,0.298828,0.464844,0.054688,0.152344
cate8-00113,cate8,17,6,0.256836,0.425781,0.068359,0.156250
cate8-00113,cate8,18,7,0.230469,0.322266,0.054688,0.140625
cate8-00113,cate8,21,8,0.528320,0.488281,0.037109,0.207031
cate8-00113,cate8,22,9,0.555664,0.491211,0.037109,0.177734
cate8-00113,cate8,23,10,0.594727,0.455078,0.037109,0.246094
cate8-00113,cate8,24,11,0.624023,0.451172,0.052734,0.210938
cate8-00113,cate8,25,12,0.668945,0.441406,0.041016,0.203125
cate8-00113,cate8,26,13,0.711914,0.436523,0.060547,0.185547
cate8-00113,cate8,27,14,0.755859,0.419922,0.066406,0.152344
cate8-00113,cate8,31,16,0.519531,0.692383,0.023438,0.146484
cate8-00113,cate8,32,17,0.543945,0.694336,0.029297,0.173828
cate8-00113,cate8,33,18,0.583008,0.693359,0.048828,0.199219
cate8-00113,cate8,34,19,0.630859,0.688477,0.039062,0.201172
cate8-00113,cate8,35,20,0.674805,0.671875,0.064453,0.191406
cate8-00113,cate8,36,21,0.726562,0.642578,0.093750,0.195312
cate8-00113,cate8,37,22,0.783203,0.592773,0.097656,0.185547
cate8-00113,cate8,38,23,0.822266,0.571289,0.054688,0.150391
cate8-00113,cate8,41,24,0.496094,0.700195,0.023438,0.173828
cate8-00113,cate8,42,25,0.468750,0.694336,0.031250,0.177734
cate8-00113,cate8,43,26,0.438477,0.701172,0.037109,0.207031
cate8-00113,cate8,44,27,0.391602,0.699219,0.048828,0.199219
cate8-00113,cate8,45,28,0.343750,0.684570,0.066406,0.189453
cate8-00113,cate8,46,29,0.285156,0.674805,0.097656,0.162109
cate8-00113,cate8,47,30,0.229492,0.595703,0.095703,0.167969
cate8-00113,cate8,48,31,0.179688,0.583984,0.058594,0.160156
cate8-00116,cate8,33,18,0.560547,0.611328,0.035156,0.171875
cate8-00116,cate8,34,19,0.587891,0.621094,0.042969,0.179688
cate8-00116,cate8,35,20,0.622070,0.627930,0.041016,0.166016
cate8-00116,cate8,38,23,0.763672,0.594727,0.097656,0.126953
cate8-00116,cate8,41,24,0.487305,0.623047,0.025391,0.136719
cate8-00116,cate8,42,25,0.460938,0.614258,0.035156,0.185547
cate8-00116,cate8,43,26,0.431641,0.625000,0.046875,0.199219
cate8-00116,cate8,44,27,0.391602,0.622070,0.037109,0.177734
cate8-00116,cate8,45,28,0.361328,0.638672,0.046875,0.191406
cate8-00116,cate8,47,30,0.271484,0.625000,0.070312,0.187500
cate8-00119,cate8,11,0,0.487305,0.428711,0.044922,0.220703
cate8-00119,cate8,12,1,0.456055,0.419922,0.041016,0.218750
cate8-00119,cate8,13,2,0.417969,0.409180,0.058594,0.255859
cate8-00119,cate8,14,3,0.383789,0.428711,0.052734,0.197266
cate8-00119,cate8,15,4,0.345703,0.421875,0.050781,0.175781
cate8-00119,cate8,16,5,0.294922,0.416016,0.058594,0.191406
cate8-00119,cate8,17,6,0.240234,0.406250,0.058594,0.187500
cate8-00119,cate8,18,7,0.198242,0.371094,0.068359,0.144531
cate8-00119,cate8,21,8,0.527344,0.435547,0.046875,0.214844
cate8-00119,cate8,22,9,0.564453,0.435547,0.031250,0.203125
cate8-00119,cate8,23,10,0.601562,0.439453,0.039062,0.222656
cate8-00119,cate8,24,11,0.635742,0.443359,0.044922,0.210938
cate8-00119,cate8,25,12,0.673828,0.434570,0.039062,0.205078
cate8-00119,cate8,26,13,0.717773,0.416992,0.056641,0.216797
cate8-00119,cate8,27,14,0.774414,0.413086,0.056641,0.205078
cate8-00119,cate8,31,16,0.540039,0.650391,0.029297,0.195312
cate8-00119,cate8,32,17,0.572266,0.650391,0.035156,0.210938
cate8-00119,cate8,33,18,0.611328,0.663086,0.039062,0.228516
cate8-00119,cate8,35,20,0.644531,0.659180,0.050781,0.220703
cate8-00119,cate8,36,21,0.702148,0.642578,0.087891,0.230469
cate8-00119,cate8,37,22,0.758789,0.621094,0.080078,0.203125
cate8-00119,cate8,41,24,0.509766,0.640625,0.031250,0.167969
cate8-00119,cate8,42,25,0.481445,0.656250,0.037109,0.195312
cate8-00119,cate8,43,26,0.447266,0.663086,0.039062,0.236328
cate8-00119,cate8,44,27,0.411133,0.660156,0.048828,0.242188
cate8-00119,cate8,45,28,0.373047,0.646484,0.058594,0.210938
cate8-00119,cate8,46,29,0.315430,0.632812,0.095703,0.222656
cate8-00119,cate8,47,30,0.251953,0.615234,0.089844,0.210938
cate8-00119,cate8,48,31,0.185547,0.561523,0.093750,0.134766
cate8-00123,cate8,11,0,0.488281,0.389648,0.050781,0.275391
cate8-00123,cate8,12,1,0.444336,0.383789,0.044922,0.251953
cate8-00123,cate8,13,2,0.405273,0.364258,0.044922,0.326172
cate8-00123,cate8,14,3,0.368164,0.409180,0.041016,0.216797
cate8-00123,cate8,15,4,0.325195,0.385742,0.041016,0.244141
cate8-00123,cate8,16,5,0.282227,0.371094,0.060547,0.218750
cate8-00123,cate8,17,6,0.233398,0.350586,0.076172,0.212891
cate8-00123,cate8,18,7,0.208008,0.254883,0.072266,0.146484
cate8-00123,cate8,21,8,0.539062,0.406250,0.046875,0.250000
cate8-00123,cate8,22,9,0.581055,0.389648,0.041016,0.259766
cate8-00123,cate8,23,10,0.618164,0.385742,0.044922,0.291016
cate8-00123,cate8,24,11,0.655273,0.395508,0.048828,0.232422
cate8-00123,cate8,25,12,0.694336,0.386719,0.052734,0.214844
cate8-00123,cate8,27,14,0.757812,0.351562,0.058594,0.210938
cate8-00123,cate8,28,15,0.802734,0.291992,0.058594,0.138672
cate8-00123,cate8,31,16,0.516602,0.624023,0.029297,0.150391
cate8-00123,cate8,32,17,0.545898,0.632812,0.033203,0.175781
cate8-00123,cate8,33,18,0.583008,0.647461,0.048828,0.232422
cate8-00123,cate8,34,19,0.627930,0.644531,0.064453,0.226562
cate8-00123,cate8,35,20,0.667969,0.619141,0.066406,0.210938
cate8-00123,cate8,36,21,0.730469,0.594727,0.109375,0.240234
cate8-00123,cate8,37,22,0.788086,0.555664,0.099609,0.228516
cate8-00123,cate8,38,23,0.849609,0.522461,0.082031,0.162109
cate8-00123,cate8,41,24,0.487305,0.628906,0.029297,0.160156
cate8-00123,cate8,42,25,0.457031,0.625977,0.035156,0.166016
cate8-00123,cate8,43,26,0.418945,0.635742,0.041016,0.205078
cate8-00123,cate8,44,27,0.375977,0.635742,0.056641,0.224609
cate8-00123,cate8,45,28,0.335938,0.623047,0.062500,0.226562
cate8-00123,cate8,46,29,0.273438,0.602539,0.113281,0.232422
cate8-00123,cate8,47,30,0.218750,0.550781,0.101562,0.207031
cate8-00123,cate8,48,31,0.154297,0.526367,0.085938,0.154297
cate8-00125,cate8,11,0,0.472656,0.417969,0.039062,0.226562
cate8-00125,cate8,12,1,0.440430,0.417969,0.029297,0.171875
cate8-00125,cate8,13,2,0.414062,0.389648,0.042969,0.220703
cate8-00125,cate8,14,3,0.383789,0.396484,0.041016,0.179688
cate8-00125,cate8,15,4,0.348633,0.386719,0.037109,0.210938
cate8-00125,cate8,18,7,0.265625,0.285156,0.046875,0.109375
cate8-00125,cate8,21,8,0.515625,0.423828,0.039062,0.210938
cate8-00125,cate8,22,9,0.547852,0.435547,0.025391,0.183594
cate8-00125,cate8,23,10,0.575195,0.373047,0.029297,0.152344
cate8-00125,cate8,24,11,0.601562,0.421875,0.050781,0.210938
cate8-00125,cate8,25,12,0.640625,0.426758,0.039062,0.224609
cate8-00125,cate8,27,14,0.738281,0.417969,0.082031,0.207031
cate8-00125,cate8,28,15,0.763672,0.342773,0.085938,0.142578
cate8-00125,cate8,31,16,0.505859,0.642578,0.023438,0.183594
cate8-00125,cate8,32,17,0.530273,0.637695,0.025391,0.169922
cate8-00125,cate8,33,18,0.560547,0.645508,0.039062,0.212891
cate8-00125,cate8,34,19,0.589844,0.629883,0.039062,0.193359
cate8-00125,cate8,35,20,0.624023,0.635742,0.044922,0.208984
cate8-00125,cate8,38,23,0.784180,0.552734,0.080078,0.152344
cate8-00125,cate8,41,24,0.479492,0.645508,0.033203,0.185547
cate8-00125,cate8,42,25,0.455078,0.630859,0.042969,0.183594
cate8-00125,cate8,43,26,0.425781,0.620117,0.054688,0.197266
cate8-00125,cate8,44,27,0.399414,0.610352,0.052734,0.208984
cate8-00125,cate8,45,28,0.368164,0.590820,0.056641,0.208984
cate8-00125,cate8,47,30,0.275391,0.512695,0.082031,0.197266
cate8-00125,cate8,48,31,0.223633,0.516602,0.056641,0.138672
cate8-00130,cate8,13,2,0.434570,0.447266,0.060547,0.207031
cate8-00130,cate8,15,4,0.366211,0.447266,0.048828,0.179688
cate8-00130,cate8,17,6,0.292969,0.425781,0.062500,0.171875
cate8-00130,cate8,18,7,0.239258,0.421875,0.048828,0.164062
cate8-00130,cate8,23,10,0.598633,0.451172,0.041016,0.234375
cate8-00130,cate8,24,11,0.631836,0.481445,0.041016,0.193359
cate8-00130,cate8,25,12,0.668945,0.471680,0.041016,0.197266
cate8-00130,cate8,26,13,0.712891,0.459961,0.054688,0.154297
cate8-00130,cate8,27,14,0.758789,0.445312,0.044922,0.140625
cate8-00130,cate8,31,16,0.506836,0.664062,0.033203,0.144531
cate8-00130,cate8,32,17,0.528320,0.667969,0.041016,0.148438
cate8-00130,cate8,33,18,0.560547,0.678711,0.039062,0.201172
cate8-00130,cate8,34,19,0.597656,0.692383,0.039062,0.166016
cate8-00130,cate8,36,21,0.684570,0.678711,0.111328,0.158203
cate8-00130,cate8,37,22,0.732422,0.638672,0.097656,0.164062
cate8-00130,cate8,41,24,0.486328,0.658203,0.023438,0.152344
cate8-00130,cate8,42,25,0.461914,0.654297,0.025391,0.152344
cate8-00130,cate8,43,26,0.432617,0.670898,0.033203,0.181641
cate8-00130,cate8,45,28,0.370117,0.673828,0.048828,0.179688
cate8-00130,cate8,46,29,0.320312,0.653320,0.082031,0.177734
cate8-00130,cate8,47,30,0.258789,0.617188,0.095703,0.144531
cate8-00131,cate8,11,0,0.517578,0.428711,0.054688,0.244141
cate8-00131,cate8,12,1,0.487305,0.414062,0.064453,0.242188
cate8-00131,cate8,13,2,0.433594,0.404297,0.062500,0.250000
cate8-00131,cate8,16,5,0.352539,0.399414,0.103516,0.189453
cate8-00131,cate8,17,6,0.286133,0.375000,0.064453,0.195312
cate8-00131,cate8,21,8,0.551758,0.440430,0.044922,0.244141
cate8-00131,cate8,22,9,0.586914,0.425781,0.037109,0.261719
cate8-00131,cate8,23,10,0.625977,0.421875,0.052734,0.238281
cate8-00131,cate8,25,12,0.660156,0.424805,0.046875,0.224609
cate8-00131,cate8,26,13,0.705078,0.415039,0.058594,0.212891
cate8-00131,cate8,27,14,0.763672,0.436523,0.054688,0.193359
cate8-00131,cate8,28,15,0.809570,0.403320,0.064453,0.173828
cate8-00131,cate8,31,16,0.561523,0.677734,0.037109,0.195312
cate8-00131,cate8,32,17,0.595703,0.699219,0.035156,0.222656
cate8-00131,cate8,33,18,0.632812,0.680664,0.042969,0.201172
cate8-00131,cate8,34,19,0.670898,0.680664,0.044922,0.232422
cate8-00131,cate8,37,22,0.794922,0.611328,0.105469,0.144531
cate8-00131,cate8,41,24,0.533203,0.670898,0.031250,0.181641
cate8-00131,cate8,42,25,0.511719,0.671875,0.042969,0.195312
cate8-00131,cate8,43,26,0.482422,0.661133,0.050781,0.193359
cate8-00131,cate8,44,27,0.449219,0.676758,0.058594,0.212891
cate8-00131,cate8,45,28,0.377930,0.648438,0.087891,0.226562
cate8-00131,cate8,46,29,0.304688,0.624023,0.117188,0.201172
cate8-00131,cate8,47,30,0.235352,0.566406,0.111328,0.164062
cate8-00137,cate8,11,0,0.490234,0.441406,0.046875,0.242188
cate8-00137,cate8,12,1,0.454102,0.458984,0.044922,0.210938
cate8-00137,cate8,13,2,0.415039,0.441406,0.044922,0.238281
cate8-00137,cate8,14,3,0.379883,0.446289,0.044922,0.228516
cate8-00137,cate8,15,4,0.338867,0.450195,0.041016,0.228516
cate8-00137,cate8,16,5,0.291992,0.441406,0.064453,0.203125
cate8-00137,cate8,17,6,0.237305,0.422852,0.064453,0.185547
cate8-00137,cate8,18,7,0.216797,0.344727,0.062500,0.123047
cate8-00137,cate8,21,8,0.532227,0.440430,0.044922,0.244141
cate8-00137,cate8,22,9,0.574219,0.457031,0.050781,0.230469
cate8-00137,cate8,23,10,0.607422,0.455078,0.039062,0.242188
cate8-00137,cate8,24,11,0.642578,0.466797,0.042969,0.222656
cate8-00137,cate8,25,12,0.679688,0.463867,0.039062,0.220703
cate8-00137,cate8,26,13,0.727539,0.465820,0.060547,0.185547
cate8-00137,cate8,27,14,0.784180,0.461914,0.060547,0.197266
cate8-00137,cate8,28,15,0.799805,0.382812,0.060547,0.113281
cate8-00137,cate8,31,16,0.534180,0.688477,0.029297,0.197266
cate8-00137,cate8,32,17,0.560547,0.690430,0.035156,0.212891
cate8-00137,cate8,33,18,0.597656,0.700195,0.039062,0.224609
cate8-00137,cate8,34,19,0.631836,0.691406,0.041016,0.218750
cate8-00137,cate8,35,20,0.671875,0.691406,0.050781,0.230469
cate8-00137,cate8,36,21,0.727539,0.678711,0.080078,0.228516
cate8-00137,cate8,38,23,0.835938,0.602539,0.066406,0.119141
cate8-00137,cate8,41,24,0.506836,0.698242,0.033203,0.224609
cate8-00137,cate8,42,25,0.474609,0.694336,0.035156,0.220703
cate8-00137,cate8,43,26,0.440430,0.699219,0.041016,0.234375
cate8-00137,cate8,44,27,0.402344,0.687500,0.039062,0.218750
cate8-00137,cate8,45,28,0.365234,0.681641,0.054688,0.226562
cate8-00137,cate8,46,29,0.306641,0.666016,0.097656,0.218750
cate8-00137,cate8,47,30,0.235352,0.613281,0.091797,0.187500
cate8-00137,cate8,48,31,0.177734,0.568359,0.066406,0.113281
cate8-00138,cate8,11,0,0.484375,0.366211,0.050781,0.283203
cate8-00138,cate8,12,1,0.448242,0.362305,0.044922,0.291016
cate8-00138,cate8,13,2,0.414062,0.344727,0.046875,0.283203
cate8-00138,cate8,14,3,0.378906,0.336914,0.046875,0.259766
cate8-00138,cate8,15,4,0.348633,0.328125,0.041016,0.238281
cate8-00138,cate8,16,5,0.298828,0.327148,0.062500,0.240234
cate8-00138,cate8,17,6,0.253906,0.328125,0.085938,0.222656
cate8-00138,cate8,18,7,0.221680,0.268555,0.103516,0.193359
cate8-00138,cate8,21,8,0.521484,0.353516,0.046875,0.304688
cate8-00138,cate8,22,9,0.561523,0.358398,0.041016,0.291016
cate8-00138,cate8,23,10,0.598633,0.345703,0.037109,0.316406
cate8-00138,cate8,24,11,0.630859,0.329102,0.046875,0.302734
cate8-00138,cate8,25,12,0.665039,0.334961,0.041016,0.259766
cate8-00138,cate8,26,13,0.708984,0.325195,0.058594,0.248047
cate8-00138,cate8,27,14,0.759766,0.314453,0.070312,0.265625
cate8-00138,cate8,28,15,0.793945,0.280273,0.068359,0.177734
cate8-00138,cate8,31,16,0.539062,0.613281,0.046875,0.164062
cate8-00138,cate8,32,17,0.571289,0.621094,0.052734,0.187500
cate8-00138,cate8,33,18,0.609375,0.630859,0.070312,0.230469
cate8-00138,cate8,34,19,0.634766,0.596680,0.070312,0.212891
cate8-00138,cate8,35,20,0.671875,0.593750,0.062500,0.234375
cate8-00138,cate8,36,21,0.726562,0.557617,0.097656,0.224609
cate8-00138,cate8,38,23,0.832031,0.528320,0.054688,0.193359
cate8-00138,cate8,41,24,0.506836,0.608398,0.037109,0.185547
cate8-00138,cate8,42,25,0.473633,0.602539,0.033203,0.173828
cate8-00138,cate8,43,26,0.433594,0.640625,0.062500,0.195312
cate8-00138,cate8,44,27,0.400391,0.602539,0.082031,0.197266
cate8-00138,cate8,45,28,0.372070,0.585938,0.068359,0.207031
cate8-00138,cate8,46,29,0.323242,0.573242,0.107422,0.248047
cate8-00138,cate8,47,30,0.263672,0.546875,0.105469,0.226562
cate8-00138,cate8,48,31,0.199219,0.500000,0.089844,0.195312
cate8-00143,cate8,13,2,0.428711,0.518555,0.037109,0.193359
cate8-00143,cate8,14,3,0.399414,0.513672,0.033203,0.203125
cate8-00143,cate8,15,4,0.373047,0.515625,0.039062,0.207031
cate8-00143,cate8,16,5,0.319336,0.529297,0.064453,0.222656
cate8-00143,cate8,17,6,0.272461,0.528320,0.056641,0.201172
cate8-00143,cate8,23,10,0.600586,0.513672,0.033203,0.226562
cate8-00143,cate8,24,11,0.634766,0.517578,0.039062,0.203125
cate8-00143,cate8,25,12,0.674805,0.543945,0.052734,0.193359
cate8-00143,cate8,26,13,0.723633,0.519531,0.048828,0.218750
cate8-00143,cate8,27,14,0.768555,0.507812,0.052734,0.199219
cate8-00143,cate8,33,18,0.583008,0.721680,0.033203,0.193359
cate8-00143,cate8,34,19,0.612305,0.728516,0.037109,0.187500
cate8-00143,cate8,35,20,0.647461,0.736328,0.041016,0.210938
cate8-00143,cate8,38,23,0.781250,0.659180,0.097656,0.130859
cate8-00143,cate8,43,26,0.414062,0.724609,0.031250,0.199219
cate8-00143,cate8,44,27,0.379883,0.723633,0.044922,0.197266
cate8-00143,cate8,45,28,0.335938,0.718750,0.062500,0.195312
cate8-00145,cate8,11,0,0.501953,0.402344,0.050781,0.230469
cate8-00145,cate8,12,1,0.465820,0.395508,0.033203,0.228516
cate8-00145,cate8,13,2,0.427734,0.391602,0.039062,0.259766
cate8-00145,cate8,14,3,0.393555,0.405273,0.037109,0.228516
cate8-00145,cate8,15,4,0.368164,0.411133,0.041016,0.212891
cate8-00145,cate8,16,5,0.322266,0.415039,0.062500,0.197266
cate8-00145,cate8,17,6,0.266602,0.380859,0.056641,0.203125
cate8-00145,cate8,18,7,0.220703,0.345703,0.062500,0.179688
cate8-00145,cate8,23,10,0.604492,0.386719,0.048828,0.281250
cate8-00145,cate8,24,11,0.632812,0.386719,0.042969,0.273438
cate8-00145,cate8,25,12,0.664062,0.381836,0.046875,0.279297
cate8-00145,cate8,26,13,0.707031,0.395508,0.054688,0.224609
cate8-00145,cate8,27,14,0.756836,0.370117,0.056641,0.216797
cate8-00145,cate8,28,15,0.791016,0.344727,0.058594,0.189453
cate8-00145,cate8,31,16,0.513672,0.623047,0.023438,0.171875
cate8-00145,cate8,32,17,0.541992,0.625000,0.029297,0.171875
cate8-00145,cate8,33,18,0.573242,0.648438,0.037109,0.234375
cate8-00145,cate8,34,19,0.610352,0.642578,0.041016,0.214844
cate8-00145,cate8,35,20,0.688477,0.627930,0.060547,0.193359
cate8-00145,cate8,36,21,0.745117,0.590820,0.091797,0.185547
cate8-00145,cate8,37,22,0.799805,0.527344,0.087891,0.148438
cate8-00145,cate8,41,24,0.488281,0.627930,0.023438,0.185547
cate8-00145,cate8,42,25,0.461914,0.639648,0.033203,0.208984
cate8-00145,cate8,43,26,0.428711,0.633789,0.041016,0.216797
cate8-00145,cate8,44,27,0.395508,0.640625,0.037109,0.218750
cate8-00145,cate8,45,28,0.307617,0.637695,0.091797,0.189453
cate8-00145,cate8,46,29,0.269531,0.588867,0.097656,0.177734
cate8-00145,cate8,47,30,0.215820,0.522461,0.091797,0.146484
cate8-00149,cate8,11,0,0.473633,0.393555,0.044922,0.232422
cate8-00149,cate8,12,1,0.432617,0.400391,0.037109,0.214844
cate8-00149,cate8,13,2,0.386719,0.383789,0.046875,0.267578
cate8-00149,cate8,14,3,0.343750,0.397461,0.050781,0.220703
cate8-00149,cate8,15,4,0.301758,0.397461,0.044922,0.205078
cate8-00149,cate8,17,6,0.236328,0.377930,0.066406,0.173828
cate8-00149,cate8,18,7,0.184570,0.364258,0.041016,0.158203
cate8-00149,cate8,21,8,0.522461,0.415039,0.048828,0.201172
cate8-00149,cate8,22,9,0.566406,0.403320,0.039062,0.224609
cate8-00149,cate8,23,10,0.612305,0.392578,0.048828,0.273438
cate8-00149,cate8,24,11,0.651367,0.406250,0.048828,0.226562
cate8-00149,cate8,25,12,0.689453,0.400391,0.046875,0.203125
cate8-00149,cate8,26,13,0.741211,0.403320,0.064453,0.181641
cate8-00149,cate8,27,14,0.801758,0.370117,0.060547,0.197266
cate8-00149,cate8,28,15,0.837891,0.284180,0.054688,0.185547
cate8-00149,cate8,31,16,0.510742,0.607422,0.029297,0.144531
cate8-00149,cate8,32,17,0.546875,0.610352,0.039062,0.154297
cate8-00149,cate8,33,18,0.589844,0.630859,0.050781,0.222656
cate8-00149,cate8,34,19,0.638672,0.619141,0.062500,0.199219
cate8-00149,cate8,35,20,0.685547,0.606445,0.062500,0.201172
cate8-00149,cate8,36,21,0.738281,0.590820,0.082031,0.205078
cate8-00149,cate8,37,22,0.808594,0.556641,0.085938,0.187500
cate8-00149,cate8,38,23,0.879883,0.515625,0.087891,0.152344
cate8-00149,cate8,41,24,0.477539,0.606445,0.033203,0.146484
cate8-00149,cate8,42,25,0.443359,0.613281,0.039062,0.175781
cate8-00149,cate8,43,26,0.397461,0.641602,0.048828,0.244141
cate8-00149,cate8,44,27,0.355469,0.609375,0.054688,0.203125
cate8-00149,cate8,45,28,0.312500,0.608398,0.062500,0.216797
cate8-00149,cate8,47,30,0.205078,0.549805,0.093750,0.185547
cate8-00149,cate8,48,31,0.145508,0.503906,0.083984,0.179688
cate8-00152,cate8,11,0,0.475586,0.423828,0.041016,0.246094
cate8-00152,cate8,12,1,0.435547,0.416992,0.039062,0.244141
cate8-00152,cate8,13,2,0.402344,0.410156,0.042969,0.269531
cate8-00152,cate8,14,3,0.362305,0.417969,0.044922,0.226562
cate8-00152,cate8,15,4,0.324219,0.407227,0.042969,0.216797
cate8-00152,cate8,16,5,0.275391,0.403320,0.062500,0.193359
cate8-00152,cate8,17,6,0.218750,0.401367,0.058594,0.205078
cate8-00152,cate8,18,7,0.191406,0.342773,0.054688,0.119141
cate8-00152,cate8,21,8,0.522461,0.429688,0.044922,0.222656
cate8-00152,cate8,22,9,0.558594,0.435547,0.042969,0.207031
cate8-00152,cate8,23,10,0.598633,0.405273,0.041016,0.291016
cate8-00152,cate8,24,11,0.636719,0.408203,0.046875,0.261719
cate8-00152,cate8,25,12,0.673828,0.418945,0.054688,0.212891
cate8-00152,cate8,26,13,0.728516,0.415039,0.066406,0.189453
cate8-00152,cate8,27,14,0.786133,0.403320,0.068359,0.197266
cate8-00152,cate8,28,15,0.824219,0.327148,0.074219,0.146484
cate8-00152,cate8,31,16,0.518555,0.640625,0.029297,0.152344
cate8-00152,cate8,32,17,0.547852,0.649414,0.029297,0.162109
cate8-00152,cate8,33,18,0.579102,0.680664,0.037109,0.248047
cate8-00152,cate8,34,19,0.623047,0.663086,0.050781,0.216797
cate8-00152,cate8,35,20,0.664062,0.660156,0.058594,0.230469
cate8-00152,cate8,36,21,0.723633,0.634766,0.111328,0.230469
cate8-00152,cate8,38,23,0.814453,0.578125,0.125000,0.164062
cate8-00152,cate8,41,24,0.490234,0.638672,0.035156,0.156250
cate8-00152,cate8,42,25,0.462891,0.649414,0.031250,0.181641
cate8-00152,cate8,43,26,0.425781,0.674805,0.046875,0.244141
cate8-00152,cate8,44,27,0.388672,0.655273,0.046875,0.216797
cate8-00152,cate8,45,28,0.349609,0.656250,0.058594,0.226562
cate8-00152,cate8,46,29,0.293945,0.631836,0.095703,0.228516
cate8-00152,cate8,48,31,0.185547,0.550781,0.101562,0.128906
cate8-00155,cate8,11,0,0.453125,0.394531,0.042969,0.214844
cate8-00155,cate8,12,1,0.416016,0.397461,0.039062,0.216797
cate8-00155,cate8,13,2,0.379883,0.378906,0.037109,0.246094
cate8-00155,cate8,17,6,0.245117,0.392578,0.064453,0.191406
cate8-00155,cate8,18,7,0.193359,0.457031,0.070312,0.191406
cate8-00155,cate8,21,8,0.499023,0.409180,0.048828,0.216797
cate8-00155,cate8,22,9,0.543945,0.377930,0.037109,0.228516
cate8-00155,cate8,23,10,0.584961,0.365234,0.052734,0.257812
cate8-00155,cate8,25,12,0.665039,0.371094,0.052734,0.238281
cate8-00155,cate8,31,16,0.505859,0.602539,0.027344,0.169922
cate8-00155,cate8,32,17,0.537109,0.603516,0.031250,0.183594
cate8-00155,cate8,33,18,0.571289,0.623047,0.044922,0.222656
cate8-00155,cate8,34,19,0.610352,0.639648,0.044922,0.240234
cate8-00155,cate8,35,20,0.661133,0.628906,0.060547,0.218750
cate8-00155,cate8,41,24,0.480469,0.608398,0.027344,0.166016
cate8-00155,cate8,42,25,0.450195,0.615234,0.033203,0.203125
cate8-00155,cate8,43,26,0.416992,0.620117,0.037109,0.220703
cate8-00155,cate8,44,27,0.376953,0.629883,0.039062,0.240234
cate8-00155,cate8,45,28,0.336914,0.624023,0.041016,0.244141
cate8-00155,cate8,46,29,0.258789,0.624023,0.103516,0.205078
cate8-00159,cate8,13,2,0.419922,0.398438,0.058594,0.250000
cate8-00159,cate8,14,3,0.390625,0.435547,0.042969,0.210938
cate8-00159,cate8,15,4,0.352539,0.447266,0.037109,0.199219
cate8-00159,cate8,16,5,0.306641,0.458984,0.062500,0.171875
cate8-00159,cate8,18,7,0.232422,0.399414,0.062500,0.181641
cate8-00159,cate8,23,10,0.620117,0.388672,0.052734,0.265625
cate8-00159,cate8,24,11,0.643555,0.436523,0.044922,0.220703
cate8-00159,cate8,25,12,0.683594,0.446289,0.042969,0.185547
cate8-00159,cate8,26,13,0.727539,0.432617,0.048828,0.181641
cate8-00159,cate8,27,14,0.787109,0.415039,0.070312,0.166016
cate8-00159,cate8,31,16,0.512695,0.619141,0.025391,0.156250
cate8-00159,cate8,32,17,0.541016,0.635742,0.027344,0.181641
cate8-00159,cate8,33,18,0.574219,0.656250,0.039062,0.222656
cate8-00159,cate8,34,19,0.617188,0.663086,0.042969,0.197266
cate8-00159,cate8,35,20,0.652344,0.666016,0.042969,0.203125
cate8-00159,cate8,37,22,0.765625,0.609375,0.117188,0.171875
cate8-00159,cate8,38,23,0.817383,0.573242,0.095703,0.162109
cate8-00159,cate8,41,24,0.482422,0.620117,0.027344,0.158203
cate8-00159,cate8,42,25,0.457031,0.623047,0.027344,0.167969
cate8-00159,cate8,43,26,0.425781,0.657227,0.039062,0.212891
cate8-00159,cate8,44,27,0.392578,0.666992,0.042969,0.193359
cate8-00159,cate8,45,28,0.350586,0.680664,0.041016,0.208984
cate8-00159,cate8,47,30,0.207031,0.582031,0.097656,0.128906
cate8-00161,cate8,13,2,0.422852,0.340820,0.056641,0.263672
cate8-00161,cate8,16,5,0.300781,0.371094,0.070312,0.246094
cate8-00161,cate8,17,6,0.243164,0.363281,0.060547,0.234375
cate8-00161,cate8,23,10,0.597656,0.351562,0.046875,0.242188
cate8-00161,cate8,24,11,0.639648,0.349609,0.048828,0.253906
cate8-00161,cate8,26,13,0.702148,0.360352,0.064453,0.236328
cate8-00161,cate8,27,14,0.761719,0.337891,0.066406,0.246094
cate8-00161,cate8,31,16,0.515625,0.591797,0.027344,0.195312
cate8-00161,cate8,32,17,0.541016,0.589844,0.027344,0.191406
cate8-00161,cate8,33,18,0.572266,0.616211,0.035156,0.236328
cate8-00161,cate8,34,19,0.608398,0.625977,0.041016,0.224609
cate8-00161,cate8,37,22,0.778320,0.569336,0.119141,0.158203
cate8-00161,cate8,41,24,0.491211,0.590820,0.041016,0.201172
cate8-00161,cate8,42,25,0.469727,0.603516,0.048828,0.210938
cate8-00161,cate8,43,26,0.438477,0.620117,0.060547,0.224609
cate8-00161,cate8,47,30,0.227539,0.588867,0.130859,0.158203
cate8-00166,cate8,11,0,0.471680,0.468750,0.048828,0.226562
cate8-00166,cate8,12,1,0.436523,0.473633,0.037109,0.220703
cate8-00166,cate8,13,2,0.403320,0.466797,0.037109,0.238281
cate8-00166,cate8,14,3,0.375000,0.478516,0.039062,0.207031
cate8-00166,cate8,15,4,0.343750,0.464844,0.039062,0.207031
cate8-00166,cate8,16,5,0.302734,0.455078,0.054688,0.203125
cate8-00166,cate8,17,6,0.257812,0.424805,0.054688,0.224609
cate8-00166,cate8,18,7,0.223633,0.375000,0.064453,0.171875
cate8-00166,cate8,21,8,0.514648,0.456055,0.048828,0.236328
cate8-00166,cate8,22,9,0.552734,0.450195,0.039062,0.236328
cate8-00166,cate8,23,10,0.590820,0.445312,0.044922,0.257812
cate8-00166,cate8,24,11,0.628906,0.438477,0.050781,0.228516
cate8-00166,cate8,25,12,0.660156,0.428711,0.058594,0.220703
cate8-00166,cate8,27,14,0.709961,0.415039,0.056641,0.208984
cate8-00166,cate8,28,15,0.761719,0.403320,0.054688,0.169922
cate8-00166,cate8,31,16,0.515625,0.698242,0.027344,0.205078
cate8-00166,cate8,32,17,0.543945,0.699219,0.033203,0.207031
cate8-00166,cate8,33,18,0.573242,0.708008,0.041016,0.251953
cate8-00166,cate8,34,19,0.608398,0.692383,0.044922,0.240234
cate8-00166,cate8,35,20,0.650391,0.678711,0.074219,0.212891
cate8-00166,cate8,36,21,0.702148,0.653320,0.091797,0.212891
cate8-00166,cate8,37,22,0.758789,0.618164,0.087891,0.216797
cate8-00166,cate8,41,24,0.493164,0.699219,0.029297,0.203125
cate8-00166,cate8,42,25,0.467773,0.709961,0.037109,0.224609
cate8-00166,cate8,43,26,0.435547,0.714844,0.039062,0.234375
cate8-00166,cate8,44,27,0.399414,0.710938,0.041016,0.242188
cate8-00166,cate8,45,28,0.355469,0.692383,0.074219,0.224609
cate8-00166,cate8,46,29,0.310547,0.666992,0.089844,0.205078
cate8-00166,cate8,47,30,0.259766,0.647461,0.074219,0.201172
cate8-00167,cate8,11,0,0.487305,0.462891,0.044922,0.203125
cate8-00167,cate8,12,1,0.454102,0.466797,0.037109,0.187500
cate8-00167,cate8,13,2,0.416016,0.449219,0.046875,0.230469
cate8-00167,cate8,14,3,0.387695,0.479492,0.044922,0.181641
cate8-00167,cate8,15,4,0.350586,0.482422,0.041016,0.191406
cate8-00167,cate8,16,5,0.304688,0.496094,0.058594,0.199219
cate8-00167,cate8,17,6,0.251953,0.497070,0.054688,0.154297
cate8-00167,cate8,21,8,0.527344,0.460938,0.039062,0.207031
cate8-00167,cate8,22,9,0.559570,0.455078,0.033203,0.207031
cate8-00167,cate8,23,10,0.595703,0.454102,0.039062,0.208984
cate8-00167,cate8,24,11,0.625000,0.476562,0.042969,0.191406
cate8-00167,cate8,25,12,0.662109,0.485352,0.039062,0.185547
cate8-00167,cate8,26,13,0.708008,0.500000,0.060547,0.191406
cate8-00167,cate8,27,14,0.758789,0.485352,0.052734,0.185547
cate8-00167,cate8,31,16,0.519531,0.671875,0.023438,0.171875
cate8-00167,cate8,32,17,0.545898,0.673828,0.025391,0.187500
cate8-00167,cate8,33,18,0.575195,0.685547,0.033203,0.207031
cate8-00167,cate8,34,19,0.605469,0.695312,0.035156,0.183594
cate8-00167,cate8,35,20,0.645508,0.707031,0.041016,0.183594
cate8-00167,cate8,37,22,0.737305,0.697266,0.103516,0.171875
cate8-00167,cate8,38,23,0.793945,0.649414,0.099609,0.146484
cate8-00167,cate8,41,24,0.499023,0.668945,0.021484,0.162109
cate8-00167,cate8,42,25,0.477539,0.665039,0.037109,0.162109
cate8-00167,cate8,43,26,0.449219,0.690430,0.035156,0.205078
cate8-00167,cate8,44,27,0.415039,0.690430,0.037109,0.177734
cate8-00167,cate8,45,28,0.380859,0.697266,0.042969,0.183594
cate8-00167,cate8,47,30,0.263672,0.694336,0.089844,0.181641
cate8-00173,cate8,11,0,0.493164,0.404297,0.052734,0.226562
cate8-00173,cate8,12,1,0.446289,0.406250,0.044922,0.238281
cate8-00173,cate8,13,2,0.410156,0.392578,0.042969,0.253906
cate8-00173,cate8,14,3,0.367188,0.398438,0.054688,0.234375
cate8-00173,cate8,16,5,0.317383,0.414062,0.068359,0.203125
cate8-00173,cate8,17,6,0.250000,0.396484,0.066406,0.203125
cate8-00173,cate8,21,8,0.544922,0.404297,0.050781,0.234375
cate8-00173,cate8,22,9,0.585938,0.399414,0.042969,0.240234
cate8-00173,cate8,23,10,0.624023,0.391602,0.041016,0.248047
cate8-00173,cate8,24,11,0.660156,0.397461,0.046875,0.232422
cate8-00173,cate8,26,13,0.717773,0.386719,0.064453,0.207031
cate8-00173,cate8,27,14,0.771484,0.370117,0.050781,0.205078
cate8-00173,cate8,28,15,0.818359,0.362305,0.046875,0.142578
cate8-00173,cate8,31,16,0.534180,0.644531,0.029297,0.187500
cate8-00173,cate8,32,17,0.558594,0.638672,0.035156,0.207031
cate8-00173,cate8,33,18,0.598633,0.642578,0.041016,0.234375
cate8-00173,cate8,34,19,0.632812,0.638672,0.046875,0.230469
cate8-00173,cate8,35,20,0.671875,0.657227,0.054688,0.228516
cate8-00173,cate8,36,21,0.729492,0.602539,0.099609,0.205078
cate8-00173,cate8,37,22,0.784180,0.567383,0.083984,0.201172
cate8-00173,cate8,41,24,0.498047,0.628906,0.031250,0.179688
cate8-00173,cate8,42,25,0.469727,0.633789,0.037109,0.185547
cate8-00173,cate8,43,26,0.433594,0.637695,0.039062,0.208984
cate8-00173,cate8,44,27,0.392578,0.632812,0.039062,0.199219
cate8-00173,cate8,47,30,0.242188,0.606445,0.109375,0.193359
cate8-00174,cate8,12,1,0.451172,0.355469,0.035156,0.207031
cate8-00174,cate8,14,3,0.359375,0.375000,0.070312,0.195312
cate8-00174,cate8,17,6,0.249023,0.360352,0.060547,0.240234
cate8-00174,cate8,21,8,0.541992,0.344727,0.044922,0.216797
cate8-00174,cate8,22,9,0.585938,0.353516,0.039062,0.179688
cate8-00174,cate8,23,10,0.622070,0.342773,0.044922,0.240234
cate8-00174,cate8,27,14,0.780273,0.360352,0.052734,0.216797
cate8-00174,cate8,31,16,0.514648,0.573242,0.048828,0.173828
cate8-00174,cate8,32,17,0.542969,0.583984,0.031250,0.187500
cate8-00174,cate8,33,18,0.581055,0.590820,0.044922,0.224609
cate8-00174,cate8,34,19,0.616211,0.600586,0.041016,0.228516
cate8-00174,cate8,36,21,0.709961,0.609375,0.099609,0.226562
cate8-00174,cate8,41,24,0.482422,0.595703,0.050781,0.210938
cate8-00174,cate8,42,25,0.451172,0.591797,0.050781,0.199219
cate8-00174,cate8,44,27,0.385742,0.608398,0.072266,0.228516
cate8-00174,cate8,47,30,0.216797,0.586914,0.125000,0.177734
cate8-00179,cate8,11,0,0.490234,0.378906,0.046875,0.230469
cate8-00179,cate8,12,1,0.453125,0.363281,0.035156,0.253906
cate8-00179,cate8,13,2,0.418945,0.357422,0.052734,0.257812
cate8-00179,cate8,14,3,0.379883,0.352539,0.048828,0.232422
cate8-00179,cate8,15,4,0.340820,0.358398,0.048828,0.197266
cate8-00179,cate8,16,5,0.293945,0.334961,0.068359,0.232422
cate8-00179,cate8,17,6,0.235352,0.315430,0.060547,0.193359
cate8-00179,cate8,21,8,0.531250,0.383789,0.042969,0.236328
cate8-00179,cate8,22,9,0.566406,0.359375,0.039062,0.257812
cate8-00179,cate8,23,10,0.606445,0.342773,0.041016,0.271484
cate8-00179,cate8,24,11,0.642578,0.332031,0.050781,0.269531
cate8-00179,cate8,25,12,0.682617,0.359375,0.044922,0.207031
cate8-00179,cate8,26,13,0.732422,0.334961,0.058594,0.240234
cate8-00179,cate8,27,14,0.789062,0.325195,0.066406,0.193359
cate8-00179,cate8,31,16,0.522461,0.591797,0.025391,0.148438
cate8-00179,cate8,32,17,0.551758,0.599609,0.029297,0.183594
cate8-00179,cate8,33,18,0.584961,0.604492,0.037109,0.212891
cate8-00179,cate8,34,19,0.628906,0.604492,0.046875,0.201172
cate8-00179,cate8,35,20,0.677734,0.597656,0.054688,0.222656
cate8-00179,cate8,37,22,0.785156,0.519531,0.105469,0.132812
cate8-00179,cate8,41,24,0.496094,0.593750,0.023438,0.148438
cate8-00179,cate8,42,25,0.466797,0.595703,0.035156,0.171875
cate8-00179,cate8,43,26,0.429688,0.603516,0.042969,0.222656
cate8-00179,cate8,44,27,0.387695,0.609375,0.048828,0.234375
cate8-00179,cate8,45,28,0.337891,0.592773,0.062500,0.224609
cate8-00179,cate8,47,30,0.241211,0.507812,0.115234,0.152344
cate8-00181,cate8,11,0,0.484375,0.409180,0.050781,0.205078
cate8-00181,cate8,12,1,0.441406,0.401367,0.039062,0.201172
cate8-00181,cate8,13,2,0.400391,0.390625,0.050781,0.257812
cate8-00181,cate8,14,3,0.367188,0.411133,0.046875,0.197266
cate8-00181,cate8,15,4,0.328125,0.418945,0.042969,0.205078
cate8-00181,cate8,16,5,0.279297,0.437500,0.062500,0.187500
cate8-00181,cate8,17,6,0.230469,0.387695,0.066406,0.193359
cate8-00181,cate8,18,7,0.182617,0.355469,0.068359,0.148438
cate8-00181,cate8,21,8,0.531250,0.402344,0.054688,0.214844
cate8-00181,cate8,22,9,0.572266,0.384766,0.042969,0.210938
cate8-00181,cate8,23,10,0.613281,0.364258,0.054688,0.248047
cate8-00181,cate8,26,13,0.680664,0.360352,0.080078,0.216797
cate8-00181,cate8,27,14,0.745117,0.370117,0.060547,0.208984
cate8-00181,cate8,28,15,0.794922,0.328125,0.058594,0.195312
cate8-00181,cate8,31,16,0.516602,0.604492,0.029297,0.142578
cate8-00181,cate8,32,17,0.547852,0.617188,0.041016,0.171875
cate8-00181,cate8,33,18,0.592773,0.628906,0.041016,0.210938
cate8-00181,cate8,34,19,0.635742,0.625000,0.044922,0.199219
cate8-00181,cate8,35,20,0.678711,0.619141,0.044922,0.199219
cate8-00181,cate8,37,22,0.795898,0.531250,0.115234,0.156250
cate8-00181,cate8,41,24,0.486328,0.609375,0.039062,0.179688
cate8-00181,cate8,42,25,0.440430,0.634766,0.037109,0.187500
cate8-00181,cate8,43,26,0.399414,0.651367,0.044922,0.208984
cate8-00181,cate8,44,27,0.359375,0.666016,0.046875,0.210938
cate8-00181,cate8,47,30,0.190430,0.544922,0.111328,0.152344
cate8-00185,cate8,11,0,0.494141,0.420898,0.054688,0.220703
cate8-00185,cate8,12,1,0.457031,0.414062,0.046875,0.199219
cate8-00185,cate8,13,2,0.412109,0.375977,0.050781,0.255859
cate8-00185,cate8,14,3,0.379883,0.376953,0.052734,0.238281
cate8-00185,cate8,15,4,0.340820,0.370117,0.044922,0.228516
cate8-00185,cate8,16,5,0.288086,0.378906,0.068359,0.187500
cate8-00185,cate8,21,8,0.537109,0.411133,0.046875,0.244141
cate8-00185,cate8,22,9,0.571289,0.416016,0.041016,0.203125
cate8-00185,cate8,23,10,0.612305,0.390625,0.044922,0.257812
cate8-00185,cate8,25,12,0.649414,0.380859,0.041016,0.246094
cate8-00185,cate8,26,13,0.697266,0.379883,0.062500,0.228516
cate8-00185,cate8,27,14,0.759766,0.386719,0.070312,0.191406
cate8-00185,cate8,31,16,0.535156,0.664062,0.035156,0.218750
cate8-00185,cate8,33,18,0.567383,0.678711,0.037109,0.251953
cate8-00185,cate8,34,19,0.601562,0.674805,0.046875,0.232422
cate8-00185,cate8,35,20,0.650391,0.682617,0.054688,0.228516
cate8-00185,cate8,36,21,0.706055,0.647461,0.103516,0.212891
cate8-00185,cate8,37,22,0.784180,0.600586,0.107422,0.181641
cate8-00185,cate8,41,24,0.505859,0.650391,0.031250,0.187500
cate8-00185,cate8,42,25,0.477539,0.663086,0.029297,0.212891
cate8-00185,cate8,43,26,0.443359,0.662109,0.042969,0.246094
cate8-00185,cate8,44,27,0.405273,0.675781,0.041016,0.226562
cate8-00185,cate8,45,28,0.367188,0.672852,0.054688,0.240234
cate8-00185,cate8,46,29,0.307617,0.648438,0.107422,0.222656
cate8-00185,cate8,47,30,0.242188,0.594727,0.105469,0.201172
cate8-00188,cate8,12,1,0.444336,0.492188,0.025391,0.152344
cate8-00188,cate8,16,5,0.303711,0.536133,0.072266,0.201172
cate8-00188,cate8,17,6,0.253906,0.535156,0.054688,0.175781
cate8-00188,cate8,21,8,0.523438,0.485352,0.023438,0.095703
cate8-00188,cate8,22,9,0.552734,0.488281,0.027344,0.113281
cate8-00188,cate8,23,10,0.585938,0.493164,0.035156,0.158203
cate8-00188,cate8,26,13,0.672852,0.547852,0.056641,0.201172
cate8-00188,cate8,27,14,0.725586,0.548828,0.056641,0.199219
cate8-00188,cate8,31,16,0.516602,0.669922,0.029297,0.175781
cate8-00188,cate8,32,17,0.541016,0.684570,0.042969,0.193359
cate8-00188,cate8,33,18,0.573242,0.695312,0.044922,0.210938
cate8-00188,cate8,34,19,0.612305,0.708984,0.056641,0.222656
cate8-00188,cate8,35,20,0.667969,0.714844,0.050781,0.195312
cate8-00188,cate8,38,23,0.789062,0.663086,0.082031,0.123047
cate8-00188,cate8,41,24,0.492188,0.664062,0.031250,0.179688
cate8-00188,cate8,42,25,0.464844,0.670898,0.031250,0.197266
cate8-00188,cate8,43,26,0.433594,0.682617,0.039062,0.228516
cate8-00188,cate8,44,27,0.393555,0.687500,0.044922,0.210938
cate8-00188,cate8,45,28,0.352539,0.700195,0.060547,0.224609
cate8-00191,cate8,31,16,0.500000,0.647461,0.019531,0.166016
cate8-00191,cate8,32,17,0.522461,0.649414,0.025391,0.177734
cate8-00191,cate8,33,18,0.553711,0.662109,0.037109,0.207031
cate8-00191,cate8,34,19,0.583008,0.649414,0.037109,0.205078
cate8-00191,cate8,35,20,0.623047,0.652344,0.039062,0.222656
cate8-00191,cate8,42,25,0.465820,0.652344,0.025391,0.199219
cate8-00191,cate8,43,26,0.436523,0.664062,0.037109,0.207031
cate8-00195,cate8,14,3,0.363281,0.340820,0.062500,0.263672
cate8-00195,cate8,15,4,0.326172,0.356445,0.046875,0.248047
cate8-00195,cate8,16,5,0.279297,0.372070,0.058594,0.216797
cate8-00195,cate8,27,14,0.712891,0.375000,0.109375,0.226562
cate8-00197,cate8,11,0,0.491211,0.463867,0.037109,0.205078
cate8-00197,cate8,12,1,0.456055,0.454102,0.041016,0.220703
cate8-00197,cate8,13,2,0.423828,0.429688,0.050781,0.257812
cate8-00197,cate8,14,3,0.375000,0.434570,0.046875,0.216797
cate8-00197,cate8,16,5,0.326172,0.436523,0.062500,0.208984
cate8-00197,cate8,17,6,0.269531,0.422852,0.062500,0.193359
cate8-00197,cate8,21,8,0.530273,0.456055,0.041016,0.220703
cate8-00197,cate8,22,9,0.567383,0.454102,0.037109,0.220703
cate8-00197,cate8,23,10,0.602539,0.431641,0.044922,0.261719
cate8-00197,cate8,24,11,0.643555,0.447266,0.048828,0.207031
cate8-00197,cate8,26,13,0.691406,0.461914,0.058594,0.173828
cate8-00197,cate8,27,14,0.747070,0.435547,0.060547,0.195312
cate8-00197,cate8,31,16,0.527344,0.677734,0.027344,0.171875
cate8-00197,cate8,32,17,0.551758,0.679688,0.029297,0.175781
cate8-00197,cate8,33,18,0.584961,0.696289,0.033203,0.228516
cate8-00197,cate8,34,19,0.616211,0.680664,0.037109,0.193359
cate8-00197,cate8,36,21,0.669922,0.672852,0.074219,0.185547
cate8-00197,cate8,37,22,0.744141,0.637695,0.101562,0.181641
cate8-00197,cate8,41,24,0.501953,0.686523,0.027344,0.181641
cate8-00197,cate8,42,25,0.472656,0.681641,0.031250,0.183594
cate8-00197,cate8,43,26,0.439453,0.688477,0.042969,0.228516
cate8-00197,cate8,44,27,0.407227,0.682617,0.041016,0.232422
cate8-00197,cate8,46,29,0.342773,0.659180,0.087891,0.169922
cate8-00197,cate8,47,30,0.273438,0.626953,0.109375,0.179688
cate8-00202,cate8,11,0,0.482422,0.424805,0.050781,0.279297
cate8-00202,cate8,12,1,0.452148,0.416992,0.060547,0.279297
cate8-00202,cate8,13,2,0.421875,0.384766,0.050781,0.242188
cate8-00202,cate8,14,3,0.395508,0.413086,0.048828,0.240234
cate8-00202,cate8,15,4,0.353516,0.395508,0.050781,0.244141
cate8-00202,cate8,17,6,0.288086,0.371094,0.064453,0.199219
cate8-00202,cate8,18,7,0.241211,0.291016,0.076172,0.105469
cate8-00202,cate8,21,8,0.528320,0.430664,0.044922,0.259766
cate8-00202,cate8,22,9,0.556641,0.423828,0.050781,0.250000
cate8-00202,cate8,23,10,0.588867,0.375000,0.044922,0.253906
cate8-00202,cate8,24,11,0.621094,0.393555,0.054688,0.263672
cate8-00202,cate8,25,12,0.664062,0.377930,0.054688,0.251953
cate8-00202,cate8,26,13,0.709961,0.349609,0.072266,0.250000
cate8-00202,cate8,27,14,0.757812,0.321289,0.085938,0.216797
cate8-00202,cate8,28,15,0.782227,0.261719,0.068359,0.109375
cate8-00202,cate8,31,16,0.518555,0.664062,0.037109,0.167969
cate8-00202,cate8,32,17,0.546875,0.664062,0.035156,0.167969
cate8-00202,cate8,33,18,0.583008,0.663086,0.056641,0.205078
cate8-00202,cate8,34,19,0.620117,0.650391,0.056641,0.230469
cate8-00202,cate8,35,20,0.661133,0.632812,0.060547,0.230469
cate8-00202,cate8,36,21,0.724609,0.597656,0.117188,0.230469
cate8-00202,cate8,37,22,0.772461,0.529297,0.111328,0.203125
cate8-00202,cate8,38,23,0.829102,0.492188,0.064453,0.132812
cate8-00202,cate8,41,24,0.493164,0.669922,0.041016,0.171875
cate8-00202,cate8,42,25,0.460938,0.661133,0.039062,0.166016
cate8-00202,cate8,43,26,0.422852,0.698242,0.060547,0.224609
cate8-00202,cate8,44,27,0.387695,0.669922,0.076172,0.230469
cate8-00202,cate8,45,28,0.344727,0.651367,0.080078,0.228516
cate8-00202,cate8,46,29,0.289062,0.619141,0.121094,0.238281
cate8-00202,cate8,47,30,0.232422,0.551758,0.109375,0.220703
cate8-00202,cate8,48,31,0.171875,0.512695,0.074219,0.130859
cate8-00203,cate8,11,0,0.489258,0.410156,0.052734,0.246094
cate8-00203,cate8,12,1,0.452148,0.409180,0.048828,0.271484
cate8-00203,cate8,13,2,0.402344,0.394531,0.050781,0.316406
cate8-00203,cate8,14,3,0.362305,0.418945,0.052734,0.251953
cate8-00203,cate8,15,4,0.317383,0.426758,0.044922,0.240234
cate8-00203,cate8,16,5,0.264648,0.433594,0.064453,0.218750
cate8-00203,cate8,17,6,0.209961,0.399414,0.080078,0.224609
cate8-00203,cate8,18,7,0.176758,0.328125,0.076172,0.140625
cate8-00203,cate8,21,8,0.540039,0.416992,0.056641,0.244141
cate8-00203,cate8,22,9,0.579102,0.421875,0.037109,0.250000
cate8-00203,cate8,23,10,0.625977,0.392578,0.044922,0.316406
cate8-00203,cate8,24,11,0.666016,0.422852,0.042969,0.236328
cate8-00203,cate8,25,12,0.704102,0.417969,0.044922,0.210938
cate8-00203,cate8,26,13,0.753906,0.412109,0.062500,0.218750
cate8-00203,cate8,27,14,0.803711,0.370117,0.072266,0.240234
cate8-00203,cate8,28,15,0.842773,0.328125,0.068359,0.160156
cate8-00203,cate8,31,16,0.529297,0.641602,0.039062,0.169922
cate8-00203,cate8,32,17,0.553711,0.633789,0.033203,0.169922
cate8-00203,cate8,33,18,0.600586,0.683594,0.060547,0.273438
cate8-00203,cate8,34,19,0.639648,0.665039,0.060547,0.228516
cate8-00203,cate8,35,20,0.673828,0.661133,0.054688,0.240234
cate8-00203,cate8,36,21,0.731445,0.654297,0.087891,0.257812
cate8-00203,cate8,37,22,0.798828,0.610352,0.109375,0.232422
cate8-00203,cate8,38,23,0.849609,0.559570,0.085938,0.201172
cate8-00203,cate8,41,24,0.497070,0.643555,0.025391,0.173828
cate8-00203,cate8,42,25,0.468750,0.642578,0.035156,0.183594
cate8-00203,cate8,43,26,0.427734,0.666992,0.050781,0.255859
cate8-00203,cate8,44,27,0.378906,0.667969,0.050781,0.238281
cate8-00203,cate8,45,28,0.336914,0.664062,0.052734,0.230469
cate8-00203,cate8,47,30,0.228516,0.637695,0.128906,0.220703
cate8-00203,cate8,48,31,0.165039,0.573242,0.119141,0.181641
cate8-00209,cate8,11,0,0.489258,0.366211,0.052734,0.314453
cate8-00209,cate8,12,1,0.453125,0.382812,0.050781,0.269531
cate8-00209,cate8,13,2,0.407227,0.358398,0.052734,0.326172
cate8-00209,cate8,14,3,0.366211,0.373047,0.052734,0.281250
cate8-00209,cate8,15,4,0.324219,0.385742,0.046875,0.232422
cate8-00209,cate8,16,5,0.276367,0.372070,0.064453,0.212891
cate8-00209,cate8,17,6,0.214844,0.351562,0.062500,0.218750
cate8-00209,cate8,21,8,0.533203,0.378906,0.046875,0.304688
cate8-00209,cate8,22,9,0.569336,0.390625,0.037109,0.250000
cate8-00209,cate8,23,10,0.613281,0.378906,0.050781,0.300781
cate8-00209,cate8,24,11,0.646484,0.369141,0.046875,0.304688
cate8-00209,cate8,25,12,0.686523,0.375000,0.052734,0.273438
cate8-00209,cate8,26,13,0.728516,0.346680,0.066406,0.166016
cate8-00209,cate8,27,14,0.785156,0.360352,0.058594,0.220703
cate8-00209,cate8,31,16,0.520508,0.636719,0.025391,0.179688
cate8-00209,cate8,32,17,0.548828,0.656250,0.031250,0.222656
cate8-00209,cate8,33,18,0.591797,0.666992,0.054688,0.279297
cate8-00209,cate8,34,19,0.624023,0.657227,0.044922,0.248047
cate8-00209,cate8,35,20,0.666992,0.648438,0.072266,0.246094
cate8-00209,cate8,36,21,0.731445,0.622070,0.099609,0.232422
cate8-00209,cate8,37,22,0.789062,0.582031,0.089844,0.214844
cate8-00209,cate8,38,23,0.850586,0.549805,0.076172,0.205078
cate8-00209,cate8,41,24,0.493164,0.645508,0.029297,0.201172
cate8-00209,cate8,42,25,0.464844,0.646484,0.031250,0.210938
cate8-00209,cate8,43,26,0.424805,0.669922,0.052734,0.304688
cate8-00209,cate8,44,27,0.384766,0.654297,0.046875,0.261719
cate8-00209,cate8,45,28,0.332031,0.652344,0.062500,0.257812
cate8-00209,cate8,46,29,0.281250,0.617188,0.082031,0.234375
cate8-00209,cate8,47,30,0.222656,0.583008,0.089844,0.224609
cate8-00209,cate8,48,31,0.154297,0.531250,0.085938,0.164062
cate8-00210,cate8,11,0,0.483398,0.437500,0.056641,0.253906
cate8-00210,cate8,12,1,0.449219,0.441406,0.042969,0.250000
cate8-00210,cate8,14,3,0.375977,0.433594,0.037109,0.238281
cate8-00210,cate8,15,4,0.348633,0.431641,0.044922,0.230469
cate8-00210,cate8,16,5,0.297852,0.443359,0.064453,0.214844
cate8-00210,cate8,17,6,0.230469,0.385742,0.062500,0.193359
cate8-00210,cate8,21,8,0.537109,0.435547,0.074219,0.250000
cate8-00210,cate8,22,9,0.568359,0.449219,0.054688,0.234375
cate8-00210,cate8,23,10,0.609375,0.433594,0.050781,0.281250
cate8-00210,cate8,24,11,0.637695,0.451172,0.037109,0.230469
cate8-00210,cate8,25,12,0.675781,0.449219,0.042969,0.234375
cate8-00210,cate8,26,13,0.722656,0.458008,0.058594,0.201172
cate8-00210,cate8,27,14,0.765625,0.429688,0.070312,0.179688
cate8-00210,cate8,28,15,0.800781,0.392578,0.082031,0.164062
cate8-00210,cate8,31,16,0.532227,0.672852,0.029297,0.173828
cate8-00210,cate8,32,17,0.563477,0.677734,0.033203,0.199219
cate8-00210,cate8,33,18,0.597656,0.699219,0.046875,0.246094
cate8-00210,cate8,34,19,0.636719,0.685547,0.042969,0.210938
cate8-00210,cate8,35,20,0.680664,0.687500,0.044922,0.222656
cate8-00210,cate8,37,22,0.755859,0.638672,0.101562,0.167969
cate8-00210,cate8,38,23,0.804688,0.584961,0.097656,0.173828
cate8-00210,cate8,41,24,0.501953,0.681641,0.031250,0.203125
cate8-00210,cate8,42,25,0.471680,0.674805,0.033203,0.177734
cate8-00210,cate8,43,26,0.431641,0.685547,0.046875,0.250000
cate8-00210,cate8,44,27,0.386719,0.679688,0.054688,0.226562
cate8-00210,cate8,45,28,0.347656,0.668945,0.046875,0.212891
cate8-00210,cate8,47,30,0.239258,0.595703,0.119141,0.160156
cate8-00210,cate8,48,31,0.176758,0.541016,0.115234,0.164062
cate8-00215,cate8,11,0,0.485352,0.384766,0.044922,0.230469
cate8-00215,cate8,12,1,0.441406,0.381836,0.035156,0.220703
cate8-00215,cate8,13,2,0.395508,0.375977,0.056641,0.240234
cate8-00215,cate8,14,3,0.360352,0.370117,0.048828,0.248047
cate8-00215,cate8,15,4,0.319336,0.365234,0.044922,0.230469
cate8-00215,cate8,16,5,0.267578,0.363281,0.066406,0.199219
cate8-00215,cate8,17,6,0.209961,0.339844,0.072266,0.203125
cate8-00215,cate8,18,7,0.172852,0.278320,0.064453,0.146484
cate8-00215,cate8,21,8,0.532227,0.381836,0.048828,0.248047
cate8-00215,cate8,22,9,0.575195,0.380859,0.033203,0.234375
cate8-00215,cate8,23,10,0.618164,0.369141,0.052734,0.261719
cate8-00215,cate8,24,11,0.657227,0.375000,0.052734,0.222656
cate8-00215,cate8,25,12,0.694336,0.364258,0.041016,0.228516
cate8-00215,cate8,26,13,0.747070,0.361328,0.064453,0.210938
cate8-00215,cate8,27,14,0.805664,0.345703,0.060547,0.207031
cate8-00215,cate8,28,15,0.858398,0.313477,0.060547,0.091797
cate8-00215,cate8,31,16,0.515625,0.613281,0.031250,0.167969
cate8-00215,cate8,32,17,0.545898,0.623047,0.029297,0.195312
cate8-00215,cate8,33,18,0.583984,0.643555,0.046875,0.240234
cate8-00215,cate8,34,19,0.629883,0.632812,0.048828,0.203125
cate8-00215,cate8,35,20,0.674805,0.620117,0.056641,0.205078
cate8-00215,cate8,36,21,0.729492,0.605469,0.080078,0.210938
cate8-00215,cate8,37,22,0.799805,0.571289,0.080078,0.185547
cate8-00215,cate8,41,24,0.486328,0.615234,0.023438,0.179688
cate8-00215,cate8,42,25,0.458984,0.615234,0.031250,0.199219
cate8-00215,cate8,43,26,0.416016,0.637695,0.050781,0.244141
cate8-00215,cate8,44,27,0.377930,0.620117,0.048828,0.205078
cate8-00215,cate8,45,28,0.333984,0.615234,0.062500,0.207031
cate8-00215,cate8,46,29,0.282227,0.597656,0.080078,0.214844
cate8-00215,cate8,47,30,0.208008,0.554688,0.087891,0.183594
cate8-00217,cate8,11,0,0.488281,0.332031,0.050781,0.273438
cate8-00217,cate8,12,1,0.452148,0.319336,0.056641,0.263672
cate8-00217,cate8,13,2,0.405273,0.299805,0.052734,0.306641
cate8-00217,cate8,14,3,0.361328,0.341797,0.050781,0.195312
cate8-00217,cate8,16,5,0.315430,0.348633,0.068359,0.216797
cate8-00217,cate8,17,6,0.252930,0.348633,0.060547,0.216797
cate8-00217,cate8,18,7,0.200195,0.328125,0.064453,0.203125
cate8-00217,cate8,21,8,0.534180,0.347656,0.052734,0.253906
cate8-00217,cate8,22,9,0.575195,0.350586,0.041016,0.232422
cate8-00217,cate8,23,10,0.613281,0.347656,0.046875,0.253906
cate8-00217,cate8,24,11,0.647461,0.367188,0.041016,0.207031
cate8-00217,cate8,25,12,0.679688,0.368164,0.039062,0.193359
cate8-00217,cate8,26,13,0.727539,0.346680,0.064453,0.228516
cate8-00217,cate8,27,14,0.783203,0.343750,0.062500,0.210938
cate8-00217,cate8,28,15,0.811523,0.256836,0.076172,0.173828
cate8-00217,cate8,31,16,0.526367,0.596680,0.025391,0.205078
cate8-00217,cate8,32,17,0.557617,0.605469,0.033203,0.234375
cate8-00217,cate8,33,18,0.588867,0.622070,0.037109,0.263672
cate8-00217,cate8,34,19,0.626953,0.610352,0.042969,0.236328
cate8-00217,cate8,35,20,0.664062,0.597656,0.042969,0.222656
cate8-00217,cate8,36,21,0.719727,0.600586,0.076172,0.244141
cate8-00217,cate8,37,22,0.774414,0.569336,0.072266,0.220703
cate8-00217,cate8,38,23,0.836914,0.569336,0.072266,0.138672
cate8-00217,cate8,41,24,0.501953,0.594727,0.031250,0.212891
cate8-00217,cate8,42,25,0.471680,0.598633,0.044922,0.232422
cate8-00217,cate8,43,26,0.436523,0.606445,0.048828,0.271484
cate8-00217,cate8,44,27,0.396484,0.607422,0.046875,0.269531
cate8-00217,cate8,45,28,0.353516,0.594727,0.046875,0.228516
cate8-00217,cate8,46,29,0.291016,0.593750,0.082031,0.234375
cate8-00217,cate8,47,30,0.229492,0.572266,0.080078,0.238281
cate8-00221,cate8,11,0,0.487305,0.420898,0.041016,0.220703
cate8-00221,cate8,12,1,0.451172,0.427734,0.031250,0.191406
cate8-00221,cate8,15,4,0.352539,0.424805,0.048828,0.189453
cate8-00221,cate8,16,5,0.309570,0.444336,0.064453,0.197266
cate8-00221,cate8,17,6,0.252930,0.444336,0.052734,0.185547
cate8-00221,cate8,21,8,0.525391,0.427734,0.039062,0.218750
cate8-00221,cate8,22,9,0.561523,0.437500,0.033203,0.187500
cate8-00221,cate8,23,10,0.594727,0.414062,0.041016,0.250000
cate8-00221,cate8,24,11,0.627930,0.426758,0.037109,0.208984
cate8-00221,cate8,26,13,0.694336,0.432617,0.072266,0.208984
cate8-00221,cate8,27,14,0.748047,0.438477,0.050781,0.193359
cate8-00221,cate8,31,16,0.513672,0.648438,0.027344,0.183594
cate8-00221,cate8,32,17,0.539062,0.648438,0.027344,0.175781
cate8-00221,cate8,33,18,0.568359,0.648438,0.039062,0.207031
cate8-00221,cate8,34,19,0.599609,0.646484,0.039062,0.175781
cate8-00221,cate8,41,24,0.491211,0.643555,0.029297,0.169922
cate8-00221,cate8,42,25,0.465820,0.637695,0.033203,0.193359
cate8-00221,cate8,43,26,0.434570,0.652344,0.041016,0.214844
cate8-00221,cate8,44,27,0.401367,0.631836,0.044922,0.185547
cate8-00221,cate8,45,28,0.366211,0.630859,0.052734,0.187500
cate8-00224,cate8,13,2,0.428711,0.376953,0.048828,0.242188
cate8-00224,cate8,14,3,0.399414,0.396484,0.044922,0.214844
cate8-00224,cate8,15,4,0.367188,0.406250,0.042969,0.214844
cate8-00224,cate8,16,5,0.326172,0.408203,0.062500,0.210938
cate8-00224,cate8,17,6,0.269531,0.398438,0.062500,0.199219
cate8-00224,cate8,24,11,0.615234,0.392578,0.042969,0.238281
cate8-00224,cate8,25,12,0.644531,0.386719,0.035156,0.230469
cate8-00224,cate8,26,13,0.691406,0.390625,0.058594,0.207031
cate8-00224,cate8,27,14,0.744141,0.369141,0.054688,0.179688
cate8-00224,cate8,31,16,0.527344,0.625977,0.027344,0.189453
cate8-00224,cate8,32,17,0.555664,0.631836,0.029297,0.205078
cate8-00224,cate8,33,18,0.583984,0.650391,0.042969,0.226562
cate8-00224,cate8,36,21,0.732422,0.559570,0.113281,0.150391
cate8-00224,cate8,37,22,0.766602,0.500977,0.095703,0.158203
cate8-00224,cate8,41,24,0.501953,0.632812,0.031250,0.199219
cate8-00224,cate8,42,25,0.475586,0.630859,0.041016,0.207031
cate8-00224,cate8,43,26,0.445312,0.635742,0.046875,0.244141
cate8-00224,cate8,44,27,0.412109,0.631836,0.046875,0.232422
cate8-00224,cate8,45,28,0.368164,0.630859,0.052734,0.234375
cate8-00224,cate8,47,30,0.273438,0.568359,0.109375,0.152344
cate8-00227,cate8,11,0,0.477539,0.437500,0.044922,0.230469
cate8-00227,cate8,12,1,0.444336,0.438477,0.037109,0.216797
cate8-00227,cate8,13,2,0.409180,0.424805,0.033203,0.240234
cate8-00227,cate8,14,3,0.377930,0.420898,0.037109,0.220703
cate8-00227,cate8,16,5,0.331055,0.418945,0.064453,0.212891
cate8-00227,cate8,17,6,0.277344,0.401367,0.050781,0.224609
cate8-00227,cate8,21,8,0.520508,0.446289,0.041016,0.216797
cate8-00227,cate8,22,9,0.559570,0.441406,0.033203,0.203125
cate8-00227,cate8,23,10,0.593750,0.419922,0.042969,0.261719
cate8-00227,cate8,24,11,0.623047,0.425781,0.042969,0.234375
cate8-00227,cate8,25,12,0.650391,0.414062,0.039062,0.226562
cate8-00227,cate8,26,13,0.700195,0.407227,0.064453,0.208984
cate8-00227,cate8,27,14,0.749023,0.390625,0.048828,0.195312
cate8-00227,cate8,31,16,0.504883,0.675781,0.025391,0.183594
cate8-00227,cate8,32,17,0.529297,0.666016,0.035156,0.179688
cate8-00227,cate8,33,18,0.564453,0.676758,0.042969,0.193359
cate8-00227,cate8,36,21,0.641602,0.669922,0.044922,0.210938
cate8-00227,cate8,37,22,0.713867,0.619141,0.115234,0.160156
cate8-00227,cate8,38,23,0.752930,0.560547,0.076172,0.140625
cate8-00227,cate8,41,24,0.480469,0.662109,0.031250,0.171875
cate8-00227,cate8,42,25,0.455078,0.672852,0.027344,0.185547
cate8-00227,cate8,43,26,0.424805,0.662109,0.037109,0.179688
cate8-00227,cate8,44,27,0.392578,0.676758,0.042969,0.201172
cate8-00227,cate8,45,28,0.353516,0.675781,0.050781,0.199219
cate8-00227,cate8,47,30,0.262695,0.633789,0.095703,0.181641
cate8-00231,cate8,11,0,0.506836,0.349609,0.052734,0.285156
cate8-00231,cate8,12,1,0.477539,0.341797,0.056641,0.261719
cate8-00231,cate8,13,2,0.434570,0.338867,0.060547,0.263672
cate8-00231,cate8,14,3,0.384766,0.328125,0.050781,0.250000
cate8-00231,cate8,15,4,0.345703,0.322266,0.046875,0.222656
cate8-00231,cate8,16,5,0.288086,0.319336,0.068359,0.201172
cate8-00231,cate8,17,6,0.231445,0.295898,0.052734,0.185547
cate8-00231,cate8,21,8,0.558594,0.378906,0.042969,0.261719
cate8-00231,cate8,22,9,0.596680,0.382812,0.033203,0.242188
cate8-00231,cate8,23,10,0.631836,0.381836,0.041016,0.267578
cate8-00231,cate8,24,11,0.666992,0.377930,0.048828,0.240234
cate8-00231,cate8,25,12,0.705078,0.383789,0.042969,0.216797
cate8-00231,cate8,27,14,0.790039,0.328125,0.052734,0.199219
cate8-00231,cate8,31,16,0.512695,0.624023,0.037109,0.216797
cate8-00231,cate8,32,17,0.535156,0.624023,0.042969,0.212891
cate8-00231,cate8,33,18,0.567383,0.634766,0.052734,0.242188
cate8-00231,cate8,34,19,0.612305,0.639648,0.044922,0.244141
cate8-00231,cate8,35,20,0.653320,0.634766,0.041016,0.238281
cate8-00231,cate8,36,21,0.739258,0.598633,0.130859,0.189453
cate8-00231,cate8,37,22,0.791992,0.541016,0.115234,0.179688
cate8-00231,cate8,41,24,0.483398,0.621094,0.033203,0.207031
cate8-00231,cate8,42,25,0.461914,0.618164,0.029297,0.228516
cate8-00231,cate8,43,26,0.427734,0.613281,0.042969,0.242188
cate8-00231,cate8,44,27,0.389648,0.604492,0.044922,0.228516
cate8-00231,cate8,45,28,0.350586,0.593750,0.044922,0.230469
cate8-00231,cate8,46,29,0.274414,0.560547,0.111328,0.199219
cate8-00231,cate8,47,30,0.217773,0.492188,0.103516,0.167969
cate8-00233,cate8,11,0,0.467773,0.397461,0.044922,0.173828
cate8-00233,cate8,12,1,0.422852,0.391602,0.037109,0.162109
cate8-00233,cate8,13,2,0.382812,0.384766,0.039062,0.179688
cate8-00233,cate8,14,3,0.342773,0.396484,0.044922,0.171875
cate8-00233,cate8,15,4,0.305664,0.425781,0.041016,0.171875
cate8-00233,cate8,16,5,0.262695,0.447266,0.056641,0.167969
cate8-00233,cate8,17,6,0.206055,0.439453,0.056641,0.164062
cate8-00233,cate8,21,8,0.524414,0.390625,0.044922,0.179688
cate8-00233,cate8,22,9,0.570312,0.399414,0.035156,0.173828
cate8-00233,cate8,23,10,0.612305,0.395508,0.056641,0.205078
cate8-00233,cate8,25,12,0.698242,0.425781,0.041016,0.179688
cate8-00233,cate8,26,13,0.744141,0.440430,0.054688,0.169922
cate8-00233,cate8,27,14,0.797852,0.430664,0.060547,0.169922
cate8-00233,cate8,31,16,0.500000,0.575195,0.027344,0.150391
cate8-00233,cate8,32,17,0.529297,0.582031,0.031250,0.164062
cate8-00233,cate8,33,18,0.566406,0.591797,0.042969,0.183594
cate8-00233,cate8,34,19,0.624023,0.596680,0.052734,0.162109
cate8-00233,cate8,35,20,0.669922,0.626953,0.050781,0.160156
cate8-00233,cate8,38,23,0.812500,0.599609,0.066406,0.097656
cate8-00233,cate8,41,24,0.471680,0.570312,0.025391,0.136719
cate8-00233,cate8,42,25,0.437500,0.582031,0.031250,0.152344
cate8-00233,cate8,43,26,0.400391,0.598633,0.046875,0.185547
cate8-00233,cate8,44,27,0.354492,0.598633,0.044922,0.150391
cate8-00233,cate8,45,28,0.323242,0.621094,0.041016,0.152344
cate8-00233,cate8,47,30,0.232422,0.634766,0.082031,0.136719
cate8-00233,cate8,48,31,0.193359,0.596680,0.054688,0.103516
cate8-00238,cate8,11,0,0.492188,0.435547,0.042969,0.222656
cate8-00238,cate8,12,1,0.461914,0.428711,0.041016,0.208984
cate8-00238,cate8,13,2,0.432617,0.429688,0.044922,0.214844
cate8-00238,cate8,14,3,0.402344,0.416992,0.042969,0.208984
cate8-00238,cate8,15,4,0.364258,0.416992,0.041016,0.208984
cate8-00238,cate8,16,5,0.321289,0.431641,0.056641,0.175781
cate8-00238,cate8,17,6,0.266602,0.405273,0.064453,0.193359
cate8-00238,cate8,21,8,0.526367,0.431641,0.037109,0.234375
cate8-00238,cate8,22,9,0.556641,0.431641,0.031250,0.230469
cate8-00238,cate8,23,10,0.587891,0.424805,0.039062,0.240234
cate8-00238,cate8,24,11,0.616211,0.434570,0.037109,0.193359
cate8-00238,cate8,25,12,0.644531,0.437500,0.035156,0.191406
cate8-00238,cate8,26,13,0.683594,0.433594,0.054688,0.218750
cate8-00238,cate8,27,14,0.729492,0.416016,0.056641,0.183594
cate8-00238,cate8,31,16,0.508789,0.655273,0.025391,0.169922
cate8-00238,cate8,32,17,0.532227,0.658203,0.025391,0.187500
cate8-00238,cate8,33,18,0.559570,0.670898,0.029297,0.189453
cate8-00238,cate8,34,19,0.587891,0.658203,0.042969,0.210938
cate8-00238,cate8,35,20,0.625000,0.656250,0.050781,0.207031
cate8-00238,cate8,37,22,0.728516,0.603516,0.070312,0.175781
cate8-00238,cate8,41,24,0.485352,0.645508,0.025391,0.154297
cate8-00238,cate8,42,25,0.461914,0.650391,0.033203,0.175781
cate8-00238,cate8,43,26,0.433594,0.655273,0.042969,0.205078
cate8-00238,cate8,44,27,0.402344,0.643555,0.046875,0.220703
cate8-00238,cate8,45,28,0.370117,0.642578,0.044922,0.214844
cate8-00238,cate8,46,29,0.306641,0.647461,0.093750,0.220703
cate8-00238,cate8,47,30,0.255859,0.596680,0.097656,0.177734
cate8-00239,cate8,11,0,0.477539,0.422852,0.041016,0.212891
cate8-00239,cate8,12,1,0.452148,0.416992,0.044922,0.224609
cate8-00239,cate8,13,2,0.415039,0.416992,0.064453,0.173828
cate8-00239,cate8,14,3,0.402344,0.422852,0.066406,0.193359
cate8-00239,cate8,15,4,0.368164,0.422852,0.048828,0.201172
cate8-00239,cate8,16,5,0.324219,0.412109,0.062500,0.230469
cate8-00239,cate8,18,7,0.228516,0.378906,0.054688,0.183594
cate8-00239,cate8,21,8,0.508789,0.423828,0.044922,0.218750
cate8-00239,cate8,22,9,0.541016,0.414062,0.046875,0.222656
cate8-00239,cate8,23,10,0.575195,0.416992,0.041016,0.232422
cate8-00239,cate8,26,13,0.679688,0.423828,0.062500,0.218750
cate8-00239,cate8,28,15,0.774414,0.387695,0.060547,0.224609
cate8-00239,cate8,31,16,0.528320,0.641602,0.025391,0.162109
cate8-00239,cate8,32,17,0.552734,0.647461,0.027344,0.173828
cate8-00239,cate8,33,18,0.583984,0.672852,0.035156,0.212891
cate8-00239,cate8,34,19,0.620117,0.659180,0.041016,0.205078
cate8-00239,cate8,35,20,0.658203,0.664062,0.050781,0.222656
cate8-00239,cate8,38,23,0.805664,0.567383,0.095703,0.158203
cate8-00239,cate8,41,24,0.501953,0.640625,0.027344,0.171875
cate8-00239,cate8,42,25,0.474609,0.631836,0.031250,0.162109
cate8-00239,cate8,43,26,0.442383,0.651367,0.041016,0.208984
cate8-00239,cate8,44,27,0.405273,0.644531,0.044922,0.226562
cate8-00239,cate8,45,28,0.375977,0.646484,0.048828,0.234375
cate8-00239,cate8,48,31,0.228516,0.564453,0.085938,0.167969
cate8-00245,cate8,11,0,0.470703,0.422852,0.046875,0.267578
cate8-00245,cate8,12,1,0.428711,0.431641,0.037109,0.246094
cate8-00245,cate8,13,2,0.389648,0.414062,0.044922,0.265625
cate8-00245,cate8,14,3,0.350586,0.425781,0.048828,0.218750
cate8-00245,cate8,16,5,0.276367,0.433594,0.072266,0.191406
cate8-00245,cate8,21,8,0.516602,0.420898,0.052734,0.244141
cate8-00245,cate8,22,9,0.556641,0.416016,0.046875,0.230469
cate8-00245,cate8,23,10,0.596680,0.395508,0.048828,0.263672
cate8-00245,cate8,24,11,0.634766,0.407227,0.054688,0.212891
cate8-00245,cate8,27,14,0.721680,0.364258,0.080078,0.205078
cate8-00245,cate8,31,16,0.513672,0.654297,0.035156,0.160156
cate8-00245,cate8,32,17,0.540039,0.660156,0.033203,0.179688
cate8-00245,cate8,33,18,0.581055,0.684570,0.056641,0.236328
cate8-00245,cate8,34,19,0.618164,0.653320,0.044922,0.212891
cate8-00245,cate8,35,20,0.660156,0.633789,0.058594,0.201172
cate8-00245,cate8,36,21,0.731445,0.593750,0.123047,0.187500
cate8-00245,cate8,37,22,0.778320,0.514648,0.111328,0.185547
cate8-00245,cate8,41,24,0.486328,0.656250,0.035156,0.167969
cate8-00245,cate8,42,25,0.460938,0.666016,0.046875,0.195312
cate8-00245,cate8,43,26,0.424805,0.665039,0.044922,0.205078
cate8-00245,cate8,44,27,0.379883,0.650391,0.044922,0.183594
cate8-00245,cate8,45,28,0.337891,0.645508,0.046875,0.212891
cate8-00246,cate8,11,0,0.497070,0.470703,0.033203,0.187500
cate8-00246,cate8,16,5,0.412109,0.454102,0.050781,0.208984
cate8-00246,cate8,17,6,0.375977,0.471680,0.041016,0.212891
cate8-00246,cate8,21,8,0.532227,0.465820,0.037109,0.216797
cate8-00246,cate8,25,12,0.654297,0.448242,0.031250,0.169922
cate8-00246,cate8,26,13,0.694336,0.477539,0.060547,0.197266
cate8-00246,cate8,27,14,0.746094,0.470703,0.054688,0.226562
cate8-00246,cate8,33,18,0.580078,0.673828,0.042969,0.203125
cate8-00246,cate8,34,19,0.612305,0.679688,0.052734,0.203125
cate8-00246,cate8,43,26,0.472656,0.666992,0.027344,0.162109
cate8-00246,cate8,44,27,0.442383,0.668945,0.033203,0.181641
cate8-00251,cate8,11,0,0.494141,0.403320,0.039062,0.236328
cate8-00251,cate8,12,1,0.463867,0.397461,0.029297,0.232422
cate8-00251,cate8,13,2,0.432617,0.382812,0.037109,0.230469
cate8-00251,cate8,14,3,0.401367,0.388672,0.044922,0.207031
cate8-00251,cate8,15,4,0.369141,0.394531,0.031250,0.199219
cate8-00251,cate8,16,5,0.332031,0.395508,0.058594,0.201172
cate8-00251,cate8,17,6,0.278320,0.372070,0.056641,0.201172
cate8-00251,cate8,21,8,0.530273,0.398438,0.037109,0.246094
cate8-00251,cate8,22,9,0.560547,0.416016,0.031250,0.199219
cate8-00251,cate8,23,10,0.592773,0.385742,0.033203,0.255859
cate8-00251,cate8,24,11,0.620117,0.399414,0.041016,0.228516
cate8-00251,cate8,25,12,0.650391,0.388672,0.035156,0.214844
cate8-00251,cate8,26,13,0.692383,0.393555,0.056641,0.208984
cate8-00251,cate8,27,14,0.745117,0.383789,0.052734,0.197266
cate8-00251,cate8,31,16,0.516602,0.602539,0.021484,0.130859
cate8-00251,cate8,32,17,0.539062,0.602539,0.027344,0.146484
cate8-00251,cate8,33,18,0.576172,0.619141,0.039062,0.195312
cate8-00251,cate8,34,19,0.631836,0.614258,0.041016,0.189453
cate8-00251,cate8,35,20,0.666992,0.625977,0.037109,0.212891
cate8-00251,cate8,36,21,0.721680,0.594727,0.091797,0.185547
cate8-00251,cate8,41,24,0.494141,0.601562,0.027344,0.121094
cate8-00251,cate8,42,25,0.470703,0.610352,0.023438,0.154297
cate8-00251,cate8,43,26,0.428711,0.609375,0.033203,0.195312
cate8-00251,cate8,44,27,0.397461,0.609375,0.037109,0.199219
cate8-00251,cate8,45,28,0.362305,0.602539,0.037109,0.181641
cate8-00251,cate8,47,30,0.266602,0.577148,0.107422,0.181641
cate8-00253,cate8,11,0,0.468750,0.456055,0.042969,0.244141
cate8-00253,cate8,12,1,0.439453,0.452148,0.046875,0.251953
cate8-00253,cate8,13,2,0.401367,0.419922,0.044922,0.238281
cate8-00253,cate8,14,3,0.367188,0.415039,0.050781,0.173828
cate8-00253,cate8,16,5,0.328125,0.395508,0.046875,0.130859
cate8-00253,cate8,17,6,0.273438,0.445312,0.062500,0.191406
cate8-00253,cate8,18,7,0.243164,0.375000,0.064453,0.121094
cate8-00253,cate8,21,8,0.512695,0.460938,0.044922,0.246094
cate8-00253,cate8,22,9,0.545898,0.458008,0.060547,0.228516
cate8-00253,cate8,24,11,0.590820,0.438477,0.048828,0.212891
cate8-00253,cate8,25,12,0.632812,0.458008,0.050781,0.185547
cate8-00253,cate8,27,14,0.708008,0.445312,0.068359,0.187500
cate8-00253,cate8,28,15,0.753906,0.381836,0.062500,0.126953
cate8-00253,cate8,31,16,0.507812,0.691406,0.027344,0.171875
cate8-00253,cate8,32,17,0.537109,0.704102,0.042969,0.189453
cate8-00253,cate8,33,18,0.565430,0.740234,0.048828,0.222656
cate8-00253,cate8,34,19,0.608398,0.735352,0.048828,0.201172
cate8-00253,cate8,36,21,0.647461,0.654297,0.076172,0.144531
cate8-00253,cate8,37,22,0.715820,0.673828,0.083984,0.210938
cate8-00253,cate8,38,23,0.783203,0.630859,0.078125,0.140625
cate8-00253,cate8,41,24,0.479492,0.683594,0.033203,0.160156
cate8-00253,cate8,42,25,0.451172,0.706055,0.039062,0.193359
cate8-00253,cate8,43,26,0.417969,0.720703,0.039062,0.230469
cate8-00253,cate8,44,27,0.383789,0.730469,0.044922,0.199219
cate8-00253,cate8,46,29,0.343750,0.662109,0.074219,0.144531
cate8-00253,cate8,47,30,0.284180,0.673828,0.087891,0.203125
cate8-00253,cate8,48,31,0.214844,0.630859,0.085938,0.136719
cate8-00257,cate8,13,2,0.423828,0.518555,0.035156,0.232422
cate8-00257,cate8,14,3,0.396484,0.530273,0.039062,0.201172
cate8-00257,cate8,15,4,0.363281,0.513672,0.039062,0.203125
cate8-00257,cate8,17,6,0.294922,0.486328,0.062500,0.187500
cate8-00257,cate8,18,7,0.257812,0.392578,0.054688,0.136719
cate8-00257,cate8,23,10,0.589844,0.523438,0.039062,0.230469
cate8-00257,cate8,24,11,0.619141,0.521484,0.042969,0.210938
cate8-00257,cate8,25,12,0.653320,0.515625,0.037109,0.199219
cate8-00257,cate8,27,14,0.709961,0.491211,0.056641,0.201172
cate8-00257,cate8,28,15,0.746094,0.434570,0.050781,0.154297
cate8-00257,cate8,32,17,0.568359,0.711914,0.035156,0.185547
cate8-00257,cate8,33,18,0.601562,0.715820,0.035156,0.193359
cate8-00257,cate8,34,19,0.633789,0.706055,0.041016,0.185547
cate8-00257,cate8,35,20,0.675781,0.704102,0.042969,0.185547
cate8-00257,cate8,37,22,0.764648,0.625977,0.095703,0.150391
cate8-00257,cate8,38,23,0.812500,0.595703,0.058594,0.140625
cate8-00257,cate8,42,25,0.468750,0.702148,0.031250,0.158203
cate8-00257,cate8,43,26,0.436523,0.709961,0.041016,0.205078
cate8-00257,cate8,44,27,0.402344,0.713867,0.039062,0.193359
cate8-00257,cate8,45,28,0.351562,0.707031,0.066406,0.179688
cate8-00257,cate8,46,29,0.306641,0.676758,0.089844,0.189453
cate8-00257,cate8,47,30,0.244141,0.625977,0.085938,0.150391
cate8-00260,cate8,11,0,0.470703,0.421875,0.046875,0.238281
cate8-00260,cate8,12,1,0.436523,0.416016,0.052734,0.261719
cate8-00260,cate8,13,2,0.409180,0.333008,0.052734,0.271484
cate8-00260,cate8,15,4,0.354492,0.360352,0.056641,0.181641
cate8-00260,cate8,17,6,0.284180,0.379883,0.076172,0.228516
cate8-00260,cate8,18,7,0.249023,0.306641,0.068359,0.152344
cate8-00260,cate8,21,8,0.514648,0.416992,0.048828,0.251953
cate8-00260,cate8,22,9,0.556641,0.412109,0.039062,0.257812
cate8-00260,cate8,23,10,0.592773,0.402344,0.048828,0.300781
cate8-00260,cate8,24,11,0.632812,0.420898,0.058594,0.228516
cate8-00260,cate8,25,12,0.669922,0.406250,0.054688,0.210938
cate8-00260,cate8,27,14,0.725586,0.380859,0.068359,0.218750
cate8-00260,cate8,28,15,0.755859,0.301758,0.070312,0.154297
cate8-00260,cate8,31,16,0.530273,0.663086,0.029297,0.205078
cate8-00260,cate8,32,17,0.557617,0.666992,0.033203,0.212891
cate8-00260,cate8,33,18,0.596680,0.688477,0.052734,0.240234
cate8-00260,cate8,34,19,0.631836,0.668945,0.060547,0.220703
cate8-00260,cate8,35,20,0.678711,0.596680,0.087891,0.138672
cate8-00260,cate8,36,21,0.750000,0.617188,0.113281,0.242188
cate8-00260,cate8,37,22,0.806641,0.593750,0.082031,0.160156
cate8-00260,cate8,41,24,0.501953,0.647461,0.031250,0.181641
cate8-00260,cate8,42,25,0.470703,0.654297,0.039062,0.195312
cate8-00260,cate8,43,26,0.433594,0.678711,0.050781,0.220703
cate8-00260,cate8,44,27,0.401367,0.666992,0.044922,0.244141
cate8-00260,cate8,45,28,0.348633,0.590820,0.080078,0.130859
cate8-00260,cate8,46,29,0.278320,0.625000,0.111328,0.250000
cate8-00260,cate8,47,30,0.208984,0.605469,0.093750,0.167969
cate8-00263,cate8,15,4,0.375977,0.532227,0.041016,0.208984
cate8-00263,cate8,17,6,0.269531,0.518555,0.058594,0.189453
cate8-00263,cate8,23,10,0.594727,0.522461,0.041016,0.228516
cate8-00263,cate8,24,11,0.628906,0.539062,0.042969,0.234375
cate8-00263,cate8,27,14,0.758789,0.542969,0.056641,0.183594
cate8-00263,cate8,31,16,0.526367,0.698242,0.025391,0.158203
cate8-00263,cate8,32,17,0.550781,0.716797,0.031250,0.195312
cate8-00263,cate8,33,18,0.578125,0.737305,0.042969,0.216797
cate8-00263,cate8,34,19,0.614258,0.746094,0.041016,0.203125
cate8-00263,cate8,35,20,0.651367,0.759766,0.044922,0.238281
cate8-00263,cate8,37,22,0.761719,0.708008,0.109375,0.146484
cate8-00263,cate8,41,24,0.500977,0.703125,0.025391,0.156250
cate8-00263,cate8,42,25,0.475586,0.714844,0.029297,0.207031
cate8-00263,cate8,43,26,0.445312,0.718750,0.039062,0.222656
cate8-00263,cate8,44,27,0.410156,0.741211,0.042969,0.232422
cate8-00263,cate8,45,28,0.375977,0.744141,0.060547,0.222656
cate8-00263,cate8,46,29,0.316406,0.708984,0.093750,0.203125
cate8-00267,cate8,11,0,0.498047,0.366211,0.046875,0.232422
cate8-00267,cate8,12,1,0.459961,0.373047,0.052734,0.207031
cate8-00267,cate8,13,2,0.411133,0.331055,0.060547,0.287109
cate8-00267,cate8,14,3,0.366211,0.319336,0.037109,0.169922
cate8-00267,cate8,15,4,0.327148,0.330078,0.052734,0.242188
cate8-00267,cate8,16,5,0.265625,0.316406,0.070312,0.226562
cate8-00267,cate8,17,6,0.201172,0.273438,0.066406,0.195312
cate8-00267,cate8,21,8,0.547852,0.375000,0.048828,0.234375
cate8-00267,cate8,22,9,0.588867,0.370117,0.041016,0.232422
cate8-00267,cate8,23,10,0.632812,0.371094,0.046875,0.234375
cate8-00267,cate8,24,11,0.671875,0.341797,0.042969,0.175781
cate8-00267,cate8,25,12,0.708008,0.350586,0.041016,0.208984
cate8-00267,cate8,26,13,0.750000,0.332031,0.054688,0.152344
cate8-00267,cate8,27,14,0.797852,0.310547,0.052734,0.132812
cate8-00267,cate8,28,15,0.844727,0.313477,0.064453,0.173828
cate8-00267,cate8,31,16,0.528320,0.588867,0.033203,0.158203
cate8-00267,cate8,32,17,0.559570,0.606445,0.033203,0.193359
cate8-00267,cate8,33,18,0.604492,0.624023,0.060547,0.263672
cate8-00267,cate8,34,19,0.641602,0.591797,0.048828,0.203125
cate8-00267,cate8,35,20,0.691406,0.565430,0.062500,0.205078
cate8-00267,cate8,37,22,0.750000,0.529297,0.101562,0.199219
cate8-00267,cate8,38,23,0.807617,0.463867,0.083984,0.158203
cate8-00267,cate8,41,24,0.499023,0.584961,0.029297,0.146484
cate8-00267,cate8,42,25,0.471680,0.593750,0.033203,0.179688
cate8-00267,cate8,43,26,0.425781,0.612305,0.050781,0.236328
cate8-00267,cate8,44,27,0.381836,0.585938,0.041016,0.222656
cate8-00267,cate8,45,28,0.343750,0.572266,0.050781,0.210938
cate8-00267,cate8,47,30,0.251953,0.523438,0.125000,0.148438
cate8-00267,cate8,48,31,0.192383,0.464844,0.111328,0.175781
cate8-00269,cate8,11,0,0.484375,0.477539,0.042969,0.236328
cate8-00269,cate8,12,1,0.451172,0.466797,0.039062,0.218750
cate8-00269,cate8,13,2,0.414062,0.438477,0.042969,0.263672
cate8-00269,cate8,14,3,0.379883,0.442383,0.048828,0.236328
cate8-00269,cate8,15,4,0.340820,0.444336,0.044922,0.212891
cate8-00269,cate8,16,5,0.295898,0.426758,0.064453,0.212891
cate8-00269,cate8,17,6,0.240234,0.408203,0.070312,0.195312
cate8-00269,cate8,18,7,0.202148,0.333984,0.060547,0.167969
cate8-00269,cate8,21,8,0.527344,0.486328,0.042969,0.222656
cate8-00269,cate8,22,9,0.562500,0.480469,0.035156,0.207031
cate8-00269,cate8,23,10,0.601562,0.453125,0.039062,0.277344
cate8-00269,cate8,24,11,0.637695,0.453125,0.044922,0.253906
cate8-00269,cate8,25,12,0.675781,0.459961,0.039062,0.201172
cate8-00269,cate8,26,13,0.718750,0.441406,0.058594,0.210938
cate8-00269,cate8,27,14,0.769531,0.417969,0.058594,0.195312
cate8-00269,cate8,28,15,0.802734,0.346680,0.066406,0.158203
cate8-00269,cate8,31,16,0.513672,0.686523,0.027344,0.150391
cate8-00269,cate8,32,17,0.543945,0.686523,0.033203,0.162109
cate8-00269,cate8,33,18,0.592773,0.703125,0.041016,0.226562
cate8-00269,cate8,34,19,0.634766,0.689453,0.042969,0.214844
cate8-00269,cate8,36,21,0.705078,0.657227,0.105469,0.197266
cate8-00269,cate8,37,22,0.762695,0.617188,0.099609,0.179688
cate8-00269,cate8,38,23,0.822266,0.590820,0.085938,0.142578
cate8-00269,cate8,41,24,0.484375,0.696289,0.031250,0.162109
cate8-00269,cate8,42,25,0.455078,0.693359,0.035156,0.179688
cate8-00269,cate8,43,26,0.409180,0.697266,0.044922,0.218750
cate8-00269,cate8,44,27,0.369141,0.682617,0.042969,0.208984
cate8-00269,cate8,47,30,0.226562,0.599609,0.117188,0.164062
cate8-00269,cate8,48,31,0.166016,0.565430,0.101562,0.146484
cate8-00274,cate8,11,0,0.469727,0.351562,0.044922,0.289062
cate8-00274,cate8,12,1,0.433594,0.358398,0.039062,0.255859
cate8-00274,cate8,13,2,0.396484,0.359375,0.042969,0.253906
cate8-00274,cate8,14,3,0.357422,0.359375,0.050781,0.242188
cate8-00274,cate8,15,4,0.317383,0.357422,0.041016,0.238281
cate8-00274,cate8,16,5,0.268555,0.344727,0.060547,0.201172
cate8-00274,cate8,17,6,0.208984,0.316406,0.058594,0.214844
cate8-00274,cate8,21,8,0.509766,0.342773,0.050781,0.287109
cate8-00274,cate8,22,9,0.541992,0.326172,0.056641,0.277344
cate8-00274,cate8,23,10,0.585938,0.318359,0.050781,0.289062
cate8-00274,cate8,24,11,0.624023,0.327148,0.060547,0.251953
cate8-00274,cate8,25,12,0.667969,0.326172,0.050781,0.242188
cate8-00274,cate8,26,13,0.721680,0.306641,0.068359,0.242188
cate8-00274,cate8,27,14,0.779297,0.286133,0.066406,0.240234
cate8-00274,cate8,28,15,0.828125,0.234375,0.070312,0.175781
cate8-00274,cate8,31,16,0.528320,0.616211,0.052734,0.216797
cate8-00274,cate8,32,17,0.555664,0.614258,0.044922,0.240234
cate8-00274,cate8,33,18,0.589844,0.622070,0.050781,0.263672
cate8-00274,cate8,34,19,0.629883,0.614258,0.064453,0.267578
cate8-00274,cate8,35,20,0.666992,0.604492,0.076172,0.259766
cate8-00274,cate8,36,21,0.723633,0.582031,0.091797,0.257812
cate8-00274,cate8,37,22,0.797852,0.542969,0.107422,0.246094
cate8-00274,cate8,38,23,0.875977,0.525391,0.107422,0.156250
cate8-00274,cate8,41,24,0.501953,0.603516,0.042969,0.187500
cate8-00274,cate8,42,25,0.471680,0.606445,0.041016,0.201172
cate8-00274,cate8,43,26,0.437500,0.633789,0.054688,0.251953
cate8-00274,cate8,44,27,0.393555,0.622070,0.044922,0.244141
cate8-00274,cate8,45,28,0.358398,0.615234,0.052734,0.242188
cate8-00274,cate8,46,29,0.291992,0.601562,0.095703,0.261719
cate8-00274,cate8,47,30,0.217773,0.566406,0.107422,0.246094
cate8-00274,cate8,48,31,0.149414,0.534180,0.095703,0.142578
cate8-00275,cate8,13,2,0.418945,0.364258,0.060547,0.208984
cate8-00275,cate8,14,3,0.376953,0.376953,0.042969,0.195312
cate8-00275,cate8,15,4,0.342773,0.374023,0.037109,0.208984
cate8-00275,cate8,16,5,0.287109,0.355469,0.085938,0.214844
cate8-00275,cate8,17,6,0.237305,0.354492,0.056641,0.205078
cate8-00275,cate8,23,10,0.602539,0.374023,0.044922,0.232422
cate8-00275,cate8,24,11,0.636719,0.384766,0.042969,0.203125
cate8-00275,cate8,25,12,0.670898,0.376953,0.037109,0.199219
cate8-00275,cate8,26,13,0.709961,0.369141,0.048828,0.214844
cate8-00275,cate8,31,16,0.496094,0.578125,0.035156,0.175781
cate8-00275,cate8,32,17,0.527344,0.571289,0.031250,0.177734
cate8-00275,cate8,33,18,0.564453,0.605469,0.035156,0.246094
cate8-00275,cate8,34,19,0.599609,0.601562,0.039062,0.210938
cate8-00275,cate8,35,20,0.673828,0.599609,0.042969,0.210938
cate8-00275,cate8,37,22,0.733398,0.528320,0.083984,0.146484
cate8-00275,cate8,41,24,0.458008,0.555664,0.029297,0.142578
cate8-00275,cate8,42,25,0.426758,0.556641,0.029297,0.152344
cate8-00275,cate8,43,26,0.396484,0.586914,0.039062,0.220703
cate8-00275,cate8,44,27,0.359375,0.578125,0.039062,0.203125
cate8-00275,cate8,45,28,0.321289,0.572266,0.048828,0.195312
cate8-00275,cate8,47,30,0.237305,0.524414,0.087891,0.138672
cate8-00281,cate8,11,0,0.472656,0.452148,0.042969,0.232422
cate8-00281,cate8,12,1,0.436523,0.437500,0.041016,0.234375
cate8-00281,cate8,13,2,0.402344,0.436523,0.039062,0.220703
cate8-00281,cate8,15,4,0.328125,0.398438,0.042969,0.214844
cate8-00281,cate8,16,5,0.283203,0.405273,0.054688,0.189453
cate8-00281,cate8,17,6,0.232422,0.375000,0.054688,0.171875
cate8-00281,cate8,21,8,0.510742,0.442383,0.041016,0.205078
cate8-00281,cate8,22,9,0.545898,0.429688,0.037109,0.222656
cate8-00281,cate8,23,10,0.582031,0.423828,0.042969,0.246094
cate8-00281,cate8,24,11,0.615234,0.424805,0.046875,0.193359
cate8-00281,cate8,25,12,0.648438,0.437500,0.046875,0.199219
cate8-00281,cate8,26,13,0.694336,0.447266,0.064453,0.183594
cate8-00281,cate8,27,14,0.747070,0.416016,0.064453,0.187500
cate8-00281,cate8,28,15,0.795898,0.382812,0.072266,0.164062
cate8-00281,cate8,31,16,0.515625,0.674805,0.031250,0.181641
cate8-00281,cate8,32,17,0.540039,0.671875,0.041016,0.187500
cate8-00281,cate8,33,18,0.564453,0.690430,0.046875,0.224609
cate8-00281,cate8,34,19,0.605469,0.678711,0.046875,0.212891
cate8-00281,cate8,35,20,0.651367,0.677734,0.048828,0.203125
cate8-00281,cate8,37,22,0.733398,0.633789,0.115234,0.173828
cate8-00281,cate8,38,23,0.789062,0.575195,0.109375,0.173828
cate8-00281,cate8,41,24,0.494141,0.667969,0.031250,0.171875
cate8-00281,cate8,42,25,0.469727,0.678711,0.029297,0.177734
cate8-00281,cate8,43,26,0.437500,0.692383,0.039062,0.232422
cate8-00281,cate8,44,27,0.407227,0.663086,0.044922,0.205078
cate8-00281,cate8,45,28,0.368164,0.655273,0.044922,0.212891
cate8-00281,cate8,46,29,0.313477,0.640625,0.076172,0.195312
cate8-00281,cate8,48,31,0.236328,0.570312,0.109375,0.144531
cate8-00282,cate8,11,0,0.480469,0.497070,0.039062,0.205078
cate8-00282,cate8,12,1,0.446289,0.486328,0.033203,0.218750
cate8-00282,cate8,13,2,0.408203,0.474609,0.046875,0.250000
cate8-00282,cate8,14,3,0.367188,0.469727,0.046875,0.220703
cate8-00282,cate8,15,4,0.334961,0.475586,0.052734,0.197266
cate8-00282,cate8,16,5,0.286133,0.457031,0.064453,0.160156
cate8-00282,cate8,21,8,0.522461,0.500977,0.037109,0.205078
cate8-00282,cate8,22,9,0.564453,0.488281,0.035156,0.218750
cate8-00282,cate8,23,10,0.606445,0.472656,0.044922,0.246094
cate8-00282,cate8,24,11,0.646484,0.489258,0.046875,0.208984
cate8-00282,cate8,25,12,0.681641,0.476562,0.054688,0.187500
cate8-00282,cate8,26,13,0.731445,0.449219,0.060547,0.187500
cate8-00282,cate8,31,16,0.508789,0.713867,0.025391,0.177734
cate8-00282,cate8,32,17,0.541016,0.716797,0.039062,0.171875
cate8-00282,cate8,33,18,0.564453,0.710938,0.039062,0.183594
cate8-00282,cate8,34,19,0.592773,0.720703,0.041016,0.210938
cate8-00282,cate8,37,22,0.753906,0.646484,0.125000,0.167969
cate8-00282,cate8,41,24,0.480469,0.711914,0.027344,0.181641
cate8-00282,cate8,42,25,0.448242,0.716797,0.041016,0.214844
cate8-00282,cate8,43,26,0.412109,0.694336,0.046875,0.177734
cate8-00282,cate8,46,29,0.278320,0.643555,0.130859,0.162109
cate8-00282,cate8,47,30,0.231445,0.586914,0.107422,0.142578
cate8-00287,cate8,11,0,0.499023,0.424805,0.044922,0.216797
cate8-00287,cate8,12,1,0.461914,0.406250,0.033203,0.238281
cate8-00287,cate8,13,2,0.422852,0.388672,0.044922,0.199219
cate8-00287,cate8,16,5,0.329102,0.446289,0.080078,0.201172
cate8-00287,cate8,17,6,0.280273,0.439453,0.060547,0.226562
cate8-00287,cate8,21,8,0.542969,0.427734,0.046875,0.222656
cate8-00287,cate8,22,9,0.581055,0.422852,0.033203,0.216797
cate8-00287,cate8,23,10,0.616211,0.438477,0.044922,0.216797
cate8-00287,cate8,25,12,0.676758,0.472656,0.041016,0.195312
cate8-00287,cate8,26,13,0.721680,0.452148,0.056641,0.220703
cate8-00287,cate8,27,14,0.768555,0.442383,0.056641,0.185547
cate8-00287,cate8,31,16,0.529297,0.646484,0.031250,0.183594
cate8-00287,cate8,32,17,0.549805,0.646484,0.029297,0.164062
cate8-00287,cate8,33,18,0.585938,0.666992,0.046875,0.201172
cate8-00287,cate8,34,19,0.617188,0.663086,0.039062,0.208984
cate8-00287,cate8,41,24,0.503906,0.648438,0.023438,0.171875
cate8-00287,cate8,42,25,0.479492,0.648438,0.033203,0.187500
cate8-00287,cate8,43,26,0.447266,0.660156,0.039062,0.230469
cate8-00287,cate8,44,27,0.412109,0.653320,0.039062,0.208984
cate8-00287,cate8,45,28,0.374023,0.637695,0.048828,0.208984
cate8-00289,cate8,11,0,0.490234,0.452148,0.042969,0.224609
cate8-00289,cate8,12,1,0.457031,0.444336,0.050781,0.228516
cate8-00289,cate8,13,2,0.411133,0.408203,0.052734,0.257812
cate8-00289,cate8,14,3,0.374023,0.450195,0.041016,0.208984
cate8-00289,cate8,15,4,0.337891,0.448242,0.039062,0.208984
cate8-00289,cate8,16,5,0.290039,0.434570,0.068359,0.212891
cate8-00289,cate8,17,6,0.234375,0.409180,0.078125,0.220703
cate8-00289,cate8,18,7,0.209961,0.318359,0.080078,0.144531
cate8-00289,cate8,21,8,0.529297,0.450195,0.046875,0.220703
cate8-00289,cate8,22,9,0.565430,0.453125,0.044922,0.222656
cate8-00289,cate8,23,10,0.608398,0.434570,0.048828,0.255859
cate8-00289,cate8,25,12,0.681641,0.443359,0.050781,0.199219
cate8-00289,cate8,26,13,0.731445,0.442383,0.064453,0.216797
cate8-00289,cate8,27,14,0.786133,0.442383,0.072266,0.193359
cate8-00289,cate8,28,15,0.800781,0.333008,0.082031,0.130859
cate8-00289,cate8,31,16,0.525391,0.662109,0.027344,0.156250
cate8-00289,cate8,32,17,0.552734,0.668945,0.031250,0.169922
cate8-00289,cate8,33,18,0.587891,0.677734,0.042969,0.222656
cate8-00289,cate8,34,19,0.633789,0.664062,0.048828,0.179688
cate8-00289,cate8,35,20,0.678711,0.676758,0.048828,0.201172
cate8-00289,cate8,38,23,0.826172,0.594727,0.082031,0.150391
cate8-00289,cate8,41,24,0.498047,0.661133,0.031250,0.154297
cate8-00289,cate8,42,25,0.468750,0.670898,0.039062,0.177734
cate8-00289,cate8,43,26,0.429688,0.679688,0.046875,0.226562
cate8-00289,cate8,44,27,0.390625,0.671875,0.050781,0.207031
cate8-00289,cate8,45,28,0.347656,0.677734,0.058594,0.214844
cate8-00289,cate8,47,30,0.225586,0.604492,0.115234,0.142578
cate8-00289,cate8,48,31,0.162109,0.555664,0.089844,0.154297
cate8-00293,cate8,11,0,0.488281,0.494141,0.035156,0.230469
cate8-00293,cate8,12,1,0.458008,0.487305,0.041016,0.244141
cate8-00293,cate8,13,2,0.427734,0.490234,0.039062,0.234375
cate8-00293,cate8,14,3,0.397461,0.477539,0.044922,0.232422
cate8-00293,cate8,15,4,0.364258,0.477539,0.044922,0.228516
cate8-00293,cate8,16,5,0.319336,0.494141,0.064453,0.207031
cate8-00293,cate8,17,6,0.269531,0.451172,0.066406,0.230469
cate8-00293,cate8,18,7,0.219727,0.417969,0.064453,0.222656
cate8-00293,cate8,21,8,0.525391,0.487305,0.035156,0.251953
cate8-00293,cate8,22,9,0.557617,0.498047,0.037109,0.230469
cate8-00293,cate8,23,10,0.590820,0.488281,0.029297,0.250000
cate8-00293,cate8,24,11,0.619141,0.480469,0.042969,0.238281
cate8-00293,cate8,25,12,0.656250,0.484375,0.046875,0.226562
cate8-00293,cate8,26,13,0.698242,0.489258,0.060547,0.244141
cate8-00293,cate8,27,14,0.741211,0.439453,0.064453,0.242188
cate8-00293,cate8,28,15,0.788086,0.434570,0.064453,0.205078
cate8-00293,cate8,31,16,0.521484,0.688477,0.027344,0.158203
cate8-00293,cate8,32,17,0.547852,0.692383,0.029297,0.166016
cate8-00293,cate8,33,18,0.579102,0.708984,0.033203,0.210938
cate8-00293,cate8,34,19,0.610352,0.706055,0.037109,0.220703
cate8-00293,cate8,35,20,0.648438,0.704102,0.046875,0.232422
cate8-00293,cate8,37,22,0.754883,0.661133,0.107422,0.205078
cate8-00293,cate8,38,23,0.818359,0.590820,0.105469,0.162109
cate8-00293,cate8,41,24,0.495117,0.682617,0.025391,0.150391
cate8-00293,cate8,42,25,0.470703,0.693359,0.027344,0.171875
cate8-00293,cate8,43,26,0.441406,0.708984,0.035156,0.214844
cate8-00293,cate8,44,27,0.408203,0.707031,0.042969,0.218750
cate8-00293,cate8,45,28,0.364258,0.708984,0.060547,0.250000
cate8-00293,cate8,47,30,0.250000,0.653320,0.109375,0.220703
cate8-00293,cate8,48,31,0.186523,0.581055,0.107422,0.173828
cate8-00296,cate8,11,0,0.485352,0.491211,0.041016,0.236328
cate8-00296,cate8,12,1,0.451172,0.486328,0.046875,0.195312
cate8-00296,cate8,13,2,0.412109,0.446289,0.039062,0.248047
cate8-00296,cate8,14,3,0.377930,0.441406,0.048828,0.234375
cate8-00296,cate8,15,4,0.340820,0.440430,0.052734,0.212891
cate8-00296,cate8,17,6,0.281250,0.408203,0.070312,0.203125
cate8-00296,cate8,18,7,0.225586,0.386719,0.056641,0.167969
cate8-00296,cate8,21,8,0.524414,0.491211,0.037109,0.232422
cate8-00296,cate8,22,9,0.559570,0.496094,0.037109,0.187500
cate8-00296,cate8,23,10,0.596680,0.463867,0.041016,0.240234
cate8-00296,cate8,24,11,0.627930,0.465820,0.044922,0.205078
cate8-00296,cate8,25,12,0.663086,0.453125,0.041016,0.222656
cate8-00296,cate8,27,14,0.752930,0.429688,0.064453,0.191406
cate8-00296,cate8,28,15,0.793945,0.407227,0.064453,0.146484
cate8-00296,cate8,31,16,0.513672,0.695312,0.027344,0.136719
cate8-00296,cate8,32,17,0.542969,0.695312,0.031250,0.148438
cate8-00296,cate8,33,18,0.577148,0.711914,0.044922,0.193359
cate8-00296,cate8,34,19,0.619141,0.708984,0.054688,0.179688
cate8-00296,cate8,35,20,0.659180,0.701172,0.060547,0.199219
cate8-00296,cate8,37,22,0.764648,0.653320,0.119141,0.177734
cate8-00296,cate8,38,23,0.825195,0.590820,0.123047,0.169922
cate8-00296,cate8,41,24,0.483398,0.692383,0.029297,0.130859
cate8-00296,cate8,42,25,0.444336,0.691406,0.033203,0.156250
cate8-00296,cate8,43,26,0.408203,0.705078,0.042969,0.214844
cate8-00296,cate8,44,27,0.367188,0.703125,0.050781,0.214844
cate8-00296,cate8,45,28,0.323242,0.685547,0.064453,0.203125
cate8-00296,cate8,47,30,0.258789,0.644531,0.111328,0.203125
cate8-00296,cate8,48,31,0.200195,0.569336,0.115234,0.173828
cate8-00299,cate8,11,0,0.467773,0.294922,0.068359,0.296875
cate8-00299,cate8,13,2,0.351562,0.291992,0.070312,0.212891
cate8-00299,cate8,14,3,0.333008,0.360352,0.064453,0.220703
cate8-00299,cate8,17,6,0.165039,0.372070,0.103516,0.224609
cate8-00299,cate8,21,8,0.530273,0.301758,0.060547,0.287109
cate8-00299,cate8,22,9,0.596680,0.328125,0.072266,0.250000
cate8-00299,cate8,23,10,0.636719,0.340820,0.078125,0.255859
cate8-00299,cate8,24,11,0.675781,0.352539,0.082031,0.232422
cate8-00299,cate8,31,16,0.512695,0.576172,0.041016,0.222656
cate8-00299,cate8,32,17,0.547852,0.577148,0.044922,0.216797
cate8-00299,cate8,33,18,0.589844,0.607422,0.042969,0.265625
cate8-00299,cate8,34,19,0.647461,0.609375,0.048828,0.242188
cate8-00299,cate8,35,20,0.703125,0.622070,0.062500,0.263672
cate8-00299,cate8,37,22,0.822266,0.554688,0.128906,0.183594
cate8-00299,cate8,41,24,0.478516,0.575195,0.035156,0.216797
cate8-00299,cate8,42,25,0.441406,0.582031,0.039062,0.222656
cate8-00299,cate8,43,26,0.402344,0.595703,0.042969,0.261719
cate8-00299,cate8,44,27,0.352539,0.614258,0.052734,0.251953
cate8-00299,cate8,45,28,0.273438,0.615234,0.058594,0.273438
cate8-00299,cate8,47,30,0.168945,0.571289,0.130859,0.177734
cate8-00303,cate8,11,0,0.489258,0.488281,0.041016,0.210938
cate8-00303,cate8,12,1,0.449219,0.469727,0.039062,0.201172
cate8-00303,cate8,13,2,0.408203,0.446289,0.050781,0.240234
cate8-00303,cate8,14,3,0.372070,0.449219,0.052734,0.218750
cate8-00303,cate8,15,4,0.331055,0.449219,0.044922,0.207031
cate8-00303,cate8,17,6,0.210938,0.454102,0.074219,0.205078
cate8-00303,cate8,21,8,0.532227,0.487305,0.044922,0.208984
cate8-00303,cate8,22,9,0.568359,0.460938,0.035156,0.203125
cate8-00303,cate8,23,10,0.608398,0.441406,0.044922,0.246094
cate8-00303,cate8,24,11,0.642578,0.448242,0.054688,0.224609
cate8-00303,cate8,26,13,0.703125,0.456055,0.062500,0.228516
cate8-00303,cate8,27,14,0.763672,0.484375,0.062500,0.199219
cate8-00303,cate8,31,16,0.525391,0.673828,0.027344,0.117188
cate8-00303,cate8,32,17,0.554688,0.669922,0.031250,0.144531
cate8-00303,cate8,33,18,0.599609,0.700195,0.046875,0.208984
cate8-00303,cate8,34,19,0.636719,0.691406,0.046875,0.187500
cate8-00303,cate8,35,20,0.692383,0.693359,0.056641,0.195312
cate8-00303,cate8,41,24,0.498047,0.675781,0.027344,0.125000
cate8-00303,cate8,42,25,0.464844,0.673828,0.031250,0.132812
cate8-00303,cate8,43,26,0.419922,0.683594,0.050781,0.179688
cate8-00303,cate8,44,27,0.384766,0.681641,0.054688,0.195312
cate8-00303,cate8,45,28,0.338867,0.674805,0.052734,0.201172
cate8-00303,cate8,46,29,0.276367,0.642578,0.091797,0.207031
cate8-00305,cate8,11,0,0.502930,0.425781,0.041016,0.246094
cate8-00305,cate8,12,1,0.477539,0.426758,0.033203,0.216797
cate8-00305,cate8,13,2,0.444336,0.417969,0.044922,0.242188
cate8-00305,cate8,15,4,0.407227,0.403320,0.056641,0.244141
cate8-00305,cate8,16,5,0.357422,0.387695,0.070312,0.224609
cate8-00305,cate8,17,6,0.303711,0.382812,0.072266,0.195312
cate8-00305,cate8,21,8,0.539062,0.433594,0.039062,0.234375
cate8-00305,cate8,22,9,0.569336,0.442383,0.025391,0.201172
cate8-00305,cate8,23,10,0.600586,0.423828,0.037109,0.250000
cate8-00305,cate8,24,11,0.629883,0.430664,0.044922,0.228516
cate8-00305,cate8,25,12,0.659180,0.424805,0.041016,0.208984
cate8-00305,cate8,26,13,0.702148,0.416016,0.060547,0.203125
cate8-00305,cate8,27,14,0.744141,0.393555,0.062500,0.177734
cate8-00305,cate8,31,16,0.524414,0.648438,0.025391,0.160156
cate8-00305,cate8,32,17,0.548828,0.658203,0.027344,0.183594
cate8-00305,cate8,33,18,0.581055,0.675781,0.041016,0.210938
cate8-00305,cate8,34,19,0.616211,0.669922,0.052734,0.210938
cate8-00305,cate8,35,20,0.647461,0.652344,0.048828,0.195312
cate8-00305,cate8,36,21,0.706055,0.621094,0.103516,0.199219
cate8-00305,cate8,37,22,0.747070,0.569336,0.080078,0.177734
cate8-00305,cate8,41,24,0.504883,0.654297,0.025391,0.175781
cate8-00305,cate8,42,25,0.482422,0.649414,0.031250,0.166016
cate8-00305,cate8,43,26,0.451172,0.652344,0.039062,0.191406
cate8-00305,cate8,44,27,0.416992,0.655273,0.048828,0.208984
cate8-00305,cate8,45,28,0.380859,0.655273,0.050781,0.220703
cate8-00305,cate8,46,29,0.325195,0.612305,0.115234,0.205078
cate8-00305,cate8,47,30,0.273438,0.574219,0.089844,0.203125
cate8-00310,cate8,11,0,0.484375,0.465820,0.050781,0.236328
cate8-00310,cate8,12,1,0.457031,0.465820,0.062500,0.228516
cate8-00310,cate8,13,2,0.422852,0.426758,0.048828,0.236328
cate8-00310,cate8,14,3,0.398438,0.464844,0.054688,0.218750
cate8-00310,cate8,15,4,0.359375,0.477539,0.046875,0.181641
cate8-00310,cate8,16,5,0.303711,0.468750,0.060547,0.187500
cate8-00310,cate8,17,6,0.250977,0.458008,0.064453,0.162109
cate8-00310,cate8,18,7,0.220703,0.370117,0.070312,0.123047
cate8-00310,cate8,21,8,0.525391,0.469727,0.050781,0.232422
cate8-00310,cate8,22,9,0.566406,0.474609,0.035156,0.195312
cate8-00310,cate8,23,10,0.605469,0.457031,0.042969,0.238281
cate8-00310,cate8,24,11,0.639648,0.463867,0.048828,0.201172
cate8-00310,cate8,25,12,0.677734,0.454102,0.050781,0.208984
cate8-00310,cate8,26,13,0.728516,0.450195,0.058594,0.181641
cate8-00310,cate8,27,14,0.775391,0.423828,0.066406,0.160156
cate8-00310,cate8,31,16,0.531250,0.684570,0.023438,0.142578
cate8-00310,cate8,32,17,0.557617,0.693359,0.037109,0.179688
cate8-00310,cate8,33,18,0.593750,0.716797,0.046875,0.222656
cate8-00310,cate8,34,19,0.634766,0.701172,0.054688,0.207031
cate8-00310,cate8,35,20,0.675781,0.685547,0.050781,0.183594
cate8-00310,cate8,36,21,0.724609,0.659180,0.093750,0.197266
cate8-00310,cate8,37,22,0.791992,0.603516,0.103516,0.179688
cate8-00310,cate8,38,23,0.851562,0.585938,0.066406,0.117188
cate8-00310,cate8,41,24,0.510742,0.681641,0.041016,0.160156
cate8-00310,cate8,42,25,0.483398,0.686523,0.048828,0.177734
cate8-00310,cate8,43,26,0.440430,0.723633,0.052734,0.232422
cate8-00310,cate8,44,27,0.403320,0.695312,0.056641,0.203125
cate8-00310,cate8,45,28,0.357422,0.701172,0.070312,0.214844
cate8-00310,cate8,46,29,0.300781,0.678711,0.089844,0.201172
cate8-00310,cate8,47,30,0.230469,0.638672,0.105469,0.187500
cate8-00310,cate8,48,31,0.168945,0.620117,0.072266,0.123047
cate8-00311,cate8,11,0,0.477539,0.392578,0.048828,0.250000
cate8-00311,cate8,12,1,0.435547,0.390625,0.058594,0.253906
cate8-00311,cate8,13,2,0.379883,0.377930,0.064453,0.302734
cate8-00311,cate8,14,3,0.342773,0.409180,0.052734,0.232422
cate8-00311,cate8,15,4,0.295898,0.415039,0.044922,0.224609
cate8-00311,cate8,16,5,0.241211,0.403320,0.068359,0.216797
cate8-00311,cate8,17,6,0.176758,0.378906,0.064453,0.207031
cate8-00311,cate8,21,8,0.526367,0.401367,0.056641,0.232422
cate8-00311,cate8,22,9,0.578125,0.403320,0.054688,0.228516
cate8-00311,cate8,23,10,0.620117,0.381836,0.056641,0.298828
cate8-00311,cate8,24,11,0.653320,0.401367,0.044922,0.240234
cate8-00311,cate8,25,12,0.695312,0.403320,0.042969,0.220703
cate8-00311,cate8,27,14,0.784180,0.394531,0.060547,0.214844
cate8-00311,cate8,28,15,0.840820,0.363281,0.060547,0.214844
cate8-00311,cate8,31,16,0.526367,0.625977,0.033203,0.181641
cate8-00311,cate8,32,17,0.560547,0.630859,0.039062,0.187500
cate8-00311,cate8,33,18,0.601562,0.649414,0.042969,0.255859
cate8-00311,cate8,34,19,0.649414,0.646484,0.052734,0.238281
cate8-00311,cate8,35,20,0.692383,0.643555,0.072266,0.216797
cate8-00311,cate8,36,21,0.756836,0.625977,0.095703,0.212891
cate8-00311,cate8,37,22,0.820312,0.565430,0.101562,0.189453
cate8-00311,cate8,41,24,0.496094,0.634766,0.035156,0.210938
cate8-00311,cate8,42,25,0.460938,0.638672,0.039062,0.210938
cate8-00311,cate8,43,26,0.419922,0.649414,0.050781,0.251953
cate8-00311,cate8,44,27,0.372070,0.650391,0.048828,0.234375
cate8-00311,cate8,45,28,0.328125,0.646484,0.054688,0.218750
cate8-00311,cate8,46,29,0.239258,0.619141,0.115234,0.195312
cate8-00311,cate8,47,30,0.166992,0.571289,0.115234,0.193359
cate8-00317,cate8,11,0,0.493164,0.458008,0.052734,0.244141
cate8-00317,cate8,12,1,0.458008,0.445312,0.056641,0.242188
cate8-00317,cate8,13,2,0.417969,0.416992,0.054688,0.275391
cate8-00317,cate8,14,3,0.375977,0.407227,0.052734,0.275391
cate8-00317,cate8,15,4,0.340820,0.413086,0.048828,0.232422
cate8-00317,cate8,16,5,0.291016,0.395508,0.062500,0.232422
cate8-00317,cate8,17,6,0.243164,0.356445,0.068359,0.228516
cate8-00317,cate8,21,8,0.531250,0.462891,0.042969,0.246094
cate8-00317,cate8,22,9,0.571289,0.460938,0.037109,0.234375
cate8-00317,cate8,23,10,0.610352,0.451172,0.041016,0.242188
cate8-00317,cate8,24,11,0.643555,0.455078,0.048828,0.218750
cate8-00317,cate8,25,12,0.674805,0.417969,0.048828,0.250000
cate8-00317,cate8,26,13,0.723633,0.416992,0.064453,0.208984
cate8-00317,cate8,27,14,0.775391,0.385742,0.066406,0.197266
cate8-00317,cate8,31,16,0.527344,0.686523,0.031250,0.169922
cate8-00317,cate8,32,17,0.553711,0.693359,0.029297,0.175781
cate8-00317,cate8,33,18,0.589844,0.701172,0.039062,0.218750
cate8-00317,cate8,34,19,0.625977,0.694336,0.037109,0.220703
cate8-00317,cate8,35,20,0.671875,0.678711,0.066406,0.220703
cate8-00317,cate8,36,21,0.720703,0.649414,0.093750,0.224609
cate8-00317,cate8,37,22,0.786133,0.596680,0.099609,0.189453
cate8-00317,cate8,41,24,0.499023,0.676758,0.029297,0.154297
cate8-00317,cate8,42,25,0.470703,0.685547,0.031250,0.179688
cate8-00317,cate8,43,26,0.437500,0.679688,0.039062,0.199219
cate8-00317,cate8,44,27,0.399414,0.667969,0.041016,0.199219
cate8-00317,cate8,45,28,0.351562,0.666016,0.066406,0.222656
cate8-00317,cate8,46,29,0.294922,0.637695,0.105469,0.224609
cate8-00317,cate8,47,30,0.221680,0.578125,0.099609,0.199219
cate8-00318,cate8,11,0,0.485352,0.402344,0.056641,0.230469
cate8-00318,cate8,12,1,0.443359,0.415039,0.058594,0.240234
cate8-00318,cate8,13,2,0.405273,0.404297,0.060547,0.285156
cate8-00318,cate8,14,3,0.375977,0.440430,0.056641,0.240234
cate8-00318,cate8,15,4,0.336914,0.429688,0.064453,0.253906
cate8-00318,cate8,16,5,0.294922,0.442383,0.070312,0.220703
cate8-00318,cate8,17,6,0.237305,0.426758,0.060547,0.224609
cate8-00318,cate8,18,7,0.185547,0.416992,0.062500,0.189453
cate8-00318,cate8,21,8,0.532227,0.393555,0.041016,0.236328
cate8-00318,cate8,22,9,0.572266,0.401367,0.039062,0.244141
cate8-00318,cate8,23,10,0.613281,0.379883,0.050781,0.318359
cate8-00318,cate8,24,11,0.648438,0.406250,0.042969,0.238281
cate8-00318,cate8,25,12,0.689453,0.407227,0.050781,0.232422
cate8-00318,cate8,26,13,0.735352,0.429688,0.064453,0.214844
cate8-00318,cate8,27,14,0.792969,0.416992,0.054688,0.185547
cate8-00318,cate8,28,15,0.848633,0.403320,0.064453,0.166016
cate8-00318,cate8,31,16,0.533203,0.634766,0.031250,0.179688
cate8-00318,cate8,32,17,0.559570,0.634766,0.033203,0.199219
cate8-00318,cate8,33,18,0.594727,0.665039,0.044922,0.283203
cate8-00318,cate8,34,19,0.629883,0.655273,0.041016,0.244141
cate8-00318,cate8,35,20,0.672852,0.662109,0.044922,0.246094
cate8-00318,cate8,37,22,0.784180,0.628906,0.095703,0.191406
cate8-00318,cate8,41,24,0.509766,0.630859,0.031250,0.171875
cate8-00318,cate8,42,25,0.486328,0.639648,0.035156,0.201172
cate8-00318,cate8,43,26,0.458008,0.670898,0.048828,0.251953
cate8-00318,cate8,44,27,0.417969,0.682617,0.046875,0.244141
cate8-00318,cate8,45,28,0.379883,0.684570,0.052734,0.248047
cate8-00318,cate8,46,29,0.326172,0.647461,0.085938,0.189453
cate8-00318,cate8,47,30,0.250000,0.654297,0.082031,0.199219
cate8-00318,cate8,48,31,0.179688,0.606445,0.113281,0.189453
cate8-00323,cate8,11,0,0.501953,0.452148,0.042969,0.224609
cate8-00323,cate8,12,1,0.458984,0.445312,0.039062,0.230469
cate8-00323,cate8,13,2,0.418945,0.416016,0.052734,0.273438
cate8-00323,cate8,14,3,0.377930,0.429688,0.056641,0.242188
cate8-00323,cate8,15,4,0.334961,0.427734,0.041016,0.214844
cate8-00323,cate8,17,6,0.253906,0.407227,0.066406,0.205078
cate8-00323,cate8,18,7,0.200195,0.394531,0.068359,0.175781
cate8-00323,cate8,21,8,0.541992,0.452148,0.044922,0.228516
cate8-00323,cate8,22,9,0.581055,0.468750,0.037109,0.214844
cate8-00323,cate8,23,10,0.618164,0.437500,0.041016,0.253906
cate8-00323,cate8,24,11,0.651367,0.441406,0.044922,0.226562
cate8-00323,cate8,25,12,0.686523,0.444336,0.041016,0.224609
cate8-00323,cate8,26,13,0.736328,0.456055,0.062500,0.224609
cate8-00323,cate8,27,14,0.791016,0.436523,0.058594,0.201172
cate8-00323,cate8,28,15,0.843750,0.407227,0.062500,0.181641
cate8-00323,cate8,31,16,0.560547,0.663086,0.050781,0.162109
cate8-00323,cate8,32,17,0.590820,0.674805,0.052734,0.166016
cate8-00323,cate8,33,18,0.623047,0.693359,0.050781,0.234375
cate8-00323,cate8,34,19,0.657227,0.700195,0.044922,0.244141
cate8-00323,cate8,35,20,0.691406,0.688477,0.050781,0.220703
cate8-00323,cate8,37,22,0.819336,0.636719,0.115234,0.195312
cate8-00323,cate8,38,23,0.869141,0.572266,0.101562,0.175781
cate8-00323,cate8,41,24,0.519531,0.663086,0.027344,0.162109
cate8-00323,cate8,42,25,0.487305,0.669922,0.037109,0.175781
cate8-00323,cate8,43,26,0.447266,0.677734,0.042969,0.207031
cate8-00323,cate8,44,27,0.405273,0.681641,0.060547,0.218750
cate8-00323,cate8,45,28,0.358398,0.668945,0.072266,0.216797
cate8-00323,cate8,46,29,0.300781,0.644531,0.105469,0.218750
cate8-00323,cate8,47,30,0.224609,0.616211,0.109375,0.205078
cate8-00323,cate8,48,31,0.172852,0.546875,0.099609,0.164062
cate8-00325,cate8,11,0,0.477539,0.443359,0.041016,0.230469
cate8-00325,cate8,12,1,0.440430,0.414062,0.041016,0.289062
cate8-00325,cate8,13,2,0.403320,0.409180,0.056641,0.298828
cate8-00325,cate8,14,3,0.374023,0.437500,0.048828,0.238281
cate8-00325,cate8,15,4,0.346680,0.439453,0.044922,0.222656
cate8-00325,cate8,16,5,0.301758,0.424805,0.056641,0.240234
cate8-00325,cate8,17,6,0.256836,0.417969,0.052734,0.191406
cate8-00325,cate8,18,7,0.210938,0.404297,0.070312,0.183594
cate8-00325,cate8,21,8,0.526367,0.440430,0.064453,0.244141
cate8-00325,cate8,22,9,0.553711,0.437500,0.048828,0.242188
cate8-00325,cate8,23,10,0.588867,0.416992,0.044922,0.283203
cate8-00325,cate8,24,11,0.622070,0.432617,0.044922,0.244141
cate8-00325,cate8,25,12,0.655273,0.434570,0.041016,0.220703
cate8-00325,cate8,26,13,0.698242,0.420898,0.060547,0.216797
cate8-00325,cate8,27,14,0.753906,0.400391,0.054688,0.218750
cate8-00325,cate8,28,15,0.797852,0.394531,0.052734,0.191406
cate8-00325,cate8,31,16,0.501953,0.679688,0.031250,0.187500
cate8-00325,cate8,32,17,0.528320,0.677734,0.033203,0.210938
cate8-00325,cate8,33,18,0.562500,0.687500,0.042969,0.242188
cate8-00325,cate8,34,19,0.618164,0.671875,0.068359,0.218750
cate8-00325,cate8,36,21,0.682617,0.651367,0.056641,0.205078
cate8-00325,cate8,37,22,0.750977,0.613281,0.107422,0.179688
cate8-00325,cate8,38,23,0.800781,0.560547,0.093750,0.140625
cate8-00325,cate8,41,24,0.473633,0.672852,0.033203,0.177734
cate8-00325,cate8,42,25,0.447266,0.672852,0.039062,0.193359
cate8-00325,cate8,43,26,0.410156,0.687500,0.058594,0.234375
cate8-00325,cate8,44,27,0.377930,0.677734,0.048828,0.218750
cate8-00325,cate8,45,28,0.331055,0.689453,0.068359,0.226562
cate8-00325,cate8,46,29,0.291992,0.651367,0.091797,0.193359
cate8-00325,cate8,47,30,0.230469,0.616211,0.101562,0.197266
cate8-00325,cate8,48,31,0.183594,0.566406,0.082031,0.160156
cate8-00329,cate8,11,0,0.488281,0.459961,0.046875,0.259766
cate8-00329,cate8,12,1,0.448242,0.459961,0.041016,0.232422
cate8-00329,cate8,13,2,0.412109,0.461914,0.050781,0.240234
cate8-00329,cate8,14,3,0.373047,0.467773,0.050781,0.201172
cate8-00329,cate8,15,4,0.339844,0.468750,0.054688,0.183594
cate8-00329,cate8,16,5,0.282227,0.436523,0.060547,0.205078
cate8-00329,cate8,17,6,0.231445,0.419922,0.068359,0.175781
cate8-00329,cate8,18,7,0.205078,0.326172,0.058594,0.152344
cate8-00329,cate8,21,8,0.533203,0.472656,0.042969,0.222656
cate8-00329,cate8,22,9,0.569336,0.470703,0.041016,0.199219
cate8-00329,cate8,23,10,0.607422,0.456055,0.042969,0.251953
cate8-00329,cate8,24,11,0.644531,0.465820,0.042969,0.189453
cate8-00329,cate8,25,12,0.680664,0.465820,0.041016,0.173828
cate8-00329,cate8,26,13,0.730469,0.440430,0.054688,0.193359
cate8-00329,cate8,27,14,0.780273,0.416016,0.060547,0.175781
cate8-00329,cate8,28,15,0.806641,0.325195,0.062500,0.142578
cate8-00329,cate8,31,16,0.533203,0.705078,0.042969,0.183594
cate8-00329,cate8,32,17,0.559570,0.701172,0.041016,0.179688
cate8-00329,cate8,33,18,0.602539,0.708008,0.064453,0.205078
cate8-00329,cate8,34,19,0.631836,0.695312,0.052734,0.199219
cate8-00329,cate8,35,20,0.664062,0.683594,0.050781,0.175781
cate8-00329,cate8,36,21,0.730469,0.677734,0.105469,0.222656
cate8-00329,cate8,37,22,0.783203,0.615234,0.097656,0.156250
cate8-00329,cate8,38,23,0.833984,0.575195,0.089844,0.134766
cate8-00329,cate8,41,24,0.504883,0.701172,0.037109,0.179688
cate8-00329,cate8,42,25,0.472656,0.696289,0.035156,0.169922
cate8-00329,cate8,43,26,0.439453,0.703125,0.042969,0.207031
cate8-00329,cate8,44,27,0.399414,0.698242,0.041016,0.205078
cate8-00329,cate8,45,28,0.362305,0.687500,0.048828,0.179688
cate8-00329,cate8,47,30,0.250977,0.621094,0.107422,0.156250
cate8-00329,cate8,48,31,0.183594,0.568359,0.097656,0.144531
cate8-00332,cate8,11,0,0.452148,0.330078,0.044922,0.218750
cate8-00332,cate8,12,1,0.414062,0.346680,0.035156,0.189453
cate8-00332,cate8,17,6,0.237305,0.345703,0.060547,0.210938
cate8-00332,cate8,18,7,0.200195,0.374023,0.044922,0.150391
cate8-00332,cate8,21,8,0.493164,0.315430,0.052734,0.220703
cate8-00332,cate8,23,10,0.585938,0.278320,0.058594,0.263672
cate8-00332,cate8,31,16,0.507812,0.530273,0.031250,0.154297
cate8-00332,cate8,32,17,0.531250,0.540039,0.031250,0.197266
cate8-00332,cate8,33,18,0.572266,0.559570,0.050781,0.224609
cate8-00332,cate8,34,19,0.609375,0.564453,0.054688,0.226562
cate8-00332,cate8,38,23,0.790039,0.498047,0.158203,0.160156
cate8-00332,cate8,41,24,0.482422,0.540039,0.039062,0.154297
cate8-00332,cate8,42,25,0.456055,0.548828,0.037109,0.164062
cate8-00332,cate8,43,26,0.419922,0.569336,0.042969,0.185547
cate8-00332,cate8,44,27,0.381836,0.593750,0.041016,0.222656
cate8-00332,cate8,45,28,0.345703,0.587891,0.042969,0.199219
cate8-00335,cate8,11,0,0.482422,0.452148,0.046875,0.212891
cate8-00335,cate8,13,2,0.430664,0.420898,0.052734,0.248047
cate8-00335,cate8,14,3,0.394531,0.418945,0.050781,0.232422
cate8-00335,cate8,15,4,0.353516,0.409180,0.042969,0.228516
cate8-00335,cate8,16,5,0.304688,0.408203,0.058594,0.199219
cate8-00335,cate8,17,6,0.250000,0.398438,0.058594,0.191406
cate8-00335,cate8,18,7,0.198242,0.400391,0.048828,0.199219
cate8-00335,cate8,21,8,0.539062,0.458008,0.042969,0.220703
cate8-00335,cate8,23,10,0.591797,0.460938,0.039062,0.226562
cate8-00335,cate8,24,11,0.631836,0.455078,0.044922,0.226562
cate8-00335,cate8,25,12,0.670898,0.442383,0.041016,0.212891
cate8-00335,cate8,26,13,0.714844,0.459961,0.058594,0.166016
cate8-00335,cate8,27,14,0.769531,0.433594,0.054688,0.191406
cate8-00335,cate8,28,15,0.816406,0.406250,0.054688,0.179688
cate8-00335,cate8,31,16,0.510742,0.662109,0.029297,0.152344
cate8-00335,cate8,32,17,0.538086,0.665039,0.033203,0.162109
cate8-00335,cate8,33,18,0.567383,0.680664,0.037109,0.193359
cate8-00335,cate8,34,19,0.606445,0.681641,0.048828,0.210938
cate8-00335,cate8,35,20,0.646484,0.667969,0.066406,0.191406
cate8-00335,cate8,36,21,0.703125,0.658203,0.097656,0.214844
cate8-00335,cate8,37,22,0.768555,0.624023,0.099609,0.185547
cate8-00335,cate8,38,23,0.825195,0.580078,0.099609,0.183594
cate8-00335,cate8,41,24,0.484375,0.657227,0.031250,0.154297
cate8-00335,cate8,42,25,0.458984,0.654297,0.031250,0.164062
cate8-00335,cate8,43,26,0.425781,0.659180,0.046875,0.193359
cate8-00335,cate8,44,27,0.398438,0.637695,0.054688,0.177734
cate8-00335,cate8,45,28,0.357422,0.622070,0.070312,0.189453
cate8-00335,cate8,46,29,0.305664,0.619141,0.087891,0.199219
cate8-00335,cate8,47,30,0.249023,0.583984,0.083984,0.179688
cate8-00339,cate8,13,2,0.417969,0.433594,0.050781,0.250000
cate8-00339,cate8,14,3,0.386719,0.469727,0.046875,0.240234
cate8-00339,cate8,16,5,0.337891,0.511719,0.082031,0.230469
cate8-00339,cate8,17,6,0.281250,0.511719,0.058594,0.226562
cate8-00339,cate8,27,14,0.732422,0.501953,0.062500,0.230469
cate8-00339,cate8,31,16,0.546875,0.659180,0.031250,0.212891
cate8-00339,cate8,32,17,0.576172,0.675781,0.039062,0.230469
cate8-00339,cate8,33,18,0.599609,0.672852,0.050781,0.224609
cate8-00339,cate8,34,19,0.644531,0.689453,0.050781,0.222656
cate8-00339,cate8,41,24,0.519531,0.658203,0.031250,0.218750
cate8-00339,cate8,42,25,0.491211,0.655273,0.041016,0.248047
cate8-00339,cate8,43,26,0.457031,0.672852,0.042969,0.267578
cate8-00339,cate8,44,27,0.420898,0.671875,0.060547,0.242188
cate8-00341,cate8,11,0,0.500000,0.430664,0.046875,0.228516
cate8-00341,cate8,12,1,0.467773,0.420898,0.048828,0.224609
cate8-00341,cate8,13,2,0.424805,0.418945,0.048828,0.248047
cate8-00341,cate8,14,3,0.384766,0.426758,0.046875,0.232422
cate8-00341,cate8,15,4,0.352539,0.422852,0.052734,0.208984
cate8-00341,cate8,16,5,0.296875,0.424805,0.070312,0.201172
cate8-00341,cate8,17,6,0.229492,0.404297,0.064453,0.195312
cate8-00341,cate8,21,8,0.557617,0.437500,0.044922,0.238281
cate8-00341,cate8,22,9,0.593750,0.431641,0.027344,0.230469
cate8-00341,cate8,23,10,0.625000,0.427734,0.035156,0.242188
cate8-00341,cate8,24,11,0.659180,0.431641,0.044922,0.242188
cate8-00341,cate8,25,12,0.693359,0.429688,0.042969,0.210938
cate8-00341,cate8,26,13,0.739258,0.420898,0.064453,0.201172
cate8-00341,cate8,27,14,0.794922,0.409180,0.054688,0.197266
cate8-00341,cate8,31,16,0.548828,0.645508,0.035156,0.166016
cate8-00341,cate8,32,17,0.569336,0.650391,0.029297,0.179688
cate8-00341,cate8,33,18,0.600586,0.665039,0.041016,0.220703
cate8-00341,cate8,34,19,0.634766,0.659180,0.042969,0.205078
cate8-00341,cate8,35,20,0.671875,0.664062,0.058594,0.203125
cate8-00341,cate8,37,22,0.770508,0.626953,0.111328,0.187500
cate8-00341,cate8,38,23,0.809570,0.580078,0.080078,0.164062
cate8-00341,cate8,41,24,0.524414,0.645508,0.029297,0.166016
cate8-00341,cate8,42,25,0.502930,0.652344,0.033203,0.179688
cate8-00341,cate8,43,26,0.472656,0.666992,0.042969,0.224609
cate8-00341,cate8,44,27,0.436523,0.658203,0.048828,0.207031
cate8-00341,cate8,45,28,0.396484,0.656250,0.050781,0.195312
cate8-00341,cate8,46,29,0.330078,0.657227,0.101562,0.240234
cate8-00341,cate8,47,30,0.256836,0.622070,0.115234,0.193359
cate8-00341,cate8,48,31,0.204102,0.610352,0.080078,0.193359
cate8-00346,cate8,11,0,0.492188,0.428711,0.042969,0.291016
cate8-00346,cate8,12,1,0.454102,0.436523,0.044922,0.255859
cate8-00346,cate8,13,2,0.416016,0.429688,0.054688,0.277344
cate8-00346,cate8,14,3,0.373047,0.445312,0.050781,0.226562
cate8-00346,cate8,15,4,0.334961,0.382812,0.041016,0.125000
cate8-00346,cate8,16,5,0.291016,0.430664,0.062500,0.220703
cate8-00346,cate8,17,6,0.235352,0.414062,0.052734,0.226562
cate8-00346,cate8,18,7,0.202148,0.359375,0.068359,0.175781
cate8-00346,cate8,21,8,0.536133,0.442383,0.041016,0.263672
cate8-00346,cate8,22,9,0.574219,0.446289,0.035156,0.244141
cate8-00346,cate8,23,10,0.613281,0.442383,0.046875,0.259766
cate8-00346,cate8,24,11,0.651367,0.454102,0.041016,0.220703
cate8-00346,cate8,25,12,0.683594,0.433594,0.050781,0.242188
cate8-00346,cate8,27,14,0.771484,0.396484,0.046875,0.250000
cate8-00346,cate8,28,15,0.812500,0.384766,0.050781,0.250000
cate8-00346,cate8,31,16,0.524414,0.677734,0.029297,0.175781
cate8-00346,cate8,32,17,0.553711,0.689453,0.033203,0.207031
cate8-00346,cate8,33,18,0.588867,0.694336,0.041016,0.240234
cate8-00346,cate8,34,19,0.626953,0.682617,0.058594,0.208984
cate8-00346,cate8,35,20,0.666992,0.671875,0.060547,0.210938
cate8-00346,cate8,36,21,0.723633,0.650391,0.099609,0.214844
cate8-00346,cate8,37,22,0.783203,0.625977,0.101562,0.201172
cate8-00346,cate8,38,23,0.825195,0.584961,0.072266,0.169922
cate8-00346,cate8,41,24,0.498047,0.680664,0.027344,0.173828
cate8-00346,cate8,42,25,0.470703,0.685547,0.035156,0.187500
cate8-00346,cate8,43,26,0.434570,0.687500,0.041016,0.226562
cate8-00346,cate8,44,27,0.393555,0.680664,0.048828,0.212891
cate8-00346,cate8,45,28,0.353516,0.672852,0.058594,0.224609
cate8-00346,cate8,46,29,0.292969,0.658203,0.101562,0.218750
cate8-00346,cate8,47,30,0.226562,0.629883,0.093750,0.193359
cate8-00346,cate8,48,31,0.183594,0.586914,0.070312,0.177734
cate8-00347,cate8,11,0,0.485352,0.429688,0.044922,0.250000
cate8-00347,cate8,12,1,0.455078,0.434570,0.042969,0.220703
cate8-00347,cate8,13,2,0.414062,0.413086,0.050781,0.212891
cate8-00347,cate8,14,3,0.385742,0.417969,0.041016,0.222656
cate8-00347,cate8,15,4,0.353516,0.412109,0.054688,0.203125
cate8-00347,cate8,16,5,0.309570,0.411133,0.068359,0.189453
cate8-00347,cate8,17,6,0.251953,0.378906,0.070312,0.199219
cate8-00347,cate8,18,7,0.227539,0.312500,0.052734,0.105469
cate8-00347,cate8,21,8,0.524414,0.441406,0.041016,0.234375
cate8-00347,cate8,22,9,0.556641,0.439453,0.039062,0.214844
cate8-00347,cate8,23,10,0.597656,0.412109,0.042969,0.253906
cate8-00347,cate8,24,11,0.625000,0.423828,0.046875,0.226562
cate8-00347,cate8,25,12,0.668945,0.422852,0.048828,0.212891
cate8-00347,cate8,27,14,0.741211,0.395508,0.064453,0.201172
cate8-00347,cate8,28,15,0.780273,0.327148,0.060547,0.099609
cate8-00347,cate8,31,16,0.532227,0.660156,0.025391,0.164062
cate8-00347,cate8,32,17,0.561523,0.666992,0.029297,0.177734
cate8-00347,cate8,33,18,0.595703,0.689453,0.035156,0.222656
cate8-00347,cate8,34,19,0.634766,0.685547,0.046875,0.218750
cate8-00347,cate8,35,20,0.682617,0.675781,0.052734,0.210938
cate8-00347,cate8,37,22,0.750000,0.617188,0.105469,0.175781
cate8-00347,cate8,38,23,0.803711,0.582031,0.056641,0.101562
cate8-00347,cate8,41,24,0.508789,0.662109,0.029297,0.171875
cate8-00347,cate8,42,25,0.479492,0.669922,0.029297,0.191406
cate8-00347,cate8,43,26,0.443359,0.686523,0.039062,0.232422
cate8-00347,cate8,44,27,0.398438,0.675781,0.050781,0.214844
cate8-00347,cate8,45,28,0.356445,0.654297,0.060547,0.207031
cate8-00347,cate8,47,30,0.248047,0.587891,0.101562,0.187500
cate8-00347,cate8,48,31,0.192383,0.553711,0.064453,0.111328
cate8-00353,cate8,11,0,0.480469,0.420898,0.039062,0.208984
cate8-00353,cate8,12,1,0.448242,0.409180,0.033203,0.205078
cate8-00353,cate8,13,2,0.424805,0.378906,0.048828,0.246094
cate8-00353,cate8,15,4,0.374023,0.385742,0.052734,0.216797
cate8-00353,cate8,16,5,0.329102,0.390625,0.068359,0.214844
cate8-00353,cate8,18,7,0.250000,0.363281,0.062500,0.183594
cate8-00353,cate8,21,8,0.517578,0.425781,0.039062,0.187500
cate8-00353,cate8,22,9,0.547852,0.413086,0.029297,0.205078
cate8-00353,cate8,23,10,0.574219,0.390625,0.042969,0.238281
cate8-00353,cate8,25,12,0.637695,0.383789,0.033203,0.197266
cate8-00353,cate8,26,13,0.676758,0.381836,0.056641,0.197266
cate8-00353,cate8,27,14,0.729492,0.340820,0.060547,0.224609
cate8-00353,cate8,31,16,0.502930,0.621094,0.029297,0.156250
cate8-00353,cate8,32,17,0.528320,0.629883,0.029297,0.181641
cate8-00353,cate8,33,18,0.562500,0.651367,0.039062,0.228516
cate8-00353,cate8,34,19,0.590820,0.632812,0.037109,0.210938
cate8-00353,cate8,37,22,0.710938,0.592773,0.113281,0.185547
cate8-00353,cate8,38,23,0.750000,0.547852,0.085938,0.166016
cate8-00353,cate8,41,24,0.477539,0.627930,0.025391,0.173828
cate8-00353,cate8,42,25,0.453125,0.633789,0.031250,0.201172
cate8-00353,cate8,43,26,0.423828,0.644531,0.039062,0.230469
cate8-00353,cate8,44,27,0.392578,0.622070,0.039062,0.201172
cate8-00353,cate8,47,30,0.251953,0.586914,0.125000,0.177734
cate8-00353,cate8,48,31,0.208984,0.534180,0.105469,0.158203
cate8-00354,cate8,11,0,0.480469,0.446289,0.039062,0.205078
cate8-00354,cate8,12,1,0.447266,0.445312,0.031250,0.195312
cate8-00354,cate8,13,2,0.412109,0.423828,0.039062,0.238281
cate8-00354,cate8,15,4,0.353516,0.439453,0.046875,0.171875
cate8-00354,cate8,16,5,0.308594,0.444336,0.062500,0.197266
cate8-00354,cate8,17,6,0.252930,0.457031,0.060547,0.195312
cate8-00354,cate8,18,7,0.208008,0.450195,0.044922,0.130859
cate8-00354,cate8,21,8,0.521484,0.446289,0.042969,0.201172
cate8-00354,cate8,22,9,0.553711,0.438477,0.041016,0.220703
cate8-00354,cate8,23,10,0.592773,0.434570,0.044922,0.244141
cate8-00354,cate8,25,12,0.637695,0.457031,0.048828,0.179688
cate8-00354,cate8,26,13,0.690430,0.476562,0.076172,0.183594
cate8-00354,cate8,27,14,0.737305,0.519531,0.056641,0.175781
cate8-00354,cate8,28,15,0.786133,0.508789,0.048828,0.166016
cate8-00354,cate8,31,16,0.506836,0.649414,0.025391,0.181641
cate8-00354,cate8,32,17,0.532227,0.659180,0.037109,0.197266
cate8-00354,cate8,33,18,0.564453,0.677734,0.042969,0.234375
cate8-00354,cate8,34,19,0.599609,0.666992,0.042969,0.201172
cate8-00354,cate8,35,20,0.647461,0.673828,0.052734,0.187500
cate8-00354,cate8,41,24,0.480469,0.647461,0.035156,0.158203
cate8-00354,cate8,42,25,0.454102,0.659180,0.029297,0.185547
cate8-00354,cate8,43,26,0.423828,0.682617,0.035156,0.228516
cate8-00354,cate8,44,27,0.383789,0.666016,0.044922,0.195312
cate8-00354,cate8,45,28,0.350586,0.656250,0.048828,0.183594
cate8-00354,cate8,48,31,0.208984,0.618164,0.101562,0.134766
cate8-00359,cate8,11,0,0.432617,0.379883,0.048828,0.240234
cate8-00359,cate8,12,1,0.390625,0.373047,0.042969,0.218750
cate8-00359,cate8,13,2,0.345703,0.350586,0.042969,0.259766
cate8-00359,cate8,16,5,0.243164,0.379883,0.064453,0.212891
cate8-00359,cate8,21,8,0.480469,0.384766,0.050781,0.234375
cate8-00359,cate8,22,9,0.521484,0.371094,0.054688,0.265625
cate8-00359,cate8,23,10,0.567383,0.350586,0.052734,0.287109
cate8-00359,cate8,26,13,0.691406,0.429688,0.074219,0.250000
cate8-00359,cate8,27,14,0.756836,0.414062,0.068359,0.207031
cate8-00359,cate8,31,16,0.494141,0.607422,0.027344,0.156250
cate8-00359,cate8,32,17,0.522461,0.607422,0.037109,0.171875
cate8-00359,cate8,33,18,0.561523,0.636719,0.044922,0.246094
cate8-00359,cate8,34,19,0.603516,0.646484,0.046875,0.257812
cate8-00359,cate8,35,20,0.641602,0.647461,0.056641,0.251953
cate8-00359,cate8,41,24,0.466797,0.604492,0.031250,0.158203
cate8-00359,cate8,42,25,0.439453,0.627930,0.031250,0.197266
cate8-00359,cate8,43,26,0.399414,0.641602,0.048828,0.248047
cate8-00359,cate8,44,27,0.366211,0.621094,0.041016,0.242188
cate8-00359,cate8,45,28,0.324219,0.611328,0.042969,0.246094
cate8-00359,cate8,46,29,0.267578,0.616211,0.078125,0.224609
cate8-00359,cate8,48,31,0.156250,0.545898,0.121094,0.197266
cate8-00361,cate8,11,0,0.486328,0.504883,0.054688,0.220703
cate8-00361,cate8,12,1,0.440430,0.490234,0.048828,0.226562
cate8-00361,cate8,13,2,0.406250,0.463867,0.046875,0.259766
cate8-00361,cate8,14,3,0.367188,0.478516,0.050781,0.214844
cate8-00361,cate8,15,4,0.327148,0.473633,0.044922,0.205078
cate8-00361,cate8,16,5,0.276367,0.458984,0.060547,0.203125
cate8-00361,cate8,17,6,0.219727,0.449219,0.064453,0.183594
cate8-00361,cate8,18,7,0.183594,0.382812,0.054688,0.148438
cate8-00361,cate8,21,8,0.535156,0.490234,0.054688,0.242188
cate8-00361,cate8,22,9,0.574219,0.483398,0.054688,0.240234
cate8-00361,cate8,23,10,0.618164,0.473633,0.056641,0.248047
cate8-00361,cate8,24,11,0.653320,0.478516,0.052734,0.226562
cate8-00361,cate8,25,12,0.682617,0.470703,0.048828,0.214844
cate8-00361,cate8,26,13,0.735352,0.472656,0.056641,0.218750
cate8-00361,cate8,27,14,0.791992,0.474609,0.060547,0.191406
cate8-00361,cate8,28,15,0.825195,0.428711,0.064453,0.130859
cate8-00361,cate8,31,16,0.539062,0.708984,0.035156,0.152344
cate8-00361,cate8,32,17,0.572266,0.714844,0.039062,0.160156
cate8-00361,cate8,33,18,0.608398,0.734375,0.044922,0.210938
cate8-00361,cate8,34,19,0.645508,0.722656,0.044922,0.226562
cate8-00361,cate8,35,20,0.701172,0.708008,0.066406,0.208984
cate8-00361,cate8,37,22,0.772461,0.682617,0.099609,0.193359
cate8-00361,cate8,38,23,0.835938,0.617188,0.097656,0.148438
cate8-00361,cate8,41,24,0.506836,0.717773,0.029297,0.158203
cate8-00361,cate8,42,25,0.472656,0.710938,0.039062,0.160156
cate8-00361,cate8,43,26,0.427734,0.723633,0.062500,0.201172
cate8-00361,cate8,44,27,0.400391,0.711914,0.054688,0.197266
cate8-00361,cate8,45,28,0.347656,0.704102,0.070312,0.205078
cate8-00361,cate8,46,29,0.289062,0.685547,0.097656,0.199219
cate8-00361,cate8,47,30,0.219727,0.656250,0.095703,0.195312
cate8-00361,cate8,48,31,0.160156,0.598633,0.082031,0.138672
cate8-00365,cate8,11,0,0.502930,0.358398,0.041016,0.244141
cate8-00365,cate8,12,1,0.463867,0.359375,0.041016,0.234375
cate8-00365,cate8,13,2,0.414062,0.335938,0.062500,0.281250
cate8-00365,cate8,14,3,0.376953,0.371094,0.039062,0.218750
cate8-00365,cate8,15,4,0.342773,0.359375,0.041016,0.238281
cate8-00365,cate8,16,5,0.294922,0.364258,0.066406,0.216797
cate8-00365,cate8,17,6,0.231445,0.360352,0.068359,0.228516
cate8-00365,cate8,18,7,0.195312,0.287109,0.066406,0.187500
cate8-00365,cate8,21,8,0.546875,0.357422,0.042969,0.238281
cate8-00365,cate8,22,9,0.584961,0.361328,0.037109,0.234375
cate8-00365,cate8,23,10,0.623047,0.341797,0.046875,0.281250
cate8-00365,cate8,24,11,0.660156,0.344727,0.042969,0.259766
cate8-00365,cate8,25,12,0.690430,0.352539,0.041016,0.244141
cate8-00365,cate8,26,13,0.737305,0.356445,0.056641,0.220703
cate8-00365,cate8,27,14,0.791992,0.349609,0.064453,0.214844
cate8-00365,cate8,28,15,0.828125,0.274414,0.054688,0.185547
cate8-00365,cate8,31,16,0.532227,0.568359,0.033203,0.132812
cate8-00365,cate8,32,17,0.559570,0.585938,0.037109,0.187500
cate8-00365,cate8,33,18,0.603516,0.624023,0.054688,0.240234
cate8-00365,cate8,34,19,0.630859,0.596680,0.042969,0.201172
cate8-00365,cate8,35,20,0.669922,0.611328,0.058594,0.234375
cate8-00365,cate8,36,21,0.726562,0.593750,0.093750,0.218750
cate8-00365,cate8,37,22,0.783203,0.576172,0.074219,0.199219
cate8-00365,cate8,38,23,0.859375,0.607422,0.097656,0.121094
cate8-00365,cate8,41,24,0.507812,0.578125,0.039062,0.171875
cate8-00365,cate8,42,25,0.485352,0.589844,0.056641,0.175781
cate8-00365,cate8,43,26,0.443359,0.608398,0.054688,0.228516
cate8-00365,cate8,44,27,0.397461,0.608398,0.048828,0.228516
cate8-00365,cate8,46,29,0.299805,0.589844,0.091797,0.214844
cate8-00365,cate8,47,30,0.238281,0.586914,0.066406,0.205078
cate8-00365,cate8,48,31,0.157227,0.605469,0.107422,0.128906
cate8-00368,cate8,11,0,0.490234,0.367188,0.039062,0.195312
cate8-00368,cate8,12,1,0.456055,0.367188,0.029297,0.187500
cate8-00368,cate8,13,2,0.418945,0.358398,0.044922,0.224609
cate8-00368,cate8,15,4,0.356445,0.376953,0.048828,0.183594
cate8-00368,cate8,16,5,0.321289,0.387695,0.060547,0.208984
cate8-00368,cate8,17,6,0.264648,0.382812,0.052734,0.183594
cate8-00368,cate8,18,7,0.214844,0.370117,0.058594,0.162109
cate8-00368,cate8,21,8,0.534180,0.355469,0.041016,0.222656
cate8-00368,cate8,22,9,0.567383,0.384766,0.037109,0.175781
cate8-00368,cate8,23,10,0.602539,0.369141,0.048828,0.226562
cate8-00368,cate8,24,11,0.635742,0.400391,0.037109,0.195312
cate8-00368,cate8,26,13,0.697266,0.404297,0.074219,0.195312
cate8-00368,cate8,27,14,0.747070,0.410156,0.060547,0.179688
cate8-00368,cate8,28,15,0.794922,0.397461,0.054688,0.169922
cate8-00368,cate8,31,16,0.518555,0.580078,0.025391,0.195312
cate8-00368,cate8,32,17,0.541992,0.589844,0.029297,0.175781
cate8-00368,cate8,33,18,0.570312,0.613281,0.035156,0.238281
cate8-00368,cate8,34,19,0.603516,0.602539,0.042969,0.205078
cate8-00368,cate8,35,20,0.642578,0.604492,0.046875,0.177734
cate8-00368,cate8,36,21,0.693359,0.610352,0.070312,0.189453
cate8-00368,cate8,38,23,0.794922,0.553711,0.097656,0.150391
cate8-00368,cate8,41,24,0.495117,0.578125,0.025391,0.191406
cate8-00368,cate8,42,25,0.471680,0.572266,0.025391,0.195312
cate8-00368,cate8,43,26,0.441406,0.584961,0.035156,0.224609
cate8-00368,cate8,44,27,0.410156,0.575195,0.039062,0.197266
cate8-00368,cate8,45,28,0.378906,0.585938,0.039062,0.210938
cate8-00368,cate8,48,31,0.219727,0.527344,0.095703,0.148438
cate8-00371,cate8,11,0,0.493164,0.328125,0.056641,0.281250
cate8-00371,cate8,12,1,0.451172,0.321289,0.062500,0.275391
cate8-00371,cate8,13,2,0.398438,0.335938,0.062500,0.296875
cate8-00371,cate8,14,3,0.338867,0.339844,0.060547,0.250000
cate8-00371,cate8,15,4,0.285156,0.352539,0.050781,0.220703
cate8-00371,cate8,16,5,0.225586,0.333984,0.076172,0.214844
cate8-00371,cate8,17,6,0.164062,0.320312,0.062500,0.199219
cate8-00371,cate8,21,8,0.551758,0.354492,0.052734,0.244141
cate8-00371,cate8,22,9,0.598633,0.355469,0.041016,0.246094
cate8-00371,cate8,23,10,0.641602,0.346680,0.052734,0.318359
cate8-00371,cate8,24,11,0.689453,0.355469,0.054688,0.250000
cate8-00371,cate8,26,13,0.780273,0.351562,0.068359,0.203125
cate8-00371,cate8,27,14,0.838867,0.341797,0.056641,0.179688
cate8-00371,cate8,31,16,0.529297,0.586914,0.035156,0.189453
cate8-00371,cate8,32,17,0.560547,0.596680,0.035156,0.197266
cate8-00371,cate8,33,18,0.603516,0.635742,0.058594,0.271484
cate8-00371,cate8,34,19,0.642578,0.621094,0.058594,0.222656
cate8-00371,cate8,35,20,0.686523,0.612305,0.060547,0.220703
cate8-00371,cate8,36,21,0.744141,0.580078,0.093750,0.230469
cate8-00371,cate8,37,22,0.804688,0.552734,0.085938,0.207031
cate8-00371,cate8,38,23,0.872070,0.508789,0.091797,0.189453
cate8-00371,cate8,41,24,0.501953,0.574219,0.035156,0.160156
cate8-00371,cate8,42,25,0.470703,0.584961,0.050781,0.201172
cate8-00371,cate8,43,26,0.419922,0.648438,0.058594,0.343750
cate8-00371,cate8,44,27,0.372070,0.604492,0.052734,0.220703
cate8-00371,cate8,45,28,0.318359,0.610352,0.054688,0.201172
cate8-00371,cate8,47,30,0.208984,0.544922,0.113281,0.183594
cate8-00371,cate8,48,31,0.145508,0.498047,0.111328,0.175781
cate8-00375,cate8,11,0,0.496094,0.450195,0.042969,0.248047
cate8-00375,cate8,12,1,0.458984,0.452148,0.039062,0.216797
cate8-00375,cate8,13,2,0.418945,0.454102,0.044922,0.232422
cate8-00375,cate8,14,3,0.376953,0.451172,0.050781,0.218750
cate8-00375,cate8,15,4,0.339844,0.444336,0.046875,0.216797
cate8-00375,cate8,16,5,0.290039,0.434570,0.060547,0.201172
cate8-00375,cate8,17,6,0.233398,0.423828,0.056641,0.179688
cate8-00375,cate8,21,8,0.534180,0.450195,0.037109,0.228516
cate8-00375,cate8,22,9,0.569336,0.451172,0.041016,0.218750
cate8-00375,cate8,23,10,0.610352,0.418945,0.048828,0.244141
cate8-00375,cate8,24,11,0.634766,0.449219,0.039062,0.214844
cate8-00375,cate8,25,12,0.664062,0.462891,0.035156,0.183594
cate8-00375,cate8,26,13,0.710938,0.451172,0.058594,0.199219
cate8-00375,cate8,27,14,0.754883,0.423828,0.064453,0.167969
cate8-00375,cate8,28,15,0.786133,0.367188,0.048828,0.128906
cate8-00375,cate8,31,16,0.535156,0.670898,0.042969,0.146484
cate8-00375,cate8,32,17,0.562500,0.671875,0.039062,0.160156
cate8-00375,cate8,33,18,0.598633,0.678711,0.041016,0.193359
cate8-00375,cate8,34,19,0.627930,0.657227,0.052734,0.185547
cate8-00375,cate8,35,20,0.658203,0.650391,0.039062,0.191406
cate8-00375,cate8,37,22,0.779297,0.571289,0.113281,0.154297
cate8-00375,cate8,38,23,0.834961,0.556641,0.083984,0.117188
cate8-00375,cate8,41,24,0.505859,0.674805,0.042969,0.150391
cate8-00375,cate8,42,25,0.477539,0.669922,0.037109,0.156250
cate8-00375,cate8,43,26,0.443359,0.676758,0.042969,0.177734
cate8-00375,cate8,44,27,0.403320,0.678711,0.044922,0.201172
cate8-00375,cate8,45,28,0.357422,0.661133,0.062500,0.185547
cate8-00375,cate8,46,29,0.302734,0.646484,0.101562,0.207031
cate8-00375,cate8,47,30,0.234375,0.605469,0.109375,0.187500
cate8-00375,cate8,48,31,0.166016,0.571289,0.089844,0.111328
cate8-00377,cate8,11,0,0.488281,0.458008,0.046875,0.248047
cate8-00377,cate8,12,1,0.449219,0.459961,0.042969,0.236328
cate8-00377,cate8,13,2,0.403320,0.332031,0.083984,0.203125
cate8-00377,cate8,14,3,0.403320,0.469727,0.052734,0.197266
cate8-00377,cate8,15,4,0.364258,0.457031,0.048828,0.214844
cate8-00377,cate8,16,5,0.314453,0.451172,0.066406,0.214844
cate8-00377,cate8,17,6,0.265625,0.424805,0.074219,0.181641
cate8-00377,cate8,21,8,0.534180,0.457031,0.048828,0.250000
cate8-00377,cate8,22,9,0.566406,0.451172,0.054688,0.250000
cate8-00377,cate8,23,10,0.603516,0.360352,0.058594,0.220703
cate8-00377,cate8,24,11,0.621094,0.458008,0.050781,0.224609
cate8-00377,cate8,25,12,0.663086,0.447266,0.044922,0.214844
cate8-00377,cate8,27,14,0.708008,0.437500,0.064453,0.195312
cate8-00377,cate8,28,15,0.755859,0.404297,0.070312,0.195312
cate8-00377,cate8,31,16,0.525391,0.701172,0.039062,0.195312
cate8-00377,cate8,32,17,0.552734,0.709961,0.035156,0.220703
cate8-00377,cate8,33,18,0.589844,0.750000,0.050781,0.265625
cate8-00377,cate8,34,19,0.622070,0.707031,0.052734,0.207031
cate8-00377,cate8,35,20,0.666016,0.701172,0.046875,0.187500
cate8-00377,cate8,36,21,0.721680,0.661133,0.087891,0.212891
cate8-00377,cate8,37,22,0.776367,0.600586,0.080078,0.177734
cate8-00377,cate8,41,24,0.500000,0.701172,0.039062,0.199219
cate8-00377,cate8,42,25,0.475586,0.709961,0.060547,0.212891
cate8-00377,cate8,43,26,0.443359,0.772461,0.042969,0.232422
cate8-00377,cate8,44,27,0.401367,0.739258,0.048828,0.208984
cate8-00377,cate8,45,28,0.352539,0.729492,0.048828,0.166016
cate8-00377,cate8,46,29,0.298828,0.679688,0.105469,0.214844
cate8-00377,cate8,47,30,0.236328,0.608398,0.105469,0.177734
cate8-00382,cate8,11,0,0.487305,0.448242,0.041016,0.212891
cate8-00382,cate8,12,1,0.455078,0.445312,0.027344,0.207031
cate8-00382,cate8,13,2,0.425781,0.436523,0.031250,0.208984
cate8-00382,cate8,14,3,0.395508,0.467773,0.037109,0.166016
cate8-00382,cate8,15,4,0.364258,0.456055,0.037109,0.169922
cate8-00382,cate8,16,5,0.321289,0.439453,0.052734,0.160156
cate8-00382,cate8,17,6,0.279297,0.399414,0.062500,0.173828
cate8-00382,cate8,18,7,0.229492,0.370117,0.064453,0.181641
cate8-00382,cate8,21,8,0.524414,0.451172,0.037109,0.207031
cate8-00382,cate8,22,9,0.558594,0.458008,0.031250,0.189453
cate8-00382,cate8,23,10,0.589844,0.457031,0.031250,0.183594
cate8-00382,cate8,24,11,0.621094,0.461914,0.039062,0.177734
cate8-00382,cate8,25,12,0.652344,0.465820,0.039062,0.181641
cate8-00382,cate8,26,13,0.693359,0.448242,0.054688,0.181641
cate8-00382,cate8,27,14,0.742188,0.413086,0.054688,0.169922
cate8-00382,cate8,28,15,0.785156,0.389648,0.050781,0.158203
cate8-00382,cate8,31,16,0.516602,0.647461,0.021484,0.146484
cate8-00382,cate8,32,17,0.539062,0.640625,0.027344,0.140625
cate8-00382,cate8,33,18,0.569336,0.636719,0.033203,0.148438
cate8-00382,cate8,34,19,0.605469,0.647461,0.039062,0.166016
cate8-00382,cate8,35,20,0.696289,0.646484,0.068359,0.167969
cate8-00382,cate8,36,21,0.737305,0.616211,0.087891,0.185547
cate8-00382,cate8,37,22,0.788086,0.566406,0.087891,0.160156
cate8-00382,cate8,41,24,0.494141,0.644531,0.023438,0.160156
cate8-00382,cate8,42,25,0.470703,0.641602,0.023438,0.173828
cate8-00382,cate8,43,26,0.444336,0.641602,0.033203,0.173828
cate8-00382,cate8,44,27,0.408203,0.660156,0.042969,0.191406
cate8-00382,cate8,45,28,0.318359,0.618164,0.082031,0.134766
cate8-00382,cate8,46,29,0.275391,0.587891,0.085938,0.160156
cate8-00382,cate8,47,30,0.219727,0.545898,0.091797,0.158203
cate8-00383,cate8,11,0,0.496094,0.394531,0.042969,0.277344
cate8-00383,cate8,12,1,0.462891,0.383789,0.042969,0.267578
cate8-00383,cate8,13,2,0.422852,0.379883,0.048828,0.271484
cate8-00383,cate8,14,3,0.381836,0.385742,0.044922,0.248047
cate8-00383,cate8,15,4,0.344727,0.380859,0.044922,0.242188
cate8-00383,cate8,16,5,0.286133,0.364258,0.068359,0.224609
cate8-00383,cate8,17,6,0.229492,0.359375,0.060547,0.171875
cate8-00383,cate8,21,8,0.533203,0.399414,0.042969,0.275391
cate8-00383,cate8,22,9,0.566406,0.397461,0.039062,0.263672
cate8-00383,cate8,23,10,0.606445,0.375000,0.044922,0.300781
cate8-00383,cate8,24,11,0.639648,0.398438,0.041016,0.234375
cate8-00383,cate8,26,13,0.688477,0.395508,0.064453,0.216797
cate8-00383,cate8,27,14,0.749023,0.378906,0.060547,0.230469
cate8-00383,cate8,28,15,0.798828,0.368164,0.062500,0.169922
cate8-00383,cate8,31,16,0.534180,0.666016,0.033203,0.207031
cate8-00383,cate8,32,17,0.556641,0.659180,0.035156,0.216797
cate8-00383,cate8,33,18,0.589844,0.653320,0.039062,0.216797
cate8-00383,cate8,34,19,0.620117,0.686523,0.044922,0.232422
cate8-00383,cate8,35,20,0.661133,0.691406,0.107422,0.273438
cate8-00383,cate8,36,21,0.693359,0.656250,0.109375,0.246094
cate8-00383,cate8,37,22,0.752930,0.618164,0.095703,0.220703
cate8-00383,cate8,38,23,0.807617,0.571289,0.076172,0.181641
cate8-00383,cate8,41,24,0.510742,0.666016,0.033203,0.210938
cate8-00383,cate8,42,25,0.486328,0.672852,0.042969,0.201172
cate8-00383,cate8,43,26,0.458008,0.673828,0.044922,0.253906
cate8-00383,cate8,44,27,0.423828,0.678711,0.050781,0.259766
cate8-00383,cate8,45,28,0.374023,0.699219,0.080078,0.230469
cate8-00383,cate8,46,29,0.317383,0.629883,0.142578,0.228516
cate8-00383,cate8,47,30,0.256836,0.598633,0.107422,0.236328
cate8-00383,cate8,48,31,0.203125,0.551758,0.070312,0.185547
cate8-00389,cate8,11,0,0.493164,0.415039,0.037109,0.201172
cate8-00389,cate8,12,1,0.454102,0.404297,0.041016,0.203125
cate8-00389,cate8,15,4,0.375000,0.392578,0.050781,0.214844
cate8-00389,cate8,17,6,0.298828,0.381836,0.058594,0.193359
cate8-00389,cate8,18,7,0.256836,0.383789,0.033203,0.169922
cate8-00389,cate8,21,8,0.539062,0.412109,0.031250,0.222656
cate8-00389,cate8,22,9,0.566406,0.408203,0.027344,0.191406
cate8-00389,cate8,23,10,0.595703,0.389648,0.035156,0.232422
cate8-00389,cate8,24,11,0.626953,0.394531,0.042969,0.214844
cate8-00389,cate8,25,12,0.664062,0.393555,0.035156,0.216797
cate8-00389,cate8,31,16,0.516602,0.620117,0.025391,0.169922
cate8-00389,cate8,32,17,0.541992,0.623047,0.025391,0.179688
cate8-00389,cate8,33,18,0.571289,0.648438,0.037109,0.230469
cate8-00389,cate8,34,19,0.604492,0.625977,0.041016,0.197266
cate8-00389,cate8,35,20,0.639648,0.631836,0.041016,0.197266
cate8-00389,cate8,37,22,0.759766,0.533203,0.109375,0.136719
cate8-00389,cate8,41,24,0.492188,0.619141,0.031250,0.164062
cate8-00389,cate8,42,25,0.468750,0.621094,0.035156,0.171875
cate8-00389,cate8,43,26,0.436523,0.610352,0.044922,0.197266
cate8-00389,cate8,44,27,0.400391,0.611328,0.035156,0.199219
cate8-00389,cate8,45,28,0.332031,0.600586,0.042969,0.201172
cate8-00390,cate8,11,0,0.480469,0.433594,0.046875,0.218750
cate8-00390,cate8,12,1,0.442383,0.436523,0.037109,0.197266
cate8-00390,cate8,13,2,0.404297,0.419922,0.039062,0.230469
cate8-00390,cate8,14,3,0.370117,0.439453,0.044922,0.222656
cate8-00390,cate8,15,4,0.324219,0.438477,0.046875,0.205078
cate8-00390,cate8,16,5,0.275391,0.426758,0.062500,0.197266
cate8-00390,cate8,17,6,0.220703,0.406250,0.066406,0.207031
cate8-00390,cate8,18,7,0.176758,0.370117,0.076172,0.181641
cate8-00390,cate8,21,8,0.525391,0.433594,0.042969,0.218750
cate8-00390,cate8,22,9,0.563477,0.434570,0.037109,0.220703
cate8-00390,cate8,23,10,0.601562,0.416016,0.042969,0.214844
cate8-00390,cate8,24,11,0.636719,0.430664,0.054688,0.220703
cate8-00390,cate8,25,12,0.675781,0.445312,0.042969,0.195312
cate8-00390,cate8,26,13,0.728516,0.441406,0.062500,0.179688
cate8-00390,cate8,27,14,0.778320,0.409180,0.072266,0.228516
cate8-00390,cate8,28,15,0.828125,0.397461,0.074219,0.193359
cate8-00390,cate8,31,16,0.517578,0.637695,0.027344,0.150391
cate8-00390,cate8,32,17,0.546875,0.646484,0.035156,0.171875
cate8-00390,cate8,33,18,0.582031,0.666016,0.039062,0.191406
cate8-00390,cate8,34,19,0.617188,0.671875,0.046875,0.207031
cate8-00390,cate8,35,20,0.666016,0.677734,0.058594,0.226562
cate8-00390,cate8,36,21,0.723633,0.660156,0.080078,0.210938
cate8-00390,cate8,37,22,0.799805,0.608398,0.099609,0.181641
cate8-00390,cate8,41,24,0.490234,0.635742,0.027344,0.146484
cate8-00390,cate8,42,25,0.459961,0.650391,0.033203,0.175781
cate8-00390,cate8,43,26,0.427734,0.663086,0.039062,0.189453
cate8-00390,cate8,44,27,0.385742,0.683594,0.052734,0.210938
cate8-00390,cate8,45,28,0.336914,0.674805,0.064453,0.208984
cate8-00390,cate8,46,29,0.289062,0.641602,0.085938,0.189453
cate8-00390,cate8,47,30,0.221680,0.618164,0.095703,0.208984
cate8-00390,cate8,48,31,0.161133,0.581055,0.076172,0.185547
cate8-00395,cate8,11,0,0.499023,0.458984,0.033203,0.210938
cate8-00395,cate8,12,1,0.466797,0.454102,0.027344,0.193359
cate8-00395,cate8,13,2,0.433594,0.452148,0.039062,0.205078
cate8-00395,cate8,14,3,0.401367,0.455078,0.033203,0.214844
cate8-00395,cate8,15,4,0.375000,0.451172,0.027344,0.179688
cate8-00395,cate8,16,5,0.333984,0.440430,0.054688,0.173828
cate8-00395,cate8,17,6,0.283203,0.415039,0.062500,0.185547
cate8-00395,cate8,21,8,0.538086,0.459961,0.037109,0.205078
cate8-00395,cate8,22,9,0.567383,0.453125,0.029297,0.199219
cate8-00395,cate8,23,10,0.598633,0.457031,0.033203,0.218750
cate8-00395,cate8,24,11,0.620117,0.445312,0.037109,0.171875
cate8-00395,cate8,25,12,0.642578,0.447266,0.035156,0.179688
cate8-00395,cate8,26,13,0.686523,0.422852,0.060547,0.197266
cate8-00395,cate8,27,14,0.730469,0.406250,0.066406,0.199219
cate8-00395,cate8,28,15,0.759766,0.348633,0.050781,0.158203
cate8-00395,cate8,31,16,0.529297,0.671875,0.027344,0.175781
cate8-00395,cate8,32,17,0.549805,0.670898,0.029297,0.185547
cate8-00395,cate8,33,18,0.584961,0.663086,0.037109,0.208984
cate8-00395,cate8,35,20,0.625000,0.649414,0.042969,0.205078
cate8-00395,cate8,36,21,0.684570,0.625000,0.087891,0.187500
cate8-00395,cate8,37,22,0.731445,0.600586,0.068359,0.169922
cate8-00395,cate8,41,24,0.505859,0.666992,0.027344,0.169922
cate8-00395,cate8,42,25,0.482422,0.666016,0.023438,0.179688
cate8-00395,cate8,43,26,0.446289,0.667969,0.037109,0.218750
cate8-00395,cate8,45,28,0.404297,0.656250,0.042969,0.203125
cate8-00395,cate8,46,29,0.341797,0.644531,0.109375,0.207031
cate8-00395,cate8,47,30,0.289062,0.598633,0.078125,0.177734
cate8-00397,cate8,11,0,0.481445,0.513672,0.044922,0.257812
cate8-00397,cate8,12,1,0.445312,0.526367,0.042969,0.220703
cate8-00397,cate8,13,2,0.407227,0.479492,0.048828,0.248047
cate8-00397,cate8,14,3,0.389648,0.513672,0.052734,0.222656
cate8-00397,cate8,15,4,0.347656,0.507812,0.039062,0.203125
cate8-00397,cate8,16,5,0.302734,0.470703,0.074219,0.246094
cate8-00397,cate8,17,6,0.256836,0.451172,0.083984,0.183594
cate8-00397,cate8,18,7,0.242188,0.347656,0.070312,0.125000
cate8-00397,cate8,21,8,0.518555,0.496094,0.056641,0.269531
cate8-00397,cate8,22,9,0.543945,0.502930,0.060547,0.255859
cate8-00397,cate8,23,10,0.592773,0.483398,0.048828,0.259766
cate8-00397,cate8,24,11,0.622070,0.510742,0.048828,0.220703
cate8-00397,cate8,25,12,0.657227,0.500977,0.056641,0.205078
cate8-00397,cate8,26,13,0.708984,0.487305,0.070312,0.216797
cate8-00397,cate8,27,14,0.750977,0.442383,0.087891,0.193359
cate8-00397,cate8,28,15,0.763672,0.347656,0.054688,0.113281
cate8-00397,cate8,31,16,0.533203,0.741211,0.031250,0.166016
cate8-00397,cate8,32,17,0.567383,0.748047,0.037109,0.203125
cate8-00397,cate8,33,18,0.609375,0.751953,0.050781,0.234375
cate8-00397,cate8,35,20,0.655273,0.737305,0.044922,0.208984
cate8-00397,cate8,37,22,0.761719,0.636719,0.105469,0.156250
cate8-00397,cate8,38,23,0.817383,0.588867,0.060547,0.119141
cate8-00397,cate8,41,24,0.502930,0.742188,0.033203,0.171875
cate8-00397,cate8,42,25,0.469727,0.750977,0.041016,0.185547
cate8-00397,cate8,43,26,0.423828,0.756836,0.058594,0.212891
cate8-00397,cate8,44,27,0.389648,0.734375,0.060547,0.187500
cate8-00397,cate8,45,28,0.351562,0.723633,0.054688,0.193359
cate8-00397,cate8,46,29,0.291016,0.687500,0.101562,0.203125
cate8-00397,cate8,47,30,0.231445,0.644531,0.080078,0.183594
cate8-00397,cate8,48,31,0.179688,0.607422,0.042969,0.121094
cate8-00401,cate8,11,0,0.470703,0.415039,0.050781,0.240234
cate8-00401,cate8,12,1,0.437500,0.404297,0.062500,0.246094
cate8-00401,cate8,13,2,0.389648,0.333984,0.076172,0.277344
cate8-00401,cate8,14,3,0.373047,0.415039,0.054688,0.189453
cate8-00401,cate8,15,4,0.336914,0.406250,0.041016,0.242188
cate8-00401,cate8,16,5,0.286133,0.411133,0.064453,0.201172
cate8-00401,cate8,17,6,0.234375,0.388672,0.054688,0.218750
cate8-00401,cate8,21,8,0.517578,0.414062,0.042969,0.238281
cate8-00401,cate8,22,9,0.557617,0.415039,0.041016,0.228516
cate8-00401,cate8,23,10,0.605469,0.378906,0.070312,0.316406
cate8-00401,cate8,24,11,0.636719,0.406250,0.050781,0.250000
cate8-00401,cate8,25,12,0.669922,0.416016,0.046875,0.246094
cate8-00401,cate8,26,13,0.718750,0.412109,0.062500,0.230469
cate8-00401,cate8,27,14,0.772461,0.390625,0.060547,0.214844
cate8-00401,cate8,31,16,0.523438,0.661133,0.031250,0.212891
cate8-00401,cate8,32,17,0.553711,0.662109,0.033203,0.218750
cate8-00401,cate8,33,18,0.590820,0.686523,0.041016,0.267578
cate8-00401,cate8,34,19,0.628906,0.670898,0.042969,0.224609
cate8-00401,cate8,35,20,0.665039,0.685547,0.044922,0.253906
cate8-00401,cate8,37,22,0.758789,0.627930,0.107422,0.212891
cate8-00401,cate8,38,23,0.816406,0.583984,0.097656,0.187500
cate8-00401,cate8,41,24,0.493164,0.658203,0.033203,0.210938
cate8-00401,cate8,42,25,0.463867,0.673828,0.037109,0.257812
cate8-00401,cate8,43,26,0.422852,0.678711,0.048828,0.283203
cate8-00401,cate8,44,27,0.383789,0.661133,0.052734,0.248047
cate8-00401,cate8,45,28,0.347656,0.658203,0.054688,0.253906
cate8-00401,cate8,47,30,0.245117,0.611328,0.111328,0.195312
cate8-00401,cate8,48,31,0.203125,0.569336,0.074219,0.154297
cate8-00404,cate8,11,0,0.493164,0.423828,0.048828,0.269531
cate8-00404,cate8,12,1,0.458984,0.413086,0.039062,0.255859
cate8-00404,cate8,13,2,0.418945,0.415039,0.044922,0.232422
cate8-00404,cate8,14,3,0.384766,0.403320,0.039062,0.216797
cate8-00404,cate8,15,4,0.353516,0.396484,0.039062,0.214844
cate8-00404,cate8,16,5,0.305664,0.407227,0.064453,0.201172
cate8-00404,cate8,17,6,0.250977,0.382812,0.064453,0.218750
cate8-00404,cate8,18,7,0.201172,0.364258,0.050781,0.208984
cate8-00404,cate8,21,8,0.541016,0.433594,0.042969,0.250000
cate8-00404,cate8,22,9,0.578125,0.438477,0.035156,0.220703
cate8-00404,cate8,23,10,0.610352,0.440430,0.041016,0.224609
cate8-00404,cate8,24,11,0.640625,0.432617,0.039062,0.197266
cate8-00404,cate8,25,12,0.673828,0.411133,0.042969,0.205078
cate8-00404,cate8,26,13,0.722656,0.420898,0.058594,0.220703
cate8-00404,cate8,27,14,0.771484,0.443359,0.054688,0.210938
cate8-00404,cate8,28,15,0.817383,0.429688,0.044922,0.207031
cate8-00404,cate8,31,16,0.516602,0.677734,0.029297,0.191406
cate8-00404,cate8,32,17,0.546875,0.678711,0.031250,0.189453
cate8-00404,cate8,33,18,0.579102,0.677734,0.037109,0.203125
cate8-00404,cate8,34,19,0.620117,0.699219,0.041016,0.222656
cate8-00404,cate8,35,20,0.657227,0.708008,0.041016,0.224609
cate8-00404,cate8,41,24,0.492188,0.663086,0.031250,0.162109
cate8-00404,cate8,42,25,0.459961,0.679688,0.033203,0.179688
cate8-00404,cate8,43,26,0.422852,0.694336,0.037109,0.212891
cate8-00404,cate8,44,27,0.382812,0.699219,0.039062,0.226562
cate8-00404,cate8,45,28,0.347656,0.705078,0.042969,0.230469
cate8-00404,cate8,47,30,0.249023,0.657227,0.111328,0.197266
cate8-00404,cate8,48,31,0.198242,0.602539,0.091797,0.158203
cate8-00407,cate8,11,0,0.463867,0.445312,0.044922,0.281250
cate8-00407,cate8,12,1,0.424805,0.453125,0.037109,0.242188
cate8-00407,cate8,13,2,0.383789,0.418945,0.052734,0.306641
cate8-00407,cate8,14,3,0.350586,0.476562,0.041016,0.203125
cate8-00407,cate8,15,4,0.315430,0.471680,0.037109,0.197266
cate8-00407,cate8,17,6,0.262695,0.436523,0.060547,0.248047
cate8-00407,cate8,18,7,0.226562,0.382812,0.070312,0.160156
cate8-00407,cate8,21,8,0.511719,0.456055,0.046875,0.251953
cate8-00407,cate8,22,9,0.544922,0.437500,0.039062,0.277344
cate8-00407,cate8,23,10,0.589844,0.435547,0.050781,0.304688
cate8-00407,cate8,24,11,0.629883,0.463867,0.048828,0.248047
cate8-00407,cate8,25,12,0.662109,0.453125,0.046875,0.195312
cate8-00407,cate8,27,14,0.719727,0.446289,0.072266,0.212891
cate8-00407,cate8,28,15,0.767578,0.400391,0.082031,0.183594
cate8-00407,cate8,31,16,0.509766,0.705078,0.027344,0.210938
cate8-00407,cate8,32,17,0.536133,0.713867,0.041016,0.197266
cate8-00407,cate8,33,18,0.565430,0.743164,0.048828,0.263672
cate8-00407,cate8,34,19,0.612305,0.722656,0.048828,0.203125
cate8-00407,cate8,35,20,0.654297,0.769531,0.046875,0.179688
cate8-00407,cate8,36,21,0.715820,0.688477,0.123047,0.212891
cate8-00407,cate8,37,22,0.770508,0.642578,0.087891,0.191406
cate8-00407,cate8,38,23,0.830078,0.596680,0.062500,0.123047
cate8-00407,cate8,41,24,0.483398,0.693359,0.029297,0.191406
cate8-00407,cate8,42,25,0.453125,0.702148,0.031250,0.208984
cate8-00407,cate8,43,26,0.419922,0.724609,0.042969,0.250000
cate8-00407,cate8,44,27,0.378906,0.714844,0.042969,0.207031
cate8-00407,cate8,45,28,0.339844,0.759766,0.046875,0.164062
cate8-00407,cate8,46,29,0.286133,0.689453,0.103516,0.203125
cate8-00407,cate8,47,30,0.222656,0.639648,0.089844,0.193359
cate8-00407,cate8,48,31,0.162109,0.592773,0.062500,0.126953
cate8-00411,cate8,11,0,0.483398,0.377930,0.048828,0.240234
cate8-00411,cate8,12,1,0.450195,0.372070,0.044922,0.244141
cate8-00411,cate8,13,2,0.416016,0.367188,0.046875,0.253906
cate8-00411,cate8,14,3,0.377930,0.379883,0.048828,0.216797
cate8-00411,cate8,15,4,0.336914,0.375977,0.044922,0.212891
cate8-00411,cate8,16,5,0.287109,0.384766,0.062500,0.187500
cate8-00411,cate8,17,6,0.225586,0.362305,0.060547,0.189453
cate8-00411,cate8,18,7,0.171875,0.341797,0.066406,0.187500
cate8-00411,cate8,21,8,0.532227,0.386719,0.041016,0.234375
cate8-00411,cate8,22,9,0.570312,0.391602,0.035156,0.212891
cate8-00411,cate8,23,10,0.607422,0.381836,0.039062,0.240234
cate8-00411,cate8,24,11,0.645508,0.384766,0.044922,0.218750
cate8-00411,cate8,25,12,0.680664,0.370117,0.037109,0.224609
cate8-00411,cate8,26,13,0.725586,0.393555,0.064453,0.185547
cate8-00411,cate8,27,14,0.781250,0.355469,0.050781,0.203125
cate8-00411,cate8,28,15,0.835938,0.333984,0.054688,0.195312
cate8-00411,cate8,31,16,0.531250,0.619141,0.031250,0.183594
cate8-00411,cate8,32,17,0.555664,0.611328,0.033203,0.187500
cate8-00411,cate8,33,18,0.586914,0.622070,0.041016,0.228516
cate8-00411,cate8,34,19,0.623047,0.608398,0.039062,0.208984
cate8-00411,cate8,35,20,0.663086,0.601562,0.048828,0.207031
cate8-00411,cate8,37,22,0.774414,0.573242,0.103516,0.201172
cate8-00411,cate8,38,23,0.836914,0.532227,0.095703,0.181641
cate8-00411,cate8,41,24,0.500977,0.615234,0.029297,0.183594
cate8-00411,cate8,42,25,0.473633,0.624023,0.029297,0.216797
cate8-00411,cate8,43,26,0.441406,0.627930,0.042969,0.232422
cate8-00411,cate8,44,27,0.409180,0.606445,0.048828,0.208984
cate8-00411,cate8,45,28,0.367188,0.607422,0.050781,0.218750
cate8-00411,cate8,46,29,0.310547,0.581055,0.085938,0.201172
cate8-00411,cate8,47,30,0.243164,0.566406,0.091797,0.191406
cate8-00411,cate8,48,31,0.170898,0.561523,0.095703,0.181641
cate8-00413,cate8,11,0,0.489258,0.360352,0.041016,0.283203
cate8-00413,cate8,12,1,0.457031,0.362305,0.042969,0.275391
cate8-00413,cate8,13,2,0.410156,0.356445,0.054688,0.271484
cate8-00413,cate8,14,3,0.377930,0.377930,0.044922,0.220703
cate8-00413,cate8,15,4,0.337891,0.373047,0.042969,0.222656
cate8-00413,cate8,16,5,0.291992,0.363281,0.052734,0.222656
cate8-00413,cate8,17,6,0.239258,0.355469,0.056641,0.207031
cate8-00413,cate8,18,7,0.201172,0.309570,0.066406,0.134766
cate8-00413,cate8,21,8,0.532227,0.370117,0.037109,0.267578
cate8-00413,cate8,22,9,0.566406,0.381836,0.035156,0.244141
cate8-00413,cate8,23,10,0.606445,0.372070,0.044922,0.248047
cate8-00413,cate8,24,11,0.640625,0.361328,0.050781,0.253906
cate8-00413,cate8,25,12,0.672852,0.369141,0.044922,0.230469
cate8-00413,cate8,26,13,0.717773,0.371094,0.052734,0.199219
cate8-00413,cate8,27,14,0.768555,0.353516,0.056641,0.199219
cate8-00413,cate8,28,15,0.807617,0.316406,0.068359,0.175781
cate8-00413,cate8,31,16,0.533203,0.606445,0.027344,0.162109
cate8-00413,cate8,32,17,0.570312,0.619141,0.039062,0.203125
cate8-00413,cate8,34,19,0.616211,0.608398,0.041016,0.201172
cate8-00413,cate8,35,20,0.654297,0.596680,0.046875,0.197266
cate8-00413,cate8,36,21,0.708008,0.591797,0.087891,0.226562
cate8-00413,cate8,37,22,0.771484,0.560547,0.089844,0.203125
cate8-00413,cate8,38,23,0.830078,0.538086,0.074219,0.177734
cate8-00413,cate8,41,24,0.502930,0.603516,0.029297,0.156250
cate8-00413,cate8,42,25,0.463867,0.604492,0.033203,0.169922
cate8-00413,cate8,43,26,0.432617,0.606445,0.029297,0.158203
cate8-00413,cate8,44,27,0.403320,0.610352,0.041016,0.212891
cate8-00413,cate8,45,28,0.365234,0.597656,0.042969,0.210938
cate8-00413,cate8,47,30,0.248047,0.558594,0.085938,0.187500
cate8-00413,cate8,48,31,0.173828,0.521484,0.093750,0.128906
cate8-00418,cate8,11,0,0.481445,0.425781,0.044922,0.187500
cate8-00418,cate8,12,1,0.446289,0.412109,0.037109,0.195312
cate8-00418,cate8,13,2,0.411133,0.402344,0.037109,0.230469
cate8-00418,cate8,14,3,0.380859,0.429688,0.031250,0.167969
cate8-00418,cate8,15,4,0.346680,0.429688,0.041016,0.164062
cate8-00418,cate8,16,5,0.297852,0.425781,0.052734,0.171875
cate8-00418,cate8,17,6,0.246094,0.412109,0.050781,0.187500
cate8-00418,cate8,21,8,0.522461,0.429688,0.044922,0.179688
cate8-00418,cate8,22,9,0.560547,0.428711,0.031250,0.177734
cate8-00418,cate8,23,10,0.600586,0.416016,0.041016,0.218750
cate8-00418,cate8,24,11,0.629883,0.405273,0.041016,0.224609
cate8-00418,cate8,25,12,0.666992,0.420898,0.048828,0.189453
cate8-00418,cate8,31,16,0.508789,0.611328,0.033203,0.152344
cate8-00418,cate8,32,17,0.535156,0.620117,0.031250,0.166016
cate8-00418,cate8,33,18,0.571289,0.630859,0.044922,0.187500
cate8-00418,cate8,34,19,0.610352,0.628906,0.052734,0.167969
cate8-00418,cate8,35,20,0.657227,0.628906,0.064453,0.164062
cate8-00418,cate8,41,24,0.479492,0.614258,0.029297,0.150391
cate8-00418,cate8,42,25,0.453125,0.616211,0.027344,0.158203
cate8-00418,cate8,43,26,0.424805,0.630859,0.033203,0.187500
cate8-00418,cate8,44,27,0.393555,0.622070,0.048828,0.181641
cate8-00418,cate8,45,28,0.339844,0.621094,0.066406,0.175781
cate8-00419,cate8,11,0,0.479492,0.387695,0.041016,0.259766
cate8-00419,cate8,12,1,0.449219,0.358398,0.046875,0.275391
cate8-00419,cate8,13,2,0.414062,0.330078,0.050781,0.296875
cate8-00419,cate8,14,3,0.377930,0.332031,0.052734,0.234375
cate8-00419,cate8,15,4,0.335938,0.320312,0.046875,0.214844
cate8-00419,cate8,16,5,0.288086,0.306641,0.060547,0.199219
cate8-00419,cate8,17,6,0.233398,0.297852,0.052734,0.162109
cate8-00419,cate8,21,8,0.516602,0.381836,0.041016,0.267578
cate8-00419,cate8,22,9,0.543945,0.381836,0.041016,0.251953
cate8-00419,cate8,23,10,0.586914,0.351562,0.044922,0.296875
cate8-00419,cate8,24,11,0.614258,0.363281,0.048828,0.261719
cate8-00419,cate8,25,12,0.651367,0.348633,0.048828,0.240234
cate8-00419,cate8,26,13,0.699219,0.345703,0.066406,0.199219
cate8-00419,cate8,27,14,0.753906,0.306641,0.058594,0.214844
cate8-00419,cate8,28,15,0.804688,0.291992,0.062500,0.169922
cate8-00419,cate8,31,16,0.519531,0.615234,0.027344,0.167969
cate8-00419,cate8,32,17,0.543945,0.619141,0.041016,0.164062
cate8-00419,cate8,33,18,0.579102,0.645508,0.041016,0.216797
cate8-00419,cate8,34,19,0.619141,0.623047,0.101562,0.199219
cate8-00419,cate8,35,20,0.656250,0.605469,0.085938,0.195312
cate8-00419,cate8,36,21,0.706055,0.575195,0.103516,0.193359
cate8-00419,cate8,37,22,0.757812,0.521484,0.093750,0.175781
cate8-00419,cate8,41,24,0.493164,0.612305,0.029297,0.154297
cate8-00419,cate8,42,25,0.464844,0.617188,0.039062,0.164062
cate8-00419,cate8,43,26,0.420898,0.640625,0.056641,0.234375
cate8-00419,cate8,44,27,0.386719,0.598633,0.062500,0.205078
cate8-00419,cate8,45,28,0.342773,0.584961,0.091797,0.232422
cate8-00419,cate8,46,29,0.288086,0.533203,0.107422,0.203125
cate8-00419,cate8,47,30,0.220703,0.482422,0.097656,0.171875
cate8-00425,cate8,11,0,0.496094,0.425781,0.046875,0.246094
cate8-00425,cate8,12,1,0.455078,0.412109,0.039062,0.246094
cate8-00425,cate8,13,2,0.416016,0.397461,0.050781,0.244141
cate8-00425,cate8,14,3,0.374023,0.391602,0.044922,0.212891
cate8-00425,cate8,16,5,0.289062,0.370117,0.078125,0.208984
cate8-00425,cate8,17,6,0.233398,0.395508,0.060547,0.224609
cate8-00425,cate8,23,10,0.607422,0.431641,0.042969,0.250000
cate8-00425,cate8,24,11,0.634766,0.448242,0.039062,0.224609
cate8-00425,cate8,25,12,0.662109,0.429688,0.035156,0.226562
cate8-00425,cate8,26,13,0.695312,0.422852,0.058594,0.232422
cate8-00425,cate8,27,14,0.745117,0.428711,0.052734,0.212891
cate8-00425,cate8,28,15,0.797852,0.413086,0.060547,0.197266
cate8-00425,cate8,31,16,0.526367,0.672852,0.033203,0.166016
cate8-00425,cate8,32,17,0.553711,0.671875,0.033203,0.171875
cate8-00425,cate8,33,18,0.583984,0.691406,0.039062,0.238281
cate8-00425,cate8,34,19,0.618164,0.682617,0.041016,0.228516
cate8-00425,cate8,35,20,0.656250,0.701172,0.050781,0.242188
cate8-00425,cate8,37,22,0.750000,0.642578,0.105469,0.187500
cate8-00425,cate8,41,24,0.501953,0.666992,0.031250,0.166016
cate8-00425,cate8,42,25,0.474609,0.667969,0.031250,0.183594
cate8-00425,cate8,43,26,0.444336,0.686523,0.041016,0.244141
cate8-00425,cate8,44,27,0.406250,0.687500,0.042969,0.218750
cate8-00425,cate8,45,28,0.368164,0.666992,0.087891,0.236328
cate8-00425,cate8,46,29,0.313477,0.642578,0.115234,0.207031
cate8-00426,cate8,11,0,0.484375,0.375977,0.042969,0.275391
cate8-00426,cate8,12,1,0.445312,0.372070,0.042969,0.244141
cate8-00426,cate8,14,3,0.401367,0.355469,0.041016,0.277344
cate8-00426,cate8,15,4,0.363281,0.358398,0.042969,0.255859
cate8-00426,cate8,16,5,0.313477,0.366211,0.064453,0.248047
cate8-00426,cate8,17,6,0.252930,0.340820,0.064453,0.212891
cate8-00426,cate8,21,8,0.525391,0.377930,0.039062,0.259766
cate8-00426,cate8,22,9,0.562500,0.377930,0.031250,0.228516
cate8-00426,cate8,23,10,0.594727,0.365234,0.041016,0.246094
cate8-00426,cate8,25,12,0.637695,0.369141,0.048828,0.261719
cate8-00426,cate8,26,13,0.694336,0.354492,0.068359,0.244141
cate8-00426,cate8,27,14,0.752930,0.337891,0.072266,0.222656
cate8-00426,cate8,32,17,0.524414,0.632812,0.029297,0.218750
cate8-00426,cate8,33,18,0.561523,0.643555,0.048828,0.271484
cate8-00426,cate8,34,19,0.605469,0.628906,0.050781,0.222656
cate8-00426,cate8,36,21,0.691406,0.614258,0.089844,0.240234
cate8-00426,cate8,37,22,0.760742,0.569336,0.095703,0.212891
cate8-00426,cate8,42,25,0.472656,0.626953,0.027344,0.199219
cate8-00426,cate8,43,26,0.438477,0.649414,0.041016,0.263672
cate8-00426,cate8,44,27,0.394531,0.644531,0.042969,0.234375
cate8-00426,cate8,47,30,0.246094,0.566406,0.117188,0.191406
cate8-00431,cate8,14,3,0.370117,0.407227,0.044922,0.279297
cate8-00431,cate8,16,5,0.286133,0.431641,0.072266,0.203125
cate8-00431,cate8,23,10,0.558594,0.411133,0.042969,0.189453
cate8-00431,cate8,25,12,0.633789,0.416016,0.048828,0.214844
cate8-00431,cate8,31,16,0.511719,0.628906,0.035156,0.210938
cate8-00431,cate8,32,17,0.538086,0.625000,0.037109,0.230469
cate8-00431,cate8,33,18,0.574219,0.601562,0.046875,0.207031
cate8-00431,cate8,36,21,0.690430,0.583008,0.103516,0.201172
cate8-00431,cate8,37,22,0.744141,0.505859,0.113281,0.175781
cate8-00431,cate8,42,25,0.425781,0.647461,0.031250,0.205078
cate8-00431,cate8,43,26,0.397461,0.614258,0.041016,0.248047
cate8-00431,cate8,44,27,0.371094,0.629883,0.050781,0.205078
cate8-00433,cate8,11,0,0.487305,0.328125,0.037109,0.246094
cate8-00433,cate8,12,1,0.454102,0.320312,0.033203,0.261719
cate8-00433,cate8,13,2,0.421875,0.324219,0.050781,0.265625
cate8-00433,cate8,14,3,0.382812,0.354492,0.042969,0.201172
cate8-00433,cate8,15,4,0.350586,0.334961,0.044922,0.216797
cate8-00433,cate8,16,5,0.304688,0.353516,0.058594,0.191406
cate8-00433,cate8,17,6,0.247070,0.334961,0.060547,0.193359
cate8-00433,cate8,21,8,0.529297,0.330078,0.039062,0.253906
cate8-00433,cate8,22,9,0.563477,0.335938,0.037109,0.238281
cate8-00433,cate8,23,10,0.600586,0.322266,0.044922,0.277344
cate8-00433,cate8,24,11,0.638672,0.337891,0.046875,0.238281
cate8-00433,cate8,25,12,0.672852,0.340820,0.041016,0.212891
cate8-00433,cate8,26,13,0.720703,0.341797,0.058594,0.187500
cate8-00433,cate8,27,14,0.772461,0.329102,0.060547,0.185547
cate8-00433,cate8,31,16,0.512695,0.568359,0.021484,0.183594
cate8-00433,cate8,32,17,0.539062,0.574219,0.031250,0.191406
cate8-00433,cate8,33,18,0.569336,0.606445,0.041016,0.232422
cate8-00433,cate8,34,19,0.606445,0.585938,0.048828,0.207031
cate8-00433,cate8,35,20,0.643555,0.587891,0.056641,0.226562
cate8-00433,cate8,36,21,0.699219,0.571289,0.093750,0.232422
cate8-00433,cate8,37,22,0.762695,0.544922,0.103516,0.218750
cate8-00433,cate8,41,24,0.491211,0.568359,0.021484,0.183594
cate8-00433,cate8,42,25,0.468750,0.569336,0.039062,0.205078
cate8-00433,cate8,43,26,0.437500,0.603516,0.039062,0.246094
cate8-00433,cate8,44,27,0.405273,0.590820,0.044922,0.212891
cate8-00433,cate8,45,28,0.366211,0.595703,0.056641,0.234375
cate8-00433,cate8,46,29,0.304688,0.582031,0.097656,0.246094
cate8-00433,cate8,47,30,0.234375,0.556641,0.105469,0.226562
cate8-00433,cate8,48,31,0.157227,0.534180,0.103516,0.126953
cate8-00437,cate8,11,0,0.495117,0.420898,0.048828,0.255859
cate8-00437,cate8,12,1,0.458984,0.416016,0.062500,0.242188
cate8-00437,cate8,13,2,0.417969,0.371094,0.046875,0.242188
cate8-00437,cate8,14,3,0.388672,0.401367,0.050781,0.251953
cate8-00437,cate8,15,4,0.345703,0.413086,0.050781,0.216797
cate8-00437,cate8,16,5,0.293945,0.405273,0.064453,0.197266
cate8-00437,cate8,17,6,0.242188,0.372070,0.062500,0.177734
cate8-00437,cate8,21,8,0.542969,0.433594,0.042969,0.238281
cate8-00437,cate8,22,9,0.583984,0.430664,0.035156,0.228516
cate8-00437,cate8,23,10,0.625977,0.414062,0.041016,0.273438
cate8-00437,cate8,24,11,0.666992,0.430664,0.044922,0.216797
cate8-00437,cate8,25,12,0.701172,0.422852,0.042969,0.208984
cate8-00437,cate8,26,13,0.745117,0.401367,0.056641,0.208984
cate8-00437,cate8,27,14,0.792969,0.377930,0.058594,0.181641
cate8-00437,cate8,31,16,0.530273,0.660156,0.029297,0.179688
cate8-00437,cate8,32,17,0.560547,0.666016,0.031250,0.191406
cate8-00437,cate8,33,18,0.596680,0.675781,0.041016,0.242188
cate8-00437,cate8,34,19,0.637695,0.663086,0.041016,0.212891
cate8-00437,cate8,35,20,0.681641,0.650391,0.046875,0.199219
cate8-00437,cate8,36,21,0.740234,0.628906,0.089844,0.207031
cate8-00437,cate8,37,22,0.795898,0.564453,0.083984,0.167969
cate8-00437,cate8,41,24,0.501953,0.662109,0.031250,0.183594
cate8-00437,cate8,42,25,0.468750,0.656250,0.039062,0.187500
cate8-00437,cate8,43,26,0.432617,0.669922,0.044922,0.238281
cate8-00437,cate8,44,27,0.389648,0.657227,0.048828,0.212891
cate8-00437,cate8,45,28,0.342773,0.654297,0.064453,0.214844
cate8-00437,cate8,46,29,0.283203,0.618164,0.093750,0.201172
cate8-00437,cate8,47,30,0.220703,0.560547,0.089844,0.179688
cate8-00440,cate8,11,0,0.441406,0.431641,0.039062,0.199219
cate8-00440,cate8,12,1,0.404297,0.416016,0.031250,0.207031
cate8-00440,cate8,13,2,0.368164,0.396484,0.044922,0.226562
cate8-00440,cate8,14,3,0.337891,0.415039,0.039062,0.173828
cate8-00440,cate8,15,4,0.302734,0.409180,0.035156,0.181641
cate8-00440,cate8,16,5,0.257812,0.399414,0.054688,0.201172
cate8-00440,cate8,17,6,0.208008,0.403320,0.048828,0.162109
cate8-00440,cate8,21,8,0.478516,0.431641,0.039062,0.203125
cate8-00440,cate8,22,9,0.514648,0.427734,0.033203,0.195312
cate8-00440,cate8,23,10,0.546875,0.400391,0.042969,0.238281
cate8-00440,cate8,24,11,0.583008,0.415039,0.041016,0.216797
cate8-00440,cate8,25,12,0.617188,0.429688,0.039062,0.187500
cate8-00440,cate8,26,13,0.662109,0.429688,0.058594,0.195312
cate8-00440,cate8,27,14,0.718750,0.418945,0.058594,0.189453
cate8-00440,cate8,31,16,0.480469,0.624023,0.027344,0.150391
cate8-00440,cate8,32,17,0.506836,0.622070,0.033203,0.158203
cate8-00440,cate8,33,18,0.537109,0.653320,0.039062,0.244141
cate8-00440,cate8,34,19,0.579102,0.638672,0.041016,0.210938
cate8-00440,cate8,35,20,0.612305,0.642578,0.052734,0.207031
cate8-00440,cate8,37,22,0.713867,0.628906,0.087891,0.191406
cate8-00440,cate8,41,24,0.455078,0.622070,0.031250,0.134766
cate8-00440,cate8,42,25,0.432617,0.619141,0.029297,0.152344
cate8-00440,cate8,43,26,0.404297,0.625000,0.035156,0.187500
cate8-00440,cate8,44,27,0.364258,0.625000,0.037109,0.203125
cate8-00440,cate8,45,28,0.329102,0.604492,0.037109,0.169922
cate8-00440,cate8,46,29,0.281250,0.606445,0.066406,0.169922
cate8-00440,cate8,47,30,0.229492,0.590820,0.076172,0.181641
cate8-00443,cate8,11,0,0.478516,0.438477,0.039062,0.263672
cate8-00443,cate8,12,1,0.448242,0.440430,0.037109,0.267578
cate8-00443,cate8,13,2,0.409180,0.417969,0.041016,0.277344
cate8-00443,cate8,14,3,0.382812,0.430664,0.042969,0.232422
cate8-00443,cate8,15,4,0.352539,0.436523,0.044922,0.208984
cate8-00443,cate8,16,5,0.309570,0.418945,0.060547,0.197266
cate8-00443,cate8,17,6,0.253906,0.393555,0.058594,0.197266
cate8-00443,cate8,18,7,0.215820,0.344727,0.044922,0.115234
cate8-00443,cate8,21,8,0.515625,0.435547,0.050781,0.269531
cate8-00443,cate8,22,9,0.546875,0.439453,0.054688,0.261719
cate8-00443,cate8,23,10,0.584961,0.411133,0.048828,0.302734
cate8-00443,cate8,24,11,0.625000,0.414062,0.054688,0.250000
cate8-00443,cate8,25,12,0.666016,0.417969,0.058594,0.214844
cate8-00443,cate8,27,14,0.735352,0.386719,0.076172,0.207031
cate8-00443,cate8,28,15,0.788086,0.350586,0.041016,0.111328
cate8-00443,cate8,31,16,0.518555,0.688477,0.033203,0.185547
cate8-00443,cate8,32,17,0.543945,0.691406,0.033203,0.199219
cate8-00443,cate8,33,18,0.580078,0.706055,0.042969,0.251953
cate8-00443,cate8,34,19,0.614258,0.662109,0.056641,0.199219
cate8-00443,cate8,35,20,0.651367,0.643555,0.072266,0.224609
cate8-00443,cate8,37,22,0.761719,0.577148,0.097656,0.208984
cate8-00443,cate8,38,23,0.818359,0.567383,0.054688,0.083984
cate8-00443,cate8,41,24,0.496094,0.679688,0.031250,0.175781
cate8-00443,cate8,42,25,0.470703,0.685547,0.031250,0.191406
cate8-00443,cate8,43,26,0.435547,0.693359,0.042969,0.238281
cate8-00443,cate8,44,27,0.404297,0.668945,0.046875,0.232422
cate8-00443,cate8,45,28,0.374023,0.655273,0.060547,0.244141
cate8-00443,cate8,47,30,0.243164,0.585938,0.107422,0.203125
cate8-00443,cate8,48,31,0.199219,0.561523,0.058594,0.091797
cate8-00447,cate8,11,0,0.487305,0.378906,0.041016,0.218750
cate8-00447,cate8,12,1,0.453125,0.355469,0.035156,0.195312
cate8-00447,cate8,13,2,0.418945,0.352539,0.037109,0.212891
cate8-00447,cate8,14,3,0.392578,0.360352,0.042969,0.197266
cate8-00447,cate8,15,4,0.358398,0.352539,0.041016,0.220703
cate8-00447,cate8,16,5,0.314453,0.359375,0.054688,0.191406
cate8-00447,cate8,17,6,0.266602,0.334961,0.064453,0.205078
cate8-00447,cate8,18,7,0.221680,0.308594,0.056641,0.160156
cate8-00447,cate8,21,8,0.527344,0.370117,0.039062,0.224609
cate8-00447,cate8,22,9,0.560547,0.358398,0.031250,0.212891
cate8-00447,cate8,23,10,0.598633,0.357422,0.048828,0.238281
cate8-00447,cate8,24,11,0.629883,0.367188,0.044922,0.214844
cate8-00447,cate8,25,12,0.664062,0.371094,0.046875,0.214844
cate8-00447,cate8,26,13,0.716797,0.368164,0.062500,0.205078
cate8-00447,cate8,27,14,0.771484,0.365234,0.046875,0.183594
cate8-00447,cate8,31,16,0.541992,0.599609,0.029297,0.195312
cate8-00447,cate8,32,17,0.576172,0.605469,0.039062,0.222656
cate8-00447,cate8,33,18,0.613281,0.603516,0.042969,0.207031
cate8-00447,cate8,34,19,0.654297,0.600586,0.042969,0.181641
cate8-00447,cate8,38,23,0.797852,0.572266,0.080078,0.148438
cate8-00447,cate8,41,24,0.514648,0.590820,0.025391,0.185547
cate8-00447,cate8,42,25,0.491211,0.585938,0.029297,0.171875
cate8-00447,cate8,43,26,0.462891,0.591797,0.027344,0.195312
cate8-00447,cate8,44,27,0.429688,0.601562,0.042969,0.230469
cate8-00447,cate8,45,28,0.395508,0.597656,0.044922,0.210938
cate8-00447,cate8,47,30,0.277344,0.575195,0.113281,0.173828
cate8-00447,cate8,48,31,0.221680,0.518555,0.099609,0.146484
cate8-00449,cate8,31,16,0.524414,0.618164,0.021484,0.169922
cate8-00449,cate8,32,17,0.547852,0.618164,0.025391,0.169922
cate8-00449,cate8,33,18,0.571289,0.635742,0.029297,0.212891
cate8-00449,cate8,34,19,0.600586,0.640625,0.041016,0.210938
cate8-00449,cate8,35,20,0.640625,0.638672,0.042969,0.230469
cate8-00449,cate8,37,22,0.702148,0.604492,0.083984,0.189453
cate8-00449,cate8,41,24,0.505859,0.618164,0.019531,0.158203
cate8-00449,cate8,42,25,0.483398,0.633789,0.025391,0.181641
cate8-00449,cate8,43,26,0.459961,0.631836,0.029297,0.189453
cate8-00449,cate8,48,31,0.253906,0.595703,0.125000,0.156250
cate8-00454,cate8,11,0,0.481445,0.469727,0.041016,0.197266
cate8-00454,cate8,12,1,0.444336,0.461914,0.037109,0.193359
cate8-00454,cate8,13,2,0.407227,0.429688,0.044922,0.234375
cate8-00454,cate8,14,3,0.366211,0.438477,0.056641,0.185547
cate8-00454,cate8,17,6,0.237305,0.402344,0.056641,0.152344
cate8-00454,cate8,21,8,0.525391,0.474609,0.046875,0.203125
cate8-00454,cate8,22,9,0.565430,0.468750,0.041016,0.183594
cate8-00454,cate8,23,10,0.609375,0.423828,0.042969,0.242188
cate8-00454,cate8,25,12,0.670898,0.422852,0.041016,0.208984
cate8-00454,cate8,27,14,0.774414,0.386719,0.072266,0.179688
cate8-00454,cate8,31,16,0.521484,0.668945,0.031250,0.146484
cate8-00454,cate8,32,17,0.544922,0.666992,0.031250,0.162109
cate8-00454,cate8,33,18,0.579102,0.671875,0.041016,0.203125
cate8-00454,cate8,34,19,0.616211,0.652344,0.044922,0.187500
cate8-00454,cate8,35,20,0.660156,0.654297,0.066406,0.195312
cate8-00454,cate8,36,21,0.704102,0.597656,0.072266,0.160156
cate8-00454,cate8,37,22,0.781250,0.583008,0.097656,0.177734
cate8-00454,cate8,41,24,0.495117,0.666016,0.021484,0.144531
cate8-00454,cate8,42,25,0.469727,0.677734,0.029297,0.183594
cate8-00454,cate8,43,26,0.437500,0.681641,0.035156,0.207031
cate8-00454,cate8,44,27,0.397461,0.667969,0.041016,0.199219
cate8-00454,cate8,45,28,0.356445,0.651367,0.060547,0.177734
cate8-00454,cate8,47,30,0.233398,0.573242,0.099609,0.162109
cate8-00455,cate8,11,0,0.483398,0.389648,0.044922,0.232422
cate8-00455,cate8,12,1,0.447266,0.368164,0.035156,0.248047
cate8-00455,cate8,13,2,0.409180,0.338867,0.048828,0.291016
cate8-00455,cate8,14,3,0.377930,0.375000,0.044922,0.214844
cate8-00455,cate8,15,4,0.336914,0.373047,0.041016,0.210938
cate8-00455,cate8,16,5,0.292969,0.373047,0.058594,0.203125
cate8-00455,cate8,17,6,0.237305,0.365234,0.060547,0.195312
cate8-00455,cate8,18,7,0.184570,0.351562,0.056641,0.187500
cate8-00455,cate8,21,8,0.522461,0.375000,0.041016,0.253906
cate8-00455,cate8,22,9,0.559570,0.371094,0.037109,0.246094
cate8-00455,cate8,23,10,0.596680,0.355469,0.048828,0.285156
cate8-00455,cate8,24,11,0.639648,0.382812,0.041016,0.214844
cate8-00455,cate8,25,12,0.675781,0.376953,0.042969,0.207031
cate8-00455,cate8,26,13,0.725586,0.375000,0.060547,0.203125
cate8-00455,cate8,27,14,0.782227,0.358398,0.060547,0.205078
cate8-00455,cate8,28,15,0.835938,0.375000,0.054688,0.191406
cate8-00455,cate8,31,16,0.512695,0.594727,0.029297,0.138672
cate8-00455,cate8,32,17,0.540039,0.604492,0.033203,0.162109
cate8-00455,cate8,33,18,0.583008,0.626953,0.056641,0.234375
cate8-00455,cate8,34,19,0.621094,0.617188,0.058594,0.218750
cate8-00455,cate8,35,20,0.660156,0.624023,0.058594,0.236328
cate8-00455,cate8,36,21,0.713867,0.613281,0.091797,0.234375
cate8-00455,cate8,37,22,0.785156,0.583984,0.101562,0.214844
cate8-00455,cate8,41,24,0.484375,0.597656,0.027344,0.144531
cate8-00455,cate8,42,25,0.458984,0.599609,0.039062,0.167969
cate8-00455,cate8,43,26,0.424805,0.625977,0.041016,0.248047
cate8-00455,cate8,44,27,0.384766,0.617188,0.042969,0.226562
cate8-00455,cate8,45,28,0.346680,0.616211,0.044922,0.232422
cate8-00455,cate8,46,29,0.287109,0.604492,0.101562,0.232422
cate8-00455,cate8,47,30,0.224609,0.575195,0.089844,0.205078
cate8-00455,cate8,48,31,0.147461,0.523438,0.099609,0.125000
cate9-00004,cate9,11,0,0.473633,0.457031,0.044922,0.210938
cate9-00004,cate9,13,2,0.434570,0.456055,0.048828,0.212891
cate9-00004,cate9,14,3,0.371094,0.442383,0.050781,0.193359
cate9-00004,cate9,15,4,0.339844,0.434570,0.050781,0.185547
cate9-00004,cate9,16,5,0.298828,0.428711,0.074219,0.181641
cate9-00004,cate9,17,6,0.237305,0.420898,0.056641,0.185547
cate9-00004,cate9,21,8,0.517578,0.464844,0.046875,0.207031
cate9-00004,cate9,23,10,0.556641,0.460938,0.046875,0.210938
cate9-00004,cate9,24,11,0.613281,0.458984,0.046875,0.179688
cate9-00004,cate9,25,12,0.641602,0.451172,0.048828,0.175781
cate9-00004,cate9,26,13,0.677734,0.435547,0.066406,0.183594
cate9-00004,cate9,27,14,0.731445,0.416992,0.052734,0.185547
cate9-00004,cate9,31,16,0.494141,0.665039,0.031250,0.166016
cate9-00004,cate9,32,17,0.519531,0.663086,0.035156,0.150391
cate9-00004,cate9,33,18,0.558594,0.688477,0.035156,0.201172
cate9-00004,cate9,34,19,0.587891,0.690430,0.042969,0.208984
cate9-00004,cate9,35,20,0.620117,0.663086,0.056641,0.201172
cate9-00004,cate9,36,21,0.670898,0.666992,0.087891,0.216797
cate9-00004,cate9,37,22,0.726562,0.618164,0.074219,0.181641
cate9-00004,cate9,41,24,0.467773,0.669922,0.025391,0.167969
cate9-00004,cate9,42,25,0.440430,0.666992,0.033203,0.177734
cate9-00004,cate9,43,26,0.406250,0.669922,0.039062,0.195312
cate9-00004,cate9,44,27,0.374023,0.664062,0.041016,0.207031
cate9-00004,cate9,45,28,0.341797,0.655273,0.035156,0.189453
cate9-00004,cate9,46,29,0.291016,0.657227,0.078125,0.216797
cate9-00004,cate9,47,30,0.235352,0.607422,0.080078,0.175781
cate9-00010,cate9,11,0,0.490234,0.418945,0.050781,0.244141
cate9-00010,cate9,12,1,0.453125,0.410156,0.042969,0.238281
cate9-00010,cate9,13,2,0.409180,0.409180,0.052734,0.244141
cate9-00010,cate9,14,3,0.367188,0.401367,0.050781,0.220703
cate9-00010,cate9,16,5,0.321289,0.398438,0.076172,0.207031
cate9-00010,cate9,17,6,0.254883,0.384766,0.064453,0.203125
cate9-00010,cate9,18,7,0.215820,0.307617,0.064453,0.138672
cate9-00010,cate9,21,8,0.531250,0.424805,0.046875,0.240234
cate9-00010,cate9,22,9,0.573242,0.424805,0.041016,0.244141
cate9-00010,cate9,23,10,0.623047,0.415039,0.046875,0.236328
cate9-00010,cate9,24,11,0.662109,0.414062,0.042969,0.199219
cate9-00010,cate9,26,13,0.707031,0.405273,0.066406,0.189453
cate9-00010,cate9,27,14,0.762695,0.380859,0.056641,0.187500
cate9-00010,cate9,31,16,0.523438,0.642578,0.023438,0.144531
cate9-00010,cate9,32,17,0.550781,0.634766,0.035156,0.156250
cate9-00010,cate9,34,19,0.599609,0.675781,0.058594,0.253906
cate9-00010,cate9,35,20,0.631836,0.663086,0.048828,0.205078
cate9-00010,cate9,36,21,0.685547,0.642578,0.082031,0.222656
cate9-00010,cate9,37,22,0.754883,0.602539,0.091797,0.197266
cate9-00010,cate9,38,23,0.810547,0.578125,0.062500,0.109375
cate9-00010,cate9,41,24,0.491211,0.643555,0.029297,0.134766
cate9-00010,cate9,42,25,0.462891,0.636719,0.042969,0.148438
cate9-00010,cate9,43,26,0.418945,0.682617,0.060547,0.232422
cate9-00010,cate9,44,27,0.383789,0.660156,0.041016,0.183594
cate9-00010,cate9,46,29,0.321289,0.645508,0.103516,0.216797
cate9-00010,cate9,47,30,0.236328,0.601562,0.117188,0.203125
cate9-00010,cate9,48,31,0.173828,0.562500,0.074219,0.117188
cate9-00016,cate9,11,0,0.507812,0.475586,0.042969,0.201172
cate9-00016,cate9,12,1,0.479492,0.464844,0.033203,0.191406
cate9-00016,cate9,13,2,0.449219,0.447266,0.039062,0.222656
cate9-00016,cate9,14,3,0.409180,0.449219,0.041016,0.191406
cate9-00016,cate9,15,4,0.376953,0.438477,0.039062,0.201172
cate9-00016,cate9,16,5,0.329102,0.443359,0.064453,0.171875
cate9-00016,cate9,17,6,0.282227,0.401367,0.076172,0.197266
cate9-00016,cate9,18,7,0.264648,0.313477,0.072266,0.126953
cate9-00016,cate9,21,8,0.548828,0.477539,0.039062,0.208984
cate9-00016,cate9,22,9,0.578125,0.480469,0.035156,0.191406
cate9-00016,cate9,23,10,0.607422,0.467773,0.031250,0.224609
cate9-00016,cate9,24,11,0.640625,0.461914,0.039062,0.201172
cate9-00016,cate9,25,12,0.670898,0.458008,0.033203,0.197266
cate9-00016,cate9,26,13,0.713867,0.453125,0.056641,0.203125
cate9-00016,cate9,27,14,0.747070,0.429688,0.068359,0.167969
cate9-00016,cate9,28,15,0.766602,0.336914,0.056641,0.123047
cate9-00016,cate9,31,16,0.510742,0.677734,0.021484,0.156250
cate9-00016,cate9,32,17,0.534180,0.689453,0.033203,0.167969
cate9-00016,cate9,33,18,0.565430,0.711914,0.033203,0.197266
cate9-00016,cate9,34,19,0.600586,0.703125,0.033203,0.195312
cate9-00016,cate9,35,20,0.633789,0.703125,0.044922,0.199219
cate9-00016,cate9,36,21,0.684570,0.678711,0.080078,0.189453
cate9-00016,cate9,37,22,0.741211,0.636719,0.080078,0.195312
cate9-00016,cate9,38,23,0.786133,0.617188,0.064453,0.125000
cate9-00016,cate9,41,24,0.486328,0.677734,0.023438,0.160156
cate9-00016,cate9,42,25,0.458984,0.681641,0.027344,0.179688
cate9-00016,cate9,43,26,0.426758,0.699219,0.037109,0.226562
cate9-00016,cate9,44,27,0.392578,0.691406,0.042969,0.230469
cate9-00016,cate9,45,28,0.352539,0.681641,0.064453,0.210938
cate9-00016,cate9,47,30,0.276367,0.632812,0.111328,0.187500
cate9-00016,cate9,48,31,0.215820,0.606445,0.068359,0.115234
cate9-00022,cate9,11,0,0.476562,0.462891,0.046875,0.214844
cate9-00022,cate9,12,1,0.439453,0.447266,0.039062,0.234375
cate9-00022,cate9,13,2,0.402344,0.427734,0.042969,0.265625
cate9-00022,cate9,14,3,0.366211,0.449219,0.052734,0.199219
cate9-00022,cate9,15,4,0.329102,0.437500,0.048828,0.195312
cate9-00022,cate9,16,5,0.279297,0.417969,0.058594,0.183594
cate9-00022,cate9,17,6,0.228516,0.395508,0.066406,0.169922
cate9-00022,cate9,18,7,0.211914,0.315430,0.056641,0.103516
cate9-00022,cate9,21,8,0.521484,0.461914,0.046875,0.208984
cate9-00022,cate9,22,9,0.563477,0.452148,0.041016,0.189453
cate9-00022,cate9,23,10,0.599609,0.423828,0.039062,0.253906
cate9-00022,cate9,24,11,0.639648,0.453125,0.041016,0.167969
cate9-00022,cate9,25,12,0.674805,0.437500,0.037109,0.171875
cate9-00022,cate9,26,13,0.722656,0.417969,0.062500,0.195312
cate9-00022,cate9,27,14,0.767578,0.389648,0.066406,0.197266
cate9-00022,cate9,28,15,0.793945,0.308594,0.048828,0.101562
cate9-00022,cate9,31,16,0.523438,0.658203,0.027344,0.144531
cate9-00022,cate9,32,17,0.552734,0.660156,0.031250,0.164062
cate9-00022,cate9,33,18,0.588867,0.679688,0.041016,0.210938
cate9-00022,cate9,34,19,0.625977,0.653320,0.041016,0.177734
cate9-00022,cate9,35,20,0.663086,0.656250,0.052734,0.187500
cate9-00022,cate9,36,21,0.721680,0.630859,0.083984,0.199219
cate9-00022,cate9,37,22,0.782227,0.583008,0.076172,0.181641
cate9-00022,cate9,41,24,0.496094,0.657227,0.023438,0.142578
cate9-00022,cate9,42,25,0.463867,0.666016,0.033203,0.164062
cate9-00022,cate9,43,26,0.429688,0.679688,0.039062,0.203125
cate9-00022,cate9,44,27,0.391602,0.664062,0.044922,0.179688
cate9-00022,cate9,45,28,0.352539,0.666016,0.048828,0.195312
cate9-00022,cate9,46,29,0.292969,0.636719,0.097656,0.207031
cate9-00022,cate9,47,30,0.226562,0.586914,0.089844,0.185547
cate9-00022,cate9,48,31,0.167969,0.576172,0.070312,0.113281
cate9-00028,cate9,11,0,0.495117,0.475586,0.041016,0.220703
cate9-00028,cate9,12,1,0.463867,0.473633,0.041016,0.216797
cate9-00028,cate9,13,2,0.432617,0.454102,0.037109,0.224609
cate9-00028,cate9,15,4,0.400391,0.462891,0.035156,0.179688
cate9-00028,cate9,16,5,0.352539,0.460938,0.064453,0.183594
cate9-00028,cate9,17,6,0.295898,0.441406,0.060547,0.183594
cate9-00028,cate9,18,7,0.256836,0.368164,0.068359,0.181641
cate9-00028,cate9,21,8,0.532227,0.465820,0.033203,0.240234
cate9-00028,cate9,22,9,0.559570,0.474609,0.029297,0.210938
cate9-00028,cate9,23,10,0.591797,0.443359,0.042969,0.250000
cate9-00028,cate9,24,11,0.628906,0.446289,0.039062,0.232422
cate9-00028,cate9,26,13,0.672852,0.440430,0.060547,0.205078
cate9-00028,cate9,27,14,0.728516,0.432617,0.058594,0.177734
cate9-00028,cate9,28,15,0.766602,0.365234,0.056641,0.121094
cate9-00028,cate9,31,16,0.502930,0.683594,0.025391,0.156250
cate9-00028,cate9,32,17,0.525391,0.681641,0.023438,0.160156
cate9-00028,cate9,33,18,0.560547,0.677734,0.035156,0.160156
cate9-00028,cate9,34,19,0.590820,0.687500,0.048828,0.195312
cate9-00028,cate9,35,20,0.622070,0.658203,0.056641,0.199219
cate9-00028,cate9,36,21,0.672852,0.638672,0.095703,0.207031
cate9-00028,cate9,37,22,0.735352,0.596680,0.091797,0.205078
cate9-00028,cate9,38,23,0.806641,0.556641,0.097656,0.171875
cate9-00028,cate9,41,24,0.477539,0.692383,0.025391,0.177734
cate9-00028,cate9,42,25,0.456055,0.684570,0.025391,0.115234
cate9-00028,cate9,43,26,0.442383,0.687500,0.044922,0.175781
cate9-00028,cate9,44,27,0.416992,0.682617,0.037109,0.216797
cate9-00028,cate9,46,29,0.356445,0.647461,0.095703,0.232422
cate9-00028,cate9,47,30,0.286133,0.623047,0.095703,0.214844
cate9-00028,cate9,48,31,0.217773,0.567383,0.103516,0.169922
cate9-00034,cate9,11,0,0.496094,0.485352,0.039062,0.201172
cate9-00034,cate9,12,1,0.467773,0.464844,0.033203,0.214844
cate9-00034,cate9,13,2,0.442383,0.418945,0.044922,0.287109
cate9-00034,cate9,14,3,0.408203,0.444336,0.050781,0.185547
cate9-00034,cate9,15,4,0.380859,0.403320,0.054688,0.220703
cate9-00034,cate9,16,5,0.341797,0.392578,0.070312,0.191406
cate9-00034,cate9,17,6,0.291992,0.351562,0.072266,0.175781
cate9-00034,cate9,18,7,0.281250,0.240234,0.074219,0.113281
cate9-00034,cate9,21,8,0.529297,0.469727,0.035156,0.224609
cate9-00034,cate9,22,9,0.560547,0.461914,0.031250,0.220703
cate9-00034,cate9,23,10,0.587891,0.428711,0.035156,0.271484
cate9-00034,cate9,24,11,0.616211,0.427734,0.041016,0.218750
cate9-00034,cate9,25,12,0.641602,0.395508,0.048828,0.216797
cate9-00034,cate9,26,13,0.680664,0.379883,0.060547,0.193359
cate9-00034,cate9,27,14,0.722656,0.330078,0.078125,0.203125
cate9-00034,cate9,28,15,0.741211,0.233398,0.068359,0.111328
cate9-00034,cate9,31,16,0.527344,0.706055,0.031250,0.134766
cate9-00034,cate9,32,17,0.553711,0.704102,0.033203,0.142578
cate9-00034,cate9,33,18,0.580078,0.705078,0.042969,0.195312
cate9-00034,cate9,34,19,0.609375,0.691406,0.046875,0.199219
cate9-00034,cate9,35,20,0.646484,0.654297,0.078125,0.199219
cate9-00034,cate9,36,21,0.690430,0.622070,0.103516,0.232422
cate9-00034,cate9,37,22,0.743164,0.539062,0.091797,0.191406
cate9-00034,cate9,41,24,0.504883,0.680664,0.029297,0.095703
cate9-00034,cate9,42,25,0.481445,0.680664,0.025391,0.099609
cate9-00034,cate9,43,26,0.454102,0.697266,0.037109,0.160156
cate9-00034,cate9,44,27,0.422852,0.685547,0.044922,0.179688
cate9-00034,cate9,45,28,0.380859,0.668945,0.058594,0.201172
cate9-00034,cate9,46,29,0.330078,0.624023,0.136719,0.232422
cate9-00034,cate9,47,30,0.265625,0.568359,0.113281,0.222656
cate9-00040,cate9,11,0,0.504883,0.425781,0.041016,0.191406
cate9-00040,cate9,12,1,0.465820,0.425781,0.037109,0.195312
cate9-00040,cate9,13,2,0.424805,0.404297,0.048828,0.234375
cate9-00040,cate9,14,3,0.375977,0.410156,0.044922,0.207031
cate9-00040,cate9,16,5,0.313477,0.417969,0.072266,0.171875
cate9-00040,cate9,17,6,0.247070,0.416016,0.060547,0.171875
cate9-00040,cate9,18,7,0.193359,0.411133,0.058594,0.138672
cate9-00040,cate9,21,8,0.544922,0.426758,0.042969,0.197266
cate9-00040,cate9,22,9,0.583984,0.430664,0.035156,0.181641
cate9-00040,cate9,23,10,0.626953,0.424805,0.054688,0.205078
cate9-00040,cate9,24,11,0.661133,0.431641,0.041016,0.199219
cate9-00040,cate9,26,13,0.718750,0.438477,0.066406,0.181641
cate9-00040,cate9,27,14,0.779297,0.416992,0.050781,0.205078
cate9-00040,cate9,28,15,0.835938,0.428711,0.054688,0.126953
cate9-00040,cate9,31,16,0.543945,0.615234,0.025391,0.140625
cate9-00040,cate9,32,17,0.574219,0.624023,0.039062,0.154297
cate9-00040,cate9,33,18,0.612305,0.631836,0.037109,0.181641
cate9-00040,cate9,34,19,0.655273,0.628906,0.041016,0.175781
cate9-00040,cate9,36,21,0.709961,0.636719,0.083984,0.183594
cate9-00040,cate9,37,22,0.776367,0.614258,0.076172,0.181641
cate9-00040,cate9,38,23,0.840820,0.577148,0.087891,0.173828
cate9-00040,cate9,41,24,0.516602,0.612305,0.029297,0.138672
cate9-00040,cate9,42,25,0.485352,0.607422,0.029297,0.144531
cate9-00040,cate9,43,26,0.453125,0.602539,0.035156,0.162109
cate9-00040,cate9,44,27,0.410156,0.615234,0.046875,0.183594
cate9-00040,cate9,46,29,0.327148,0.616211,0.091797,0.197266
cate9-00040,cate9,47,30,0.261719,0.607422,0.074219,0.195312
cate9-00040,cate9,48,31,0.189453,0.575195,0.097656,0.197266
