image_id,fdi,class_id,x_center,y_center,width,height
train_0,11,0,0.483269,0.361881,0.034836,0.286072
train_0,12,1,0.455400,0.366351,0.028864,0.286072
train_0,13,2,0.434498,0.333944,0.028864,0.279367
train_0,14,3,0.414591,0.318300,0.038818,0.306186
train_0,15,4,0.382243,0.303773,0.033841,0.308421
train_0,16,5,0.342928,0.314947,0.050761,0.263723
train_0,17,6,0.298636,0.300420,0.055738,0.261488
train_0,18,7,0.269772,0.295950,0.051757,0.216789
train_0,21,8,0.514621,0.359646,0.033841,0.286072
train_0,22,9,0.541993,0.358529,0.028864,0.265957
train_0,23,10,0.565383,0.349589,0.035832,0.270427
train_0,24,11,0.592754,0.335062,0.044789,0.281602
train_0,25,12,0.621121,0.325004,0.041804,0.274897
train_0,26,13,0.656952,0.328357,0.061710,0.281602
train_0,27,14,0.701244,0.310477,0.068677,0.254783
train_0,31,16,0.515119,0.623368,0.018911,0.281602
train_0,32,17,0.539007,0.626721,0.028864,0.270427
train_0,33,18,0.562397,0.627838,0.033841,0.272662
train_0,34,19,0.588275,0.639013,0.037822,0.272662
train_0,35,20,0.622116,0.633426,0.051757,0.270427
train_0,37,22,0.701244,0.585375,0.116453,0.241373
train_0,38,23,0.741057,0.519444,0.114462,0.239138
train_0,41,24,0.496705,0.635661,0.017916,0.270427
train_0,42,25,0.476799,0.636778,0.023888,0.272662
train_0,43,26,0.446442,0.640131,0.046780,0.274897
train_0,44,27,0.419568,0.637896,0.048771,0.274897
train_0,45,28,0.399662,0.621134,0.052752,0.268192
train_0,46,29,0.355867,0.609959,0.094556,0.303951
train_0,47,30,0.306599,0.566378,0.091570,0.274897
train_0,48,31,0.254345,0.511622,0.096546,0.219024
train_1,11,0,0.480781,0.446271,0.036289,0.225025
train_1,12,1,0.452837,0.437665,0.026198,0.224605
train_1,13,2,0.424989,0.430318,0.032990,0.235940
train_1,14,3,0.400926,0.421921,0.036871,0.250214
train_1,15,4,0.372885,0.413735,0.033572,0.248955
train_1,16,5,0.340566,0.400603,0.051763,0.257292
train_1,17,6,0.300203,0.384605,0.056076,0.243961
train_1,18,7,0.267030,0.365941,0.057103,0.220854
train_1,21,8,0.516734,0.448022,0.037718,0.234083
train_1,22,9,0.549973,0.447767,0.031589,0.209094
train_1,23,10,0.580147,0.443942,0.031589,0.201444
train_1,24,11,0.607242,0.439608,0.038690,0.207054
train_1,25,12,0.636365,0.432579,0.029434,0.208860
train_1,26,13,0.667690,0.414921,0.043478,0.217307
train_1,27,14,0.705921,0.385268,0.038551,0.227500
train_1,31,16,0.509825,0.703018,0.023761,0.243348
train_1,32,17,0.534231,0.712386,0.025052,0.270427
train_1,33,18,0.557863,0.717973,0.031509,0.272662
train_1,34,19,0.589630,0.699815,0.038740,0.248637
train_1,35,20,0.621010,0.701491,0.055528,0.259811
train_1,36,21,0.665820,0.680538,0.080064,0.246960
train_1,37,22,0.712179,0.638633,0.088587,0.226846
train_1,38,23,0.746658,0.575217,0.072832,0.202820
train_1,41,24,0.486710,0.682562,0.023826,0.203520
train_1,42,25,0.465832,0.687876,0.023826,0.219461
train_1,43,26,0.438199,0.704349,0.028984,0.240717
train_1,44,27,0.407570,0.686903,0.042397,0.218256
train_1,45,28,0.380001,0.683332,0.059574,0.221631
train_1,46,29,0.337386,0.674206,0.088328,0.230943
train_1,47,30,0.292275,0.626341,0.085918,0.202262
train_1,48,31,0.246045,0.564321,0.076104,0.171345
train_10,11,0,0.492155,0.267609,0.041408,0.359015
train_10,12,1,0.474195,0.267059,0.036419,0.338091
train_10,13,2,0.453740,0.244483,0.037417,0.372230
train_10,14,3,0.441268,0.301198,0.031430,0.291837
train_10,15,4,0.423558,0.331483,0.036918,0.255495
train_10,16,5,0.398114,0.349654,0.052882,0.254394
train_10,17,6,0.357704,0.324325,0.046896,0.287432
train_10,18,7,0.321535,0.300648,0.049390,0.270913
train_10,21,8,0.523834,0.258799,0.035920,0.387648
train_10,22,9,0.548280,0.265407,0.033925,0.359015
train_10,23,10,0.569732,0.256046,0.032927,0.412977
train_10,24,11,0.582205,0.337540,0.032927,0.272014
train_10,25,12,0.599167,0.301198,0.043902,0.298445
train_10,28,15,0.692459,0.310008,0.057871,0.256597
train_10,31,16,0.514356,0.593036,0.021951,0.254394
train_10,32,17,0.533313,0.601846,0.023947,0.269812
train_10,33,18,0.554516,0.609555,0.031430,0.296242
train_10,34,19,0.574721,0.602947,0.027938,0.280825
train_10,36,21,0.622615,0.591934,0.083814,0.269812
train_10,37,22,0.661778,0.569909,0.068348,0.258799
train_10,38,23,0.715408,0.544580,0.088802,0.236774
train_10,41,24,0.494649,0.585327,0.026441,0.232369
train_10,42,25,0.478186,0.605150,0.034423,0.256597
train_10,43,26,0.454988,0.643143,0.027938,0.317167
train_10,44,27,0.437028,0.626074,0.028936,0.285230
train_10,45,28,0.419566,0.597441,0.047893,0.261002
train_10,47,30,0.341241,0.585877,0.117738,0.253293
train_10,48,31,0.296091,0.539624,0.106264,0.248888
train_100,11,0,0.482526,0.440866,0.030371,0.261508
train_100,12,1,0.456494,0.427859,0.022933,0.249185
train_100,13,2,0.433870,0.413483,0.028511,0.264246
train_100,14,3,0.419305,0.404584,0.035329,0.235494
train_100,15,4,0.401640,0.403215,0.038429,0.235494
train_100,16,5,0.370029,0.392262,0.044627,0.254662
train_100,17,6,0.337489,0.395000,0.047726,0.224541
train_100,18,7,0.313007,0.380624,0.048965,0.202634
train_100,21,8,0.508320,0.435182,0.029567,0.276278
train_100,22,9,0.530779,0.432691,0.024449,0.258735
train_100,23,10,0.549827,0.419503,0.027292,0.270039
train_100,24,11,0.563757,0.411967,0.036958,0.257479
train_100,25,12,0.578825,0.415735,0.034115,0.262503
train_100,26,13,0.607539,0.410711,0.050605,0.262503
train_100,27,14,0.637106,0.405687,0.043781,0.249943
train_100,28,15,0.665251,0.392499,0.061408,0.211008
train_100,31,16,0.516280,0.670075,0.020469,0.193424
train_100,32,17,0.534191,0.671959,0.026724,0.219800
train_100,33,18,0.553807,0.684519,0.028430,0.267527
train_100,34,19,0.575414,0.679495,0.028430,0.249943
train_100,35,20,0.599294,0.677611,0.044350,0.236128
train_100,36,21,0.645635,0.664423,0.086994,0.249943
train_100,37,22,0.688279,0.613555,0.084151,0.213520
train_100,38,23,0.721257,0.599111,0.052310,0.169560
train_100,41,24,0.498938,0.666307,0.025018,0.185888
train_100,42,25,0.479890,0.673215,0.033547,0.207240
train_100,43,26,0.454304,0.688915,0.032410,0.273807
train_100,44,27,0.430992,0.673215,0.035821,0.242407
train_100,45,28,0.407679,0.661283,0.038096,0.221056
train_100,46,29,0.365319,0.655631,0.070505,0.222312
train_100,47,30,0.313293,0.618579,0.089269,0.218544
train_101,11,0,0.490231,0.461355,0.033382,0.245332
train_101,12,1,0.456848,0.436387,0.031419,0.243161
train_101,13,2,0.433284,0.443986,0.029455,0.236648
train_101,14,3,0.412175,0.453756,0.028473,0.212766
train_101,15,4,0.383211,0.452670,0.033382,0.219279
train_101,16,5,0.341973,0.451585,0.047128,0.204082
train_101,21,8,0.522631,0.464611,0.027491,0.225792
train_101,22,9,0.547668,0.455927,0.024546,0.195397
train_101,23,10,0.570741,0.462440,0.029455,0.182371
train_101,24,11,0.596760,0.477638,0.028473,0.173686
train_101,26,13,0.647815,0.466782,0.048110,0.165002
train_101,31,16,0.516740,0.700174,0.021600,0.175858
train_101,32,17,0.537850,0.698003,0.016691,0.184542
train_101,33,18,0.557486,0.718628,0.024546,0.204082
train_101,34,19,0.583996,0.702345,0.026510,0.223621
train_101,35,20,0.607069,0.706687,0.041237,0.219279
train_101,36,21,0.651252,0.676292,0.056946,0.201911
train_101,37,22,0.689053,0.646982,0.054001,0.199739
train_101,38,23,0.740108,0.633956,0.054001,0.091185
train_101,41,24,0.494649,0.707772,0.026510,0.186713
train_101,42,25,0.471085,0.695832,0.022582,0.193226
train_101,43,26,0.448012,0.703430,0.027491,0.204082
train_101,44,27,0.421993,0.695832,0.030437,0.180200
train_101,45,28,0.397938,0.708858,0.047128,0.201911
train_101,46,29,0.353265,0.681719,0.071674,0.199739
train_101,47,30,0.319391,0.632870,0.076583,0.167173
train_101,48,31,0.266863,0.616587,0.059892,0.095528
train_102,11,0,0.484971,0.437205,0.029897,0.286331
train_102,12,1,0.467081,0.433902,0.036269,0.286331
train_102,13,2,0.445271,0.424541,0.033818,0.302850
train_102,14,3,0.429342,0.437756,0.038229,0.285230
train_102,15,4,0.411453,0.445465,0.034798,0.258799
train_102,16,5,0.385477,0.459782,0.049502,0.214748
train_102,17,6,0.350188,0.443262,0.048522,0.234571
train_102,21,8,0.510457,0.429496,0.031858,0.312762
train_102,22,9,0.533492,0.430047,0.030877,0.296242
train_102,23,10,0.552607,0.423990,0.030877,0.317167
train_102,24,11,0.568290,0.391503,0.039699,0.379939
train_102,25,12,0.589365,0.425091,0.036759,0.306154
train_102,26,13,0.615342,0.452623,0.050482,0.215850
train_102,27,14,0.649895,0.431148,0.052933,0.230166
train_102,31,16,0.502542,0.690974,0.023214,0.211220
train_102,32,17,0.518448,0.691296,0.026367,0.214440
train_102,33,18,0.539226,0.709649,0.028373,0.264026
train_102,34,19,0.556135,0.706751,0.031812,0.262094
train_102,35,20,0.577916,0.696448,0.046142,0.240199
train_102,36,21,0.612881,0.675519,0.075947,0.229251
train_102,37,22,0.657159,0.654268,0.082539,0.225388
train_102,38,23,0.705021,0.614986,0.080246,0.209933
train_102,41,24,0.490792,0.705141,0.030666,0.222812
train_102,42,25,0.473023,0.687754,0.019775,0.224100
train_102,43,26,0.455541,0.705785,0.032385,0.260162
train_102,44,27,0.435959,0.703163,0.031858,0.256597
train_102,45,28,0.418070,0.693802,0.048031,0.251090
train_102,46,29,0.384252,0.678935,0.070577,0.234571
train_102,47,30,0.343327,0.667922,0.080869,0.232369
train_102,48,31,0.293825,0.615061,0.078909,0.190520
train_103,11,0,0.486072,0.466833,0.032165,0.230074
train_103,12,1,0.460933,0.460149,0.022485,0.212485
train_103,13,2,0.441103,0.459797,0.027793,0.231481
train_103,14,3,0.421585,0.455223,0.030604,0.237814
train_103,15,4,0.399569,0.452761,0.032165,0.235703
train_103,16,5,0.366779,0.452409,0.043408,0.243443
train_103,17,6,0.326650,0.438689,0.038723,0.237110
train_103,18,7,0.292924,0.419692,0.051215,0.231481
train_103,21,8,0.518706,0.466481,0.032478,0.232185
train_103,22,9,0.544469,0.466481,0.025920,0.220928
train_103,23,10,0.568047,0.472813,0.029979,0.234999
train_103,25,12,0.613016,0.461556,0.032478,0.244850
train_103,26,13,0.636437,0.456631,0.031229,0.159012
train_103,27,14,0.670633,0.460149,0.043408,0.234999
train_103,28,15,0.710137,0.441855,0.045594,0.222335
train_103,31,16,0.514490,0.710979,0.021548,0.204745
train_103,32,17,0.536662,0.713090,0.027793,0.210374
train_103,33,18,0.562270,0.734901,0.029667,0.252589
train_103,34,19,0.586940,0.733494,0.040285,0.246960
train_103,35,20,0.615358,0.724699,0.047155,0.249071
train_103,36,21,0.651896,0.706054,0.080257,0.242739
train_103,37,22,0.694991,0.679669,0.077134,0.223742
train_103,38,23,0.738399,0.633232,0.083380,0.218113
train_103,41,24,0.492942,0.720126,0.021548,0.223038
train_103,42,25,0.477016,0.729272,0.030916,0.249775
train_103,43,26,0.454844,0.727161,0.034039,0.265254
train_103,44,27,0.428299,0.716959,0.030916,0.246257
train_103,45,28,0.397227,0.707461,0.034351,0.245553
train_103,47,30,0.326026,0.675799,0.088689,0.230074
train_103,48,31,0.276372,0.622678,0.091812,0.208263
train_104,11,0,0.488516,0.333207,0.039081,0.253293
train_104,12,1,0.458454,0.344288,0.025553,0.243794
train_104,13,2,0.424633,0.328457,0.046597,0.284954
train_104,14,3,0.397953,0.363285,0.051858,0.243794
train_104,15,4,0.366011,0.371201,0.049603,0.246960
train_104,16,5,0.329560,0.390989,0.069895,0.248544
train_104,17,6,0.289728,0.395738,0.041336,0.251710
train_104,18,7,0.251022,0.379908,0.049603,0.248544
train_104,21,8,0.526094,0.336373,0.034572,0.265957
train_104,22,9,0.553902,0.333207,0.027056,0.240628
train_104,23,10,0.588850,0.330041,0.048852,0.275456
train_104,24,11,0.618912,0.348246,0.053361,0.251710
train_104,25,12,0.645969,0.364868,0.045845,0.243794
train_104,26,13,0.681668,0.375950,0.066138,0.240628
train_104,27,14,0.724131,0.369618,0.044342,0.253293
train_104,28,15,0.763964,0.358536,0.048852,0.253293
train_104,31,16,0.523840,0.635575,0.028559,0.243794
train_104,32,17,0.547890,0.626076,0.028559,0.240628
train_104,33,18,0.578328,0.654572,0.038330,0.310284
train_104,34,19,0.606887,0.633992,0.035323,0.259625
train_104,35,20,0.638077,0.646657,0.036075,0.275456
train_104,36,21,0.680916,0.632409,0.064634,0.243794
train_104,37,22,0.726762,0.624493,0.070647,0.234296
train_104,38,23,0.783505,0.589666,0.078914,0.218465
train_104,41,24,0.496032,0.633200,0.030063,0.235879
train_104,42,25,0.470103,0.645073,0.026305,0.240628
train_104,43,26,0.442295,0.668820,0.030814,0.284954
train_104,44,27,0.413360,0.664070,0.037578,0.269124
train_104,45,28,0.379539,0.661696,0.033069,0.261208
train_104,46,29,0.340834,0.660904,0.059373,0.256459
train_104,47,30,0.286346,0.654572,0.064634,0.246960
train_104,48,31,0.231857,0.622910,0.075908,0.221631
train_105,11,0,0.477733,0.436712,0.031143,0.212799
train_105,12,1,0.453889,0.431786,0.026277,0.218711
train_105,13,2,0.433451,0.432771,0.032116,0.232503
train_105,14,3,0.413987,0.416023,0.034063,0.199007
train_105,15,4,0.387710,0.416023,0.034063,0.191125
train_105,16,5,0.354621,0.401245,0.043795,0.200977
train_105,17,6,0.317639,0.396319,0.049634,0.175363
train_105,21,8,0.506929,0.417008,0.033089,0.228562
train_105,22,9,0.524447,0.417008,0.023357,0.256148
train_105,23,10,0.544398,0.417993,0.020438,0.246296
train_105,24,11,0.561916,0.403216,0.024330,0.220681
train_105,25,12,0.583327,0.411097,0.032116,0.200977
train_105,26,13,0.616903,0.403216,0.036982,0.193096
train_105,27,14,0.652912,0.383512,0.044768,0.189155
train_105,31,16,0.490385,0.657393,0.013625,0.173392
train_105,32,17,0.504983,0.665274,0.017518,0.193096
train_105,33,18,0.527367,0.659363,0.025304,0.193096
train_105,34,19,0.545371,0.642615,0.026277,0.159600
train_105,35,20,0.569702,0.637689,0.034063,0.157629
train_105,36,21,0.609604,0.611089,0.069098,0.167481
train_105,37,22,0.650479,0.578578,0.069098,0.141866
train_105,41,24,0.470434,0.667245,0.018491,0.197037
train_105,42,25,0.453889,0.659363,0.024330,0.200977
train_105,43,26,0.431018,0.661334,0.019464,0.208859
train_105,44,27,0.406688,0.642615,0.029197,0.175363
train_105,45,28,0.375545,0.636704,0.042822,0.175363
train_105,46,29,0.339536,0.617985,0.066179,0.177333
train_105,47,30,0.300607,0.567741,0.070072,0.135955
train_106,11,0,0.481787,0.406397,0.035231,0.297043
train_106,12,1,0.454420,0.427121,0.028311,0.250069
train_106,13,2,0.430827,0.414686,0.033973,0.305333
train_106,14,3,0.412897,0.445772,0.043410,0.234872
train_106,15,4,0.385215,0.445082,0.038377,0.241779
train_106,16,5,0.344637,0.460279,0.054105,0.227964
train_106,17,6,0.299969,0.448536,0.047814,0.229345
train_106,18,7,0.280780,0.386364,0.050959,0.127107
train_106,21,8,0.514816,0.428502,0.035860,0.252832
train_106,22,9,0.541554,0.437483,0.028940,0.229345
train_106,23,10,0.568921,0.414686,0.033344,0.280464
train_106,24,11,0.592199,0.419522,0.032086,0.254214
train_106,25,12,0.620195,0.434720,0.039006,0.218292
train_106,26,13,0.652595,0.409160,0.049701,0.255595
train_106,27,14,0.694747,0.406397,0.048443,0.233490
train_106,28,15,0.718339,0.353205,0.060396,0.140923
train_106,31,16,0.510098,0.673736,0.027682,0.196187
train_106,32,17,0.528657,0.668900,0.023278,0.214148
train_106,33,18,0.550362,0.684789,0.030198,0.265267
train_106,34,19,0.577414,0.669591,0.032715,0.234872
train_106,35,20,0.604152,0.676499,0.050959,0.265267
train_106,36,21,0.642844,0.653012,0.070462,0.234872
train_106,37,22,0.688141,0.633670,0.064171,0.218292
train_106,41,24,0.491224,0.677190,0.045297,0.222437
train_106,42,25,0.472979,0.675808,0.051589,0.216911
train_106,43,26,0.449387,0.702059,0.050959,0.274938
train_106,44,27,0.413212,0.695151,0.041522,0.252832
train_106,45,28,0.384901,0.704822,0.041522,0.272175
train_106,46,29,0.325448,0.686861,0.076125,0.219674
train_107,11,0,0.478186,0.405395,0.032051,0.242739
train_107,12,1,0.455847,0.408561,0.026224,0.198413
train_107,13,2,0.433994,0.394841,0.034965,0.234296
train_107,14,3,0.408256,0.361069,0.028166,0.217410
train_107,15,4,0.382032,0.347349,0.039821,0.185748
train_107,16,5,0.344639,0.328352,0.046620,0.168862
train_107,17,6,0.316472,0.284026,0.044678,0.173083
train_107,21,8,0.498582,0.399063,0.024281,0.251182
train_107,22,9,0.520435,0.387454,0.023310,0.223742
train_107,23,10,0.542774,0.366346,0.021368,0.232185
train_107,24,11,0.560742,0.370567,0.028166,0.215299
train_107,25,12,0.581138,0.349460,0.026224,0.219520
train_107,26,13,0.607362,0.328352,0.041764,0.219520
train_107,27,14,0.640385,0.303023,0.047591,0.202634
train_107,28,15,0.679235,0.282970,0.043706,0.183637
train_107,31,16,0.514608,0.625971,0.034965,0.164640
train_107,32,17,0.534518,0.620694,0.033994,0.170973
train_107,33,18,0.560742,0.608029,0.047591,0.196302
train_107,34,19,0.582595,0.593254,0.044678,0.179416
train_107,35,20,0.608819,0.574257,0.050505,0.175194
train_107,36,21,0.646212,0.548928,0.076729,0.187859
train_107,37,22,0.687976,0.487715,0.074786,0.170973
train_107,38,23,0.726340,0.427558,0.069930,0.143533
train_107,41,24,0.492269,0.633359,0.029138,0.175194
train_107,42,25,0.468959,0.624916,0.023310,0.175194
train_107,43,26,0.448563,0.624916,0.025253,0.192080
train_107,44,27,0.421853,0.629137,0.022339,0.217410
train_107,45,28,0.397086,0.603808,0.044678,0.208967
train_107,46,29,0.360664,0.571091,0.061189,0.189970
train_107,47,30,0.322786,0.539429,0.078671,0.173083
train_107,48,31,0.274709,0.464497,0.081585,0.145643
train_108,11,0,0.468192,0.494521,0.041610,0.209966
train_108,12,1,0.446000,0.483523,0.032363,0.219965
train_108,13,2,0.418722,0.494521,0.033288,0.201968
train_108,14,3,0.395144,0.484522,0.039760,0.181971
train_108,15,4,0.365092,0.483523,0.031438,0.191969
train_108,16,5,0.340589,0.455527,0.045308,0.215965
train_108,17,6,0.295743,0.432531,0.048082,0.221964
train_108,21,8,0.504253,0.478523,0.039760,0.245961
train_108,22,9,0.532456,0.489522,0.029589,0.195969
train_108,23,10,0.557884,0.496521,0.032363,0.201968
train_108,24,11,0.611052,0.469525,0.033288,0.207967
train_108,25,12,0.648038,0.453527,0.049932,0.227964
train_108,26,13,0.691959,0.431531,0.041610,0.211966
train_108,27,14,0.729870,0.440530,0.054555,0.205967
train_108,31,16,0.511188,0.725484,0.025890,0.231963
train_108,32,17,0.536154,0.721485,0.029589,0.227964
train_108,33,18,0.565743,0.726484,0.040685,0.237962
train_108,34,19,0.593483,0.721485,0.049932,0.235962
train_108,35,20,0.619836,0.706487,0.065651,0.225964
train_108,36,21,0.662832,0.686490,0.088767,0.229963
train_108,37,22,0.709528,0.650496,0.091541,0.217965
train_108,41,24,0.491308,0.725484,0.032363,0.227964
train_108,42,25,0.470966,0.742481,0.036062,0.261958
train_108,43,26,0.441839,0.718485,0.035137,0.217965
train_108,44,27,0.415949,0.716485,0.046233,0.237962
train_108,45,28,0.385435,0.717485,0.053630,0.223964
train_108,47,30,0.298979,0.652496,0.102637,0.229963
train_109,11,0,0.497004,0.442735,0.028206,0.277567
train_109,12,1,0.474391,0.459621,0.017993,0.229019
train_109,13,2,0.453966,0.425849,0.026747,0.269124
train_109,15,4,0.413846,0.400519,0.022370,0.258570
train_109,17,6,0.346006,0.401047,0.043281,0.208967
train_109,21,8,0.526183,0.450650,0.028206,0.261736
train_109,22,9,0.550255,0.454872,0.022856,0.261736
train_109,23,10,0.573111,0.440096,0.030637,0.295508
train_109,24,11,0.591348,0.431653,0.023343,0.268068
train_109,26,13,0.638276,0.453289,0.036473,0.207911
train_109,27,14,0.675479,0.436402,0.046685,0.239573
train_109,31,16,0.523751,0.702360,0.017507,0.201579
train_109,32,17,0.542231,0.722940,0.024315,0.238517
train_109,33,18,0.565330,0.739826,0.021884,0.225853
train_109,35,20,0.615906,0.725051,0.031610,0.219520
train_109,37,22,0.703441,0.673864,0.085103,0.184693
train_109,41,24,0.505515,0.708692,0.021884,0.210022
train_109,42,25,0.483631,0.725578,0.023829,0.248016
train_109,43,26,0.454209,0.728217,0.039877,0.284954
train_109,44,27,0.432083,0.711858,0.038418,0.262791
train_109,45,28,0.406795,0.698666,0.051062,0.270179
train_109,47,30,0.321205,0.641675,0.095802,0.249071
train_11,11,0,0.491667,0.516211,0.034476,0.215299
train_11,12,1,0.463593,0.510934,0.027581,0.200523
train_11,13,2,0.439460,0.499325,0.030536,0.215299
train_11,14,3,0.416312,0.507768,0.033491,0.227964
train_11,15,4,0.383806,0.516211,0.037431,0.223742
train_11,16,5,0.351793,0.502491,0.046296,0.230074
train_11,17,6,0.314362,0.499325,0.058117,0.198413
train_11,18,7,0.292199,0.424392,0.057132,0.154086
train_11,21,8,0.523188,0.511989,0.032506,0.215299
train_11,22,9,0.550276,0.502491,0.033491,0.204745
train_11,23,10,0.579827,0.516211,0.035461,0.223742
train_11,24,11,0.602482,0.520432,0.037431,0.219520
train_11,25,12,0.626123,0.527820,0.031521,0.230074
train_11,26,13,0.659121,0.530986,0.042356,0.227964
train_11,27,14,0.696060,0.526765,0.043341,0.227964
train_11,28,15,0.717730,0.453943,0.053191,0.145643
train_11,31,16,0.509397,0.736787,0.022656,0.187859
train_11,32,17,0.534023,0.742063,0.022656,0.194191
train_11,33,18,0.559141,0.741008,0.031521,0.230074
train_11,34,19,0.586229,0.760005,0.028566,0.208967
train_11,35,20,0.608392,0.774780,0.043341,0.242739
train_11,36,21,0.647794,0.758950,0.065012,0.206856
train_11,37,22,0.696060,0.729399,0.072892,0.181527
train_11,38,23,0.750236,0.701959,0.063042,0.130868
train_11,41,24,0.486742,0.737842,0.018716,0.198413
train_11,42,25,0.464578,0.736787,0.023641,0.208967
train_11,43,26,0.443400,0.742063,0.026596,0.223742
train_11,44,27,0.414342,0.756839,0.031521,0.232185
train_11,45,28,0.384299,0.739953,0.044326,0.189970
train_11,46,29,0.349823,0.732565,0.058117,0.200523
train_11,47,30,0.304511,0.710402,0.064027,0.194191
train_11,48,31,0.248365,0.673463,0.069937,0.141422
train_110,11,0,0.480712,0.447928,0.032215,0.233296
train_110,12,1,0.455591,0.446595,0.028668,0.231963
train_110,13,2,0.432981,0.450595,0.029555,0.251960
train_110,14,3,0.416430,0.445929,0.034284,0.242628
train_110,15,4,0.390817,0.440394,0.034437,0.245176
train_110,16,5,0.358520,0.436615,0.044675,0.221666
train_110,17,6,0.321942,0.426120,0.038905,0.214109
train_110,18,7,0.292810,0.399461,0.045792,0.203614
train_110,21,8,0.509085,0.450595,0.031033,0.233296
train_110,22,9,0.535537,0.444929,0.028373,0.212633
train_110,23,10,0.557555,0.453927,0.028668,0.219965
train_110,24,11,0.575880,0.455594,0.038126,0.211300
train_110,25,12,0.602036,0.446595,0.030737,0.209300
train_110,26,13,0.628931,0.442929,0.043741,0.196635
train_110,27,14,0.662476,0.419266,0.038126,0.201301
train_110,28,15,0.689371,0.401936,0.051721,0.179971
train_110,31,16,0.500413,0.658665,0.017137,0.197444
train_110,32,17,0.519458,0.662152,0.022578,0.211904
train_110,33,18,0.538563,0.661564,0.024662,0.220913
train_110,34,19,0.560272,0.669594,0.022578,0.211121
train_110,35,20,0.583110,0.669202,0.030046,0.224438
train_110,36,21,0.620884,0.650793,0.077111,0.226005
train_110,37,22,0.658311,0.624745,0.073811,0.208379
train_110,38,23,0.697648,0.590277,0.063912,0.198978
train_110,41,24,0.481642,0.658129,0.020544,0.214619
train_110,42,25,0.463316,0.663504,0.022681,0.212025
train_110,43,26,0.446552,0.665542,0.024325,0.219809
train_110,44,27,0.423049,0.671288,0.023996,0.212025
train_110,45,28,0.400122,0.676292,0.037966,0.222033
train_110,46,29,0.362977,0.666469,0.078397,0.226110
train_110,47,30,0.325669,0.635147,0.083985,0.207206
train_110,48,31,0.281622,0.601045,0.075439,0.202758
train_111,11,0,0.479251,0.370113,0.049527,0.370768
train_111,12,1,0.460314,0.357012,0.052441,0.362907
train_111,13,2,0.434385,0.341945,0.035543,0.361597
train_111,14,3,0.417196,0.320328,0.040787,0.376009
train_111,15,4,0.395637,0.354392,0.037291,0.297401
train_111,16,5,0.365920,0.358977,0.053606,0.277749
train_111,17,6,0.327464,0.336705,0.065260,0.264647
train_111,18,7,0.306196,0.244340,0.061181,0.231894
train_111,21,8,0.508806,0.367275,0.032293,0.351233
train_111,22,9,0.535278,0.350811,0.028163,0.360520
train_111,23,10,0.558372,0.355876,0.033795,0.335191
train_111,24,11,0.579400,0.362209,0.039052,0.293820
train_111,25,12,0.604371,0.371496,0.036424,0.261736
train_111,26,13,0.632909,0.353766,0.046187,0.276933
train_111,27,14,0.668018,0.344478,0.048815,0.246538
train_111,28,15,0.689234,0.225008,0.047689,0.244005
train_111,31,16,0.505989,0.664894,0.022155,0.206856
train_111,32,17,0.528895,0.666160,0.027412,0.222898
train_111,33,18,0.551613,0.676714,0.030791,0.245694
train_111,34,19,0.576584,0.662783,0.037926,0.258359
train_111,35,20,0.602681,0.656028,0.045811,0.258359
train_111,36,21,0.640044,0.634498,0.073223,0.237251
train_111,37,22,0.691300,0.597771,0.083361,0.226275
train_111,38,23,0.736548,0.595660,0.067966,0.179838
train_111,41,24,0.484398,0.661939,0.024032,0.202634
train_111,42,25,0.466937,0.677558,0.029665,0.228808
train_111,43,26,0.444219,0.688112,0.030040,0.260047
train_111,44,27,0.423567,0.675025,0.036799,0.272712
train_111,45,28,0.401787,0.653918,0.048064,0.240628
train_111,46,29,0.357666,0.644630,0.094251,0.242317
train_111,47,30,0.304908,0.598615,0.115655,0.221209
train_111,48,31,0.246893,0.593972,0.088994,0.195035
train_112,11,0,0.496984,0.505983,0.038104,0.227964
train_112,12,1,0.467318,0.491509,0.044092,0.225551
train_112,13,2,0.437651,0.495127,0.039193,0.237613
train_112,14,3,0.414789,0.497539,0.038104,0.230376
train_112,15,4,0.386755,0.492112,0.041914,0.238819
train_112,16,5,0.358449,0.510204,0.046269,0.219520
train_112,17,6,0.320618,0.518044,0.039193,0.235200
train_112,18,7,0.295578,0.492112,0.050079,0.120616
train_112,21,8,0.538899,0.505983,0.041370,0.242437
train_112,22,9,0.571287,0.509601,0.029939,0.225551
train_112,23,10,0.600682,0.493921,0.037560,0.268973
train_112,24,11,0.629804,0.511410,0.046813,0.226757
train_112,25,12,0.654844,0.518647,0.033749,0.219520
train_112,26,13,0.686415,0.523472,0.046813,0.209871
train_112,27,14,0.725608,0.524678,0.038104,0.195397
train_112,28,15,0.747382,0.466782,0.046813,0.108554
train_112,31,16,0.535360,0.730328,0.029939,0.206253
train_112,32,17,0.558223,0.746008,0.031028,0.242437
train_112,33,18,0.589523,0.752641,0.029394,0.260530
train_112,34,19,0.619733,0.735755,0.031028,0.231582
train_112,35,20,0.642596,0.741183,0.034294,0.242437
train_112,36,21,0.683422,0.725503,0.066954,0.208665
train_112,37,22,0.722342,0.712838,0.058789,0.188160
train_112,38,23,0.762351,0.694746,0.049535,0.110966
train_112,41,24,0.508688,0.733946,0.025584,0.211077
train_112,42,25,0.484464,0.742389,0.026128,0.220727
train_112,43,26,0.451804,0.746611,0.030483,0.255705
train_112,44,27,0.421593,0.738771,0.033205,0.232788
train_112,45,28,0.400091,0.735152,0.034838,0.252087
train_112,46,29,0.362260,0.726106,0.063688,0.236407
train_112,47,30,0.324156,0.727312,0.053890,0.209871
train_112,48,31,0.284147,0.721884,0.053346,0.119409
train_113,11,0,0.484952,0.482358,0.029230,0.246685
train_113,12,1,0.464225,0.459782,0.023915,0.294040
train_113,13,2,0.439247,0.460332,0.030293,0.310559
train_113,14,3,0.418254,0.470023,0.037202,0.271354
train_113,15,4,0.395225,0.460571,0.037485,0.260892
train_113,16,5,0.365685,0.470280,0.046042,0.224586
train_113,17,6,0.320051,0.437774,0.047671,0.245694
train_113,18,7,0.285825,0.427643,0.041152,0.203479
train_113,21,8,0.512977,0.480412,0.029336,0.253293
train_113,22,9,0.536609,0.473235,0.021187,0.247383
train_113,23,10,0.558000,0.458882,0.026484,0.292975
train_113,24,11,0.578984,0.471547,0.035855,0.247383
train_113,25,12,0.602005,0.454661,0.034633,0.200101
train_113,26,13,0.631341,0.465637,0.052561,0.228808
train_113,27,14,0.677383,0.456771,0.048486,0.222898
train_113,28,15,0.714053,0.447906,0.039522,0.196724
train_113,31,16,0.529479,0.712175,0.023225,0.205167
train_113,32,17,0.550055,0.735393,0.032596,0.258359
train_113,33,18,0.575693,0.728002,0.040089,0.268533
train_113,34,19,0.600399,0.713835,0.043507,0.259518
train_113,35,20,0.628989,0.696770,0.059667,0.240843
train_113,36,21,0.682597,0.672299,0.091676,0.224100
train_113,37,22,0.732164,0.624968,0.092608,0.193833
train_113,41,24,0.501161,0.718507,0.022817,0.207700
train_113,42,25,0.478344,0.725684,0.025262,0.220365
train_113,43,26,0.451860,0.731594,0.030151,0.242317
train_113,44,27,0.424968,0.714286,0.045634,0.226275
train_113,45,28,0.396397,0.701684,0.058088,0.217258
train_113,46,29,0.364713,0.693546,0.080768,0.228915
train_113,47,30,0.317810,0.664049,0.097788,0.211922
train_113,48,31,0.275231,0.607058,0.097380,0.173928
train_114,11,0,0.491740,0.450909,0.027134,0.240867
train_114,12,1,0.470285,0.460945,0.022086,0.215060
train_114,13,2,0.449776,0.448758,0.025241,0.236566
train_114,14,3,0.433854,0.445021,0.035303,0.246960
train_114,15,4,0.415118,0.445725,0.035613,0.252589
train_114,16,5,0.389415,0.444318,0.052335,0.265254
train_114,17,6,0.360925,0.435875,0.048000,0.252589
train_114,18,7,0.336306,0.422506,0.043354,0.203338
train_114,21,8,0.517930,0.439041,0.027561,0.261736
train_114,22,9,0.538369,0.441855,0.021368,0.253293
train_114,23,10,0.558807,0.460149,0.025084,0.239221
train_114,24,11,0.581413,0.465426,0.032516,0.237110
train_114,25,12,0.602007,0.466108,0.031587,0.239883
train_114,26,13,0.628381,0.478220,0.040679,0.235413
train_114,27,14,0.664118,0.460783,0.038726,0.231392
train_114,28,15,0.693037,0.439358,0.041240,0.217108
train_114,31,16,0.512737,0.686747,0.018105,0.187399
train_114,32,17,0.529333,0.701316,0.026152,0.213109
train_114,33,18,0.548822,0.716171,0.030427,0.232534
train_114,34,19,0.573088,0.723313,0.029170,0.239962
train_114,35,20,0.596349,0.722170,0.034954,0.222821
train_114,37,22,0.683481,0.694460,0.092539,0.216537
train_114,38,23,0.723087,0.635327,0.092791,0.197683
train_114,41,24,0.494631,0.688747,0.017603,0.190255
train_114,42,25,0.474891,0.688747,0.018860,0.195969
train_114,43,26,0.456912,0.704744,0.025649,0.230249
train_114,44,27,0.433651,0.702173,0.028918,0.238819
train_114,45,28,0.410391,0.701888,0.041240,0.239390
train_114,47,30,0.335328,0.663608,0.090276,0.186827
train_114,48,31,0.296603,0.612759,0.085749,0.191398
train_115,11,0,0.485653,0.461816,0.044516,0.291739
train_115,12,1,0.449723,0.457067,0.040064,0.295810
train_115,13,2,0.416654,0.459781,0.045152,0.293096
train_115,14,3,0.391534,0.472672,0.047059,0.294453
train_115,15,4,0.351152,0.472672,0.055327,0.253745
train_115,16,5,0.309816,0.464530,0.050239,0.242890
train_115,17,6,0.273250,0.453675,0.043244,0.234748
train_115,18,7,0.524763,0.448247,0.047695,0.318878
train_115,21,8,0.565463,0.476064,0.038792,0.263244
train_115,22,9,0.582634,0.486241,0.037520,0.278170
train_115,23,10,0.610933,0.489633,0.043244,0.271385
train_115,24,11,0.644956,0.484205,0.048967,0.249674
train_115,25,12,0.686292,0.480135,0.046423,0.244247
train_115,26,13,0.727628,0.469279,0.048967,0.236105
train_115,31,16,0.513635,0.748806,0.029253,0.249674
train_115,32,17,0.539072,0.753555,0.038156,0.253745
train_115,33,18,0.567371,0.758983,0.031161,0.256459
train_115,34,19,0.597260,0.756269,0.045152,0.232034
train_115,35,20,0.636689,0.744057,0.076949,0.234748
train_115,36,21,0.685974,0.728452,0.080128,0.238819
train_115,37,22,0.728900,0.688423,0.082036,0.218465
train_115,41,24,0.489787,0.758304,0.029889,0.268671
train_115,42,25,0.462124,0.748127,0.034341,0.237462
train_115,43,26,0.432552,0.750163,0.033705,0.244247
train_115,44,27,0.402981,0.745414,0.038156,0.232034
train_115,46,29,0.363235,0.740664,0.078220,0.263244
train_115,47,30,0.305047,0.697243,0.089031,0.227964
train_115,48,31,0.265937,0.663998,0.090939,0.213037
train_116,11,0,0.465422,0.382219,0.042877,0.332827
train_116,12,1,0.438451,0.370821,0.029046,0.328267
train_116,13,2,0.411826,0.365502,0.047718,0.363222
train_116,14,3,0.390387,0.373860,0.046335,0.346505
train_116,15,4,0.364454,0.392857,0.048409,0.317629
train_116,16,5,0.336100,0.399696,0.042877,0.303951
train_116,17,6,0.299101,0.398936,0.043568,0.296353
train_116,18,7,0.260028,0.390578,0.053942,0.285714
train_116,21,8,0.502766,0.376900,0.035961,0.340426
train_116,22,9,0.527663,0.338146,0.034578,0.393617
train_116,23,10,0.557400,0.342705,0.048409,0.399696
train_116,24,11,0.586100,0.375380,0.058783,0.325228
train_116,25,12,0.612033,0.386018,0.060858,0.319149
train_116,26,13,0.649032,0.416413,0.064315,0.264438
train_116,27,14,0.690871,0.410334,0.049793,0.261398
train_116,28,15,0.725450,0.409574,0.037344,0.284195
train_116,31,16,0.513140,0.670973,0.024896,0.250760
train_116,32,17,0.531812,0.678571,0.031812,0.262918
train_116,33,18,0.556017,0.710486,0.035961,0.305471
train_116,34,19,0.582988,0.702128,0.033195,0.288754
train_116,35,20,0.606155,0.708207,0.042185,0.288754
train_116,36,21,0.642808,0.693009,0.064315,0.273556
train_116,37,22,0.689142,0.683131,0.072614,0.250760
train_116,41,24,0.494122,0.683891,0.018672,0.252280
train_116,42,25,0.473721,0.686930,0.026279,0.270517
train_116,43,26,0.448133,0.708967,0.033195,0.311550
train_116,44,27,0.422891,0.704407,0.040802,0.278116
train_116,45,28,0.399723,0.709726,0.056708,0.288754
train_116,46,29,0.363762,0.705927,0.074689,0.296353
train_116,47,30,0.316044,0.689210,0.070539,0.278116
train_116,48,31,0.262102,0.650456,0.099585,0.224924
train_117,11,0,0.484410,0.450499,0.031625,0.201911
train_117,12,1,0.459703,0.448328,0.025696,0.201911
train_117,13,2,0.434007,0.440729,0.035578,0.212766
train_117,14,3,0.415230,0.415762,0.031625,0.223621
train_117,15,4,0.392499,0.414677,0.039532,0.225792
train_117,16,5,0.362356,0.394051,0.050403,0.223621
train_117,17,6,0.328260,0.378854,0.039532,0.232306
train_117,21,8,0.516035,0.439644,0.027672,0.227964
train_117,22,9,0.539754,0.438558,0.025696,0.234477
train_117,23,10,0.564955,0.434216,0.030637,0.230135
train_117,24,11,0.587686,0.414677,0.030637,0.225792
train_117,25,12,0.609428,0.405992,0.030637,0.225792
train_117,27,14,0.655878,0.399479,0.030637,0.208424
train_117,28,15,0.686021,0.391880,0.037555,0.201911
train_117,31,16,0.516035,0.670864,0.027672,0.199739
train_117,32,17,0.539260,0.669779,0.024707,0.206253
train_117,33,18,0.563967,0.691489,0.030637,0.232306
train_117,34,19,0.586698,0.688233,0.026684,0.221450
train_117,35,20,0.613381,0.660009,0.050403,0.217108
train_117,36,21,0.649948,0.643726,0.058309,0.184542
train_117,37,22,0.690468,0.603561,0.058309,0.169344
train_117,41,24,0.493798,0.681719,0.016801,0.195397
train_117,42,25,0.480457,0.687147,0.021742,0.193226
train_117,43,26,0.456738,0.687147,0.025696,0.232306
train_117,44,27,0.431042,0.680634,0.023719,0.210595
train_117,45,28,0.407323,0.679548,0.045461,0.208424
train_117,46,29,0.371251,0.666522,0.062262,0.217108
train_117,47,30,0.329743,0.620929,0.048426,0.191055
train_118,11,0,0.464577,0.394179,0.036859,0.251090
train_118,12,1,0.431557,0.392527,0.030716,0.257698
train_118,13,2,0.405833,0.396657,0.031484,0.259350
train_118,15,4,0.365595,0.410334,0.033204,0.240122
train_118,16,5,0.334864,0.414894,0.050865,0.261398
train_118,17,6,0.286118,0.434650,0.049452,0.252280
train_118,18,7,0.254327,0.393617,0.048040,0.173252
train_118,21,8,0.498410,0.392857,0.036030,0.229483
train_118,22,9,0.531614,0.382219,0.034617,0.235562
train_118,23,10,0.562699,0.351824,0.036030,0.302432
train_118,25,12,0.616743,0.366261,0.039562,0.249240
train_118,27,14,0.709290,0.327508,0.063582,0.211246
train_118,31,16,0.502649,0.652736,0.033204,0.241641
train_118,32,17,0.521724,0.648176,0.028965,0.244681
train_118,33,18,0.551748,0.665653,0.057930,0.249240
train_118,34,19,0.579301,0.650456,0.052278,0.246201
train_118,35,20,0.614977,0.635258,0.085482,0.209726
train_118,36,21,0.649947,0.596505,0.091840,0.217325
train_118,37,22,0.698340,0.555471,0.089721,0.217325
train_118,38,23,0.734723,0.517477,0.066408,0.199088
train_118,41,24,0.484281,0.648936,0.038856,0.234043
train_118,42,25,0.465207,0.655015,0.044507,0.224924
train_118,43,26,0.435535,0.693769,0.040268,0.259878
train_118,44,27,0.409396,0.682371,0.033204,0.258359
train_118,45,28,0.393854,0.676292,0.048746,0.258359
train_119,11,0,0.472951,0.336795,0.034476,0.249071
train_119,12,1,0.442415,0.344183,0.032506,0.268068
train_119,14,3,0.404492,0.376900,0.035461,0.253293
train_119,15,4,0.366076,0.407506,0.041371,0.238517
train_119,16,5,0.319779,0.407506,0.057132,0.259625
train_119,21,8,0.498069,0.348404,0.027581,0.204745
train_119,22,9,0.535008,0.363180,0.030536,0.192080
train_119,23,10,0.565544,0.343127,0.026596,0.265957
train_119,24,11,0.585737,0.346293,0.029551,0.238517
train_119,26,13,0.634988,0.337850,0.027581,0.234296
train_119,31,16,0.527620,0.598531,0.025611,0.198413
train_119,32,17,0.551261,0.586922,0.031521,0.217410
train_119,33,18,0.578842,0.594309,0.041371,0.211077
train_119,34,19,0.601497,0.582700,0.039401,0.221631
train_119,35,20,0.632033,0.584811,0.029551,0.204745
train_119,41,24,0.502502,0.581645,0.014775,0.206856
train_119,42,25,0.485757,0.591143,0.024626,0.200523
train_119,43,26,0.456698,0.623860,0.039401,0.282844
train_119,44,27,0.431580,0.630193,0.032506,0.274401
train_119,45,28,0.404492,0.628082,0.035461,0.265957
train_12,11,0,0.505850,0.413527,0.040679,0.227172
train_12,12,1,0.467593,0.410757,0.031962,0.225325
train_12,13,2,0.434662,0.409833,0.035836,0.230866
train_12,15,4,0.366380,0.409833,0.038742,0.212397
train_12,16,5,0.329575,0.419068,0.042616,0.212397
train_12,18,7,0.256935,0.419068,0.040679,0.190233
train_12,21,8,0.549919,0.414450,0.041647,0.232713
train_12,22,9,0.584302,0.411680,0.034868,0.208703
train_12,23,10,0.624981,0.420915,0.036805,0.208703
train_12,24,11,0.648710,0.410757,0.033899,0.229019
train_12,26,13,0.716508,0.415374,0.051333,0.201315
train_12,27,14,0.760092,0.353502,0.033899,0.125591
train_12,28,15,0.790117,0.311946,0.049396,0.156989
train_12,31,16,0.518925,0.638852,0.026151,0.182846
train_12,32,17,0.545076,0.644393,0.030025,0.190233
train_12,33,18,0.578006,0.661939,0.039710,0.236407
train_12,34,19,0.610937,0.660092,0.033899,0.214243
train_12,35,20,0.644351,0.645316,0.048427,0.214243
train_12,37,22,0.742174,0.619459,0.069735,0.217937
train_12,38,23,0.808519,0.638852,0.076515,0.171764
train_12,41,24,0.493259,0.644393,0.029056,0.190233
train_12,42,25,0.468561,0.644393,0.039710,0.216090
train_12,43,26,0.439989,0.654551,0.042616,0.236407
train_12,44,27,0.411417,0.654551,0.041647,0.217937
train_12,46,29,0.331997,0.656398,0.070704,0.221631
train_12,47,30,0.280180,0.619459,0.073609,0.184693
train_12,48,31,0.217709,0.645316,0.068766,0.158836
train_120,11,0,0.489125,0.510191,0.031721,0.219024
train_120,12,1,0.461865,0.496782,0.022800,0.192205
train_120,13,2,0.434604,0.494547,0.033704,0.210084
train_120,14,3,0.410317,0.482255,0.034695,0.207849
train_120,15,4,0.385535,0.490077,0.034695,0.219024
train_120,16,5,0.359761,0.478902,0.050556,0.227964
train_120,17,6,0.322588,0.445378,0.055513,0.192205
train_120,18,7,0.307223,0.381682,0.054521,0.118452
train_120,21,8,0.516882,0.510191,0.027756,0.196674
train_120,22,9,0.547116,0.493429,0.022800,0.212319
train_120,23,10,0.576360,0.485607,0.031721,0.263723
train_120,24,11,0.602629,0.482255,0.020817,0.243608
train_120,25,12,0.620968,0.487842,0.025774,0.223494
train_120,26,13,0.649715,0.491194,0.033704,0.234668
train_120,27,14,0.683420,0.474432,0.051547,0.187735
train_120,28,15,0.697298,0.378330,0.059478,0.125156
train_120,31,16,0.502508,0.740390,0.026765,0.214554
train_120,32,17,0.524317,0.744860,0.018835,0.196674
train_120,33,18,0.546621,0.754917,0.035687,0.230198
train_120,34,19,0.581316,0.745977,0.029739,0.185500
train_120,35,20,0.612542,0.743742,0.040643,0.172090
train_120,36,21,0.651698,0.732567,0.069391,0.194439
train_120,37,22,0.693828,0.701278,0.052539,0.181030
train_120,38,23,0.752810,0.672224,0.049565,0.105042
train_120,41,24,0.481691,0.745977,0.024782,0.207849
train_120,42,25,0.461865,0.728098,0.018835,0.189970
train_120,43,26,0.436091,0.739272,0.030730,0.207849
train_120,44,27,0.408830,0.732567,0.023791,0.212319
train_120,45,28,0.384048,0.730333,0.037669,0.189970
train_120,46,29,0.346874,0.712453,0.050556,0.181030
train_120,47,30,0.309205,0.695691,0.048574,0.174325
train_120,48,31,0.263110,0.664402,0.047582,0.111747
train_121,11,0,0.489869,0.438460,0.039710,0.195774
train_121,12,1,0.453549,0.433843,0.036805,0.197621
train_121,13,2,0.425945,0.433843,0.026151,0.230866
train_121,14,3,0.400279,0.429226,0.032930,0.203162
train_121,15,4,0.369286,0.437537,0.029056,0.216090
train_121,17,6,0.290349,0.419068,0.043584,0.164376
train_121,21,8,0.522799,0.433843,0.031962,0.186540
train_121,22,9,0.555246,0.418144,0.029056,0.199468
train_121,23,10,0.590113,0.411680,0.034868,0.241947
train_121,24,11,0.622075,0.419068,0.036805,0.212397
train_121,25,12,0.655974,0.437537,0.044553,0.223478
train_121,26,13,0.690841,0.456930,0.048427,0.203162
train_121,27,14,0.737331,0.462470,0.054238,0.199468
train_121,31,16,0.525705,0.638852,0.020339,0.145907
train_121,32,17,0.554761,0.649934,0.022276,0.193927
train_121,33,18,0.586239,0.657321,0.027119,0.234560
train_121,34,19,0.614327,0.659168,0.027119,0.208703
train_121,41,24,0.501976,0.652704,0.023245,0.217937
train_121,42,25,0.479215,0.671173,0.030025,0.232713
train_121,43,26,0.452096,0.669326,0.030025,0.240100
train_121,47,30,0.288897,0.631464,0.081358,0.179152
train_122,11,0,0.481211,0.429874,0.032168,0.217108
train_122,12,1,0.461715,0.425532,0.026320,0.195397
train_122,14,3,0.436642,0.416782,0.026881,0.193424
train_122,15,4,0.414069,0.407571,0.027226,0.190353
train_122,16,5,0.386844,0.394139,0.034118,0.178840
train_122,17,6,0.358240,0.379555,0.050660,0.180375
train_122,21,8,0.508818,0.422317,0.029525,0.216273
train_122,22,9,0.530798,0.417202,0.019683,0.191431
train_122,23,10,0.548841,0.409165,0.019027,0.189970
train_122,24,11,0.562620,0.406973,0.022964,0.185586
train_122,25,12,0.576398,0.390168,0.025589,0.181202
train_122,26,13,0.604283,0.377747,0.044616,0.182663
train_122,27,14,0.639385,0.357289,0.054458,0.191431
train_122,31,16,0.512099,0.685352,0.017715,0.189970
train_122,32,17,0.530798,0.688274,0.022308,0.189970
train_122,33,18,0.549497,0.686813,0.017715,0.195815
train_122,34,19,0.569837,0.678776,0.040023,0.203121
train_122,35,20,0.597394,0.646627,0.051833,0.162205
train_122,36,21,0.629544,0.637129,0.079390,0.201660
train_122,37,22,0.670879,0.583061,0.088576,0.184124
train_122,38,23,0.733210,0.561141,0.076766,0.125672
train_122,41,24,0.493728,0.687544,0.022964,0.182663
train_122,42,25,0.478965,0.683160,0.038055,0.185586
train_122,43,26,0.462890,0.689005,0.022964,0.203121
train_122,44,27,0.440582,0.681699,0.025589,0.223580
train_122,45,28,0.418930,0.667086,0.038711,0.208967
train_122,46,29,0.381204,0.648819,0.066924,0.239654
train_122,47,30,0.337900,0.617401,0.066924,0.220657
train_122,48,31,0.271304,0.594751,0.083327,0.113982
train_123,11,0,0.485574,0.464424,0.032794,0.287372
train_123,12,1,0.459402,0.463733,0.033425,0.272175
train_123,14,3,0.406426,0.461661,0.034686,0.251451
train_123,15,4,0.378993,0.467878,0.029010,0.244543
train_123,16,5,0.349037,0.471332,0.048561,0.229345
train_123,17,6,0.313405,0.429884,0.047930,0.215529
train_123,21,8,0.520890,0.477549,0.039101,0.263885
train_123,22,9,0.552423,0.488602,0.032794,0.222437
train_123,23,10,0.577334,0.463042,0.032163,0.245924
train_123,24,11,0.602560,0.460279,0.044777,0.229345
train_123,26,13,0.667518,0.438864,0.048561,0.194805
train_123,31,16,0.518999,0.713802,0.021442,0.194805
train_123,32,17,0.541702,0.728309,0.020181,0.212766
train_123,33,18,0.565667,0.730381,0.031533,0.255595
train_123,34,19,0.591839,0.708967,0.044777,0.223819
train_123,35,20,0.624318,0.697914,0.051714,0.237635
train_123,36,21,0.654274,0.665446,0.078832,0.236253
train_123,37,22,0.700628,0.631597,0.081985,0.193424
train_123,38,23,0.742881,0.601202,0.080724,0.198950
train_123,41,24,0.499764,0.717256,0.020812,0.182371
train_123,42,25,0.482105,0.712421,0.027118,0.180989
train_123,43,26,0.462870,0.715184,0.034055,0.236253
train_123,44,27,0.436383,0.725546,0.031533,0.232108
train_123,47,30,0.315927,0.655084,0.088292,0.185134
train_123,48,31,0.284710,0.616400,0.080093,0.187897
train_124,11,0,0.484737,0.411300,0.029155,0.258769
train_124,12,1,0.460441,0.386655,0.033043,0.262877
train_124,13,2,0.432743,0.392816,0.030127,0.242340
train_124,14,3,0.409905,0.391789,0.031099,0.240286
train_124,16,5,0.349651,0.388709,0.046649,0.201265
train_124,17,6,0.303974,0.384601,0.048592,0.201265
train_124,18,7,0.268502,0.362010,0.043733,0.188943
train_124,21,8,0.511949,0.412326,0.029155,0.269038
train_124,22,9,0.536245,0.421568,0.025268,0.238232
train_124,23,10,0.562971,0.414380,0.035958,0.252608
train_124,24,11,0.594070,0.416434,0.032071,0.219749
train_124,25,12,0.621767,0.410273,0.033043,0.223856
train_124,26,13,0.655782,0.405138,0.042761,0.221802
train_124,27,14,0.702917,0.381521,0.051508,0.203319
train_124,31,16,0.504660,0.655693,0.022352,0.184835
train_124,32,17,0.521667,0.648505,0.019437,0.190996
train_124,33,18,0.543534,0.648505,0.026240,0.186889
train_124,34,19,0.569288,0.649532,0.023324,0.201265
train_124,35,20,0.603302,0.638236,0.044705,0.178674
train_124,36,21,0.646064,0.626941,0.071917,0.197158
train_124,37,22,0.694656,0.589974,0.077748,0.164298
train_124,38,23,0.734987,0.555060,0.055395,0.180728
train_124,41,24,0.486195,0.656720,0.018465,0.186889
train_124,42,25,0.467730,0.660827,0.022352,0.207426
train_124,43,26,0.446835,0.660827,0.021381,0.227964
train_124,44,27,0.425941,0.659800,0.028184,0.230017
train_124,45,28,0.395327,0.636183,0.034986,0.211534
train_124,46,29,0.356454,0.633102,0.073860,0.230017
train_124,47,30,0.304460,0.596135,0.074832,0.197158
train_125,11,0,0.481106,0.358907,0.034146,0.248317
train_125,12,1,0.457393,0.354836,0.032249,0.267314
train_125,13,2,0.432100,0.363656,0.030984,0.268671
train_125,14,3,0.409336,0.379261,0.042366,0.272742
train_125,15,4,0.388469,0.403007,0.041102,0.236105
train_125,16,5,0.354955,0.418612,0.060072,0.218465
train_125,17,6,0.320493,0.426075,0.050587,0.217108
train_125,18,7,0.288244,0.375868,0.053116,0.116696
train_125,21,8,0.512090,0.362299,0.039205,0.233391
train_125,22,9,0.536435,0.355515,0.046160,0.246960
train_125,23,10,0.557935,0.354836,0.043631,0.253745
train_125,24,11,0.584809,0.363656,0.040469,0.271385
train_125,25,12,0.609470,0.394865,0.035411,0.225250
train_125,26,13,0.642984,0.398936,0.050587,0.244247
train_125,27,14,0.677446,0.413184,0.042366,0.221179
train_125,28,15,0.705269,0.333125,0.043631,0.120766
train_125,31,16,0.508296,0.599083,0.026558,0.194040
train_125,32,17,0.534222,0.610617,0.029087,0.225250
train_125,33,18,0.551295,0.620115,0.036675,0.249674
train_125,34,19,0.577853,0.641147,0.032881,0.261887
train_125,35,20,0.601882,0.624864,0.036675,0.226607
train_125,36,21,0.638557,0.626221,0.055645,0.213037
train_125,37,22,0.676814,0.630292,0.055013,0.202182
train_125,38,23,0.727717,0.611974,0.049322,0.116696
train_125,41,24,0.491539,0.605189,0.033514,0.200825
train_125,42,25,0.472253,0.618758,0.035411,0.217108
train_125,43,26,0.455812,0.635720,0.034146,0.248317
train_125,44,27,0.431784,0.635720,0.036675,0.264601
train_125,45,28,0.404593,0.644540,0.034146,0.233391
train_125,46,29,0.366653,0.647254,0.072086,0.236105
train_125,47,30,0.322706,0.644540,0.055013,0.225250
train_125,48,31,0.266428,0.627578,0.058807,0.126194
train_126,11,0,0.485921,0.326326,0.035291,0.367275
train_126,12,1,0.460307,0.322948,0.032635,0.331814
train_126,13,2,0.440764,0.301841,0.028461,0.377406
train_126,15,4,0.393329,0.308595,0.051988,0.309862
train_126,17,6,0.320849,0.288754,0.050471,0.280311
train_126,18,7,0.281193,0.263847,0.045537,0.259203
train_126,21,8,0.521782,0.323793,0.036430,0.375718
train_126,22,9,0.555366,0.324637,0.035291,0.362209
train_126,23,10,0.574150,0.335191,0.037948,0.361364
train_126,25,12,0.621015,0.330969,0.043640,0.307329
train_126,27,14,0.678696,0.285377,0.045917,0.285377
train_126,28,15,0.714177,0.275245,0.042502,0.268490
train_126,31,16,0.518367,0.630277,0.025046,0.242317
train_126,32,17,0.542084,0.631121,0.023148,0.245694
train_126,33,18,0.569406,0.652651,0.031497,0.290442
train_126,34,19,0.606975,0.628588,0.049712,0.271023
train_126,35,20,0.629933,0.612546,0.054645,0.264269
train_126,37,22,0.700326,0.523472,0.084624,0.236407
train_126,38,23,0.746243,0.462682,0.078552,0.197568
train_126,41,24,0.491803,0.628166,0.025804,0.241472
train_126,42,25,0.471691,0.634076,0.031117,0.266802
train_126,43,26,0.441522,0.639142,0.030738,0.303951
train_126,44,27,0.410785,0.603681,0.036809,0.270179
train_126,45,28,0.380806,0.592283,0.055024,0.264269
train_126,46,29,0.338304,0.531915,0.086141,0.243161
train_126,47,30,0.286126,0.477035,0.087280,0.178994
train_127,11,0,0.470015,0.427766,0.034160,0.256148
train_127,12,1,0.443763,0.436732,0.028467,0.230533
train_127,13,2,0.416245,0.416880,0.030364,0.288166
train_127,14,3,0.393788,0.436732,0.041118,0.240779
train_127,15,4,0.365638,0.432249,0.032895,0.224129
train_127,16,5,0.331794,0.429047,0.051240,0.222848
train_127,17,6,0.292257,0.420722,0.053138,0.198514
train_127,18,7,0.269168,0.368212,0.039853,0.134477
train_127,21,8,0.502594,0.416240,0.039853,0.266393
train_127,22,9,0.529795,0.417520,0.036058,0.245902
train_127,23,10,0.549089,0.402152,0.044281,0.279201
train_127,24,11,0.575342,0.409196,0.037323,0.265113
train_127,25,12,0.597799,0.411117,0.039221,0.220287
train_127,26,13,0.634173,0.417520,0.056301,0.215164
train_127,27,14,0.676240,0.382300,0.048077,0.224129
train_127,28,15,0.692687,0.320825,0.049342,0.147285
train_127,31,16,0.506389,0.674949,0.032262,0.210041
train_127,32,17,0.522520,0.671107,0.026569,0.204918
train_127,33,18,0.550038,0.676870,0.039853,0.231814
train_127,34,19,0.570281,0.671747,0.033527,0.231814
train_127,35,20,0.593687,0.659580,0.042384,0.215164
train_127,36,21,0.644294,0.637167,0.086665,0.213883
train_127,37,22,0.691738,0.594903,0.086665,0.190830
train_127,38,23,0.728429,0.559042,0.058831,0.131916
train_127,41,24,0.483300,0.670466,0.031630,0.201076
train_127,42,25,0.456731,0.672387,0.027834,0.194672
train_127,43,26,0.429213,0.685835,0.033527,0.231814
train_127,44,27,0.403909,0.676870,0.036058,0.226691
train_127,45,28,0.369433,0.670466,0.058198,0.219006
train_127,46,29,0.333692,0.651895,0.081604,0.215164
train_127,47,30,0.274861,0.625000,0.089195,0.199795
train_127,48,31,0.238171,0.592341,0.074013,0.134477
train_128,11,0,0.488472,0.435129,0.028393,0.237814
train_128,12,1,0.466074,0.428797,0.025238,0.256107
train_128,13,2,0.445568,0.425982,0.032179,0.244850
train_128,14,3,0.430425,0.422464,0.035964,0.254700
train_128,15,4,0.411496,0.419650,0.034703,0.232185
train_128,16,5,0.385311,0.424575,0.050476,0.219520
train_128,17,6,0.350293,0.421761,0.051107,0.194191
train_128,21,8,0.517812,0.426686,0.030286,0.268772
train_128,22,9,0.538949,0.435832,0.024607,0.227964
train_128,23,10,0.560717,0.434425,0.025238,0.236407
train_128,24,11,0.577753,0.435129,0.034072,0.251886
train_128,25,12,0.598259,0.425982,0.033441,0.244850
train_128,26,13,0.624128,0.427389,0.047322,0.227964
train_128,27,14,0.654414,0.411207,0.049845,0.220928
train_128,31,16,0.509925,0.665203,0.024607,0.188562
train_128,32,17,0.530115,0.665907,0.023345,0.198413
train_128,33,18,0.553461,0.668721,0.023345,0.198413
train_128,34,19,0.573336,0.675053,0.037857,0.205449
train_128,35,20,0.599520,0.661685,0.044798,0.204041
train_128,36,21,0.630437,0.641985,0.075084,0.189970
train_128,37,22,0.672711,0.608212,0.083917,0.178712
train_128,41,24,0.488157,0.655353,0.022714,0.182934
train_128,42,25,0.468282,0.658871,0.020822,0.192784
train_128,43,26,0.448091,0.664500,0.027131,0.215299
train_128,44,27,0.426323,0.660982,0.029024,0.216706
train_128,45,28,0.402347,0.660982,0.037857,0.244850
train_128,46,29,0.363543,0.628616,0.075084,0.219520
train_128,47,30,0.315591,0.586401,0.094012,0.185748
train_129,11,0,0.477384,0.436001,0.045311,0.244850
train_129,12,1,0.445370,0.429669,0.030536,0.253293
train_129,13,2,0.417790,0.434946,0.034476,0.221631
train_129,14,3,0.394149,0.448666,0.036446,0.232185
train_129,15,4,0.361151,0.471884,0.047281,0.227964
train_129,16,5,0.319287,0.491937,0.058117,0.242739
train_129,17,6,0.281856,0.500380,0.058117,0.221631
train_129,21,8,0.521710,0.433891,0.051221,0.232185
train_129,22,9,0.547813,0.444444,0.032506,0.249071
train_129,23,10,0.579334,0.452888,0.038416,0.219520
train_129,25,12,0.632526,0.490881,0.050236,0.194191
train_129,27,14,0.700493,0.532042,0.071907,0.196302
train_129,28,15,0.724133,0.564759,0.040386,0.173083
train_129,31,16,0.496592,0.659743,0.022656,0.177305
train_129,32,17,0.517277,0.693516,0.026596,0.236407
train_129,33,18,0.542888,0.696682,0.026596,0.213188
train_129,34,19,0.569484,0.715679,0.030536,0.204745
train_129,35,20,0.591647,0.749451,0.031521,0.221631
train_129,37,22,0.667987,0.767393,0.067967,0.215299
train_129,38,23,0.709850,0.757894,0.061072,0.187859
train_129,41,24,0.471966,0.673463,0.026596,0.196302
train_129,42,25,0.450296,0.676630,0.024626,0.206856
train_129,43,26,0.431087,0.694571,0.025611,0.238517
train_129,44,27,0.411387,0.720956,0.027581,0.249071
train_129,46,29,0.352285,0.747340,0.055162,0.234296
train_129,47,30,0.311407,0.727288,0.064027,0.198413
train_13,11,0,0.481903,0.530278,0.033547,0.245499
train_13,12,1,0.457422,0.530278,0.033547,0.249396
train_13,13,2,0.438382,0.498130,0.037174,0.259138
train_13,15,4,0.394408,0.464032,0.039894,0.218221
train_13,16,5,0.367207,0.434806,0.058028,0.218221
train_13,17,6,0.331846,0.399735,0.068908,0.226015
train_13,18,7,0.305553,0.370509,0.079788,0.194841
train_13,21,8,0.515450,0.534175,0.033547,0.241602
train_13,22,9,0.537210,0.524433,0.038987,0.241602
train_13,23,10,0.563051,0.501052,0.043521,0.253293
train_13,24,11,0.584811,0.479620,0.034454,0.202634
train_13,25,12,0.615185,0.481568,0.042614,0.218221
train_13,26,13,0.650092,0.437729,0.067095,0.247448
train_13,27,14,0.686360,0.404606,0.072535,0.227964
train_13,28,15,0.713107,0.365638,0.087948,0.200686
train_13,31,16,0.510010,0.762139,0.028107,0.222118
train_13,32,17,0.529503,0.757268,0.027201,0.208479
train_13,33,18,0.560784,0.756293,0.046241,0.237706
train_13,34,19,0.580278,0.732912,0.047148,0.237706
train_13,35,20,0.610198,0.711480,0.056214,0.241602
train_13,37,22,0.684546,0.650105,0.105175,0.224067
train_13,38,23,0.725801,0.578988,0.104269,0.214325
train_13,41,24,0.490063,0.765061,0.024480,0.231860
train_13,42,25,0.466942,0.760190,0.023574,0.218221
train_13,43,26,0.444275,0.753371,0.034454,0.227964
train_13,44,27,0.420248,0.722196,0.042614,0.231860
train_13,45,28,0.393954,0.691022,0.058934,0.220170
train_13,46,29,0.358594,0.667641,0.086135,0.235757
train_13,47,30,0.321873,0.613085,0.087042,0.224067
train_13,48,31,0.285152,0.563401,0.087948,0.226015
train_130,11,0,0.485403,0.440908,0.033535,0.254783
train_130,12,1,0.461731,0.430851,0.029589,0.265957
train_130,13,2,0.431649,0.419676,0.030576,0.243608
train_130,14,3,0.417347,0.407384,0.047343,0.259253
train_130,15,4,0.373456,0.393975,0.048329,0.268192
train_130,16,5,0.335977,0.383917,0.040439,0.261488
train_130,21,8,0.514499,0.428616,0.030576,0.257018
train_130,22,9,0.539650,0.428616,0.029589,0.230198
train_130,23,10,0.565787,0.410737,0.024658,0.261488
train_130,24,11,0.584527,0.396210,0.046357,0.250313
train_130,25,12,0.603267,0.408502,0.040439,0.248078
train_130,26,13,0.633349,0.402914,0.045370,0.254783
train_130,27,14,0.664418,0.378330,0.044384,0.236903
train_130,31,16,0.519923,0.675577,0.025644,0.187735
train_130,32,17,0.537184,0.676694,0.024658,0.234668
train_130,33,18,0.557403,0.688986,0.033535,0.241373
train_130,34,19,0.575157,0.678929,0.031562,0.221259
train_130,35,20,0.597842,0.669989,0.033535,0.212319
train_130,37,22,0.665897,0.637583,0.067069,0.192205
train_130,38,23,0.706829,0.585062,0.060165,0.163150
train_130,41,24,0.508088,0.678929,0.023671,0.212319
train_130,42,25,0.486389,0.686751,0.021699,0.227964
train_130,43,26,0.466663,0.704631,0.033535,0.227964
train_130,44,27,0.450389,0.695691,0.034521,0.210084
train_130,45,28,0.413895,0.686751,0.060165,0.219024
train_130,46,29,0.385292,0.657697,0.050302,0.214554
train_130,47,30,0.339429,0.626408,0.076932,0.196674
train_131,11,0,0.493791,0.362474,0.027309,0.281278
train_131,13,2,0.450828,0.350732,0.031866,0.290055
train_131,14,3,0.423551,0.351540,0.042233,0.282460
train_131,15,4,0.416396,0.365356,0.034903,0.253293
train_131,16,5,0.392631,0.353492,0.054203,0.282347
train_131,17,6,0.350793,0.360570,0.044378,0.295012
train_131,18,7,0.309464,0.344925,0.057252,0.326301
train_131,21,8,0.519499,0.344180,0.027440,0.311401
train_131,24,11,0.577767,0.336730,0.032183,0.281602
train_131,25,12,0.599448,0.344925,0.035571,0.299481
train_131,26,13,0.623840,0.350513,0.044378,0.292777
train_131,27,14,0.664322,0.378822,0.038619,0.258508
train_131,31,16,0.506626,0.646269,0.022697,0.245098
train_131,32,17,0.524412,0.638819,0.025069,0.254038
train_131,33,18,0.550497,0.658934,0.028456,0.292777
train_131,34,19,0.574041,0.651484,0.030828,0.267447
train_131,35,20,0.597585,0.665639,0.035232,0.297247
train_131,36,21,0.636374,0.638819,0.057929,0.248078
train_131,37,22,0.680583,0.639192,0.069786,0.239883
train_131,41,24,0.490365,0.641427,0.023375,0.250313
train_131,42,25,0.470651,0.653048,0.024975,0.254187
train_131,43,26,0.448053,0.660531,0.037114,0.297760
train_131,44,27,0.423993,0.662220,0.042745,0.301137
train_131,45,28,0.401213,0.641957,0.041721,0.253856
train_131,46,29,0.365379,0.649837,0.066805,0.274119
train_131,47,30,0.317771,0.633232,0.085234,0.254419
train_131,48,31,0.271059,0.620567,0.066037,0.194191
train_132,12,1,0.462913,0.337317,0.030198,0.252832
train_132,15,4,0.394967,0.338699,0.037748,0.274938
train_132,16,5,0.359421,0.341462,0.047185,0.255595
train_132,18,7,0.305945,0.308994,0.038377,0.248687
train_132,21,8,0.516389,0.339389,0.031456,0.256977
train_132,23,10,0.569236,0.346297,0.040264,0.259740
train_132,25,12,0.608242,0.355278,0.033973,0.236253
train_132,26,13,0.642844,0.339389,0.046556,0.251451
train_132,27,14,0.690972,0.326955,0.058509,0.234872
train_132,31,16,0.515131,0.608801,0.025165,0.234872
train_132,32,17,0.538094,0.611564,0.024536,0.251451
train_132,33,18,0.559484,0.628143,0.027053,0.268030
train_132,34,19,0.584335,0.628834,0.033973,0.277701
train_132,36,21,0.677760,0.583932,0.092482,0.229345
train_132,37,22,0.724001,0.540412,0.095628,0.214148
train_132,41,24,0.490595,0.617090,0.026423,0.243161
train_132,42,25,0.471406,0.618472,0.035860,0.259740
train_132,43,26,0.450645,0.637124,0.042152,0.283227
train_132,44,27,0.419503,0.629525,0.035231,0.262503
train_132,46,29,0.332998,0.586695,0.101290,0.223819
train_132,47,30,0.288330,0.556300,0.096257,0.223819
train_133,11,0,0.488034,0.454135,0.027959,0.238717
train_133,12,1,0.464473,0.455569,0.030473,0.227247
train_133,13,2,0.443739,0.457361,0.029844,0.223662
train_133,16,5,0.382950,0.455210,0.044609,0.170614
train_133,17,6,0.356562,0.434063,0.056547,0.171331
train_133,18,7,0.334257,0.383165,0.063459,0.164162
train_133,21,8,0.515208,0.456285,0.028274,0.237283
train_133,22,9,0.537670,0.449117,0.025446,0.235849
train_133,23,10,0.559189,0.439798,0.028902,0.263090
train_133,26,13,0.619506,0.438005,0.042725,0.210759
train_133,27,14,0.653592,0.426894,0.045552,0.208608
train_133,31,16,0.513794,0.683532,0.020420,0.207174
train_133,32,17,0.530601,0.679948,0.020106,0.215777
train_133,33,18,0.554948,0.695719,0.034871,0.253054
train_133,34,19,0.577881,0.680306,0.030473,0.219361
train_133,35,20,0.599086,0.684249,0.037698,0.243018
train_133,36,21,0.640397,0.659159,0.078224,0.215777
train_133,38,23,0.704484,0.601093,0.088905,0.211476
train_133,41,24,0.496202,0.695002,0.018535,0.220078
train_133,42,25,0.480180,0.684607,0.020420,0.200723
train_133,43,26,0.456305,0.694285,0.029216,0.237283
train_133,44,27,0.434157,0.688550,0.030159,0.243018
train_133,45,28,0.406983,0.674571,0.044924,0.229397
train_133,47,30,0.313366,0.586397,0.109639,0.173482
train_134,11,0,0.484162,0.410093,0.026749,0.250880
train_134,12,1,0.461960,0.413712,0.023004,0.226757
train_134,13,2,0.442700,0.408887,0.025144,0.217108
train_134,15,4,0.413276,0.434819,0.029424,0.213490
train_134,16,5,0.389469,0.443262,0.041729,0.235200
train_134,17,6,0.350415,0.440247,0.041729,0.231582
train_134,21,8,0.514388,0.416727,0.036914,0.244850
train_134,22,9,0.534985,0.421552,0.025679,0.235200
train_134,23,10,0.560932,0.433613,0.036914,0.232788
train_134,24,11,0.580727,0.454118,0.032634,0.208665
train_134,27,14,0.658299,0.429995,0.048684,0.220727
train_134,31,16,0.503956,0.638660,0.022469,0.203840
train_134,32,17,0.524821,0.648309,0.027819,0.208665
train_134,33,18,0.551035,0.674844,0.033169,0.252087
train_134,34,19,0.570294,0.676654,0.038519,0.226757
train_134,35,20,0.599719,0.682684,0.046009,0.231582
train_134,37,22,0.676489,0.644087,0.083993,0.200222
train_134,38,23,0.709926,0.584986,0.084528,0.180923
train_134,41,24,0.482824,0.646500,0.020864,0.221933
train_134,42,25,0.465170,0.642278,0.018724,0.215902
train_134,43,26,0.444305,0.647103,0.025144,0.211077
train_134,45,28,0.398297,0.667004,0.034774,0.217108
train_134,48,31,0.289962,0.579558,0.094157,0.129059
train_135,11,0,0.471407,0.451490,0.030170,0.210829
train_135,12,1,0.448536,0.434741,0.021411,0.208859
train_135,13,2,0.429559,0.425875,0.024330,0.202948
train_135,14,3,0.409608,0.417008,0.027250,0.185214
train_135,15,4,0.387224,0.413067,0.027250,0.185214
train_135,16,5,0.359974,0.415038,0.042822,0.193096
train_135,17,6,0.322991,0.387453,0.036982,0.189155
train_135,18,7,0.290389,0.364794,0.041848,0.179303
train_135,21,8,0.498657,0.439667,0.026277,0.214770
train_135,22,9,0.515202,0.430801,0.026277,0.212799
train_135,23,10,0.536126,0.423904,0.033089,0.222651
train_135,24,11,0.560943,0.399275,0.024330,0.216740
train_135,25,12,0.595005,0.386468,0.041848,0.226592
train_135,26,13,0.632474,0.362823,0.046714,0.191125
train_135,27,14,0.665564,0.340164,0.042822,0.165511
train_135,31,16,0.485032,0.659363,0.024330,0.173392
train_135,32,17,0.506443,0.663304,0.018491,0.173392
train_135,33,18,0.533693,0.657393,0.028223,0.173392
train_135,34,19,0.561429,0.644585,0.025304,0.167481
train_135,35,20,0.581867,0.619956,0.033089,0.137926
train_135,37,22,0.653885,0.577593,0.079804,0.175363
train_135,38,23,0.687461,0.520452,0.065206,0.139896
train_135,41,24,0.464108,0.659363,0.031143,0.149748
train_135,42,25,0.443670,0.661334,0.021411,0.157629
train_135,43,26,0.419826,0.659363,0.028223,0.193096
train_135,44,27,0.394523,0.653452,0.036009,0.193096
train_135,45,28,0.369706,0.628823,0.040875,0.175363
train_135,47,30,0.300121,0.592371,0.084670,0.173392
train_135,48,31,0.263138,0.536215,0.076884,0.135955
train_136,11,0,0.494782,0.430189,0.028088,0.335817
train_136,12,1,0.478037,0.430802,0.031329,0.329689
train_136,13,2,0.457781,0.432028,0.031869,0.327238
train_136,14,3,0.442117,0.419772,0.032949,0.319884
train_136,15,4,0.422941,0.411192,0.035650,0.319884
train_136,16,5,0.401065,0.414869,0.050234,0.305177
train_136,17,6,0.376758,0.392808,0.063198,0.265957
train_136,18,7,0.350561,0.386680,0.072381,0.258604
train_136,21,8,0.519296,0.427783,0.026461,0.362115
train_136,22,9,0.541002,0.422624,0.023567,0.348043
train_136,23,10,0.558780,0.432474,0.030182,0.341476
train_136,24,11,0.574698,0.430598,0.038864,0.318961
train_136,25,12,0.589996,0.432005,0.033903,0.297385
train_136,26,13,0.612116,0.424031,0.045066,0.294570
train_136,27,14,0.639817,0.412304,0.051682,0.254231
train_136,28,15,0.662350,0.387913,0.056229,0.246726
train_136,31,16,0.516608,0.697493,0.026047,0.216706
train_136,32,17,0.530459,0.711096,0.038864,0.234530
train_136,33,18,0.556506,0.735956,0.035557,0.269241
train_136,34,19,0.583174,0.728920,0.036797,0.262674
train_136,35,20,0.612736,0.716725,0.050441,0.266427
train_136,37,22,0.682196,0.647304,0.118247,0.219520
train_136,38,23,0.710517,0.568971,0.098815,0.166048
train_136,41,24,0.494695,0.691865,0.023567,0.205449
train_136,42,25,0.480018,0.703122,0.038038,0.212954
train_136,43,26,0.451490,0.736894,0.038864,0.289880
train_136,44,27,0.425029,0.722354,0.048787,0.264550
train_136,45,28,0.403529,0.713910,0.056229,0.283313
train_136,47,30,0.323733,0.621505,0.120728,0.214830
train_137,11,0,0.482794,0.492340,0.031150,0.203319
train_137,12,1,0.464013,0.490286,0.026569,0.199211
train_137,13,2,0.442941,0.490286,0.022904,0.190996
train_137,14,3,0.430573,0.482071,0.021988,0.178674
train_137,15,4,0.418204,0.477964,0.019240,0.170459
train_137,16,5,0.393468,0.481044,0.039395,0.168405
train_137,17,6,0.365525,0.467695,0.042144,0.137600
train_137,18,7,0.361402,0.398895,0.048557,0.090364
train_137,21,8,0.509363,0.492340,0.025653,0.199211
train_137,22,9,0.531809,0.489259,0.032066,0.197158
train_137,23,10,0.550591,0.493366,0.029317,0.168405
train_137,24,11,0.567998,0.489259,0.027485,0.168405
train_137,25,12,0.583115,0.486178,0.024737,0.166352
train_137,26,13,0.610600,0.470775,0.043060,0.160191
train_137,27,14,0.641292,0.455373,0.045809,0.137600
train_137,31,16,0.502492,0.692578,0.017407,0.168405
train_137,32,17,0.517990,0.687903,0.022599,0.194636
train_137,33,18,0.539697,0.701234,0.025572,0.226630
train_137,34,19,0.559917,0.695235,0.030330,0.219965
train_137,35,20,0.585192,0.688570,0.042819,0.209300
train_137,36,21,0.622658,0.669240,0.076123,0.218632
train_137,37,22,0.670830,0.627246,0.098721,0.209300
train_137,38,23,0.702646,0.562590,0.092180,0.189303
train_137,41,24,0.483710,0.693605,0.018323,0.178674
train_137,42,25,0.466761,0.694632,0.021072,0.193050
train_137,43,26,0.447522,0.704900,0.024737,0.217695
train_137,44,27,0.428282,0.702846,0.019240,0.209480
train_137,45,28,0.408585,0.700793,0.036647,0.234125
train_137,46,29,0.378809,0.690524,0.068713,0.230017
train_137,47,30,0.330252,0.647396,0.098030,0.225910
train_137,48,31,0.295437,0.577569,0.098030,0.217695
train_138,11,0,0.488504,0.424437,0.027844,0.227279
train_138,12,1,0.463444,0.426490,0.022894,0.217695
train_138,13,2,0.433744,0.414853,0.027225,0.240970
train_138,14,3,0.415336,0.403215,0.031247,0.228648
train_138,15,4,0.394454,0.399792,0.034031,0.213587
train_138,17,6,0.333816,0.381993,0.038981,0.191681
train_138,21,8,0.515253,0.414186,0.028331,0.244532
train_138,22,9,0.540865,0.408435,0.026328,0.243161
train_138,23,10,0.564761,0.388804,0.028331,0.264691
train_138,24,11,0.583934,0.394504,0.030048,0.248227
train_138,25,12,0.603966,0.402102,0.032337,0.212766
train_138,26,13,0.632011,0.405268,0.041495,0.198835
train_138,27,14,0.667210,0.387538,0.036344,0.219098
train_138,32,17,0.534999,0.652229,0.023180,0.191236
train_138,33,18,0.560325,0.659195,0.031479,0.220365
train_138,34,19,0.583505,0.649696,0.029762,0.219098
train_138,43,26,0.445713,0.671859,0.030048,0.253293
train_138,44,27,0.421389,0.656028,0.027759,0.221631
train_138,45,28,0.393630,0.645263,0.042067,0.210233
train_139,11,0,0.482775,0.485607,0.030565,0.232433
train_139,12,1,0.455661,0.482255,0.027607,0.225729
train_139,13,2,0.431011,0.491194,0.023664,0.216789
train_139,14,3,0.409812,0.485607,0.024649,0.214554
train_139,15,4,0.386149,0.496782,0.022678,0.187735
train_139,16,5,0.356077,0.494547,0.035495,0.192205
train_139,17,6,0.321074,0.468845,0.034509,0.221259
train_139,21,8,0.516791,0.500134,0.029579,0.207849
train_139,22,9,0.541441,0.487842,0.025635,0.214554
train_139,23,10,0.560174,0.484490,0.027607,0.207849
train_139,24,11,0.588275,0.494547,0.032537,0.196674
train_139,25,12,0.624263,0.487842,0.039439,0.201144
train_139,26,13,0.655321,0.469962,0.028593,0.205614
train_139,27,14,0.686873,0.473315,0.038453,0.181030
train_139,31,16,0.511368,0.701278,0.016762,0.167620
train_139,32,17,0.531088,0.714688,0.018734,0.194439
train_139,33,18,0.553765,0.710218,0.020706,0.198909
train_139,34,19,0.576936,0.709101,0.023664,0.187735
train_139,35,20,0.602078,0.712453,0.024649,0.189970
train_139,36,21,0.629686,0.710218,0.046341,0.176560
train_139,37,22,0.668139,0.687869,0.052257,0.185500
train_139,38,23,0.708071,0.640935,0.053243,0.163150
train_139,41,24,0.488691,0.709101,0.020706,0.169855
train_139,42,25,0.467985,0.695691,0.022678,0.174325
train_139,43,26,0.446294,0.721393,0.020706,0.225729
train_139,44,27,0.427560,0.722510,0.028593,0.223494
train_139,45,28,0.406362,0.724745,0.039439,0.210084
train_139,46,29,0.378261,0.705748,0.060145,0.203379
train_139,47,30,0.335371,0.694574,0.063103,0.194439
train_139,48,31,0.295439,0.654345,0.066061,0.172090
train_14,11,0,0.478194,0.405268,0.028833,0.244850
train_14,12,1,0.450338,0.386799,0.025901,0.245905
train_14,13,2,0.419550,0.367802,0.034698,0.254348
train_14,14,3,0.395115,0.349333,0.047404,0.242739
train_14,17,6,0.302262,0.278094,0.052291,0.233240
train_14,18,7,0.265853,0.264902,0.044961,0.206856
train_14,21,8,0.515580,0.401047,0.030299,0.251182
train_14,22,9,0.544169,0.396825,0.021992,0.221631
train_14,23,10,0.576423,0.356721,0.036653,0.278622
train_14,24,11,0.602080,0.347750,0.046915,0.250127
train_14,27,14,0.701042,0.297091,0.053268,0.205800
train_14,31,16,0.529025,0.632201,0.027822,0.172298
train_14,32,17,0.545391,0.634410,0.031095,0.189086
train_14,33,18,0.567689,0.638828,0.027413,0.220895
train_14,34,19,0.601853,0.603043,0.047461,0.202340
train_14,35,20,0.627015,0.584488,0.060963,0.204107
train_14,36,21,0.668952,0.531031,0.099013,0.227964
train_14,38,23,0.749554,0.443115,0.077738,0.179367
train_14,41,24,0.503453,0.640153,0.023321,0.181134
train_14,42,25,0.484633,0.638386,0.025776,0.182901
train_14,43,26,0.456606,0.639712,0.029458,0.212059
train_14,44,27,0.424897,0.619389,0.036414,0.208525
train_14,45,28,0.394621,0.599951,0.042960,0.226196
train_14,47,30,0.307882,0.529264,0.109242,0.217361
train_14,48,31,0.255920,0.464763,0.108423,0.194388
train_140,11,0,0.490778,0.438513,0.030055,0.273873
train_140,12,1,0.469153,0.438513,0.030788,0.261208
train_140,13,2,0.446429,0.417933,0.036653,0.308701
train_140,14,3,0.426270,0.403685,0.041784,0.308701
train_140,15,4,0.402079,0.417933,0.043250,0.251710
train_140,16,5,0.363960,0.390229,0.059377,0.265957
train_140,17,6,0.316678,0.376773,0.064509,0.251710
train_140,18,7,0.291755,0.348278,0.058644,0.204217
train_140,21,8,0.518634,0.449595,0.030055,0.258042
train_140,22,9,0.541725,0.443262,0.032254,0.239045
train_140,23,10,0.564083,0.399728,0.041784,0.307118
train_140,24,11,0.596338,0.428223,0.040318,0.224797
train_140,25,12,0.624194,0.398936,0.037386,0.254876
train_140,26,13,0.659380,0.392604,0.053513,0.235879
train_140,27,14,0.694567,0.367275,0.054979,0.242211
train_140,28,15,0.734151,0.356193,0.049114,0.251710
train_140,31,16,0.510937,0.695764,0.029322,0.212133
train_140,32,17,0.530363,0.696555,0.032987,0.229547
train_140,33,18,0.556020,0.697347,0.046182,0.256459
train_140,34,19,0.583876,0.671226,0.059377,0.235879
train_140,35,20,0.613564,0.656187,0.065975,0.231130
train_140,36,21,0.662679,0.637190,0.105559,0.243794
train_140,37,22,0.708495,0.591280,0.096030,0.218465
train_140,41,24,0.489679,0.679933,0.020525,0.183637
train_140,42,25,0.470986,0.687057,0.027123,0.210550
train_140,43,26,0.448994,0.689431,0.025657,0.234296
train_140,44,27,0.428102,0.672017,0.032254,0.218465
train_140,45,28,0.399147,0.669643,0.043250,0.248544
train_140,46,29,0.352231,0.654604,0.097496,0.250127
train_140,47,30,0.293587,0.615027,0.093098,0.215299
train_140,48,31,0.257301,0.549329,0.098229,0.216882
train_141,11,0,0.501125,0.474640,0.041287,0.232500
train_141,12,1,0.463063,0.465567,0.041545,0.233634
train_141,13,2,0.432485,0.465000,0.042836,0.242707
train_141,14,3,0.401648,0.476058,0.030707,0.216055
train_141,15,4,0.379327,0.470671,0.035094,0.204146
train_141,16,5,0.343330,0.489101,0.064253,0.213787
train_141,17,6,0.300365,0.485131,0.055222,0.201311
train_141,18,7,0.267206,0.493637,0.044642,0.193372
train_141,21,8,0.540000,0.471457,0.039121,0.238502
train_141,22,9,0.572432,0.473399,0.028268,0.231291
train_141,23,10,0.601584,0.477004,0.032054,0.237393
train_141,24,11,0.625309,0.475063,0.034073,0.232401
train_141,25,12,0.653451,0.480887,0.030287,0.216316
train_141,26,13,0.689544,0.486156,0.046441,0.198012
train_141,27,14,0.726898,0.474785,0.038364,0.190802
train_141,28,15,0.759710,0.485601,0.036850,0.201340
train_141,31,16,0.517799,0.694253,0.028990,0.201867
train_141,32,17,0.539495,0.708573,0.032559,0.221308
train_141,33,18,0.570413,0.717447,0.034831,0.242385
train_141,34,19,0.597167,0.710514,0.030792,0.212988
train_141,35,20,0.630483,0.708850,0.044422,0.205223
train_141,36,21,0.667838,0.705799,0.079757,0.207996
train_141,37,22,0.714657,0.681672,0.068399,0.198567
train_141,41,24,0.491331,0.702740,0.029485,0.207347
train_141,42,25,0.468681,0.705391,0.032970,0.223251
train_141,43,26,0.441877,0.714816,0.037259,0.256238
train_141,44,27,0.411453,0.715110,0.035382,0.252115
train_141,45,28,0.379421,0.713049,0.038867,0.247991
train_141,47,30,0.305708,0.693021,0.099446,0.211470
train_142,11,0,0.453495,0.475500,0.037288,0.274017
train_142,12,1,0.423822,0.470319,0.026259,0.238326
train_142,13,2,0.398876,0.454776,0.027835,0.274017
train_142,14,3,0.378919,0.440960,0.039389,0.257898
train_142,15,4,0.356599,0.439233,0.033612,0.231418
train_142,16,5,0.325351,0.425992,0.044641,0.230266
train_142,17,6,0.289113,0.413903,0.044641,0.192272
train_142,18,7,0.287012,0.302224,0.069849,0.125495
train_142,21,8,0.494197,0.466289,0.035712,0.271714
train_142,22,9,0.526233,0.463986,0.030461,0.250990
train_142,23,10,0.558269,0.442687,0.040964,0.300497
train_142,24,11,0.584528,0.457654,0.047266,0.222207
train_142,25,12,0.613938,0.453049,0.046216,0.210694
train_142,26,13,0.651489,0.431749,0.047792,0.216450
train_142,27,14,0.689565,0.419084,0.055669,0.191121
train_142,28,15,0.700331,0.320646,0.077202,0.155430
train_142,31,16,0.494627,0.722644,0.028423,0.223404
train_142,32,17,0.520624,0.720365,0.029116,0.227964
train_142,33,18,0.547314,0.718085,0.033969,0.244681
train_142,34,19,0.577470,0.696049,0.040208,0.231003
train_142,35,20,0.607279,0.687690,0.051300,0.241641
train_142,36,21,0.650953,0.666413,0.076256,0.250760
train_142,37,22,0.700173,0.632979,0.083189,0.235562
train_142,38,23,0.746274,0.598784,0.070017,0.218845
train_142,42,25,0.442981,0.714286,0.031889,0.224924
train_142,43,26,0.418718,0.723404,0.026343,0.261398
train_142,44,27,0.393414,0.700608,0.028423,0.231003
train_142,45,28,0.372270,0.683683,0.040208,0.234457
train_142,46,29,0.331128,0.661440,0.070900,0.236023
train_142,47,30,0.285962,0.622870,0.081403,0.223358
train_142,48,31,0.241059,0.592935,0.072475,0.202634
train_143,11,0,0.484020,0.482785,0.031528,0.258097
train_143,12,1,0.459790,0.484095,0.023938,0.224033
train_143,13,2,0.435559,0.457237,0.033864,0.296091
train_143,14,3,0.416000,0.490646,0.034448,0.231894
train_143,15,4,0.396441,0.478854,0.035032,0.244995
train_143,16,5,0.366956,0.476889,0.055467,0.238445
train_143,17,6,0.332800,0.461823,0.057218,0.252856
train_143,21,8,0.511753,0.478199,0.029777,0.259407
train_143,22,9,0.537443,0.477544,0.027441,0.226653
train_143,23,10,0.564884,0.462478,0.034448,0.277749
train_143,24,11,0.586195,0.474269,0.035032,0.246305
train_143,25,12,0.606338,0.478854,0.033280,0.224033
train_143,26,13,0.634656,0.472959,0.046709,0.227964
train_143,27,14,0.673190,0.457237,0.049044,0.254166
train_143,31,16,0.507374,0.686511,0.018684,0.204381
train_143,32,17,0.524890,0.688476,0.021019,0.218793
train_143,33,18,0.548536,0.704198,0.028609,0.279059
train_143,34,19,0.578021,0.698957,0.029193,0.242375
train_143,35,20,0.600208,0.715989,0.033864,0.268578
train_143,36,21,0.637867,0.698957,0.071815,0.242375
train_143,37,22,0.680781,0.677995,0.068895,0.226653
train_143,41,24,0.489858,0.683891,0.019851,0.233204
train_143,42,25,0.470591,0.706163,0.022187,0.254166
train_143,43,26,0.448112,0.720574,0.028609,0.280369
train_143,44,27,0.426218,0.712058,0.032696,0.244995
train_143,45,28,0.406950,0.721229,0.032696,0.255476
train_143,46,29,0.371043,0.713369,0.078821,0.244995
train_143,47,30,0.326378,0.682580,0.087579,0.222723
train_144,11,0,0.467543,0.405138,0.043986,0.242340
train_144,12,1,0.431377,0.407192,0.038121,0.250555
train_144,13,2,0.399120,0.392816,0.034211,0.279307
train_144,14,3,0.365886,0.402058,0.030302,0.248501
train_144,15,4,0.340961,0.411300,0.027369,0.254662
train_144,16,5,0.308704,0.415407,0.050828,0.266984
train_144,17,6,0.261297,0.405138,0.045941,0.283414
train_144,18,7,0.222687,0.411300,0.058648,0.246447
train_144,21,8,0.505176,0.402058,0.046919,0.285468
train_144,22,9,0.541342,0.412326,0.033234,0.244393
train_144,23,10,0.573110,0.406165,0.042031,0.240286
train_144,24,11,0.609276,0.401031,0.051806,0.250555
train_144,25,12,0.640066,0.407192,0.039099,0.254662
train_144,26,13,0.666947,0.417461,0.051806,0.266984
train_144,27,14,0.716309,0.439025,0.048873,0.232071
train_144,28,15,0.756874,0.407192,0.047896,0.242340
train_144,31,16,0.512018,0.669042,0.035189,0.240286
train_144,32,17,0.535477,0.661854,0.037144,0.246447
train_144,33,18,0.566756,0.671096,0.031279,0.256716
train_144,34,19,0.597547,0.691633,0.038121,0.293683
train_144,35,20,0.622472,0.684445,0.043009,0.295736
train_144,37,22,0.702136,0.668015,0.083085,0.246447
train_144,38,23,0.755408,0.645424,0.078198,0.213587
train_144,41,24,0.489047,0.679311,0.032256,0.248501
train_144,42,25,0.460701,0.674176,0.018572,0.258769
train_144,43,26,0.434309,0.692660,0.032256,0.295736
train_144,44,27,0.407918,0.684445,0.032256,0.271092
train_144,45,28,0.378593,0.694714,0.032256,0.266984
train_144,46,29,0.336562,0.698821,0.057671,0.266984
train_144,47,30,0.284268,0.677257,0.064513,0.244393
train_144,48,31,0.230996,0.640290,0.059626,0.203319
train_145,11,0,0.490118,0.404693,0.036580,0.353459
train_145,12,1,0.463346,0.407571,0.029688,0.320070
train_145,13,2,0.438429,0.418509,0.037110,0.337340
train_145,14,3,0.411127,0.425992,0.046123,0.303951
train_145,15,4,0.385945,0.432900,0.040291,0.274017
train_145,16,5,0.349100,0.430022,0.051424,0.282076
train_145,17,6,0.303242,0.423690,0.047713,0.294741
train_145,18,7,0.267193,0.415055,0.045592,0.286681
train_145,21,8,0.524047,0.431173,0.033399,0.293589
train_145,22,9,0.550820,0.410449,0.025447,0.312011
train_145,23,10,0.574411,0.392604,0.038701,0.359215
train_145,24,11,0.595617,0.425417,0.041881,0.302800
train_145,25,12,0.623184,0.442687,0.050364,0.256747
train_145,26,13,0.658439,0.443838,0.054075,0.242931
train_145,27,14,0.703501,0.433476,0.048773,0.254444
train_145,28,15,0.727623,0.408147,0.066268,0.236023
train_145,31,16,0.515830,0.724187,0.025447,0.276319
train_145,32,17,0.532795,0.727641,0.033929,0.276319
train_145,33,18,0.556386,0.733398,0.033399,0.294741
train_145,34,19,0.580773,0.724763,0.037640,0.256747
train_145,35,20,0.609931,0.727065,0.052484,0.268260
train_145,36,21,0.653137,0.721309,0.081642,0.259049
train_145,37,22,0.704296,0.687920,0.082172,0.238326
train_145,38,23,0.751744,0.641291,0.082702,0.223358
train_145,41,24,0.494094,0.710947,0.028628,0.256747
train_145,42,25,0.474214,0.701736,0.030218,0.242931
train_145,43,26,0.449297,0.717279,0.037640,0.274017
train_145,44,27,0.427296,0.717279,0.034990,0.246385
train_145,45,28,0.401849,0.724187,0.043472,0.271714
train_145,46,29,0.356787,0.715552,0.072100,0.259049
train_145,47,30,0.309604,0.706342,0.065738,0.252141
train_146,11,0,0.476022,0.406083,0.031711,0.219749
train_146,12,1,0.452012,0.400949,0.025369,0.201265
train_146,13,2,0.426643,0.408137,0.025369,0.207426
train_146,14,3,0.409881,0.395815,0.031711,0.203319
train_146,15,4,0.389042,0.391707,0.033523,0.190996
train_146,16,5,0.362767,0.385546,0.040772,0.174567
train_146,17,6,0.331509,0.371170,0.050738,0.166352
train_146,18,7,0.327432,0.302370,0.053456,0.139653
train_146,21,8,0.505921,0.404029,0.033523,0.219749
train_146,22,9,0.530384,0.396841,0.029899,0.217695
train_146,23,10,0.552129,0.386573,0.042584,0.205373
train_146,24,11,0.573421,0.378358,0.036241,0.193050
train_146,25,12,0.594712,0.373224,0.033523,0.186889
train_146,26,13,0.622799,0.370143,0.046208,0.188943
train_146,27,14,0.655417,0.349606,0.053456,0.188943
train_146,28,15,0.666742,0.290048,0.070671,0.147868
train_146,31,16,0.497314,0.650476,0.023557,0.232071
train_146,32,17,0.517246,0.649450,0.025369,0.238232
train_146,33,18,0.542615,0.653557,0.032617,0.250555
train_146,34,19,0.568890,0.645342,0.036241,0.254662
train_146,35,20,0.590635,0.633020,0.041678,0.234125
train_146,36,21,0.631860,0.625832,0.082449,0.260823
train_146,37,22,0.679427,0.584757,0.096040,0.264931
train_146,41,24,0.481005,0.652530,0.025369,0.232071
train_146,42,25,0.461072,0.644315,0.025369,0.232071
train_146,43,26,0.437062,0.658691,0.029899,0.240286
train_146,44,27,0.412599,0.646369,0.029899,0.227964
train_146,45,28,0.389948,0.640208,0.040772,0.236178
train_146,46,29,0.357331,0.621724,0.075201,0.244393
train_146,47,30,0.316560,0.590918,0.080637,0.244393
train_147,11,0,0.479367,0.473231,0.027628,0.271956
train_147,12,1,0.458332,0.473898,0.024489,0.270623
train_147,13,2,0.438553,0.470565,0.033907,0.285288
train_147,14,3,0.421599,0.457900,0.041442,0.281288
train_147,15,4,0.398366,0.451234,0.036419,0.281288
train_147,16,5,0.368540,0.441236,0.053373,0.263958
train_147,17,6,0.328354,0.417906,0.064675,0.211966
train_147,18,7,0.316738,0.359249,0.065303,0.115981
train_147,21,8,0.502914,0.465232,0.034535,0.287954
train_147,22,9,0.523007,0.466565,0.044582,0.266624
train_147,23,10,0.547181,0.443902,0.047721,0.253293
train_147,25,12,0.577949,0.441903,0.041442,0.254626
train_147,26,13,0.624728,0.442569,0.055884,0.247960
train_147,27,14,0.662403,0.421239,0.053373,0.226630
train_147,28,15,0.679357,0.353250,0.049605,0.109316
train_147,31,16,0.515472,0.723191,0.019465,0.190636
train_147,32,17,0.536507,0.717192,0.026372,0.191969
train_147,33,18,0.557228,0.717192,0.030140,0.237295
train_147,34,19,0.591135,0.716525,0.052745,0.246627
train_147,35,20,0.622845,0.697862,0.049605,0.246627
train_147,37,22,0.674333,0.630539,0.089791,0.183971
train_147,38,23,0.712950,0.587879,0.047721,0.119981
train_147,41,24,0.499460,0.713193,0.026372,0.175972
train_147,42,25,0.482820,0.724524,0.032024,0.190636
train_147,43,26,0.463355,0.727190,0.034535,0.235962
train_147,44,27,0.440750,0.735856,0.033279,0.245294
train_147,45,28,0.411238,0.727190,0.057140,0.241295
train_147,46,29,0.374506,0.697862,0.096698,0.217299
train_147,47,30,0.324273,0.636538,0.090419,0.214632
train_147,48,31,0.281889,0.599211,0.059652,0.123980
train_148,11,0,0.501464,0.506563,0.030230,0.248687
train_148,12,1,0.480681,0.503109,0.022672,0.263885
train_148,13,2,0.458324,0.497582,0.030859,0.269411
train_148,14,3,0.440375,0.514161,0.042825,0.236253
train_148,15,4,0.424631,0.499655,0.036527,0.248687
train_148,16,5,0.395661,0.498964,0.049123,0.230727
train_148,17,6,0.359133,0.484457,0.046604,0.210003
train_148,18,7,0.336146,0.463042,0.054791,0.211384
train_148,21,8,0.528860,0.510707,0.035898,0.248687
train_148,22,9,0.548698,0.513471,0.028970,0.251451
train_148,23,10,0.575149,0.505872,0.030230,0.252832
train_148,24,11,0.596876,0.508635,0.025821,0.239016
train_148,25,12,0.616085,0.498273,0.025191,0.254214
train_148,26,13,0.639387,0.494128,0.035268,0.240398
train_148,27,14,0.664893,0.474095,0.032119,0.236253
train_148,28,15,0.683471,0.462351,0.037787,0.190660
train_148,31,16,0.519728,0.734526,0.021413,0.176844
train_148,32,17,0.540826,0.738671,0.023302,0.179608
train_148,33,18,0.562868,0.736599,0.024562,0.189279
train_148,34,19,0.595617,0.749033,0.033378,0.211384
train_148,35,20,0.621123,0.741434,0.051642,0.215529
train_148,36,21,0.652612,0.717947,0.069276,0.204476
train_148,37,22,0.692918,0.675117,0.078093,0.185134
train_148,38,23,0.722203,0.644032,0.061089,0.172700
train_148,41,24,0.501779,0.738671,0.030859,0.182371
train_148,42,25,0.482571,0.737980,0.031489,0.194805
train_148,43,26,0.460528,0.746270,0.027710,0.233490
train_148,44,27,0.438486,0.742125,0.032749,0.214148
train_148,45,28,0.411720,0.751105,0.051012,0.237635
train_148,46,29,0.375508,0.726927,0.081872,0.239016
train_148,47,30,0.331423,0.690315,0.083131,0.210003
train_148,48,31,0.278521,0.629525,0.083131,0.129870
train_149,11,0,0.484962,0.438943,0.030482,0.248501
train_149,12,1,0.462794,0.437916,0.021245,0.246447
train_149,13,2,0.442473,0.442023,0.026787,0.258769
train_149,14,3,0.413839,0.433808,0.037871,0.258769
train_149,15,4,0.383819,0.416352,0.046184,0.248501
train_149,21,8,0.513135,0.444077,0.025863,0.254662
train_149,22,9,0.536227,0.431755,0.020321,0.250555
train_149,23,10,0.557010,0.425594,0.023092,0.250555
train_149,24,11,0.574560,0.410191,0.028634,0.219749
train_149,25,12,0.603656,0.401976,0.040642,0.236178
train_149,26,13,0.637370,0.384519,0.047108,0.225910
train_149,27,14,0.662772,0.341391,0.044337,0.205373
train_149,31,16,0.516830,0.676148,0.029558,0.225910
train_149,32,17,0.535765,0.681282,0.026787,0.252608
train_149,33,18,0.556548,0.676148,0.031405,0.262877
train_149,34,19,0.580102,0.664853,0.026787,0.240286
train_149,35,20,0.606889,0.660745,0.041566,0.264931
train_149,38,23,0.706647,0.537522,0.089597,0.203319
train_149,41,24,0.497432,0.685390,0.031405,0.240286
train_149,42,25,0.476649,0.684363,0.028634,0.238232
train_149,43,26,0.459099,0.678202,0.024939,0.234125
train_149,44,27,0.437393,0.683336,0.024016,0.227964
train_149,45,28,0.415224,0.678202,0.027711,0.234125
train_149,47,30,0.311310,0.570381,0.115461,0.190996
train_15,11,0,0.475889,0.385758,0.035366,0.255347
train_15,12,1,0.444866,0.375832,0.027300,0.238232
train_15,13,2,0.421599,0.386443,0.025439,0.244393
train_15,14,3,0.395850,0.385758,0.029161,0.215641
train_15,21,8,0.512496,0.377201,0.040950,0.266984
train_15,22,9,0.545380,0.377885,0.032264,0.246447
train_15,24,11,0.597343,0.389523,0.032574,0.210849
train_15,25,12,0.622937,0.392604,0.029782,0.233440
train_15,28,15,0.701580,0.402188,0.079728,0.234809
train_15,31,16,0.512811,0.624848,0.023280,0.200137
train_15,32,17,0.533585,0.633589,0.024089,0.207629
train_15,33,18,0.557350,0.640189,0.026675,0.240093
train_15,34,19,0.581196,0.630913,0.029747,0.210840
train_15,35,20,0.611509,0.654102,0.042519,0.251509
train_15,36,21,0.652330,0.631983,0.068871,0.215834
train_15,41,24,0.489773,0.624135,0.024089,0.202277
train_15,42,25,0.469726,0.627702,0.024735,0.210126
train_15,43,26,0.447335,0.642864,0.027160,0.246871
train_15,44,27,0.425914,0.646075,0.029909,0.241877
train_15,45,28,0.403119,0.628951,0.037992,0.231174
train_15,46,29,0.359064,0.592206,0.077924,0.238309
train_15,47,30,0.313959,0.557601,0.081157,0.236882
train_150,11,0,0.482896,0.450268,0.035548,0.219880
train_150,12,1,0.454083,0.447843,0.027316,0.224730
train_150,13,2,0.430696,0.436526,0.035922,0.239281
train_150,21,8,0.517321,0.445014,0.037045,0.238472
train_150,22,9,0.545760,0.436122,0.031806,0.235239
train_150,23,10,0.572141,0.437334,0.032181,0.242514
train_150,24,11,0.595715,0.438951,0.032181,0.234431
train_150,25,12,0.624528,0.444610,0.032929,0.231197
train_150,26,13,0.660637,0.433697,0.043032,0.223922
train_150,27,14,0.701050,0.419954,0.039290,0.214221
train_150,31,16,0.517134,0.696825,0.027690,0.239281
train_150,32,17,0.539773,0.702888,0.025071,0.248173
train_150,33,18,0.567650,0.704100,0.036671,0.265149
train_150,34,19,0.591224,0.691570,0.034426,0.228772
train_150,35,20,0.623031,0.691974,0.050142,0.247365
train_150,36,21,0.665689,0.675403,0.078580,0.233622
train_150,37,22,0.714708,0.658022,0.088309,0.244131
train_150,41,24,0.498050,0.703292,0.032181,0.244131
train_150,42,25,0.473541,0.698441,0.031806,0.239281
train_150,43,26,0.450154,0.689953,0.028439,0.241706
train_150,44,27,0.417973,0.692379,0.043406,0.243323
train_150,44,27,0.404876,0.460373,0.044155,0.202904
train_150,45,28,0.391593,0.676615,0.036297,0.182694
train_150,45,28,0.380741,0.438547,0.028064,0.199670
train_150,46,29,0.351741,0.672573,0.091303,0.240898
train_150,46,29,0.345941,0.428442,0.050516,0.227964
train_150,47,30,0.303283,0.639834,0.085690,0.220688
train_150,47,30,0.297296,0.418337,0.057251,0.214221
train_151,11,0,0.485470,0.459102,0.032135,0.213037
train_151,12,1,0.459005,0.455710,0.028355,0.230677
train_151,13,2,0.434746,0.457745,0.028985,0.234748
train_151,14,3,0.416158,0.456388,0.028355,0.229320
train_151,15,4,0.390954,0.461816,0.032135,0.229320
train_151,16,5,0.369531,0.469279,0.044737,0.236105
train_151,17,6,0.329519,0.474707,0.049148,0.189970
train_151,18,7,0.300219,0.448925,0.044737,0.157403
train_151,21,8,0.511304,0.467922,0.027094,0.192683
train_151,22,9,0.537453,0.471993,0.028985,0.192683
train_151,23,10,0.564548,0.457067,0.032765,0.260530
train_151,24,11,0.586917,0.462495,0.035916,0.241533
train_151,25,12,0.609915,0.472672,0.035286,0.215751
train_151,26,13,0.643311,0.482170,0.052929,0.215751
train_151,27,14,0.684268,0.470636,0.046628,0.200825
train_151,28,15,0.715143,0.450961,0.056709,0.191327
train_151,31,16,0.506893,0.694529,0.023314,0.198111
train_151,32,17,0.528002,0.687066,0.021424,0.185899
train_151,33,18,0.555726,0.712169,0.035286,0.241533
train_151,34,19,0.579040,0.712847,0.037806,0.242890
train_151,35,20,0.608655,0.725738,0.046628,0.252388
train_151,36,21,0.647722,0.701314,0.076873,0.219822
train_151,37,22,0.695294,0.675532,0.077503,0.206253
train_151,38,23,0.746963,0.626683,0.095146,0.168259
train_151,41,24,0.490196,0.684352,0.025204,0.183185
train_151,42,25,0.466882,0.686387,0.027725,0.189970
train_151,43,26,0.441993,0.700635,0.028355,0.229320
train_151,44,27,0.420254,0.706063,0.028985,0.251031
train_151,45,28,0.403556,0.707420,0.032135,0.240176
train_151,46,29,0.371736,0.697921,0.065531,0.226607
train_151,47,30,0.322273,0.686387,0.077503,0.217108
train_151,48,31,0.280056,0.642287,0.086324,0.194040
train_152,11,0,0.496214,0.404469,0.034663,0.314637
train_152,12,1,0.474433,0.405315,0.022753,0.284691
train_152,13,2,0.453989,0.404671,0.028334,0.286030
train_152,14,3,0.440305,0.402162,0.031876,0.296783
train_152,15,4,0.420182,0.409689,0.034130,0.278861
train_152,16,5,0.392974,0.396427,0.047331,0.273843
train_152,17,6,0.355464,0.385674,0.045721,0.242301
train_152,18,7,0.336467,0.320798,0.048297,0.145524
train_152,21,8,0.525307,0.403954,0.028012,0.306102
train_152,22,9,0.538348,0.432987,0.030266,0.242301
train_152,23,10,0.559417,0.397503,0.035738,0.315817
train_152,24,11,0.583938,0.414668,0.029863,0.265364
train_152,26,13,0.613801,0.410512,0.050128,0.268926
train_152,27,14,0.644376,0.393508,0.052500,0.253128
train_152,28,15,0.666319,0.324356,0.047086,0.160419
train_152,31,16,0.528062,0.682313,0.022121,0.203701
train_152,32,17,0.544463,0.692267,0.029561,0.218989
train_152,33,18,0.562932,0.710933,0.031320,0.277861
train_152,34,19,0.592675,0.713847,0.038068,0.277648
train_152,35,20,0.614006,0.701426,0.047913,0.273264
train_152,36,21,0.659458,0.667816,0.087621,0.258651
train_152,37,22,0.699659,0.599866,0.095169,0.222118
train_152,41,24,0.506367,0.686448,0.024285,0.222849
train_152,42,25,0.487989,0.682064,0.032161,0.203852
train_152,43,26,0.469611,0.707637,0.030848,0.253536
train_152,44,27,0.447624,0.709098,0.030192,0.257920
train_152,45,28,0.426457,0.696312,0.035114,0.255728
train_152,46,29,0.379529,0.671835,0.091559,0.269611
train_152,47,30,0.325709,0.626169,0.109281,0.249883
train_153,11,0,0.476501,0.433908,0.041461,0.261703
train_153,12,1,0.454551,0.430204,0.040242,0.224669
train_153,13,2,0.435040,0.385764,0.045120,0.227138
train_153,14,3,0.408822,0.400578,0.046339,0.246889
train_153,15,4,0.383208,0.392851,0.050337,0.229026
train_153,16,5,0.354522,0.393947,0.061162,0.193960
train_153,17,6,0.317175,0.342991,0.062244,0.206014
train_153,18,7,0.301479,0.268475,0.055749,0.131498
train_153,21,8,0.501743,0.442163,0.031393,0.246559
train_153,22,9,0.525287,0.443259,0.024356,0.218068
train_153,23,10,0.548020,0.440519,0.024356,0.252038
train_153,24,11,0.572377,0.445450,0.033017,0.233409
train_153,25,12,0.593485,0.440519,0.037347,0.208205
train_153,26,13,0.624066,0.422438,0.042218,0.187385
train_153,27,14,0.655188,0.385728,0.050337,0.179714
train_153,28,15,0.667637,0.306829,0.042759,0.113965
train_153,31,16,0.504990,0.668997,0.028686,0.158894
train_153,32,17,0.520416,0.676668,0.023815,0.169852
train_153,33,18,0.545855,0.696940,0.035723,0.225739
train_153,34,19,0.571700,0.678312,0.037617,0.197247
train_153,35,20,0.602822,0.672832,0.057644,0.195056
train_153,36,21,0.638816,0.627356,0.080918,0.209301
train_153,37,22,0.683063,0.576400,0.082271,0.197247
train_153,38,23,0.719598,0.514487,0.063327,0.123827
train_153,41,24,0.481987,0.666258,0.024356,0.155606
train_153,42,25,0.464938,0.661326,0.034640,0.169852
train_153,43,26,0.435710,0.700776,0.035723,0.255326
train_153,44,27,0.405941,0.653656,0.055208,0.207110
train_153,45,28,0.378878,0.642697,0.073611,0.213685
train_153,46,29,0.338013,0.614754,0.102297,0.203822
train_153,47,30,0.287947,0.555580,0.110416,0.203822
train_153,48,31,0.240588,0.496954,0.076317,0.143552
train_154,11,0,0.485395,0.509601,0.026758,0.174893
train_154,12,1,0.467200,0.502364,0.023547,0.170068
train_154,13,2,0.450610,0.502967,0.031040,0.178511
train_154,14,3,0.420014,0.513562,0.037144,0.143604
train_154,15,4,0.394442,0.518070,0.045430,0.132013
train_154,16,5,0.366298,0.493277,0.057145,0.131369
train_154,17,6,0.352869,0.445946,0.074288,0.143604
train_154,21,8,0.506534,0.499349,0.031575,0.183336
train_154,22,9,0.527673,0.492112,0.022477,0.173686
train_154,23,10,0.544799,0.484875,0.028899,0.166450
train_154,24,11,0.562459,0.487287,0.032110,0.151976
train_154,25,12,0.581458,0.481859,0.031575,0.165243
train_154,26,13,0.602864,0.479447,0.035856,0.155594
train_154,27,14,0.631763,0.455927,0.047630,0.209871
train_154,28,15,0.655846,0.437835,0.074388,0.178511
train_154,31,16,0.508675,0.692334,0.018731,0.188160
train_154,32,17,0.523125,0.683891,0.018731,0.214696
train_154,33,18,0.543728,0.699571,0.026758,0.229170
train_154,34,19,0.562192,0.697158,0.033715,0.221933
train_154,35,20,0.587880,0.691731,0.046559,0.218314
train_154,36,21,0.624271,0.676654,0.070107,0.212283
train_154,37,22,0.661197,0.640469,0.077599,0.209871
train_154,41,24,0.492085,0.692937,0.021942,0.208665
train_154,42,25,0.478159,0.696770,0.026001,0.212508
train_154,43,26,0.460730,0.707073,0.029430,0.225388
train_154,44,27,0.438301,0.709005,0.029715,0.195765
train_154,45,28,0.422443,0.706429,0.043144,0.203493
train_154,46,29,0.389871,0.697414,0.070002,0.204781
train_154,47,30,0.351726,0.662640,0.078288,0.204781
train_155,11,0,0.473137,0.387108,0.031969,0.212192
train_155,12,1,0.446283,0.387108,0.024296,0.223662
train_155,13,2,0.423266,0.373487,0.028132,0.253771
train_155,14,3,0.405683,0.375638,0.031329,0.226530
train_155,17,6,0.320966,0.370620,0.047314,0.213626
train_155,21,8,0.501589,0.375638,0.030051,0.232265
train_155,22,9,0.527803,0.369186,0.023657,0.242301
train_155,23,10,0.550821,0.359867,0.031329,0.266674
train_155,24,11,0.575117,0.364168,0.031329,0.235132
train_155,27,14,0.660473,0.369903,0.043477,0.183518
train_155,31,16,0.510540,0.603602,0.021099,0.200723
train_155,32,17,0.531959,0.605035,0.023017,0.209325
train_155,33,18,0.552739,0.632276,0.030051,0.269542
train_155,34,19,0.575756,0.619373,0.024936,0.223662
train_155,35,20,0.602610,0.629409,0.033887,0.229397
train_155,38,23,0.707148,0.569909,0.067774,0.167747
train_155,41,24,0.494236,0.607903,0.021739,0.200723
train_155,42,25,0.473137,0.625824,0.023017,0.245168
train_155,43,26,0.451078,0.645180,0.031329,0.266674
train_155,44,27,0.428381,0.653782,0.024296,0.120434
train_155,45,28,0.408240,0.633710,0.036444,0.220795
train_155,47,30,0.327359,0.633710,0.081840,0.215060
train_156,11,0,0.503254,0.433268,0.028006,0.223562
train_156,12,1,0.484627,0.421952,0.031183,0.238923
train_156,13,2,0.466624,0.406929,0.036327,0.270430
train_156,14,3,0.448821,0.396058,0.040526,0.278622
train_156,16,5,0.406100,0.419036,0.044916,0.202730
train_156,17,6,0.371949,0.390493,0.047364,0.223742
train_156,21,8,0.527028,0.415559,0.030150,0.257137
train_156,22,9,0.545834,0.432181,0.023583,0.226607
train_156,23,10,0.564423,0.415839,0.028432,0.263265
train_156,24,11,0.582722,0.408519,0.028700,0.258897
train_156,25,12,0.603285,0.397759,0.028404,0.258897
train_156,26,13,0.629322,0.414235,0.044973,0.225946
train_156,27,14,0.656098,0.404148,0.038759,0.201738
train_156,28,15,0.682727,0.406165,0.049411,0.190978
train_156,31,16,0.519288,0.672573,0.023475,0.215029
train_156,32,17,0.538673,0.667723,0.025253,0.231197
train_156,33,18,0.562147,0.668127,0.033789,0.241706
train_156,34,19,0.580287,0.653576,0.031655,0.227155
train_156,35,20,0.608030,0.659639,0.039480,0.197245
train_156,37,22,0.673119,0.591735,0.075759,0.205329
train_156,41,24,0.500025,0.664726,0.019528,0.197030
train_156,42,25,0.480498,0.673804,0.020119,0.224601
train_156,43,26,0.459786,0.677838,0.026037,0.258224
train_156,44,27,0.429755,0.672795,0.043493,0.262931
train_156,45,28,0.407069,0.650896,0.056896,0.236629
train_156,46,29,0.350658,0.586064,0.107409,0.181294
train_156,47,30,0.314460,0.533112,0.113464,0.159156
train_157,11,0,0.490744,0.422933,0.045645,0.251451
train_157,12,1,0.460948,0.425351,0.034234,0.232108
train_157,13,2,0.422911,0.425351,0.044377,0.222437
train_157,14,3,0.386776,0.427768,0.035501,0.198259
train_157,15,4,0.341765,0.416888,0.062128,0.195841
train_157,16,5,0.293584,0.406008,0.059592,0.207930
train_157,17,6,0.256815,0.397546,0.051984,0.186170
train_157,21,8,0.531840,0.442701,0.045019,0.210409
train_157,22,9,0.565825,0.443543,0.031778,0.205360
train_157,23,10,0.596278,0.433443,0.041488,0.215459
train_157,24,11,0.628498,0.425869,0.044136,0.210409
train_157,25,12,0.659393,0.425869,0.035309,0.196943
train_157,26,13,0.699116,0.425869,0.052963,0.180110
train_157,27,14,0.739721,0.405669,0.049432,0.203676
train_157,28,15,0.781209,0.400619,0.047667,0.183477
train_157,31,16,0.527426,0.643011,0.029130,0.168327
train_157,32,17,0.554791,0.643011,0.034426,0.175061
train_157,33,18,0.593630,0.656477,0.053846,0.191893
train_157,34,19,0.619671,0.637961,0.074149,0.191893
train_157,35,20,0.647476,0.621970,0.064439,0.190210
train_157,36,21,0.693819,0.620287,0.090038,0.213776
train_157,37,22,0.746341,0.596721,0.090920,0.190210
train_157,38,23,0.790919,0.567264,0.081210,0.181794
train_157,41,24,0.503892,0.632721,0.028119,0.194106
train_157,42,25,0.476897,0.641301,0.033743,0.187672
train_157,43,26,0.441468,0.641301,0.057363,0.202685
train_157,44,27,0.413349,0.627896,0.061299,0.190889
train_157,45,28,0.384105,0.607520,0.054551,0.167296
train_157,46,29,0.340239,0.610201,0.078171,0.198396
train_157,47,30,0.288500,0.596259,0.086044,0.194106
train_157,48,31,0.242948,0.566232,0.073672,0.179092
train_158,11,0,0.481919,0.495103,0.028405,0.194191
train_158,12,1,0.459391,0.490881,0.020569,0.185748
train_158,13,2,0.437843,0.492992,0.020569,0.206856
train_158,14,3,0.419233,0.494048,0.026446,0.183637
train_158,15,4,0.399154,0.491937,0.027425,0.192080
train_158,16,5,0.369770,0.472940,0.041138,0.192080
train_158,17,6,0.336957,0.461331,0.044076,0.198413
train_158,18,7,0.307573,0.438112,0.055830,0.206856
train_158,21,8,0.509834,0.492992,0.025466,0.219520
train_158,22,9,0.533341,0.488771,0.017630,0.206856
train_158,23,10,0.557828,0.485605,0.023507,0.208967
train_158,24,11,0.578397,0.475051,0.031343,0.238517
train_158,25,12,0.603863,0.470829,0.027425,0.221631
train_158,26,13,0.636186,0.468718,0.039179,0.238517
train_158,27,14,0.672426,0.475051,0.033302,0.208967
train_158,28,15,0.702790,0.456054,0.033302,0.208967
train_158,31,16,0.509344,0.710402,0.024487,0.151976
train_158,32,17,0.528444,0.726233,0.029384,0.208967
train_158,33,18,0.550482,0.736787,0.030364,0.225853
train_158,34,19,0.580845,0.727288,0.036240,0.211077
train_158,35,20,0.605332,0.710402,0.040158,0.215299
train_158,36,21,0.645001,0.708291,0.068563,0.206856
train_158,37,22,0.693974,0.674519,0.078358,0.194191
train_158,41,24,0.488286,0.716734,0.015672,0.160419
train_158,42,25,0.468206,0.712513,0.020569,0.168862
train_158,43,26,0.448617,0.719900,0.026446,0.196302
train_158,44,27,0.425110,0.717790,0.024487,0.187859
train_158,45,28,0.395726,0.714623,0.038199,0.211077
train_158,46,29,0.361934,0.700903,0.054850,0.196302
train_158,47,30,0.313940,0.682962,0.068563,0.189970
train_158,48,31,0.270353,0.622805,0.083255,0.158308
train_159,11,0,0.492771,0.324692,0.026738,0.290542
train_159,12,1,0.469994,0.328044,0.020796,0.261488
train_159,13,2,0.446722,0.326927,0.025748,0.272662
train_159,14,3,0.430382,0.350393,0.030699,0.248078
train_159,15,4,0.410081,0.363803,0.027728,0.243608
train_159,16,5,0.390770,0.358216,0.030699,0.241373
train_159,17,6,0.362547,0.351511,0.039612,0.227964
train_159,18,7,0.337295,0.322457,0.060408,0.214554
train_159,21,8,0.518023,0.349276,0.021786,0.250313
train_159,22,9,0.542286,0.345923,0.024757,0.243608
train_159,23,10,0.566548,0.349276,0.025748,0.223494
train_159,24,11,0.585859,0.347041,0.026738,0.236903
train_159,25,12,0.602694,0.351511,0.028719,0.263723
train_159,27,14,0.650723,0.344806,0.033670,0.245843
train_159,31,16,0.515548,0.643170,0.018816,0.225729
train_159,32,17,0.539810,0.652110,0.023767,0.243608
train_159,33,18,0.562092,0.649875,0.026738,0.239138
train_159,34,19,0.585363,0.637583,0.025748,0.227964
train_159,35,20,0.614098,0.647122,0.033670,0.232866
train_159,36,21,0.653742,0.621384,0.069512,0.240220
train_159,37,22,0.699359,0.577262,0.086890,0.215707
train_159,41,24,0.488315,0.644288,0.031689,0.223494
train_159,42,25,0.470489,0.639818,0.019806,0.223494
train_159,43,26,0.446227,0.645405,0.024757,0.221259
train_159,44,27,0.422955,0.646522,0.021786,0.227964
train_159,45,28,0.388790,0.642053,0.042583,0.214554
train_159,46,29,0.357100,0.611881,0.058427,0.194439
train_159,47,30,0.309566,0.558242,0.074272,0.172090
train_16,11,0,0.493303,0.423474,0.035209,0.288121
train_16,12,1,0.468394,0.411997,0.027343,0.285746
train_16,13,2,0.440864,0.398145,0.031464,0.288121
train_16,14,3,0.416704,0.404873,0.036333,0.271498
train_16,15,4,0.390110,0.387063,0.034835,0.270707
train_16,16,5,0.350781,0.381918,0.056559,0.252501
train_16,17,6,0.301151,0.371628,0.068171,0.263583
train_16,21,8,0.526077,0.416350,0.042326,0.294453
train_16,22,9,0.557915,0.409226,0.035584,0.280205
train_16,23,10,0.591064,0.414767,0.047944,0.283371
train_16,24,11,0.620280,0.429015,0.047944,0.250127
train_16,25,12,0.643878,0.421495,0.035958,0.246169
train_16,26,13,0.672907,0.421891,0.046821,0.258042
train_16,27,14,0.709427,0.406852,0.044948,0.242211
train_16,28,15,0.743513,0.418725,0.044199,0.224797
train_16,31,16,0.517650,0.686661,0.023223,0.241420
train_16,32,17,0.539936,0.689431,0.025096,0.248544
train_16,33,18,0.572149,0.715156,0.040828,0.304743
train_16,34,19,0.604923,0.698930,0.049443,0.277039
train_16,35,20,0.626835,0.688640,0.043075,0.248544
train_16,36,21,0.671971,0.675579,0.057683,0.255667
train_16,37,22,0.708303,0.659749,0.064425,0.252501
train_16,41,24,0.499483,0.698138,0.029591,0.250127
train_16,42,25,0.478507,0.706845,0.038580,0.267541
train_16,43,26,0.455659,0.707637,0.034835,0.296036
train_16,44,27,0.428503,0.691014,0.035209,0.278622
train_16,45,28,0.401347,0.671226,0.061803,0.251710
train_16,46,29,0.355088,0.657770,0.093641,0.258042
train_16,47,30,0.300214,0.618589,0.099260,0.231921
train_16,48,31,0.248150,0.590093,0.085776,0.212924
train_160,11,0,0.472546,0.411117,0.036690,0.266393
train_160,12,1,0.443130,0.390625,0.029732,0.292008
train_160,13,2,0.421938,0.388704,0.037955,0.272797
train_160,14,3,0.398849,0.406634,0.043649,0.231814
train_160,15,4,0.369433,0.397029,0.037955,0.220287
train_160,16,5,0.333059,0.385502,0.049975,0.210041
train_160,17,6,0.296369,0.379098,0.057566,0.207480
train_160,21,8,0.505124,0.430328,0.036058,0.256148
train_160,22,9,0.530428,0.405994,0.028467,0.261270
train_160,23,10,0.558578,0.412398,0.037955,0.240779
train_160,24,11,0.571862,0.389985,0.041751,0.247182
train_160,25,12,0.604124,0.374616,0.046812,0.272797
train_160,26,13,0.631642,0.383581,0.062627,0.211322
train_160,27,14,0.676556,0.377177,0.057566,0.203637
train_160,31,16,0.487411,0.666624,0.032262,0.195953
train_160,32,17,0.509552,0.669185,0.037323,0.211322
train_160,33,18,0.539916,0.692239,0.036058,0.239498
train_160,34,19,0.562057,0.660861,0.044914,0.225410
train_160,35,20,0.589575,0.648053,0.061994,0.215164
train_160,36,21,0.637652,0.623079,0.086032,0.206199
train_160,37,22,0.681933,0.591701,0.077176,0.212602
train_160,38,23,0.717675,0.570569,0.055035,0.185707
train_160,41,24,0.468750,0.672387,0.036690,0.212602
train_160,42,25,0.446926,0.673028,0.030997,0.203637
train_160,43,26,0.419408,0.690318,0.048077,0.230533
train_160,44,27,0.397584,0.666624,0.056301,0.229252
train_160,45,28,0.373229,0.657018,0.063259,0.233094
train_160,46,29,0.334641,0.635886,0.082237,0.231814
train_160,47,30,0.286247,0.596183,0.084135,0.211322
train_161,11,0,0.504533,0.390957,0.048117,0.287234
train_161,12,1,0.466179,0.391622,0.038354,0.272606
train_161,13,2,0.427476,0.356383,0.051604,0.356383
train_161,15,4,0.371339,0.396941,0.038354,0.264628
train_161,16,5,0.330893,0.392952,0.056485,0.272606
train_161,18,7,0.256974,0.402926,0.055091,0.255319
train_161,21,8,0.551604,0.394282,0.047420,0.291223
train_161,22,9,0.588563,0.386303,0.037657,0.280585
train_161,23,10,0.621339,0.371676,0.044630,0.320479
train_161,24,11,0.649233,0.374335,0.040446,0.304521
train_161,26,13,0.717573,0.376995,0.057183,0.277926
train_161,27,14,0.755927,0.332447,0.040446,0.170213
train_161,28,15,0.790795,0.286569,0.064156,0.208777
train_161,31,16,0.516388,0.655585,0.036960,0.236702
train_161,32,17,0.542538,0.671543,0.040446,0.255319
train_161,33,18,0.579498,0.690824,0.050209,0.328457
train_161,34,19,0.616109,0.673537,0.050907,0.275266
train_161,35,20,0.644351,0.659574,0.051604,0.265957
train_161,37,22,0.749651,0.634973,0.087866,0.264628
train_161,38,23,0.820432,0.652261,0.098326,0.224734
train_161,41,24,0.489191,0.658245,0.036960,0.244681
train_161,42,25,0.468271,0.653590,0.038354,0.256649
train_161,43,26,0.436890,0.673537,0.048117,0.283245
train_161,44,27,0.412483,0.673537,0.049512,0.272606
train_161,46,29,0.326011,0.671543,0.087169,0.273936
train_161,47,30,0.275802,0.650931,0.084379,0.261968
train_161,48,31,0.215132,0.666888,0.074616,0.206117
train_162,11,0,0.473247,0.421605,0.039665,0.292147
train_162,12,1,0.444182,0.416759,0.045820,0.285224
train_162,13,2,0.411355,0.411913,0.041717,0.292147
train_162,14,3,0.385710,0.421605,0.045136,0.264455
train_162,15,4,0.360748,0.427143,0.040349,0.233994
train_162,16,5,0.326896,0.432682,0.051975,0.220148
train_162,17,6,0.283811,0.418144,0.053343,0.229840
train_162,18,7,0.248591,0.408451,0.055394,0.218764
train_162,21,8,0.506073,0.428528,0.035562,0.272763
train_162,22,9,0.536164,0.432682,0.030091,0.239533
train_162,23,10,0.566255,0.425759,0.045136,0.247840
train_162,24,11,0.583694,0.438220,0.036246,0.211841
train_162,25,12,0.608997,0.432682,0.034878,0.217379
train_162,26,13,0.640456,0.410528,0.047188,0.239533
train_162,27,14,0.676018,0.392529,0.038981,0.253378
train_162,28,15,0.712263,0.389760,0.049923,0.217379
train_162,31,16,0.507783,0.671522,0.029407,0.196611
train_162,32,17,0.530693,0.682599,0.031459,0.224302
train_162,33,18,0.556680,0.688829,0.041033,0.256148
train_162,34,19,0.579590,0.665984,0.043085,0.215995
train_162,35,20,0.607629,0.653522,0.052659,0.213226
train_162,36,21,0.641824,0.637600,0.067704,0.203533
train_162,37,22,0.683198,0.612894,0.071124,0.192023
train_162,38,23,0.719203,0.576778,0.065210,0.181979
train_162,41,24,0.492613,0.685058,0.036610,0.210368
train_162,42,25,0.467848,0.670889,0.032303,0.197288
train_162,43,26,0.441199,0.676884,0.032841,0.220178
train_162,44,27,0.411050,0.669799,0.044685,0.225628
train_162,45,28,0.381977,0.662169,0.052222,0.219088
train_162,46,29,0.335139,0.655084,0.095292,0.215818
train_162,47,30,0.286685,0.633284,0.100676,0.194018
train_162,48,31,0.251152,0.602219,0.073757,0.184208
train_163,13,2,0.443609,0.440156,0.032286,0.312554
train_163,14,3,0.419072,0.441590,0.027120,0.272409
train_163,17,6,0.341263,0.448042,0.054886,0.239433
train_163,22,9,0.548216,0.465963,0.028412,0.272409
train_163,23,10,0.577919,0.442307,0.034869,0.311120
train_163,27,14,0.670903,0.460228,0.046492,0.240867
train_163,31,16,0.517544,0.757728,0.023892,0.262373
train_163,32,17,0.535301,0.770631,0.030995,0.288180
train_163,33,18,0.557579,0.762746,0.030349,0.278144
train_163,34,19,0.581470,0.758445,0.026475,0.278144
train_163,35,20,0.610851,0.741957,0.041326,0.253771
train_163,41,24,0.495913,0.765613,0.021954,0.275277
train_163,42,25,0.477832,0.776366,0.025829,0.296783
train_163,43,26,0.452972,0.781384,0.027766,0.295349
train_163,44,27,0.426821,0.764896,0.033577,0.265241
train_163,46,29,0.370966,0.738372,0.076841,0.252337
train_163,47,30,0.334160,0.694644,0.078132,0.213626
train_164,11,0,0.498163,0.421568,0.034999,0.205373
train_164,12,1,0.467052,0.421568,0.033055,0.205373
train_164,13,2,0.442261,0.412326,0.032082,0.190996
train_164,14,3,0.420387,0.393843,0.038888,0.203319
train_164,15,4,0.392193,0.393843,0.033055,0.219749
train_164,16,5,0.356222,0.384601,0.048610,0.201265
train_164,17,6,0.320737,0.368171,0.043749,0.209480
train_164,21,8,0.533648,0.411300,0.039860,0.217695
train_164,22,9,0.561355,0.412326,0.023333,0.203319
train_164,23,10,0.588091,0.416434,0.024305,0.182782
train_164,24,11,0.608507,0.405138,0.032082,0.188943
train_164,25,12,0.637186,0.412326,0.029166,0.195104
train_164,26,13,0.665380,0.412326,0.050554,0.195104
train_164,27,14,0.705726,0.390762,0.047638,0.168405
train_164,31,16,0.513232,0.593054,0.020416,0.149922
train_164,32,17,0.538509,0.618726,0.022360,0.184835
train_164,33,18,0.561841,0.613592,0.026249,0.178674
train_164,34,19,0.591493,0.626941,0.029166,0.217695
train_164,35,20,0.620659,0.641317,0.036943,0.209480
train_164,37,22,0.700379,0.592027,0.073887,0.172513
train_164,41,24,0.496218,0.623860,0.025277,0.199211
train_164,42,25,0.471913,0.623860,0.027221,0.195104
train_164,43,26,0.452955,0.617699,0.026249,0.195104
train_164,44,27,0.423790,0.616672,0.024305,0.197158
train_164,46,29,0.366916,0.605377,0.056387,0.174567
train_164,47,30,0.324140,0.582786,0.069998,0.211534
train_165,11,0,0.480734,0.421253,0.041657,0.249358
train_165,12,1,0.456210,0.426417,0.040985,0.247883
train_165,13,2,0.428999,0.444861,0.037626,0.231652
train_165,14,3,0.405147,0.462567,0.047704,0.240505
train_165,15,4,0.382974,0.492077,0.045016,0.240505
train_165,16,5,0.345685,0.505356,0.064501,0.240505
train_165,17,6,0.299997,0.508307,0.071220,0.270015
train_165,21,8,0.520711,0.421253,0.043673,0.240505
train_165,22,9,0.551954,0.419777,0.032250,0.252309
train_165,23,10,0.578829,0.448550,0.038969,0.227226
train_165,24,11,0.604361,0.455189,0.051063,0.225750
train_165,26,13,0.660799,0.497979,0.073907,0.216897
train_165,27,14,0.706487,0.499454,0.072564,0.234603
train_165,31,16,0.511976,0.682415,0.034266,0.228701
train_165,32,17,0.537172,0.675775,0.033594,0.236079
train_165,33,18,0.562704,0.695695,0.034938,0.246407
train_165,34,19,0.588571,0.711925,0.038297,0.270015
train_165,35,20,0.616454,0.714876,0.038969,0.261162
train_165,36,21,0.657439,0.728155,0.063157,0.252309
train_165,37,22,0.710182,0.742910,0.071892,0.252309
train_165,38,23,0.773004,0.730369,0.086001,0.141647
train_165,41,24,0.491148,0.681677,0.029563,0.241981
train_165,42,25,0.470991,0.697908,0.034938,0.259687
train_165,43,26,0.455538,0.709712,0.040313,0.256736
train_165,44,27,0.424631,0.720040,0.036282,0.259687
train_165,45,28,0.413881,0.740697,0.057782,0.259687
train_165,46,29,0.375248,0.747337,0.071892,0.246407
train_165,47,30,0.328552,0.753976,0.057782,0.233128
train_166,11,0,0.490423,0.481467,0.035398,0.204745
train_166,12,1,0.464366,0.496243,0.028515,0.175194
train_166,13,2,0.437325,0.486744,0.035398,0.181527
train_166,14,3,0.415693,0.489911,0.037365,0.179416
train_166,15,4,0.390128,0.493077,0.037365,0.194191
train_166,16,5,0.366037,0.487800,0.044248,0.196302
train_166,17,6,0.327198,0.503631,0.039331,0.177305
train_166,18,7,0.295241,0.485689,0.044248,0.158308
train_166,21,8,0.522380,0.498354,0.030482,0.162530
train_166,22,9,0.548437,0.494132,0.021632,0.162530
train_166,23,10,0.576460,0.489911,0.034415,0.192080
train_166,24,11,0.592193,0.492021,0.032448,0.179416
train_166,25,12,0.617758,0.500464,0.034415,0.166751
train_166,26,13,0.640865,0.520517,0.039331,0.202634
train_166,27,14,0.681180,0.508907,0.043265,0.179416
train_166,28,15,0.710678,0.488855,0.033432,0.160419
train_166,31,16,0.500256,0.662994,0.023599,0.116093
train_166,32,17,0.520905,0.688323,0.027532,0.192080
train_166,33,18,0.544503,0.679880,0.029499,0.179416
train_166,34,19,0.564661,0.693600,0.030482,0.177305
train_166,35,20,0.596126,0.714708,0.028515,0.185748
train_166,37,22,0.667414,0.710486,0.074730,0.168862
train_166,38,23,0.703304,0.664049,0.065880,0.122425
train_166,41,24,0.480590,0.678825,0.025565,0.143533
train_166,42,25,0.462399,0.699932,0.026549,0.181527
train_166,43,26,0.432409,0.690434,0.019666,0.170973
train_166,44,27,0.415202,0.704154,0.032448,0.177305
train_166,45,28,0.393078,0.694656,0.031465,0.187859
train_166,46,29,0.365054,0.697822,0.058014,0.168862
train_166,47,30,0.324739,0.687268,0.056047,0.168862
train_166,48,31,0.283933,0.651385,0.058997,0.130868
train_167,11,0,0.478966,0.452996,0.034655,0.264872
train_167,12,1,0.450568,0.458424,0.029842,0.245332
train_167,13,2,0.423614,0.454082,0.037543,0.254017
train_167,14,3,0.401954,0.459509,0.036581,0.251845
train_167,15,4,0.380295,0.444312,0.033693,0.234477
train_167,16,5,0.347083,0.449739,0.046207,0.232306
train_167,17,6,0.312909,0.437799,0.054871,0.238819
train_167,18,7,0.278735,0.420430,0.061610,0.212766
train_167,21,8,0.515547,0.449739,0.038506,0.275727
train_167,22,9,0.542501,0.464937,0.030805,0.232306
train_167,23,10,0.573787,0.443226,0.041394,0.284412
train_167,24,11,0.594965,0.451911,0.033693,0.258359
train_167,25,12,0.618550,0.450825,0.030805,0.256188
train_167,26,13,0.650799,0.454082,0.049095,0.227964
train_167,27,14,0.692674,0.460595,0.048132,0.210595
train_167,28,15,0.722998,0.447568,0.052946,0.206253
train_167,31,16,0.507846,0.718954,0.028879,0.210595
train_167,32,17,0.528543,0.721125,0.025992,0.227964
train_167,33,18,0.558385,0.722210,0.037543,0.247503
train_167,34,19,0.579082,0.720039,0.030805,0.247503
train_167,35,20,0.613256,0.724381,0.054871,0.260530
train_167,36,21,0.648874,0.709184,0.081825,0.251845
train_167,37,22,0.694118,0.680960,0.074124,0.234477
train_167,38,23,0.738400,0.639709,0.072199,0.204082
train_167,41,24,0.481854,0.722210,0.023104,0.208424
train_167,42,25,0.462120,0.717868,0.027917,0.230135
train_167,43,26,0.434203,0.716782,0.035618,0.227964
train_167,44,27,0.413987,0.712440,0.035618,0.236648
train_167,45,28,0.388958,0.707013,0.051020,0.251845
train_167,46,29,0.348527,0.701585,0.083750,0.236648
train_167,47,30,0.306652,0.676617,0.082788,0.234477
train_167,48,31,0.268146,0.646222,0.075087,0.221450
train_168,11,0,0.474124,0.401730,0.029699,0.265032
train_168,12,1,0.446552,0.411058,0.027004,0.240266
train_168,13,2,0.427781,0.411058,0.028980,0.263425
train_168,14,3,0.407693,0.445795,0.029638,0.231582
train_168,15,4,0.381842,0.429150,0.033920,0.235924
train_168,17,6,0.314826,0.410334,0.050715,0.238819
train_168,21,8,0.504512,0.397308,0.034907,0.273556
train_168,22,9,0.533491,0.419742,0.030956,0.248951
train_168,23,10,0.559178,0.427703,0.041494,0.273556
train_168,24,11,0.582889,0.421913,0.057301,0.288030
train_168,27,14,0.664230,0.424808,0.051373,0.230135
train_168,31,16,0.488375,0.625271,0.030297,0.199739
train_168,32,17,0.510439,0.628166,0.027004,0.214213
train_168,33,18,0.526905,0.641916,0.037542,0.230135
train_168,34,19,0.553250,0.654219,0.033590,0.237372
train_168,36,21,0.618455,0.666522,0.066522,0.247503
train_168,37,22,0.664559,0.645535,0.084963,0.231582
train_168,41,24,0.467958,0.633232,0.021076,0.212766
train_168,42,25,0.449845,0.642640,0.019100,0.225792
train_168,43,26,0.429757,0.663627,0.023711,0.241714
train_168,44,27,0.406705,0.648430,0.035566,0.228687
train_168,45,28,0.380689,0.660009,0.041494,0.234477
train_168,48,31,0.264770,0.566652,0.082329,0.201187
train_169,11,0,0.466734,0.461035,0.040544,0.289176
train_169,12,1,0.437067,0.454703,0.026700,0.293398
train_169,13,2,0.416301,0.439927,0.028678,0.284954
train_169,14,3,0.396523,0.440983,0.036589,0.270179
train_169,15,4,0.378229,0.435706,0.047466,0.276511
train_169,16,5,0.332740,0.436761,0.067244,0.265957
train_169,17,6,0.298129,0.377660,0.069222,0.215299
train_169,21,8,0.501345,0.444149,0.040544,0.310284
train_169,22,9,0.531011,0.435706,0.038567,0.318727
train_169,23,10,0.555734,0.437817,0.034611,0.310284
train_169,24,11,0.580950,0.434650,0.045489,0.287065
train_169,25,12,0.607156,0.430429,0.046478,0.287065
train_169,26,13,0.650667,0.418820,0.064278,0.280733
train_169,27,14,0.699616,0.380826,0.069222,0.251182
train_169,31,16,0.510245,0.730159,0.024722,0.265957
train_169,32,17,0.528539,0.730159,0.031644,0.274401
train_169,33,18,0.546834,0.742823,0.040544,0.270179
train_169,34,19,0.578478,0.730159,0.038567,0.257514
train_169,35,20,0.613089,0.733325,0.056366,0.276511
train_169,36,21,0.652644,0.706940,0.088011,0.278622
train_169,37,22,0.707527,0.663669,0.077133,0.238517
train_169,41,24,0.491950,0.734380,0.021755,0.265957
train_169,42,25,0.470195,0.733325,0.027689,0.268068
train_169,43,26,0.449923,0.735436,0.036589,0.280733
train_169,44,27,0.419267,0.737546,0.032633,0.268068
train_169,45,28,0.392073,0.726993,0.057355,0.263847
train_169,46,29,0.347573,0.701663,0.092955,0.259625
train_169,47,30,0.300107,0.646783,0.087022,0.221631
train_17,11,0,0.505959,0.473706,0.036769,0.229691
train_17,12,1,0.472360,0.464640,0.034234,0.245406
train_17,13,2,0.436541,0.470080,0.046279,0.234526
train_17,14,3,0.400723,0.462826,0.049448,0.256286
train_17,15,4,0.371561,0.471893,0.035501,0.223646
train_17,16,5,0.334791,0.468871,0.059592,0.244197
train_17,21,8,0.551604,0.476124,0.048181,0.251451
train_17,22,9,0.582985,0.483982,0.034868,0.221228
train_17,23,10,0.620071,0.478542,0.048181,0.246615
train_17,24,11,0.648916,0.481564,0.041207,0.230899
train_17,25,12,0.677761,0.486400,0.040573,0.228482
train_17,26,13,0.722772,0.496071,0.053252,0.189797
train_17,27,14,0.765881,0.474915,0.053252,0.188588
train_17,31,16,0.532902,0.700375,0.027260,0.182544
train_17,32,17,0.557309,0.700375,0.029162,0.189797
train_17,33,18,0.587105,0.710046,0.036769,0.218810
train_17,34,19,0.624509,0.729993,0.036769,0.236944
train_17,35,20,0.660644,0.713068,0.051984,0.212766
train_17,37,22,0.764930,0.659877,0.095727,0.174081
train_17,41,24,0.508812,0.701584,0.027260,0.184961
train_17,42,25,0.482820,0.713673,0.039939,0.221228
train_17,43,26,0.447635,0.725762,0.055788,0.247824
train_17,44,27,0.419107,0.722739,0.050716,0.222437
train_17,45,28,0.378851,0.714882,0.052618,0.218810
train_17,47,30,0.292633,0.653832,0.112210,0.178917
train_170,11,0,0.491344,0.494547,0.029510,0.223494
train_170,12,1,0.467244,0.475550,0.022624,0.203379
train_170,13,2,0.442160,0.488959,0.033445,0.207849
train_170,14,3,0.420519,0.461023,0.027543,0.187735
train_170,15,4,0.394452,0.449848,0.044265,0.174325
train_170,16,5,0.361991,0.417441,0.050167,0.189970
train_170,21,8,0.519378,0.495664,0.032461,0.207849
train_170,22,9,0.539052,0.485607,0.030494,0.196674
train_170,23,10,0.566103,0.473315,0.025575,0.212319
train_170,24,11,0.591678,0.448731,0.037380,0.185500
train_170,25,12,0.624139,0.448731,0.035412,0.185500
train_170,26,13,0.653649,0.418559,0.060988,0.183265
train_170,31,16,0.524789,0.721393,0.025575,0.216789
train_170,32,17,0.543970,0.738155,0.022624,0.236903
train_170,33,18,0.561676,0.726980,0.024592,0.241373
train_170,34,19,0.584792,0.690104,0.027543,0.207849
train_170,35,20,0.610860,0.693456,0.034428,0.219024
train_170,36,21,0.640370,0.659932,0.071808,0.201144
train_170,37,22,0.683160,0.627525,0.074759,0.216789
train_170,41,24,0.509542,0.734802,0.030494,0.239138
train_170,42,25,0.487901,0.724745,0.028526,0.214554
train_170,43,26,0.460850,0.721393,0.025575,0.225729
train_170,44,27,0.438717,0.728098,0.040331,0.248078
train_170,45,28,0.406748,0.702396,0.029510,0.236903
train_170,46,29,0.381664,0.666637,0.081645,0.214554
train_170,47,30,0.344285,0.628643,0.085579,0.210084
train_171,11,0,0.473648,0.438081,0.041869,0.249839
train_171,12,1,0.445910,0.406420,0.032449,0.313162
train_171,13,2,0.412676,0.428295,0.037159,0.299346
train_171,14,3,0.391180,0.497210,0.043365,0.198358
train_171,15,4,0.364887,0.495127,0.037832,0.206253
train_171,16,5,0.330345,0.489699,0.059764,0.231582
train_171,17,6,0.298544,0.502364,0.041122,0.218314
train_171,18,7,0.262631,0.480653,0.039477,0.232788
train_171,21,8,0.512378,0.416832,0.039548,0.283027
train_171,22,9,0.544918,0.427845,0.033541,0.276420
train_171,23,10,0.576957,0.441060,0.036545,0.274217
train_171,24,11,0.596487,0.470754,0.036227,0.209430
train_171,25,12,0.617760,0.476777,0.041704,0.219623
train_171,26,13,0.649775,0.485118,0.048443,0.214063
train_171,27,14,0.691597,0.488415,0.041551,0.230166
train_171,28,15,0.732397,0.504934,0.042052,0.205938
train_171,31,16,0.501978,0.683482,0.030828,0.224695
train_171,32,17,0.524449,0.678171,0.026742,0.227146
train_171,33,18,0.547849,0.688793,0.029714,0.251659
train_171,34,19,0.572548,0.694921,0.030828,0.227964
train_171,35,20,0.592234,0.687159,0.039742,0.215707
train_171,36,21,0.623804,0.693830,0.060542,0.221975
train_171,37,22,0.668593,0.705320,0.053806,0.231867
train_171,41,24,0.486564,0.684299,0.028228,0.198549
train_171,42,25,0.468550,0.683074,0.027114,0.217342
train_171,43,26,0.442736,0.688384,0.028971,0.236134
train_171,44,27,0.419708,0.692061,0.033428,0.217342
train_171,45,28,0.397237,0.693695,0.038999,0.207537
train_171,46,29,0.363994,0.704726,0.069085,0.227964
train_171,47,30,0.326813,0.720706,0.055964,0.236210
train_171,48,31,0.277720,0.693009,0.067242,0.194529
train_172,11,0,0.474563,0.448017,0.034375,0.231016
train_172,12,1,0.450453,0.444150,0.030078,0.223283
train_172,13,2,0.427059,0.440284,0.034852,0.242615
train_172,14,3,0.406291,0.427622,0.042014,0.248606
train_172,15,4,0.377550,0.419473,0.040586,0.262741
train_172,16,5,0.343729,0.427589,0.049104,0.214048
train_172,17,6,0.305147,0.409836,0.054115,0.229265
train_172,21,8,0.506824,0.444834,0.031567,0.238395
train_172,22,9,0.530124,0.437733,0.023049,0.244481
train_172,23,10,0.553423,0.434183,0.027558,0.247525
train_172,24,11,0.571026,0.452247,0.032700,0.202399
train_172,25,12,0.591939,0.438390,0.029867,0.214996
train_172,26,13,0.624710,0.432092,0.039822,0.212476
train_172,27,14,0.657480,0.424533,0.038993,0.204078
train_172,31,16,0.503584,0.681101,0.021570,0.194840
train_172,32,17,0.524739,0.682360,0.029037,0.204078
train_172,33,18,0.544651,0.690759,0.032355,0.220875
train_172,34,19,0.567258,0.677741,0.037748,0.209957
train_172,35,20,0.586339,0.672702,0.041896,0.214996
train_172,36,21,0.620769,0.657165,0.060978,0.212476
train_172,37,22,0.661213,0.631971,0.067200,0.202399
train_172,38,23,0.698961,0.583261,0.073007,0.177204
train_172,41,24,0.486369,0.683200,0.024474,0.200719
train_172,42,25,0.466251,0.679421,0.030696,0.199879
train_172,43,26,0.443643,0.681940,0.030281,0.214996
train_172,44,27,0.422488,0.673122,0.037748,0.204078
train_172,45,28,0.389510,0.675642,0.063881,0.224234
train_172,46,29,0.351140,0.664304,0.079229,0.221715
train_172,47,30,0.302607,0.633230,0.095822,0.208277
train_173,11,0,0.501213,0.466345,0.033395,0.278214
train_173,12,1,0.474263,0.465732,0.026364,0.286793
train_173,13,2,0.449656,0.447961,0.034566,0.307628
train_173,14,3,0.425050,0.472473,0.038082,0.241445
train_173,15,4,0.397806,0.464506,0.036324,0.252476
train_173,16,5,0.361482,0.461442,0.053900,0.248799
train_173,17,6,0.332775,0.419159,0.063274,0.198549
train_173,18,7,0.304067,0.367683,0.052728,0.115207
train_173,21,8,0.523769,0.471247,0.039839,0.270860
train_173,22,9,0.542810,0.479826,0.041597,0.270860
train_173,23,10,0.562729,0.462668,0.040425,0.305177
train_173,24,11,0.581184,0.460217,0.036324,0.302726
train_173,25,12,0.606377,0.465119,0.036324,0.288018
train_173,26,13,0.638014,0.495147,0.048041,0.213256
train_173,27,14,0.666135,0.425900,0.064446,0.207128
train_173,28,15,0.693378,0.376875,0.075577,0.138494
train_173,31,16,0.515274,0.745171,0.039253,0.232866
train_173,32,17,0.533729,0.734753,0.039839,0.209579
train_173,33,18,0.546618,0.766006,0.049213,0.284342
train_173,34,19,0.569760,0.753138,0.038082,0.248799
train_173,35,20,0.596124,0.748848,0.055658,0.259829
train_173,36,21,0.641529,0.731689,0.112487,0.262281
train_173,37,22,0.686934,0.684503,0.087295,0.241445
train_173,38,23,0.760754,0.684503,0.076749,0.170360
train_173,41,24,0.494768,0.743333,0.035738,0.246348
train_173,42,25,0.475727,0.737205,0.035152,0.243896
train_173,43,26,0.452293,0.759878,0.036324,0.316207
train_173,44,27,0.427393,0.733528,0.041597,0.263506
train_173,45,28,0.391069,0.720046,0.062688,0.253701
train_173,46,29,0.351816,0.694308,0.084951,0.229189
train_173,47,30,0.306704,0.653863,0.068547,0.214482
train_173,48,31,0.268915,0.623223,0.046870,0.126238
train_174,11,0,0.477670,0.400293,0.032064,0.268671
train_174,12,1,0.454239,0.396222,0.027131,0.265957
train_174,13,2,0.433891,0.378582,0.035764,0.275908
train_174,14,3,0.414981,0.374059,0.040697,0.266862
train_174,15,4,0.394427,0.365918,0.035764,0.265053
train_174,16,5,0.357225,0.367727,0.041930,0.248770
train_174,17,6,0.318995,0.363656,0.044396,0.227964
train_174,18,7,0.279943,0.339684,0.056728,0.219822
train_174,21,8,0.511379,0.402555,0.035353,0.267767
train_174,22,9,0.532960,0.391699,0.034119,0.262339
train_174,23,10,0.557214,0.399841,0.032475,0.262339
train_174,24,11,0.580234,0.397127,0.036586,0.251484
train_174,26,13,0.643745,0.393508,0.046863,0.235200
train_174,27,14,0.681153,0.367275,0.045218,0.220727
train_174,28,15,0.722672,0.366370,0.040285,0.215299
train_174,31,16,0.508296,0.663989,0.026720,0.217108
train_174,32,17,0.531316,0.674844,0.030009,0.242437
train_174,33,18,0.554747,0.677106,0.036586,0.268671
train_174,34,19,0.579617,0.674392,0.038641,0.237914
train_174,36,21,0.651967,0.648611,0.087970,0.260530
train_174,37,22,0.704379,0.609260,0.094136,0.250579
train_174,41,24,0.487125,0.671678,0.027953,0.230677
train_174,42,25,0.466571,0.673940,0.034530,0.238819
train_174,43,26,0.439646,0.667155,0.034119,0.236105
train_174,44,27,0.408610,0.672583,0.042752,0.261434
train_174,45,28,0.368735,0.650420,0.055084,0.229773
train_174,46,29,0.320228,0.621472,0.099480,0.235200
train_174,47,30,0.271310,0.566743,0.102769,0.210776
train_175,11,0,0.511592,0.450243,0.051543,0.254440
train_175,12,1,0.481159,0.461761,0.040028,0.237686
train_175,13,2,0.449356,0.461237,0.042221,0.245016
train_175,15,4,0.383008,0.465426,0.045511,0.226169
train_175,21,8,0.553813,0.462284,0.039480,0.230357
train_175,22,9,0.585616,0.462808,0.031803,0.210462
train_175,24,11,0.641272,0.470661,0.038931,0.213604
train_175,25,12,0.672801,0.474326,0.037835,0.225121
train_175,27,14,0.739697,0.506262,0.059768,0.180097
train_175,31,16,0.554361,0.686882,0.045511,0.205227
train_175,32,17,0.580407,0.679029,0.036190,0.206274
train_175,33,18,0.607001,0.677982,0.034545,0.204180
train_175,34,19,0.637708,0.686359,0.035641,0.197897
train_175,35,20,0.672252,0.696829,0.037835,0.183238
train_175,37,22,0.792062,0.637146,0.095958,0.158109
train_175,41,24,0.524477,0.677982,0.031255,0.170673
train_175,42,25,0.494593,0.674841,0.033996,0.185333
train_175,43,26,0.467725,0.676935,0.036738,0.197897
train_175,44,27,0.435648,0.690547,0.043866,0.214651
train_175,45,28,0.403297,0.685312,0.041673,0.208368
train_175,46,29,0.351205,0.690023,0.071283,0.215698
train_176,11,0,0.482111,0.517768,0.031060,0.228533
train_176,12,1,0.459604,0.534995,0.031060,0.177647
train_176,13,2,0.436529,0.510046,0.038731,0.217509
train_176,14,3,0.420656,0.501143,0.040744,0.199704
train_176,15,4,0.403037,0.503655,0.051756,0.192168
train_176,16,5,0.370001,0.459695,0.055060,0.214776
train_176,17,6,0.356512,0.379939,0.053408,0.130624
train_176,21,8,0.511804,0.514832,0.032536,0.227374
train_176,22,9,0.536851,0.521901,0.028921,0.189675
train_176,23,10,0.552861,0.504818,0.042349,0.226196
train_176,24,11,0.572228,0.500695,0.038734,0.189675
train_176,25,12,0.595469,0.495394,0.046997,0.179072
train_176,26,13,0.623357,0.463585,0.058359,0.183785
train_176,27,14,0.632911,0.361679,0.066106,0.121345
train_176,31,16,0.510921,0.728046,0.022057,0.178674
train_176,32,17,0.531402,0.725479,0.025208,0.183808
train_176,33,18,0.551659,0.722398,0.027909,0.202292
train_176,34,19,0.570115,0.710076,0.045015,0.216668
train_176,35,20,0.609729,0.676189,0.075625,0.196131
train_176,36,21,0.646298,0.649092,0.079075,0.215891
train_176,37,22,0.698444,0.610743,0.067556,0.170440
train_176,41,24,0.491573,0.730762,0.019924,0.183223
train_176,42,25,0.475073,0.732892,0.023038,0.196006
train_176,43,26,0.454214,0.729341,0.028641,0.214470
train_176,44,27,0.429931,0.720819,0.024906,0.205948
train_176,45,28,0.394130,0.696674,0.096509,0.194586
train_176,46,29,0.362375,0.665426,0.070358,0.222992
train_176,47,30,0.293262,0.621396,0.079075,0.157657
train_177,11,0,0.471901,0.429108,0.035189,0.326301
train_177,12,1,0.442752,0.427990,0.030462,0.290542
train_177,13,2,0.424370,0.396142,0.030462,0.381057
train_177,14,3,0.404149,0.436371,0.036239,0.349768
train_177,15,4,0.382878,0.472130,0.034664,0.291659
train_177,16,5,0.353729,0.433019,0.042542,0.251430
train_177,17,6,0.314338,0.449222,0.053046,0.301716
train_177,21,8,0.506303,0.419051,0.038866,0.324066
train_177,22,9,0.540179,0.419609,0.038340,0.302834
train_177,23,10,0.571429,0.420727,0.039916,0.305069
train_177,24,11,0.590074,0.431901,0.050945,0.320713
train_177,25,12,0.620273,0.434136,0.044118,0.334123
train_177,26,13,0.655725,0.444752,0.048845,0.308421
train_177,27,14,0.695903,0.439165,0.043067,0.295012
train_177,28,15,0.728992,0.378822,0.069328,0.245843
train_177,31,16,0.539916,0.744793,0.030462,0.255900
train_177,32,17,0.557773,0.725237,0.037815,0.274897
train_177,33,18,0.584034,0.728589,0.037815,0.301716
train_177,34,19,0.608981,0.729148,0.034139,0.260370
train_177,35,20,0.632353,0.715180,0.043067,0.223494
train_177,36,21,0.670168,0.731942,0.064076,0.248078
train_177,37,22,0.719538,0.687802,0.076681,0.211202
train_177,38,23,0.748950,0.661541,0.055672,0.214554
train_177,41,24,0.527311,0.733618,0.028361,0.271545
train_177,42,25,0.502101,0.744234,0.031513,0.290542
train_177,43,26,0.482405,0.755409,0.041492,0.290542
train_177,44,27,0.463761,0.764907,0.048319,0.276015
train_177,45,28,0.438550,0.750939,0.048319,0.248078
train_177,46,29,0.398634,0.762113,0.072479,0.265957
train_177,47,30,0.343487,0.736970,0.087185,0.249195
train_177,48,31,0.297532,0.702329,0.071954,0.249195
train_178,11,0,0.481810,0.417933,0.027128,0.245332
train_178,12,1,0.455166,0.411420,0.022284,0.240990
train_178,13,2,0.433852,0.413591,0.024221,0.240990
train_178,14,3,0.415928,0.413591,0.023252,0.245332
train_178,15,4,0.390253,0.415762,0.028097,0.219279
train_178,16,5,0.362641,0.416848,0.027128,0.234477
train_178,17,6,0.329700,0.408163,0.032941,0.199739
train_178,21,8,0.518142,0.427703,0.039723,0.243161
train_178,22,9,0.546238,0.430960,0.031972,0.227964
train_178,23,10,0.572882,0.446157,0.042629,0.232306
train_178,24,11,0.590806,0.465697,0.041661,0.232306
train_178,25,12,0.614058,0.459184,0.031972,0.214937
train_178,26,13,0.635373,0.470039,0.028097,0.206253
train_178,27,14,0.672674,0.499349,0.042629,0.221450
train_178,31,16,0.510875,0.664351,0.019377,0.178029
train_178,32,17,0.532190,0.667607,0.019377,0.201911
train_178,33,18,0.553989,0.680634,0.020346,0.201911
train_178,34,19,0.576757,0.707772,0.027128,0.234477
train_178,35,20,0.600979,0.707772,0.025190,0.230135
train_178,36,21,0.636342,0.705601,0.043598,0.217108
train_178,38,23,0.719178,0.631785,0.063944,0.143291
train_178,41,24,0.490045,0.652410,0.016470,0.154147
train_178,42,25,0.475028,0.643726,0.025190,0.184542
train_178,43,26,0.450322,0.654581,0.026159,0.188884
train_178,44,27,0.426585,0.656752,0.027128,0.188884
train_178,45,28,0.403333,0.652410,0.029066,0.201911
train_178,46,29,0.367485,0.649153,0.056193,0.204082
train_178,47,30,0.329216,0.626357,0.057162,0.206253
train_178,48,31,0.289493,0.582935,0.059100,0.201911
train_179,11,0,0.474106,0.469798,0.033575,0.237613
train_179,12,1,0.449793,0.460752,0.030102,0.219520
train_179,13,2,0.425191,0.445072,0.038785,0.277416
train_179,14,3,0.402325,0.468592,0.037049,0.235200
train_179,15,4,0.380906,0.467989,0.038206,0.231582
train_179,16,5,0.350225,0.439041,0.049784,0.272591
train_179,17,6,0.310572,0.440247,0.054994,0.258117
train_179,18,7,0.280180,0.418536,0.057888,0.250880
train_179,21,8,0.507971,0.455927,0.036470,0.255705
train_179,22,9,0.536915,0.462561,0.026050,0.220727
train_179,23,10,0.552256,0.464973,0.042837,0.230376
train_179,25,12,0.596830,0.457736,0.048626,0.230376
train_179,26,13,0.625195,0.477638,0.059046,0.221933
train_179,27,14,0.668901,0.463164,0.053836,0.233994
train_179,31,16,0.507392,0.703189,0.026050,0.200222
train_179,32,17,0.529969,0.703189,0.028365,0.231582
train_179,33,18,0.550809,0.718869,0.032996,0.262942
train_179,34,19,0.575122,0.693540,0.037627,0.241231
train_179,35,20,0.602619,0.685097,0.039364,0.214696
train_179,37,22,0.689741,0.668814,0.096674,0.162831
train_179,38,23,0.728816,0.629614,0.082202,0.200222
train_179,41,24,0.483948,0.706204,0.025471,0.223139
train_179,42,25,0.463687,0.713441,0.030102,0.237613
train_179,43,26,0.439084,0.727312,0.035312,0.253293
train_179,44,27,0.416218,0.715854,0.038206,0.240025
train_179,45,28,0.393352,0.710426,0.051521,0.229170
train_179,46,29,0.356593,0.699571,0.075255,0.243644
train_179,47,30,0.309124,0.679669,0.081044,0.220727
train_179,48,31,0.266576,0.632629,0.079307,0.199016
train_18,11,0,0.486121,0.556231,0.033563,0.224164
train_18,12,1,0.462536,0.550532,0.029935,0.205167
train_18,13,2,0.439858,0.549582,0.028120,0.218465
train_18,14,3,0.420356,0.536284,0.038099,0.207067
train_18,15,4,0.399946,0.535334,0.026306,0.205167
train_18,16,5,0.371825,0.531535,0.048077,0.220365
train_18,17,6,0.335087,0.510638,0.048984,0.212766
train_18,18,7,0.307420,0.444149,0.048077,0.125380
train_18,21,8,0.518324,0.556231,0.032656,0.220365
train_18,22,9,0.546898,0.552432,0.029935,0.220365
train_18,23,10,0.574565,0.546733,0.027213,0.216565
train_18,24,11,0.599964,0.541983,0.029028,0.214666
train_18,25,12,0.622642,0.538184,0.029028,0.207067
train_18,26,13,0.658019,0.537234,0.043541,0.212766
train_18,27,14,0.698385,0.520137,0.051705,0.205167
train_18,28,15,0.726052,0.471695,0.041727,0.123480
train_18,31,16,0.510160,0.800342,0.021771,0.237462
train_18,32,17,0.530116,0.795593,0.023585,0.235562
train_18,33,18,0.555062,0.799392,0.028120,0.265957
train_18,34,19,0.584543,0.799392,0.032656,0.269757
train_18,35,20,0.616292,0.783245,0.045356,0.252660
train_18,36,21,0.665276,0.780395,0.076197,0.235562
train_18,37,22,0.703374,0.731953,0.088897,0.222264
train_18,38,23,0.750091,0.715805,0.069848,0.144377
train_18,41,24,0.491110,0.801292,0.025399,0.239362
train_18,42,25,0.475236,0.797492,0.031749,0.246960
train_18,43,26,0.454826,0.791793,0.025399,0.250760
train_18,44,27,0.432602,0.790843,0.028120,0.245061
train_18,45,28,0.398131,0.786094,0.055334,0.239362
train_18,47,30,0.328737,0.742401,0.101597,0.231763
train_18,48,31,0.277939,0.702508,0.076197,0.144377
train_180,11,0,0.481211,0.365827,0.028269,0.254017
train_180,12,1,0.453429,0.358228,0.031194,0.256188
train_180,13,2,0.425647,0.353886,0.034118,0.243161
train_180,14,3,0.403227,0.348459,0.022420,0.227964
train_180,15,4,0.380319,0.341945,0.031194,0.201911
train_180,16,5,0.344251,0.313721,0.040942,0.258359
train_180,17,6,0.307696,0.314807,0.053614,0.238819
train_180,18,7,0.282351,0.293096,0.065312,0.208424
train_180,21,8,0.511430,0.375597,0.030219,0.260530
train_180,22,9,0.539211,0.358228,0.031194,0.269214
train_180,23,10,0.570405,0.341945,0.035093,0.284412
train_180,24,11,0.599162,0.344116,0.034118,0.249674
train_180,25,12,0.620607,0.321320,0.041916,0.260530
train_180,26,13,0.655213,0.316978,0.050690,0.260530
train_180,27,14,0.694692,0.321320,0.045816,0.243161
train_180,28,15,0.721499,0.309379,0.050690,0.180200
train_180,31,16,0.506068,0.637212,0.029244,0.214937
train_180,32,17,0.527514,0.643726,0.027294,0.214937
train_180,33,18,0.554808,0.650239,0.033143,0.245332
train_180,34,19,0.589901,0.651324,0.038992,0.247503
train_180,35,20,0.613784,0.631785,0.043866,0.212766
train_180,36,21,0.650826,0.606817,0.057513,0.210595
train_180,37,22,0.691768,0.585106,0.059463,0.232306
train_180,38,23,0.740508,0.519974,0.069211,0.180200
train_180,41,24,0.490959,0.670864,0.036068,0.251845
train_180,42,25,0.466101,0.677377,0.019496,0.269214
train_180,43,26,0.438807,0.658923,0.031194,0.249674
train_180,44,27,0.410538,0.643726,0.025345,0.232306
train_180,45,28,0.391529,0.622015,0.036068,0.236648
train_180,46,29,0.341327,0.604646,0.064337,0.227964
train_180,47,30,0.303309,0.562310,0.062387,0.208424
train_180,48,31,0.259443,0.541685,0.058488,0.193226
train_181,11,0,0.504152,0.408426,0.045011,0.291344
train_181,12,1,0.454704,0.418702,0.038671,0.249033
train_181,13,2,0.418569,0.399964,0.045011,0.301015
train_181,15,4,0.365633,0.423537,0.039305,0.239362
train_181,16,5,0.321573,0.438044,0.071637,0.224855
train_181,17,6,0.273710,0.445902,0.058324,0.226064
train_181,21,8,0.560257,0.437440,0.059592,0.242988
train_181,22,9,0.606853,0.430186,0.061494,0.240571
train_181,23,10,0.641404,0.422933,0.062128,0.279255
train_181,24,11,0.660739,0.447111,0.037403,0.216393
train_181,25,12,0.690852,0.424746,0.038037,0.239362
train_181,26,13,0.733010,0.451946,0.074173,0.204304
train_181,27,14,0.778972,0.454969,0.069735,0.200677
train_181,31,16,0.530462,0.680428,0.025358,0.228482
train_181,32,17,0.557405,0.674988,0.029796,0.212766
train_181,33,18,0.587517,0.691308,0.034234,0.262331
train_181,34,19,0.620166,0.689495,0.033600,0.251451
train_181,35,20,0.651230,0.699770,0.036135,0.240571
train_181,36,21,0.701312,0.679824,0.077976,0.229691
train_181,37,22,0.749176,0.677406,0.071003,0.215184
train_181,38,23,0.794821,0.634490,0.067199,0.177708
train_181,41,24,0.505737,0.674988,0.038037,0.203095
train_181,42,25,0.477526,0.679824,0.043743,0.234526
train_181,43,26,0.442976,0.700375,0.046913,0.278046
train_181,44,27,0.420470,0.689495,0.036135,0.239362
train_181,45,28,0.387188,0.684659,0.041841,0.246615
train_181,46,29,0.347566,0.685868,0.064029,0.239362
train_181,47,30,0.293362,0.679824,0.067199,0.220019
train_181,48,31,0.239476,0.652623,0.084950,0.204304
train_182,11,0,0.505676,0.397717,0.039710,0.241947
train_182,12,1,0.479525,0.404181,0.031962,0.232713
train_182,13,2,0.452406,0.396794,0.043584,0.273345
train_182,14,3,0.429161,0.393100,0.028088,0.280733
train_182,15,4,0.400589,0.396794,0.034868,0.258570
train_182,16,5,0.366206,0.394947,0.053270,0.251182
train_182,17,6,0.313904,0.385712,0.057144,0.258570
train_182,21,8,0.541996,0.392176,0.036805,0.271498
train_182,22,9,0.570568,0.382018,0.030025,0.258570
train_182,23,10,0.596719,0.376478,0.030025,0.284427
train_182,24,11,0.633039,0.375554,0.044553,0.260417
train_182,25,12,0.663548,0.365396,0.047459,0.269651
train_182,26,13,0.710522,0.352467,0.054238,0.247488
train_182,31,16,0.526984,0.690455,0.028088,0.199468
train_182,32,17,0.556040,0.693225,0.045521,0.249335
train_182,33,18,0.589455,0.707077,0.060050,0.269651
train_182,34,19,0.618511,0.682144,0.061987,0.253029
train_182,35,20,0.655800,0.678450,0.084263,0.271498
train_182,36,21,0.689699,0.632277,0.088137,0.212397
train_182,37,22,0.753622,0.611037,0.101697,0.247488
train_182,41,24,0.504707,0.697843,0.033899,0.210550
train_182,42,25,0.483399,0.693225,0.035836,0.230866
train_182,43,26,0.457249,0.721853,0.039710,0.280733
train_182,44,27,0.426740,0.701537,0.050364,0.273345
train_182,45,28,0.392356,0.686761,0.057144,0.262264
train_182,46,29,0.347803,0.662751,0.082326,0.240100
train_182,47,30,0.288722,0.649823,0.090074,0.236407
train_183,11,0,0.472201,0.426665,0.039296,0.270623
train_183,12,1,0.450018,0.427998,0.048170,0.254626
train_183,14,3,0.381249,0.407335,0.041198,0.277289
train_183,15,4,0.350510,0.398003,0.041831,0.301285
train_183,21,8,0.503258,0.419999,0.030423,0.294620
train_183,22,9,0.534631,0.439996,0.038662,0.241295
train_183,23,10,0.562519,0.423999,0.042465,0.286621
train_183,24,11,0.583435,0.444662,0.038662,0.242628
train_183,25,12,0.607836,0.437997,0.034226,0.245294
train_183,26,13,0.645865,0.424665,0.053240,0.266624
train_183,27,14,0.690549,0.433331,0.053874,0.225297
train_183,31,16,0.502307,0.704621,0.020916,0.223964
train_183,32,17,0.519103,0.707287,0.035493,0.213299
train_183,33,18,0.550794,0.718618,0.048170,0.217299
train_183,34,19,0.569491,0.707953,0.045001,0.241295
train_183,35,20,0.595477,0.712619,0.057677,0.250627
train_183,36,21,0.648083,0.694622,0.099508,0.230630
train_183,37,22,0.693401,0.663960,0.086198,0.222631
train_183,41,24,0.483293,0.725951,0.020916,0.250627
train_183,42,25,0.464278,0.729283,0.034860,0.259958
train_183,43,26,0.428785,0.727284,0.052606,0.279955
train_183,44,27,0.405334,0.709287,0.047536,0.251960
train_183,45,28,0.388855,0.695955,0.065282,0.254626
train_183,47,30,0.310263,0.649963,0.084297,0.194636
train_183,48,31,0.279840,0.611302,0.070353,0.213299
train_184,11,0,0.493536,0.512724,0.032363,0.260418
train_184,12,1,0.472896,0.509280,0.032699,0.241437
train_184,13,2,0.454812,0.506586,0.032203,0.233892
train_184,14,3,0.439206,0.490957,0.040626,0.226347
train_184,15,4,0.416416,0.483412,0.041617,0.204790
train_184,16,5,0.389910,0.480717,0.063912,0.192934
train_184,17,6,0.344825,0.453232,0.064902,0.163832
train_184,21,8,0.518724,0.510358,0.028735,0.267305
train_184,22,9,0.541762,0.513592,0.023286,0.256526
train_184,23,10,0.562570,0.514131,0.025267,0.242514
train_184,24,11,0.577929,0.514131,0.039140,0.223113
train_184,25,12,0.604187,0.508202,0.037158,0.230658
train_184,26,13,0.634904,0.497424,0.049048,0.219880
train_184,27,14,0.669833,0.466705,0.049544,0.203712
train_184,31,16,0.524758,0.774955,0.024949,0.205047
train_184,32,17,0.544717,0.778875,0.027167,0.232185
train_184,33,18,0.576873,0.771337,0.052670,0.227964
train_184,34,19,0.605980,0.767115,0.067085,0.233994
train_184,35,20,0.645898,0.732137,0.085935,0.231582
train_184,36,21,0.691360,0.678463,0.087044,0.215902
train_184,41,24,0.505630,0.777971,0.023286,0.208837
train_184,42,25,0.484721,0.769700,0.028988,0.204702
train_184,43,26,0.468088,0.764531,0.028988,0.210905
train_184,44,27,0.448604,0.759361,0.031839,0.231582
train_184,45,28,0.411775,0.733515,0.064629,0.248124
train_184,46,29,0.359501,0.694229,0.083163,0.215040
train_184,47,30,0.316256,0.640986,0.116428,0.216074
train_185,11,0,0.475184,0.398313,0.035491,0.292117
train_185,12,1,0.456031,0.384611,0.020844,0.298346
train_185,13,2,0.437590,0.379240,0.024488,0.304104
train_185,14,3,0.423066,0.378388,0.025598,0.294647
train_185,15,4,0.409821,0.391812,0.035707,0.276643
train_185,16,5,0.384182,0.386766,0.034364,0.230932
train_185,17,6,0.357066,0.373706,0.047788,0.210748
train_185,18,7,0.342703,0.303061,0.047519,0.165630
train_185,21,8,0.508081,0.405763,0.034096,0.276050
train_185,22,9,0.528282,0.395667,0.024546,0.277416
train_185,23,10,0.551192,0.389034,0.027819,0.285859
train_185,24,11,0.569192,0.379384,0.034364,0.285859
train_185,25,12,0.590193,0.376972,0.031637,0.252087
train_185,26,13,0.618284,0.366117,0.040910,0.252087
train_185,27,14,0.647194,0.363053,0.055365,0.208967
train_185,28,15,0.667439,0.270464,0.055707,0.179112
train_185,31,16,0.511307,0.668877,0.023279,0.200387
train_185,32,17,0.527658,0.678375,0.019399,0.223061
train_185,33,18,0.550696,0.696688,0.030199,0.289102
train_185,34,19,0.578796,0.686502,0.043736,0.269840
train_185,35,20,0.603647,0.674157,0.060492,0.274435
train_185,36,21,0.636733,0.638989,0.090881,0.260619
train_185,37,22,0.689494,0.591185,0.110457,0.209509
train_185,38,23,0.715268,0.554277,0.067747,0.194312
train_185,41,24,0.494845,0.673686,0.020619,0.192141
train_185,42,25,0.482327,0.678571,0.027982,0.210595
train_185,43,26,0.462936,0.705167,0.028473,0.281155
train_185,44,27,0.440108,0.698111,0.027000,0.273556
train_185,45,28,0.423362,0.707166,0.043033,0.290260
train_185,46,29,0.391629,0.669514,0.071205,0.275199
train_185,47,30,0.349834,0.633574,0.078016,0.252608
train_185,48,31,0.318566,0.607903,0.052011,0.205373
train_186,11,0,0.500698,0.355876,0.044196,0.357143
train_186,12,1,0.477727,0.341312,0.037799,0.373607
train_186,13,2,0.449232,0.353343,0.042452,0.354610
train_186,14,3,0.430333,0.341945,0.047686,0.344478
train_186,15,4,0.400965,0.371074,0.051756,0.278622
train_186,17,6,0.339032,0.347011,0.066294,0.268490
train_186,18,7,0.294545,0.353343,0.052919,0.227964
train_186,21,8,0.528574,0.364984,0.031180,0.337095
train_186,22,9,0.555300,0.354071,0.030438,0.323353
train_186,23,10,0.580170,0.347200,0.038604,0.353263
train_186,24,11,0.603183,0.346796,0.048997,0.310418
train_186,25,12,0.627125,0.348817,0.050853,0.275658
train_186,27,14,0.681504,0.342349,0.058648,0.236856
train_186,28,15,0.723263,0.337499,0.047883,0.225538
train_186,31,16,0.518181,0.666915,0.029695,0.253832
train_186,32,17,0.540081,0.674190,0.041573,0.281317
train_186,33,18,0.565508,0.664085,0.052338,0.288592
train_186,34,19,0.591676,0.643876,0.056421,0.253023
train_186,35,20,0.626568,0.632558,0.069041,0.256257
train_186,36,21,0.664801,0.607094,0.092055,0.263532
train_186,37,22,0.709715,0.556571,0.088343,0.209371
train_186,38,23,0.751102,0.494325,0.064216,0.154401
train_186,41,24,0.499621,0.671765,0.030438,0.260299
train_186,42,25,0.477164,0.682678,0.024870,0.280508
train_186,43,26,0.454522,0.685507,0.036748,0.286167
train_186,44,27,0.427611,0.667319,0.049739,0.269191
train_186,45,28,0.399029,0.650747,0.057163,0.266766
train_186,46,29,0.361168,0.618412,0.056421,0.166527
train_186,47,30,0.307531,0.588097,0.097623,0.256257
train_186,48,31,0.266329,0.546062,0.085002,0.210988
train_187,11,0,0.476542,0.476215,0.036947,0.217635
train_187,12,1,0.450201,0.474740,0.026684,0.227964
train_187,13,2,0.425912,0.467731,0.032157,0.236079
train_187,14,3,0.405215,0.470313,0.030447,0.233865
train_187,15,4,0.385886,0.470682,0.032157,0.222799
train_187,16,5,0.352703,0.458878,0.049946,0.215422
train_187,17,6,0.314730,0.446336,0.047210,0.191814
train_187,21,8,0.511436,0.476215,0.034894,0.222062
train_187,22,9,0.538462,0.470313,0.026684,0.225013
train_187,23,10,0.565317,0.450394,0.031131,0.253047
train_187,24,11,0.588922,0.448550,0.036604,0.246407
train_187,25,12,0.615263,0.451132,0.035920,0.238292
train_187,26,13,0.651354,0.449656,0.047894,0.226488
train_187,27,14,0.692235,0.434164,0.049604,0.211733
train_187,31,16,0.507502,0.687579,0.020184,0.177059
train_187,32,17,0.528199,0.693112,0.023947,0.192552
train_187,33,18,0.555054,0.722991,0.037973,0.267064
train_187,34,19,0.575409,0.700859,0.037631,0.228701
train_187,35,20,0.615092,0.701228,0.064999,0.236816
train_187,37,22,0.684367,0.652905,0.089288,0.197716
train_187,38,23,0.727655,0.600898,0.078543,0.151551
train_187,41,24,0.489270,0.694716,0.018701,0.188908
train_187,42,25,0.472045,0.702994,0.028740,0.203766
train_187,43,26,0.450392,0.724219,0.031102,0.248765
train_187,44,27,0.427656,0.722521,0.030118,0.246218
train_187,45,28,0.399998,0.709998,0.054330,0.232209
train_187,46,29,0.371160,0.686225,0.081299,0.208436
train_187,47,30,0.323129,0.652090,0.097834,0.202842
train_187,48,31,0.284665,0.608784,0.091400,0.200871
train_188,11,0,0.480587,0.501396,0.025283,0.234724
train_188,12,1,0.462059,0.494278,0.022192,0.228677
train_188,13,2,0.448427,0.483268,0.026630,0.222282
train_188,14,3,0.437331,0.469420,0.026630,0.210209
train_188,15,4,0.424650,0.455217,0.033604,0.220152
train_188,16,5,0.407126,0.436631,0.037977,0.223469
train_188,17,6,0.374287,0.421253,0.044789,0.194027
train_188,21,8,0.506119,0.498080,0.026327,0.240061
train_188,22,9,0.523333,0.494488,0.027677,0.225317
train_188,23,10,0.544344,0.481634,0.029871,0.216244
train_188,24,11,0.559384,0.461926,0.030237,0.218528
train_188,25,12,0.577314,0.452761,0.031312,0.214812
train_188,26,13,0.599385,0.426214,0.044576,0.235757
train_188,27,14,0.629175,0.405025,0.045011,0.218709
train_188,31,16,0.515995,0.741125,0.028268,0.192405
train_188,32,17,0.536435,0.733818,0.032617,0.196302
train_188,33,18,0.557201,0.725051,0.038488,0.216760
train_188,34,19,0.578076,0.721884,0.045011,0.233809
train_188,35,20,0.603517,0.702888,0.058927,0.228938
train_188,36,21,0.633415,0.662702,0.086108,0.214812
train_188,37,22,0.672881,0.601814,0.099372,0.171947
train_188,41,24,0.494251,0.738202,0.020875,0.190457
train_188,42,25,0.478486,0.747457,0.027181,0.212863
train_188,43,26,0.460982,0.736741,0.019570,0.222605
train_188,44,27,0.443695,0.727486,0.025876,0.229425
train_188,45,28,0.423581,0.721397,0.048708,0.237706
train_188,46,29,0.387268,0.674392,0.092631,0.217734
train_188,47,30,0.357805,0.623003,0.093284,0.189970
train_189,11,0,0.482142,0.257668,0.039333,0.396518
train_189,12,1,0.450739,0.240398,0.031085,0.397900
train_189,13,2,0.422508,0.232108,0.034257,0.414479
train_189,14,3,0.400939,0.232108,0.045677,0.373031
train_189,15,4,0.374611,0.236944,0.034892,0.352307
train_189,16,5,0.334962,0.268030,0.052021,0.301188
train_189,17,6,0.287065,0.255595,0.046311,0.298425
train_189,18,7,0.249001,0.244543,0.042505,0.281846
train_189,21,8,0.516532,0.267881,0.034008,0.387634
train_189,22,9,0.539719,0.256820,0.030917,0.363587
train_189,23,10,0.566440,0.246720,0.038425,0.385710
train_189,24,11,0.588965,0.259224,0.044609,0.337617
train_189,25,12,0.617674,0.286638,0.041075,0.282790
train_189,26,13,0.656320,0.289523,0.058300,0.265477
train_189,27,14,0.713074,0.271729,0.059625,0.270286
train_189,31,16,0.511673,0.584337,0.024292,0.231811
train_189,32,17,0.531107,0.595879,0.027825,0.291447
train_189,33,18,0.554515,0.608865,0.037542,0.336655
train_189,34,19,0.577924,0.608384,0.041075,0.289523
train_189,35,20,0.605307,0.607422,0.045492,0.293371
train_189,36,21,0.656982,0.594437,0.094959,0.278943
train_189,37,22,0.700266,0.568466,0.079942,0.257782
train_189,38,23,0.753487,0.529991,0.089217,0.234697
train_189,41,24,0.493565,0.564619,0.026058,0.194298
train_189,43,26,0.460219,0.606460,0.060950,0.310684
train_189,44,27,0.435044,0.605979,0.053884,0.296256
train_189,45,28,0.402581,0.611269,0.059625,0.281828
train_189,46,29,0.356427,0.597803,0.105117,0.277981
train_189,47,30,0.307843,0.573275,0.103350,0.259705
train_189,48,31,0.266768,0.533839,0.090984,0.213535
train_19,11,0,0.479294,0.447262,0.030680,0.230630
train_19,12,1,0.453623,0.450595,0.024419,0.234629
train_19,13,2,0.430144,0.451261,0.032558,0.233296
train_19,14,3,0.409169,0.445262,0.041950,0.229297
train_19,15,4,0.381620,0.434597,0.041950,0.247960
train_19,16,5,0.346557,0.433931,0.055725,0.222631
train_19,17,6,0.297407,0.412601,0.051342,0.238628
train_19,18,7,0.261092,0.399936,0.058855,0.231963
train_19,21,8,0.510600,0.440596,0.034437,0.249293
train_19,22,9,0.540654,0.441263,0.026923,0.239962
train_19,23,10,0.569455,0.423266,0.033184,0.270623
train_19,24,11,0.595126,0.439263,0.043202,0.227964
train_19,25,12,0.625180,0.433264,0.040698,0.221298
train_19,26,13,0.662121,0.427265,0.053220,0.217299
train_19,27,14,0.706262,0.416600,0.052594,0.211966
train_19,28,15,0.744769,0.397270,0.049463,0.207967
train_19,31,16,0.501521,0.667893,0.021288,0.186637
train_19,32,17,0.519366,0.672559,0.024419,0.209300
train_19,33,18,0.544411,0.677892,0.031932,0.217299
train_19,34,19,0.570708,0.672559,0.043202,0.219965
train_19,35,20,0.606396,0.676558,0.058229,0.230630
train_19,36,21,0.645216,0.661228,0.075760,0.221298
train_19,37,22,0.698436,0.639898,0.074508,0.218632
train_19,41,24,0.483990,0.669226,0.022540,0.199968
train_19,42,25,0.467711,0.675892,0.028801,0.210633
train_19,43,26,0.447362,0.680558,0.031932,0.217299
train_19,44,27,0.423257,0.680558,0.033810,0.225297
train_19,45,28,0.393829,0.687223,0.056351,0.254626
train_19,46,29,0.358140,0.673226,0.081395,0.239962
train_19,47,30,0.306798,0.647896,0.082648,0.215965
train_19,48,31,0.249822,0.621234,0.086404,0.210633
train_190,11,0,0.478451,0.487287,0.030084,0.176620
train_190,12,1,0.449338,0.483180,0.022320,0.193050
train_190,13,2,0.426047,0.475992,0.024261,0.199211
train_190,14,3,0.403241,0.486261,0.023291,0.190996
train_190,15,4,0.379951,0.465723,0.032995,0.211534
train_190,16,5,0.335310,0.488314,0.060168,0.232071
train_190,17,6,0.297462,0.468804,0.038818,0.217695
train_190,21,8,0.512902,0.486261,0.032995,0.166352
train_190,22,9,0.542016,0.480099,0.029113,0.178674
train_190,23,10,0.573070,0.484207,0.034936,0.215641
train_190,24,11,0.600243,0.484207,0.023291,0.190996
train_190,25,12,0.623048,0.477019,0.026202,0.197158
train_190,26,13,0.654588,0.465723,0.032995,0.199211
train_190,27,14,0.706507,0.462643,0.033966,0.180728
train_190,31,16,0.507565,0.715251,0.022320,0.213587
train_190,32,17,0.533282,0.693687,0.017468,0.199211
train_190,33,18,0.559969,0.704982,0.026202,0.209480
train_190,34,19,0.590053,0.704982,0.028143,0.193050
train_190,35,20,0.615350,0.712956,0.042190,0.199468
train_190,37,22,0.674285,0.695581,0.061456,0.189970
train_190,38,23,0.718823,0.653203,0.067670,0.151976
train_190,41,24,0.483704,0.725538,0.022787,0.232347
train_190,42,25,0.465060,0.718231,0.033835,0.206044
train_190,43,26,0.441928,0.728460,0.034526,0.211889
train_190,44,27,0.413962,0.735036,0.028311,0.198737
train_190,45,28,0.379782,0.736498,0.048336,0.216273
train_190,46,29,0.341804,0.724076,0.064908,0.214812
train_190,47,30,0.293813,0.684621,0.068361,0.141747
train_191,11,0,0.478488,0.469061,0.033119,0.238283
train_191,12,1,0.454084,0.459680,0.031376,0.230778
train_191,13,2,0.429244,0.436227,0.039220,0.281436
train_191,14,3,0.408763,0.424031,0.043578,0.257045
train_191,15,4,0.385666,0.421217,0.042707,0.228902
train_191,16,5,0.357776,0.412773,0.058395,0.234530
train_191,17,6,0.319863,0.389320,0.067982,0.198882
train_191,21,8,0.509864,0.469061,0.034862,0.242035
train_191,22,9,0.534703,0.450298,0.035734,0.264550
train_191,23,10,0.559979,0.437165,0.033991,0.268303
train_191,24,11,0.582204,0.447484,0.047064,0.213892
train_191,25,12,0.607915,0.434350,0.053165,0.240159
train_191,26,13,0.641252,0.438103,0.056216,0.195129
train_191,27,14,0.681562,0.410897,0.047064,0.204510
train_191,31,16,0.510735,0.708282,0.022661,0.206387
train_191,32,17,0.533396,0.707344,0.027890,0.219520
train_191,33,18,0.553006,0.712972,0.032248,0.242035
train_191,34,19,0.581768,0.712034,0.033991,0.247664
train_191,35,20,0.613144,0.708282,0.063624,0.251417
train_191,36,21,0.652800,0.675447,0.095872,0.230778
train_191,37,22,0.694199,0.624789,0.098487,0.208263
train_191,41,24,0.492868,0.713910,0.021789,0.217644
train_191,42,25,0.470644,0.714849,0.027890,0.238283
train_191,43,26,0.447983,0.712034,0.029633,0.251417
train_191,44,27,0.423143,0.706405,0.032248,0.247664
train_191,45,28,0.392203,0.681076,0.054037,0.242035
train_191,46,29,0.347318,0.662314,0.101973,0.230778
train_191,47,30,0.303304,0.611655,0.099358,0.223273
train_192,11,0,0.486673,0.396222,0.027810,0.271385
train_192,12,1,0.466350,0.389588,0.021392,0.284653
train_192,13,2,0.458595,0.392604,0.028345,0.271385
train_192,14,3,0.427309,0.395016,0.031019,0.240025
train_192,15,4,0.409126,0.397428,0.026740,0.213490
train_192,16,5,0.385594,0.390795,0.042784,0.219520
train_192,17,6,0.360191,0.390192,0.039041,0.206253
train_192,21,8,0.511006,0.391398,0.030484,0.278622
train_192,22,9,0.535607,0.408887,0.024066,0.238819
train_192,23,10,0.551384,0.393810,0.031019,0.254499
train_192,24,11,0.567428,0.379336,0.037436,0.266561
train_192,25,12,0.585879,0.367878,0.033693,0.262942
train_192,26,13,0.606264,0.379939,0.046430,0.229817
train_192,27,14,0.638313,0.353992,0.034104,0.207577
train_192,31,16,0.503953,0.633850,0.019312,0.185336
train_192,32,17,0.521210,0.636630,0.024242,0.216843
train_192,33,18,0.538673,0.640800,0.028762,0.232597
train_192,34,19,0.559012,0.630143,0.032460,0.218697
train_192,35,20,0.579967,0.628753,0.056291,0.241864
train_192,36,21,0.607702,0.617633,0.069851,0.243717
train_192,37,22,0.644065,0.587052,0.076014,0.238157
train_192,38,23,0.669335,0.529598,0.080534,0.191823
train_192,41,24,0.483614,0.631070,0.021366,0.190896
train_192,42,25,0.466562,0.634776,0.024242,0.203870
train_192,43,26,0.447867,0.651920,0.028762,0.240010
train_192,44,27,0.429788,0.630143,0.035336,0.213137
train_192,45,28,0.407805,0.640800,0.049717,0.240010
train_192,46,29,0.384179,0.601416,0.068207,0.196456
train_192,47,30,0.345556,0.589832,0.083821,0.217770
train_192,48,31,0.312069,0.540718,0.081766,0.197383
train_193,11,0,0.492758,0.460589,0.044098,0.201265
train_193,12,1,0.470219,0.450320,0.036258,0.201265
train_193,13,2,0.442781,0.451347,0.038218,0.219749
train_193,14,3,0.418282,0.462643,0.040178,0.254662
train_193,15,4,0.378594,0.451347,0.048998,0.244393
train_193,16,5,0.352135,0.447240,0.041158,0.223856
train_193,17,6,0.311467,0.449294,0.059777,0.232071
train_193,18,7,0.279129,0.374333,0.081336,0.127331
train_193,21,8,0.519707,0.452374,0.037238,0.238232
train_193,22,9,0.549105,0.450320,0.033318,0.238232
train_193,23,10,0.573114,0.459562,0.038218,0.232071
train_193,24,11,0.607412,0.455455,0.040178,0.240286
train_193,25,12,0.635341,0.466750,0.035278,0.246447
train_193,26,13,0.673559,0.463670,0.045078,0.240286
train_193,27,14,0.716677,0.463670,0.035278,0.215641
train_193,31,16,0.510887,0.677257,0.021559,0.195104
train_193,32,17,0.534406,0.699848,0.019599,0.211534
train_193,33,18,0.556455,0.711144,0.030378,0.258769
train_193,34,19,0.585363,0.692660,0.031358,0.205373
train_193,35,20,0.615252,0.702929,0.036258,0.221802
train_193,36,21,0.663270,0.708063,0.065657,0.232071
train_193,37,22,0.711777,0.686499,0.064677,0.205373
train_193,41,24,0.493738,0.690606,0.018619,0.201265
train_193,42,25,0.476589,0.684445,0.019599,0.197158
train_193,43,26,0.455520,0.694714,0.022539,0.238232
train_193,44,27,0.432491,0.697794,0.025479,0.203319
train_193,45,28,0.405053,0.698821,0.025479,0.217695
train_193,46,29,0.357035,0.684445,0.058797,0.221802
train_193,47,30,0.306078,0.672123,0.076436,0.188943
train_194,11,0,0.496513,0.416888,0.047420,0.269947
train_194,12,1,0.467922,0.402926,0.055788,0.276596
train_194,13,2,0.424338,0.396277,0.057880,0.292553
train_194,14,3,0.397141,0.433511,0.045328,0.231383
train_194,15,4,0.371678,0.432181,0.035352,0.216090
train_194,16,5,0.328336,0.431719,0.055207,0.226249
train_194,17,6,0.291773,0.415097,0.063439,0.204085
train_194,18,7,0.268528,0.335217,0.064408,0.168070
train_194,21,8,0.539236,0.431719,0.040194,0.248412
train_194,22,9,0.572650,0.418329,0.037289,0.264111
train_194,23,10,0.612603,0.316748,0.080389,0.291814
train_194,24,11,0.637543,0.423870,0.046006,0.230866
train_194,25,12,0.666599,0.425255,0.036320,0.224402
train_194,26,13,0.709941,0.418791,0.054238,0.237330
train_194,27,14,0.752799,0.410479,0.056660,0.217014
train_194,28,15,0.768538,0.330138,0.067798,0.159759
train_194,31,16,0.532940,0.671358,0.030509,0.192080
train_194,32,17,0.565386,0.690289,0.037289,0.239177
train_194,33,18,0.604370,0.690289,0.051333,0.268728
train_194,34,19,0.649407,0.683825,0.042616,0.239177
train_194,35,20,0.698076,0.686595,0.055691,0.218861
train_194,36,21,0.755220,0.649195,0.104118,0.206856
train_194,37,22,0.796868,0.599328,0.083779,0.166223
train_194,41,24,0.502189,0.682439,0.031962,0.219784
train_194,42,25,0.471196,0.698600,0.032930,0.248412
train_194,43,26,0.434875,0.707373,0.035836,0.278886
train_194,44,27,0.395649,0.693059,0.052301,0.239177
train_194,45,28,0.326399,0.676899,0.073609,0.205009
train_194,46,29,0.278214,0.634419,0.106055,0.192080
train_194,47,30,0.237051,0.573009,0.093464,0.135749
train_195,11,0,0.494204,0.434819,0.030142,0.246257
train_195,12,1,0.468929,0.422858,0.027944,0.244850
train_195,13,2,0.444909,0.418285,0.033910,0.248368
train_195,14,3,0.426070,0.423562,0.031398,0.229371
train_195,15,4,0.408958,0.423210,0.027944,0.208967
train_195,16,5,0.382270,0.425321,0.051179,0.194895
train_195,17,6,0.349302,0.405268,0.059970,0.206856
train_195,21,8,0.524346,0.435875,0.033282,0.253996
train_195,22,9,0.549307,0.432357,0.024176,0.241332
train_195,23,10,0.570187,0.430598,0.027002,0.246257
train_195,24,11,0.592951,0.430598,0.028572,0.240628
train_195,26,13,0.627645,0.432005,0.044585,0.218113
train_195,27,14,0.665951,0.414415,0.047097,0.213892
train_195,31,16,0.509275,0.709220,0.027630,0.236407
train_195,32,17,0.525445,0.714849,0.036108,0.246257
train_195,33,18,0.553389,0.723292,0.024176,0.264550
train_195,34,19,0.582432,0.716608,0.032026,0.246960
train_195,36,21,0.632826,0.698314,0.083205,0.234296
train_195,37,22,0.667050,0.649766,0.088856,0.237110
train_195,41,24,0.491221,0.714145,0.022921,0.260329
train_195,42,25,0.470028,0.703239,0.022607,0.241332
train_195,43,26,0.443025,0.708868,0.034538,0.255404
train_195,44,27,0.419948,0.701480,0.037364,0.271586
train_195,46,29,0.355582,0.663486,0.076297,0.232185
train_195,47,30,0.313352,0.614587,0.089170,0.211781
train_196,11,0,0.466054,0.443608,0.035036,0.210829
train_196,12,1,0.440264,0.446564,0.024330,0.208859
train_196,13,2,0.419826,0.454445,0.026277,0.197037
train_196,14,3,0.400849,0.442623,0.033089,0.200977
train_196,15,4,0.376518,0.430801,0.029197,0.185214
train_196,16,5,0.344402,0.419964,0.052554,0.195066
train_196,17,6,0.319098,0.404201,0.068125,0.191125
train_196,18,7,0.300607,0.354942,0.064232,0.147777
train_196,21,8,0.492818,0.440653,0.034063,0.216740
train_196,22,9,0.511309,0.429816,0.026277,0.230533
train_196,23,10,0.529313,0.422919,0.023357,0.216740
train_196,24,11,0.550724,0.406171,0.029197,0.214770
train_196,25,12,0.573108,0.407156,0.033089,0.204918
train_196,26,13,0.605711,0.408142,0.043795,0.183244
train_196,27,14,0.632961,0.386468,0.045741,0.167481
train_196,28,15,0.648046,0.325386,0.050607,0.175363
train_196,31,16,0.490385,0.642615,0.015571,0.151718
train_196,32,17,0.507416,0.647541,0.018491,0.153689
train_196,33,18,0.525907,0.657393,0.028223,0.193096
train_196,34,19,0.549264,0.658378,0.037955,0.183244
train_196,35,20,0.568242,0.628823,0.048661,0.171422
train_196,36,21,0.609604,0.617985,0.074938,0.177333
train_196,37,22,0.648046,0.577593,0.079804,0.183244
train_196,38,23,0.679675,0.547052,0.051581,0.165511
train_196,41,24,0.473840,0.649511,0.019464,0.153689
train_196,42,25,0.456322,0.663304,0.017518,0.173392
train_196,43,26,0.436371,0.664289,0.028223,0.195066
train_196,44,27,0.411554,0.665274,0.027250,0.185214
train_196,45,28,0.386737,0.663304,0.039902,0.193096
train_196,46,29,0.345862,0.633748,0.061313,0.193096
train_196,47,30,0.297688,0.601237,0.072018,0.171422
train_196,48,31,0.264112,0.578578,0.053527,0.145807
train_197,11,0,0.485463,0.445366,0.034690,0.233012
train_197,12,1,0.456894,0.445366,0.028977,0.221444
train_197,13,2,0.434039,0.444953,0.033874,0.209049
train_197,14,3,0.415557,0.438029,0.036342,0.203543
train_197,16,5,0.366495,0.416033,0.057137,0.202439
train_197,17,6,0.319561,0.402813,0.047342,0.187566
train_197,18,7,0.294983,0.385769,0.065552,0.144405
train_197,21,8,0.514439,0.452390,0.036323,0.225575
train_197,22,9,0.533621,0.441648,0.029793,0.200787
train_197,23,10,0.559333,0.442061,0.025712,0.206571
train_197,24,11,0.578719,0.442061,0.031834,0.183435
train_197,25,12,0.593819,0.429667,0.038364,0.190045
train_197,26,13,0.626477,0.408117,0.043135,0.184976
train_197,27,14,0.658574,0.401928,0.043475,0.179475
train_197,31,16,0.508655,0.681405,0.027369,0.201259
train_197,32,17,0.525696,0.669904,0.035632,0.202304
train_197,33,18,0.546869,0.677745,0.033566,0.209623
train_197,34,19,0.559908,0.668859,0.025562,0.205441
train_197,35,20,0.590246,0.658926,0.056288,0.212759
train_197,36,21,0.625361,0.635925,0.085206,0.212759
train_197,37,22,0.663575,0.589139,0.075395,0.169371
train_197,38,23,0.698820,0.544967,0.058095,0.107164
train_197,41,24,0.490710,0.673563,0.025045,0.189758
train_197,42,25,0.472378,0.661540,0.035373,0.187667
train_197,43,26,0.451459,0.696294,0.029521,0.203210
train_197,44,27,0.430689,0.683914,0.044914,0.233094
train_197,45,28,0.400536,0.680072,0.088774,0.239071
train_197,46,29,0.360366,0.656378,0.110493,0.228398
train_197,47,30,0.318720,0.609204,0.100160,0.192964
train_197,48,31,0.292257,0.558829,0.055668,0.122951
train_198,11,0,0.493085,0.535313,0.053270,0.240100
train_198,12,1,0.469840,0.525155,0.072641,0.245641
train_198,13,2,0.431582,0.459589,0.060050,0.217937
train_198,14,3,0.415601,0.524232,0.051333,0.210550
train_198,15,4,0.386061,0.513150,0.050364,0.214243
train_198,16,5,0.338602,0.503915,0.065861,0.195774
train_198,17,6,0.318747,0.438350,0.074578,0.179152
train_198,21,8,0.542965,0.549165,0.058113,0.234560
train_198,22,9,0.579285,0.538084,0.035836,0.245641
train_198,23,10,0.617058,0.520538,0.045521,0.262264
train_198,24,11,0.647567,0.544548,0.046490,0.206856
train_198,25,12,0.676139,0.538084,0.045521,0.208703
train_198,26,13,0.721176,0.523308,0.065861,0.193927
train_198,27,14,0.737641,0.451278,0.079420,0.171764
train_198,31,16,0.531826,0.771720,0.028088,0.195774
train_198,32,17,0.558945,0.771720,0.033899,0.195774
train_198,33,18,0.597687,0.783725,0.045521,0.230866
train_198,34,19,0.636429,0.773567,0.055207,0.221631
train_198,35,20,0.674686,0.758791,0.071672,0.210550
train_198,36,21,0.724566,0.733858,0.099760,0.193927
train_198,37,22,0.772025,0.707077,0.080389,0.166223
train_198,41,24,0.502770,0.775414,0.035836,0.195774
train_198,42,25,0.466934,0.780954,0.051333,0.221631
train_198,43,26,0.431582,0.786495,0.058113,0.254876
train_198,44,27,0.394293,0.763409,0.066829,0.216090
train_198,45,28,0.363784,0.744939,0.065861,0.205009
train_198,46,29,0.316810,0.714465,0.093949,0.206856
train_198,47,30,0.278068,0.670139,0.068766,0.188387
train_199,11,0,0.480201,0.376408,0.028738,0.270427
train_199,12,1,0.460877,0.374173,0.019819,0.265957
train_199,13,2,0.441553,0.370821,0.030720,0.272662
train_199,14,3,0.420743,0.360763,0.028738,0.274897
train_199,15,4,0.399437,0.356294,0.035675,0.257018
train_199,16,5,0.373672,0.345119,0.055494,0.239138
train_199,17,6,0.339484,0.299303,0.068376,0.254783
train_199,21,8,0.505470,0.377525,0.031711,0.281602
train_199,22,9,0.528262,0.370821,0.029729,0.263723
train_199,23,10,0.552541,0.369703,0.036666,0.292777
train_199,24,11,0.574342,0.350706,0.034684,0.272662
train_199,25,12,0.597134,0.335062,0.032702,0.277132
train_199,26,13,0.623890,0.327239,0.048557,0.252548
train_199,27,14,0.655105,0.290363,0.057476,0.236903
train_199,31,16,0.509929,0.635661,0.024774,0.243608
train_199,32,17,0.527271,0.625603,0.023783,0.254783
train_199,33,18,0.556009,0.632308,0.035675,0.308421
train_199,34,19,0.578306,0.633426,0.038648,0.319596
train_199,35,20,0.602584,0.609959,0.057476,0.254783
train_199,36,21,0.645196,0.576435,0.099096,0.250313
train_199,37,22,0.681366,0.526149,0.098105,0.243608
train_199,38,23,0.714563,0.457983,0.087205,0.232433
train_199,41,24,0.492092,0.640131,0.026756,0.248078
train_199,42,25,0.474255,0.644600,0.028738,0.252548
train_199,43,26,0.454436,0.647953,0.026756,0.263723
train_199,44,27,0.434121,0.645718,0.027747,0.290542
train_199,45,28,0.411824,0.621134,0.050539,0.272662
train_199,46,29,0.367726,0.597667,0.091169,0.252548
train_199,47,30,0.323133,0.544028,0.101078,0.239138
train_199,48,31,0.280522,0.472510,0.107024,0.225729
train_2,11,0,0.505671,0.496866,0.041783,0.243161
train_2,12,1,0.479308,0.488317,0.044767,0.233663
train_2,13,2,0.438520,0.476919,0.052726,0.233663
train_2,14,3,0.416136,0.485467,0.049741,0.246960
train_2,15,4,0.385296,0.479768,0.035814,0.235562
train_2,16,5,0.348488,0.478818,0.047752,0.233663
train_2,17,6,0.308197,0.483568,0.058695,0.227964
train_2,18,7,0.273876,0.467420,0.063669,0.203267
train_2,21,8,0.547951,0.495916,0.044767,0.241261
train_2,22,9,0.576303,0.491166,0.033824,0.235562
train_2,23,10,0.621070,0.480718,0.067648,0.233663
train_2,24,11,0.651413,0.492116,0.086550,0.237462
train_2,25,12,0.700159,0.500665,0.052726,0.220365
train_2,26,13,0.745424,0.492116,0.047752,0.203267
train_2,27,14,0.780740,0.483568,0.068643,0.186170
train_2,31,16,0.525070,0.729578,0.026860,0.229863
train_2,32,17,0.550438,0.725779,0.023876,0.233663
train_2,33,18,0.581277,0.733378,0.043772,0.237462
train_2,34,19,0.613609,0.725779,0.048747,0.229863
train_2,35,20,0.657879,0.752375,0.073617,0.248860
train_2,36,21,0.702149,0.732428,0.102467,0.220365
train_2,37,22,0.754377,0.704882,0.107441,0.203267
train_2,38,23,0.794170,0.667838,0.093514,0.208967
train_2,41,24,0.499702,0.730528,0.025865,0.231763
train_2,42,25,0.475826,0.728628,0.027855,0.246960
train_2,43,26,0.444986,0.724829,0.033824,0.246960
train_2,44,27,0.412654,0.735277,0.044767,0.264058
train_2,45,28,0.384302,0.731478,0.041783,0.252660
train_2,46,29,0.314166,0.713431,0.112415,0.216565
train_2,47,30,0.266912,0.668788,0.105452,0.214666
train_20,11,0,0.492138,0.463813,0.029909,0.243735
train_20,12,1,0.468911,0.455927,0.022909,0.242301
train_20,13,2,0.446957,0.441590,0.024818,0.273843
train_20,14,3,0.431366,0.436572,0.031818,0.269542
train_20,15,4,0.411639,0.425819,0.038181,0.256638
train_20,16,5,0.386185,0.415783,0.054727,0.233698
train_20,17,6,0.354685,0.398578,0.071908,0.205024
train_20,18,7,0.346094,0.326174,0.081453,0.120434
train_20,21,8,0.517910,0.465963,0.035636,0.253771
train_20,22,9,0.534455,0.457361,0.039454,0.248036
train_20,23,10,0.559910,0.430837,0.029272,0.278144
train_20,24,11,0.580273,0.417216,0.033090,0.268108
train_20,25,12,0.600000,0.396427,0.035636,0.286747
train_20,26,13,0.626091,0.392843,0.045818,0.262373
train_20,27,14,0.653136,0.379939,0.060454,0.236566
train_20,28,15,0.661408,0.327608,0.066817,0.163446
train_20,31,16,0.513138,0.716866,0.024818,0.205024
train_20,32,17,0.530637,0.719734,0.021636,0.213626
train_20,33,18,0.553546,0.738372,0.033090,0.273843
train_20,34,19,0.579318,0.719734,0.035000,0.239433
train_20,35,20,0.608591,0.712565,0.057908,0.236566
train_20,36,21,0.648999,0.683891,0.094181,0.239433
train_20,37,22,0.679544,0.615071,0.075090,0.190686
train_20,38,23,0.726635,0.593565,0.066181,0.150542
train_20,41,24,0.492774,0.734788,0.022272,0.240867
train_20,42,25,0.470502,0.725469,0.024818,0.213626
train_20,43,26,0.453957,0.736222,0.029909,0.263807
train_20,44,27,0.431366,0.721168,0.030545,0.233698
train_20,45,28,0.405594,0.713282,0.054090,0.232265
train_20,46,29,0.369003,0.676722,0.085272,0.253771
train_20,47,30,0.323822,0.645180,0.104362,0.225096
train_20,48,31,0.275141,0.605752,0.098635,0.197855
train_200,11,0,0.464752,0.427164,0.062128,0.286509
train_200,12,1,0.420692,0.421724,0.055154,0.290135
train_200,13,2,0.392481,0.412657,0.050716,0.325193
train_200,14,3,0.357931,0.416888,0.052618,0.311896
train_200,15,4,0.333840,0.416284,0.037403,0.288926
train_200,18,7,0.247623,0.430791,0.051350,0.221228
train_200,21,8,0.518638,0.416888,0.049448,0.297389
train_200,22,9,0.567136,0.394524,0.047547,0.315522
train_200,23,10,0.622607,0.390897,0.068467,0.332447
train_200,24,11,0.653988,0.401777,0.055154,0.286509
train_200,25,12,0.682833,0.422933,0.043109,0.251451
train_200,26,13,0.725307,0.424142,0.054520,0.253868
train_200,27,14,0.769367,0.419306,0.050082,0.229691
train_200,28,15,0.809623,0.416284,0.049448,0.204304
train_200,31,16,0.535121,0.669548,0.043109,0.183752
train_200,32,17,0.568087,0.675592,0.057056,0.210348
train_200,33,18,0.610562,0.676801,0.058324,0.246615
train_200,34,19,0.645746,0.673779,0.056422,0.233317
train_200,35,20,0.671738,0.676197,0.051350,0.250242
train_200,37,22,0.774439,0.648392,0.096995,0.216393
train_200,38,23,0.817231,0.593992,0.087486,0.172872
train_200,41,24,0.500888,0.664712,0.031698,0.183752
train_200,42,25,0.470775,0.685868,0.033600,0.204304
train_200,43,26,0.433688,0.702188,0.051984,0.256286
train_200,44,27,0.406745,0.694935,0.052618,0.241779
train_200,45,28,0.370927,0.699770,0.055788,0.232108
train_200,46,29,0.326550,0.682846,0.072271,0.220019
train_200,47,30,0.274249,0.656250,0.072905,0.210348
train_200,48,31,0.227653,0.635699,0.087486,0.186170
train_201,11,0,0.518099,0.457991,0.031064,0.276838
train_201,12,1,0.498130,0.450737,0.025358,0.252660
train_201,13,2,0.474990,0.433208,0.028528,0.270793
train_201,14,3,0.458825,0.422933,0.036769,0.255077
train_201,15,4,0.434100,0.433208,0.034234,0.251451
train_201,16,5,0.399867,0.432000,0.058324,0.261122
train_201,17,6,0.353588,0.440462,0.045645,0.212766
train_201,18,7,0.327596,0.391501,0.043109,0.088250
train_201,21,8,0.545993,0.453155,0.033600,0.284091
train_201,22,9,0.566280,0.435022,0.027260,0.286509
train_201,23,10,0.587834,0.439253,0.028528,0.299807
train_201,24,11,0.610657,0.471893,0.036135,0.207930
train_201,25,12,0.623019,0.392106,0.058324,0.154739
train_201,26,13,0.649328,0.451946,0.045011,0.228482
train_201,27,14,0.691803,0.445902,0.050082,0.216393
train_201,28,15,0.710505,0.386666,0.055788,0.093085
train_201,31,16,0.497496,0.745104,0.040573,0.241779
train_201,32,17,0.520001,0.743895,0.047547,0.251451
train_201,33,18,0.544409,0.763842,0.031698,0.247824
train_201,34,19,0.566280,0.752357,0.045011,0.246615
train_201,35,20,0.585933,0.749940,0.055154,0.234526
train_201,36,21,0.643622,0.725762,0.102067,0.217602
train_201,37,22,0.698143,0.688286,0.110942,0.215184
train_201,38,23,0.742202,0.656854,0.053252,0.082205
train_201,41,24,0.484500,0.742686,0.041207,0.258704
train_201,42,25,0.464213,0.740873,0.032332,0.247824
train_201,43,26,0.442342,0.742082,0.035501,0.242988
train_201,45,28,0.419202,0.723948,0.062762,0.233317
train_201,46,29,0.373558,0.708837,0.091923,0.217602
train_201,47,30,0.321573,0.678615,0.091923,0.222437
train_201,48,31,0.285755,0.633885,0.048181,0.077369
train_202,11,0,0.487086,0.420888,0.036137,0.311550
train_202,12,1,0.469017,0.433553,0.034996,0.301418
train_202,13,2,0.443341,0.438619,0.036137,0.298041
train_202,14,3,0.422610,0.458038,0.039560,0.274401
train_202,16,5,0.393891,0.491388,0.052113,0.216143
train_202,17,6,0.347484,0.481256,0.045266,0.236407
train_202,21,8,0.509719,0.414978,0.037278,0.316616
train_202,22,9,0.535775,0.438619,0.024725,0.276089
train_202,23,10,0.554795,0.458882,0.036137,0.282844
train_202,24,11,0.575336,0.472813,0.039941,0.253293
train_202,25,12,0.599490,0.493921,0.037278,0.236407
train_202,26,13,0.628400,0.497720,0.047929,0.233874
train_202,27,14,0.670813,0.501520,0.039941,0.216143
train_202,28,15,0.696109,0.497298,0.050211,0.229652
train_202,31,16,0.519799,0.711331,0.023964,0.240628
train_202,32,17,0.537297,0.725262,0.025486,0.276933
train_202,33,18,0.558599,0.750169,0.027007,0.281155
train_202,34,19,0.581232,0.741726,0.036517,0.259203
train_202,35,20,0.609951,0.749325,0.041462,0.259203
train_202,36,21,0.645707,0.746369,0.062003,0.256670
train_202,37,22,0.679372,0.732016,0.051733,0.251604
train_202,41,24,0.500780,0.719774,0.027007,0.249071
train_202,42,25,0.480809,0.718929,0.027388,0.249071
train_202,43,26,0.460839,0.728639,0.032333,0.276933
train_202,44,27,0.437255,0.737504,0.039180,0.274401
train_202,45,28,0.410438,0.736660,0.040321,0.262580
train_202,46,29,0.375632,0.734549,0.061242,0.251604
train_202,47,30,0.330366,0.716396,0.075697,0.249071
train_203,11,0,0.490617,0.499911,0.039291,0.247598
train_203,12,1,0.466548,0.497926,0.026021,0.213858
train_203,13,2,0.437535,0.488995,0.033046,0.218819
train_203,14,3,0.412686,0.489243,0.040592,0.220308
train_203,15,4,0.385754,0.484033,0.034087,0.208896
train_203,16,5,0.349326,0.481800,0.049699,0.202445
train_203,17,6,0.302619,0.471628,0.049959,0.216835
train_203,18,7,0.264629,0.454509,0.059327,0.201453
train_203,21,8,0.529648,0.500903,0.042413,0.244621
train_203,22,9,0.559311,0.496934,0.031485,0.212865
train_203,23,10,0.592227,0.477086,0.046317,0.265461
train_203,24,11,0.616296,0.492716,0.050220,0.226262
train_203,25,12,0.647130,0.498174,0.042674,0.218323
train_203,26,13,0.683949,0.500159,0.054903,0.210384
train_203,27,14,0.729485,0.488250,0.049179,0.201453
train_203,28,15,0.764743,0.473365,0.056204,0.179621
train_203,31,16,0.521842,0.736097,0.035128,0.224774
train_203,32,17,0.542658,0.746765,0.039811,0.246110
train_203,33,18,0.567638,0.746021,0.042413,0.252560
train_203,34,19,0.604587,0.735849,0.050220,0.232217
train_203,35,20,0.640105,0.731879,0.063490,0.241148
train_203,37,22,0.730396,0.700619,0.113449,0.225270
train_203,38,23,0.777884,0.652241,0.100699,0.195995
train_203,41,24,0.495691,0.715257,0.032786,0.187063
train_203,42,25,0.471622,0.737833,0.041373,0.238171
train_203,43,26,0.446772,0.741803,0.052041,0.265957
train_203,44,27,0.421272,0.716745,0.049439,0.228743
train_203,45,28,0.394081,0.717986,0.058026,0.232217
train_203,46,29,0.354269,0.700619,0.090291,0.226262
train_203,47,30,0.292731,0.690447,0.111368,0.231720
train_203,48,31,0.250187,0.641821,0.104342,0.200957
train_204,11,0,0.497115,0.392182,0.033715,0.259203
train_204,12,1,0.472782,0.390647,0.033409,0.228654
train_204,13,2,0.446883,0.376140,0.030650,0.274247
train_204,14,3,0.427420,0.361978,0.032183,0.251451
train_204,15,4,0.406424,0.351271,0.028811,0.246615
train_204,16,5,0.377613,0.338146,0.049041,0.230036
train_204,17,6,0.337461,0.323294,0.050880,0.200332
train_204,18,7,0.307730,0.286681,0.067431,0.176844
train_204,21,8,0.527187,0.390992,0.029424,0.255595
train_204,22,9,0.552933,0.385466,0.030037,0.245924
train_204,23,10,0.574389,0.380975,0.033102,0.264576
train_204,24,11,0.595537,0.369577,0.032489,0.247306
train_204,25,12,0.616686,0.358524,0.030037,0.227964
train_204,26,13,0.644578,0.353565,0.044750,0.226830
train_204,27,14,0.685203,0.338719,0.046915,0.207174
train_204,28,15,0.710489,0.307356,0.049778,0.179575
train_204,31,16,0.526963,0.669912,0.023378,0.210042
train_204,32,17,0.553124,0.673138,0.038486,0.222945
train_204,33,18,0.581353,0.674930,0.049460,0.252337
train_204,34,19,0.601153,0.664894,0.042303,0.238717
train_204,35,20,0.625962,0.636577,0.050891,0.236566
train_204,36,21,0.659996,0.617043,0.080154,0.268466
train_204,37,22,0.703015,0.570626,0.088901,0.247319
train_204,41,24,0.505016,0.675826,0.022424,0.220436
train_204,42,25,0.480127,0.675826,0.028626,0.222587
train_204,43,26,0.446491,0.669912,0.053277,0.251620
train_204,44,27,0.427804,0.661309,0.041031,0.250903
train_204,45,28,0.402915,0.634068,0.055185,0.237283
train_204,46,29,0.360692,0.616326,0.095421,0.272768
train_204,47,30,0.312902,0.560590,0.107349,0.229397
train_204,48,31,0.270121,0.509513,0.100033,0.239075
train_205,11,0,0.495695,0.425453,0.052139,0.250918
train_205,12,1,0.460873,0.419120,0.048787,0.263583
train_205,13,2,0.422327,0.399728,0.046925,0.302368
train_205,14,3,0.399051,0.402894,0.054001,0.275456
train_205,15,4,0.368699,0.411601,0.046925,0.262791
train_205,16,5,0.329594,0.424265,0.067036,0.239045
train_205,17,6,0.287109,0.431148,0.053163,0.223999
train_205,18,7,0.245138,0.416942,0.051297,0.219374
train_205,21,8,0.538154,0.424541,0.042281,0.253073
train_205,22,9,0.574529,0.410004,0.039794,0.270252
train_205,23,10,0.604996,0.407691,0.043525,0.288093
train_205,24,11,0.630956,0.405709,0.040105,0.284128
train_205,25,12,0.660646,0.413638,0.037929,0.269592
train_205,26,13,0.693445,0.422889,0.059380,0.241840
train_205,27,14,0.732306,0.435443,0.046323,0.223338
train_205,28,15,0.768214,0.427845,0.042903,0.209462
train_205,31,16,0.520122,0.698097,0.036063,0.267609
train_205,32,17,0.540952,0.718250,0.029224,0.311881
train_205,33,18,0.566912,0.710652,0.030157,0.300648
train_205,34,19,0.598156,0.707017,0.042281,0.285450
train_205,35,20,0.623960,0.707678,0.049743,0.280164
train_205,36,21,0.669105,0.707441,0.074755,0.276947
train_205,37,22,0.716603,0.684833,0.082586,0.248687
train_205,38,23,0.763658,0.661754,0.083620,0.245861
train_205,41,24,0.494376,0.701063,0.032117,0.260162
train_205,42,25,0.471348,0.699131,0.034137,0.276046
train_205,43,26,0.447614,0.710508,0.044034,0.304810
train_205,44,27,0.419436,0.712869,0.039388,0.307815
train_205,45,28,0.389845,0.725748,0.043630,0.324129
train_205,46,29,0.355607,0.707503,0.083827,0.295365
train_205,47,30,0.293191,0.707503,0.102814,0.294507
train_205,48,31,0.237745,0.658561,0.108672,0.256727
train_206,11,0,0.482599,0.429816,0.025304,0.199007
train_206,12,1,0.458268,0.420949,0.025304,0.200977
train_206,13,2,0.435884,0.416023,0.027250,0.179303
train_206,14,3,0.420313,0.406171,0.042822,0.183244
train_206,16,5,0.371166,0.351986,0.045741,0.189155
train_206,17,6,0.330290,0.329327,0.049634,0.171422
train_206,21,8,0.505469,0.414053,0.022384,0.218711
train_206,22,9,0.529800,0.395334,0.024330,0.236444
train_206,23,10,0.549751,0.392379,0.025304,0.246296
train_206,24,11,0.570188,0.384497,0.021411,0.218711
train_206,25,12,0.591113,0.374645,0.030170,0.218711
train_206,26,13,0.614470,0.368734,0.037955,0.234474
train_206,31,16,0.496711,0.632763,0.012652,0.132015
train_206,32,17,0.517148,0.633748,0.014598,0.118222
train_206,33,18,0.538072,0.622911,0.015571,0.151718
train_206,34,19,0.560456,0.626852,0.027250,0.175363
train_206,35,20,0.587220,0.598282,0.039902,0.161570
train_206,36,21,0.623229,0.554934,0.067152,0.145807
train_206,37,22,0.653398,0.506660,0.059366,0.143837
train_206,41,24,0.482112,0.642615,0.016545,0.151718
train_206,42,25,0.462648,0.635719,0.020438,0.153689
train_206,43,26,0.446103,0.623897,0.026277,0.169451
train_206,46,29,0.323478,0.518482,0.074938,0.143837
train_206,47,30,0.281630,0.470208,0.080777,0.133985
train_207,11,0,0.478831,0.420195,0.032098,0.212585
train_207,12,1,0.451406,0.410696,0.029254,0.226154
train_207,13,2,0.426824,0.396222,0.029660,0.208062
train_207,14,3,0.398789,0.395770,0.034536,0.205348
train_207,15,4,0.381115,0.396675,0.034942,0.219822
train_207,16,5,0.345360,0.396222,0.048757,0.224345
train_207,17,6,0.311027,0.406625,0.047538,0.218013
train_207,21,8,0.512758,0.426979,0.034942,0.227964
train_207,22,9,0.544247,0.406173,0.032098,0.209871
train_207,23,10,0.569031,0.393056,0.029660,0.201730
train_207,24,11,0.593816,0.397579,0.026410,0.203539
train_207,25,12,0.614334,0.400293,0.039005,0.212585
train_207,26,13,0.645011,0.409339,0.047538,0.214394
train_207,27,14,0.690720,0.415672,0.047944,0.218013
train_207,28,15,0.722412,0.407530,0.034942,0.194493
train_207,31,16,0.504226,0.670774,0.022753,0.216204
train_207,32,17,0.528604,0.672583,0.023566,0.223440
train_207,33,18,0.549529,0.676555,0.028035,0.233588
train_207,34,19,0.575011,0.682475,0.034978,0.234099
train_207,35,20,0.599072,0.681531,0.036038,0.235987
train_207,36,21,0.641151,0.682947,0.066352,0.234099
train_207,37,22,0.689059,0.680823,0.072711,0.246842
train_207,38,23,0.742056,0.634097,0.067199,0.193981
train_207,41,24,0.485035,0.676949,0.029535,0.228694
train_207,42,25,0.458682,0.674219,0.024615,0.230266
train_207,43,26,0.435722,0.671456,0.022960,0.228424
train_207,44,27,0.412762,0.679055,0.028338,0.237174
train_207,45,28,0.395904,0.680437,0.036819,0.239937
train_207,46,29,0.357324,0.681067,0.072180,0.240799
train_207,47,30,0.300134,0.670798,0.086938,0.247987
train_207,48,31,0.252283,0.625359,0.089936,0.199211
train_208,11,0,0.483721,0.431543,0.036266,0.226829
train_208,12,1,0.458181,0.423037,0.033202,0.227964
train_208,13,2,0.428555,0.414531,0.033202,0.244976
train_208,14,3,0.406591,0.411695,0.036266,0.242707
train_208,16,5,0.326141,0.410561,0.055166,0.224561
train_208,21,8,0.519477,0.433244,0.037288,0.233634
train_208,22,9,0.545272,0.440616,0.028604,0.209817
train_208,23,10,0.570045,0.439482,0.030137,0.225695
train_208,25,12,0.645898,0.456494,0.049036,0.191671
train_208,27,14,0.698765,0.438348,0.034223,0.173524
train_208,31,16,0.509261,0.679354,0.022986,0.192805
train_208,32,17,0.530459,0.688427,0.028604,0.199610
train_208,33,18,0.551146,0.696366,0.034223,0.201878
train_208,34,19,0.579495,0.702604,0.031669,0.198476
train_208,35,20,0.606311,0.703738,0.032180,0.196207
train_208,37,22,0.671182,0.677653,0.066403,0.193939
train_208,41,24,0.486786,0.679354,0.022475,0.197342
train_208,42,25,0.465077,0.680488,0.028094,0.201878
train_208,43,26,0.441325,0.679354,0.034734,0.217756
train_208,44,27,0.417318,0.679354,0.034734,0.199610
train_208,45,28,0.392800,0.666878,0.031669,0.186000
train_208,47,30,0.334314,0.640226,0.075087,0.180329
train_209,11,0,0.498265,0.508359,0.034698,0.250760
train_209,12,1,0.473629,0.491641,0.032616,0.265957
train_209,13,2,0.449688,0.471125,0.034698,0.291793
train_209,14,3,0.425052,0.493921,0.039556,0.246201
train_209,15,4,0.393130,0.487842,0.040944,0.252280
train_209,16,5,0.359820,0.494681,0.054823,0.238602
train_209,17,6,0.306384,0.477204,0.060375,0.227964
train_209,21,8,0.531512,0.508888,0.033647,0.250990
train_209,22,9,0.558587,0.511767,0.027864,0.226812
train_209,24,11,0.610634,0.487589,0.031018,0.238326
train_209,26,13,0.663733,0.493921,0.048893,0.225661
train_209,27,14,0.710786,0.496799,0.047316,0.210694
train_209,31,16,0.518106,0.724763,0.023658,0.164640
train_209,32,17,0.537558,0.727641,0.022606,0.170397
train_209,33,18,0.561742,0.732246,0.032069,0.207240
train_209,34,19,0.590131,0.730519,0.045738,0.210694
train_209,35,20,0.616943,0.719006,0.049944,0.199180
train_209,41,24,0.498654,0.740306,0.020503,0.193424
train_209,42,25,0.478676,0.738579,0.022606,0.192272
train_209,43,26,0.457647,0.750092,0.025761,0.222207
train_21,11,0,0.480569,0.404272,0.035212,0.309928
train_21,12,1,0.452759,0.404272,0.026009,0.306513
train_21,13,2,0.426750,0.431594,0.032411,0.284314
train_21,14,3,0.404742,0.435436,0.042815,0.285168
train_21,15,4,0.377733,0.428179,0.037613,0.286022
train_21,16,5,0.340120,0.432021,0.053619,0.288583
train_21,17,6,0.296104,0.428606,0.048817,0.273215
train_21,21,8,0.513781,0.409395,0.035212,0.296267
train_21,22,9,0.542991,0.397869,0.032812,0.312489
train_21,23,10,0.568800,0.409395,0.037213,0.303098
train_21,24,11,0.590608,0.398723,0.035212,0.295413
train_21,26,13,0.647228,0.423056,0.045216,0.233086
train_21,31,16,0.512780,0.689440,0.022008,0.262115
train_21,32,17,0.535589,0.693282,0.024409,0.254431
train_21,33,18,0.558997,0.706943,0.030411,0.281753
train_21,34,19,0.579004,0.700540,0.034412,0.265531
train_21,36,21,0.639425,0.694563,0.074426,0.260408
train_21,37,22,0.691043,0.662546,0.075226,0.232233
train_21,41,24,0.493774,0.692429,0.023208,0.257846
train_21,42,25,0.476568,0.689867,0.029610,0.237355
train_21,43,26,0.453760,0.710358,0.029610,0.281753
train_21,44,27,0.429551,0.713773,0.034812,0.262969
train_21,45,28,0.405743,0.712493,0.043215,0.262115
train_21,46,29,0.361927,0.704382,0.078828,0.256139
train_21,47,30,0.305908,0.681756,0.090032,0.233086
train_210,11,0,0.471171,0.423048,0.029561,0.230669
train_210,12,1,0.446714,0.431804,0.031735,0.212283
train_210,13,2,0.425468,0.419139,0.033349,0.247262
train_210,14,3,0.408255,0.416124,0.036576,0.241231
train_210,15,4,0.385664,0.426376,0.041955,0.249674
train_210,16,5,0.357694,0.443865,0.055940,0.241231
train_210,17,6,0.317891,0.431201,0.048410,0.230376
train_210,18,7,0.285080,0.401047,0.055940,0.237613
train_210,21,8,0.500921,0.424704,0.031538,0.230973
train_210,22,9,0.529289,0.428295,0.021179,0.221056
train_210,24,11,0.568294,0.428043,0.036037,0.218105
train_210,25,12,0.597833,0.434771,0.045824,0.220192
train_210,26,13,0.623826,0.464562,0.049290,0.222783
train_210,27,14,0.664836,0.458949,0.038123,0.202922
train_210,28,15,0.690682,0.423575,0.042644,0.206434
train_210,31,16,0.496284,0.648547,0.023248,0.182017
train_210,32,17,0.519532,0.656500,0.024824,0.201456
train_210,33,18,0.542977,0.671962,0.029158,0.241217
train_210,34,19,0.567210,0.661801,0.036645,0.213826
train_210,35,20,0.591640,0.660476,0.040585,0.218244
train_210,37,22,0.658626,0.648547,0.078413,0.176716
train_210,38,23,0.701772,0.611437,0.067774,0.183785
train_210,41,24,0.477568,0.651640,0.026006,0.184668
train_210,42,25,0.455699,0.654732,0.027976,0.194388
train_210,43,26,0.434224,0.670195,0.037039,0.214710
train_210,44,27,0.411567,0.677706,0.033493,0.240334
train_210,45,28,0.392063,0.663126,0.046496,0.225313
train_210,47,30,0.313059,0.652524,0.089445,0.212943
train_210,48,31,0.271686,0.613204,0.082353,0.206758
train_211,11,0,0.472817,0.477515,0.034460,0.221056
train_211,12,1,0.448775,0.468880,0.026446,0.207240
train_211,13,2,0.423532,0.425705,0.040069,0.221056
train_211,14,3,0.401894,0.448156,0.040069,0.238326
train_211,15,4,0.375048,0.481832,0.042473,0.174427
train_211,16,5,0.335380,0.463699,0.051289,0.224510
train_211,17,6,0.299317,0.450746,0.059302,0.202059
train_211,21,8,0.506801,0.471382,0.035261,0.207357
train_211,22,9,0.535787,0.456571,0.028687,0.221524
train_211,23,10,0.563577,0.443692,0.031675,0.234403
train_211,24,11,0.591666,0.457215,0.032870,0.209933
train_211,25,12,0.623939,0.499717,0.053190,0.148112
train_211,26,13,0.658304,0.461079,0.056178,0.217660
train_211,27,14,0.697449,0.451419,0.057971,0.180310
train_211,31,16,0.505008,0.710937,0.022113,0.212508
train_211,32,17,0.523834,0.718021,0.025101,0.221524
train_211,33,18,0.547740,0.723816,0.027492,0.243419
train_211,34,19,0.581208,0.716089,0.033468,0.222812
train_211,35,20,0.607205,0.763742,0.036456,0.173870
train_211,36,21,0.646351,0.710293,0.083670,0.229251
train_211,37,22,0.696254,0.677451,0.075901,0.209933
train_211,41,24,0.484987,0.710293,0.022113,0.215084
train_211,42,25,0.467357,0.717377,0.029882,0.218948
train_211,43,26,0.449427,0.719953,0.034663,0.244707
train_211,44,27,0.420741,0.710937,0.032273,0.216372
train_211,45,28,0.386376,0.703210,0.059167,0.200917
train_211,46,29,0.351414,0.710293,0.060960,0.222812
train_211,47,30,0.300017,0.685179,0.068131,0.211220
train_212,11,0,0.479332,0.354920,0.034341,0.302544
train_212,12,1,0.451669,0.371102,0.045152,0.306766
train_212,13,2,0.430365,0.371102,0.035613,0.292694
train_212,14,3,0.415738,0.368991,0.059778,0.288472
train_212,15,4,0.398250,0.378842,0.036248,0.265957
train_212,16,5,0.371540,0.404874,0.051511,0.216706
train_212,17,6,0.324799,0.400653,0.054691,0.177305
train_212,21,8,0.515580,0.359845,0.041972,0.295508
train_212,22,9,0.549603,0.359141,0.034977,0.280029
train_212,23,10,0.573133,0.366177,0.033705,0.313802
train_212,24,11,0.593801,0.359141,0.045788,0.299730
train_212,25,12,0.616695,0.354216,0.045788,0.261736
train_212,27,14,0.706362,0.356327,0.067409,0.195598
train_212,31,16,0.509539,0.640578,0.037520,0.226556
train_212,32,17,0.528617,0.644799,0.036248,0.223742
train_212,33,18,0.561686,0.667314,0.050239,0.291287
train_212,34,19,0.585216,0.671536,0.050239,0.282844
train_212,35,20,0.613515,0.665203,0.049603,0.270179
train_212,36,21,0.658667,0.623691,0.094119,0.234999
train_212,37,22,0.699367,0.584290,0.083944,0.240628
train_212,38,23,0.744518,0.547703,0.068681,0.195598
train_212,41,24,0.487281,0.645503,0.033705,0.239221
train_212,42,25,0.470111,0.649724,0.034977,0.258922
train_212,43,26,0.447853,0.671536,0.032433,0.282844
train_212,44,27,0.418282,0.676461,0.034341,0.295508
train_212,45,28,0.390301,0.686311,0.035613,0.295508
train_212,47,30,0.319394,0.643392,0.090939,0.260329
train_213,11,0,0.470722,0.446058,0.032002,0.262175
train_213,12,1,0.446907,0.445305,0.024559,0.266695
train_213,13,2,0.422348,0.435511,0.027536,0.244094
train_213,14,3,0.403742,0.431744,0.039444,0.227519
train_213,15,4,0.379183,0.425717,0.034979,0.227519
train_213,16,5,0.346437,0.415923,0.048375,0.238067
train_213,17,6,0.307365,0.409143,0.053584,0.236560
train_213,21,8,0.496398,0.446058,0.032746,0.259161
train_213,22,9,0.522074,0.442291,0.029025,0.248614
train_213,23,10,0.542168,0.427224,0.032002,0.269708
train_213,24,11,0.567099,0.413663,0.038700,0.260668
train_213,25,12,0.592031,0.409143,0.033490,0.251627
train_213,26,13,0.622544,0.403869,0.042421,0.256148
train_213,27,14,0.656778,0.394075,0.060282,0.251627
train_213,31,16,0.503840,0.679605,0.034234,0.204918
train_213,32,17,0.519841,0.678851,0.037955,0.215465
train_213,33,18,0.541796,0.676591,0.052096,0.229026
train_213,34,19,0.566355,0.668304,0.052096,0.215465
train_213,35,20,0.590542,0.646456,0.054328,0.207932
train_213,36,21,0.628870,0.642689,0.083353,0.212452
train_213,37,22,0.670547,0.620088,0.092284,0.227519
train_213,41,24,0.480769,0.682618,0.023815,0.207932
train_213,42,25,0.457326,0.675084,0.027536,0.213959
train_213,43,26,0.434255,0.676591,0.034979,0.235053
train_213,44,27,0.411556,0.674331,0.037211,0.242587
train_213,45,28,0.380299,0.669811,0.055073,0.236560
train_213,46,29,0.337506,0.656250,0.091540,0.239573
train_213,47,30,0.286527,0.626868,0.102703,0.219986
train_214,11,0,0.482352,0.388624,0.033428,0.234477
train_214,12,1,0.455314,0.387538,0.030479,0.223621
train_214,13,2,0.423361,0.385367,0.045227,0.249674
train_214,14,3,0.394848,0.367998,0.033428,0.227964
train_214,15,4,0.369777,0.379939,0.038344,0.247503
train_214,16,5,0.338315,0.399479,0.050143,0.238819
train_214,17,6,0.292597,0.397308,0.039327,0.238819
train_214,18,7,0.262118,0.395137,0.049159,0.212766
train_214,21,8,0.517747,0.386452,0.037361,0.217108
train_214,22,9,0.544784,0.379939,0.038344,0.234477
train_214,23,10,0.579196,0.374512,0.036378,0.262701
train_214,24,11,0.612624,0.373426,0.034412,0.238819
train_214,25,12,0.642611,0.376683,0.033428,0.236648
train_214,27,14,0.712418,0.381025,0.041294,0.214937
train_214,31,16,0.513322,0.624186,0.018681,0.206253
train_214,32,17,0.537410,0.636127,0.019664,0.217108
train_214,33,18,0.561498,0.651324,0.030479,0.256188
train_214,34,19,0.589028,0.657838,0.034412,0.256188
train_214,35,20,0.619015,0.641554,0.033428,0.245332
train_214,36,21,0.664733,0.625271,0.071773,0.247503
train_214,37,22,0.708977,0.611159,0.058008,0.232306
train_214,41,24,0.490217,0.625271,0.017697,0.212766
train_214,42,25,0.467604,0.639383,0.023596,0.236648
train_214,43,26,0.442041,0.648068,0.031462,0.262701
train_214,44,27,0.409104,0.623100,0.022613,0.199739
train_214,45,28,0.383541,0.631785,0.030479,0.225792
train_214,46,29,0.340773,0.639383,0.043260,0.214937
train_214,47,30,0.299971,0.613330,0.073739,0.197568
train_215,11,0,0.479455,0.303296,0.038024,0.360287
train_215,12,1,0.455988,0.301331,0.036241,0.345876
train_215,13,2,0.425390,0.292160,0.036835,0.361597
train_215,14,3,0.405784,0.290850,0.040400,0.327534
train_215,15,4,0.381128,0.275783,0.040994,0.313122
train_215,17,6,0.324687,0.252856,0.052877,0.275128
train_215,21,8,0.506488,0.319018,0.031488,0.331464
train_215,22,9,0.531441,0.317708,0.025547,0.313122
train_215,23,10,0.556097,0.313122,0.030894,0.324914
train_215,24,11,0.577188,0.292815,0.036241,0.328844
train_215,25,12,0.603329,0.291505,0.037430,0.318363
train_215,26,13,0.634224,0.296746,0.055253,0.279059
train_215,27,14,0.680565,0.261372,0.054065,0.265957
train_215,31,16,0.506191,0.607248,0.020200,0.234514
train_215,32,17,0.527282,0.606593,0.024359,0.269888
train_215,33,18,0.549859,0.608419,0.032677,0.281957
train_215,34,19,0.572924,0.581038,0.039680,0.253293
train_215,35,20,0.601466,0.588714,0.050818,0.274784
train_215,37,22,0.688484,0.502364,0.118344,0.220288
train_215,41,24,0.487299,0.600611,0.020188,0.226428
train_215,42,25,0.467111,0.614427,0.026453,0.260201
train_215,43,26,0.448489,0.610205,0.024017,0.268644
train_215,44,27,0.421862,0.605216,0.040376,0.280157
train_215,45,28,0.398019,0.579887,0.058128,0.266341
train_215,46,29,0.360427,0.545347,0.086670,0.261736
train_215,47,30,0.316048,0.500061,0.081449,0.231034
train_216,11,0,0.481834,0.321470,0.038737,0.257085
train_216,12,1,0.450671,0.323745,0.033111,0.240704
train_216,13,2,0.414963,0.323062,0.048692,0.265730
train_216,15,4,0.362589,0.329466,0.048802,0.268453
train_216,16,5,0.322228,0.335567,0.052496,0.252923
train_216,17,6,0.276064,0.344164,0.053551,0.237947
train_216,18,7,0.238473,0.343332,0.044318,0.216316
train_216,21,8,0.513613,0.320868,0.044318,0.254587
train_216,22,9,0.542103,0.316154,0.039042,0.250704
train_216,23,10,0.569802,0.318095,0.035349,0.265680
train_216,24,11,0.596841,0.307834,0.043527,0.242939
train_216,25,12,0.628893,0.321423,0.044846,0.239057
train_216,26,13,0.668990,0.313935,0.050121,0.262907
train_216,27,14,0.721222,0.315322,0.067532,0.252368
train_216,28,15,0.757494,0.333348,0.046692,0.209660
train_216,31,16,0.513213,0.575142,0.018828,0.216588
train_216,32,17,0.529335,0.578327,0.021641,0.233879
train_216,33,18,0.549786,0.586517,0.028350,0.253899
train_216,34,19,0.576296,0.586972,0.035924,0.245709
train_216,35,20,0.601183,0.587882,0.041118,0.237519
train_216,36,21,0.645547,0.592887,0.078773,0.235699
train_216,37,22,0.695537,0.576507,0.074445,0.232059
train_216,38,23,0.752236,0.558533,0.075310,0.205213
train_216,41,24,0.493736,0.581739,0.024454,0.227964
train_216,42,25,0.479345,0.592660,0.023372,0.229784
train_216,43,26,0.455648,0.593797,0.030514,0.232969
train_216,44,27,0.432925,0.601305,0.032678,0.227964
train_216,45,28,0.402953,0.620871,0.047610,0.260725
train_216,46,29,0.359238,0.608585,0.079206,0.247984
train_216,47,30,0.307625,0.594480,0.077691,0.227053
train_216,48,31,0.251575,0.564904,0.087213,0.226143
train_217,11,0,0.469997,0.419887,0.039894,0.317521
train_217,12,1,0.442452,0.422601,0.032928,0.295810
train_217,13,2,0.416806,0.422601,0.033561,0.290382
train_217,14,3,0.395276,0.413781,0.034828,0.275456
train_217,15,4,0.372480,0.408353,0.027229,0.264601
train_217,16,5,0.340818,0.411067,0.047492,0.270028
train_217,17,6,0.299975,0.398855,0.043060,0.237462
train_217,21,8,0.507358,0.438206,0.036094,0.291739
train_217,23,10,0.566249,0.436849,0.037361,0.264601
train_217,24,11,0.591895,0.434813,0.032928,0.255102
train_217,25,12,0.619440,0.424636,0.034828,0.270028
train_217,26,13,0.653318,0.421922,0.048126,0.248317
train_217,28,15,0.718224,0.383929,0.046226,0.232034
train_217,31,16,0.509891,0.699414,0.025963,0.189970
train_217,32,17,0.536170,0.699414,0.031662,0.208967
train_217,33,18,0.559600,0.698735,0.035461,0.218465
train_217,34,19,0.589678,0.696700,0.039894,0.230677
train_217,35,20,0.616591,0.690594,0.048126,0.234748
train_217,36,21,0.657118,0.669561,0.083587,0.227964
train_217,37,22,0.707143,0.645137,0.089919,0.211680
train_217,38,23,0.737221,0.579326,0.066489,0.177757
train_217,41,24,0.483612,0.706198,0.024063,0.219822
train_217,42,25,0.457966,0.692629,0.024696,0.208967
train_217,43,26,0.437069,0.706198,0.031028,0.244247
train_217,44,27,0.410790,0.719768,0.031662,0.276813
train_217,45,28,0.391793,0.697378,0.032928,0.267314
train_217,47,30,0.307890,0.636317,0.093085,0.194040
train_217,48,31,0.265780,0.605786,0.088652,0.219822
train_218,11,0,0.478215,0.385148,0.039994,0.233479
train_218,12,1,0.451219,0.373505,0.024853,0.242058
train_218,13,2,0.426651,0.382390,0.032852,0.243896
train_218,14,3,0.407797,0.379633,0.031138,0.243284
train_218,15,4,0.385514,0.388825,0.026567,0.242058
train_218,16,5,0.356947,0.400468,0.048850,0.222448
train_218,17,6,0.312668,0.413337,0.050564,0.208967
train_218,18,7,0.272245,0.409967,0.050850,0.182616
train_218,21,8,0.513924,0.381165,0.037137,0.242671
train_218,22,9,0.544491,0.376569,0.026282,0.243284
train_218,23,10,0.573058,0.384842,0.039994,0.261055
train_218,24,11,0.598768,0.386680,0.045707,0.273311
train_218,25,12,0.621765,0.398630,0.034566,0.255540
train_218,26,13,0.654046,0.418546,0.056849,0.214482
train_218,27,14,0.693754,0.427432,0.056849,0.211418
train_218,28,15,0.730177,0.432028,0.050278,0.202226
train_218,31,16,0.508782,0.656621,0.024568,0.229802
train_218,32,17,0.532064,0.660604,0.027139,0.242671
train_218,33,18,0.560345,0.689099,0.035138,0.283729
train_218,34,19,0.584627,0.680214,0.033424,0.265957
train_218,35,20,0.611481,0.680827,0.035138,0.251250
train_218,36,21,0.653617,0.667651,0.063990,0.238381
train_218,37,22,0.708609,0.664281,0.079131,0.231640
train_218,41,24,0.487070,0.689712,0.026853,0.294759
train_218,42,25,0.465359,0.676231,0.024568,0.273924
train_218,43,26,0.443363,0.679907,0.030281,0.283729
train_218,44,27,0.419081,0.668264,0.029710,0.262893
train_218,45,28,0.396798,0.663362,0.032567,0.248186
train_218,46,29,0.356947,0.647122,0.065990,0.218159
train_218,47,30,0.305526,0.645897,0.071132,0.234092
train_218,48,31,0.255676,0.593502,0.078274,0.188131
train_219,11,0,0.476623,0.401642,0.035945,0.290620
train_219,12,1,0.452975,0.398976,0.032792,0.277289
train_219,13,2,0.422705,0.389644,0.037837,0.282621
train_219,14,3,0.391804,0.381646,0.058017,0.253293
train_219,15,4,0.359012,0.363648,0.051711,0.251960
train_219,16,5,0.338202,0.351650,0.089548,0.233296
train_219,17,6,0.290590,0.289660,0.062431,0.194636
train_219,18,7,0.262843,0.217005,0.067476,0.155975
train_219,21,8,0.507523,0.404975,0.037207,0.275956
train_219,22,9,0.537162,0.407641,0.039729,0.249293
train_219,23,10,0.568693,0.407641,0.040990,0.265291
train_219,24,11,0.597387,0.401642,0.046666,0.247960
train_219,25,12,0.630810,0.399643,0.047927,0.249293
train_219,26,13,0.671485,0.392311,0.053603,0.231963
train_219,27,14,0.715628,0.390977,0.049819,0.239962
train_219,28,15,0.745898,0.298326,0.044774,0.185304
train_219,31,16,0.512568,0.651602,0.024594,0.182637
train_219,32,17,0.534009,0.670266,0.027117,0.217299
train_219,33,18,0.562703,0.684930,0.042882,0.267957
train_219,34,19,0.592972,0.679598,0.049188,0.249293
train_219,35,20,0.625765,0.673599,0.058017,0.253293
train_219,36,21,0.672746,0.658935,0.076305,0.205300
train_219,37,22,0.722565,0.628939,0.081350,0.182637
train_219,41,24,0.493334,0.655602,0.023964,0.182637
train_219,42,25,0.474731,0.660934,0.027117,0.203967
train_219,43,26,0.451713,0.682931,0.034054,0.242628
train_219,44,27,0.423335,0.673599,0.040360,0.253293
train_219,45,28,0.394012,0.659601,0.054864,0.243961
train_219,46,29,0.345139,0.648270,0.085764,0.245294
train_219,47,30,0.294058,0.587613,0.094593,0.235962
train_219,48,31,0.235411,0.624940,0.088287,0.203967
train_22,11,0,0.485850,0.435724,0.032581,0.234597
train_22,12,1,0.462844,0.442961,0.023149,0.192382
train_22,13,2,0.441695,0.442358,0.028294,0.202031
train_22,14,3,0.409686,0.441755,0.052300,0.224948
train_22,15,4,0.382107,0.450801,0.056016,0.237010
train_22,16,5,0.350955,0.472813,0.076021,0.229170
train_22,17,6,0.300084,0.467386,0.073163,0.227964
train_22,21,8,0.517716,0.434518,0.031723,0.233391
train_22,22,9,0.543009,0.433915,0.025721,0.232185
train_22,23,10,0.564730,0.441152,0.029723,0.243040
train_22,24,11,0.588593,0.442358,0.041440,0.259927
train_22,26,13,0.653897,0.487589,0.059445,0.210474
train_22,27,14,0.691051,0.501158,0.056587,0.227964
train_22,31,16,0.503284,0.683287,0.037153,0.195397
train_22,32,17,0.519574,0.688715,0.046299,0.205047
train_22,33,18,0.543438,0.720678,0.030008,0.271385
train_22,34,19,0.569159,0.708918,0.032866,0.229773
train_22,35,20,0.592309,0.724297,0.030580,0.244850
train_22,41,24,0.489709,0.684494,0.030008,0.201428
train_22,42,25,0.471275,0.677558,0.019434,0.199619
train_22,43,26,0.450983,0.697460,0.026293,0.249071
train_22,44,27,0.430263,0.698063,0.032295,0.262339
train_22,45,28,0.398540,0.716457,0.042583,0.279828
train_22,47,30,0.288652,0.692635,0.093741,0.203237
train_220,11,0,0.464589,0.478235,0.035979,0.257816
train_220,12,1,0.433659,0.468736,0.034717,0.260530
train_220,13,2,0.404307,0.463309,0.037873,0.287668
train_220,14,3,0.376849,0.485698,0.042292,0.218465
train_220,15,4,0.344342,0.480949,0.044185,0.244247
train_220,16,5,0.301735,0.491126,0.048604,0.234748
train_220,21,8,0.500884,0.480949,0.039135,0.252388
train_220,22,9,0.531182,0.468058,0.032823,0.259173
train_220,23,10,0.559587,0.470093,0.034086,0.274099
train_220,24,11,0.588623,0.447704,0.042923,0.289025
train_220,25,12,0.625549,0.486376,0.057441,0.233391
train_220,26,13,0.675731,0.492483,0.059334,0.218465
train_220,31,16,0.527395,0.750977,0.027774,0.249674
train_220,32,17,0.552959,0.766582,0.028405,0.286311
train_220,33,18,0.576314,0.757762,0.037242,0.284954
train_220,34,19,0.609769,0.759797,0.051129,0.291739
train_220,35,20,0.648273,0.729266,0.070065,0.244247
train_220,36,21,0.711395,0.693308,0.091527,0.221179
train_220,41,24,0.504671,0.748263,0.025249,0.222536
train_220,42,25,0.482894,0.746906,0.024617,0.241533
train_220,43,26,0.460170,0.758440,0.029667,0.245604
train_220,44,27,0.436815,0.753691,0.033455,0.268671
train_220,45,28,0.409042,0.750299,0.042292,0.270028
train_220,46,29,0.378112,0.742835,0.042292,0.255102
train_220,47,30,0.336136,0.733337,0.064384,0.246960
train_220,48,31,0.285007,0.708912,0.070696,0.238819
train_221,11,0,0.480808,0.381521,0.033114,0.236178
train_221,12,1,0.455486,0.376386,0.025323,0.234125
train_221,13,2,0.429676,0.386655,0.024349,0.234125
train_221,14,3,0.409710,0.376386,0.027271,0.238232
train_221,15,4,0.387796,0.377413,0.024349,0.227964
train_221,16,5,0.353708,0.374333,0.043828,0.225910
train_221,17,6,0.305011,0.356876,0.045776,0.215641
train_221,18,7,0.277740,0.340446,0.053567,0.211534
train_221,21,8,0.516844,0.388709,0.031166,0.225910
train_221,22,9,0.542654,0.380494,0.032140,0.217695
train_221,23,10,0.571872,0.378440,0.037984,0.225910
train_221,24,11,0.596221,0.369198,0.034088,0.223856
train_221,25,12,0.623979,0.363037,0.025323,0.215641
train_221,26,13,0.656606,0.365091,0.045776,0.236178
train_221,27,14,0.702381,0.369198,0.043828,0.211534
train_221,28,15,0.732087,0.341473,0.042854,0.205373
train_221,31,16,0.505157,0.620780,0.021427,0.213587
train_221,32,17,0.528045,0.632075,0.020453,0.236178
train_221,33,18,0.549959,0.637209,0.023375,0.258769
train_221,34,19,0.576255,0.623860,0.025323,0.215641
train_221,35,20,0.606935,0.630021,0.034088,0.248501
train_221,36,21,0.640049,0.617699,0.061359,0.236178
train_221,37,22,0.692642,0.587920,0.063307,0.201265
train_221,38,23,0.739878,0.547872,0.054541,0.190996
train_221,41,24,0.486165,0.626941,0.022401,0.225910
train_221,42,25,0.468634,0.625914,0.026297,0.215641
train_221,43,26,0.450616,0.637209,0.033114,0.234125
train_221,44,27,0.427728,0.640290,0.024349,0.223856
train_221,45,28,0.400945,0.636183,0.031166,0.227964
train_221,46,29,0.364909,0.611538,0.064280,0.211534
train_221,47,30,0.317185,0.602296,0.077916,0.221802
train_221,48,31,0.268488,0.559168,0.064280,0.184835
train_222,11,0,0.491822,0.492835,0.031940,0.204082
train_222,12,1,0.463269,0.485237,0.034843,0.193226
train_222,13,2,0.440525,0.471125,0.031940,0.173686
train_222,14,3,0.416328,0.477638,0.028068,0.199739
train_222,15,4,0.375678,0.492835,0.043554,0.204082
train_222,16,5,0.337447,0.488493,0.048393,0.204082
train_222,17,6,0.303087,0.528658,0.045490,0.245332
train_222,21,8,0.524245,0.479809,0.029036,0.204082
train_222,22,9,0.544570,0.491750,0.025165,0.227964
train_222,23,10,0.570219,0.477638,0.028068,0.230135
train_222,24,11,0.587156,0.481980,0.027100,0.208424
train_222,25,12,0.612321,0.468954,0.034843,0.208424
train_222,26,13,0.635066,0.489579,0.047425,0.188884
train_222,26,13,0.672329,0.501520,0.046458,0.178029
train_222,27,14,0.709108,0.529744,0.036779,0.208424
train_222,31,16,0.513115,0.674121,0.020325,0.219279
train_222,32,17,0.526665,0.683891,0.016454,0.221450
train_222,33,18,0.552797,0.692575,0.026132,0.238819
train_222,34,19,0.572154,0.684976,0.020325,0.210595
train_222,35,20,0.594415,0.686062,0.022261,0.225792
train_222,36,21,0.627807,0.686062,0.058072,0.212766
train_222,37,22,0.673297,0.691489,0.044522,0.227964
train_222,41,24,0.497629,0.690404,0.031940,0.221450
train_222,42,25,0.476820,0.683891,0.030972,0.221450
train_222,43,26,0.454559,0.704516,0.025165,0.254017
train_222,44,27,0.434717,0.727312,0.035811,0.260530
train_222,45,28,0.411489,0.694746,0.028068,0.230135
train_222,46,29,0.373742,0.690404,0.051297,0.191055
train_222,47,30,0.342770,0.686062,0.051297,0.182371
train_223,11,0,0.486660,0.324215,0.033436,0.322188
train_223,12,1,0.462613,0.314083,0.029314,0.340426
train_223,13,2,0.436734,0.307497,0.033436,0.361702
train_223,14,3,0.418642,0.336373,0.037559,0.299899
train_223,16,5,0.363449,0.328774,0.050842,0.292806
train_223,21,8,0.523531,0.316616,0.040307,0.345491
train_223,22,9,0.546891,0.336879,0.027482,0.298886
train_223,23,10,0.572770,0.332827,0.039849,0.343465
train_223,25,12,0.618344,0.359676,0.048551,0.281662
train_223,28,15,0.712699,0.339412,0.063209,0.273556
train_223,31,16,0.508645,0.633232,0.025192,0.269504
train_223,32,17,0.528112,0.636272,0.027482,0.265451
train_223,33,18,0.552617,0.679331,0.026108,0.238095
train_223,35,20,0.613535,0.637791,0.051758,0.242148
train_223,41,24,0.489637,0.635765,0.021986,0.266464
train_223,42,25,0.471316,0.633739,0.030230,0.268490
train_223,43,26,0.446124,0.643364,0.038475,0.287741
train_223,44,27,0.419100,0.634752,0.050384,0.272543
train_223,45,28,0.386122,0.657548,0.032978,0.184397
train_223,46,29,0.349937,0.619048,0.083362,0.261398
train_223,48,31,0.253750,0.517730,0.120921,0.196555
train_224,11,0,0.517021,0.387339,0.036438,0.324715
train_224,12,1,0.486251,0.385020,0.032390,0.318530
train_224,13,2,0.462161,0.414012,0.032795,0.221889
train_224,14,3,0.437868,0.390432,0.040082,0.284513
train_224,15,4,0.407503,0.389659,0.042511,0.264411
train_224,16,5,0.370052,0.381927,0.051824,0.278328
train_224,17,6,0.322075,0.361053,0.051419,0.273689
train_224,18,7,0.278147,0.351389,0.050204,0.246629
train_224,21,8,0.552042,0.414012,0.037653,0.283739
train_224,22,9,0.582205,0.413626,0.032390,0.255134
train_224,23,10,0.609939,0.390045,0.036843,0.279101
train_224,24,11,0.636660,0.399709,0.037653,0.261319
train_224,25,12,0.662977,0.386953,0.039273,0.258999
train_224,26,13,0.699820,0.392365,0.052228,0.240444
train_224,27,14,0.748607,0.357960,0.052633,0.264411
train_224,28,15,0.787272,0.350229,0.059516,0.225755
train_224,31,16,0.537467,0.667600,0.030365,0.212611
train_224,32,17,0.563986,0.680743,0.033199,0.229620
train_224,33,18,0.596376,0.687314,0.058301,0.270596
train_224,34,19,0.623704,0.671465,0.054658,0.241990
train_224,35,20,0.657106,0.667986,0.060731,0.242763
train_224,36,21,0.698808,0.639380,0.085833,0.233486
train_224,37,22,0.758729,0.620052,0.099598,0.228847
train_224,38,23,0.804075,0.553563,0.097169,0.177820
train_224,41,24,0.512365,0.661028,0.025507,0.201014
train_224,42,25,0.483619,0.669532,0.036843,0.230393
train_224,43,26,0.455278,0.670306,0.044941,0.241217
train_224,44,27,0.436047,0.673398,0.037248,0.230393
train_224,45,28,0.392725,0.673398,0.068828,0.256680
train_224,46,29,0.355882,0.650204,0.081784,0.227301
train_224,47,30,0.297783,0.612707,0.100813,0.209519
train_224,48,31,0.251020,0.561294,0.093120,0.184005
train_225,11,0,0.485562,0.384414,0.038293,0.289880
train_225,12,1,0.456685,0.369639,0.029504,0.288472
train_225,13,2,0.426554,0.357678,0.037037,0.326466
train_225,14,3,0.406780,0.370342,0.043942,0.329281
train_225,15,4,0.379159,0.351345,0.035154,0.344760
train_225,16,5,0.347772,0.373860,0.048964,0.265957
train_225,17,6,0.306654,0.364713,0.047081,0.239221
train_225,18,7,0.278719,0.334459,0.062775,0.204041
train_225,21,8,0.520088,0.388636,0.039548,0.292694
train_225,22,9,0.551161,0.397079,0.033898,0.244850
train_225,23,10,0.576585,0.367528,0.032015,0.303951
train_225,24,11,0.602009,0.388636,0.033898,0.261736
train_225,25,12,0.625549,0.379489,0.033271,0.260329
train_225,26,13,0.658820,0.375267,0.053358,0.265957
train_225,27,14,0.697112,0.374564,0.040804,0.222335
train_225,28,15,0.725361,0.346420,0.054614,0.202634
train_225,31,16,0.515380,0.676404,0.022599,0.215299
train_225,32,17,0.535782,0.672886,0.024482,0.233592
train_225,33,18,0.561519,0.689773,0.032015,0.287065
train_225,34,19,0.587571,0.684847,0.033898,0.249071
train_225,35,20,0.615819,0.678515,0.036409,0.242035
train_225,36,21,0.666039,0.664443,0.086629,0.250478
train_225,37,22,0.706529,0.631375,0.080979,0.232185
train_225,38,23,0.760201,0.614488,0.069052,0.195598
train_225,41,24,0.494664,0.681330,0.028876,0.227964
train_225,42,25,0.474890,0.684144,0.034526,0.250478
train_225,43,26,0.450408,0.703844,0.035782,0.289880
train_225,44,27,0.420276,0.710880,0.042059,0.292694
train_225,45,28,0.393911,0.707362,0.045825,0.274401
train_225,46,29,0.353107,0.680626,0.077213,0.271586
train_225,47,30,0.301318,0.633485,0.085374,0.236407
train_225,48,31,0.226616,0.614488,0.114250,0.164640
train_226,11,0,0.467671,0.506839,0.025627,0.225729
train_226,12,1,0.436623,0.509074,0.024641,0.230198
train_226,13,2,0.420360,0.492312,0.025627,0.214554
train_226,14,3,0.400647,0.492312,0.023656,0.223494
train_226,15,4,0.378469,0.496782,0.026613,0.263723
train_226,16,5,0.357278,0.487842,0.033512,0.250313
train_226,17,6,0.324752,0.459905,0.043369,0.221259
train_226,18,7,0.299618,0.435321,0.069981,0.212319
train_226,21,8,0.505618,0.515779,0.032526,0.198909
train_226,22,9,0.527302,0.487842,0.028584,0.219024
train_226,23,10,0.546030,0.485607,0.024641,0.192205
train_226,24,11,0.568207,0.473315,0.027598,0.216789
train_226,25,12,0.587920,0.465493,0.025627,0.223494
train_226,26,13,0.613547,0.467728,0.045340,0.223494
train_226,27,14,0.651494,0.457670,0.050268,0.230198
train_226,31,16,0.489355,0.720275,0.021684,0.245843
train_226,32,17,0.513996,0.728098,0.021684,0.265957
train_226,33,18,0.532724,0.719158,0.017742,0.212319
train_226,34,19,0.559829,0.716923,0.040412,0.230198
train_226,35,20,0.588906,0.713571,0.033512,0.232433
train_226,36,21,0.616011,0.680046,0.050268,0.196674
train_226,37,22,0.680078,0.633113,0.097579,0.138566
train_226,41,24,0.474570,0.740390,0.025627,0.250313
train_226,42,25,0.458307,0.739272,0.024641,0.239138
train_226,43,26,0.438101,0.728098,0.023656,0.234668
train_226,44,27,0.409025,0.715805,0.016756,0.227964
train_226,45,28,0.398182,0.737037,0.034498,0.239138
train_226,46,29,0.365163,0.707983,0.061110,0.194439
train_226,47,30,0.326230,0.663284,0.064067,0.154211
train_226,48,31,0.293211,0.635348,0.051254,0.174325
train_227,11,0,0.510906,0.474660,0.038742,0.243794
train_227,12,1,0.479912,0.472813,0.034868,0.236407
train_227,13,2,0.447951,0.470966,0.043584,0.280733
train_227,14,3,0.413567,0.478354,0.048427,0.225325
train_227,16,5,0.332210,0.463579,0.061987,0.221631
train_227,17,6,0.288141,0.470966,0.055207,0.173611
train_227,21,8,0.550132,0.473737,0.042616,0.253029
train_227,22,9,0.578219,0.479277,0.034868,0.227172
train_227,23,10,0.608567,0.478354,0.034222,0.251182
train_227,24,11,0.638269,0.484818,0.040679,0.227172
train_227,25,12,0.679916,0.492206,0.061987,0.193927
train_227,26,13,0.727859,0.479277,0.055207,0.193927
train_227,31,16,0.542383,0.712503,0.032715,0.206856
train_227,32,17,0.569503,0.712503,0.033576,0.210139
train_227,33,18,0.604370,0.720712,0.053377,0.256107
train_227,34,19,0.638807,0.711682,0.061987,0.208498
train_227,35,20,0.687880,0.702653,0.096424,0.216706
train_227,36,21,0.742549,0.668998,0.100728,0.205214
train_227,37,22,0.789469,0.619747,0.101589,0.183872
train_227,41,24,0.514403,0.714966,0.030132,0.210139
train_227,42,25,0.491158,0.713324,0.035298,0.210139
train_227,43,26,0.458874,0.720712,0.043046,0.244615
train_227,44,27,0.413244,0.714145,0.074040,0.215064
train_227,45,28,0.361589,0.696907,0.106755,0.223273
train_227,46,29,0.304768,0.670640,0.106755,0.213423
train_227,47,30,0.256986,0.620567,0.100728,0.185514
train_228,11,0,0.498330,0.375794,0.041580,0.356452
train_228,12,1,0.465885,0.368196,0.030870,0.338491
train_228,13,2,0.438165,0.376485,0.039690,0.338491
train_228,15,4,0.372015,0.396518,0.042210,0.317767
train_228,17,6,0.303975,0.407571,0.082530,0.334347
train_228,18,7,0.254205,0.455236,0.066150,0.291517
train_228,21,8,0.535501,0.363360,0.037800,0.370268
train_228,22,9,0.574876,0.374413,0.043470,0.337110
train_228,23,10,0.602911,0.376485,0.054180,0.352307
train_228,31,16,0.526996,0.692180,0.032130,0.270793
train_228,32,17,0.546526,0.705305,0.034650,0.294280
train_228,33,18,0.574246,0.717740,0.033390,0.308096
train_228,34,19,0.604486,0.732937,0.033390,0.274938
train_228,36,21,0.688538,0.715552,0.069825,0.240628
train_228,37,22,0.736051,0.662591,0.081900,0.219904
train_228,41,24,0.500536,0.695634,0.025830,0.272175
train_228,42,25,0.475335,0.697016,0.025830,0.288754
train_228,43,26,0.451710,0.713595,0.027720,0.288754
train_228,44,27,0.422415,0.714286,0.037170,0.270793
train_228,45,28,0.393120,0.728102,0.051660,0.273556
train_228,46,29,0.339255,0.705305,0.073710,0.247306
train_229,11,0,0.506276,0.467058,0.024724,0.223646
train_229,12,1,0.488525,0.468266,0.019653,0.213975
train_229,13,2,0.471726,0.466453,0.025358,0.212766
train_229,14,3,0.457779,0.460409,0.030430,0.232108
train_229,15,4,0.431786,0.451946,0.027894,0.220019
train_229,16,5,0.409281,0.442275,0.055154,0.212766
train_229,17,6,0.370927,0.422933,0.049448,0.191006
train_229,21,8,0.524661,0.465849,0.027260,0.221228
train_229,22,9,0.541778,0.454969,0.022188,0.223646
train_229,23,10,0.558260,0.453155,0.027260,0.227273
train_229,24,11,0.576645,0.453155,0.031064,0.217602
train_229,25,12,0.594079,0.457991,0.032966,0.205513
train_229,26,13,0.623558,0.451342,0.046279,0.211557
train_229,27,14,0.666350,0.431395,0.048181,0.203095
train_229,31,16,0.530683,0.679219,0.017751,0.178917
train_229,32,17,0.545264,0.696144,0.020287,0.210348
train_229,33,18,0.564917,0.689495,0.026626,0.211557
train_229,34,19,0.582351,0.685264,0.031064,0.210348
train_229,35,20,0.607709,0.674383,0.038671,0.181335
train_229,36,21,0.651135,0.665921,0.095093,0.193424
train_229,37,22,0.695512,0.634490,0.088754,0.203095
train_229,38,23,0.736719,0.589761,0.077342,0.154739
train_229,41,24,0.514835,0.684659,0.020287,0.175290
train_229,42,25,0.498986,0.681637,0.025358,0.178917
train_229,43,26,0.480918,0.698561,0.027260,0.215184
train_229,44,27,0.460314,0.699166,0.034234,0.228482
train_229,45,28,0.434005,0.690099,0.046279,0.212766
train_229,46,29,0.397553,0.670152,0.083682,0.218810
train_229,47,30,0.355078,0.641139,0.082414,0.223646
train_229,48,31,0.307214,0.602454,0.086852,0.182544
train_23,11,0,0.489789,0.458367,0.028238,0.191969
train_23,12,1,0.466106,0.457367,0.019129,0.181971
train_23,13,2,0.446977,0.455367,0.020951,0.189970
train_23,14,3,0.429214,0.454367,0.023683,0.187970
train_23,15,4,0.407808,0.461366,0.026416,0.181971
train_23,16,5,0.385947,0.467365,0.040990,0.181971
train_23,17,6,0.345867,0.453367,0.046456,0.165973
train_23,18,7,0.319451,0.367381,0.044634,0.161974
train_23,21,8,0.518482,0.452368,0.027327,0.195969
train_23,22,9,0.543076,0.447368,0.027327,0.193969
train_23,23,10,0.569037,0.455367,0.028238,0.181971
train_23,24,11,0.590898,0.465366,0.026416,0.177972
train_23,25,12,0.613215,0.462366,0.029149,0.175972
train_23,26,13,0.642364,0.454367,0.032792,0.171972
train_23,28,15,0.693374,0.441369,0.032792,0.137978
train_23,31,16,0.520304,0.682331,0.029149,0.179971
train_23,32,17,0.539888,0.684331,0.022772,0.191969
train_23,33,18,0.563571,0.682331,0.028238,0.207967
train_23,34,19,0.584978,0.677332,0.034614,0.217965
train_23,35,20,0.610483,0.669333,0.040079,0.201968
train_23,36,21,0.647374,0.655335,0.061030,0.201968
train_23,37,22,0.691097,0.626340,0.081070,0.207967
train_23,41,24,0.493432,0.685330,0.024594,0.193969
train_23,42,25,0.473393,0.687330,0.020951,0.201968
train_23,43,26,0.452442,0.680331,0.020951,0.223964
train_23,44,27,0.433313,0.670333,0.030060,0.215965
train_23,47,30,0.324006,0.621341,0.093822,0.181971
train_230,11,0,0.498233,0.374240,0.050648,0.312817
train_230,12,1,0.472615,0.381206,0.040636,0.303951
train_230,13,2,0.448469,0.382472,0.038280,0.301418
train_230,14,3,0.421084,0.385005,0.042403,0.303951
train_230,17,6,0.313604,0.413501,0.078327,0.252026
train_230,21,8,0.537397,0.379306,0.039458,0.310284
train_230,22,9,0.572733,0.364742,0.046525,0.334347
train_230,23,10,0.596172,0.372878,0.037837,0.322108
train_230,25,12,0.616811,0.382293,0.032834,0.279070
train_230,28,15,0.717971,0.375904,0.061290,0.252845
train_230,32,17,0.554895,0.653966,0.019700,0.226619
train_230,33,18,0.580850,0.657665,0.026580,0.238050
train_230,34,19,0.608212,0.629421,0.038150,0.236705
train_230,35,20,0.638857,0.630094,0.048782,0.250155
train_230,37,22,0.719222,0.606222,0.091310,0.233343
train_230,42,25,0.490634,0.654639,0.037525,0.227964
train_230,43,26,0.469058,0.662036,0.045030,0.252172
train_230,44,27,0.440602,0.655647,0.031271,0.219222
train_230,45,28,0.410269,0.658337,0.049407,0.260914
train_230,48,31,0.287220,0.608239,0.100378,0.194341
train_231,11,0,0.489117,0.498354,0.041633,0.204745
train_231,12,1,0.458619,0.501520,0.036792,0.185748
train_231,13,2,0.434898,0.489911,0.035824,0.179416
train_231,14,3,0.407788,0.481467,0.033887,0.162530
train_231,15,4,0.382131,0.477246,0.030983,0.162530
train_231,16,5,0.352601,0.478301,0.035824,0.164640
train_231,17,6,0.318229,0.447695,0.048410,0.175194
train_231,18,7,0.284342,0.412867,0.048410,0.189970
train_231,21,8,0.524941,0.507852,0.035824,0.185748
train_231,22,9,0.556892,0.506797,0.026142,0.170973
train_231,23,10,0.583517,0.509963,0.029046,0.164640
train_231,24,11,0.610627,0.507852,0.029046,0.168862
train_231,25,12,0.630959,0.485689,0.029046,0.179416
train_231,26,13,0.661942,0.464581,0.044537,0.192080
train_231,27,14,0.687599,0.431864,0.037760,0.177305
train_231,28,15,0.722939,0.391760,0.046474,0.223742
train_231,31,16,0.515259,0.696766,0.024205,0.162530
train_231,32,17,0.537528,0.703099,0.020332,0.175194
train_231,33,18,0.561249,0.706265,0.025173,0.181527
train_231,35,20,0.609175,0.692545,0.039696,0.166751
train_231,37,22,0.683013,0.654193,0.071188,0.208251
train_231,38,23,0.716645,0.600726,0.059060,0.160419
train_231,41,24,0.492022,0.690434,0.022269,0.154086
train_231,42,25,0.469753,0.694656,0.024205,0.162530
train_231,43,26,0.440223,0.695711,0.029046,0.181527
train_231,44,27,0.417470,0.690434,0.030014,0.187859
train_231,45,28,0.393749,0.686212,0.029046,0.200523
train_231,47,30,0.327122,0.667691,0.082909,0.197253
train_231,48,31,0.285310,0.623698,0.091011,0.185255
train_232,11,0,0.473521,0.417089,0.039345,0.232185
train_232,12,1,0.443028,0.422366,0.041313,0.221631
train_232,13,2,0.414503,0.403369,0.031476,0.213188
train_232,14,3,0.398765,0.430809,0.039345,0.242739
train_232,15,4,0.370239,0.441363,0.041313,0.234296
train_232,16,5,0.334828,0.438197,0.053116,0.215299
train_232,17,6,0.285155,0.429753,0.058034,0.223742
train_232,18,7,0.243842,0.361153,0.044263,0.141422
train_232,21,8,0.514833,0.408646,0.041313,0.227964
train_232,22,9,0.552703,0.400203,0.034427,0.249071
train_232,23,10,0.591065,0.400203,0.038362,0.244850
train_232,24,11,0.623033,0.430809,0.051149,0.230074
train_232,25,12,0.654017,0.454027,0.036394,0.213188
train_232,26,13,0.691887,0.444529,0.051149,0.253293
train_232,27,14,0.734675,0.422366,0.054100,0.238517
train_232,28,15,0.769594,0.364319,0.049182,0.143533
train_232,31,16,0.522210,0.639775,0.026558,0.192080
train_232,32,17,0.550736,0.652440,0.026558,0.217410
train_232,33,18,0.574835,0.662994,0.035411,0.200523
train_232,34,19,0.608278,0.666160,0.031476,0.211077
train_232,35,20,0.638279,0.685157,0.038362,0.211077
train_232,36,21,0.682542,0.674603,0.063936,0.202634
train_232,37,22,0.734675,0.648219,0.054100,0.208967
train_232,38,23,0.786316,0.649274,0.055083,0.126646
train_232,41,24,0.497620,0.639775,0.020656,0.208967
train_232,42,25,0.473029,0.650329,0.024591,0.200523
train_232,43,26,0.447946,0.669326,0.035411,0.234296
train_232,44,27,0.420896,0.666160,0.028525,0.211077
train_232,45,28,0.398765,0.662994,0.039345,0.221631
train_232,46,29,0.356960,0.672492,0.063936,0.211077
train_232,47,30,0.297942,0.645052,0.067871,0.198413
train_232,48,31,0.243351,0.645052,0.053116,0.151976
train_233,11,0,0.485949,0.445397,0.036228,0.275727
train_233,12,1,0.462450,0.438884,0.030353,0.275727
train_233,13,2,0.440419,0.437799,0.035249,0.273556
train_233,14,3,0.415940,0.464937,0.043082,0.245332
train_233,15,4,0.392441,0.469279,0.037207,0.240990
train_233,16,5,0.362577,0.479049,0.053853,0.238819
train_233,17,6,0.327328,0.455167,0.051895,0.273556
train_233,21,8,0.520709,0.448654,0.041124,0.269214
train_233,22,9,0.546167,0.448654,0.029374,0.251845
train_233,23,10,0.567218,0.452996,0.032312,0.251845
train_233,24,11,0.590228,0.463851,0.039166,0.238819
train_233,25,12,0.610301,0.466023,0.042103,0.247503
train_233,26,13,0.636248,0.473621,0.048957,0.249674
train_233,27,14,0.674924,0.464937,0.051895,0.258359
train_233,31,16,0.517282,0.752605,0.022520,0.290925
train_233,32,17,0.537844,0.747178,0.032312,0.288754
train_233,33,18,0.557916,0.758033,0.033291,0.310465
train_233,34,19,0.580437,0.758033,0.031333,0.288754
train_233,35,20,0.604426,0.750434,0.053853,0.290925
train_233,36,21,0.642612,0.755862,0.081269,0.236648
train_233,37,22,0.689611,0.718954,0.085186,0.240990
train_233,41,24,0.500147,0.749349,0.019583,0.280069
train_233,42,25,0.479095,0.739579,0.024479,0.282241
train_233,43,26,0.456575,0.753691,0.024479,0.301780
train_233,44,27,0.432586,0.761290,0.031333,0.286583
train_233,45,28,0.415451,0.750434,0.061686,0.282241
train_233,46,29,0.383139,0.747178,0.073436,0.254017
train_233,47,30,0.334182,0.721125,0.089102,0.223621
train_233,48,31,0.292568,0.663591,0.088123,0.173686
train_234,11,0,0.469699,0.408555,0.048710,0.302254
train_234,12,1,0.438702,0.407915,0.036058,0.290727
train_234,13,2,0.414031,0.409836,0.043649,0.276639
train_234,14,3,0.391258,0.416240,0.038588,0.258709
train_234,15,4,0.366270,0.414319,0.031630,0.221568
train_234,16,5,0.335273,0.410476,0.045547,0.213883
train_234,17,6,0.297318,0.397669,0.049342,0.208760
train_234,18,7,0.264423,0.369493,0.046812,0.195953
train_234,21,8,0.501645,0.424565,0.041751,0.259990
train_234,22,9,0.528846,0.422643,0.036690,0.238217
train_234,23,10,0.557945,0.403432,0.032895,0.276639
train_234,24,11,0.580086,0.396388,0.034160,0.242059
train_234,25,12,0.599380,0.382300,0.036058,0.229252
train_234,26,13,0.635121,0.376537,0.049342,0.215164
train_234,27,14,0.665486,0.362449,0.045547,0.210041
train_234,28,15,0.693004,0.331711,0.048710,0.189549
train_234,31,16,0.496584,0.677510,0.022773,0.197234
train_234,32,17,0.516827,0.671107,0.024038,0.202357
train_234,33,18,0.546875,0.689037,0.056301,0.279201
train_234,34,19,0.567434,0.662141,0.051872,0.227971
train_234,35,20,0.592738,0.644211,0.061994,0.207480
train_234,36,21,0.627214,0.616035,0.086665,0.210041
train_234,37,22,0.664537,0.587859,0.077809,0.215164
train_234,38,23,0.710084,0.539831,0.086665,0.201076
train_234,41,24,0.475709,0.678791,0.026569,0.207480
train_234,42,25,0.457047,0.687116,0.030997,0.224129
train_234,43,26,0.422571,0.705686,0.043016,0.261270
train_234,44,27,0.400114,0.686475,0.039853,0.253586
train_234,45,28,0.375443,0.674308,0.055035,0.231814
train_234,46,29,0.332743,0.653817,0.093623,0.234375
train_234,47,30,0.295420,0.622439,0.079706,0.210041
train_234,48,31,0.253353,0.575051,0.070218,0.197234
train_235,11,0,0.483240,0.418566,0.033287,0.330547
train_235,12,1,0.462217,0.398303,0.037958,0.353343
train_235,13,2,0.436814,0.397036,0.031535,0.333080
train_235,14,3,0.417543,0.386905,0.036206,0.320415
train_235,15,4,0.395352,0.410968,0.039710,0.264691
train_235,16,5,0.364985,0.388804,0.042046,0.288754
train_235,17,6,0.330530,0.372340,0.044382,0.281155
train_235,18,7,0.303083,0.329281,0.063069,0.293820
train_235,21,8,0.517305,0.413712,0.036012,0.327170
train_235,22,9,0.542124,0.391548,0.036012,0.348278
train_235,23,10,0.571080,0.392076,0.035525,0.336668
train_235,24,11,0.592979,0.398408,0.041365,0.296564
train_235,25,12,0.619988,0.383105,0.036985,0.310284
train_235,26,13,0.652106,0.394715,0.049638,0.297619
train_235,27,14,0.689578,0.364636,0.048665,0.290231
train_235,28,15,0.722670,0.312394,0.051585,0.318727
train_235,31,16,0.511709,0.711858,0.024819,0.239573
train_235,32,17,0.531175,0.707637,0.026766,0.254348
train_235,33,18,0.561590,0.718191,0.048665,0.305007
train_235,34,19,0.589329,0.720301,0.047691,0.290231
train_235,35,20,0.620961,0.713969,0.060344,0.279677
train_235,36,21,0.667192,0.692334,0.088570,0.259625
train_235,37,22,0.707097,0.647480,0.096356,0.248016
train_235,38,23,0.749922,0.582046,0.090516,0.224797
train_235,41,24,0.489810,0.717663,0.024819,0.249071
train_235,42,25,0.468884,0.705526,0.029685,0.231130
train_235,43,26,0.446741,0.718718,0.033092,0.272290
train_235,44,27,0.426059,0.714497,0.039418,0.268068
train_235,45,28,0.400023,0.712386,0.061317,0.284954
train_235,46,29,0.364255,0.687057,0.078350,0.284954
train_235,47,30,0.312184,0.655923,0.097816,0.273345
train_235,48,31,0.271549,0.583629,0.106089,0.221631
train_236,11,0,0.454110,0.444990,0.060447,0.286311
train_236,12,1,0.433646,0.432099,0.039669,0.309379
train_236,13,2,0.401534,0.440919,0.049743,0.335161
train_236,14,3,0.377922,0.451775,0.037780,0.302594
train_236,15,4,0.349902,0.457881,0.038409,0.301238
train_236,16,5,0.318419,0.461952,0.051002,0.255102
train_236,17,6,0.276232,0.476200,0.053521,0.245604
train_236,18,7,0.264268,0.390035,0.063596,0.127551
train_236,21,8,0.499131,0.434813,0.043447,0.295810
train_236,22,9,0.531873,0.423958,0.043447,0.301238
train_236,23,10,0.565245,0.418530,0.038409,0.331090
train_236,24,11,0.599562,0.434135,0.050373,0.310736
train_236,25,12,0.630415,0.428029,0.037780,0.317521
train_236,26,13,0.665991,0.428707,0.054780,0.280884
train_236,27,14,0.701567,0.429386,0.064225,0.246960
train_236,28,15,0.717938,0.334401,0.060447,0.157403
train_236,31,16,0.507317,0.717054,0.037150,0.252388
train_236,32,17,0.529040,0.731980,0.026446,0.282241
train_236,33,18,0.557060,0.736051,0.037150,0.287668
train_236,34,19,0.587283,0.717054,0.053521,0.268671
train_236,35,20,0.618766,0.710948,0.061077,0.264601
train_236,36,21,0.663472,0.689237,0.087523,0.234748
train_236,37,22,0.707234,0.659384,0.093190,0.221179
train_236,38,23,0.745328,0.628854,0.062336,0.184542
train_236,41,24,0.487482,0.715018,0.045335,0.245604
train_236,42,25,0.471111,0.727231,0.052891,0.272742
train_236,43,26,0.452221,0.739443,0.059188,0.278170
train_236,44,27,0.416331,0.734015,0.044076,0.261887
train_236,45,28,0.388941,0.727909,0.045965,0.284954
train_236,46,29,0.340772,0.715697,0.070522,0.241533
train_236,47,30,0.300474,0.694665,0.079337,0.248317
train_236,48,31,0.256083,0.672954,0.058558,0.164188
train_237,11,0,0.467876,0.486322,0.030234,0.327592
train_237,12,1,0.451436,0.473235,0.041950,0.319993
train_237,13,2,0.425359,0.466481,0.036659,0.316616
train_237,14,3,0.408919,0.469014,0.033258,0.304796
train_237,15,4,0.388511,0.463948,0.033258,0.287909
train_237,16,5,0.364890,0.465637,0.050265,0.267646
train_237,17,6,0.331822,0.460571,0.046107,0.271023
train_237,21,8,0.496221,0.466903,0.029478,0.359676
train_237,22,9,0.518519,0.473658,0.027967,0.317460
train_237,23,10,0.542517,0.458882,0.035147,0.347011
train_237,24,11,0.561602,0.458038,0.040060,0.323370
train_237,25,12,0.583333,0.457194,0.031368,0.303107
train_237,26,13,0.610166,0.466481,0.045729,0.262580
train_237,27,14,0.645125,0.457194,0.054422,0.254137
train_237,28,15,0.670446,0.398514,0.059713,0.258359
train_237,31,16,0.491562,0.746727,0.031397,0.252806
train_237,32,17,0.508732,0.743073,0.027800,0.239654
train_237,33,18,0.533261,0.742343,0.036303,0.270341
train_237,34,19,0.552231,0.721519,0.038265,0.241846
train_237,35,20,0.577741,0.716770,0.050693,0.238193
train_237,36,21,0.612772,0.710103,0.070137,0.239745
train_237,37,22,0.652305,0.675870,0.085412,0.201790
train_237,41,24,0.476518,0.751841,0.026164,0.258651
train_237,42,25,0.456894,0.750380,0.026164,0.270341
train_237,43,26,0.436780,0.758052,0.030416,0.297375
train_237,44,27,0.419283,0.741977,0.034014,0.263765
train_237,45,28,0.400805,0.728460,0.044152,0.255728
train_237,46,29,0.363357,0.712386,0.071952,0.246960
train_237,47,30,0.318060,0.662702,0.089940,0.176818
train_238,11,0,0.482065,0.342452,0.042038,0.330294
train_238,14,3,0.406671,0.371327,0.034727,0.311044
train_238,15,4,0.374229,0.393110,0.051177,0.265451
train_238,16,5,0.345214,0.396150,0.058944,0.279635
train_238,17,6,0.304318,0.390071,0.048435,0.289767
train_238,18,7,0.265707,0.392097,0.044323,0.275583
train_238,21,8,0.517021,0.345491,0.037012,0.324215
train_238,22,9,0.548549,0.340932,0.031528,0.319149
train_238,23,10,0.579621,0.337386,0.045236,0.342452
train_238,24,11,0.607494,0.352077,0.062600,0.317123
train_238,25,12,0.636737,0.344985,0.068083,0.323202
train_238,26,13,0.665296,0.365248,0.067626,0.292806
train_238,27,14,0.709847,0.356636,0.052547,0.301925
train_238,28,15,0.746402,0.349544,0.037012,0.281662
train_238,31,16,0.510167,0.632219,0.024218,0.239108
train_238,32,17,0.532328,0.637791,0.033813,0.258359
train_238,33,18,0.561343,0.656535,0.037012,0.299899
train_238,34,19,0.585561,0.646910,0.039753,0.274569
train_238,35,20,0.610235,0.647416,0.050720,0.273556
train_238,36,21,0.649532,0.635258,0.069911,0.263425
train_238,37,22,0.703907,0.630193,0.083619,0.251266
train_238,38,23,0.750514,0.595745,0.065342,0.212766
train_238,41,24,0.493946,0.631712,0.029244,0.234043
train_238,42,25,0.475440,0.638804,0.035184,0.252280
train_238,43,26,0.455792,0.658561,0.041581,0.273556
train_238,44,27,0.426091,0.665147,0.037926,0.266464
train_238,45,28,0.411012,0.663121,0.043409,0.264438
train_238,46,29,0.374000,0.655015,0.068997,0.270517
train_238,47,30,0.316884,0.667680,0.075394,0.263425
train_238,48,31,0.266621,0.641844,0.077222,0.229990
train_239,11,0,0.470350,0.449012,0.029769,0.212452
train_239,12,1,0.445046,0.440724,0.023815,0.219986
train_239,13,2,0.423836,0.436958,0.026048,0.210945
train_239,14,3,0.402812,0.415863,0.030141,0.219986
train_239,15,4,0.374717,0.404939,0.037955,0.216219
train_239,16,5,0.340669,0.385728,0.045026,0.206425
train_239,17,6,0.304202,0.364634,0.040560,0.171770
train_239,21,8,0.495096,0.450895,0.033118,0.211698
train_239,22,9,0.515190,0.442985,0.036839,0.210945
train_239,23,10,0.539563,0.418877,0.032746,0.224506
train_239,24,11,0.558913,0.407953,0.032002,0.202658
train_239,25,12,0.581612,0.396275,0.032002,0.219986
train_239,26,13,0.609520,0.392885,0.041677,0.210192
train_239,27,14,0.638731,0.365387,0.053956,0.201905
train_239,31,16,0.493188,0.670069,0.029495,0.188575
train_239,32,17,0.512593,0.669127,0.029185,0.191718
train_239,33,18,0.533705,0.671955,0.029806,0.223776
train_239,34,19,0.555438,0.666612,0.027943,0.218118
train_239,35,20,0.585399,0.651526,0.045640,0.203032
train_239,36,21,0.638801,0.605325,0.094074,0.188575
train_239,37,22,0.675592,0.539953,0.093763,0.153374
train_239,41,24,0.475646,0.677927,0.030426,0.216861
train_239,42,25,0.450653,0.668812,0.025148,0.207432
train_239,43,26,0.427678,0.662526,0.028253,0.217490
train_239,44,27,0.404082,0.666612,0.029495,0.231947
train_239,45,28,0.368688,0.644297,0.056196,0.199889
train_239,46,29,0.325843,0.617268,0.094695,0.208690
train_239,47,30,0.293709,0.547496,0.085070,0.174746
train_24,11,0,0.475189,0.366891,0.046740,0.285530
train_24,12,1,0.450335,0.366891,0.031160,0.276319
train_24,13,2,0.417691,0.348469,0.040063,0.300881
train_24,14,3,0.394321,0.361518,0.042288,0.283995
train_24,15,4,0.363162,0.359983,0.042288,0.274784
train_24,16,5,0.324583,0.359983,0.054159,0.253293
train_24,17,6,0.280068,0.355377,0.055643,0.234872
train_24,18,7,0.258553,0.282460,0.048224,0.147370
train_24,21,8,0.508945,0.365356,0.035611,0.260968
train_24,22,9,0.531944,0.359983,0.035611,0.265574
train_24,23,10,0.564217,0.340794,0.040805,0.325443
train_24,24,11,0.593151,0.358448,0.040805,0.274784
train_24,25,12,0.621715,0.350772,0.051933,0.274784
train_24,26,13,0.668084,0.353075,0.061578,0.257898
train_24,27,14,0.716307,0.350005,0.064546,0.217985
train_24,28,15,0.733000,0.257898,0.065287,0.159651
train_24,31,16,0.514139,0.637070,0.019289,0.239477
train_24,32,17,0.532315,0.645513,0.028934,0.262503
train_24,33,18,0.557540,0.668539,0.037837,0.290135
train_24,34,19,0.579426,0.639372,0.037095,0.244082
train_24,35,20,0.603167,0.640140,0.044514,0.251758
train_24,36,21,0.656213,0.639372,0.088286,0.265574
train_24,36,21,0.714824,0.609438,0.094222,0.254828
train_24,37,22,0.772321,0.568757,0.089770,0.167327
train_24,41,24,0.494107,0.619416,0.023741,0.210310
train_24,42,25,0.477415,0.631697,0.030418,0.225661
train_24,43,26,0.451077,0.673145,0.037095,0.302416
train_24,44,27,0.425110,0.654724,0.041547,0.253293
train_24,45,28,0.398773,0.651653,0.046740,0.256363
train_24,46,29,0.347582,0.636302,0.080867,0.253293
train_24,47,30,0.294165,0.606368,0.082351,0.242547
train_24,48,31,0.238522,0.571060,0.080867,0.171932
train_240,11,0,0.486987,0.358409,0.037504,0.352077
train_240,12,1,0.455355,0.365586,0.031822,0.298886
train_240,13,2,0.422965,0.375296,0.035989,0.319993
train_240,14,3,0.398720,0.380784,0.041293,0.295508
train_240,21,8,0.522787,0.367275,0.037125,0.329281
train_240,22,9,0.554230,0.389649,0.028791,0.289598
train_240,23,10,0.581695,0.382472,0.033716,0.320838
train_240,24,11,0.603288,0.398936,0.042808,0.301418
train_240,25,12,0.632837,0.406113,0.040535,0.273556
train_240,31,16,0.516536,0.685157,0.022351,0.245694
train_240,32,17,0.538129,0.686846,0.023866,0.250760
train_240,33,18,0.561617,0.689379,0.029928,0.250760
train_240,34,19,0.587946,0.681780,0.035610,0.228808
train_240,36,21,0.648369,0.679247,0.064022,0.255826
train_240,37,22,0.689093,0.641253,0.073493,0.257514
train_240,41,24,0.493427,0.683891,0.021593,0.241472
train_240,42,25,0.469940,0.684313,0.029170,0.252448
train_240,43,26,0.444748,0.683468,0.031822,0.272712
train_240,44,27,0.420123,0.676292,0.031822,0.251604
train_240,45,28,0.391332,0.673337,0.043187,0.249071
train_240,46,29,0.354775,0.660672,0.063265,0.265957
train_240,47,30,0.312346,0.615502,0.068568,0.251604
train_241,11,0,0.472163,0.428986,0.042283,0.258359
train_241,12,1,0.441523,0.407571,0.036155,0.284609
train_241,13,2,0.413028,0.415170,0.044122,0.288754
train_241,14,3,0.385146,0.446947,0.047186,0.236253
train_241,15,4,0.358489,0.462144,0.045347,0.200332
train_241,16,5,0.319882,0.453855,0.058829,0.225200
train_241,17,6,0.286791,0.464907,0.050250,0.189279
train_241,18,7,0.265343,0.343327,0.050250,0.178226
train_241,21,8,0.513528,0.423460,0.041670,0.252832
train_241,22,9,0.548151,0.413788,0.039832,0.269411
train_241,23,10,0.578791,0.412407,0.039832,0.297043
train_241,24,11,0.603609,0.426223,0.046573,0.255595
train_241,25,12,0.632105,0.442802,0.036155,0.241779
train_241,26,13,0.669179,0.448328,0.045347,0.225200
train_241,27,14,0.709930,0.446947,0.058216,0.203095
train_241,28,15,0.724331,0.370959,0.071085,0.153357
train_241,31,16,0.511076,0.680437,0.024512,0.233490
train_241,32,17,0.533137,0.676292,0.026963,0.236253
train_241,33,18,0.560713,0.684581,0.035542,0.263885
train_241,34,19,0.591353,0.677673,0.033091,0.244543
train_241,35,20,0.621381,0.673529,0.035542,0.230727
train_241,37,22,0.704415,0.641061,0.080277,0.201713
train_241,41,24,0.488096,0.679746,0.026350,0.232108
train_241,42,25,0.465729,0.679055,0.034317,0.233490
train_241,43,26,0.443362,0.690108,0.039832,0.263885
train_241,44,27,0.414560,0.687345,0.036155,0.255595
train_241,45,28,0.381162,0.671456,0.035542,0.218292
train_241,47,30,0.300579,0.662476,0.064344,0.208621
train_242,31,16,0.510586,0.661916,0.022943,0.252608
train_242,32,17,0.530317,0.663969,0.029367,0.260823
train_242,33,18,0.560602,0.673211,0.034874,0.279307
train_242,41,24,0.486266,0.661916,0.025696,0.252608
train_242,42,25,0.466535,0.662943,0.026614,0.266984
train_242,43,26,0.440839,0.660889,0.032120,0.266984
train_243,11,0,0.490786,0.393193,0.035517,0.309253
train_243,12,1,0.462130,0.397611,0.028252,0.268608
train_243,13,2,0.440335,0.392309,0.036325,0.268608
train_243,14,3,0.419751,0.375521,0.045204,0.252704
train_243,15,4,0.391902,0.367569,0.042782,0.243868
train_243,16,5,0.360421,0.356966,0.058927,0.243868
train_243,17,6,0.316428,0.304835,0.054891,0.273910
train_243,21,8,0.521863,0.383474,0.037939,0.303951
train_243,22,9,0.547291,0.371103,0.040361,0.286280
train_243,23,10,0.574736,0.354315,0.040361,0.309253
train_243,24,11,0.595723,0.345480,0.038746,0.273910
train_243,25,12,0.618325,0.332226,0.043590,0.272143
train_243,26,13,0.647385,0.309253,0.048433,0.275677
train_243,27,14,0.683710,0.285396,0.053276,0.270375
train_243,31,16,0.508118,0.683891,0.030853,0.232185
train_243,32,17,0.529330,0.696555,0.030853,0.257514
train_243,33,18,0.562112,0.700777,0.050137,0.294101
train_243,34,19,0.592001,0.693037,0.058493,0.281436
train_243,35,20,0.623985,0.655941,0.072612,0.239318
train_243,36,21,0.664680,0.621878,0.104529,0.255040
train_243,37,22,0.700986,0.572966,0.098944,0.244559
train_243,38,23,0.740484,0.546763,0.078996,0.220103
train_243,41,24,0.485543,0.691751,0.028726,0.225343
train_243,42,25,0.465595,0.696119,0.030322,0.248052
train_243,43,26,0.437268,0.702232,0.035907,0.281242
train_243,44,27,0.404952,0.703979,0.052664,0.267268
train_243,45,28,0.375827,0.684764,0.066229,0.260280
train_243,47,30,0.300423,0.609650,0.106923,0.242812
train_243,48,31,0.269702,0.545016,0.099742,0.204381
train_244,11,0,0.484562,0.379261,0.033561,0.240176
train_244,12,1,0.460816,0.369762,0.032928,0.229320
train_244,13,2,0.436436,0.343981,0.036094,0.278170
train_244,14,3,0.414590,0.326341,0.045593,0.289025
train_244,15,4,0.387994,0.320913,0.041793,0.251031
train_244,16,5,0.350000,0.357550,0.056991,0.204896
train_244,17,6,0.308523,0.312093,0.047492,0.246960
train_244,18,7,0.274012,0.287668,0.049392,0.179114
train_244,21,8,0.511158,0.373155,0.039894,0.246960
train_244,22,9,0.537120,0.370441,0.037361,0.227964
train_244,23,10,0.565616,0.335161,0.047492,0.249674
train_244,24,11,0.593794,0.322270,0.050659,0.248317
train_244,25,12,0.622606,0.313450,0.039894,0.241533
train_244,26,13,0.659017,0.310058,0.046859,0.248317
train_244,27,14,0.699544,0.308022,0.060790,0.162831
train_244,31,16,0.513690,0.620794,0.022163,0.204896
train_244,32,17,0.537753,0.627578,0.032295,0.237462
train_244,33,18,0.559916,0.619437,0.036094,0.264601
train_244,34,19,0.589995,0.618080,0.039260,0.234748
train_244,35,20,0.628622,0.597726,0.039260,0.232034
train_244,36,21,0.684030,0.547520,0.090552,0.183185
train_244,37,22,0.728673,0.493243,0.096251,0.180471
train_244,41,24,0.495960,0.629614,0.022163,0.211680
train_244,42,25,0.476646,0.623507,0.027862,0.215751
train_244,43,26,0.454167,0.636398,0.037361,0.241533
train_244,44,27,0.422822,0.654717,0.031662,0.286311
train_244,45,28,0.393060,0.619437,0.048126,0.221179
train_244,47,30,0.309157,0.562446,0.085486,0.199468
train_244,48,31,0.261031,0.521059,0.088019,0.206253
train_245,11,0,0.481267,0.438004,0.045522,0.279059
train_245,12,1,0.455028,0.436039,0.039832,0.267268
train_245,13,2,0.416145,0.423593,0.055638,0.292160
train_245,14,3,0.391171,0.442590,0.055006,0.275128
train_245,16,5,0.345333,0.468138,0.067018,0.244995
train_245,17,6,0.302973,0.475343,0.055638,0.235824
train_245,18,7,0.265670,0.478619,0.054373,0.247616
train_245,21,8,0.517937,0.443245,0.035406,0.276439
train_245,22,9,0.542911,0.445865,0.034774,0.294780
train_245,23,10,0.576420,0.434074,0.039832,0.318363
train_245,24,11,0.596652,0.473378,0.041096,0.271198
train_245,25,12,0.627948,0.479929,0.040464,0.260717
train_245,26,13,0.662721,0.485824,0.053109,0.262027
train_245,27,14,0.699708,0.486479,0.051212,0.263337
train_245,31,16,0.511298,0.662038,0.037303,0.247616
train_245,32,17,0.533427,0.675794,0.044890,0.227964
train_245,33,18,0.553027,0.715753,0.041096,0.284299
train_245,34,19,0.582742,0.728199,0.034774,0.264647
train_245,35,20,0.611509,0.746541,0.034141,0.259407
train_245,37,22,0.688011,0.730820,0.092308,0.225343
train_245,38,23,0.731636,0.707892,0.083457,0.237134
train_245,41,24,0.493279,0.667278,0.026554,0.258097
train_245,42,25,0.473680,0.669243,0.027819,0.272508
train_245,43,26,0.448074,0.696756,0.036038,0.296091
train_245,44,27,0.417410,0.696756,0.034141,0.275128
train_245,45,28,0.387694,0.692826,0.035406,0.248926
train_245,47,30,0.309295,0.720994,0.058167,0.265957
train_245,48,31,0.235322,0.681690,0.108747,0.155906
train_246,11,0,0.490984,0.487589,0.031676,0.301418
train_246,12,1,0.466923,0.485056,0.028631,0.278622
train_246,13,2,0.442556,0.451494,0.038377,0.305218
train_246,14,3,0.417996,0.456076,0.048954,0.237471
train_246,15,4,0.392825,0.433921,0.050226,0.222496
train_246,16,5,0.357697,0.406813,0.067305,0.227964
train_246,17,6,0.320033,0.367892,0.069534,0.214990
train_246,21,8,0.522393,0.486044,0.032092,0.293758
train_246,22,9,0.544011,0.490214,0.036995,0.240937
train_246,23,10,0.569195,0.448514,0.034767,0.276151
train_246,24,11,0.592186,0.436012,0.044128,0.250809
train_246,25,12,0.614733,0.417169,0.046284,0.226436
train_246,26,13,0.647655,0.390420,0.065222,0.229274
train_246,27,14,0.683259,0.356684,0.065852,0.215517
train_246,31,16,0.517540,0.731383,0.031715,0.167806
train_246,32,17,0.536062,0.732175,0.031981,0.191553
train_246,33,18,0.562142,0.736132,0.042261,0.242211
train_246,34,19,0.587270,0.702096,0.053682,0.227964
train_246,35,20,0.614682,0.678350,0.067389,0.234296
train_246,36,21,0.650535,0.630066,0.090526,0.224446
train_246,37,22,0.698167,0.572020,0.101527,0.205449
train_246,41,24,0.499005,0.746862,0.031473,0.200523
train_246,42,25,0.478386,0.752603,0.035513,0.225808
train_246,43,26,0.455044,0.737019,0.032895,0.239910
train_246,44,27,0.428530,0.707073,0.039337,0.216372
train_246,45,28,0.398640,0.687432,0.061949,0.231183
train_246,46,29,0.352863,0.641675,0.101978,0.225149
train_246,47,30,0.295480,0.571740,0.124181,0.193174
train_247,11,0,0.491149,0.487715,0.043465,0.200523
train_247,12,1,0.462008,0.488771,0.024696,0.211077
train_247,13,2,0.437806,0.489826,0.031611,0.208967
train_247,14,3,0.413110,0.479272,0.027659,0.200523
train_247,15,4,0.373597,0.473995,0.039513,0.219520
train_247,17,6,0.298522,0.467663,0.037538,0.215299
train_247,21,8,0.521772,0.477161,0.025684,0.196302
train_247,22,9,0.545974,0.481383,0.022720,0.183637
train_247,23,10,0.572645,0.458164,0.030623,0.192080
train_247,26,13,0.648214,0.458164,0.035562,0.204745
train_247,27,14,0.686739,0.461331,0.033586,0.198413
train_247,31,16,0.513869,0.688239,0.025684,0.187859
train_247,32,17,0.534614,0.692460,0.023708,0.200523
train_247,33,18,0.553876,0.709347,0.022720,0.217410
train_247,34,19,0.574621,0.703014,0.018769,0.208967
train_247,35,20,0.599316,0.706180,0.024696,0.227964
train_247,36,21,0.636360,0.694571,0.063221,0.217410
train_247,37,22,0.492137,0.700903,0.019757,0.217410
train_247,41,24,0.469911,0.710402,0.020744,0.206856
train_247,41,24,0.490161,0.701959,0.019757,0.189970
train_247,42,25,0.470405,0.696682,0.019757,0.213188
train_247,43,26,0.449660,0.729399,0.035562,0.244850
train_247,44,27,0.429410,0.738897,0.018769,0.238517
train_247,45,28,0.404714,0.724122,0.020744,0.208967
train_247,48,31,0.299016,0.659743,0.080014,0.147754
train_248,11,0,0.466524,0.319494,0.044131,0.351156
train_248,12,1,0.429486,0.333310,0.036250,0.339643
train_248,13,2,0.402692,0.331008,0.039402,0.358064
train_248,14,3,0.379051,0.341945,0.041504,0.329281
train_248,15,4,0.353045,0.332159,0.035725,0.346551
train_248,21,8,0.509341,0.325251,0.040453,0.341945
train_248,22,9,0.543490,0.314313,0.032047,0.343097
train_248,23,10,0.575537,0.281500,0.052011,0.422538
train_248,24,11,0.597865,0.322948,0.051486,0.341945
train_248,25,12,0.627811,0.338491,0.048334,0.299346
train_248,27,14,0.702150,0.335613,0.058315,0.265957
train_248,31,16,0.507240,0.653380,0.034149,0.312011
train_248,32,17,0.530881,0.661440,0.028895,0.323524
train_248,33,18,0.555573,0.653956,0.028895,0.303951
train_248,34,19,0.578426,0.654532,0.042029,0.293589
train_248,35,20,0.610474,0.629202,0.047283,0.254444
train_248,38,23,0.741552,0.553790,0.082482,0.216450
train_248,41,24,0.479133,0.659137,0.031522,0.323524
train_248,42,25,0.452864,0.660288,0.038877,0.309708
train_248,43,26,0.430536,0.675256,0.041504,0.332735
train_248,44,27,0.398226,0.686769,0.036776,0.337340
train_248,45,28,0.370907,0.667772,0.034674,0.292438
train_248,47,30,0.298407,0.632081,0.094566,0.248687
train_248,48,31,0.254802,0.583149,0.091413,0.226812
train_249,11,0,0.485745,0.426536,0.030290,0.281012
train_249,12,1,0.469023,0.422951,0.038493,0.259506
train_249,13,2,0.442835,0.409331,0.035338,0.281012
train_249,14,3,0.424219,0.389258,0.038493,0.281012
train_249,15,4,0.403710,0.376355,0.036600,0.269542
train_249,16,5,0.376576,0.364885,0.047959,0.286747
train_249,17,6,0.338398,0.355566,0.051114,0.273843
train_249,21,8,0.514457,0.437289,0.029659,0.262373
train_249,22,9,0.539067,0.425102,0.025872,0.263807
train_249,23,10,0.559891,0.414349,0.033445,0.299650
train_249,24,11,0.569672,0.398578,0.045434,0.288180
train_249,25,12,0.599962,0.390692,0.041648,0.272409
train_249,26,13,0.627097,0.386391,0.050483,0.232265
train_249,27,14,0.658333,0.387825,0.056162,0.206458
train_249,28,15,0.674424,0.351265,0.074462,0.179217
train_249,31,16,0.512248,0.691059,0.021455,0.219361
train_249,32,17,0.534335,0.691776,0.023979,0.223662
train_249,33,18,0.557998,0.698228,0.033445,0.225096
train_249,34,19,0.577560,0.675288,0.041017,0.239433
train_249,35,20,0.599331,0.673138,0.055531,0.263807
train_249,36,21,0.636247,0.643029,0.078879,0.255204
train_249,37,22,0.686729,0.602885,0.086452,0.240867
train_249,38,23,0.735950,0.559873,0.082665,0.189253
train_249,41,24,0.494264,0.693210,0.025872,0.232265
train_249,42,25,0.473124,0.691776,0.027766,0.240867
train_249,43,26,0.450091,0.696794,0.033445,0.253771
train_249,44,27,0.434000,0.673138,0.041648,0.252337
train_249,45,28,0.410652,0.659517,0.053007,0.245168
train_249,46,29,0.380362,0.644463,0.070676,0.249470
train_249,47,30,0.335243,0.612921,0.067521,0.226530
train_249,48,31,0.273086,0.572059,0.093393,0.119000
train_25,11,0,0.493259,0.242301,0.024190,0.311120
train_25,12,1,0.469706,0.243735,0.034375,0.308253
train_25,13,2,0.449017,0.239433,0.032465,0.316855
train_25,14,3,0.427692,0.241584,0.038194,0.298216
train_25,17,6,0.332843,0.256638,0.073842,0.259506
train_25,21,8,0.519676,0.263090,0.028646,0.289614
train_25,22,9,0.543866,0.256638,0.027372,0.308253
train_25,23,10,0.570920,0.243735,0.033102,0.351265
train_25,24,11,0.588744,0.270259,0.025463,0.283879
train_25,25,12,0.605613,0.271692,0.029919,0.286747
train_25,26,13,0.637442,0.269542,0.046470,0.276710
train_25,27,14,0.674681,0.265241,0.044560,0.248036
train_25,31,16,0.522541,0.636577,0.026736,0.293915
train_25,32,17,0.546412,0.652348,0.036284,0.319722
train_25,33,18,0.572512,0.665252,0.041377,0.354132
train_25,34,19,0.597656,0.650198,0.034375,0.329759
train_25,35,20,0.628211,0.621523,0.061111,0.292482
train_25,37,22,0.693460,0.548403,0.085937,0.232265
train_25,38,23,0.729744,0.490337,0.088483,0.202156
train_25,41,24,0.502807,0.613638,0.021643,0.265241
train_25,42,25,0.479891,0.620089,0.025463,0.289614
train_25,43,26,0.452200,0.640879,0.043923,0.328325
train_25,44,27,0.428329,0.629409,0.043287,0.305385
train_25,45,28,0.408913,0.625108,0.052835,0.331192
train_25,46,29,0.366900,0.588547,0.079571,0.278144
train_25,47,30,0.305152,0.578511,0.119039,0.283879
train_25,48,31,0.258683,0.508258,0.129224,0.240867
train_250,11,0,0.488789,0.445263,0.033089,0.202948
train_250,12,1,0.464945,0.450189,0.024330,0.181274
train_250,13,2,0.445480,0.438367,0.028223,0.193096
train_250,14,3,0.429422,0.429500,0.035036,0.179303
train_250,15,4,0.408498,0.411767,0.032116,0.179303
train_250,16,5,0.375409,0.413737,0.041848,0.167481
train_250,17,6,0.335507,0.389108,0.041848,0.173392
train_250,18,7,0.301931,0.376300,0.046714,0.151718
train_250,21,8,0.516525,0.442308,0.028223,0.208859
train_250,22,9,0.535990,0.441323,0.024330,0.195066
train_250,24,11,0.571512,0.433441,0.029197,0.187185
train_250,25,12,0.598762,0.427530,0.029197,0.183244
train_250,26,13,0.626499,0.422604,0.036009,0.173392
train_250,27,14,0.662508,0.404871,0.034063,0.169451
train_250,28,15,0.694137,0.387137,0.031143,0.169451
train_250,31,16,0.518958,0.652152,0.025304,0.135955
train_250,32,17,0.541829,0.642300,0.022384,0.167481
train_250,33,18,0.560320,0.665944,0.028223,0.202948
train_250,34,19,0.585137,0.649196,0.033089,0.185214
train_250,35,20,0.612387,0.651166,0.042822,0.193096
train_250,36,21,0.647423,0.640329,0.068125,0.206888
train_250,37,22,0.692678,0.604863,0.074938,0.195066
train_250,38,23,0.723820,0.560530,0.055473,0.157629
train_250,41,24,0.495114,0.650181,0.014598,0.132015
train_250,42,25,0.470784,0.649196,0.022384,0.161570
train_250,43,26,0.445967,0.657078,0.029197,0.200977
train_250,44,27,0.421150,0.642300,0.032116,0.195066
train_250,45,28,0.389520,0.622596,0.046714,0.179303
train_250,47,30,0.300958,0.581218,0.081750,0.171422
train_250,48,31,0.272734,0.539841,0.052554,0.151718
train_251,11,0,0.495294,0.426617,0.027596,0.210595
train_251,12,1,0.467205,0.428789,0.018726,0.201911
train_251,13,2,0.448973,0.411420,0.023653,0.188884
train_251,14,3,0.434682,0.409249,0.022668,0.193226
train_251,15,4,0.415956,0.395137,0.028581,0.199739
train_251,16,5,0.389839,0.392966,0.033509,0.191055
train_251,17,6,0.357315,0.377768,0.039422,0.195397
train_251,18,7,0.327256,0.371255,0.056177,0.199739
train_251,21,8,0.525354,0.422275,0.038437,0.206253
train_251,22,9,0.550485,0.417933,0.033509,0.206253
train_251,23,10,0.576603,0.408163,0.028581,0.191055
train_251,24,11,0.593357,0.411420,0.026610,0.197568
train_251,25,12,0.617011,0.417933,0.042379,0.188884
train_251,26,13,0.653477,0.399479,0.040408,0.186713
train_251,27,14,0.687971,0.389709,0.038437,0.180200
train_251,31,16,0.510077,0.641554,0.019711,0.180200
train_251,32,17,0.527325,0.664351,0.030552,0.234477
train_251,33,18,0.545065,0.651324,0.018726,0.212766
train_251,34,19,0.562805,0.650239,0.016755,0.201911
train_251,35,20,0.581038,0.629614,0.025625,0.186713
train_251,37,22,0.655940,0.612245,0.063076,0.186713
train_251,38,23,0.700291,0.587277,0.063076,0.180200
train_251,41,24,0.492337,0.629614,0.023653,0.186713
train_251,42,25,0.472626,0.642640,0.019711,0.212766
train_251,43,26,0.455871,0.642640,0.019711,0.186713
train_251,44,27,0.433204,0.637212,0.023653,0.210595
train_251,45,28,0.418420,0.630699,0.035480,0.206253
train_251,46,29,0.385404,0.629614,0.052235,0.225792
train_251,47,30,0.344010,0.585106,0.064061,0.188884
train_251,48,31,0.303602,0.553626,0.060119,0.151976
train_252,11,0,0.500218,0.491937,0.037631,0.208967
train_252,12,1,0.471994,0.499325,0.034660,0.206856
train_252,13,2,0.444761,0.492992,0.039612,0.198413
train_252,14,3,0.422975,0.478217,0.039612,0.223742
train_252,15,4,0.394256,0.489826,0.039612,0.196302
train_252,16,5,0.370489,0.488771,0.055457,0.198413
train_252,17,6,0.331868,0.471884,0.057437,0.198413
train_252,18,7,0.306120,0.427558,0.081204,0.168862
train_252,21,8,0.528936,0.494048,0.023767,0.208967
train_252,22,9,0.553199,0.485605,0.028719,0.208967
train_252,23,10,0.576471,0.482438,0.035651,0.223742
train_252,24,11,0.614102,0.491937,0.047534,0.225853
train_252,25,12,0.643316,0.496158,0.036641,0.234296
train_252,26,13,0.675500,0.478217,0.041592,0.194191
train_252,27,14,0.699267,0.457109,0.057437,0.189970
train_252,31,16,0.525470,0.716734,0.028719,0.156197
train_252,32,17,0.541315,0.720956,0.026738,0.181527
train_252,33,18,0.565082,0.711457,0.036641,0.192080
train_252,34,19,0.590830,0.731510,0.026738,0.194191
train_252,35,20,0.617073,0.727288,0.035651,0.185748
train_252,37,22,0.679956,0.694571,0.080214,0.149865
train_252,38,23,0.727491,0.660799,0.068330,0.166751
train_252,41,24,0.502694,0.705125,0.020796,0.149865
train_252,42,25,0.484373,0.731510,0.031689,0.202634
train_252,43,26,0.456645,0.725177,0.025748,0.189970
train_252,44,27,0.425946,0.739953,0.033670,0.211077
train_252,45,28,0.399208,0.720956,0.049515,0.185748
train_252,46,29,0.361081,0.711457,0.052486,0.187859
train_252,47,30,0.310576,0.693516,0.060408,0.185748
train_252,48,31,0.273935,0.668186,0.046544,0.194191
train_253,11,0,0.502496,0.451501,0.033443,0.286245
train_253,12,1,0.477667,0.454820,0.033106,0.261900
train_253,13,2,0.452162,0.436912,0.034795,0.291814
train_253,14,3,0.429650,0.430598,0.043816,0.269053
train_253,15,4,0.403371,0.437948,0.044827,0.254354
train_253,16,5,0.372179,0.430485,0.057784,0.231356
train_253,17,6,0.321385,0.417933,0.059959,0.226607
train_253,21,8,0.534558,0.447823,0.032497,0.294352
train_253,22,9,0.561994,0.452599,0.024237,0.250857
train_253,23,10,0.581845,0.446429,0.025130,0.272290
train_253,24,11,0.601709,0.465426,0.038394,0.214207
train_253,25,12,0.625705,0.440205,0.037794,0.252856
train_253,26,13,0.651651,0.433000,0.042294,0.244995
train_253,27,14,0.688095,0.422519,0.034195,0.230584
train_253,28,15,0.719141,0.412365,0.039294,0.208967
train_253,31,16,0.503221,0.720334,0.027457,0.231065
train_253,32,17,0.520027,0.723010,0.033138,0.233983
train_253,33,18,0.541762,0.741980,0.031632,0.254339
train_253,34,19,0.564479,0.732246,0.029906,0.242407
train_253,35,20,0.590935,0.730048,0.047160,0.254339
train_253,36,21,0.628174,0.701475,0.083105,0.236128
train_253,37,22,0.675909,0.673843,0.075053,0.229848
train_253,38,23,0.718611,0.631453,0.074765,0.173956
train_253,41,24,0.479315,0.717232,0.035505,0.221760
train_253,42,25,0.463822,0.709151,0.030648,0.217369
train_253,43,26,0.437518,0.726775,0.045474,0.266334
train_253,44,27,0.414092,0.726399,0.053053,0.252039
train_253,45,28,0.386876,0.712104,0.079235,0.259562
train_253,46,29,0.359660,0.686900,0.108863,0.227211
train_253,47,30,0.311430,0.657934,0.112308,0.220440
train_253,48,31,0.273018,0.594737,0.092671,0.179813
train_254,11,0,0.496654,0.450188,0.043524,0.252105
train_254,12,1,0.457724,0.446956,0.043040,0.216090
train_254,13,2,0.425565,0.448803,0.051261,0.245641
train_254,14,3,0.397516,0.453421,0.047392,0.219784
train_254,15,4,0.365841,0.453421,0.050778,0.236407
train_254,16,5,0.327153,0.449265,0.054646,0.229942
train_254,17,6,0.274199,0.459423,0.051261,0.235483
train_254,18,7,0.248569,0.394319,0.063835,0.131132
train_254,21,8,0.536308,0.448341,0.044491,0.244718
train_254,22,9,0.571127,0.444186,0.049327,0.227172
train_254,23,10,0.615135,0.453882,0.051261,0.239177
train_254,24,11,0.645601,0.456191,0.042556,0.225325
train_254,25,12,0.685014,0.458961,0.037237,0.217937
train_254,26,13,0.731198,0.459423,0.056097,0.198545
train_254,27,14,0.777865,0.421561,0.065286,0.126514
train_254,31,16,0.526395,0.696291,0.036270,0.229019
train_254,32,17,0.550816,0.707373,0.049327,0.238254
train_254,33,18,0.588295,0.713837,0.043040,0.230866
train_254,34,19,0.628675,0.724457,0.054163,0.246565
train_254,35,20,0.665429,0.715684,0.063835,0.236407
train_254,36,21,0.718866,0.711990,0.079793,0.232713
train_254,37,22,0.782217,0.693983,0.090433,0.244718
train_254,38,23,0.840007,0.661661,0.088015,0.165300
train_254,41,24,0.506809,0.697215,0.036753,0.241947
train_254,42,25,0.479969,0.702294,0.034335,0.229942
train_254,43,26,0.442249,0.718454,0.054646,0.240100
train_254,44,27,0.407188,0.729536,0.061900,0.232713
train_254,45,28,0.380349,0.726766,0.067220,0.240100
train_254,46,29,0.326911,0.734153,0.091883,0.262264
train_254,47,30,0.261142,0.709220,0.099621,0.238254
train_254,48,31,0.204803,0.662123,0.092367,0.166223
train_255,11,0,0.488630,0.424146,0.032713,0.203379
train_255,12,1,0.465334,0.423029,0.025774,0.227964
train_255,13,2,0.445013,0.421911,0.030730,0.230198
train_255,14,3,0.424196,0.418559,0.028748,0.223494
train_255,15,4,0.394457,0.416324,0.044608,0.196674
train_255,16,5,0.357779,0.419676,0.048574,0.185500
train_255,17,6,0.323083,0.405149,0.052539,0.196674
train_255,21,8,0.516386,0.401797,0.024782,0.198909
train_255,22,9,0.533734,0.409619,0.021809,0.210084
train_255,23,10,0.559012,0.416324,0.026765,0.210084
train_255,24,11,0.573386,0.401797,0.023791,0.225729
train_255,25,12,0.585281,0.314634,0.003965,0.042464
train_255,26,13,0.597177,0.397729,0.033704,0.219024
train_255,26,13,0.625924,0.390622,0.043617,0.189970
train_255,27,14,0.650707,0.362685,0.047582,0.174325
train_255,28,15,0.683519,0.362462,0.056623,0.205167
train_255,31,16,0.498483,0.629939,0.019548,0.196049
train_255,32,17,0.516346,0.630699,0.028311,0.194529
train_255,33,18,0.535221,0.634498,0.020222,0.180851
train_255,34,19,0.556454,0.635258,0.030334,0.191489
train_255,35,20,0.587125,0.621581,0.039097,0.179331
train_255,36,21,0.620492,0.588146,0.064038,0.197568
train_255,37,22,0.667004,0.567629,0.070779,0.186930
train_255,41,24,0.481631,0.639058,0.018200,0.214286
train_255,42,25,0.464779,0.633739,0.019548,0.206687
train_255,43,26,0.446579,0.636018,0.020897,0.211246
train_255,44,27,0.429727,0.640578,0.023593,0.214286
train_255,45,28,0.403775,0.645137,0.036400,0.196049
train_255,46,29,0.370408,0.626900,0.050556,0.189970
train_256,11,0,0.457442,0.363106,0.039284,0.341464
train_256,12,1,0.432126,0.352526,0.029681,0.327998
train_256,13,2,0.409865,0.362145,0.032300,0.316456
train_256,14,3,0.387822,0.374168,0.044086,0.257782
train_256,15,4,0.365997,0.382344,0.038848,0.283752
train_256,16,5,0.340244,0.398696,0.040594,0.272210
train_256,17,6,0.299651,0.402062,0.042340,0.240468
train_256,18,7,0.261676,0.346274,0.046704,0.151976
train_256,21,8,0.493016,0.358778,0.033610,0.355892
train_256,22,9,0.520733,0.367916,0.032300,0.322227
train_256,23,10,0.546923,0.363587,0.038411,0.352045
train_256,24,11,0.575295,0.361664,0.028808,0.328960
train_256,26,13,0.616979,0.356854,0.052815,0.305875
train_256,27,14,0.667176,0.373687,0.056307,0.243353
train_256,28,15,0.711698,0.348197,0.053688,0.261629
train_256,31,16,0.488869,0.618964,0.020079,0.235658
train_256,32,17,0.509603,0.635797,0.026626,0.265477
train_256,33,18,0.532082,0.640125,0.033173,0.295295
train_256,34,19,0.558926,0.626178,0.040594,0.265477
train_256,35,20,0.585989,0.620888,0.038848,0.260667
train_256,37,22,0.673505,0.607903,0.094282,0.246239
train_256,38,23,0.725666,0.559328,0.089481,0.208726
train_256,41,24,0.469227,0.631469,0.027062,0.249125
train_256,42,25,0.445875,0.623774,0.026626,0.249125
train_256,43,26,0.424269,0.633392,0.031427,0.285676
train_256,44,27,0.396988,0.629545,0.032737,0.260667
train_256,45,28,0.373199,0.628817,0.042776,0.265971
train_256,48,31,0.266930,0.575860,0.090154,0.177610
train_257,11,0,0.481346,0.415207,0.033434,0.279367
train_257,12,1,0.457746,0.411854,0.029500,0.263723
train_257,13,2,0.435129,0.414089,0.027534,0.286072
train_257,14,3,0.418412,0.398444,0.029500,0.263723
train_257,15,4,0.392845,0.376095,0.029500,0.268192
train_257,16,5,0.361378,0.377213,0.049167,0.230198
train_257,17,6,0.336303,0.307930,0.059984,0.176560
train_257,21,8,0.507896,0.405149,0.029500,0.263723
train_257,22,9,0.532480,0.404032,0.031467,0.252548
train_257,23,10,0.559030,0.387270,0.033434,0.281602
train_257,24,11,0.579680,0.363803,0.031467,0.257018
train_257,25,12,0.606230,0.354863,0.035400,0.261488
train_257,26,13,0.635731,0.349276,0.053100,0.219024
train_257,27,14,0.660314,0.294520,0.055067,0.167620
train_257,31,16,0.510559,0.661221,0.023682,0.227964
train_257,32,17,0.529714,0.656472,0.027165,0.208967
train_257,33,18,0.557227,0.651722,0.041792,0.234296
train_257,34,19,0.586133,0.638266,0.052240,0.242211
train_257,36,21,0.619219,0.597106,0.072440,0.213716
train_257,37,22,0.659618,0.551197,0.065474,0.182054
train_257,38,23,0.708723,0.515578,0.073136,0.161474
train_257,41,24,0.492450,0.657263,0.023682,0.210550
train_257,42,25,0.472598,0.655680,0.025772,0.216882
train_257,43,26,0.452051,0.665179,0.036220,0.235879
train_257,44,27,0.427324,0.661221,0.034130,0.205800
train_257,46,29,0.389363,0.638266,0.055723,0.226380
train_257,47,30,0.348615,0.599481,0.064778,0.196302
train_257,48,31,0.291848,0.546448,0.090549,0.150393
train_258,11,0,0.490450,0.425375,0.030707,0.250682
train_258,12,1,0.465781,0.414408,0.024842,0.269483
train_258,13,2,0.440594,0.400307,0.031052,0.278883
train_258,14,3,0.418513,0.395998,0.037952,0.274966
train_258,14,3,0.580138,0.660657,0.028170,0.245457
train_258,15,4,0.380043,0.403049,0.051408,0.248331
train_258,15,4,0.605701,0.644859,0.035845,0.259106
train_258,16,5,0.344678,0.365447,0.054514,0.229530
train_258,17,6,0.317938,0.307477,0.070040,0.234231
train_258,18,7,0.718813,0.529008,0.102230,0.203465
train_258,21,8,0.521502,0.414408,0.033467,0.274183
train_258,22,9,0.545653,0.404224,0.025187,0.258515
train_258,23,10,0.567907,0.404224,0.030362,0.272616
train_258,24,11,0.603445,0.384248,0.042093,0.268699
train_258,27,14,0.698075,0.342304,0.051779,0.208608
train_258,31,16,0.510808,0.675047,0.028563,0.229929
train_258,32,17,0.531725,0.653757,0.028851,0.191280
train_258,33,18,0.555238,0.683236,0.030871,0.271198
train_258,41,24,0.491218,0.665205,0.024140,0.200973
train_258,42,25,0.471010,0.661053,0.023957,0.208448
train_258,43,26,0.444766,0.654617,0.038405,0.214676
train_258,44,27,0.422089,0.659599,0.041697,0.243742
train_258,45,28,0.399320,0.651710,0.042245,0.246234
train_258,48,31,0.277800,0.510607,0.130025,0.199725
train_259,11,0,0.484380,0.399597,0.033805,0.231267
train_259,12,1,0.461682,0.398496,0.023181,0.224660
train_259,13,2,0.439467,0.392989,0.023181,0.244483
train_259,14,3,0.428360,0.405103,0.035737,0.229065
train_259,15,4,0.414355,0.387483,0.036703,0.242280
train_259,16,5,0.394554,0.377571,0.049259,0.218052
train_259,17,6,0.360266,0.366559,0.052157,0.196027
train_259,18,7,0.326461,0.334622,0.052157,0.185014
train_259,21,8,0.507560,0.386382,0.037669,0.257698
train_259,22,9,0.528809,0.378673,0.035737,0.224660
train_259,23,10,0.551507,0.359951,0.028976,0.248888
train_259,24,11,0.576619,0.355546,0.030908,0.209242
train_259,25,12,0.593522,0.341229,0.058918,0.207039
train_259,26,13,0.659201,0.302685,0.056986,0.204837
train_259,31,16,0.515770,0.666105,0.027044,0.196027
train_259,32,17,0.530258,0.655092,0.021249,0.218052
train_259,33,18,0.552473,0.661700,0.028976,0.240078
train_259,34,19,0.574688,0.644080,0.032839,0.248888
train_259,35,20,0.595937,0.616548,0.061815,0.220255
train_259,36,21,0.626844,0.585712,0.088859,0.224660
train_259,37,22,0.673206,0.530648,0.104313,0.224660
train_259,41,24,0.499833,0.672713,0.037669,0.204837
train_259,42,25,0.481482,0.681523,0.035737,0.231267
train_259,43,26,0.461682,0.692536,0.044430,0.257698
train_259,44,27,0.439467,0.682624,0.040566,0.242280
train_259,45,28,0.383930,0.642978,0.093689,0.255495
train_259,46,29,0.345778,0.582408,0.090791,0.218052
train_259,47,30,0.299900,0.521838,0.101415,0.193824
train_26,11,0,0.467353,0.446281,0.026492,0.199417
train_26,12,1,0.449012,0.441124,0.029889,0.191853
train_26,13,2,0.422690,0.430465,0.028191,0.217296
train_26,16,5,0.351534,0.445250,0.040078,0.197354
train_26,17,6,0.316720,0.430465,0.054683,0.193916
train_26,21,8,0.494185,0.438717,0.025813,0.207669
train_26,22,9,0.515923,0.433216,0.021058,0.209044
train_26,23,10,0.536471,0.419463,0.027511,0.215920
train_26,26,13,0.603212,0.432528,0.035323,0.198042
train_26,27,14,0.639893,0.423933,0.042795,0.212482
train_26,31,16,0.490870,0.649871,0.020610,0.180956
train_26,32,17,0.509438,0.655356,0.021804,0.205463
train_26,33,18,0.537702,0.648271,0.040109,0.197833
train_26,34,19,0.565967,0.628924,0.029880,0.164588
train_26,35,20,0.594097,0.628924,0.038225,0.173308
train_26,36,21,0.637686,0.617161,0.082534,0.182226
train_26,42,25,0.455057,0.649665,0.026936,0.176411
train_26,43,26,0.424448,0.650491,0.034690,0.189632
train_26,44,27,0.403328,0.663092,0.037751,0.197481
train_26,45,28,0.375269,0.657101,0.049383,0.211115
train_26,47,30,0.314663,0.617233,0.090603,0.171040
train_260,11,0,0.495155,0.451347,0.033685,0.260823
train_260,12,1,0.466920,0.450320,0.030713,0.254662
train_260,13,2,0.446114,0.451347,0.036657,0.236178
train_260,14,3,0.422337,0.461616,0.032694,0.232071
train_260,15,4,0.394597,0.477019,0.026750,0.193050
train_260,16,5,0.358930,0.481126,0.036657,0.205373
train_260,17,6,0.312862,0.458535,0.039629,0.221802
train_260,18,7,0.275709,0.444159,0.034675,0.209480
train_260,21,8,0.524382,0.465723,0.030713,0.244393
train_260,22,9,0.547169,0.468804,0.026750,0.238232
train_260,23,10,0.575404,0.467777,0.033685,0.227964
train_260,24,11,0.601658,0.469831,0.032694,0.219749
train_260,25,12,0.629399,0.468804,0.026750,0.209480
train_260,26,13,0.655653,0.463670,0.035666,0.240286
train_260,27,14,0.692805,0.454428,0.034675,0.250555
train_260,28,15,0.729958,0.455455,0.037648,0.227964
train_260,31,16,0.524382,0.700875,0.020805,0.172513
train_260,32,17,0.542710,0.701902,0.019815,0.178674
train_260,33,18,0.563515,0.717305,0.027740,0.201265
train_260,34,19,0.595714,0.715251,0.028731,0.201265
train_260,35,20,0.628408,0.718332,0.030713,0.203319
train_260,36,21,0.663084,0.718332,0.050527,0.227964
train_260,37,22,0.717574,0.652612,0.080249,0.141707
train_260,41,24,0.505063,0.700875,0.019815,0.193050
train_260,42,25,0.488716,0.714224,0.022787,0.190996
train_260,43,26,0.456517,0.728600,0.033685,0.211534
train_260,44,27,0.433235,0.722439,0.038638,0.211534
train_260,45,28,0.404008,0.715251,0.047555,0.217695
train_260,46,29,0.362398,0.701902,0.079258,0.178674
train_260,47,30,0.313357,0.687526,0.080249,0.199211
train_260,48,31,0.265307,0.643371,0.079258,0.143761
train_261,11,0,0.494208,0.449762,0.029560,0.219361
train_261,12,1,0.469365,0.431123,0.026415,0.245168
train_261,13,2,0.447352,0.415352,0.031447,0.273843
train_261,14,3,0.430371,0.409617,0.036478,0.262373
train_261,15,4,0.415591,0.413202,0.033333,0.243735
train_261,16,5,0.389805,0.417503,0.052201,0.235132
train_261,17,6,0.354899,0.394563,0.057862,0.209325
train_261,18,7,0.319365,0.352268,0.061006,0.219361
train_261,21,8,0.518421,0.448328,0.027673,0.230831
train_261,22,9,0.543264,0.424672,0.024528,0.243735
train_261,23,10,0.567164,0.409617,0.030818,0.259506
train_261,24,11,0.586660,0.396714,0.029560,0.256638
train_261,25,12,0.603956,0.403883,0.028931,0.242301
train_261,26,13,0.629742,0.398864,0.042767,0.215060
train_261,27,14,0.664648,0.371624,0.047170,0.217927
train_261,31,16,0.519050,0.659087,0.018868,0.173482
train_261,32,17,0.536346,0.663388,0.019497,0.202156
train_261,33,18,0.562761,0.672707,0.034591,0.229397
train_261,34,19,0.582258,0.666256,0.025786,0.248036
train_261,35,20,0.605528,0.665539,0.042138,0.258072
train_261,36,21,0.639491,0.622527,0.078616,0.215060
train_261,37,22,0.688233,0.594569,0.096855,0.219361
train_261,38,23,0.724082,0.504244,0.089308,0.184952
train_261,41,24,0.493579,0.666973,0.027044,0.174915
train_261,42,25,0.475969,0.668406,0.024528,0.186385
train_261,43,26,0.454899,0.668406,0.030189,0.203590
train_261,44,27,0.432887,0.664822,0.026415,0.225096
train_261,45,28,0.414019,0.658370,0.026415,0.223662
train_261,46,29,0.375654,0.656220,0.083019,0.245168
train_261,47,30,0.325969,0.616075,0.099371,0.227964
train_261,48,31,0.283201,0.546539,0.095597,0.194988
train_262,11,0,0.493446,0.386538,0.024543,0.201968
train_262,12,1,0.470266,0.389538,0.025452,0.207967
train_262,13,2,0.447087,0.392537,0.031815,0.213966
train_262,14,3,0.426179,0.391537,0.033633,0.199968
train_262,15,4,0.404363,0.390538,0.033633,0.197968
train_262,16,5,0.377093,0.388538,0.046359,0.205967
train_262,17,6,0.335733,0.383539,0.050904,0.211966
train_262,18,7,0.299373,0.365542,0.052722,0.215965
train_262,21,8,0.517080,0.386538,0.028179,0.201968
train_262,22,9,0.541169,0.377540,0.025452,0.191969
train_262,23,10,0.565258,0.368541,0.026361,0.217965
train_262,24,11,0.588892,0.367541,0.022725,0.207967
train_262,25,12,0.613435,0.367541,0.024543,0.211966
train_262,26,13,0.637524,0.371541,0.030906,0.207967
train_262,27,14,0.671157,0.376540,0.041814,0.205967
train_262,31,16,0.524352,0.630499,0.035451,0.237962
train_262,32,17,0.537533,0.629499,0.034542,0.263958
train_262,33,18,0.562531,0.638498,0.037269,0.281955
train_262,34,19,0.586165,0.646497,0.037269,0.273956
train_262,35,20,0.606163,0.638498,0.031815,0.261958
train_262,36,21,0.640705,0.638498,0.057268,0.249960
train_262,37,22,0.680247,0.615502,0.070903,0.247960
train_262,38,23,0.712972,0.567509,0.061813,0.203967
train_262,41,24,0.507990,0.633499,0.035451,0.231963
train_262,42,25,0.489356,0.638498,0.041814,0.253959
train_262,43,26,0.467539,0.629499,0.049086,0.247960
train_262,45,28,0.403000,0.644497,0.070903,0.233963
train_262,46,29,0.353913,0.624500,0.081811,0.213966
train_262,47,30,0.301191,0.601504,0.079993,0.227964
train_263,11,0,0.494527,0.472372,0.029851,0.248378
train_263,12,1,0.474627,0.463866,0.023881,0.238171
train_263,13,2,0.453980,0.457628,0.028358,0.237037
train_263,14,3,0.438557,0.459329,0.036318,0.222293
train_263,15,4,0.417662,0.454226,0.033333,0.212085
train_263,16,5,0.391045,0.462165,0.045771,0.200744
train_263,17,6,0.363184,0.449122,0.051741,0.140634
train_263,21,8,0.518159,0.470104,0.026866,0.261988
train_263,22,9,0.536816,0.479177,0.025373,0.216622
train_263,23,10,0.558458,0.472939,0.027861,0.235903
train_263,24,11,0.571144,0.468970,0.036318,0.243842
train_263,25,12,0.590050,0.476909,0.034328,0.187134
train_263,26,13,0.612935,0.471238,0.046269,0.187134
train_263,27,14,0.639801,0.436079,0.056219,0.180329
train_263,31,16,0.510199,0.708842,0.020398,0.204146
train_263,32,17,0.525871,0.711677,0.024876,0.212085
train_263,33,18,0.543284,0.704305,0.026866,0.220024
train_263,34,19,0.563184,0.698634,0.029851,0.220024
train_263,35,20,0.584328,0.686726,0.036318,0.212085
train_263,36,21,0.621891,0.655537,0.074627,0.210951
train_263,37,22,0.668284,0.611872,0.090796,0.209817
train_263,41,24,0.493284,0.712811,0.021393,0.221159
train_263,42,25,0.475622,0.708275,0.027861,0.221159
train_263,43,26,0.455970,0.704872,0.027363,0.237037
train_263,44,27,0.436318,0.681622,0.028856,0.208683
train_263,45,28,0.414179,0.673116,0.034328,0.216622
train_263,47,30,0.344527,0.607336,0.100995,0.191671
train_264,11,0,0.500830,0.418664,0.040122,0.343407
train_264,12,1,0.469701,0.413549,0.040122,0.321487
train_264,13,2,0.436843,0.404051,0.043581,0.352174
train_264,14,3,0.414015,0.449351,0.049115,0.261574
train_264,15,4,0.385999,0.423778,0.048423,0.298106
train_264,16,5,0.344840,0.453004,0.058799,0.239654
train_264,17,6,0.299875,0.420856,0.050498,0.274725
train_264,21,8,0.539914,0.410627,0.042197,0.356558
train_264,22,9,0.570351,0.396014,0.038046,0.368249
train_264,23,10,0.596638,0.404781,0.036663,0.377017
train_264,24,11,0.621195,0.412088,0.042889,0.333177
train_264,25,12,0.648866,0.417933,0.035971,0.289338
train_264,26,13,0.672039,0.407704,0.036663,0.239654
train_264,27,14,0.709394,0.391630,0.049115,0.274725
train_264,31,16,0.520545,0.740151,0.025595,0.276187
train_264,32,17,0.539568,0.739420,0.029054,0.283493
train_264,33,18,0.560321,0.745265,0.034588,0.295184
train_264,34,19,0.589375,0.744535,0.034588,0.284954
train_264,35,20,0.623616,0.740151,0.062950,0.290800
train_264,37,22,0.686566,0.664163,0.101688,0.232347
train_264,38,23,0.736718,0.634206,0.073326,0.172434
train_264,41,24,0.497717,0.728460,0.028362,0.267419
train_264,42,25,0.478694,0.739420,0.037355,0.280570
train_264,43,26,0.454483,0.764993,0.040122,0.320026
train_264,44,27,0.423354,0.746727,0.037355,0.263035
train_264,45,28,0.392916,0.749649,0.052573,0.271803
train_264,46,29,0.347607,0.746727,0.067100,0.189970
train_264,47,30,0.302988,0.697773,0.107914,0.238193
train_264,48,31,0.247302,0.667086,0.078168,0.165127
train_265,11,0,0.497718,0.581307,0.031906,0.219520
train_265,12,1,0.463878,0.563365,0.031906,0.221631
train_265,13,2,0.430038,0.571809,0.045442,0.238517
train_265,14,3,0.403933,0.580252,0.033840,0.225853
train_265,15,4,0.375894,0.581307,0.033840,0.240628
train_265,16,5,0.341571,0.591861,0.046409,0.232185
train_265,17,6,0.298062,0.598193,0.044475,0.240628
train_265,18,7,0.265673,0.598193,0.057045,0.236407
train_265,21,8,0.533008,0.573919,0.036741,0.230074
train_265,22,9,0.562498,0.561255,0.031906,0.225853
train_265,23,10,0.593437,0.570753,0.045442,0.223742
train_265,24,11,0.623410,0.560199,0.039641,0.227964
train_265,25,12,0.647097,0.568642,0.044475,0.265957
train_265,26,13,0.679004,0.572864,0.050277,0.257514
train_265,27,14,0.725413,0.580252,0.048343,0.242739
train_265,28,15,0.762153,0.569698,0.046409,0.242739
train_265,31,16,0.523823,0.801883,0.026105,0.170973
train_265,32,17,0.549928,0.818769,0.022238,0.192080
train_265,33,18,0.584252,0.833544,0.036741,0.230074
train_265,34,19,0.612774,0.843043,0.039641,0.240628
train_265,35,20,0.649515,0.844098,0.037707,0.225853
train_265,36,21,0.699308,0.843043,0.081216,0.219520
train_265,37,22,0.747651,0.813492,0.065746,0.189970
train_265,38,23,0.806221,0.772382,0.080689,0.124344
train_265,41,24,0.495785,0.812437,0.033840,0.192080
train_265,42,25,0.473063,0.811381,0.038674,0.185748
train_265,43,26,0.437290,0.837766,0.050277,0.225853
train_265,44,27,0.407801,0.841988,0.051243,0.230074
train_265,45,28,0.373961,0.849375,0.053177,0.253293
train_265,46,29,0.326101,0.833544,0.085083,0.217410
train_265,47,30,0.273408,0.831434,0.086050,0.200523
train_266,11,0,0.482935,0.450777,0.032254,0.206856
train_266,12,1,0.456056,0.452888,0.033232,0.215299
train_266,13,2,0.432598,0.450777,0.039096,0.211077
train_266,14,3,0.410118,0.449721,0.035186,0.213188
train_266,15,4,0.389593,0.436001,0.037141,0.215299
train_266,17,6,0.330948,0.411727,0.037141,0.196302
train_266,18,7,0.287454,0.388509,0.042028,0.196302
train_266,21,8,0.514700,0.446555,0.033232,0.215299
train_266,22,9,0.543045,0.434946,0.039096,0.225853
train_266,23,10,0.567969,0.430724,0.028345,0.238517
train_266,24,11,0.590938,0.414894,0.023458,0.253293
train_266,25,12,0.612440,0.404340,0.029322,0.253293
train_266,27,14,0.669618,0.394841,0.042028,0.225853
train_266,28,15,0.709203,0.386398,0.046915,0.225853
train_266,31,16,0.514700,0.663965,0.023458,0.185748
train_266,32,17,0.534737,0.661854,0.024435,0.181527
train_266,33,18,0.561615,0.662909,0.027367,0.208967
train_266,34,19,0.584584,0.665020,0.022480,0.192080
train_266,35,20,0.609997,0.654466,0.040074,0.204745
train_266,36,21,0.642740,0.628082,0.070373,0.202634
train_266,37,22,0.685257,0.608029,0.067441,0.204745
train_266,41,24,0.494663,0.655522,0.020525,0.168862
train_266,42,25,0.475115,0.676630,0.026390,0.215299
train_266,43,26,0.448237,0.676630,0.029322,0.223742
train_266,44,27,0.431132,0.669242,0.038119,0.196302
train_266,45,28,0.404254,0.654466,0.039096,0.175194
train_266,46,29,0.366624,0.623860,0.081124,0.173083
train_266,47,30,0.329482,0.608029,0.065486,0.166751
train_266,48,31,0.285499,0.568980,0.065486,0.164640
train_267,11,0,0.483935,0.440096,0.037495,0.248368
train_267,12,1,0.459150,0.431301,0.030504,0.226556
train_267,13,2,0.431665,0.423562,0.032093,0.233592
train_267,14,3,0.414232,0.417549,0.036050,0.244082
train_267,15,4,0.391353,0.426376,0.038130,0.249455
train_267,16,5,0.364316,0.414095,0.056849,0.223358
train_267,17,6,0.328395,0.392956,0.063232,0.224446
train_267,18,7,0.295985,0.348278,0.068952,0.225149
train_267,21,8,0.519451,0.438364,0.033993,0.245885
train_267,22,9,0.544703,0.438722,0.029461,0.233698
train_267,23,10,0.573685,0.425609,0.027038,0.241779
train_267,24,11,0.594830,0.426760,0.036744,0.231801
train_267,25,12,0.617361,0.419852,0.030504,0.233336
train_267,26,13,0.647767,0.409363,0.054959,0.221107
train_267,27,14,0.680838,0.388900,0.063454,0.215777
train_267,28,15,0.713698,0.368111,0.060541,0.200006
train_267,31,16,0.520098,0.690701,0.037878,0.194271
train_267,32,17,0.545674,0.687833,0.042411,0.205741
train_267,33,18,0.572059,0.691776,0.047914,0.229397
train_267,34,19,0.596340,0.677797,0.047267,0.222945
train_267,36,21,0.660118,0.648764,0.101656,0.223662
train_267,37,22,0.708195,0.611846,0.092915,0.225813
train_267,38,23,0.741217,0.560948,0.072195,0.202873
train_267,41,24,0.497598,0.699662,0.037555,0.216494
train_267,42,25,0.474288,0.703604,0.041440,0.237283
train_267,43,26,0.449360,0.705397,0.041440,0.252337
train_267,44,27,0.419899,0.688909,0.036260,0.243735
train_267,46,29,0.357092,0.672421,0.106836,0.242301
train_267,47,30,0.314519,0.625466,0.098743,0.221512
train_267,48,31,0.273727,0.555571,0.096153,0.186385
train_268,11,0,0.486700,0.435372,0.033527,0.215677
train_268,12,1,0.459822,0.433655,0.029566,0.188659
train_268,13,2,0.430879,0.442171,0.034545,0.197830
train_268,14,3,0.405670,0.447084,0.040147,0.167042
train_268,16,5,0.354320,0.414658,0.044504,0.205691
train_268,17,6,0.311372,0.383870,0.043881,0.234514
train_268,18,7,0.276360,0.381904,0.043570,0.192590
train_268,21,8,0.523621,0.433655,0.033923,0.221413
train_268,22,9,0.553965,0.431690,0.030499,0.207001
train_268,23,10,0.589444,0.430707,0.036724,0.225998
train_268,24,11,0.616986,0.428414,0.035790,0.238445
train_268,25,12,0.642817,0.423501,0.023341,0.236479
train_268,26,13,0.672730,0.413184,0.038184,0.244769
train_268,27,14,0.710567,0.402224,0.041655,0.230155
train_268,28,15,0.750660,0.419394,0.048250,0.229425
train_268,31,16,0.524147,0.656583,0.026355,0.187961
train_268,32,17,0.547581,0.663222,0.023682,0.200608
train_268,33,18,0.570253,0.672340,0.028014,0.221277
train_268,34,19,0.598700,0.672644,0.030614,0.231611
train_268,35,20,0.627870,0.676900,0.034657,0.238906
train_268,36,21,0.666715,0.668997,0.065560,0.227964
train_268,37,22,0.717690,0.641337,0.083755,0.231003
train_268,41,24,0.501227,0.659878,0.026282,0.196353
train_268,42,25,0.478845,0.665350,0.025415,0.208511
train_268,43,26,0.458339,0.671429,0.035235,0.229179
train_268,44,27,0.433935,0.669909,0.030903,0.238298
train_268,45,28,0.407076,0.669301,0.041877,0.245593
train_268,46,29,0.361877,0.652280,0.080289,0.240729
train_268,47,30,0.304404,0.636474,0.099928,0.250456
train_268,48,31,0.262671,0.565350,0.078845,0.154407
train_269,11,0,0.478271,0.406447,0.038594,0.243868
train_269,12,1,0.450467,0.404679,0.034444,0.231498
train_269,13,2,0.410836,0.391868,0.051458,0.244752
train_269,14,3,0.383447,0.395844,0.043989,0.258005
train_269,15,4,0.349626,0.406005,0.031954,0.244752
train_269,16,5,0.311447,0.411748,0.051873,0.217361
train_269,17,6,0.265591,0.403796,0.049798,0.201456
train_269,21,8,0.514583,0.422793,0.041499,0.211176
train_269,22,9,0.547989,0.416608,0.031124,0.216477
train_269,23,10,0.594467,0.387450,0.067643,0.269492
train_269,24,11,0.622271,0.399820,0.065983,0.273026
train_269,25,12,0.647586,0.409539,0.043574,0.273026
train_269,26,13,0.681407,0.428536,0.052288,0.252704
train_269,27,14,0.723943,0.406888,0.051043,0.253587
train_269,31,16,0.510640,0.636619,0.030294,0.193504
train_269,32,17,0.535332,0.654291,0.029049,0.237683
train_269,33,18,0.572058,0.667544,0.038594,0.278328
train_269,34,19,0.606295,0.671962,0.041499,0.239450
train_269,35,20,0.638456,0.675055,0.039424,0.208525
train_269,36,21,0.705476,0.662243,0.099597,0.202340
train_269,37,22,0.752398,0.628201,0.098755,0.227964
train_269,41,24,0.486156,0.643246,0.024484,0.204990
train_269,42,25,0.464577,0.650315,0.031124,0.220895
train_269,43,26,0.432623,0.679473,0.041914,0.284513
train_269,44,27,0.403366,0.667986,0.039009,0.235032
train_269,45,28,0.369545,0.658709,0.035274,0.200573
train_269,46,29,0.312888,0.655785,0.081155,0.212350
train_269,47,30,0.263510,0.613107,0.088000,0.197777
train_27,11,0,0.470388,0.423667,0.028688,0.259740
train_27,12,1,0.444887,0.416759,0.023588,0.268030
train_27,13,2,0.420980,0.402252,0.031876,0.327439
train_27,14,3,0.405999,0.400180,0.033788,0.323294
train_27,15,4,0.381136,0.398107,0.029963,0.313623
train_27,16,5,0.354998,0.405015,0.041438,0.261122
train_27,17,6,0.316110,0.398798,0.042713,0.218292
train_27,21,8,0.508320,0.415377,0.031876,0.276319
train_27,22,9,0.534457,0.407088,0.022950,0.276319
train_27,23,10,0.562508,0.419522,0.033151,0.284609
train_27,24,11,0.587690,0.418831,0.035063,0.291517
train_27,25,12,0.612553,0.412614,0.029963,0.210003
train_27,26,13,0.645066,0.420904,0.046538,0.240398
train_27,27,14,0.687141,0.402943,0.045263,0.207240
train_27,31,16,0.510551,0.688933,0.022313,0.229345
train_27,32,17,0.531589,0.688933,0.021038,0.240398
train_27,33,18,0.555495,0.718638,0.026775,0.285991
train_27,34,19,0.581633,0.700677,0.040801,0.266648
train_27,35,20,0.614146,0.684789,0.054826,0.248687
train_27,37,22,0.699573,0.617090,0.070126,0.229345
train_27,38,23,0.728580,0.554228,0.086064,0.153357
train_27,41,24,0.478288,0.710081,0.034042,0.261900
train_27,42,25,0.460624,0.708873,0.033622,0.268560
train_27,43,26,0.437568,0.709914,0.030740,0.293542
train_27,44,27,0.410911,0.688575,0.028339,0.255028
train_27,45,28,0.387616,0.680768,0.042268,0.237332
train_27,47,30,0.313407,0.626119,0.083095,0.202981
train_27,48,31,0.277863,0.572511,0.085977,0.168631
train_270,11,0,0.493252,0.433456,0.028011,0.263244
train_270,12,1,0.467787,0.450418,0.026738,0.253745
train_270,13,2,0.448689,0.455167,0.028011,0.219822
train_270,14,3,0.426089,0.447704,0.035014,0.221179
train_270,15,4,0.400306,0.449061,0.039470,0.232034
train_270,16,5,0.366246,0.440919,0.049020,0.226607
train_270,17,6,0.319773,0.423279,0.041380,0.218465
train_270,21,8,0.526356,0.461952,0.030558,0.217108
train_270,22,9,0.548319,0.465344,0.024828,0.221179
train_270,23,10,0.570919,0.461273,0.029284,0.240176
train_270,24,11,0.596384,0.451096,0.039470,0.236105
train_270,25,12,0.621530,0.446347,0.033741,0.237462
train_270,26,13,0.654635,0.457203,0.045200,0.215751
train_270,27,14,0.695060,0.432099,0.042017,0.222536
train_270,28,15,0.731347,0.413781,0.042017,0.210323
train_270,31,16,0.508849,0.672954,0.024828,0.150619
train_270,32,17,0.531449,0.685166,0.022918,0.169616
train_270,33,18,0.553094,0.696021,0.025465,0.202182
train_270,34,19,0.577604,0.707555,0.035014,0.219822
train_270,35,20,0.606570,0.714340,0.040744,0.219822
train_270,36,21,0.662274,0.686523,0.102496,0.210323
train_270,37,22,0.704291,0.664812,0.091036,0.218465
train_270,41,24,0.490387,0.693986,0.019735,0.187256
train_270,42,25,0.466514,0.691272,0.022918,0.203539
train_270,43,26,0.442959,0.694665,0.028011,0.240176
train_270,44,27,0.419086,0.711626,0.041380,0.249674
train_270,45,28,0.383117,0.709591,0.047110,0.226607
train_270,46,29,0.342055,0.691272,0.089763,0.244247
train_270,47,30,0.287306,0.645137,0.096129,0.198111
train_270,48,31,0.232557,0.588146,0.121594,0.206253
train_271,11,0,0.479387,0.346235,0.033339,0.307628
train_271,12,1,0.456683,0.337656,0.028165,0.292921
train_271,13,2,0.430242,0.309467,0.039662,0.359104
train_271,14,3,0.407824,0.360329,0.050008,0.264732
train_271,16,5,0.344883,0.341945,0.058630,0.254927
train_271,17,6,0.299186,0.342558,0.060355,0.236543
train_271,21,8,0.511002,0.336430,0.031039,0.329689
train_271,22,9,0.532844,0.331528,0.026441,0.307628
train_271,23,10,0.562447,0.285567,0.036213,0.392195
train_271,24,11,0.591187,0.331528,0.058055,0.288018
train_271,25,12,0.621364,0.327238,0.054032,0.281890
train_271,26,13,0.661026,0.322948,0.062079,0.265957
train_271,27,14,0.712184,0.287406,0.063229,0.275762
train_271,31,16,0.508859,0.637212,0.024947,0.245332
train_271,32,17,0.521586,0.629614,0.028001,0.258359
train_271,33,18,0.549079,0.644268,0.039202,0.292010
train_271,34,19,0.573770,0.626357,0.051930,0.284412
train_271,35,20,0.601517,0.616044,0.058548,0.281155
train_271,37,22,0.703594,0.572623,0.096731,0.255102
train_271,38,23,0.750178,0.507490,0.109459,0.237733
train_271,41,24,0.490021,0.632327,0.020874,0.237733
train_271,42,25,0.473730,0.635041,0.021892,0.260530
train_271,43,26,0.448783,0.635584,0.036147,0.300695
train_271,44,27,0.426637,0.639926,0.049893,0.296353
train_271,45,28,0.406272,0.614959,0.051930,0.270300
train_271,46,29,0.368334,0.618002,0.077140,0.289523
train_271,47,30,0.318486,0.593475,0.086614,0.257782
train_271,48,31,0.266608,0.532877,0.117289,0.223154
train_272,11,0,0.472730,0.475804,0.034063,0.149748
train_272,12,1,0.446940,0.461026,0.021411,0.159600
train_272,13,2,0.424070,0.451174,0.030170,0.179303
train_272,14,3,0.400712,0.435411,0.032116,0.163540
train_272,15,4,0.378328,0.416693,0.039902,0.173392
train_272,16,5,0.348645,0.386152,0.046714,0.179303
train_272,17,6,0.314583,0.350686,0.058393,0.171422
train_272,18,7,0.299498,0.277782,0.055473,0.124133
train_272,21,8,0.502414,0.461026,0.027250,0.167481
train_272,22,9,0.519931,0.444278,0.023357,0.165511
train_272,23,10,0.544262,0.436397,0.036982,0.161570
train_272,24,11,0.562753,0.410782,0.040875,0.157629
train_272,25,12,0.576865,0.393049,0.051581,0.153689
train_272,26,13,0.605575,0.375315,0.050607,0.149748
train_272,27,14,0.636718,0.328026,0.052554,0.157629
train_272,28,15,0.646450,0.247241,0.056447,0.106400
train_272,31,16,0.500467,0.625552,0.023357,0.114281
train_272,32,17,0.517985,0.615700,0.021411,0.118222
train_272,33,18,0.538423,0.618655,0.023357,0.139896
train_272,34,19,0.563240,0.611759,0.028223,0.157629
train_272,35,20,0.583677,0.580233,0.043795,0.149748
train_272,36,21,0.617740,0.548707,0.071045,0.165511
train_272,37,22,0.651802,0.494522,0.069098,0.163540
train_272,38,23,0.697057,0.441323,0.056447,0.120192
train_272,41,24,0.479056,0.636389,0.023357,0.096548
train_272,42,25,0.461052,0.637374,0.024330,0.110340
train_272,43,26,0.443047,0.629492,0.029197,0.133985
train_272,44,27,0.414824,0.609789,0.033089,0.169451
train_272,45,28,0.390007,0.596981,0.030170,0.147777
train_272,46,29,0.350592,0.573337,0.070072,0.163540
train_272,47,30,0.303877,0.517182,0.060339,0.165511
train_272,48,31,0.258623,0.465952,0.057420,0.114281
train_273,11,0,0.474372,0.420973,0.032276,0.329281
train_273,12,1,0.451642,0.424012,0.025912,0.304965
train_273,13,2,0.434822,0.423506,0.030458,0.305978
train_273,14,3,0.415729,0.422999,0.032276,0.290780
train_273,17,6,0.342994,0.440223,0.041368,0.217832
train_273,18,7,0.313217,0.416920,0.046369,0.236069
train_273,21,8,0.503239,0.433637,0.034549,0.310030
train_273,22,9,0.525969,0.426039,0.030003,0.315096
train_273,23,10,0.541652,0.427052,0.032276,0.317123
train_273,24,11,0.557791,0.449848,0.040914,0.279635
train_273,25,12,0.574611,0.452888,0.040914,0.287741
train_273,26,13,0.607569,0.471125,0.069553,0.291793
train_273,27,14,0.651892,0.448328,0.050006,0.227964
train_273,31,16,0.493465,0.681358,0.030458,0.290780
train_273,32,17,0.505967,0.672239,0.040914,0.264438
train_273,33,18,0.520968,0.691996,0.043641,0.281662
train_273,34,19,0.537334,0.702634,0.045460,0.272543
train_273,35,20,0.557109,0.698075,0.036822,0.275583
train_273,37,22,0.667284,0.652311,0.091215,0.226977
train_273,41,24,0.476645,0.686424,0.024094,0.294833
train_273,42,25,0.465053,0.673252,0.022730,0.292806
train_273,43,26,0.445505,0.686424,0.022730,0.317123
train_273,44,27,0.423912,0.672239,0.029549,0.276596
train_273,45,28,0.403228,0.669200,0.035459,0.270517
train_273,47,30,0.339584,0.646910,0.068190,0.234043
train_273,48,31,0.294579,0.609422,0.080918,0.215805
train_274,11,0,0.489182,0.410334,0.027663,0.225792
train_274,12,1,0.466953,0.413591,0.030626,0.197568
train_274,13,2,0.440773,0.404907,0.037542,0.227964
train_274,14,3,0.406688,0.404907,0.044458,0.223621
train_274,15,4,0.377050,0.405992,0.042482,0.230135
train_274,16,5,0.338026,0.385367,0.053349,0.201911
train_274,21,8,0.523760,0.417933,0.025687,0.227964
train_274,22,9,0.548459,0.409249,0.029638,0.219279
train_274,23,10,0.570194,0.407078,0.033590,0.223621
train_274,24,11,0.593904,0.400564,0.039518,0.214937
train_274,25,12,0.613169,0.377768,0.038530,0.217108
train_274,26,13,0.651205,0.377768,0.047421,0.234477
train_274,31,16,0.506471,0.626357,0.020747,0.184542
train_274,32,17,0.528206,0.629614,0.026675,0.199739
train_274,33,18,0.551917,0.640469,0.034578,0.199739
train_274,34,19,0.578097,0.638298,0.035566,0.199739
train_274,35,20,0.595386,0.611159,0.024699,0.193226
train_274,37,22,0.662073,0.588363,0.092867,0.143291
train_274,38,23,0.694181,0.535172,0.072120,0.180200
train_274,41,24,0.488688,0.613330,0.020747,0.158489
train_274,42,25,0.468435,0.637212,0.027663,0.188884
train_274,43,26,0.453122,0.643726,0.034578,0.206253
train_274,44,27,0.428917,0.631785,0.031614,0.199739
train_274,45,28,0.403725,0.642640,0.028650,0.195397
train_274,47,30,0.345436,0.611159,0.093855,0.180200
train_274,48,31,0.311352,0.565567,0.063229,0.162831
train_275,11,0,0.476259,0.498273,0.037679,0.262503
train_275,12,1,0.445605,0.503799,0.026184,0.243161
train_275,13,2,0.419421,0.501727,0.038956,0.252832
train_275,14,3,0.399304,0.498964,0.047259,0.266648
train_275,15,4,0.374717,0.487911,0.044066,0.258359
train_275,16,5,0.340550,0.490674,0.044704,0.233490
train_275,17,6,0.300955,0.476167,0.044704,0.223819
train_275,21,8,0.511384,0.506563,0.036402,0.243161
train_275,22,9,0.541399,0.508635,0.031293,0.239016
train_275,23,10,0.570457,0.493437,0.034486,0.252832
train_275,25,12,0.605262,0.474786,0.033847,0.265267
train_275,26,13,0.649966,0.476858,0.073443,0.263885
train_275,31,16,0.512661,0.755250,0.023629,0.218292
train_275,32,17,0.533097,0.759395,0.026184,0.226582
train_275,33,18,0.555768,0.762158,0.026822,0.262503
train_275,34,19,0.578759,0.746270,0.030654,0.255595
train_275,35,20,0.606220,0.747651,0.040872,0.244543
train_275,36,21,0.656353,0.737980,0.097711,0.219674
train_275,37,22,0.705847,0.697223,0.094517,0.198950
train_275,41,24,0.489032,0.753868,0.024907,0.218292
train_275,42,25,0.468915,0.761467,0.026822,0.230727
train_275,43,26,0.446563,0.770448,0.029377,0.262503
train_275,44,27,0.421656,0.760086,0.033209,0.239016
train_275,45,28,0.396430,0.752487,0.046620,0.232108
train_275,47,30,0.319156,0.726237,0.092601,0.226582
train_275,48,31,0.264553,0.695151,0.097072,0.172700
train_276,11,0,0.475693,0.505657,0.032873,0.189970
train_276,12,1,0.449588,0.495103,0.025138,0.202634
train_276,13,2,0.428317,0.489826,0.030939,0.208967
train_276,14,3,0.407530,0.488771,0.026105,0.219520
train_276,15,4,0.383358,0.490881,0.029973,0.211077
train_276,16,5,0.342751,0.502491,0.041575,0.234296
train_276,17,6,0.305527,0.487715,0.042542,0.221631
train_276,21,8,0.515334,0.488771,0.034807,0.232185
train_276,22,9,0.541439,0.492992,0.025138,0.211077
train_276,23,10,0.566094,0.488771,0.037707,0.219520
train_276,24,11,0.588815,0.482438,0.032873,0.227964
train_276,25,12,0.617821,0.502491,0.034807,0.208967
train_276,26,13,0.652628,0.468718,0.040608,0.204745
train_276,27,14,0.686468,0.458164,0.032873,0.225853
train_276,31,16,0.508566,0.713568,0.025138,0.183637
train_276,32,17,0.532254,0.725177,0.024171,0.198413
train_276,33,18,0.559326,0.731510,0.031906,0.215299
train_276,34,19,0.586882,0.743119,0.029006,0.234296
train_276,35,20,0.616371,0.741008,0.037707,0.208967
train_276,37,22,0.696620,0.681906,0.062846,0.175194
train_276,38,23,0.729010,0.629137,0.067680,0.162530
train_276,41,24,0.479077,0.715679,0.028039,0.183637
train_276,42,25,0.452489,0.719900,0.032873,0.192080
train_276,43,26,0.427350,0.726233,0.032873,0.204745
train_276,44,27,0.400762,0.731510,0.033840,0.223742
train_276,45,28,0.375140,0.742063,0.030939,0.223742
train_276,46,29,0.322930,0.700903,0.069614,0.166751
train_276,47,30,0.277488,0.647079,0.077348,0.151976
train_277,11,0,0.492864,0.399376,0.034214,0.239962
train_277,12,1,0.465004,0.391377,0.041057,0.247960
train_277,13,2,0.444475,0.403375,0.044968,0.255959
train_277,14,3,0.413682,0.416373,0.043990,0.273956
train_277,15,4,0.392176,0.409375,0.049855,0.267957
train_277,16,5,0.347697,0.409375,0.048878,0.267957
train_277,17,6,0.303218,0.412374,0.051810,0.229963
train_277,21,8,0.530011,0.392377,0.038125,0.257959
train_277,22,9,0.556894,0.396377,0.029327,0.257959
train_277,23,10,0.588175,0.392377,0.029327,0.265957
train_277,24,11,0.615058,0.395377,0.032259,0.251960
train_277,25,12,0.641941,0.395377,0.037147,0.247960
train_277,26,13,0.684465,0.395377,0.047900,0.247960
train_277,27,14,0.728943,0.391377,0.037147,0.239962
train_277,28,15,0.757293,0.329387,0.035192,0.195969
train_277,31,16,0.515836,0.662334,0.046923,0.217965
train_277,32,17,0.537831,0.671333,0.034214,0.231963
train_277,33,18,0.565203,0.667333,0.038125,0.243961
train_277,34,19,0.604794,0.675332,0.052788,0.259958
train_277,35,20,0.636076,0.676332,0.058653,0.265957
train_277,36,21,0.677133,0.653335,0.074294,0.223964
train_277,37,22,0.729921,0.637338,0.078204,0.211966
train_277,38,23,0.788574,0.612342,0.078204,0.153975
train_277,41,24,0.497263,0.675332,0.041057,0.259958
train_277,42,25,0.473313,0.678331,0.043990,0.229963
train_277,43,26,0.446430,0.673332,0.033237,0.247960
train_277,44,27,0.409283,0.679331,0.044968,0.219965
train_277,45,28,0.370669,0.694329,0.036170,0.229963
train_277,46,29,0.304196,0.676332,0.088958,0.205967
train_277,47,30,0.254340,0.620341,0.098733,0.189970
train_278,11,0,0.481293,0.225729,0.049144,0.415698
train_278,12,1,0.449777,0.225170,0.043802,0.403406
train_278,13,2,0.419062,0.226846,0.043268,0.395584
train_278,14,3,0.394489,0.235227,0.042200,0.349768
train_278,15,4,0.367246,0.216789,0.040063,0.370999
train_278,16,5,0.321841,0.212878,0.061430,0.356472
train_278,17,6,0.279374,0.228522,0.051281,0.291659
train_278,18,7,0.242783,0.213436,0.060362,0.286072
train_278,21,8,0.522425,0.225729,0.042734,0.400054
train_278,22,9,0.557947,0.232433,0.033653,0.408993
train_278,23,10,0.586526,0.239138,0.033119,0.395584
train_278,24,11,0.609496,0.241932,0.048076,0.365412
train_278,25,12,0.634869,0.256459,0.046473,0.336358
train_278,26,13,0.673864,0.254224,0.067840,0.314009
train_278,27,14,0.717399,0.250313,0.049144,0.303951
train_278,28,15,0.757997,0.234110,0.052349,0.278250
train_278,31,16,0.530170,0.576614,0.027243,0.286072
train_278,32,17,0.550736,0.578290,0.030982,0.278250
train_278,33,18,0.583321,0.590023,0.038461,0.299481
train_278,34,19,0.612166,0.592258,0.057691,0.312891
train_278,35,20,0.638074,0.574937,0.064635,0.298364
train_278,36,21,0.678137,0.564321,0.093481,0.286072
train_278,37,22,0.729418,0.525769,0.090276,0.262605
train_278,38,23,0.775357,0.490010,0.076387,0.253665
train_278,41,24,0.505064,0.590582,0.029380,0.305069
train_278,42,25,0.478889,0.588906,0.034721,0.290542
train_278,43,26,0.437758,0.603992,0.058225,0.322948
train_278,44,27,0.413186,0.593376,0.069977,0.321831
train_278,45,28,0.384340,0.574379,0.091344,0.312891
train_278,46,29,0.342674,0.555940,0.113780,0.293894
train_278,47,30,0.291393,0.516829,0.106301,0.253665
train_278,48,31,0.240647,0.498391,0.095618,0.274897
train_279,11,0,0.467500,0.402515,0.028897,0.327078
train_279,12,1,0.447909,0.406920,0.026938,0.320470
train_279,13,2,0.429787,0.406370,0.028897,0.336990
train_279,14,3,0.413624,0.411325,0.032816,0.324876
train_279,15,4,0.395012,0.395357,0.036734,0.336990
train_279,16,5,0.369298,0.415180,0.045060,0.273116
train_279,17,6,0.338687,0.402515,0.046530,0.243381
train_279,18,7,0.322524,0.297344,0.066121,0.222457
train_279,21,8,0.496643,0.409674,0.035265,0.301749
train_279,22,9,0.522601,0.398110,0.023510,0.318268
train_279,23,10,0.542193,0.403617,0.030367,0.307255
train_279,24,11,0.564478,0.400863,0.031836,0.303951
train_279,26,13,0.610518,0.410775,0.043591,0.286331
train_279,27,14,0.645048,0.389300,0.035265,0.300648
train_279,31,16,0.500316,0.699859,0.024979,0.252192
train_279,32,17,0.518438,0.704815,0.025959,0.251090
train_279,33,18,0.538764,0.694353,0.030367,0.252192
train_279,37,22,0.668312,0.640941,0.077876,0.233470
train_279,41,24,0.483418,0.694353,0.026448,0.241179
train_279,42,25,0.466031,0.700410,0.025959,0.248888
train_279,43,26,0.443746,0.689397,0.030367,0.244483
train_279,44,27,0.423664,0.681688,0.030367,0.222457
train_279,47,30,0.321789,0.651403,0.087182,0.238976
train_28,11,0,0.493178,0.409523,0.030154,0.297512
train_28,12,1,0.478415,0.391492,0.039577,0.297512
train_28,13,2,0.451402,0.359938,0.030782,0.303951
train_28,14,3,0.433812,0.386984,0.043347,0.288496
train_28,15,4,0.405228,0.401795,0.041462,0.261450
train_28,16,5,0.365965,0.396000,0.065962,0.242131
train_28,17,6,0.329214,0.371529,0.060308,0.229251
train_28,18,7,0.304714,0.289746,0.054026,0.135233
train_28,21,8,0.521133,0.419182,0.032039,0.283344
train_28,22,9,0.543749,0.406947,0.027013,0.289784
train_28,23,10,0.570448,0.373461,0.041462,0.312967
train_28,24,11,0.593691,0.404371,0.040206,0.253722
train_28,25,12,0.622275,0.423690,0.044603,0.222812
train_28,26,13,0.660282,0.412743,0.051513,0.200917
train_28,27,14,0.701116,0.395356,0.060308,0.204781
train_28,28,15,0.723417,0.310996,0.057167,0.121065
train_28,31,16,0.503543,0.693511,0.024500,0.226676
train_28,32,17,0.519248,0.688360,0.035808,0.203493
train_28,33,18,0.543120,0.710254,0.035808,0.275617
train_28,34,19,0.569505,0.701239,0.038321,0.260162
train_28,35,20,0.608454,0.683852,0.057167,0.220236
train_28,36,21,0.659968,0.674836,0.094860,0.245995
train_28,37,22,0.707398,0.631047,0.079155,0.217660
train_28,38,23,0.754514,0.611728,0.057795,0.130081
train_28,41,24,0.484697,0.697375,0.019475,0.236979
train_28,42,25,0.467735,0.698663,0.023244,0.239555
train_28,43,26,0.442292,0.709611,0.037693,0.279481
train_28,44,27,0.421876,0.713474,0.033295,0.279481
train_28,45,28,0.388266,0.689004,0.059052,0.243419
train_28,46,29,0.348689,0.670973,0.075385,0.248570
train_28,47,30,0.305342,0.613016,0.077898,0.202205
train_28,48,31,0.259483,0.579530,0.062821,0.130081
train_280,11,0,0.472478,0.485607,0.029520,0.210084
train_280,12,1,0.451322,0.491194,0.026568,0.212319
train_280,13,2,0.432134,0.480020,0.027552,0.212319
train_280,14,3,0.414422,0.478902,0.027552,0.196674
train_280,15,4,0.397694,0.478902,0.027552,0.205614
train_280,16,5,0.372109,0.476667,0.037392,0.210084
train_280,17,6,0.342589,0.463258,0.057072,0.196674
train_280,18,7,0.322909,0.424146,0.053136,0.158680
train_280,21,8,0.500522,0.490077,0.024600,0.210084
train_280,22,9,0.518726,0.484490,0.025584,0.216789
train_280,23,10,0.545294,0.483372,0.029520,0.205614
train_280,24,11,0.564974,0.467728,0.031488,0.205614
train_280,25,12,0.582686,0.477785,0.033456,0.203379
train_280,26,13,0.608762,0.477785,0.038376,0.198909
train_280,27,14,0.638774,0.469962,0.041328,0.187735
train_280,31,16,0.508394,0.720275,0.022632,0.210084
train_280,32,17,0.526598,0.714688,0.019680,0.198909
train_280,33,18,0.542342,0.707983,0.021648,0.194439
train_280,34,19,0.566450,0.714688,0.026568,0.189970
train_280,35,20,0.589574,0.712453,0.039360,0.181030
train_280,36,21,0.624506,0.701278,0.060024,0.194439
train_280,37,22,0.670262,0.666637,0.074784,0.160915
train_280,38,23,0.718478,0.639818,0.074784,0.116217
train_280,41,24,0.486254,0.722510,0.023616,0.196674
train_280,42,25,0.465590,0.725863,0.027552,0.225729
train_280,43,26,0.444926,0.721393,0.027552,0.207849
train_280,44,27,0.424754,0.719158,0.026568,0.212319
train_280,45,28,0.402614,0.713571,0.037392,0.201144
train_280,46,29,0.373093,0.714688,0.062976,0.216789
train_280,47,30,0.330289,0.678929,0.065928,0.194439
train_280,48,31,0.283549,0.664402,0.057072,0.156446
train_281,11,0,0.497676,0.460589,0.028194,0.193050
train_281,12,1,0.477746,0.449294,0.027221,0.203319
train_281,13,2,0.452955,0.452374,0.034027,0.184835
train_281,14,3,0.439345,0.450320,0.030138,0.193050
train_281,15,4,0.414068,0.453401,0.030138,0.186889
train_281,16,5,0.386846,0.455455,0.045693,0.207426
train_281,17,6,0.347958,0.449294,0.041804,0.203319
train_281,18,7,0.315390,0.441079,0.050554,0.211534
train_281,21,8,0.520523,0.466750,0.023333,0.180728
train_281,22,9,0.543370,0.456482,0.018472,0.197158
train_281,23,10,0.568647,0.466750,0.024305,0.188943
train_281,24,11,0.592952,0.466750,0.034027,0.197158
train_281,25,12,0.621145,0.462643,0.032082,0.205373
train_281,26,13,0.647881,0.453401,0.036943,0.190996
train_281,27,14,0.686282,0.437998,0.035971,0.193050
train_281,28,15,0.716420,0.423622,0.055415,0.201265
train_281,31,16,0.519551,0.666988,0.025277,0.162244
train_281,32,17,0.538023,0.689579,0.027221,0.195104
train_281,33,18,0.564758,0.697794,0.035971,0.211534
train_281,34,19,0.594410,0.702929,0.036943,0.205373
train_281,35,20,0.623576,0.699848,0.052499,0.199211
train_281,36,21,0.664894,0.679311,0.078748,0.207426
train_281,37,22,0.711073,0.653639,0.073887,0.201265
train_281,38,23,0.751419,0.607430,0.069026,0.170459
train_281,41,24,0.499621,0.679311,0.020416,0.190996
train_281,42,25,0.482121,0.677257,0.020416,0.190996
train_281,43,26,0.456358,0.678284,0.019444,0.188943
train_281,44,27,0.435942,0.689579,0.033055,0.199211
train_281,45,28,0.404346,0.697794,0.034027,0.199211
train_281,47,30,0.322681,0.673150,0.076803,0.158137
train_281,48,31,0.278933,0.617699,0.074859,0.141707
train_282,11,0,0.506199,0.468316,0.037468,0.238494
train_282,12,1,0.476300,0.464341,0.024600,0.230545
train_282,13,2,0.447348,0.454946,0.034062,0.244999
train_282,14,3,0.415935,0.454946,0.041631,0.233435
train_282,15,4,0.387928,0.453501,0.040874,0.224763
train_282,16,5,0.352163,0.458560,0.051850,0.216090
train_282,17,6,0.306937,0.461089,0.048444,0.199468
train_282,18,7,0.269090,0.448080,0.063582,0.195132
train_282,21,8,0.542532,0.465426,0.038225,0.226931
train_282,22,9,0.573377,0.463980,0.028763,0.237049
train_282,23,10,0.607061,0.465064,0.041631,0.249335
train_282,24,11,0.635446,0.470123,0.047687,0.230545
train_282,25,12,0.667805,0.466871,0.046551,0.231267
train_282,26,13,0.702245,0.470846,0.051850,0.226208
train_282,27,14,0.750878,0.463980,0.049201,0.215368
train_282,28,15,0.778506,0.425676,0.071909,0.211031
train_282,31,16,0.534206,0.675734,0.029142,0.196577
train_282,32,17,0.560320,0.716567,0.030656,0.237772
train_282,33,18,0.588894,0.723072,0.032548,0.263789
train_282,34,19,0.625038,0.717290,0.050336,0.230545
train_282,35,20,0.665912,0.719097,0.066232,0.248612
train_282,36,21,0.706408,0.713315,0.090454,0.242831
train_282,37,22,0.753338,0.676818,0.075315,0.217536
train_282,38,23,0.810108,0.646103,0.085912,0.161887
train_282,41,24,0.506199,0.688445,0.027628,0.224636
train_282,42,25,0.479478,0.699338,0.032486,0.217633
train_282,43,26,0.446185,0.702080,0.046665,0.242309
train_282,44,27,0.419981,0.692141,0.044152,0.210778
train_282,45,28,0.384444,0.692141,0.067125,0.230656
train_282,46,29,0.342805,0.683744,0.080766,0.218661
train_282,47,30,0.291205,0.654783,0.077714,0.195698
train_282,48,31,0.248758,0.633705,0.066048,0.178904
train_283,11,0,0.492005,0.448539,0.036900,0.199116
train_283,12,1,0.459546,0.450298,0.033484,0.201227
train_283,13,2,0.428283,0.458390,0.044075,0.230074
train_283,15,4,0.369687,0.473165,0.064234,0.237110
train_283,16,5,0.337058,0.488644,0.067309,0.241332
train_283,17,6,0.295715,0.485830,0.052959,0.220224
train_283,18,7,0.251128,0.477387,0.052617,0.193488
train_283,21,8,0.526855,0.444670,0.036900,0.204041
train_283,22,9,0.563414,0.443262,0.036900,0.187155
train_283,23,10,0.599460,0.443614,0.050909,0.235703
train_283,24,11,0.622010,0.474924,0.039292,0.194191
train_283,26,13,0.668648,0.489699,0.065601,0.230778
train_283,27,14,0.713236,0.482312,0.047492,0.232889
train_283,28,15,0.752699,0.490755,0.046467,0.208967
train_283,31,16,0.518655,0.666301,0.027334,0.215299
train_283,32,17,0.543426,0.649415,0.029042,0.194191
train_283,33,18,0.569735,0.702184,0.036559,0.285658
train_283,35,20,0.623377,0.702888,0.053642,0.256107
train_283,37,22,0.692053,0.709220,0.098059,0.212485
train_283,38,23,0.732199,0.673589,0.080634,0.165542
train_283,41,24,0.497925,0.655986,0.026642,0.188235
train_283,42,25,0.477025,0.657563,0.031388,0.198956
train_283,43,26,0.453829,0.698237,0.039503,0.273367
train_283,44,27,0.423742,0.721569,0.035675,0.295438
train_283,45,28,0.395186,0.725826,0.040116,0.270529
train_283,47,30,0.307299,0.717313,0.096462,0.232693
train_283,48,31,0.252255,0.675377,0.103658,0.206838
train_284,11,0,0.474194,0.484363,0.032380,0.201968
train_284,12,1,0.447702,0.488362,0.028455,0.213966
train_284,13,2,0.430040,0.483363,0.036304,0.215965
train_284,14,3,0.402076,0.468365,0.037286,0.205967
train_284,15,4,0.376565,0.469365,0.031398,0.159974
train_284,16,5,0.343695,0.454367,0.046116,0.185970
train_284,17,6,0.299541,0.426372,0.046116,0.205967
train_284,21,8,0.505102,0.492361,0.027474,0.185970
train_284,22,9,0.529142,0.480363,0.028455,0.205967
train_284,23,10,0.552200,0.475364,0.031398,0.179971
train_284,24,11,0.578202,0.477364,0.024530,0.179971
train_284,25,12,0.602241,0.468365,0.029436,0.173972
train_284,26,13,0.637074,0.462366,0.042192,0.185970
train_284,27,14,0.674359,0.438370,0.044154,0.181971
train_284,28,15,0.700852,0.351384,0.059853,0.107983
train_284,31,16,0.504121,0.674332,0.021586,0.161974
train_284,32,17,0.532085,0.682331,0.022568,0.185970
train_284,33,18,0.553672,0.676332,0.028455,0.213966
train_284,34,19,0.579183,0.669333,0.030417,0.199968
train_284,35,20,0.613034,0.654335,0.041210,0.169973
train_284,36,21,0.643451,0.642337,0.066722,0.173972
train_284,37,22,0.695946,0.595345,0.075552,0.151976
train_284,38,23,0.743043,0.565350,0.048079,0.095985
train_284,41,24,0.481063,0.684331,0.022568,0.177972
train_284,42,25,0.460458,0.669333,0.024530,0.167973
train_284,43,26,0.435437,0.686330,0.029436,0.205967
train_284,44,27,0.404529,0.671333,0.036304,0.179971
train_284,45,28,0.384905,0.660334,0.038267,0.165973
train_284,46,29,0.350563,0.633339,0.063778,0.159974
train_284,47,30,0.301013,0.599344,0.078496,0.151976
train_285,11,0,0.481812,0.404213,0.030843,0.280733
train_285,12,1,0.456576,0.407379,0.023989,0.270179
train_285,13,2,0.435702,0.401399,0.026482,0.287769
train_285,14,3,0.417477,0.391548,0.034894,0.303248
train_285,15,4,0.397849,0.382754,0.035517,0.282844
train_285,16,5,0.368719,0.367626,0.048913,0.266661
train_285,17,6,0.329931,0.377125,0.044863,0.234999
train_285,18,7,0.300178,0.345463,0.055144,0.216706
train_285,21,8,0.512811,0.399288,0.033024,0.249775
train_285,22,9,0.534868,0.377767,0.032315,0.282967
train_285,23,10,0.560585,0.374115,0.037086,0.273445
train_285,24,11,0.582323,0.346383,0.039783,0.298959
train_285,26,13,0.628768,0.368819,0.044042,0.232288
train_285,27,14,0.665123,0.331637,0.040690,0.249758
train_285,28,15,0.694988,0.323096,0.050341,0.213826
train_285,31,16,0.514248,0.671625,0.046629,0.239930
train_285,32,17,0.532927,0.674018,0.043185,0.262667
train_285,33,18,0.560852,0.680172,0.048697,0.290530
train_285,34,19,0.585200,0.661541,0.043544,0.300971
train_285,35,20,0.614724,0.652601,0.037276,0.263723
train_285,37,22,0.693895,0.549794,0.106550,0.205614
train_285,38,23,0.735459,0.476414,0.079500,0.118452
train_285,41,24,0.492835,0.663031,0.047502,0.241373
train_285,42,25,0.471888,0.669363,0.047832,0.254038
train_285,43,26,0.451436,0.679793,0.049811,0.277877
train_285,44,27,0.417788,0.676441,0.031338,0.262233
train_285,45,28,0.387275,0.661541,0.034967,0.260743
train_285,46,29,0.342247,0.624292,0.075542,0.253293
train_285,47,30,0.289301,0.555754,0.098303,0.186245
train_286,11,0,0.483750,0.459905,0.030586,0.216789
train_286,12,1,0.459084,0.453200,0.026639,0.207849
train_286,13,2,0.434911,0.454318,0.027626,0.214554
train_286,14,3,0.414192,0.448731,0.033546,0.207849
train_286,15,4,0.390019,0.445378,0.032559,0.227964
train_286,16,5,0.358447,0.436438,0.044399,0.232433
train_286,17,6,0.318488,0.429734,0.039466,0.196674
train_286,21,8,0.516309,0.446496,0.026639,0.207849
train_286,22,9,0.542455,0.449848,0.025653,0.214554
train_286,26,13,0.632239,0.426381,0.047359,0.198909
train_286,27,14,0.674172,0.418559,0.042426,0.196674
train_286,31,16,0.514829,0.686751,0.021706,0.196674
train_286,32,17,0.536042,0.690104,0.022693,0.203379
train_286,33,18,0.557748,0.695691,0.024666,0.219024
train_286,34,19,0.593760,0.691221,0.025653,0.214554
train_286,35,20,0.624840,0.672224,0.038479,0.194439
train_286,41,24,0.492136,0.693456,0.017760,0.178795
train_286,42,25,0.472404,0.701278,0.023679,0.203379
train_286,43,26,0.450698,0.710218,0.025653,0.225729
train_286,44,27,0.426525,0.697926,0.024666,0.205614
train_286,45,28,0.400379,0.694574,0.023679,0.212319
train_287,11,0,0.481171,0.312394,0.042969,0.363053
train_287,12,1,0.440837,0.315350,0.048239,0.335191
train_287,13,2,0.428068,0.317882,0.049455,0.338568
train_287,14,3,0.399750,0.333020,0.056636,0.330246
train_287,17,6,0.298813,0.339412,0.053508,0.280793
train_287,21,8,0.510988,0.303013,0.035582,0.379001
train_287,22,9,0.539363,0.317554,0.033781,0.346167
train_287,23,10,0.570667,0.311925,0.044140,0.364929
train_287,25,12,0.620437,0.295508,0.043690,0.343352
train_287,28,15,0.701510,0.318023,0.049995,0.300199
train_287,31,16,0.511889,0.634170,0.039185,0.288941
train_287,32,17,0.533283,0.650587,0.045041,0.301137
train_287,33,18,0.566163,0.670757,0.058553,0.337724
train_287,34,19,0.595439,0.657154,0.056751,0.306766
train_287,35,20,0.617059,0.647773,0.057652,0.288003
train_287,37,22,0.685746,0.607903,0.089631,0.243912
train_287,38,23,0.724031,0.582104,0.085127,0.227964
train_287,41,24,0.492521,0.656216,0.042789,0.306766
train_287,42,25,0.473113,0.674457,0.052391,0.349326
train_287,43,26,0.450305,0.673035,0.056983,0.319873
train_287,44,27,0.407915,0.662903,0.063237,0.270661
train_287,47,30,0.279356,0.563396,0.101458,0.178752
train_288,11,0,0.522981,0.374335,0.037604,0.283245
train_288,12,1,0.500348,0.369681,0.034123,0.276596
train_288,13,2,0.472145,0.371011,0.038997,0.313830
train_288,14,3,0.451265,0.356193,0.044767,0.317671
train_288,15,4,0.410919,0.374135,0.059137,0.302896
train_288,16,5,0.372784,0.390493,0.064664,0.280733
train_288,17,6,0.326358,0.405268,0.053610,0.249071
train_288,18,7,0.310883,0.307118,0.092298,0.251182
train_288,21,8,0.548514,0.362145,0.046890,0.314716
train_288,22,9,0.579619,0.400266,0.038533,0.250887
train_288,23,10,0.603993,0.381206,0.036212,0.299645
train_288,24,11,0.628366,0.382092,0.037604,0.296099
train_288,25,12,0.659703,0.396277,0.041783,0.258865
train_288,26,13,0.694754,0.389628,0.050604,0.265071
train_288,27,14,0.740483,0.404699,0.051068,0.224291
train_288,28,15,0.763463,0.317819,0.063603,0.220745
train_288,31,16,0.527391,0.639628,0.028784,0.203014
train_288,32,17,0.548747,0.645833,0.031569,0.226064
train_288,33,18,0.571495,0.682624,0.038069,0.297872
train_288,34,19,0.602136,0.684397,0.036212,0.271277
train_288,35,20,0.634169,0.687500,0.051996,0.289894
train_288,36,21,0.689879,0.671986,0.088208,0.269504
train_288,37,22,0.738858,0.657358,0.083101,0.250887
train_288,38,23,0.800371,0.628546,0.093779,0.147163
train_288,41,24,0.507428,0.649379,0.026927,0.215426
train_288,42,25,0.487697,0.656915,0.031105,0.246454
train_288,43,26,0.462628,0.659131,0.036676,0.275709
train_288,44,27,0.435469,0.665780,0.043640,0.255319
train_288,45,28,0.405292,0.671099,0.045497,0.265957
train_288,46,29,0.348886,0.668883,0.090529,0.257979
train_288,47,30,0.295497,0.654699,0.084958,0.252660
train_288,48,31,0.245357,0.609486,0.079387,0.151596
train_289,11,0,0.504025,0.492416,0.039355,0.223826
train_289,12,1,0.472783,0.487479,0.030725,0.220534
train_289,13,2,0.440332,0.479908,0.041772,0.229092
train_289,14,3,0.414095,0.494391,0.039701,0.229092
train_289,15,4,0.383370,0.497354,0.040391,0.224484
train_289,16,5,0.347985,0.495708,0.062831,0.247525
train_289,17,6,0.306558,0.499987,0.045569,0.253450
train_289,18,7,0.264786,0.484517,0.046950,0.236992
train_289,21,8,0.543208,0.487479,0.040391,0.245550
train_289,22,9,0.573242,0.490770,0.028653,0.223167
train_289,23,10,0.601896,0.488796,0.034868,0.221851
train_289,24,11,0.626579,0.492087,0.037284,0.211318
train_289,25,12,0.657477,0.498999,0.040391,0.211976
train_289,26,13,0.696660,0.497683,0.063521,0.215926
train_289,27,14,0.738432,0.501303,0.046950,0.212634
train_289,28,15,0.780204,0.487808,0.049712,0.200126
train_289,31,16,0.544216,0.707423,0.036124,0.188087
train_289,32,17,0.569188,0.712514,0.037066,0.204260
train_289,33,18,0.593376,0.717306,0.039579,0.223428
train_289,34,19,0.625730,0.718804,0.046490,0.233611
train_289,35,20,0.656357,0.718804,0.053087,0.219235
train_289,36,21,0.708344,0.743663,0.091724,0.248586
train_289,37,22,0.758918,0.711316,0.092980,0.223428
train_289,38,23,0.798340,0.675975,0.085755,0.209052
train_289,41,24,0.520657,0.708321,0.032355,0.191082
train_289,42,25,0.493014,0.721499,0.037380,0.234210
train_289,43,26,0.466471,0.722098,0.038951,0.235408
train_289,44,27,0.433488,0.734977,0.037695,0.252779
train_289,45,28,0.398620,0.731682,0.047118,0.225824
train_289,46,29,0.345063,0.731383,0.078845,0.215641
train_289,47,30,0.285537,0.725692,0.094865,0.223428
train_289,48,31,0.242345,0.693047,0.093294,0.207255
train_29,11,0,0.492055,0.503240,0.026503,0.250903
train_29,12,1,0.473440,0.481734,0.027134,0.256638
train_29,13,2,0.456717,0.476716,0.025241,0.243735
train_29,14,3,0.439995,0.472415,0.035969,0.260939
train_29,15,4,0.419486,0.465246,0.032814,0.232265
train_29,16,5,0.397716,0.462379,0.048590,0.217927
train_29,17,6,0.361431,0.420084,0.053007,0.245168
train_29,21,8,0.518874,0.500373,0.029659,0.256638
train_29,22,9,0.537490,0.511126,0.026503,0.235132
train_29,23,10,0.554528,0.485319,0.034076,0.266674
train_29,24,11,0.571881,0.475282,0.037231,0.258072
train_29,25,12,0.593652,0.480301,0.031552,0.230831
train_29,26,13,0.619209,0.472415,0.046066,0.220795
train_29,27,14,0.655493,0.442307,0.049221,0.226530
train_29,31,16,0.512879,0.716866,0.022717,0.167747
train_29,32,17,0.530233,0.719734,0.023348,0.182084
train_29,33,18,0.549479,0.730487,0.029028,0.220795
train_29,34,19,0.571566,0.738372,0.031552,0.245168
train_29,35,20,0.595860,0.726186,0.052376,0.232265
train_29,36,21,0.632776,0.696794,0.092131,0.236566
train_29,37,22,0.681050,0.649481,0.094024,0.230831
train_29,41,24,0.497104,0.729053,0.023979,0.209325
train_29,42,25,0.481012,0.719017,0.023348,0.177783
train_29,43,26,0.461135,0.724752,0.026503,0.220795
train_29,44,27,0.440310,0.724035,0.034076,0.242301
train_29,45,28,0.417593,0.702529,0.042910,0.239433
train_29,46,29,0.385726,0.693927,0.075093,0.256638
train_29,47,30,0.339976,0.644463,0.088345,0.243735
train_290,11,0,0.483595,0.364890,0.030650,0.355541
train_290,12,1,0.460427,0.350019,0.023179,0.354293
train_290,13,2,0.440408,0.345745,0.035401,0.378040
train_290,14,3,0.423269,0.331972,0.040178,0.397986
train_290,15,4,0.400839,0.341418,0.039335,0.355665
train_290,17,6,0.337623,0.345639,0.049637,0.273345
train_290,21,8,0.512606,0.361127,0.033388,0.359282
train_290,22,9,0.535355,0.337339,0.028478,0.367020
train_290,23,10,0.558155,0.356772,0.054685,0.318778
train_290,24,11,0.575424,0.364649,0.052218,0.306731
train_290,26,13,0.626408,0.380403,0.072776,0.293758
train_290,27,14,0.657040,0.380866,0.053451,0.266884
train_290,31,16,0.525843,0.689014,0.041867,0.282691
train_290,32,17,0.550548,0.699644,0.048517,0.315072
train_290,33,18,0.570284,0.686671,0.039472,0.281711
train_290,34,19,0.594954,0.683891,0.048517,0.292831
train_290,37,22,0.681093,0.627363,0.113892,0.240937
train_290,38,23,0.724676,0.610219,0.079355,0.204797
train_290,41,24,0.506953,0.691049,0.055215,0.289635
train_290,42,25,0.494249,0.693251,0.055215,0.280825
train_290,43,26,0.474704,0.698758,0.067920,0.298445
train_290,45,28,0.408250,0.694903,0.090396,0.275318
train_290,46,29,0.377222,0.655257,0.100658,0.292939
train_290,47,30,0.327870,0.623871,0.118248,0.274217
train_291,11,0,0.477908,0.383896,0.040841,0.301331
train_291,12,1,0.452775,0.369484,0.029532,0.311812
train_291,13,2,0.429526,0.376035,0.038328,0.314432
train_291,14,3,0.403765,0.378655,0.055921,0.288230
train_291,15,4,0.381145,0.386516,0.055921,0.277749
train_291,16,5,0.341560,0.398307,0.072258,0.251546
train_291,17,6,0.312343,0.414029,0.054036,0.227964
train_291,18,7,0.275586,0.398962,0.054665,0.226653
train_291,21,8,0.507439,0.384551,0.040841,0.294780
train_291,22,9,0.538856,0.380620,0.039585,0.289540
train_291,23,10,0.567445,0.374070,0.037700,0.289540
train_291,24,11,0.588180,0.355073,0.037700,0.269888
train_291,25,12,0.609857,0.362934,0.035815,0.282989
train_291,26,13,0.645044,0.367519,0.048381,0.252856
train_291,27,14,0.684000,0.379310,0.042098,0.226653
train_291,28,15,0.718873,0.359658,0.041470,0.231894
train_291,31,16,0.501156,0.678021,0.025762,0.252856
train_291,32,17,0.524404,0.672126,0.029532,0.233204
train_291,33,18,0.549538,0.719945,0.033301,0.313122
train_291,34,19,0.576556,0.719945,0.030788,0.286920
train_291,35,20,0.605459,0.710775,0.040841,0.263337
train_291,36,21,0.652898,0.689812,0.084196,0.250236
train_291,37,22,0.701908,0.659679,0.085453,0.226653
train_291,38,23,0.742749,0.636097,0.060320,0.174248
train_291,41,24,0.479479,0.675401,0.026390,0.247616
train_291,42,25,0.456545,0.677366,0.028275,0.267268
train_291,43,26,0.441151,0.697673,0.030160,0.313122
train_291,44,27,0.416017,0.701604,0.035186,0.268578
train_291,45,28,0.380831,0.709464,0.049010,0.260717
train_291,46,29,0.334020,0.697673,0.087338,0.268578
train_291,47,30,0.287524,0.676056,0.088595,0.241065
train_291,48,31,0.235372,0.657714,0.074771,0.196520
train_292,11,0,0.500726,0.471631,0.032970,0.270623
train_292,12,1,0.475681,0.464966,0.027264,0.262625
train_292,13,2,0.453490,0.450301,0.038676,0.275956
train_292,14,3,0.433201,0.438970,0.037408,0.274623
train_292,15,4,0.411643,0.444302,0.036140,0.263958
train_292,16,5,0.377088,0.438303,0.057064,0.235962
train_292,17,6,0.332706,0.427638,0.057064,0.225297
train_292,18,7,0.317489,0.338319,0.060868,0.115981
train_292,21,8,0.527039,0.476297,0.033604,0.274623
train_292,22,9,0.547011,0.468965,0.034238,0.273290
train_292,23,10,0.569836,0.456300,0.032970,0.279955
train_292,24,11,0.594564,0.458300,0.035506,0.267957
train_292,25,12,0.616438,0.449635,0.034872,0.250627
train_292,26,13,0.642434,0.444969,0.046285,0.230630
train_292,27,14,0.677306,0.439636,0.064038,0.217299
train_292,28,15,0.692840,0.348984,0.063404,0.121314
train_292,31,16,0.509603,0.737589,0.021557,0.218632
train_292,32,17,0.526722,0.724924,0.022825,0.193302
train_292,33,18,0.547645,0.742921,0.025362,0.245294
train_292,34,19,0.569836,0.730256,0.034238,0.225297
train_292,35,20,0.598051,0.725591,0.055161,0.226630
train_292,36,21,0.633874,0.706260,0.092570,0.227964
train_292,37,22,0.680159,0.670933,0.095106,0.218632
train_292,38,23,0.737223,0.638271,0.083693,0.155975
train_292,41,24,0.494386,0.728257,0.022825,0.205300
train_292,42,25,0.474413,0.726924,0.024728,0.226630
train_292,43,26,0.454441,0.738255,0.030434,0.286621
train_292,44,27,0.435420,0.731590,0.030434,0.281288
train_292,45,28,0.415448,0.726257,0.058966,0.267957
train_292,46,29,0.373284,0.693596,0.086229,0.245294
train_292,48,31,0.300053,0.638271,0.085595,0.171972
train_293,11,0,0.488810,0.444261,0.030699,0.207849
train_293,12,1,0.465538,0.440908,0.025748,0.227964
train_293,13,2,0.437314,0.454318,0.026738,0.227964
train_293,14,3,0.418004,0.471080,0.029709,0.221259
train_293,15,4,0.395227,0.471080,0.035651,0.221259
train_293,16,5,0.371955,0.481137,0.042583,0.227964
train_293,17,6,0.336799,0.490077,0.047534,0.223494
train_293,21,8,0.514062,0.445378,0.023767,0.205614
train_293,22,9,0.540305,0.435321,0.024757,0.207849
train_293,23,10,0.567538,0.442026,0.029709,0.212319
train_293,24,11,0.601208,0.448731,0.037631,0.230198
train_293,26,13,0.665082,0.480020,0.052486,0.212319
train_293,27,14,0.702218,0.483372,0.053476,0.205614
train_293,31,16,0.513072,0.673342,0.021786,0.196674
train_293,32,17,0.530897,0.681164,0.017825,0.225729
train_293,33,18,0.555159,0.672224,0.020796,0.198909
train_293,34,19,0.576451,0.696809,0.023767,0.230198
train_293,35,20,0.598237,0.692339,0.023767,0.216789
train_293,37,22,0.645810,0.688070,0.066405,0.217410
train_293,38,23,0.694912,0.683848,0.078563,0.200523
train_293,41,24,0.493266,0.691221,0.027728,0.227964
train_293,42,25,0.471975,0.701278,0.022777,0.261488
train_293,43,26,0.455387,0.705357,0.021886,0.248860
train_293,44,27,0.436869,0.716755,0.025253,0.237462
train_293,45,28,0.418350,0.724354,0.021886,0.199468
train_293,46,29,0.379630,0.721505,0.048822,0.227964
train_293,47,30,0.335438,0.723404,0.064815,0.224164
train_294,11,0,0.470213,0.449751,0.026390,0.208061
train_294,12,1,0.445065,0.445037,0.024527,0.199889
train_294,13,2,0.424263,0.437179,0.025148,0.216861
train_294,14,3,0.403461,0.429951,0.031979,0.207432
train_294,15,4,0.379710,0.419893,0.028564,0.194861
train_294,16,5,0.345558,0.403236,0.042845,0.194232
train_294,17,6,0.308922,0.392864,0.050297,0.178518
train_294,18,7,0.278340,0.367092,0.060542,0.168460
train_294,21,8,0.495982,0.443780,0.029495,0.212461
train_294,22,9,0.518026,0.435294,0.030116,0.208061
train_294,23,10,0.538997,0.428231,0.035757,0.207687
train_294,24,11,0.563030,0.425858,0.033022,0.198193
train_294,25,12,0.584524,0.417550,0.031068,0.196611
train_294,26,13,0.615787,0.411814,0.044745,0.192259
train_294,27,14,0.648809,0.398759,0.047481,0.181182
train_294,28,15,0.679779,0.376013,0.051975,0.165754
train_294,31,16,0.487706,0.647984,0.019539,0.150326
train_294,32,17,0.505584,0.647984,0.024034,0.147952
train_294,33,18,0.529032,0.674093,0.031068,0.204127
train_294,34,19,0.553749,0.674489,0.039861,0.213621
train_294,35,20,0.586576,0.666973,0.076986,0.218368
train_294,36,21,0.619695,0.649962,0.084215,0.213621
train_294,37,22,0.664147,0.612183,0.078940,0.195028
train_294,38,23,0.704008,0.562733,0.089882,0.191072
train_294,41,24,0.469827,0.647193,0.017781,0.154282
train_294,42,25,0.456540,0.656489,0.029114,0.174457
train_294,43,26,0.433288,0.669148,0.024815,0.184743
train_294,44,27,0.406519,0.675280,0.036930,0.218368
train_294,45,28,0.375842,0.659061,0.068974,0.219159
train_294,46,29,0.341746,0.633545,0.084020,0.220346
train_294,47,30,0.298759,0.608227,0.083238,0.198984
train_294,48,31,0.262122,0.545327,0.086951,0.183160
train_295,11,0,0.474563,0.389538,0.031510,0.344108
train_295,12,1,0.451646,0.384705,0.029600,0.330575
train_295,13,2,0.423478,0.380355,0.029600,0.323809
train_295,14,3,0.405813,0.385188,0.037239,0.292878
train_295,15,4,0.377884,0.418535,0.037717,0.237782
train_295,16,5,0.335870,0.395337,0.068272,0.274513
train_295,17,6,0.300302,0.407420,0.046788,0.258081
train_295,18,7,0.275953,0.345074,0.055382,0.241649
train_295,21,8,0.505674,0.404189,0.035066,0.324319
train_295,22,9,0.531377,0.380389,0.036262,0.342875
train_295,23,10,0.554688,0.386843,0.035863,0.350942
train_295,24,11,0.572022,0.407012,0.037059,0.289628
train_295,25,12,0.594337,0.411853,0.033074,0.268652
train_295,26,13,0.629005,0.413063,0.060968,0.283981
train_295,27,14,0.664071,0.421131,0.038653,0.250097
train_295,28,15,0.690969,0.352152,0.046224,0.260585
train_295,31,16,0.505276,0.709145,0.026300,0.259778
train_295,32,17,0.519223,0.715196,0.026300,0.246063
train_295,33,18,0.537553,0.741416,0.022315,0.266232
train_295,34,19,0.558673,0.717616,0.031082,0.233155
train_295,35,20,0.583777,0.712373,0.043036,0.222667
train_295,36,21,0.616851,0.721247,0.060569,0.246870
train_295,37,22,0.658891,0.701481,0.050607,0.223474
train_295,38,23,0.716472,0.651058,0.081290,0.156512
train_295,41,24,0.484356,0.707935,0.022714,0.255744
train_295,42,25,0.466025,0.703095,0.025104,0.242836
train_295,43,26,0.444707,0.715196,0.030285,0.246063
train_295,44,27,0.423587,0.703095,0.043036,0.247677
train_295,45,28,0.398283,0.696641,0.051404,0.228314
train_295,46,29,0.358037,0.700271,0.078501,0.240416
train_295,47,30,0.315000,0.690993,0.056983,0.225087
train_295,48,31,0.248255,0.648235,0.100418,0.146024
train_296,11,0,0.483080,0.474106,0.037857,0.263035
train_296,12,1,0.458150,0.473131,0.037857,0.222118
train_296,13,2,0.434605,0.470209,0.036933,0.231860
train_296,14,3,0.412445,0.463389,0.033240,0.233809
train_296,15,4,0.390746,0.460467,0.036010,0.235757
train_296,16,5,0.355198,0.457544,0.044320,0.257190
train_296,17,6,0.319188,0.441957,0.051707,0.249396
train_296,18,7,0.292411,0.405911,0.053553,0.185099
train_296,21,8,0.514473,0.473131,0.032317,0.257190
train_296,22,9,0.541250,0.478977,0.026777,0.206531
train_296,23,10,0.566642,0.458518,0.027700,0.255241
train_296,24,11,0.587417,0.468260,0.036010,0.243551
train_296,25,12,0.610962,0.459493,0.031393,0.218221
train_296,26,13,0.646049,0.449751,0.044320,0.237706
train_296,27,14,0.683905,0.430267,0.040627,0.218221
train_296,28,15,0.711605,0.395195,0.035087,0.194841
train_296,31,16,0.510318,0.717656,0.024007,0.204583
train_296,32,17,0.529708,0.718631,0.022160,0.198737
train_296,33,18,0.549560,0.719605,0.023083,0.220170
train_296,34,19,0.572182,0.704018,0.029547,0.216273
train_296,35,20,0.605422,0.705966,0.049860,0.220170
train_296,36,21,0.652050,0.692327,0.084024,0.220170
train_296,37,22,0.690369,0.658230,0.073867,0.194841
train_296,38,23,0.729149,0.616339,0.070173,0.192892
train_296,41,24,0.487697,0.718631,0.024930,0.206531
train_296,42,25,0.467383,0.719605,0.032317,0.208479
train_296,43,26,0.441068,0.718631,0.025853,0.218221
train_296,44,27,0.422601,0.714734,0.031393,0.218221
train_296,45,28,0.402750,0.709863,0.037857,0.220170
train_296,46,29,0.358430,0.699147,0.072944,0.233809
train_296,47,30,0.314109,0.668946,0.082177,0.216273
train_296,48,31,0.269789,0.619262,0.082177,0.206531
train_297,11,0,0.489621,0.409354,0.036746,0.264732
train_297,12,1,0.462132,0.424980,0.027770,0.232253
train_297,13,2,0.432539,0.414869,0.035344,0.259829
train_297,14,3,0.414867,0.426206,0.040393,0.245735
train_297,17,6,0.330014,0.440301,0.040112,0.242058
train_297,21,8,0.521879,0.415788,0.033380,0.251863
train_297,22,9,0.548948,0.419465,0.028050,0.233479
train_297,23,10,0.569986,0.404451,0.029734,0.256153
train_297,24,11,0.585694,0.412418,0.035344,0.264732
train_297,25,12,0.606872,0.432334,0.030575,0.259217
train_297,26,13,0.640954,0.426512,0.047686,0.238994
train_297,31,16,0.512363,0.686534,0.028431,0.251090
train_297,32,17,0.535350,0.684221,0.030851,0.246465
train_297,33,18,0.557505,0.699832,0.027675,0.253899
train_297,34,19,0.579962,0.707017,0.027977,0.247786
train_297,36,21,0.672968,0.670675,0.117202,0.232919
train_297,37,22,0.706427,0.602947,0.103970,0.216400
train_297,41,24,0.487524,0.685130,0.023062,0.250264
train_297,42,25,0.465028,0.687607,0.027977,0.250264
train_297,43,26,0.437240,0.709495,0.029868,0.280825
train_297,44,27,0.414367,0.711560,0.028733,0.260176
train_297,45,28,0.385066,0.718581,0.041966,0.289084
train_297,47,30,0.310964,0.679348,0.079017,0.225486
train_298,11,0,0.469408,0.356999,0.033715,0.305385
train_298,12,1,0.441418,0.352698,0.032443,0.291048
train_298,13,2,0.415654,0.347680,0.035624,0.315421
train_298,14,3,0.393389,0.356283,0.033079,0.269542
train_298,15,4,0.367944,0.350548,0.050891,0.269542
train_298,16,5,0.327549,0.366319,0.042621,0.226530
train_298,17,6,0.294787,0.362734,0.041985,0.205024
train_298,21,8,0.496444,0.355566,0.036896,0.305385
train_298,22,9,0.524434,0.366319,0.035624,0.278144
train_298,23,10,0.548607,0.348397,0.038168,0.305385
train_298,24,11,0.575325,0.336210,0.038168,0.298216
train_298,25,12,0.597590,0.351265,0.036896,0.262373
train_298,26,13,0.628125,0.356999,0.048347,0.236566
train_298,27,14,0.669156,0.347680,0.045166,0.235132
train_298,28,15,0.698737,0.346963,0.050891,0.219361
train_298,32,17,0.535885,0.660951,0.033079,0.222229
train_298,33,18,0.555923,0.668836,0.050255,0.283879
train_298,34,19,0.579778,0.665252,0.044530,0.268108
train_298,35,20,0.601725,0.650198,0.048983,0.246602
train_298,36,21,0.641166,0.630842,0.083334,0.225096
train_298,37,22,0.679334,0.604318,0.093513,0.232265
train_298,38,23,0.717503,0.539800,0.073156,0.180650
train_298,41,24,0.491355,0.676005,0.026718,0.252337
train_298,42,25,0.470680,0.673138,0.028626,0.252337
train_298,43,26,0.448097,0.677439,0.031807,0.283879
train_298,44,27,0.422652,0.668120,0.034352,0.259506
train_298,45,28,0.399433,0.651632,0.034988,0.246602
train_298,46,29,0.364127,0.643029,0.066159,0.243735
train_298,47,30,0.318643,0.605752,0.074428,0.209325
train_298,48,31,0.280792,0.566324,0.081426,0.179217
train_299,11,0,0.477771,0.370441,0.032668,0.253293
train_299,12,1,0.452156,0.374398,0.023016,0.232713
train_299,13,2,0.429882,0.359359,0.036380,0.275456
train_299,14,3,0.413920,0.361734,0.041578,0.286537
train_299,15,4,0.392760,0.376773,0.034895,0.278622
train_299,16,5,0.365660,0.369649,0.046032,0.261208
train_299,17,6,0.324448,0.352584,0.051319,0.203040
train_299,18,7,0.294227,0.368997,0.033072,0.187234
train_299,21,8,0.509765,0.357447,0.031361,0.261398
train_299,22,9,0.538845,0.355623,0.029081,0.252888
train_299,23,10,0.568211,0.350152,0.036493,0.273556
train_299,24,11,0.590164,0.351368,0.038204,0.263830
train_299,25,12,0.615823,0.353191,0.035923,0.248024
train_299,27,14,0.687384,0.336778,0.050178,0.251672
train_299,28,15,0.724163,0.347112,0.039344,0.192097
train_299,31,16,0.516607,0.608511,0.038774,0.209119
train_299,32,17,0.535424,0.618845,0.046757,0.234650
train_299,33,18,0.563843,0.642035,0.054730,0.285893
train_299,34,19,0.588980,0.624864,0.059184,0.252388
train_299,35,20,0.614118,0.625543,0.066185,0.270028
train_299,36,21,0.649756,0.602475,0.085913,0.252388
train_299,37,22,0.699394,0.586870,0.085913,0.245604
train_299,38,23,0.741714,0.544806,0.080185,0.210323
train_299,41,24,0.499249,0.621472,0.044547,0.238819
train_299,42,25,0.481430,0.631649,0.045820,0.261887
train_299,43,26,0.463293,0.647932,0.046457,0.283597
train_299,44,27,0.439110,0.652003,0.037547,0.275456
train_299,46,29,0.351288,0.625543,0.085913,0.255102
train_299,47,30,0.307377,0.576693,0.092277,0.200825
train_3,11,0,0.490847,0.437473,0.035835,0.210595
train_3,12,1,0.466634,0.436387,0.024213,0.204082
train_3,13,2,0.431283,0.448328,0.048426,0.219279
train_3,14,3,0.402712,0.451585,0.031961,0.191055
train_3,15,4,0.368329,0.449414,0.046489,0.199739
train_3,16,5,0.331525,0.446157,0.038741,0.197568
train_3,17,6,0.294237,0.373426,0.064891,0.125923
train_3,21,8,0.525714,0.445072,0.028087,0.178029
train_3,22,9,0.551864,0.459184,0.022276,0.162831
train_3,23,10,0.582373,0.445072,0.036804,0.212766
train_3,24,11,0.606102,0.455927,0.039709,0.191055
train_3,25,12,0.624988,0.460269,0.030993,0.169344
train_3,26,13,0.651138,0.455927,0.044552,0.195397
train_3,27,14,0.695206,0.455927,0.041646,0.212766
train_3,28,15,0.726683,0.392966,0.071671,0.108554
train_3,31,16,0.513123,0.664351,0.028087,0.173686
train_3,32,17,0.537821,0.657838,0.021308,0.182371
train_3,33,18,0.561550,0.671950,0.028087,0.214937
train_3,34,19,0.586247,0.683891,0.025182,0.204082
train_3,35,20,0.607554,0.676292,0.032930,0.219279
train_3,36,21,0.640484,0.676292,0.056174,0.201911
train_3,37,22,0.686973,0.658923,0.077482,0.184542
train_3,38,23,0.734915,0.628528,0.057143,0.149805
train_3,41,24,0.496174,0.669779,0.021308,0.193226
train_3,42,25,0.473898,0.669779,0.027119,0.210595
train_3,43,26,0.452591,0.673035,0.032930,0.221450
train_3,44,27,0.419177,0.676292,0.051332,0.214937
train_3,45,28,0.373172,0.665436,0.075545,0.206253
train_3,46,29,0.327167,0.642640,0.068765,0.195397
train_3,47,30,0.285521,0.614416,0.068765,0.186713
train_30,11,0,0.471468,0.479974,0.035482,0.303951
train_30,12,1,0.452396,0.456408,0.031047,0.324151
train_30,13,2,0.430220,0.449675,0.035482,0.351083
train_30,14,3,0.413144,0.456408,0.046570,0.285676
train_30,15,4,0.384537,0.437651,0.046127,0.303951
train_30,16,5,0.350829,0.456408,0.052336,0.260667
train_30,17,6,0.316012,0.427071,0.058102,0.250087
train_30,18,7,0.301598,0.322227,0.056771,0.186603
train_30,21,8,0.501184,0.478050,0.032821,0.319341
train_30,22,9,0.528018,0.478531,0.026168,0.310684
train_30,23,10,0.548420,0.473241,0.037700,0.319341
train_30,24,11,0.572592,0.460736,0.045240,0.307799
train_30,25,12,0.602530,0.440537,0.043909,0.311646
train_30,26,13,0.641782,0.434766,0.056771,0.275095
train_30,27,14,0.682143,0.439575,0.071851,0.253934
train_30,28,15,0.702767,0.384268,0.059876,0.135624
train_30,31,16,0.504289,0.750260,0.021289,0.215459
train_30,32,17,0.523139,0.751703,0.023507,0.222192
train_30,33,18,0.541102,0.762283,0.031047,0.245277
train_30,34,19,0.568157,0.755069,0.037256,0.238544
train_30,36,21,0.645995,0.705052,0.093584,0.232773
train_30,41,24,0.485439,0.753145,0.025281,0.211612
train_30,42,25,0.465702,0.748817,0.026612,0.218345
train_30,43,26,0.447296,0.773826,0.029716,0.276057
train_30,44,27,0.420019,0.755069,0.050562,0.244315
train_30,45,28,0.388750,0.740641,0.076730,0.240468
train_30,47,30,0.312464,0.663210,0.091810,0.202955
train_30,48,31,0.273655,0.628102,0.079835,0.213535
train_300,11,0,0.475457,0.417933,0.037482,0.264148
train_300,12,1,0.453049,0.414315,0.033408,0.253293
train_300,13,2,0.434715,0.390795,0.035853,0.285859
train_300,14,3,0.419233,0.395318,0.037482,0.251484
train_300,15,4,0.398862,0.381748,0.037482,0.267767
train_300,16,5,0.370751,0.404364,0.057853,0.226154
train_300,17,6,0.331638,0.394413,0.062742,0.213490
train_300,18,7,0.292119,0.364561,0.065187,0.215299
train_300,21,8,0.509273,0.418838,0.035038,0.269576
train_300,22,9,0.538200,0.426979,0.027704,0.253293
train_300,23,10,0.562645,0.401650,0.034223,0.293096
train_300,24,11,0.584238,0.410696,0.038297,0.289477
train_300,25,12,0.609498,0.426979,0.030149,0.235200
train_300,26,13,0.641276,0.453213,0.046446,0.182733
train_300,27,14,0.683648,0.436025,0.044816,0.191779
train_300,28,15,0.716649,0.417029,0.044001,0.197207
train_300,31,16,0.505606,0.682986,0.022815,0.200825
train_300,32,17,0.528421,0.679367,0.027704,0.218917
train_300,33,18,0.559385,0.692937,0.034223,0.275004
train_300,34,19,0.585460,0.673035,0.030964,0.217108
train_300,35,20,0.615609,0.690223,0.044001,0.265957
train_300,36,21,0.660018,0.668512,0.083928,0.240628
train_300,37,22,0.704019,0.645897,0.074150,0.238819
train_300,38,23,0.742724,0.585287,0.066817,0.179114
train_300,41,24,0.480754,0.676654,0.028519,0.191779
train_300,42,25,0.463642,0.679367,0.039927,0.240628
train_300,43,26,0.439197,0.680272,0.039927,0.285859
train_300,44,27,0.416789,0.683891,0.032593,0.275004
train_300,45,28,0.394788,0.676654,0.040742,0.275004
train_300,46,29,0.354454,0.646801,0.095336,0.255102
train_300,47,30,0.299452,0.610617,0.092891,0.237010
train_300,48,31,0.253822,0.559053,0.091262,0.206253
train_301,11,0,0.477526,0.465244,0.050082,0.269584
train_301,12,1,0.445512,0.461618,0.030430,0.259913
train_301,13,2,0.414131,0.442880,0.039939,0.290135
train_301,14,3,0.382116,0.471289,0.036769,0.242988
train_301,15,4,0.351686,0.454364,0.031698,0.255077
train_301,16,5,0.336471,0.372764,0.060860,0.207930
train_301,17,6,0.278148,0.442880,0.072271,0.236944
train_301,21,8,0.528243,0.446506,0.047547,0.294971
train_301,22,9,0.561208,0.445297,0.051350,0.273211
train_301,23,10,0.608438,0.432000,0.046913,0.294971
train_301,24,11,0.640770,0.446506,0.046913,0.268375
train_301,25,12,0.675637,0.448320,0.039305,0.252660
train_301,26,13,0.720648,0.456177,0.069735,0.232108
train_301,27,14,0.756783,0.466453,0.050716,0.168037
train_301,28,15,0.801477,0.446506,0.057690,0.186170
train_301,31,16,0.518416,0.739059,0.040573,0.224855
train_301,32,17,0.550431,0.737246,0.039939,0.250242
train_301,33,18,0.591004,0.733619,0.055154,0.250242
train_301,34,19,0.631577,0.732411,0.053886,0.233317
train_301,35,20,0.678490,0.716695,0.069101,0.218810
train_301,36,21,0.720014,0.705815,0.090022,0.216393
train_301,37,22,0.778021,0.673779,0.102067,0.198259
train_301,41,24,0.490839,0.737246,0.038671,0.247824
train_301,42,25,0.462311,0.740268,0.039939,0.249033
train_301,43,26,0.423957,0.743291,0.059592,0.269584
train_301,44,27,0.392893,0.728179,0.054520,0.241779
train_301,45,28,0.359928,0.724553,0.059592,0.246615
train_301,46,29,0.313966,0.704606,0.080512,0.245406
train_301,47,30,0.266419,0.684055,0.090656,0.213975
train_301,48,31,0.221409,0.623005,0.084316,0.198259
train_302,11,0,0.491107,0.433253,0.028619,0.307628
train_302,12,1,0.474367,0.433253,0.034018,0.290470
train_302,13,2,0.453038,0.420384,0.024839,0.272085
train_302,14,3,0.441159,0.405677,0.036718,0.301500
train_302,15,4,0.424690,0.400775,0.035098,0.301500
train_302,16,5,0.403901,0.367070,0.036718,0.297823
train_302,17,6,0.374202,0.367070,0.044278,0.288018
train_302,18,7,0.341534,0.351750,0.045898,0.262281
train_302,21,8,0.517565,0.436930,0.029699,0.305177
train_302,22,9,0.536734,0.425900,0.026999,0.314982
train_302,23,10,0.552124,0.415482,0.034018,0.321110
train_302,24,11,0.568053,0.409967,0.031319,0.317433
train_302,25,12,0.587222,0.395872,0.035098,0.313756
train_302,26,13,0.618811,0.375037,0.047518,0.308854
train_302,27,14,0.651749,0.378101,0.045358,0.241445
train_302,31,16,0.512706,0.696147,0.019979,0.208354
train_302,32,17,0.530525,0.696147,0.022139,0.208354
train_302,33,18,0.548884,0.682665,0.028619,0.205903
train_302,34,19,0.573993,0.678988,0.042118,0.213256
train_302,35,20,0.604231,0.668570,0.073437,0.226738
train_302,36,21,0.635280,0.640381,0.082616,0.226738
train_302,37,22,0.671728,0.596872,0.088556,0.201000
train_302,38,23,0.704126,0.530076,0.092876,0.153201
train_302,41,24,0.494076,0.693083,0.021599,0.212031
train_302,42,25,0.478417,0.691857,0.023759,0.221835
train_302,43,26,0.455738,0.691857,0.031319,0.243896
train_302,44,27,0.430360,0.678988,0.047518,0.230415
train_302,45,28,0.409031,0.658766,0.051298,0.226738
train_302,46,29,0.373122,0.629964,0.079916,0.235317
train_302,47,30,0.337214,0.588906,0.085856,0.202226
train_302,48,31,0.300496,0.536817,0.091256,0.174037
train_303,11,0,0.479974,0.459220,0.030342,0.232185
train_303,12,1,0.457462,0.451832,0.022512,0.238517
train_303,13,2,0.430546,0.446555,0.031321,0.227964
train_303,14,3,0.405097,0.445500,0.027406,0.221631
train_303,15,4,0.378670,0.446555,0.027406,0.202634
train_303,16,5,0.339519,0.445500,0.041109,0.204745
train_303,17,6,0.294495,0.440223,0.058727,0.194191
train_303,18,7,0.267089,0.386398,0.074387,0.162530
train_303,21,8,0.516189,0.457109,0.032300,0.223742
train_303,22,9,0.542127,0.456054,0.031321,0.234296
train_303,23,10,0.572958,0.454998,0.026427,0.227964
train_303,24,11,0.600364,0.456054,0.032300,0.208967
train_303,25,12,0.635600,0.449721,0.034257,0.234296
train_303,26,13,0.668389,0.443389,0.037194,0.221631
train_303,27,14,0.708519,0.424392,0.046981,0.217410
train_303,28,15,0.734946,0.398007,0.064599,0.185748
train_303,31,16,0.510316,0.679796,0.022512,0.192080
train_303,32,17,0.535765,0.685073,0.024470,0.189970
train_303,33,18,0.559745,0.679796,0.027406,0.196302
train_303,34,19,0.586661,0.679796,0.022512,0.170973
train_303,35,20,0.619450,0.675574,0.041109,0.192080
train_303,36,21,0.658112,0.661854,0.069493,0.177305
train_303,37,22,0.706072,0.636525,0.071451,0.181527
train_303,38,23,0.753543,0.605919,0.048939,0.166751
train_303,41,24,0.491720,0.678740,0.020554,0.185748
train_303,42,25,0.470676,0.693516,0.021533,0.194191
train_303,43,26,0.448164,0.679796,0.021533,0.208967
train_303,44,27,0.422716,0.686128,0.031321,0.200523
train_303,45,28,0.397267,0.673463,0.043066,0.208967
train_303,46,29,0.352243,0.663965,0.060684,0.194191
train_303,47,30,0.301347,0.639691,0.078302,0.175194
train_303,48,31,0.255834,0.618583,0.061663,0.158308
train_304,11,0,0.472998,0.390508,0.030177,0.290135
train_304,12,1,0.453822,0.382219,0.032063,0.298425
train_304,13,2,0.431189,0.392581,0.034578,0.302570
train_304,14,3,0.412957,0.393962,0.045895,0.283227
train_304,15,4,0.392525,0.382219,0.038979,0.315004
train_304,16,5,0.366434,0.401561,0.055954,0.270793
train_304,17,6,0.313938,0.393272,0.061612,0.256977
train_304,21,8,0.502546,0.396035,0.031435,0.287372
train_304,22,9,0.527065,0.412614,0.022633,0.243161
train_304,23,10,0.556614,0.405015,0.035207,0.280464
train_304,24,11,0.583333,0.408469,0.047152,0.259740
train_304,25,12,0.605966,0.398107,0.047152,0.283227
train_304,26,13,0.635201,0.411232,0.049038,0.265267
train_304,27,14,0.682667,0.421594,0.057211,0.219674
train_304,28,15,0.706557,0.335935,0.042122,0.156120
train_304,31,16,0.498460,0.645413,0.024519,0.203095
train_304,32,17,0.518892,0.659229,0.028920,0.236253
train_304,33,18,0.543411,0.695151,0.031435,0.313623
train_304,34,19,0.574532,0.704822,0.037093,0.269411
train_304,35,20,0.610682,0.689624,0.051553,0.239016
train_304,36,21,0.642431,0.671663,0.060983,0.216911
train_304,37,22,0.704357,0.650249,0.095561,0.223819
train_304,38,23,0.748680,0.617090,0.076072,0.157502
train_304,41,24,0.480542,0.653012,0.036464,0.204476
train_304,42,25,0.460109,0.657847,0.033321,0.230727
train_304,43,26,0.436219,0.706203,0.032063,0.305333
train_304,44,27,0.413272,0.705513,0.031435,0.273556
train_304,45,28,0.387181,0.695841,0.054696,0.270793
train_304,46,29,0.342544,0.678571,0.076072,0.261122
train_304,47,30,0.291620,0.632979,0.093675,0.236253
train_304,48,31,0.230008,0.603274,0.082359,0.146449
train_305,11,0,0.480824,0.363940,0.041984,0.259625
train_305,12,1,0.446651,0.369216,0.034173,0.257514
train_305,13,2,0.411990,0.345998,0.046866,0.308173
train_305,14,3,0.385140,0.351275,0.045889,0.301841
train_305,15,4,0.357801,0.357607,0.034173,0.293398
train_305,16,5,0.315817,0.368161,0.055653,0.255404
train_305,17,6,0.254306,0.382937,0.071275,0.230074
train_305,21,8,0.519391,0.351275,0.042960,0.284954
train_305,22,9,0.557469,0.343887,0.035149,0.278622
train_305,23,10,0.590178,0.349164,0.034173,0.293398
train_305,24,11,0.620933,0.363940,0.044913,0.272290
train_305,25,12,0.648272,0.354441,0.037102,0.265957
train_305,26,13,0.689768,0.357607,0.045889,0.272290
train_305,27,14,0.743956,0.363940,0.070299,0.238517
train_305,31,16,0.514021,0.613011,0.026362,0.263847
train_305,32,17,0.537942,0.616177,0.037102,0.265957
train_305,33,18,0.567721,0.613011,0.036126,0.263847
train_305,34,19,0.597989,0.619343,0.030268,0.246960
train_305,35,20,0.630209,0.623565,0.036126,0.251182
train_305,36,21,0.679028,0.629897,0.075181,0.263847
train_305,37,22,0.726382,0.613011,0.076157,0.242739
train_305,38,23,0.765925,0.560241,0.067370,0.238517
train_305,41,24,0.492052,0.620399,0.025386,0.257514
train_305,42,25,0.472037,0.624620,0.032220,0.270179
train_305,43,26,0.447627,0.649949,0.038079,0.308173
train_305,44,27,0.415407,0.648894,0.038079,0.297619
train_305,46,29,0.342667,0.636229,0.091779,0.251182
train_305,47,30,0.284573,0.627786,0.092755,0.246960
train_305,48,31,0.234778,0.590848,0.075181,0.223742
train_306,11,0,0.487449,0.451585,0.025199,0.212766
train_306,12,1,0.472911,0.436387,0.031014,0.221450
train_306,13,2,0.448682,0.437473,0.029075,0.219279
train_306,14,3,0.425422,0.428789,0.025199,0.210595
train_306,15,4,0.400223,0.416848,0.054274,0.195397
train_306,16,5,0.368240,0.407078,0.062028,0.180200
train_306,17,6,0.337711,0.371255,0.053305,0.182371
train_306,21,8,0.516040,0.452670,0.035860,0.232306
train_306,22,9,0.536877,0.436387,0.025199,0.225792
train_306,23,10,0.561107,0.417933,0.025199,0.249674
train_306,24,11,0.589213,0.405992,0.042644,0.260530
train_306,25,12,0.625557,0.391880,0.039736,0.254017
train_306,26,13,0.667717,0.394051,0.042644,0.227964
train_306,31,16,0.516040,0.658923,0.026168,0.171515
train_306,32,17,0.539300,0.658923,0.028106,0.171515
train_306,33,18,0.564499,0.661094,0.033921,0.197568
train_306,34,19,0.590182,0.649153,0.048459,0.212766
train_306,35,20,0.625557,0.635041,0.055243,0.206253
train_306,36,21,0.673047,0.610074,0.059120,0.173686
train_306,37,22,0.712299,0.555797,0.071719,0.195397
train_306,41,24,0.497626,0.661094,0.016476,0.197568
train_306,42,25,0.480180,0.669779,0.028106,0.197568
train_306,43,26,0.459827,0.664351,0.020353,0.191055
train_306,44,27,0.437536,0.664351,0.028106,0.178029
train_306,45,28,0.416214,0.642640,0.033921,0.195397
train_306,47,30,0.359517,0.601389,0.067843,0.199739
train_306,48,31,0.304759,0.567738,0.057182,0.180200
train_307,11,0,0.498711,0.483559,0.046490,0.276032
train_307,12,1,0.461730,0.474492,0.043320,0.274017
train_307,13,2,0.428712,0.453337,0.051245,0.314313
train_307,14,3,0.404410,0.470463,0.036452,0.263943
train_307,15,4,0.371128,0.474492,0.042792,0.229691
train_307,16,5,0.333619,0.481040,0.055471,0.194431
train_307,17,6,0.289242,0.463411,0.053358,0.201483
train_307,18,7,0.252525,0.443766,0.044377,0.202490
train_307,21,8,0.539918,0.487589,0.045433,0.272002
train_307,22,9,0.583238,0.489100,0.049660,0.256891
train_307,23,10,0.611502,0.474492,0.048075,0.290135
train_307,24,11,0.641351,0.488092,0.048603,0.262935
train_307,25,12,0.675426,0.489603,0.045962,0.237750
train_307,26,13,0.714784,0.497663,0.053886,0.197453
train_307,27,14,0.759953,0.467944,0.052301,0.220624
train_307,28,15,0.800896,0.467440,0.047547,0.215587
train_307,31,16,0.537541,0.717279,0.029056,0.179320
train_307,32,17,0.564220,0.728361,0.030641,0.205513
train_307,33,18,0.601464,0.734405,0.052301,0.229691
train_307,34,19,0.633690,0.726850,0.051245,0.222639
train_307,35,20,0.665652,0.730376,0.054943,0.225661
train_307,36,21,0.710029,0.720301,0.075018,0.243794
train_307,37,22,0.768670,0.690583,0.097206,0.226668
train_307,41,24,0.505579,0.722316,0.039094,0.203498
train_307,42,25,0.477579,0.727857,0.044377,0.218609
train_307,43,26,0.443240,0.729872,0.054943,0.228683
train_307,44,27,0.407844,0.723324,0.055999,0.233720
train_307,45,28,0.377467,0.712242,0.057584,0.229691
train_307,46,29,0.335468,0.693101,0.082414,0.227676
train_307,47,30,0.280525,0.673960,0.085584,0.223646
train_307,48,31,0.236412,0.627116,0.076603,0.190401
train_308,11,0,0.481693,0.475910,0.031405,0.240286
train_308,12,1,0.460448,0.475910,0.024016,0.215641
train_308,13,2,0.438279,0.472829,0.024016,0.221802
train_308,14,3,0.411031,0.444077,0.034176,0.201265
train_308,15,4,0.383782,0.411217,0.046184,0.217695
train_308,16,5,0.348220,0.406083,0.043413,0.207426
train_308,17,6,0.322357,0.378358,0.039718,0.193050
train_308,21,8,0.511712,0.472829,0.032329,0.246447
train_308,22,9,0.534804,0.465641,0.028634,0.223856
train_308,23,10,0.560668,0.460507,0.028634,0.230017
train_308,24,11,0.582836,0.443050,0.036024,0.203319
train_308,25,12,0.616551,0.409164,0.044337,0.221802
train_308,26,13,0.657655,0.397868,0.047108,0.199211
train_308,27,14,0.684903,0.360901,0.059116,0.207426
train_308,31,16,0.504785,0.697712,0.024016,0.178674
train_308,32,17,0.524182,0.688470,0.024016,0.209480
train_308,33,18,0.554202,0.702846,0.045261,0.238232
train_308,34,19,0.572214,0.686417,0.040642,0.246447
train_308,35,20,0.592073,0.674094,0.048955,0.275199
train_308,36,21,0.630406,0.637127,0.099758,0.254662
train_308,37,22,0.674281,0.602214,0.102529,0.234125
train_308,38,23,0.718156,0.546763,0.097911,0.217695
train_308,41,24,0.487697,0.710035,0.028634,0.227964
train_308,42,25,0.466452,0.718249,0.028634,0.256716
train_308,43,26,0.444283,0.720303,0.024939,0.244393
train_308,44,27,0.421191,0.686417,0.030482,0.225910
train_308,45,28,0.405489,0.680255,0.054497,0.254662
train_308,46,29,0.365770,0.652530,0.076666,0.260823
train_308,47,30,0.322819,0.620697,0.097911,0.275199
train_308,48,31,0.281253,0.568327,0.101605,0.260823
train_309,11,0,0.496707,0.474622,0.032394,0.242437
train_309,12,1,0.471601,0.471607,0.035093,0.217108
train_309,13,2,0.448656,0.447484,0.035633,0.289477
train_309,14,3,0.429489,0.456530,0.045891,0.252087
train_309,15,4,0.410323,0.471607,0.041032,0.221933
train_309,16,5,0.373610,0.458942,0.078825,0.242437
train_309,17,6,0.339326,0.441453,0.049131,0.260530
train_309,18,7,0.303153,0.424567,0.049131,0.243644
train_309,21,8,0.527481,0.476432,0.033474,0.241231
train_309,22,9,0.553126,0.469195,0.029694,0.219520
train_309,23,10,0.576882,0.439041,0.031854,0.279828
train_309,24,11,0.592809,0.469195,0.032394,0.217108
train_309,25,12,0.613865,0.445675,0.031314,0.247262
train_309,26,13,0.637350,0.455927,0.050211,0.214696
train_309,27,14,0.675683,0.443262,0.048051,0.227964
train_309,28,15,0.704298,0.419139,0.058849,0.208665
train_309,31,16,0.518982,0.731077,0.023041,0.226738
train_309,32,17,0.537634,0.718208,0.027430,0.240220
train_309,33,18,0.559853,0.724336,0.027979,0.235317
train_309,34,19,0.577957,0.723110,0.031271,0.237768
train_309,35,20,0.597707,0.712692,0.038951,0.236543
train_309,36,21,0.632543,0.697985,0.069124,0.226738
train_309,37,22,0.677255,0.675311,0.080645,0.225512
train_309,38,23,0.718675,0.637930,0.075708,0.234092
train_309,41,24,0.498135,0.711467,0.021944,0.197323
train_309,42,25,0.481951,0.714531,0.033465,0.220610
train_309,43,26,0.457538,0.735366,0.032916,0.257378
train_309,44,27,0.434771,0.726787,0.036757,0.242671
train_309,45,28,0.415844,0.714531,0.048277,0.235317
train_309,46,29,0.377441,0.709628,0.084485,0.242671
train_309,47,30,0.333553,0.686955,0.074610,0.219384
train_309,48,31,0.286098,0.634866,0.081742,0.191195
train_31,11,0,0.484064,0.496872,0.031230,0.247145
train_31,12,1,0.457639,0.496872,0.024366,0.241243
train_31,13,2,0.433444,0.474371,0.029514,0.259687
train_31,14,3,0.410794,0.454083,0.039810,0.272228
train_31,15,4,0.385570,0.448550,0.037407,0.252309
train_31,16,5,0.348217,0.463607,0.053398,0.209371
train_31,17,6,0.313057,0.466436,0.045501,0.195628
train_31,18,7,0.276205,0.454310,0.056783,0.202095
train_31,21,8,0.512034,0.494659,0.032260,0.254522
train_31,22,9,0.537258,0.485806,0.028484,0.241243
train_31,23,10,0.562139,0.477322,0.029514,0.259687
train_31,24,11,0.586441,0.462798,0.040237,0.238472
train_31,25,12,0.611260,0.457948,0.036476,0.246556
train_31,26,13,0.643788,0.470882,0.045125,0.217455
train_31,27,14,0.679136,0.467244,0.049638,0.216646
train_31,28,15,0.712980,0.451885,0.066184,0.216646
train_31,31,16,0.507401,0.738484,0.027112,0.206569
train_31,32,17,0.524560,0.738853,0.029857,0.220586
train_31,33,18,0.556648,0.754345,0.041182,0.257473
train_31,34,19,0.583931,0.751025,0.041526,0.250834
train_31,35,20,0.610185,0.752501,0.053537,0.246407
train_31,36,21,0.651196,0.733688,0.091631,0.238292
train_31,37,22,0.701644,0.702334,0.102613,0.227226
train_31,38,23,0.744199,0.642577,0.096435,0.191814
train_31,41,24,0.488526,0.739959,0.028484,0.210995
train_31,42,25,0.470680,0.738853,0.023680,0.211733
train_31,43,26,0.444083,0.755083,0.032260,0.251571
train_31,44,27,0.414912,0.752501,0.044614,0.233128
train_31,45,28,0.389173,0.739222,0.055596,0.244932
train_31,46,29,0.348162,0.728155,0.093003,0.253785
train_31,47,30,0.293596,0.701596,0.098494,0.241981
train_31,48,31,0.254816,0.649954,0.093003,0.212471
train_310,11,0,0.476896,0.468907,0.033566,0.191327
train_310,12,1,0.453271,0.466032,0.028144,0.193940
train_310,13,2,0.429258,0.450872,0.027627,0.215896
train_310,14,3,0.403696,0.438587,0.032275,0.208055
train_310,15,4,0.383815,0.423950,0.035373,0.204918
train_310,16,5,0.345601,0.424212,0.042087,0.214850
train_310,17,6,0.307388,0.412973,0.052931,0.178781
train_310,18,7,0.289701,0.364357,0.056804,0.123369
train_310,21,8,0.504524,0.457668,0.028402,0.212759
train_310,22,9,0.528407,0.448258,0.027111,0.216941
train_310,23,10,0.550612,0.437019,0.033824,0.226874
train_310,25,12,0.588052,0.428655,0.032791,0.208055
train_310,26,13,0.618519,0.414018,0.043119,0.216419
train_310,27,14,0.656862,0.399381,0.049574,0.181917
train_310,28,15,0.679325,0.363050,0.053189,0.146893
train_310,31,16,0.499876,0.648471,0.020656,0.146893
train_310,32,17,0.519370,0.664154,0.021431,0.184531
train_310,33,18,0.541963,0.671734,0.027369,0.217464
train_310,34,19,0.566104,0.663631,0.032791,0.199168
train_310,35,20,0.603285,0.656574,0.065325,0.216419
train_310,37,22,0.670805,0.601947,0.098116,0.205441
train_310,38,23,0.701789,0.542353,0.082108,0.197077
train_310,41,24,0.481544,0.675654,0.020656,0.189758
train_310,42,25,0.460242,0.676177,0.025045,0.193940
train_310,43,26,0.432744,0.682712,0.036148,0.219555
train_310,44,27,0.406850,0.677036,0.042345,0.218958
train_310,45,28,0.371956,0.661652,0.070231,0.218061
train_310,46,29,0.326956,0.645671,0.099444,0.220152
train_310,47,30,0.288816,0.591454,0.093985,0.178034
train_310,48,31,0.249422,0.561732,0.078345,0.154435
train_311,11,0,0.478532,0.378419,0.049861,0.316109
train_311,12,1,0.454986,0.373100,0.026316,0.317629
train_311,13,2,0.429363,0.379939,0.037396,0.334347
train_311,14,3,0.414474,0.397416,0.040859,0.305471
train_311,15,4,0.392313,0.385258,0.039474,0.302432
train_311,18,7,0.292244,0.363982,0.056787,0.235562
train_311,21,8,0.521122,0.347264,0.039474,0.360182
train_311,23,10,0.565799,0.341945,0.042802,0.375718
train_311,24,11,0.590326,0.357248,0.040878,0.326114
train_311,25,12,0.610765,0.350388,0.036550,0.344056
train_311,26,13,0.639620,0.368330,0.049054,0.316616
train_311,27,14,0.678815,0.367802,0.041840,0.260681
train_311,28,15,0.715605,0.346695,0.044244,0.256459
train_311,31,16,0.514341,0.658034,0.034145,0.229019
train_311,32,17,0.536223,0.662783,0.037512,0.238517
train_311,33,18,0.570127,0.670698,0.057229,0.286010
train_311,34,19,0.591047,0.652757,0.041359,0.264902
train_311,35,20,0.618700,0.646952,0.053382,0.246960
train_311,37,22,0.702860,0.612652,0.088970,0.231130
train_311,38,23,0.742296,0.568326,0.073580,0.207911
train_311,41,24,0.489093,0.667532,0.025970,0.241684
train_311,42,25,0.470818,0.672281,0.024046,0.232185
train_311,43,26,0.448215,0.684418,0.031741,0.286010
train_311,44,27,0.424650,0.684418,0.040397,0.277567
train_311,45,28,0.399402,0.675447,0.056267,0.272290
train_311,46,29,0.357802,0.648007,0.077909,0.242739
train_311,47,30,0.311875,0.613707,0.081275,0.248016
train_311,48,31,0.260898,0.573075,0.100512,0.217410
train_312,11,0,0.500179,0.483666,0.033942,0.228300
train_312,12,1,0.472408,0.478959,0.025302,0.218885
train_312,13,2,0.449266,0.475428,0.030856,0.223593
train_312,16,5,0.367189,0.468368,0.049370,0.202410
train_312,17,6,0.326767,0.446597,0.045050,0.217709
train_312,21,8,0.532158,0.487770,0.038297,0.217998
train_312,22,9,0.553879,0.482865,0.040583,0.203828
train_312,23,10,0.584174,0.464881,0.038297,0.213638
train_312,25,12,0.629901,0.439266,0.041727,0.236528
train_312,27,14,0.668199,0.438176,0.056588,0.212548
train_312,28,15,0.711957,0.433079,0.047118,0.195874
train_312,31,16,0.526227,0.720066,0.022256,0.186736
train_312,32,17,0.548483,0.719594,0.025223,0.185793
train_312,33,18,0.573212,0.721480,0.035115,0.212200
train_312,34,19,0.600413,0.707805,0.035115,0.201826
train_312,35,20,0.626626,0.705919,0.039071,0.222574
train_312,37,22,0.694383,0.666780,0.114741,0.219745
train_312,38,23,0.734443,0.642259,0.099904,0.221631
train_312,41,24,0.505904,0.717755,0.023823,0.170973
train_312,42,25,0.485763,0.718168,0.022523,0.178406
train_312,43,26,0.462373,0.719820,0.030320,0.206489
train_312,44,27,0.437468,0.714451,0.032485,0.215574
train_312,45,28,0.407365,0.714038,0.044180,0.237875
train_312,47,30,0.323479,0.677027,0.091114,0.205777
train_312,48,31,0.278177,0.639171,0.090096,0.196071
train_313,11,0,0.512711,0.462907,0.032226,0.220624
train_313,12,1,0.488673,0.453840,0.028528,0.224653
train_313,13,2,0.461730,0.430670,0.035924,0.256891
train_313,14,3,0.436108,0.448803,0.037509,0.198461
train_313,15,4,0.412335,0.444774,0.035396,0.216594
train_313,16,5,0.376939,0.435707,0.049131,0.226668
train_313,17,6,0.333354,0.433692,0.048603,0.202490
train_313,21,8,0.542559,0.460388,0.029585,0.227676
train_313,22,9,0.568710,0.451825,0.026943,0.232713
train_313,23,10,0.595125,0.443766,0.029056,0.246817
train_313,24,11,0.621276,0.459381,0.039094,0.205513
train_313,25,12,0.650068,0.453840,0.039622,0.218609
train_313,26,13,0.687048,0.447292,0.049131,0.223646
train_313,27,14,0.725614,0.431173,0.053358,0.205513
train_313,31,16,0.517136,0.674979,0.029774,0.147173
train_313,32,17,0.536137,0.687679,0.031733,0.189009
train_313,33,18,0.559839,0.691788,0.035259,0.198721
train_313,34,19,0.592552,0.706356,0.038002,0.215904
train_313,35,20,0.627223,0.687306,0.054848,0.212168
train_313,36,21,0.671912,0.679088,0.079084,0.222627
train_313,37,22,0.719274,0.640212,0.085056,0.178312
train_313,41,24,0.497919,0.681012,0.024830,0.161186
train_313,42,25,0.475730,0.688064,0.039622,0.209542
train_313,43,26,0.451957,0.694109,0.039622,0.213572
train_313,44,27,0.424221,0.680005,0.047547,0.209542
train_313,45,28,0.393316,0.671946,0.062867,0.211557
train_313,46,29,0.356864,0.653308,0.074490,0.202490
train_313,47,30,0.303242,0.636686,0.088754,0.205513
train_314,11,0,0.489716,0.395710,0.033875,0.325457
train_314,12,1,0.472139,0.400728,0.019175,0.258072
train_314,13,2,0.454882,0.394993,0.026845,0.301084
train_314,14,3,0.438583,0.402162,0.040267,0.303951
train_314,15,4,0.422924,0.405746,0.034514,0.270976
train_314,16,5,0.399275,0.411481,0.043463,0.259506
train_314,17,6,0.365080,0.410048,0.042824,0.245168
train_314,18,7,0.339194,0.403596,0.058802,0.215060
train_314,21,8,0.518798,0.395710,0.030680,0.325457
train_314,22,9,0.536374,0.391409,0.024927,0.293915
train_314,23,10,0.552034,0.397861,0.021731,0.278144
train_314,24,11,0.566734,0.378505,0.028123,0.299650
train_314,25,12,0.581115,0.379222,0.032597,0.283879
train_314,26,13,0.608599,0.387825,0.061998,0.255204
train_314,27,14,0.637042,0.385674,0.049854,0.256638
train_314,31,16,0.511767,0.673854,0.020453,0.233698
train_314,32,17,0.527107,0.700379,0.029401,0.289614
train_314,33,18,0.548199,0.687475,0.024288,0.249470
train_314,34,19,0.571848,0.702529,0.034514,0.270976
train_314,35,20,0.592301,0.683891,0.051133,0.250903
train_314,36,21,0.623939,0.673138,0.083730,0.255204
train_314,37,22,0.661649,0.648047,0.102904,0.253771
train_314,38,23,0.701597,0.584963,0.098430,0.245168
train_314,41,24,0.493551,0.686758,0.019814,0.239433
train_314,42,25,0.477892,0.686758,0.024288,0.248036
train_314,43,26,0.459356,0.705397,0.031958,0.219361
train_314,44,27,0.438583,0.706830,0.036432,0.245168
train_314,45,28,0.421007,0.698228,0.048576,0.270976
train_314,46,29,0.395440,0.681023,0.074142,0.253771
train_314,47,30,0.353895,0.677439,0.069029,0.286747
train_314,48,31,0.308195,0.631559,0.065833,0.232265
train_315,11,0,0.482392,0.457516,0.038278,0.270793
train_315,12,1,0.452727,0.438864,0.038915,0.280464
train_315,13,2,0.431037,0.431956,0.036364,0.324675
train_315,14,3,0.408389,0.422285,0.038278,0.294280
train_315,15,4,0.380319,0.415377,0.040829,0.258359
train_315,16,5,0.334705,0.432647,0.056778,0.229345
train_315,17,6,0.300574,0.415377,0.044657,0.225200
train_315,21,8,0.519075,0.458207,0.035088,0.272175
train_315,22,9,0.543317,0.460970,0.029984,0.252832
train_315,23,10,0.566284,0.443700,0.035088,0.295662
train_315,24,11,0.590526,0.454062,0.041467,0.272175
train_315,25,12,0.616364,0.460970,0.047209,0.252832
train_315,26,13,0.655598,0.461661,0.049123,0.245924
train_315,27,14,0.696108,0.440937,0.045933,0.237635
train_315,31,16,0.506954,0.736599,0.021053,0.254214
train_315,32,17,0.528963,0.739362,0.028070,0.256977
train_315,33,18,0.549059,0.742816,0.029984,0.266648
train_315,34,19,0.567241,0.750414,0.037002,0.279083
train_315,35,20,0.596587,0.732454,0.038278,0.226582
train_315,38,23,0.714609,0.653012,0.094418,0.178226
train_315,41,24,0.483987,0.745579,0.028708,0.263885
train_315,42,25,0.466443,0.735908,0.030622,0.269411
train_315,43,26,0.448262,0.746270,0.024880,0.298425
train_315,44,27,0.424657,0.732454,0.041467,0.268030
train_315,45,28,0.400096,0.719329,0.063796,0.239016
train_315,46,29,0.356077,0.699986,0.099522,0.261122
train_315,47,30,0.313014,0.662683,0.073365,0.236253
train_315,48,31,0.274418,0.636433,0.070175,0.227964
train_316,11,0,0.490740,0.333944,0.033818,0.292777
train_316,12,1,0.467366,0.322770,0.028845,0.283837
train_316,13,2,0.441007,0.323887,0.027850,0.263723
train_316,14,3,0.423104,0.329474,0.033818,0.248078
train_316,15,4,0.401221,0.321652,0.033818,0.268192
train_316,16,5,0.365911,0.328357,0.060674,0.241373
train_316,17,6,0.322147,0.319417,0.054706,0.254783
train_316,18,7,0.280869,0.316065,0.055700,0.239138
train_316,21,8,0.522569,0.333944,0.031829,0.265957
train_316,22,9,0.546937,0.332827,0.024866,0.268192
train_316,23,10,0.573296,0.330592,0.033818,0.259253
train_316,24,11,0.590205,0.342884,0.029839,0.261488
train_316,25,12,0.612584,0.327239,0.026856,0.279367
train_316,26,13,0.649386,0.331709,0.054706,0.243608
train_316,27,14,0.691162,0.326122,0.056695,0.250313
train_316,31,16,0.514114,0.599902,0.030834,0.261488
train_316,32,17,0.530028,0.599902,0.024866,0.261488
train_316,33,18,0.551413,0.603254,0.027850,0.268192
train_316,34,19,0.580258,0.603254,0.029839,0.272662
train_316,35,20,0.638942,0.593197,0.083550,0.239138
train_316,36,21,0.689172,0.573082,0.086534,0.239138
train_316,37,22,0.734429,0.523914,0.085540,0.257018
train_316,41,24,0.491237,0.601019,0.030834,0.268192
train_316,42,25,0.469852,0.604372,0.039786,0.279367
train_316,43,26,0.440013,0.589844,0.039786,0.268192
train_316,44,27,0.411665,0.576435,0.030834,0.272662
train_316,45,28,0.367403,0.584257,0.065647,0.248078
train_316,46,29,0.315184,0.576435,0.082556,0.254783
train_316,47,30,0.261473,0.535089,0.102449,0.261488
train_317,11,0,0.478506,0.396952,0.039151,0.246960
train_317,12,1,0.443759,0.389564,0.032300,0.265957
train_317,13,2,0.414885,0.398007,0.035236,0.244850
train_317,14,3,0.387969,0.400118,0.038172,0.249071
train_317,15,4,0.351754,0.389564,0.040130,0.236407
train_317,16,5,0.314560,0.384287,0.038172,0.217410
train_317,17,6,0.264153,0.380066,0.052854,0.234296
train_317,18,7,0.243599,0.265029,0.054812,0.164640
train_317,21,8,0.521083,0.405395,0.036215,0.242739
train_317,22,9,0.554361,0.389564,0.034257,0.257514
train_317,23,10,0.582746,0.396952,0.032300,0.242739
train_317,24,11,0.622387,0.389564,0.045024,0.249071
train_317,25,12,0.656644,0.380066,0.025448,0.225853
train_317,26,13,0.695306,0.381121,0.040130,0.232185
train_317,27,14,0.734457,0.375844,0.049918,0.221631
train_317,28,15,0.754522,0.279804,0.039151,0.122425
train_317,31,16,0.510806,0.658688,0.031321,0.234296
train_317,32,17,0.536743,0.661854,0.024470,0.219520
train_317,33,18,0.564639,0.689294,0.025448,0.270179
train_317,34,19,0.594002,0.658688,0.029363,0.246960
train_317,35,20,0.622876,0.643913,0.038172,0.225853
train_317,36,21,0.660070,0.634414,0.059706,0.215299
train_317,37,22,0.706562,0.599586,0.058727,0.213188
train_317,38,23,0.759905,0.555260,0.055790,0.162530
train_317,41,24,0.494166,0.652356,0.025448,0.204745
train_317,42,25,0.462356,0.652356,0.026427,0.204745
train_317,43,26,0.435440,0.679796,0.033279,0.276511
train_317,44,27,0.415864,0.671353,0.037194,0.272290
train_317,45,28,0.386990,0.657633,0.044045,0.232185
train_317,46,29,0.349307,0.632303,0.064599,0.211077
train_317,47,30,0.295964,0.602752,0.059706,0.189970
train_317,48,31,0.242620,0.542595,0.074387,0.154086
train_318,11,0,0.483053,0.378854,0.043702,0.197568
train_318,12,1,0.450034,0.376683,0.030106,0.240990
train_318,13,2,0.422842,0.377768,0.028164,0.217108
train_318,14,3,0.396440,0.393121,0.028441,0.212456
train_318,15,4,0.373548,0.390019,0.033990,0.212456
train_318,16,5,0.336090,0.383816,0.046477,0.215557
train_318,17,6,0.294122,0.380715,0.044396,0.209354
train_318,18,7,0.255275,0.376062,0.040234,0.221760
train_318,21,8,0.515060,0.378388,0.033990,0.204702
train_318,22,9,0.544195,0.379939,0.031216,0.217108
train_318,23,10,0.571595,0.395447,0.034684,0.201600
train_318,24,11,0.598302,0.403201,0.029828,0.210905
train_318,25,12,0.624662,0.400875,0.033990,0.209354
train_318,26,13,0.656571,0.389244,0.047864,0.217108
train_318,27,14,0.703395,0.386918,0.043008,0.206253
train_318,28,15,0.733570,0.311705,0.038153,0.176788
train_318,31,16,0.503614,0.611780,0.026360,0.209354
train_318,32,17,0.523037,0.617207,0.022198,0.207803
train_318,33,18,0.547316,0.614106,0.030522,0.210905
train_318,34,19,0.574370,0.620309,0.030522,0.195397
train_318,35,20,0.601423,0.617207,0.037459,0.195397
train_318,36,21,0.644432,0.613330,0.056882,0.203151
train_318,37,22,0.703048,0.590069,0.074224,0.181440
train_318,41,24,0.477254,0.616432,0.029135,0.206253
train_318,42,25,0.458872,0.608678,0.021504,0.203151
train_318,43,26,0.430430,0.607903,0.035378,0.195397
train_318,44,27,0.407192,0.616432,0.029135,0.203151
train_318,45,28,0.377711,0.609454,0.047864,0.189194
train_318,46,29,0.340945,0.607903,0.053414,0.189194
train_318,47,30,0.288225,0.592395,0.068675,0.192296
train_319,11,0,0.473723,0.433701,0.031022,0.214666
train_319,12,1,0.445894,0.435600,0.026460,0.210866
train_319,13,2,0.418066,0.438450,0.034672,0.212766
train_319,14,3,0.389781,0.439400,0.025547,0.195669
train_319,15,4,0.361953,0.437500,0.031934,0.199468
train_319,16,5,0.324088,0.427052,0.051095,0.201368
train_319,17,6,0.277099,0.426102,0.052007,0.199468
train_319,21,8,0.503832,0.442249,0.029197,0.197568
train_319,22,9,0.530292,0.442249,0.025547,0.193769
train_319,23,10,0.559945,0.435600,0.035584,0.214666
train_319,24,11,0.592336,0.446049,0.029197,0.201368
train_319,25,12,0.622901,0.445099,0.030109,0.203267
train_319,26,13,0.659854,0.443199,0.056569,0.184271
train_319,27,14,0.709580,0.426102,0.052007,0.203267
train_319,31,16,0.507482,0.669263,0.020073,0.218465
train_319,32,17,0.523905,0.671163,0.020073,0.233663
train_319,33,18,0.547172,0.686360,0.033759,0.260258
train_319,34,19,0.580474,0.694909,0.043796,0.258359
train_319,35,20,0.610584,0.693959,0.047445,0.260258
train_319,36,21,0.655748,0.685410,0.086679,0.258359
train_319,37,22,0.713686,0.666413,0.096715,0.258359
train_319,38,23,0.758850,0.617021,0.095803,0.243161
train_319,41,24,0.491971,0.676862,0.023723,0.237462
train_319,42,25,0.473723,0.664514,0.029197,0.235562
train_319,43,26,0.449544,0.676862,0.037409,0.275456
train_319,44,27,0.418522,0.682561,0.033759,0.245061
train_319,45,28,0.385675,0.700608,0.041058,0.262158
train_319,46,29,0.342336,0.697758,0.087591,0.271657
train_319,47,30,0.283485,0.671163,0.097628,0.252660
train_319,48,31,0.236953,0.617021,0.103102,0.246960
train_32,11,0,0.505532,0.345249,0.042231,0.316065
train_32,12,1,0.486404,0.329831,0.048690,0.344698
train_32,13,2,0.466034,0.334787,0.047696,0.321572
train_32,14,3,0.443676,0.333135,0.051671,0.335888
train_32,15,4,0.419331,0.333686,0.053658,0.308356
train_32,16,5,0.388527,0.338641,0.057633,0.274217
train_32,21,8,0.530126,0.351857,0.034779,0.309458
train_32,22,9,0.557452,0.353509,0.033785,0.286331
train_32,23,10,0.580555,0.349654,0.037263,0.305053
train_32,24,11,0.597696,0.374983,0.027823,0.274217
train_32,25,12,0.617818,0.352958,0.026332,0.302850
train_32,26,13,0.642659,0.348002,0.042231,0.297344
train_32,27,14,0.680171,0.351306,0.039747,0.284128
train_32,31,16,0.518698,0.691599,0.024842,0.222457
train_32,32,17,0.539566,0.692150,0.024842,0.221356
train_32,33,18,0.560681,0.685542,0.026332,0.230166
train_32,34,19,0.581052,0.687745,0.032294,0.236774
train_32,35,20,0.609371,0.687745,0.042231,0.249989
train_32,36,21,0.646386,0.666821,0.071545,0.245584
train_32,37,22,0.680171,0.632131,0.064589,0.211444
train_32,38,23,0.710975,0.605700,0.045709,0.200432
train_32,41,24,0.499819,0.685542,0.025836,0.227964
train_32,42,25,0.479697,0.686093,0.024345,0.244483
train_32,43,26,0.459078,0.680036,0.029810,0.245584
train_32,44,27,0.435727,0.676732,0.033785,0.241179
train_32,45,28,0.407655,0.645897,0.062105,0.205938
train_32,46,29,0.382317,0.623321,0.082972,0.233470
train_32,47,30,0.339589,0.600744,0.088934,0.230166
train_32,48,31,0.303568,0.563852,0.068564,0.207039
train_320,11,0,0.470358,0.353763,0.047010,0.246305
train_320,12,1,0.430653,0.366209,0.045105,0.237134
train_320,13,2,0.399842,0.362279,0.060986,0.268578
train_320,14,3,0.368714,0.370139,0.053363,0.271198
train_320,15,4,0.350926,0.365554,0.044469,0.254166
train_320,17,6,0.288987,0.387826,0.067974,0.246305
train_320,18,7,0.248965,0.407478,0.059081,0.209622
train_320,21,8,0.511651,0.351142,0.041928,0.238445
train_320,22,9,0.541827,0.352453,0.031129,0.212242
train_320,23,10,0.572637,0.338696,0.043199,0.247616
train_320,24,11,0.604401,0.353108,0.036846,0.226653
train_320,25,12,0.631083,0.348522,0.047010,0.227964
train_320,26,13,0.677458,0.350487,0.072421,0.231894
train_320,27,14,0.718116,0.335421,0.050822,0.220103
train_320,31,16,0.510380,0.611204,0.040658,0.218793
train_320,32,17,0.536109,0.607929,0.040022,0.233204
train_320,33,18,0.561202,0.613169,0.041928,0.262027
train_320,34,19,0.593919,0.611859,0.050187,0.251546
train_320,35,20,0.628542,0.592207,0.062257,0.227964
train_320,36,21,0.674599,0.586312,0.084492,0.231894
train_320,37,22,0.723833,0.565350,0.082586,0.224033
train_320,38,23,0.773702,0.526701,0.074327,0.217482
train_320,41,24,0.488146,0.615135,0.044469,0.213552
train_320,42,25,0.460829,0.598758,0.043199,0.241065
train_320,43,26,0.435100,0.626926,0.036211,0.252856
train_320,44,27,0.400160,0.636752,0.034940,0.248926
train_320,45,28,0.368714,0.636752,0.033034,0.238445
train_320,46,29,0.325833,0.621030,0.062892,0.246305
train_321,11,0,0.466197,0.427703,0.032546,0.217108
train_321,12,1,0.440061,0.410334,0.031560,0.273556
train_321,13,2,0.405543,0.391880,0.031560,0.267043
train_321,14,3,0.382859,0.387538,0.033532,0.262701
train_321,15,4,0.349820,0.407078,0.042408,0.293096
train_321,16,5,0.310863,0.396222,0.043395,0.227964
train_321,17,6,0.277331,0.360399,0.049312,0.269214
train_321,21,8,0.487401,0.416848,0.029587,0.217108
train_321,22,9,0.516495,0.405992,0.026629,0.264872
train_321,23,10,0.548055,0.420104,0.028601,0.275727
train_321,24,11,0.578628,0.410334,0.030573,0.251845
train_321,25,12,0.605257,0.409249,0.030573,0.223621
train_321,26,13,0.631885,0.400564,0.026629,0.227964
train_321,28,15,0.695991,0.396222,0.052271,0.162831
train_321,33,18,0.560383,0.666522,0.031560,0.234477
train_321,34,19,0.587011,0.666522,0.035505,0.243161
train_321,35,20,0.614626,0.662180,0.039450,0.260530
train_321,36,21,0.651610,0.665436,0.028601,0.271385
train_321,43,26,0.437596,0.665436,0.028601,0.227964
train_321,44,27,0.410967,0.684976,0.028601,0.262701
train_321,45,28,0.383352,0.669779,0.040436,0.236648
train_321,46,29,0.324671,0.625271,0.088762,0.178029
train_321,47,30,0.287687,0.579679,0.081858,0.130265
train_322,11,0,0.464108,0.464297,0.033089,0.208859
train_322,12,1,0.442210,0.460356,0.024330,0.193096
train_322,13,2,0.416420,0.457401,0.025304,0.206888
train_322,14,3,0.394523,0.447549,0.018491,0.202948
train_322,15,4,0.374572,0.437697,0.017518,0.187185
train_322,16,5,0.345862,0.430801,0.036009,0.185214
train_322,17,6,0.304987,0.417993,0.037955,0.179303
train_322,21,8,0.498170,0.454445,0.027250,0.208859
train_322,22,9,0.521528,0.436712,0.031143,0.216740
train_322,23,10,0.545858,0.446564,0.027250,0.200977
train_322,24,11,0.567269,0.410112,0.027250,0.222651
train_322,25,12,0.587706,0.410112,0.027250,0.206888
train_322,26,13,0.618363,0.400260,0.041848,0.195066
train_322,27,14,0.650479,0.396319,0.039902,0.167481
train_322,28,15,0.672207,0.318013,0.043480,0.098130
train_322,31,16,0.488925,0.662319,0.026277,0.143837
train_322,32,17,0.511795,0.661334,0.021411,0.165511
train_322,33,18,0.533693,0.676111,0.030170,0.179303
train_322,34,19,0.556077,0.662319,0.030170,0.179303
train_322,35,20,0.576514,0.646556,0.032116,0.175363
train_322,36,21,0.607171,0.624882,0.058393,0.159600
train_322,37,22,0.647559,0.588430,0.053527,0.161570
train_322,38,23,0.682595,0.554934,0.057420,0.141866
train_322,41,24,0.469947,0.666259,0.021411,0.155659
train_322,42,25,0.453889,0.667245,0.018491,0.185214
train_322,43,26,0.431505,0.673156,0.026277,0.193096
train_322,44,27,0.407175,0.669215,0.024330,0.177333
train_322,45,28,0.380898,0.655422,0.028223,0.161570
train_322,47,30,0.314232,0.612074,0.058393,0.141866
train_322,48,31,0.276277,0.577593,0.077857,0.112311
train_323,11,0,0.489212,0.466608,0.035436,0.230074
train_323,12,1,0.464604,0.476106,0.025593,0.215299
train_323,13,2,0.437534,0.468718,0.028546,0.242739
train_323,14,3,0.420309,0.464497,0.031499,0.238517
train_323,15,4,0.392255,0.463441,0.034452,0.232185
train_323,16,5,0.356819,0.459220,0.044295,0.223742
train_323,17,6,0.319907,0.445500,0.035436,0.238517
train_323,18,7,0.291362,0.399063,0.047248,0.200523
train_323,21,8,0.523663,0.466608,0.035436,0.234296
train_323,22,9,0.553685,0.473995,0.026577,0.223742
train_323,23,10,0.578294,0.451832,0.038389,0.238517
train_323,24,11,0.606347,0.458164,0.035436,0.246960
train_323,25,12,0.629479,0.459220,0.032483,0.206856
train_323,26,13,0.664422,0.449721,0.047248,0.213188
train_323,27,14,0.705272,0.446555,0.046263,0.198413
train_323,28,15,0.730865,0.376900,0.054138,0.151976
train_323,31,16,0.513328,0.684017,0.022640,0.175194
train_323,32,17,0.533999,0.701959,0.022640,0.202634
train_323,33,18,0.558607,0.722011,0.028546,0.234296
train_323,34,19,0.588137,0.713568,0.032483,0.192080
train_323,35,20,0.619143,0.717790,0.045279,0.225853
train_323,36,21,0.659009,0.703014,0.073825,0.217410
train_323,37,22,0.701827,0.657633,0.078746,0.181527
train_323,38,23,0.753012,0.639691,0.051185,0.137200
train_323,41,24,0.495118,0.700903,0.019687,0.204745
train_323,42,25,0.474939,0.718845,0.018702,0.223742
train_323,43,26,0.454760,0.718845,0.025593,0.211077
train_323,44,27,0.431136,0.708291,0.025593,0.194191
train_323,45,28,0.408989,0.701959,0.032483,0.206856
train_323,46,29,0.366171,0.696682,0.057091,0.192080
train_323,47,30,0.316954,0.676630,0.062997,0.177305
train_323,48,31,0.270198,0.656577,0.062013,0.116093
train_324,11,0,0.489270,0.435917,0.033258,0.235562
train_324,12,1,0.461345,0.425785,0.026355,0.240628
train_324,13,2,0.424322,0.395390,0.047691,0.298886
train_324,14,3,0.400477,0.418820,0.040161,0.252026
train_324,15,4,0.370356,0.425152,0.040161,0.259625
train_324,16,5,0.328313,0.428951,0.065261,0.244428
train_324,17,6,0.283760,0.412487,0.062751,0.224164
train_324,21,8,0.521586,0.440983,0.031376,0.238095
train_324,22,9,0.552334,0.446682,0.025100,0.216565
train_324,23,10,0.585592,0.413121,0.041416,0.276089
train_324,24,11,0.616340,0.415020,0.040161,0.267224
train_324,25,12,0.642696,0.416287,0.038906,0.246960
train_324,26,13,0.678464,0.430218,0.053966,0.214032
train_324,27,14,0.723645,0.428951,0.046436,0.229230
train_324,28,15,0.760981,0.420719,0.042043,0.192503
train_324,31,16,0.523469,0.638551,0.033886,0.212766
train_324,32,17,0.548883,0.648050,0.028238,0.224164
train_324,33,18,0.578690,0.660714,0.038906,0.246960
train_324,34,19,0.611007,0.660714,0.042043,0.226697
train_324,35,20,0.637676,0.646783,0.045181,0.206434
train_324,36,21,0.678464,0.642984,0.062751,0.208967
train_324,37,22,0.732430,0.624620,0.086596,0.207700
train_324,38,23,0.777610,0.596758,0.067771,0.192503
train_324,41,24,0.495231,0.637918,0.031376,0.191236
train_324,42,25,0.468876,0.627153,0.041416,0.205167
train_324,43,26,0.437814,0.634119,0.037023,0.206434
train_324,44,27,0.398281,0.647416,0.043298,0.215299
train_324,47,30,0.280309,0.621454,0.099774,0.214032
train_324,48,31,0.231990,0.574595,0.090989,0.191236
train_325,11,0,0.493596,0.367275,0.035694,0.255595
train_325,12,1,0.466426,0.374758,0.031432,0.238326
train_325,13,2,0.435793,0.360942,0.043686,0.282076
train_325,14,3,0.415015,0.379939,0.044751,0.250990
train_325,15,4,0.393239,0.404117,0.042487,0.214148
train_325,16,5,0.356812,0.404117,0.068725,0.224510
train_325,17,6,0.313859,0.438657,0.053941,0.219329
train_325,18,7,0.270705,0.438551,0.045950,0.228175
train_325,21,8,0.528628,0.372470,0.036664,0.246149
train_325,22,9,0.561536,0.390331,0.029151,0.205232
train_325,23,10,0.589065,0.384096,0.027710,0.230690
train_325,24,11,0.613129,0.381648,0.035224,0.234195
train_325,25,12,0.640944,0.384197,0.032434,0.225998
train_325,26,13,0.675803,0.403845,0.049408,0.190633
train_325,27,14,0.717765,0.389359,0.038358,0.212264
train_325,28,15,0.754815,0.402918,0.038649,0.225338
train_325,31,16,0.518547,0.614427,0.024152,0.218753
train_325,32,17,0.541988,0.619416,0.026993,0.237942
train_325,33,18,0.568419,0.630149,0.029976,0.265458
train_325,34,19,0.596593,0.621651,0.032848,0.243461
train_325,35,20,0.621114,0.616901,0.034236,0.234962
train_325,36,21,0.660555,0.603403,0.057138,0.209966
train_325,37,22,0.708440,0.590156,0.059451,0.190470
train_325,41,24,0.499241,0.612426,0.024557,0.215299
train_325,42,25,0.476777,0.621472,0.027069,0.230979
train_325,43,26,0.451569,0.618803,0.034700,0.247272
train_325,44,27,0.430655,0.623465,0.034143,0.243558
train_325,45,28,0.405867,0.622738,0.032148,0.242437
train_325,46,29,0.368740,0.619796,0.059928,0.223338
train_325,47,30,0.328066,0.621523,0.040469,0.137638
train_325,48,31,0.299852,0.610258,0.027627,0.082132
train_326,11,0,0.493389,0.433960,0.027355,0.215529
train_326,12,1,0.470290,0.433960,0.022492,0.218292
train_326,13,2,0.453269,0.414617,0.029786,0.245924
train_326,14,3,0.433513,0.407019,0.030394,0.244543
train_326,15,4,0.415276,0.401492,0.034042,0.236253
train_326,16,5,0.390657,0.398038,0.046807,0.243161
train_326,17,6,0.355096,0.394584,0.053494,0.261122
train_326,21,8,0.520136,0.433269,0.024923,0.222437
train_326,22,9,0.545363,0.417380,0.026747,0.226582
train_326,23,10,0.571198,0.407019,0.032218,0.252832
train_326,24,11,0.588523,0.392512,0.030394,0.254214
train_326,25,12,0.608583,0.385604,0.025531,0.248687
train_326,26,13,0.636850,0.388367,0.038297,0.229345
train_326,27,14,0.669068,0.384913,0.044376,0.244543
train_326,31,16,0.517705,0.678502,0.018844,0.245924
train_326,32,17,0.534421,0.668831,0.024315,0.254214
train_326,33,18,0.560257,0.673667,0.024923,0.258359
train_326,34,19,0.584572,0.665377,0.029786,0.244543
train_326,35,20,0.614966,0.651561,0.039512,0.244543
train_326,36,21,0.649616,0.627383,0.068691,0.226582
train_326,41,24,0.500684,0.680575,0.023707,0.241779
train_326,42,25,0.483055,0.679193,0.026139,0.247306
train_326,43,26,0.464515,0.677121,0.027963,0.251451
train_326,44,27,0.439592,0.675739,0.032826,0.248687
train_326,45,28,0.415580,0.666068,0.034649,0.229345
train_326,46,29,0.376068,0.650180,0.075986,0.230727
train_327,11,0,0.475139,0.393955,0.025936,0.312500
train_327,12,1,0.449203,0.394595,0.025936,0.300973
train_327,13,2,0.428960,0.381788,0.032262,0.316342
train_327,15,4,0.384995,0.368340,0.026569,0.222848
train_327,16,5,0.361273,0.357454,0.060096,0.229252
train_327,17,6,0.313196,0.356814,0.043649,0.207480
train_327,21,8,0.499178,0.380507,0.028467,0.331711
train_327,22,9,0.520053,0.386270,0.029732,0.299693
train_327,23,10,0.542194,0.371542,0.037323,0.300973
train_327,24,11,0.564018,0.372823,0.043016,0.290727
train_327,25,12,0.584577,0.389472,0.034793,0.242059
train_327,26,13,0.615258,0.383709,0.050607,0.248463
train_327,27,14,0.650367,0.363217,0.041118,0.238217
train_327,28,15,0.673773,0.362577,0.060096,0.188268
train_327,31,16,0.502341,0.678279,0.019610,0.204918
train_327,32,17,0.521635,0.684682,0.022773,0.233094
train_327,33,18,0.545989,0.697490,0.038588,0.299693
train_327,34,19,0.568130,0.666752,0.043649,0.248463
train_327,35,20,0.591220,0.633453,0.039221,0.151127
train_327,41,24,0.485261,0.684682,0.022141,0.220287
train_327,42,25,0.464385,0.694928,0.024671,0.253586
train_327,43,26,0.435286,0.696209,0.043649,0.274078
train_327,44,27,0.408401,0.668033,0.044281,0.230533
train_327,45,28,0.379618,0.637295,0.043649,0.199795
train_327,46,29,0.338183,0.629611,0.084767,0.253586
train_327,47,30,0.293269,0.564293,0.084767,0.184426
train_328,11,0,0.492887,0.388382,0.035083,0.284251
train_328,12,1,0.465543,0.376069,0.027860,0.297619
train_328,13,2,0.441982,0.389438,0.031644,0.283547
train_328,14,3,0.416873,0.415822,0.037147,0.256107
train_328,15,4,0.388325,0.409490,0.049529,0.288472
train_328,17,6,0.341891,0.447836,0.050905,0.232889
train_328,18,7,0.299413,0.424617,0.064320,0.228667
train_328,21,8,0.528830,0.392252,0.042306,0.286362
train_328,22,9,0.556175,0.386623,0.029580,0.282140
train_328,23,10,0.587303,0.377125,0.036115,0.303951
train_328,24,11,0.615163,0.379236,0.035427,0.281436
train_328,25,12,0.645259,0.386272,0.038523,0.257514
train_328,26,13,0.683782,0.391548,0.052281,0.244146
train_328,27,14,0.727980,0.386272,0.044370,0.237814
train_328,28,15,0.757388,0.329632,0.042650,0.213188
train_328,31,16,0.515760,0.664542,0.042994,0.235703
train_328,32,17,0.538117,0.664542,0.036115,0.237110
train_328,33,18,0.570277,0.690575,0.051593,0.314505
train_328,34,19,0.606392,0.688816,0.065351,0.299730
train_328,35,20,0.637692,0.691630,0.062600,0.294101
train_328,36,21,0.683094,0.675096,0.090804,0.277918
train_328,37,22,0.733139,0.636398,0.089084,0.235703
train_328,38,23,0.792300,0.616698,0.088396,0.183637
train_328,41,24,0.496842,0.686353,0.046434,0.272290
train_328,42,25,0.473798,0.686001,0.047810,0.278622
train_328,43,26,0.452472,0.702184,0.055377,0.312394
train_328,44,27,0.411198,0.699370,0.042306,0.280029
train_328,45,28,0.375598,0.714145,0.039899,0.282844
train_328,47,30,0.301992,0.684594,0.111441,0.240628
train_328,48,31,0.250571,0.634991,0.119352,0.225853
train_329,11,0,0.498047,0.425639,0.037530,0.258625
train_329,12,1,0.474193,0.430304,0.043255,0.233296
train_329,13,2,0.439843,0.416973,0.041983,0.281288
train_329,14,3,0.417579,0.410974,0.045800,0.279955
train_329,15,4,0.385138,0.420306,0.043255,0.266624
train_329,16,5,0.350788,0.450301,0.050889,0.233296
train_329,17,6,0.304352,0.457633,0.049616,0.234629
train_329,21,8,0.533669,0.434304,0.040075,0.257292
train_329,22,9,0.559432,0.436970,0.034350,0.230630
train_329,23,10,0.586466,0.436304,0.041347,0.269290
train_329,24,11,0.608094,0.452301,0.040075,0.253293
train_329,25,12,0.633538,0.466299,0.036258,0.233296
train_329,26,13,0.668524,0.469632,0.055341,0.247960
train_329,31,16,0.514904,0.697595,0.024172,0.215965
train_329,32,17,0.537804,0.704261,0.024172,0.229297
train_329,33,18,0.559432,0.726257,0.029261,0.254626
train_329,35,20,0.615409,0.744254,0.045800,0.253293
train_329,41,24,0.493276,0.708260,0.025444,0.237295
train_329,42,25,0.471331,0.707593,0.027353,0.251960
train_329,43,26,0.444614,0.732256,0.032442,0.285288
train_329,44,27,0.416307,0.725591,0.043255,0.258625
train_329,45,28,0.387682,0.724924,0.044528,0.257292
train_33,11,0,0.469827,0.449989,0.038297,0.235379
train_33,12,1,0.442130,0.428528,0.028039,0.253378
train_33,13,2,0.418536,0.413298,0.028723,0.294916
train_33,14,3,0.392548,0.416759,0.034194,0.238148
train_33,15,4,0.367929,0.395814,0.041033,0.246807
train_33,16,5,0.336378,0.380969,0.046992,0.239884
train_33,17,6,0.300431,0.360639,0.057034,0.218742
train_33,21,8,0.501856,0.424473,0.031730,0.274850
train_33,22,9,0.530975,0.393573,0.027312,0.309003
train_33,23,10,0.555491,0.406398,0.030908,0.279184
train_33,24,11,0.575071,0.416871,0.044054,0.212853
train_33,25,12,0.599863,0.384988,0.045759,0.230073
train_33,26,13,0.628349,0.344802,0.057274,0.251546
train_33,27,14,0.665570,0.330204,0.059803,0.235342
train_33,31,16,0.496069,0.674919,0.023538,0.191813
train_33,32,17,0.512840,0.655857,0.027657,0.198961
train_33,33,18,0.553126,0.684827,0.059462,0.269691
train_33,34,19,0.574215,0.664186,0.058154,0.235476
train_33,35,20,0.602182,0.642166,0.061705,0.216602
train_33,36,21,0.640582,0.625989,0.086121,0.245362
train_33,37,22,0.680313,0.575209,0.084789,0.210311
train_33,38,23,0.715383,0.513643,0.078574,0.182449
train_33,41,24,0.476996,0.681263,0.026191,0.197728
train_33,42,25,0.457463,0.674072,0.028855,0.226488
train_33,43,26,0.429718,0.696542,0.031075,0.273224
train_33,44,27,0.397408,0.680464,0.048136,0.224892
train_33,45,28,0.369190,0.656497,0.060091,0.216302
train_33,46,29,0.335976,0.639420,0.073099,0.239071
train_33,47,30,0.296615,0.600524,0.081534,0.220097
train_33,48,31,0.258191,0.556409,0.072162,0.196380
train_330,11,0,0.496595,0.411840,0.034990,0.274560
train_330,12,1,0.467829,0.413990,0.027925,0.280295
train_330,13,2,0.443268,0.381731,0.036673,0.336210
train_330,14,3,0.420054,0.393201,0.044075,0.304668
train_330,15,4,0.400708,0.403954,0.043738,0.283162
train_330,16,5,0.357643,0.430120,0.051140,0.265241
train_330,17,6,0.313064,0.415066,0.062916,0.286747
train_330,21,8,0.516950,0.392843,0.036000,0.281012
train_330,22,9,0.543361,0.395352,0.039028,0.314704
train_330,23,10,0.575492,0.397502,0.045420,0.321873
train_330,24,11,0.598707,0.420084,0.048112,0.268108
train_330,25,12,0.623099,0.409689,0.042392,0.291765
train_330,26,13,0.659099,0.401445,0.052486,0.309686
train_330,27,14,0.701828,0.398219,0.047103,0.286030
train_330,28,15,0.734968,0.375996,0.054841,0.277427
train_330,31,16,0.506352,0.681023,0.021533,0.223662
train_330,32,17,0.523511,0.696436,0.027589,0.255921
train_330,33,18,0.552445,0.731204,0.037682,0.302518
train_330,34,19,0.583903,0.712924,0.042056,0.241584
train_330,35,20,0.611828,0.720809,0.053495,0.241584
train_330,37,22,0.701659,0.697153,0.082429,0.250186
train_330,38,23,0.748425,0.649481,0.073009,0.210759
train_330,41,24,0.494240,0.687833,0.024224,0.241584
train_330,42,25,0.476240,0.693927,0.031962,0.242301
train_330,43,26,0.451848,0.724394,0.030953,0.301801
train_330,44,27,0.422913,0.705755,0.032972,0.235849
train_330,45,28,0.399026,0.714716,0.038355,0.252337
train_330,46,29,0.354278,0.720809,0.068635,0.258789
train_330,47,30,0.303307,0.695360,0.091177,0.238000
train_331,11,0,0.484169,0.473872,0.041707,0.214325
train_331,12,1,0.451982,0.466078,0.035361,0.214325
train_331,13,2,0.417528,0.442697,0.035361,0.241602
train_331,15,4,0.361767,0.452439,0.041707,0.206531
train_331,18,7,0.263392,0.340406,0.071628,0.185099
train_331,21,8,0.524517,0.487511,0.038987,0.198737
train_331,22,9,0.558064,0.484588,0.037174,0.224067
train_331,23,10,0.592518,0.460233,0.048054,0.261086
train_331,25,12,0.644652,0.471923,0.036267,0.226015
train_331,27,14,0.716734,0.454388,0.049868,0.194841
train_331,31,16,0.515903,0.725216,0.023574,0.245499
train_331,32,17,0.539930,0.727165,0.026294,0.245499
train_331,33,18,0.568944,0.734958,0.035361,0.249396
train_331,34,19,0.597958,0.739829,0.033547,0.266932
train_331,35,20,0.631052,0.728139,0.038081,0.235757
train_331,38,23,0.748014,0.643383,0.105175,0.210428
train_331,41,24,0.494143,0.724242,0.029014,0.247448
train_331,42,25,0.471929,0.713526,0.028107,0.253293
train_331,43,26,0.441102,0.695016,0.042614,0.231860
train_331,44,27,0.408008,0.702810,0.050774,0.251344
train_331,45,28,0.378087,0.708655,0.045334,0.270828
train_331,46,29,0.329580,0.692093,0.084322,0.257190
train_331,48,31,0.246165,0.594673,0.100642,0.222118
train_332,11,0,0.420177,0.416324,0.030751,0.201144
train_332,12,1,0.393889,0.408502,0.017855,0.216789
train_332,13,2,0.372562,0.417441,0.032735,0.221259
train_332,14,3,0.357683,0.419676,0.024799,0.185500
train_332,17,6,0.283781,0.390622,0.033727,0.221259
train_332,21,8,0.451423,0.415207,0.033727,0.185500
train_332,22,9,0.474735,0.393975,0.030751,0.219024
train_332,23,10,0.501518,0.401797,0.036703,0.212319
train_332,24,11,0.522349,0.383917,0.042654,0.216789
train_332,25,12,0.545164,0.383917,0.042654,0.221259
train_332,26,13,0.577899,0.355981,0.048606,0.232433
train_332,27,14,0.618570,0.353746,0.048606,0.196674
train_332,31,16,0.467295,0.601824,0.029759,0.174325
train_332,32,17,0.488126,0.612998,0.027775,0.232433
train_332,33,18,0.514413,0.604059,0.026783,0.205614
train_332,34,19,0.535245,0.596236,0.024799,0.189970
train_332,35,20,0.581371,0.592884,0.061502,0.196674
train_332,36,21,0.630473,0.537011,0.074397,0.151976
train_332,41,24,0.449936,0.606294,0.018847,0.169855
train_332,42,25,0.424144,0.611881,0.018847,0.185500
train_332,43,26,0.409265,0.616351,0.020831,0.189970
train_332,44,27,0.390914,0.627525,0.021823,0.212319
train_332,46,29,0.362147,0.640935,0.033727,0.221259
train_332,47,30,0.322468,0.611881,0.045630,0.198909
train_332,48,31,0.275350,0.590649,0.048606,0.156446
train_333,11,0,0.494651,0.437440,0.051279,0.279255
train_333,12,1,0.459832,0.449529,0.034819,0.247824
train_333,13,2,0.422480,0.421119,0.051279,0.319149
train_333,14,3,0.390827,0.426559,0.046214,0.284091
train_333,16,5,0.318657,0.423537,0.061408,0.249033
train_333,21,8,0.536433,0.446506,0.043682,0.256286
train_333,22,9,0.572518,0.441671,0.037351,0.249033
train_333,23,10,0.616517,0.420515,0.056976,0.286509
train_333,24,11,0.641840,0.435022,0.040517,0.247824
train_333,25,12,0.671911,0.444088,0.037351,0.224855
train_333,26,13,0.708945,0.436835,0.051912,0.256286
train_333,27,14,0.756742,0.442275,0.055077,0.257495
train_333,31,16,0.539915,0.715486,0.030387,0.235735
train_333,32,17,0.561123,0.714882,0.028488,0.241779
train_333,33,18,0.593093,0.709441,0.054444,0.274420
train_333,34,19,0.629811,0.716090,0.034186,0.241779
train_333,35,20,0.663364,0.714277,0.032920,0.233317
train_333,41,24,0.516492,0.716090,0.037984,0.239362
train_333,42,25,0.494017,0.714882,0.047480,0.249033
train_333,43,26,0.461098,0.731806,0.044948,0.282882
train_333,44,27,0.430077,0.720322,0.039884,0.259913
train_333,45,28,0.395575,0.710046,0.039250,0.246615
train_333,46,29,0.340498,0.694330,0.084832,0.232108
train_334,11,0,0.499396,0.438657,0.025447,0.287833
train_334,12,1,0.485347,0.457654,0.025977,0.236023
train_334,13,2,0.467587,0.447292,0.029688,0.263655
train_334,14,3,0.453273,0.453049,0.032869,0.247536
train_334,17,6,0.375342,0.442687,0.051954,0.219904
train_334,18,7,0.348040,0.430022,0.032339,0.206088
train_334,21,8,0.523252,0.435203,0.026507,0.283227
train_334,22,9,0.541277,0.430598,0.028628,0.269411
train_334,23,10,0.559832,0.436354,0.029688,0.294741
train_334,24,11,0.583423,0.428295,0.025977,0.290135
train_334,26,13,0.610726,0.443838,0.041351,0.247536
train_334,27,14,0.651117,0.435990,0.044690,0.226459
train_334,31,16,0.522244,0.682386,0.016975,0.213669
train_334,32,17,0.540432,0.694424,0.022864,0.234735
train_334,33,18,0.560352,0.694800,0.028754,0.249029
train_334,34,19,0.578193,0.694424,0.025636,0.237744
train_334,37,22,0.662722,0.660191,0.081758,0.230973
train_334,38,23,0.697711,0.601508,0.082451,0.178308
train_334,41,24,0.508102,0.687493,0.018400,0.220758
train_334,42,25,0.495132,0.660636,0.018400,0.177523
train_334,43,26,0.477726,0.704615,0.023459,0.257322
train_334,44,27,0.462219,0.708500,0.031411,0.268548
train_334,45,28,0.435381,0.704615,0.058051,0.269411
train_334,46,29,0.403373,0.684754,0.087076,0.246960
train_334,47,30,0.365004,0.655395,0.088269,0.219329
train_334,48,31,0.317689,0.609198,0.093835,0.185652
train_335,11,0,0.479627,0.367079,0.029838,0.295349
train_335,12,1,0.458042,0.368512,0.031108,0.281012
train_335,13,2,0.432648,0.349157,0.038726,0.345530
train_335,14,3,0.423443,0.376398,0.041901,0.313987
train_335,15,4,0.402810,0.387151,0.038726,0.298216
train_335,16,5,0.378050,0.379982,0.052693,0.301084
train_335,17,6,0.342181,0.390018,0.048249,0.258072
train_335,18,7,0.306312,0.368512,0.060311,0.258072
train_335,21,8,0.505339,0.360627,0.027934,0.302518
train_335,22,9,0.530733,0.369946,0.026664,0.289614
train_335,23,10,0.553588,0.358476,0.034282,0.341228
train_335,24,11,0.572634,0.371380,0.034282,0.312554
train_335,25,12,0.591045,0.394320,0.029203,0.275277
train_335,26,13,0.619613,0.400771,0.039361,0.253771
train_335,27,14,0.650721,0.406506,0.038091,0.242301
train_335,28,15,0.682464,0.398621,0.040631,0.232265
train_335,31,16,0.501530,0.663144,0.021585,0.253771
train_335,32,17,0.518989,0.678199,0.023490,0.272409
train_335,33,18,0.543431,0.698988,0.033013,0.316855
train_335,34,19,0.565650,0.704006,0.027934,0.318289
train_335,35,20,0.581522,0.693970,0.048249,0.298216
train_335,36,21,0.618978,0.688235,0.063486,0.260939
train_335,37,22,0.661196,0.646657,0.075548,0.229397
train_335,38,23,0.700557,0.605795,0.076818,0.225096
train_335,41,24,0.484389,0.658843,0.024125,0.233698
train_335,42,25,0.470739,0.677482,0.032378,0.276710
train_335,43,26,0.452329,0.697554,0.039996,0.331192
train_335,44,27,0.431378,0.709024,0.038726,0.308253
train_335,45,28,0.407889,0.685367,0.039996,0.255204
train_335,46,29,0.385669,0.687518,0.056502,0.279578
train_335,47,30,0.338372,0.674614,0.072374,0.268108
train_335,48,31,0.292027,0.625151,0.081262,0.232265
train_336,11,0,0.496614,0.442517,0.032176,0.248078
train_336,12,1,0.470768,0.435254,0.027956,0.260370
train_336,13,2,0.449669,0.441400,0.031121,0.265957
train_336,14,3,0.429889,0.445870,0.043253,0.241373
train_336,15,4,0.408790,0.427990,0.043253,0.198909
train_336,16,5,0.378196,0.441959,0.053802,0.251430
train_336,17,6,0.336263,0.433019,0.050110,0.233551
train_336,21,8,0.526943,0.424079,0.041143,0.305069
train_336,23,10,0.575207,0.458162,0.052220,0.270427
train_336,24,11,0.600525,0.454251,0.050110,0.182147
train_336,25,12,0.616086,0.475483,0.040088,0.249195
train_336,26,13,0.658811,0.477718,0.060132,0.233551
train_336,31,16,0.519031,0.698418,0.024264,0.219024
train_336,32,17,0.538020,0.702888,0.035868,0.232433
train_336,33,18,0.558064,0.726913,0.043253,0.249195
train_336,34,19,0.586284,0.725796,0.039560,0.242491
train_336,37,22,0.706811,0.697859,0.097055,0.217906
train_336,38,23,0.742415,0.637516,0.094417,0.211202
train_336,41,24,0.496877,0.689478,0.025319,0.225729
train_336,42,25,0.478680,0.704564,0.029011,0.255900
train_336,43,26,0.455998,0.712386,0.029011,0.276015
train_336,44,27,0.432526,0.709592,0.039033,0.245843
train_336,45,28,0.403515,0.704564,0.060132,0.251430
train_336,47,30,0.316482,0.655395,0.091780,0.215671
train_337,11,0,0.483462,0.296066,0.037388,0.365602
train_337,12,1,0.451232,0.301084,0.030942,0.352698
train_337,13,2,0.425125,0.319006,0.038032,0.362734
train_337,14,3,0.400307,0.311837,0.042545,0.377072
train_337,15,4,0.371299,0.346963,0.037388,0.315421
train_337,16,5,0.341002,0.370620,0.052859,0.293915
train_337,17,6,0.299424,0.369903,0.053503,0.278144
train_337,21,8,0.518916,0.319722,0.039966,0.324024
train_337,22,9,0.551792,0.315421,0.034809,0.321156
train_337,23,10,0.577254,0.319006,0.035454,0.328325
train_337,24,11,0.600460,0.323307,0.047057,0.328325
train_337,25,12,0.624633,0.356283,0.041255,0.256638
train_337,26,13,0.659765,0.359867,0.063817,0.269542
train_337,27,14,0.699731,0.360584,0.058660,0.253771
train_337,31,16,0.508294,0.627322,0.028091,0.266802
train_337,32,17,0.530881,0.625633,0.026952,0.258359
train_337,33,18,0.557643,0.631543,0.031887,0.280311
train_337,34,19,0.581179,0.615924,0.034165,0.274401
train_337,35,20,0.610219,0.630277,0.045933,0.287909
train_337,36,21,0.652735,0.631121,0.080097,0.271023
train_337,37,22,0.710367,0.600734,0.091536,0.243735
train_337,41,24,0.488365,0.625211,0.029989,0.259203
train_337,42,25,0.462742,0.639986,0.031128,0.265113
train_337,43,26,0.435600,0.629433,0.036822,0.259203
train_337,44,27,0.410545,0.636609,0.036822,0.261736
train_337,45,28,0.382075,0.640831,0.043655,0.263425
train_337,46,29,0.341457,0.645475,0.070227,0.282844
train_337,47,30,0.282048,0.634498,0.088069,0.281155
train_338,11,0,0.480966,0.448666,0.034233,0.223742
train_338,12,1,0.455047,0.443389,0.031299,0.221631
train_338,13,2,0.430595,0.432835,0.031299,0.225853
train_338,14,3,0.407610,0.431780,0.038146,0.223742
train_338,15,4,0.381201,0.437057,0.030321,0.200523
train_338,16,5,0.350880,0.419115,0.038146,0.202634
train_338,17,6,0.315669,0.400118,0.047926,0.198413
train_338,21,8,0.509331,0.450777,0.030321,0.227964
train_338,22,9,0.536228,0.442334,0.025430,0.240628
train_338,23,10,0.561170,0.432835,0.034233,0.230074
train_338,24,11,0.588067,0.436001,0.029343,0.227964
train_338,25,12,0.614965,0.421226,0.036189,0.215299
train_338,26,13,0.648220,0.410672,0.040102,0.215299
train_338,27,14,0.689789,0.403284,0.044992,0.213188
train_338,28,15,0.720599,0.402229,0.044014,0.194191
train_338,31,16,0.504441,0.675574,0.030321,0.179416
train_338,32,17,0.530360,0.677685,0.023474,0.192080
train_338,33,18,0.551389,0.669242,0.030321,0.183637
train_338,34,19,0.585133,0.670297,0.052817,0.202634
train_338,35,20,0.610563,0.654466,0.058685,0.192080
train_338,36,21,0.646753,0.636525,0.072379,0.206856
train_338,37,22,0.691256,0.614362,0.069444,0.183637
train_338,38,23,0.736248,0.582700,0.069444,0.170973
train_338,41,24,0.480477,0.674519,0.029343,0.164640
train_338,42,25,0.460915,0.681906,0.021518,0.179416
train_338,43,26,0.434018,0.695626,0.034233,0.223742
train_338,44,27,0.412500,0.677685,0.034233,0.208967
train_338,45,28,0.386092,0.679796,0.044014,0.221631
train_338,46,29,0.352836,0.668186,0.075313,0.215299
train_338,47,30,0.312246,0.620694,0.072379,0.192080
train_338,48,31,0.273611,0.561592,0.075313,0.179416
train_339,11,0,0.489936,0.357776,0.037076,0.290020
train_339,12,1,0.448152,0.334980,0.048847,0.345745
train_339,13,2,0.428143,0.369174,0.059440,0.297619
train_339,14,3,0.394892,0.395770,0.065913,0.259625
train_339,15,4,0.367526,0.407801,0.054732,0.225431
train_339,16,5,0.324270,0.393237,0.048258,0.244428
train_339,17,6,0.283663,0.386905,0.055320,0.224164
train_339,21,8,0.530250,0.362209,0.043550,0.276089
train_339,22,9,0.559381,0.361575,0.037076,0.264691
train_339,23,10,0.588512,0.350811,0.047081,0.314083
train_339,24,11,0.609404,0.366641,0.062971,0.287487
train_339,25,12,0.635299,0.378673,0.052378,0.281155
train_339,26,13,0.662371,0.378673,0.060617,0.268490
train_339,27,14,0.706803,0.370441,0.049435,0.241895
train_339,28,15,0.740348,0.362209,0.062382,0.212766
train_339,31,16,0.519951,0.622467,0.021775,0.239362
train_339,32,17,0.541137,0.636398,0.024129,0.264691
train_339,33,18,0.562912,0.668693,0.031191,0.319149
train_339,34,19,0.584981,0.656662,0.035311,0.292553
train_339,35,20,0.616172,0.660461,0.051789,0.272290
train_339,36,21,0.662371,0.639564,0.070033,0.248227
train_339,37,22,0.709746,0.606003,0.089454,0.236829
train_339,38,23,0.752413,0.573075,0.067679,0.226697
train_339,41,24,0.501707,0.634498,0.020598,0.248227
train_339,42,25,0.482874,0.643997,0.030014,0.277356
train_339,43,26,0.460805,0.661094,0.037665,0.316616
train_339,44,27,0.429908,0.659195,0.042961,0.274823
train_339,45,28,0.393420,0.662994,0.088865,0.264691
train_339,46,29,0.355756,0.647163,0.081803,0.258359
train_339,47,30,0.306026,0.616135,0.089454,0.229230
train_339,48,31,0.263653,0.594605,0.063559,0.219098
train_34,11,0,0.476915,0.449191,0.036866,0.217132
train_34,12,1,0.447422,0.446477,0.035526,0.214418
train_34,13,2,0.421281,0.441049,0.038207,0.219846
train_34,14,3,0.399496,0.437656,0.041558,0.199490
train_34,15,4,0.377041,0.434263,0.036866,0.181848
train_34,16,5,0.346878,0.417300,0.052953,0.194061
train_34,17,6,0.306325,0.409158,0.049602,0.180491
train_34,18,7,0.278843,0.379980,0.065689,0.146564
train_34,21,8,0.502600,0.447337,0.033077,0.218311
train_34,22,9,0.525173,0.441235,0.031997,0.219461
train_34,23,10,0.547375,0.436608,0.032650,0.218139
train_34,24,11,0.568924,0.427023,0.044404,0.193681
train_34,25,12,0.591502,0.429576,0.034357,0.169198
train_34,26,13,0.620520,0.424876,0.049679,0.167318
train_34,27,14,0.653484,0.397616,0.044107,0.187998
train_34,28,15,0.680413,0.371766,0.056179,0.172018
train_34,31,16,0.500722,0.664404,0.021402,0.181447
train_34,32,17,0.521010,0.665758,0.028090,0.202210
train_34,33,18,0.545087,0.672303,0.043250,0.236965
train_34,34,19,0.566044,0.664404,0.040575,0.234708
train_34,35,20,0.598593,0.648606,0.064652,0.210334
train_34,37,22,0.670438,0.591985,0.097322,0.180398
train_34,38,23,0.703744,0.549513,0.081750,0.179522
train_34,41,24,0.485792,0.670780,0.021987,0.176521
train_34,42,25,0.467975,0.671932,0.028810,0.192638
train_34,43,26,0.445041,0.678071,0.032980,0.215663
train_34,44,27,0.412819,0.679223,0.049660,0.224105
train_34,45,28,0.384409,0.665775,0.071470,0.224992
train_34,46,29,0.348261,0.650719,0.090887,0.206591
train_34,47,30,0.304677,0.612663,0.093778,0.195718
train_34,48,31,0.269768,0.563734,0.076840,0.169789
train_340,11,0,0.484717,0.490881,0.038553,0.189970
train_340,12,1,0.457038,0.490881,0.030645,0.189970
train_340,13,2,0.432819,0.475051,0.029656,0.200523
train_340,14,3,0.409589,0.477161,0.036576,0.187859
train_340,15,4,0.383887,0.484549,0.028667,0.189970
train_340,16,5,0.348300,0.482438,0.050415,0.211077
train_340,17,6,0.311724,0.464497,0.062278,0.204745
train_340,18,7,0.305793,0.366346,0.068209,0.143533
train_340,21,8,0.520799,0.484549,0.029656,0.189970
train_340,22,9,0.547983,0.483494,0.030645,0.187859
train_340,23,10,0.576651,0.475051,0.030645,0.179416
train_340,24,11,0.599881,0.475051,0.039541,0.187859
train_340,25,12,0.628549,0.482438,0.027679,0.189970
train_340,26,13,0.666607,0.467663,0.050415,0.202634
train_340,27,14,0.697252,0.461331,0.058323,0.211077
train_340,28,15,0.718011,0.375844,0.042507,0.141422
train_340,31,16,0.511408,0.705125,0.018782,0.200523
train_340,32,17,0.529201,0.716734,0.024713,0.219520
train_340,33,18,0.557869,0.713568,0.030645,0.221631
train_340,34,19,0.581594,0.726233,0.028667,0.208967
train_340,35,20,0.616686,0.730454,0.059312,0.217410
train_340,36,21,0.656722,0.727288,0.070186,0.215299
train_340,37,22,0.703677,0.714623,0.063266,0.202634
train_340,38,23,0.764472,0.713568,0.072163,0.175194
train_340,41,24,0.486200,0.707236,0.019771,0.204745
train_340,42,25,0.466429,0.708291,0.021748,0.211077
train_340,43,26,0.448142,0.710402,0.026690,0.211077
train_340,44,27,0.427382,0.726233,0.032622,0.208967
train_340,45,28,0.397726,0.729399,0.040530,0.181527
train_340,46,29,0.352748,0.725177,0.063266,0.194191
train_340,47,30,0.308264,0.703014,0.053381,0.200523
train_341,11,0,0.487068,0.358831,0.032471,0.360641
train_341,12,1,0.472456,0.374512,0.025977,0.355816
train_341,13,2,0.450809,0.368481,0.032471,0.358228
train_341,14,3,0.437279,0.358228,0.038965,0.376321
train_341,15,4,0.418067,0.350388,0.040589,0.343755
train_341,16,5,0.393443,0.399238,0.057366,0.301539
train_341,17,6,0.361784,0.361847,0.065484,0.277416
train_341,18,7,0.327959,0.337724,0.066025,0.250880
train_341,21,8,0.509528,0.386573,0.026518,0.322044
train_341,22,9,0.532528,0.376924,0.028142,0.307570
train_341,23,10,0.554176,0.368481,0.035718,0.329281
train_341,24,11,0.577447,0.350388,0.044377,0.346167
train_341,25,12,0.595576,0.342548,0.030848,0.361847
train_341,26,13,0.626695,0.387176,0.041130,0.260530
train_341,27,14,0.660248,0.319631,0.049789,0.301539
train_341,31,16,0.514398,0.672432,0.027601,0.242437
train_341,32,17,0.531987,0.662783,0.034636,0.244850
train_341,33,18,0.553093,0.665195,0.030306,0.271385
train_341,34,19,0.579341,0.683891,0.030848,0.282241
train_341,37,22,0.691637,0.551213,0.107155,0.195397
train_341,41,24,0.492751,0.664592,0.022189,0.219520
train_341,42,25,0.472997,0.665798,0.025977,0.238819
train_341,43,26,0.452432,0.678463,0.030306,0.266561
train_341,44,27,0.431597,0.676051,0.038424,0.237613
train_341,45,28,0.406702,0.676654,0.060072,0.262942
train_341,48,31,0.288453,0.545786,0.109320,0.194191
train_342,11,0,0.482001,0.442901,0.030531,0.225792
train_342,12,1,0.454917,0.436387,0.031516,0.208424
train_342,13,2,0.424878,0.436387,0.028562,0.182371
train_342,14,3,0.402718,0.422275,0.041365,0.171515
train_342,15,4,0.377111,0.433131,0.035456,0.175858
train_342,16,5,0.346088,0.414677,0.054169,0.178029
train_342,17,6,0.311124,0.398393,0.063032,0.167173
train_342,21,8,0.516965,0.447243,0.029546,0.204082
train_342,22,9,0.539617,0.450499,0.029546,0.197568
train_342,23,10,0.567194,0.422275,0.023637,0.214937
train_342,24,11,0.588369,0.414677,0.034471,0.204082
train_342,25,12,0.612991,0.402736,0.042350,0.201911
train_342,26,13,0.647954,0.388624,0.055153,0.208424
train_342,27,14,0.688334,0.359314,0.051214,0.201911
train_342,31,16,0.509086,0.678463,0.013788,0.201911
train_342,32,17,0.530753,0.675206,0.017728,0.217108
train_342,33,18,0.548973,0.671950,0.026592,0.232306
train_342,34,19,0.577042,0.686062,0.035456,0.251845
train_342,35,20,0.606589,0.666522,0.047274,0.247503
train_342,36,21,0.646969,0.643726,0.068942,0.227964
train_342,37,22,0.699168,0.598133,0.072881,0.214937
train_342,41,24,0.489388,0.686062,0.023637,0.199739
train_342,42,25,0.469690,0.679548,0.019698,0.191055
train_342,43,26,0.444083,0.691489,0.031516,0.240990
train_342,44,27,0.414537,0.669779,0.031516,0.227964
train_342,45,28,0.388930,0.658923,0.045305,0.232306
train_342,46,29,0.351997,0.645897,0.060078,0.214937
train_342,47,30,0.293889,0.607903,0.075836,0.212766
train_343,11,0,0.510629,0.500315,0.041233,0.234462
train_343,12,1,0.473977,0.502940,0.037568,0.215216
train_343,13,2,0.443740,0.498565,0.032070,0.234462
train_343,14,3,0.414419,0.487192,0.032070,0.208217
train_343,15,4,0.384181,0.484567,0.035735,0.223964
train_343,16,5,0.349362,0.482818,0.050396,0.216965
train_343,17,6,0.309504,0.460071,0.045814,0.213466
train_343,18,7,0.277892,0.432076,0.044898,0.213466
train_343,21,8,0.554153,0.502065,0.045814,0.230963
train_343,22,9,0.585306,0.503814,0.043982,0.234462
train_343,23,10,0.616002,0.494191,0.041233,0.253709
train_343,24,11,0.642116,0.493316,0.042149,0.234462
train_343,25,12,0.669605,0.495941,0.043982,0.236212
train_343,26,13,0.707631,0.493316,0.054061,0.223964
train_343,27,14,0.744282,0.475819,0.035735,0.213466
train_343,28,15,0.774062,0.454822,0.042149,0.206467
train_343,31,16,0.532620,0.747025,0.024740,0.216965
train_343,32,17,0.558734,0.747025,0.027489,0.227464
train_343,33,18,0.590346,0.747025,0.035735,0.237962
train_343,34,19,0.627456,0.738277,0.034819,0.209966
train_343,37,22,0.753903,0.706782,0.100792,0.195969
train_343,38,23,0.791471,0.664789,0.084298,0.188970
train_343,41,24,0.503299,0.727779,0.035735,0.188970
train_343,42,25,0.473977,0.731278,0.041233,0.202968
train_343,43,26,0.446489,0.736527,0.046731,0.237962
train_343,44,27,0.416251,0.720780,0.035735,0.202968
train_343,45,28,0.383265,0.723404,0.055894,0.232713
train_343,47,30,0.293927,0.677912,0.104457,0.183721
train_343,48,31,0.266438,0.627170,0.080633,0.159225
train_344,11,0,0.486114,0.391271,0.030636,0.337279
train_344,12,1,0.460792,0.403269,0.035013,0.302618
train_344,13,2,0.433907,0.397270,0.041265,0.335946
train_344,14,3,0.415776,0.408503,0.046267,0.284152
train_344,15,4,0.398397,0.428252,0.040038,0.248602
train_344,16,5,0.357479,0.412773,0.050597,0.260798
train_344,17,6,0.315682,0.417933,0.052357,0.256107
train_344,18,7,0.292803,0.377125,0.071716,0.221397
train_344,21,8,0.507730,0.396356,0.029038,0.319899
train_344,22,9,0.531269,0.420747,0.025079,0.233592
train_344,23,10,0.559427,0.390259,0.032118,0.328343
train_344,24,11,0.582966,0.390259,0.039598,0.330219
train_344,25,12,0.613324,0.412773,0.038718,0.279560
train_344,26,13,0.648962,0.405738,0.045757,0.257983
train_344,27,14,0.689000,0.419809,0.046637,0.244850
train_344,28,15,0.711658,0.339600,0.046197,0.221397
train_344,31,16,0.515650,0.704060,0.026398,0.259860
train_344,32,17,0.529509,0.696086,0.027718,0.262674
train_344,33,18,0.555688,0.702653,0.042238,0.292694
train_344,34,19,0.580326,0.697493,0.042238,0.269241
train_344,35,20,0.607385,0.706875,0.049717,0.282375
train_344,37,22,0.687900,0.663252,0.072596,0.234530
train_344,38,23,0.733877,0.645428,0.071276,0.180119
train_344,41,24,0.502231,0.695617,0.026838,0.259860
train_344,42,25,0.485952,0.698431,0.031238,0.263612
train_344,43,26,0.463293,0.707344,0.034318,0.287065
train_344,44,27,0.442174,0.707344,0.035198,0.281436
train_344,45,28,0.411156,0.705936,0.057637,0.237345
train_344,47,30,0.335700,0.667004,0.106474,0.223273
train_344,48,31,0.268384,0.640268,0.105594,0.166048
train_345,11,0,0.502191,0.388707,0.037928,0.219196
train_345,12,1,0.473746,0.378478,0.033011,0.233809
train_345,13,2,0.441086,0.373363,0.036523,0.232347
train_345,14,3,0.418259,0.387246,0.035821,0.219196
train_345,15,4,0.385950,0.373363,0.034416,0.217734
train_345,16,5,0.344159,0.366057,0.043547,0.235270
train_345,17,6,0.298505,0.377017,0.042142,0.230886
train_345,18,7,0.262334,0.362404,0.044249,0.222118
train_345,21,8,0.531691,0.396014,0.036523,0.213350
train_345,22,9,0.558732,0.379209,0.027392,0.217734
train_345,23,10,0.594552,0.374825,0.034416,0.235270
train_345,24,11,0.626861,0.384323,0.024583,0.225041
train_345,25,12,0.653200,0.369710,0.029499,0.248422
train_345,26,13,0.683051,0.368979,0.033011,0.223580
train_345,27,14,0.723085,0.369710,0.035821,0.219196
train_345,28,15,0.752585,0.366787,0.028797,0.213350
train_345,31,16,0.522560,0.637859,0.028095,0.238193
train_345,32,17,0.547845,0.642243,0.025285,0.232347
train_345,33,18,0.573833,0.655395,0.036523,0.258651
train_345,34,19,0.601576,0.648089,0.038630,0.229425
train_345,35,20,0.625105,0.634206,0.039332,0.230886
train_345,36,21,0.663735,0.627630,0.057594,0.229425
train_345,37,22,0.703770,0.607172,0.053380,0.203121
train_345,38,23,0.749424,0.561872,0.067427,0.168050
train_345,41,24,0.502191,0.639321,0.021071,0.200199
train_345,42,25,0.480769,0.640782,0.028797,0.220657
train_345,43,26,0.455484,0.634206,0.034416,0.222118
train_345,44,27,0.430199,0.650281,0.031606,0.233809
train_345,45,28,0.402104,0.623977,0.041440,0.195815
train_345,46,29,0.361367,0.622516,0.056892,0.210428
train_345,47,30,0.307636,0.610095,0.058999,0.197276
train_345,48,31,0.255661,0.564794,0.068832,0.156360
train_346,11,0,0.490954,0.375421,0.033298,0.225910
train_346,12,1,0.469680,0.362072,0.029598,0.207426
train_346,13,2,0.445169,0.349749,0.028673,0.244393
train_346,14,3,0.427595,0.360018,0.032373,0.219749
train_346,15,4,0.402159,0.347696,0.031448,0.244393
train_346,16,5,0.373948,0.341535,0.037923,0.219749
train_346,17,6,0.336487,0.323051,0.046247,0.190996
train_346,21,8,0.518240,0.381582,0.030523,0.230017
train_346,22,9,0.544601,0.384663,0.027748,0.227964
train_346,23,10,0.569112,0.362072,0.023124,0.248501
train_346,24,11,0.593623,0.371314,0.025899,0.213587
train_346,26,13,0.639408,0.363099,0.034223,0.201265
train_346,27,14,0.668082,0.343588,0.036073,0.203319
train_346,31,16,0.513615,0.607492,0.024974,0.184835
train_346,32,17,0.532577,0.616734,0.027748,0.215641
train_346,33,18,0.559863,0.632137,0.024974,0.254662
train_346,34,19,0.584374,0.604411,0.025899,0.223856
train_346,35,20,0.612122,0.616734,0.033298,0.252608
train_346,36,21,0.656520,0.586955,0.070296,0.217695
train_346,37,22,0.692131,0.536638,0.082321,0.199211
train_346,41,24,0.490492,0.599277,0.024974,0.188943
train_346,42,25,0.463668,0.618787,0.030523,0.244393
train_346,43,26,0.436382,0.613653,0.031448,0.246447
train_346,44,27,0.411408,0.606465,0.029598,0.232071
train_346,46,29,0.351287,0.572579,0.073996,0.230017
train_346,47,30,0.307351,0.514047,0.086020,0.190996
train_347,11,0,0.496172,0.515999,0.032025,0.264931
train_347,12,1,0.468514,0.518052,0.025232,0.269038
train_347,13,2,0.450560,0.500596,0.030084,0.275199
train_347,14,3,0.424358,0.495461,0.043670,0.285468
train_347,15,4,0.396215,0.506757,0.037848,0.246447
train_347,16,5,0.360309,0.496488,0.059197,0.238232
train_347,17,6,0.321976,0.469790,0.071813,0.225910
train_347,18,7,0.305963,0.397909,0.080547,0.160191
train_347,21,8,0.530137,0.517025,0.047552,0.262877
train_347,22,9,0.555369,0.522160,0.035907,0.252608
train_347,23,10,0.576234,0.537563,0.040759,0.250555
train_347,24,11,0.600980,0.520106,0.053375,0.269038
train_347,25,12,0.625727,0.522160,0.042700,0.252608
train_347,26,13,0.659207,0.518052,0.047552,0.240286
train_347,27,14,0.698510,0.498542,0.060168,0.217695
train_347,28,15,0.713067,0.438984,0.071813,0.160191
train_347,31,16,0.513154,0.761419,0.023291,0.205373
train_347,32,17,0.533049,0.767580,0.033966,0.213587
train_347,33,18,0.556825,0.774768,0.034936,0.223856
train_347,34,19,0.588364,0.761419,0.035907,0.225910
train_347,35,20,0.616022,0.758338,0.042700,0.223856
train_347,36,21,0.669882,0.749096,0.094134,0.238232
train_347,37,22,0.713552,0.699807,0.099956,0.217695
train_347,38,23,0.762075,0.658732,0.072784,0.156083
train_347,41,24,0.493745,0.758338,0.027173,0.211534
train_347,42,25,0.474822,0.757311,0.026202,0.230017
train_347,43,26,0.452016,0.751150,0.029113,0.242340
train_347,44,27,0.419991,0.740881,0.046582,0.271092
train_347,45,28,0.390878,0.734720,0.058227,0.230017
train_347,46,29,0.340414,0.710076,0.098986,0.225910
train_347,47,30,0.294803,0.665920,0.098986,0.219749
train_347,48,31,0.244825,0.634088,0.076666,0.164298
train_348,11,0,0.495673,0.365645,0.035350,0.321156
train_348,12,1,0.473579,0.359193,0.040400,0.302518
train_348,13,2,0.449908,0.372097,0.032194,0.285313
train_348,14,3,0.431917,0.355609,0.037875,0.292482
train_348,15,4,0.413295,0.336970,0.035981,0.295349
train_348,16,5,0.384258,0.330518,0.048606,0.282445
train_348,17,6,0.352064,0.321199,0.051131,0.249470
train_348,18,7,0.309771,0.330518,0.066281,0.213626
train_348,21,8,0.523448,0.378548,0.036612,0.306819
train_348,22,9,0.548066,0.382133,0.035350,0.296783
train_348,23,10,0.577103,0.362777,0.030300,0.344096
train_348,24,11,0.586257,0.357042,0.048606,0.289614
train_348,25,12,0.610559,0.353458,0.035350,0.288180
train_348,26,13,0.636125,0.330518,0.046081,0.262373
train_348,27,14,0.675893,0.316181,0.054918,0.242301
train_348,31,16,0.528498,0.665295,0.027775,0.258072
train_348,32,17,0.542701,0.660277,0.023356,0.245168
train_348,33,18,0.570160,0.663144,0.046712,0.313987
train_348,34,19,0.596041,0.649524,0.037875,0.278144
train_348,36,21,0.666425,0.605078,0.114255,0.240867
train_348,37,22,0.693568,0.555614,0.094056,0.222229
train_348,41,24,0.509560,0.663861,0.030300,0.263807
train_348,42,25,0.490938,0.668879,0.042293,0.259506
train_348,43,26,0.465373,0.676765,0.030300,0.295349
train_348,44,27,0.442333,0.661711,0.044818,0.285313
train_348,46,29,0.373527,0.611530,0.100368,0.302518
train_348,47,30,0.328077,0.577120,0.089006,0.236566
train_349,11,0,0.490522,0.388874,0.031764,0.275128
train_349,12,1,0.462252,0.393460,0.027317,0.252856
train_349,13,2,0.429853,0.396080,0.046375,0.265957
train_349,14,3,0.410795,0.393460,0.046375,0.273818
train_349,15,4,0.387289,0.416387,0.040022,0.259407
train_349,16,5,0.356161,0.427523,0.046375,0.255476
train_349,17,6,0.316774,0.422938,0.040022,0.262027
train_349,21,8,0.518791,0.394770,0.031129,0.279059
train_349,22,9,0.546744,0.412457,0.026046,0.235824
train_349,23,10,0.572790,0.407871,0.037481,0.255476
train_349,24,11,0.591531,0.410492,0.047010,0.284299
train_349,25,12,0.621071,0.430144,0.046375,0.263337
train_349,27,14,0.678246,0.429489,0.047646,0.235824
train_349,31,16,0.510851,0.656142,0.021599,0.222723
train_349,32,17,0.530544,0.659417,0.026682,0.229274
train_349,33,18,0.551826,0.679724,0.033670,0.259407
train_349,34,19,0.579778,0.679724,0.038752,0.227964
train_349,35,20,0.615989,0.701997,0.051457,0.254166
train_349,36,21,0.657282,0.687585,0.069245,0.251546
train_349,37,22,0.707786,0.662038,0.078774,0.231894
train_349,41,24,0.489251,0.649591,0.030493,0.209622
train_349,42,25,0.467652,0.654177,0.030493,0.231894
train_349,43,26,0.437476,0.665968,0.034940,0.263337
train_349,44,27,0.407618,0.670553,0.037481,0.241065
train_349,45,28,0.377443,0.677104,0.035575,0.254166
train_349,47,30,0.292316,0.655487,0.072421,0.226653
train_35,11,0,0.488105,0.407088,0.030251,0.280464
train_35,12,1,0.464156,0.405015,0.032771,0.281846
train_35,13,2,0.439893,0.396726,0.032141,0.306715
train_35,14,3,0.420671,0.393962,0.034032,0.295662
train_35,15,4,0.394832,0.389127,0.034032,0.283227
train_35,16,5,0.366787,0.376692,0.047266,0.283227
train_35,17,6,0.331810,0.380146,0.041594,0.215529
train_35,18,7,0.307232,0.332481,0.068064,0.236253
train_35,21,8,0.519300,0.407088,0.037183,0.294280
train_35,22,9,0.542303,0.398798,0.027730,0.272175
train_35,23,10,0.566882,0.389818,0.027730,0.292899
train_35,24,11,0.588940,0.393962,0.034032,0.270793
train_35,25,12,0.614148,0.384291,0.031511,0.273556
train_35,26,13,0.647235,0.387054,0.048527,0.234872
train_35,27,14,0.680637,0.353896,0.047266,0.245924
train_35,28,15,0.713093,0.343534,0.046636,0.225200
train_35,31,16,0.518985,0.668209,0.040334,0.219674
train_35,32,17,0.535686,0.668209,0.037183,0.236253
train_35,33,18,0.561210,0.685479,0.046636,0.276319
train_35,34,19,0.588309,0.674427,0.054199,0.259740
train_35,35,20,0.609422,0.670282,0.047266,0.265267
train_35,36,21,0.650386,0.645413,0.090121,0.265267
train_35,37,22,0.697652,0.594294,0.101465,0.229345
train_35,38,23,0.737356,0.543866,0.105247,0.211384
train_35,41,24,0.493461,0.668209,0.024579,0.211384
train_35,42,25,0.473294,0.682025,0.024579,0.247306
train_35,43,26,0.446195,0.697223,0.033402,0.294280
train_35,44,27,0.420986,0.697223,0.044746,0.277701
train_35,45,28,0.395778,0.682716,0.054829,0.281846
train_35,46,29,0.357649,0.656466,0.088231,0.273556
train_35,47,30,0.309438,0.615709,0.100205,0.241779
train_35,48,31,0.273515,0.548011,0.101465,0.205858
train_350,11,0,0.485159,0.503799,0.030389,0.229483
train_350,12,1,0.462191,0.493921,0.032509,0.249240
train_350,13,2,0.438869,0.501520,0.033922,0.234043
train_350,14,3,0.421908,0.501520,0.043816,0.221884
train_350,15,4,0.395053,0.491641,0.045230,0.226444
train_350,16,5,0.367845,0.493161,0.051590,0.202128
train_350,17,6,0.330035,0.471884,0.060777,0.189970
train_350,18,7,0.307067,0.394377,0.067138,0.150456
train_350,21,8,0.516254,0.502280,0.031802,0.238602
train_350,22,9,0.544170,0.504559,0.032509,0.237082
train_350,23,10,0.571731,0.491641,0.036749,0.262918
train_350,24,11,0.593993,0.509119,0.040283,0.221884
train_350,25,12,0.620141,0.504559,0.037456,0.224924
train_350,26,13,0.652650,0.506079,0.047350,0.215805
train_350,27,14,0.689753,0.484043,0.053710,0.220365
train_350,28,15,0.710601,0.417933,0.051590,0.179331
train_350,31,16,0.506360,0.743921,0.020495,0.235562
train_350,32,17,0.526502,0.752280,0.024028,0.249240
train_350,33,18,0.553710,0.761398,0.033216,0.282675
train_350,34,19,0.582686,0.747720,0.043110,0.243161
train_350,35,20,0.616254,0.742401,0.055124,0.244681
train_350,36,21,0.659011,0.723404,0.088339,0.218845
train_350,37,22,0.700000,0.686930,0.077032,0.191489
train_350,38,23,0.744523,0.648936,0.074205,0.151976
train_350,41,24,0.487279,0.751520,0.024735,0.256839
train_350,42,25,0.466784,0.743921,0.023322,0.253799
train_350,43,26,0.444170,0.753040,0.031802,0.284195
train_350,44,27,0.415548,0.734802,0.045230,0.250760
train_350,45,28,0.391873,0.719605,0.050177,0.226444
train_350,47,30,0.315901,0.662614,0.108834,0.191489
train_350,48,31,0.257244,0.617021,0.089046,0.145897
train_351,11,0,0.487047,0.461194,0.032602,0.246305
train_351,12,1,0.460088,0.446782,0.031348,0.248926
train_351,13,2,0.429367,0.432371,0.032602,0.262027
train_351,14,3,0.409931,0.424510,0.043887,0.262027
train_351,15,4,0.382972,0.424510,0.040125,0.251546
train_351,16,5,0.349116,0.421890,0.060188,0.246305
train_351,17,6,0.301467,0.421890,0.052665,0.235824
train_351,18,7,0.265730,0.395687,0.058934,0.241065
train_351,21,8,0.517541,0.444162,0.031801,0.275128
train_351,22,9,0.543970,0.436801,0.027706,0.277071
train_351,23,10,0.568213,0.428013,0.031664,0.282241
train_351,24,11,0.589487,0.432665,0.037106,0.252259
train_351,25,12,0.611255,0.451792,0.038095,0.216074
train_351,26,13,0.646877,0.453342,0.050959,0.212973
train_351,27,14,0.692146,0.455410,0.048485,0.210905
train_351,28,15,0.726283,0.411472,0.057390,0.203668
train_351,31,16,0.510463,0.713999,0.021269,0.229397
train_351,32,17,0.531732,0.711132,0.026758,0.235132
train_351,33,18,0.556604,0.717583,0.029160,0.273843
train_351,34,19,0.579760,0.729412,0.033619,0.280295
train_351,35,20,0.605832,0.728336,0.047341,0.269542
train_351,36,21,0.649743,0.729053,0.083705,0.266674
train_351,37,22,0.695883,0.696436,0.077187,0.211476
train_351,41,24,0.488508,0.715433,0.024700,0.226530
train_351,42,25,0.467581,0.697869,0.027444,0.217211
train_351,43,26,0.443911,0.698228,0.029503,0.236566
train_351,44,27,0.416295,0.705755,0.036707,0.250186
train_351,45,28,0.385592,0.705397,0.049400,0.242301
train_351,46,29,0.348027,0.705397,0.078559,0.258072
train_351,47,30,0.293139,0.679948,0.090223,0.245885
train_352,11,0,0.512644,0.383616,0.044578,0.343171
train_352,12,1,0.481382,0.389131,0.029526,0.327238
train_352,13,2,0.459382,0.370747,0.037631,0.351750
train_352,14,3,0.435646,0.409354,0.043420,0.279439
train_352,15,4,0.410752,0.410579,0.045736,0.272085
train_352,16,5,0.375148,0.413643,0.055577,0.253701
train_352,17,6,0.327965,0.395872,0.058472,0.272085
train_352,21,8,0.543327,0.387293,0.035315,0.333366
train_352,22,9,0.566774,0.374424,0.026631,0.344397
train_352,23,10,0.588194,0.372586,0.033578,0.350525
train_352,24,11,0.606720,0.381778,0.031262,0.327238
train_352,25,12,0.625536,0.409967,0.049209,0.224287
train_352,27,14,0.678218,0.335817,0.043420,0.276988
train_352,31,16,0.522196,0.679601,0.023157,0.236543
train_352,32,17,0.541590,0.678988,0.022578,0.247573
train_352,33,18,0.563300,0.686955,0.031262,0.268409
train_352,34,19,0.585010,0.672860,0.030683,0.240220
train_352,37,22,0.669824,0.593195,0.085682,0.218159
train_352,38,23,0.703691,0.535592,0.070051,0.174037
train_352,41,24,0.499907,0.678375,0.026052,0.243896
train_352,42,25,0.479355,0.666732,0.033578,0.240220
train_352,43,26,0.456777,0.697985,0.037052,0.280665
train_352,44,27,0.436804,0.677763,0.039946,0.247573
train_352,45,28,0.408726,0.666119,0.055577,0.234092
train_353,11,0,0.488226,0.402062,0.036587,0.321265
train_353,12,1,0.460666,0.421781,0.036587,0.270286
train_353,13,2,0.435245,0.404948,0.038963,0.284714
train_353,14,3,0.414576,0.401100,0.047991,0.282790
train_353,15,4,0.382978,0.394848,0.042764,0.276057
train_353,16,5,0.348529,0.384749,0.049892,0.277019
train_353,17,6,0.300300,0.376573,0.053218,0.268362
train_353,18,7,0.270365,0.310204,0.055118,0.193336
train_353,21,8,0.521249,0.403986,0.032311,0.319341
train_353,22,9,0.550841,0.419707,0.033947,0.268661
train_353,23,10,0.573282,0.411179,0.039623,0.260047
train_353,24,11,0.594136,0.397248,0.047130,0.289598
train_353,25,12,0.619369,0.397248,0.040874,0.276089
train_353,26,13,0.653570,0.388382,0.052553,0.266802
train_353,27,14,0.700701,0.382472,0.059226,0.249916
train_353,28,15,0.719261,0.312817,0.068819,0.166329
train_353,31,16,0.507799,0.715130,0.025442,0.263425
train_353,32,17,0.530739,0.716396,0.029613,0.286221
train_353,33,18,0.554721,0.724417,0.031698,0.307329
train_353,34,19,0.581415,0.718507,0.043377,0.287065
train_353,35,20,0.612905,0.715974,0.061311,0.280311
train_353,36,21,0.655447,0.701199,0.083834,0.296353
train_353,37,22,0.711545,0.660672,0.090090,0.267646
train_353,38,23,0.770979,0.631121,0.099683,0.189970
train_353,41,24,0.485277,0.707109,0.032950,0.240628
train_353,42,25,0.461086,0.717241,0.037120,0.276089
train_353,43,26,0.441275,0.717241,0.033367,0.289598
train_353,44,27,0.409368,0.720196,0.054638,0.297197
train_353,45,28,0.376210,0.718929,0.064231,0.303107
train_353,46,29,0.335961,0.689379,0.083834,0.277778
train_353,47,30,0.287996,0.658983,0.092176,0.267646
train_353,48,31,0.232733,0.626900,0.086753,0.183215
train_354,11,0,0.480504,0.443262,0.037084,0.239477
train_354,12,1,0.454281,0.436354,0.027018,0.234872
train_354,13,2,0.432825,0.431173,0.025429,0.249839
train_354,14,3,0.414812,0.442111,0.029667,0.227964
train_354,15,4,0.391767,0.432325,0.037614,0.256747
train_354,16,5,0.363954,0.424841,0.045561,0.253293
train_354,17,6,0.324221,0.414479,0.049799,0.244082
train_354,18,7,0.290581,0.412752,0.046090,0.226812
train_354,21,8,0.514145,0.442687,0.043971,0.245233
train_354,22,9,0.540104,0.449019,0.036554,0.230266
train_354,23,10,0.570036,0.448443,0.034965,0.240628
train_354,24,11,0.591227,0.436930,0.039203,0.245233
train_354,25,12,0.617716,0.439808,0.044501,0.234872
train_354,26,13,0.658243,0.431173,0.057745,0.231418
train_354,27,14,0.697446,0.428871,0.047150,0.199180
train_354,28,15,0.726319,0.411025,0.060394,0.232569
train_354,31,16,0.509907,0.696555,0.025959,0.218753
train_354,32,17,0.529773,0.701736,0.028608,0.229115
train_354,33,18,0.557586,0.691950,0.032316,0.216450
train_354,34,19,0.583545,0.679861,0.032316,0.210694
train_354,35,20,0.612153,0.699434,0.045031,0.259049
train_354,36,21,0.656124,0.678134,0.075758,0.255595
train_354,37,22,0.704598,0.649926,0.079466,0.224510
train_354,38,23,0.746980,0.621143,0.063573,0.194575
train_354,41,24,0.488186,0.691950,0.022780,0.200332
train_354,42,25,0.469379,0.698282,0.030727,0.219904
train_354,43,26,0.448188,0.688496,0.023310,0.204937
train_354,44,27,0.425938,0.683891,0.027548,0.207240
train_354,45,28,0.402363,0.689647,0.039733,0.221056
train_354,46,29,0.363689,0.676407,0.067281,0.231418
train_354,47,30,0.325281,0.645321,0.086883,0.219904
train_354,48,31,0.282369,0.622294,0.064632,0.208391
train_355,11,0,0.485579,0.394986,0.035127,0.260315
train_355,12,1,0.455618,0.391225,0.025484,0.260315
train_355,13,2,0.426001,0.382196,0.035127,0.288904
train_355,14,3,0.400861,0.389344,0.037882,0.256553
train_355,15,4,0.376410,0.388967,0.035127,0.246772
train_355,16,5,0.340077,0.394234,0.054068,0.227211
train_355,17,6,0.300301,0.373168,0.054412,0.245268
train_355,21,8,0.520534,0.387087,0.043048,0.267086
train_355,22,9,0.546018,0.381444,0.034094,0.261819
train_355,23,10,0.578218,0.379187,0.030306,0.278371
train_355,24,11,0.599914,0.378058,0.029617,0.268591
train_355,25,12,0.626431,0.374297,0.031683,0.246020
train_355,26,13,0.657770,0.380692,0.055101,0.245268
train_355,27,14,0.695824,0.371644,0.040981,0.233268
train_355,28,15,0.736183,0.358366,0.057480,0.214440
train_355,31,16,0.521887,0.652014,0.036846,0.232471
train_355,32,17,0.540891,0.650357,0.029572,0.248576
train_355,33,18,0.571801,0.677892,0.044922,0.304874
train_355,34,19,0.592682,0.661261,0.052042,0.279068
train_355,35,20,0.607530,0.643350,0.052660,0.248340
train_355,36,21,0.646199,0.636345,0.083362,0.252161
train_355,37,22,0.694875,0.610238,0.091329,0.242397
train_355,38,23,0.741705,0.554202,0.098324,0.196550
train_355,41,24,0.496187,0.650779,0.034394,0.224992
train_355,42,25,0.473840,0.648868,0.036337,0.239001
train_355,43,26,0.449162,0.670518,0.030896,0.295037
train_355,44,27,0.423148,0.665830,0.029884,0.285490
train_355,45,28,0.391121,0.662218,0.055971,0.292714
train_355,47,30,0.328961,0.627866,0.099042,0.238267
train_355,48,31,0.277671,0.596311,0.109064,0.226676
train_356,11,0,0.474521,0.369084,0.037703,0.246056
train_356,12,1,0.451630,0.363656,0.021006,0.227964
train_356,13,2,0.430893,0.340739,0.030163,0.288271
train_356,14,3,0.417158,0.337724,0.032856,0.284653
train_356,15,4,0.399653,0.325059,0.033394,0.293096
train_356,21,8,0.509295,0.348428,0.031711,0.287367
train_356,22,9,0.533581,0.351306,0.029507,0.286331
train_356,23,10,0.557187,0.335888,0.029507,0.325977
train_356,24,11,0.593087,0.323659,0.028523,0.326208
train_356,32,17,0.521033,0.605452,0.021892,0.235317
train_356,33,18,0.543199,0.603613,0.034480,0.229189
train_356,34,19,0.561260,0.607903,0.032291,0.227964
train_356,35,20,0.582043,0.607471,0.033588,0.223646
train_356,36,21,0.614261,0.613084,0.067866,0.259049
train_356,37,22,0.652050,0.572931,0.070179,0.246097
train_356,38,23,0.694466,0.536664,0.073264,0.242643
train_356,41,24,0.488898,0.584986,0.020137,0.195397
train_356,42,25,0.469844,0.597606,0.020799,0.229561
train_356,43,26,0.448947,0.624854,0.033431,0.284078
train_356,44,27,0.428581,0.610114,0.032003,0.246458
train_356,45,28,0.412072,0.612434,0.033602,0.275891
train_356,46,29,0.376012,0.608587,0.077648,0.282045
train_356,47,30,0.344531,0.569402,0.071938,0.249240
train_356,48,31,0.301550,0.535461,0.078272,0.254306
train_357,11,0,0.489772,0.477584,0.029493,0.277356
train_357,12,1,0.472201,0.463652,0.040788,0.257092
train_357,13,2,0.446473,0.430091,0.030748,0.258359
train_357,14,3,0.427962,0.440223,0.040161,0.273556
train_357,15,4,0.401920,0.438323,0.040788,0.246960
train_357,16,5,0.364583,0.432624,0.060241,0.227964
train_357,17,6,0.325678,0.388931,0.056476,0.163374
train_357,21,8,0.519892,0.468085,0.035768,0.278622
train_357,22,9,0.542482,0.465552,0.024473,0.258359
train_357,23,10,0.568210,0.433891,0.030748,0.298886
train_357,24,11,0.586408,0.459853,0.037023,0.279889
train_357,25,12,0.609626,0.450355,0.033258,0.283688
train_357,26,13,0.643512,0.445922,0.048318,0.252026
train_357,27,14,0.682103,0.430091,0.062751,0.202634
train_357,31,16,0.513303,0.747340,0.027610,0.226697
train_357,32,17,0.537149,0.741641,0.027610,0.233029
train_357,33,18,0.567897,0.763171,0.041416,0.250760
train_357,34,19,0.591742,0.755572,0.040161,0.243161
train_357,35,20,0.625628,0.740375,0.058986,0.235562
train_357,36,21,0.666416,0.720745,0.086596,0.236829
train_357,37,22,0.725088,0.684650,0.092244,0.202634
train_357,41,24,0.492282,0.751140,0.024473,0.226697
train_357,42,25,0.472829,0.741641,0.032003,0.253293
train_357,43,26,0.443650,0.756206,0.037651,0.284954
train_357,44,27,0.416039,0.728977,0.043926,0.222898
train_357,45,28,0.378389,0.720111,0.071536,0.235562
train_357,46,29,0.335090,0.689083,0.100402,0.257092
train_357,47,30,0.275791,0.647923,0.094754,0.205167
train_358,11,0,0.479480,0.420146,0.037106,0.205831
train_358,12,1,0.451395,0.423466,0.024510,0.196240
train_358,13,2,0.425353,0.419777,0.028936,0.200667
train_358,14,3,0.401864,0.421991,0.029616,0.197716
train_358,15,4,0.379226,0.420146,0.029957,0.201405
train_358,16,5,0.350461,0.421622,0.043914,0.214684
train_358,17,6,0.316419,0.421622,0.039829,0.232390
train_358,21,8,0.513862,0.416089,0.033701,0.221324
train_358,22,9,0.542627,0.409080,0.027914,0.201405
train_358,23,10,0.575478,0.408342,0.034382,0.214684
train_358,24,11,0.599137,0.403916,0.034042,0.210258
train_358,25,12,0.624157,0.397276,0.028936,0.202880
train_358,26,13,0.654965,0.391005,0.036765,0.206569
train_358,27,14,0.686454,0.399121,0.036425,0.213946
train_358,31,16,0.504160,0.642577,0.020425,0.199191
train_358,32,17,0.524925,0.649217,0.025191,0.215422
train_358,33,18,0.548585,0.656963,0.027574,0.253047
train_358,34,19,0.576329,0.652905,0.029957,0.237554
train_358,35,20,0.608158,0.666554,0.043233,0.258949
train_358,36,21,0.646966,0.636306,0.054127,0.213209
train_358,41,24,0.481862,0.638888,0.022127,0.194765
train_358,42,25,0.462118,0.644790,0.028255,0.202142
train_358,43,26,0.440672,0.660283,0.029616,0.234603
train_358,44,27,0.413609,0.655487,0.034723,0.211733
train_358,45,28,0.386886,0.653643,0.037106,0.205093
train_358,46,29,0.348759,0.662865,0.062297,0.210258
train_359,11,0,0.488710,0.433131,0.027722,0.296859
train_359,12,1,0.468142,0.448835,0.026828,0.289767
train_359,13,2,0.449139,0.448328,0.030852,0.327254
train_359,14,3,0.433713,0.438197,0.036664,0.304965
train_359,15,4,0.416499,0.430598,0.030852,0.291793
train_359,16,5,0.396155,0.424012,0.051867,0.284701
train_359,17,6,0.362397,0.411348,0.055891,0.279635
train_359,18,7,0.337134,0.408308,0.074223,0.206687
train_359,21,8,0.509725,0.419959,0.030405,0.327254
train_359,22,9,0.527387,0.439210,0.031746,0.258359
train_359,23,10,0.549966,0.426545,0.031299,0.305978
train_359,24,11,0.568746,0.431611,0.033982,0.283688
train_359,25,12,0.586407,0.414387,0.031746,0.297872
train_359,26,13,0.604292,0.428571,0.055891,0.267477
train_359,27,14,0.639615,0.410334,0.049631,0.279635
train_359,28,15,0.674715,0.388551,0.059915,0.234043
train_359,31,16,0.507520,0.688816,0.022667,0.215299
train_359,32,17,0.524909,0.681780,0.022046,0.227964
train_359,33,18,0.548197,0.700777,0.034466,0.268772
train_359,34,19,0.564188,0.683539,0.033535,0.237110
train_359,35,20,0.582663,0.676151,0.043781,0.236407
train_359,36,21,0.615247,0.668693,0.064386,0.241135
train_359,37,22,0.651464,0.625633,0.068858,0.213779
train_359,38,23,0.692600,0.590679,0.067963,0.194529
train_359,41,24,0.493392,0.672633,0.023598,0.204041
train_359,42,25,0.480829,0.670013,0.031125,0.177912
train_359,43,26,0.463863,0.690364,0.027315,0.249556
train_359,44,27,0.442185,0.680123,0.031872,0.247431
train_359,45,28,0.420567,0.663795,0.050163,0.213520
train_359,46,29,0.391744,0.654375,0.056260,0.228592
train_359,47,30,0.351558,0.631453,0.078986,0.212892
train_36,11,0,0.468434,0.412398,0.030997,0.271516
train_36,12,1,0.446293,0.413038,0.033527,0.249744
train_36,13,2,0.424152,0.411757,0.033527,0.242059
train_36,14,3,0.405491,0.404073,0.041751,0.231814
train_36,15,4,0.387146,0.415599,0.037955,0.226691
train_36,16,5,0.351088,0.408555,0.051872,0.212602
train_36,17,6,0.309337,0.391906,0.053138,0.215164
train_36,18,7,0.277707,0.378458,0.068320,0.198514
train_36,21,8,0.494370,0.409836,0.030997,0.284324
train_36,22,9,0.520622,0.420722,0.030364,0.247182
train_36,23,10,0.540865,0.427766,0.029099,0.220287
train_36,24,11,0.562373,0.410476,0.032895,0.231814
train_36,25,12,0.586412,0.408555,0.026569,0.230533
train_36,26,13,0.616776,0.417520,0.043016,0.217725
train_36,27,14,0.649671,0.390625,0.037955,0.230533
train_36,28,15,0.680352,0.365010,0.043649,0.233094
train_36,31,16,0.507338,0.668545,0.037955,0.186988
train_36,32,17,0.521255,0.672387,0.039221,0.210041
train_36,33,18,0.541498,0.669185,0.030364,0.219006
train_36,34,19,0.563006,0.680072,0.037955,0.243340
train_36,35,20,0.589259,0.667264,0.056301,0.230533
train_36,36,21,0.626265,0.640369,0.072115,0.210041
train_36,37,22,0.668016,0.603868,0.068320,0.195953
train_36,38,23,0.702176,0.562244,0.054403,0.174180
train_36,41,24,0.487728,0.664062,0.031630,0.178023
train_36,42,25,0.470648,0.671747,0.041751,0.198514
train_36,43,26,0.450721,0.667264,0.042384,0.230533
train_36,44,27,0.430478,0.670466,0.058831,0.247182
train_36,45,28,0.402328,0.655738,0.046812,0.245902
train_36,46,29,0.352037,0.641009,0.087930,0.224129
train_36,47,30,0.304909,0.616675,0.088563,0.219006
train_36,48,31,0.259679,0.573770,0.077809,0.192111
train_360,11,0,0.490562,0.455116,0.036999,0.260162
train_360,12,1,0.466003,0.451252,0.027430,0.249858
train_360,13,2,0.435702,0.447388,0.044653,0.280769
train_360,14,3,0.407634,0.443524,0.049757,0.296224
train_360,15,4,0.380205,0.451252,0.043378,0.249858
train_360,16,5,0.342249,0.464775,0.068256,0.227964
train_360,17,6,0.294725,0.452540,0.053584,0.231827
train_360,18,7,0.254537,0.410682,0.049757,0.230539
train_360,21,8,0.527880,0.450608,0.035085,0.274329
train_360,22,9,0.550206,0.454472,0.028706,0.243419
train_360,23,10,0.579550,0.451896,0.033809,0.271753
train_360,24,11,0.603790,0.453828,0.042740,0.278193
train_360,25,12,0.625479,0.447388,0.036361,0.280769
train_360,26,13,0.661202,0.484094,0.051670,0.209933
train_360,27,14,0.704898,0.461555,0.067618,0.221524
train_360,28,15,0.739345,0.399735,0.058687,0.213796
train_360,31,16,0.519587,0.714633,0.023603,0.197053
train_360,32,17,0.538724,0.724937,0.024878,0.235691
train_360,33,18,0.563921,0.738460,0.033171,0.267889
train_360,34,19,0.588800,0.740392,0.038274,0.274329
train_360,35,20,0.617824,0.728801,0.049119,0.248570
train_360,36,21,0.669814,0.718497,0.091858,0.233115
train_360,37,22,0.726268,0.695315,0.112909,0.230539
train_360,38,23,0.772198,0.655389,0.092496,0.212508
train_360,41,24,0.501407,0.726225,0.026792,0.217660
train_360,42,25,0.480037,0.729445,0.031257,0.236979
train_360,43,26,0.456434,0.737816,0.032533,0.266601
train_360,44,27,0.420393,0.723005,0.044653,0.242131
train_360,45,28,0.387540,0.719785,0.055498,0.245995
train_360,46,29,0.340973,0.712702,0.091221,0.244707
train_360,47,30,0.287070,0.688231,0.093134,0.229251
train_360,48,31,0.231573,0.636070,0.088031,0.189326
train_361,11,0,0.475456,0.478995,0.022855,0.189065
train_361,12,1,0.455662,0.475376,0.022446,0.194493
train_361,13,2,0.434644,0.470401,0.021222,0.197207
train_361,14,3,0.416891,0.462259,0.019181,0.186351
train_361,18,7,0.316290,0.413862,0.043260,0.185447
train_361,21,8,0.500963,0.475829,0.028160,0.189970
train_361,22,9,0.527491,0.475829,0.027344,0.191779
train_361,23,10,0.548509,0.469949,0.025303,0.192683
train_361,24,11,0.583199,0.470401,0.029384,0.173686
train_361,26,13,0.628704,0.455927,0.041220,0.171877
train_361,28,15,0.681555,0.400293,0.039995,0.180019
train_361,31,16,0.500963,0.642730,0.023263,0.136597
train_361,32,17,0.519737,0.643635,0.028976,0.149262
train_361,33,18,0.548101,0.654038,0.031017,0.179114
train_361,34,19,0.568915,0.655847,0.028568,0.191779
train_361,38,23,0.704001,0.564933,0.080807,0.178210
train_361,41,24,0.482802,0.659918,0.017141,0.165545
train_361,42,25,0.463620,0.659466,0.019590,0.171877
train_361,43,26,0.442602,0.657657,0.030609,0.171877
train_361,44,27,0.421789,0.650872,0.031425,0.163736
train_361,45,28,0.402199,0.653134,0.033057,0.191779
train_361,48,31,0.291395,0.563576,0.090602,0.173686
train_362,11,0,0.483235,0.473621,0.030260,0.214937
train_362,12,1,0.458344,0.460595,0.025379,0.223621
train_362,13,2,0.433452,0.466023,0.030260,0.238819
train_362,14,3,0.418322,0.464937,0.040998,0.223621
train_362,15,4,0.394895,0.471450,0.040998,0.193226
train_362,16,5,0.364635,0.461680,0.056616,0.217108
train_362,17,6,0.327542,0.436713,0.050759,0.214937
train_362,21,8,0.516423,0.484477,0.032212,0.210595
train_362,22,9,0.544243,0.477964,0.031236,0.240990
train_362,23,10,0.568647,0.458424,0.029284,0.227964
train_362,24,11,0.588169,0.468194,0.037093,0.199739
train_362,25,12,0.612573,0.467108,0.039045,0.188884
train_362,26,13,0.642345,0.458424,0.043926,0.214937
train_362,27,14,0.676021,0.435627,0.050759,0.217108
train_362,28,15,0.702865,0.419344,0.040021,0.201911
train_362,31,16,0.510079,0.696157,0.019523,0.204082
train_362,32,17,0.531554,0.702670,0.025379,0.238819
train_362,33,18,0.556933,0.699414,0.031236,0.254017
train_362,34,19,0.577432,0.688558,0.031236,0.219279
train_362,35,20,0.605740,0.674446,0.039045,0.212766
train_362,37,22,0.690175,0.652736,0.090780,0.230135
train_362,38,23,0.731173,0.588689,0.086876,0.206253
train_362,41,24,0.488116,0.704842,0.022451,0.217108
train_362,42,25,0.468593,0.695072,0.024403,0.219279
train_362,43,26,0.447606,0.700499,0.029284,0.256188
train_362,44,27,0.423691,0.705927,0.034165,0.254017
train_362,45,28,0.397335,0.679874,0.045878,0.193226
train_362,46,29,0.362682,0.683131,0.078091,0.238819
train_362,47,30,0.309483,0.640795,0.077115,0.214937
train_362,48,31,0.272878,0.573491,0.083947,0.184542
train_363,11,0,0.509797,0.516365,0.024182,0.229496
train_363,12,1,0.489270,0.511003,0.021370,0.199468
train_363,13,2,0.471274,0.498670,0.026994,0.226278
train_363,14,3,0.457214,0.490091,0.032618,0.224133
train_363,15,4,0.438374,0.476150,0.033180,0.232713
train_363,16,5,0.410256,0.474005,0.045553,0.217699
train_363,17,6,0.369202,0.472396,0.050052,0.208047
train_363,18,7,0.334334,0.498134,0.043303,0.195178
train_363,21,8,0.531437,0.505587,0.025741,0.236506
train_363,22,9,0.548286,0.505587,0.026677,0.202592
train_363,23,10,0.567708,0.500678,0.025273,0.212409
train_363,24,11,0.581281,0.491754,0.033697,0.212409
train_363,25,12,0.600470,0.487737,0.036506,0.206162
train_363,26,13,0.632564,0.480868,0.048590,0.205045
train_363,27,14,0.672830,0.475292,0.051739,0.197323
train_363,28,15,0.703883,0.457330,0.058919,0.186919
train_363,31,16,0.522518,0.698374,0.021267,0.173533
train_363,32,17,0.540570,0.715822,0.022750,0.197110
train_363,33,18,0.560353,0.716293,0.028685,0.198053
train_363,34,19,0.579889,0.711106,0.038082,0.206541
train_363,35,20,0.626940,0.700069,0.092230,0.220487
train_363,36,21,0.680029,0.679478,0.096729,0.206760
train_363,37,22,0.734242,0.642588,0.100778,0.194749
train_363,41,24,0.508198,0.704167,0.015175,0.155716
train_363,42,25,0.494649,0.698311,0.017705,0.160539
train_363,43,26,0.475137,0.706234,0.024931,0.190166
train_363,44,27,0.456349,0.703134,0.026376,0.190855
train_363,45,28,0.435844,0.709335,0.039926,0.215660
train_363,46,29,0.390769,0.698655,0.091776,0.224617
train_363,47,30,0.342171,0.682119,0.094305,0.216349
train_364,11,0,0.513032,0.477515,0.034575,0.247359
train_364,12,1,0.488926,0.469378,0.039445,0.231085
train_364,13,2,0.458003,0.462171,0.031167,0.217602
train_364,14,3,0.432802,0.465890,0.040663,0.214812
train_364,15,4,0.399809,0.460776,0.035549,0.199933
train_364,16,5,0.360242,0.459614,0.047480,0.182730
train_364,17,6,0.320919,0.447060,0.047724,0.189239
train_364,18,7,0.285247,0.430786,0.054298,0.193889
train_364,21,8,0.546981,0.483208,0.034009,0.231940
train_364,22,9,0.574513,0.475476,0.025912,0.222662
train_364,23,10,0.599817,0.472384,0.029556,0.213384
train_364,24,11,0.628765,0.474703,0.032390,0.210292
train_364,25,12,0.658232,0.472514,0.032259,0.198979
train_364,26,13,0.695227,0.461514,0.044804,0.210224
train_364,27,14,0.737854,0.458092,0.041988,0.212179
train_364,28,15,0.773953,0.451248,0.039939,0.196535
train_364,31,16,0.524332,0.737576,0.030723,0.193601
train_364,32,17,0.548569,0.739531,0.031405,0.215764
train_364,33,18,0.576561,0.732687,0.032088,0.215113
train_364,34,19,0.605235,0.726168,0.040281,0.204683
train_364,35,20,0.633227,0.716064,0.060762,0.209246
train_364,36,21,0.677092,0.706287,0.082951,0.207942
train_364,37,22,0.730686,0.684449,0.087047,0.191646
train_364,38,23,0.773697,0.649249,0.073393,0.160357
train_364,41,24,0.501290,0.727798,0.029699,0.172742
train_364,42,25,0.480638,0.725842,0.030723,0.196209
train_364,43,26,0.454524,0.731709,0.037891,0.226194
train_364,44,27,0.427044,0.733664,0.042329,0.231409
train_364,45,28,0.398540,0.718346,0.059056,0.226846
train_364,46,29,0.356211,0.700746,0.082268,0.212505
train_364,47,30,0.299887,0.670108,0.095923,0.194253
train_364,48,31,0.264726,0.628064,0.084999,0.164920
train_365,11,0,0.469940,0.400890,0.037698,0.269214
train_365,12,1,0.438690,0.399805,0.032738,0.267043
train_365,13,2,0.412897,0.398719,0.034722,0.273556
train_365,14,3,0.390079,0.397634,0.034722,0.267043
train_365,15,4,0.369742,0.403061,0.029762,0.269214
train_365,16,5,0.337996,0.394377,0.041667,0.251845
train_365,17,6,0.297817,0.383521,0.044643,0.234477
train_365,21,8,0.506151,0.407403,0.036706,0.260530
train_365,22,9,0.537401,0.403061,0.029762,0.256188
train_365,23,10,0.562202,0.395462,0.027778,0.284412
train_365,24,11,0.588492,0.386778,0.036706,0.280069
train_365,25,12,0.614286,0.381350,0.036706,0.269214
train_365,26,13,0.656448,0.401976,0.059524,0.214937
train_365,27,14,0.699603,0.384607,0.050595,0.223621
train_365,28,15,0.737798,0.390035,0.043651,0.182371
train_365,31,16,0.515079,0.664677,0.032738,0.280069
train_365,32,17,0.537401,0.663591,0.029762,0.277898
train_365,33,18,0.564187,0.666848,0.033730,0.284412
train_365,34,19,0.591468,0.661420,0.036706,0.282241
train_365,35,20,0.623214,0.646222,0.048611,0.273556
train_365,37,22,0.707044,0.606057,0.079365,0.240990
train_365,38,23,0.748214,0.562636,0.090278,0.223621
train_365,41,24,0.493254,0.674446,0.034722,0.286583
train_365,42,25,0.469444,0.676617,0.036706,0.290925
train_365,43,26,0.446627,0.676617,0.040675,0.299609
train_365,44,27,0.418849,0.678789,0.034722,0.277898
train_365,45,28,0.393552,0.677703,0.037698,0.267043
train_365,47,30,0.314683,0.623426,0.076389,0.240990
train_365,48,31,0.270536,0.587603,0.087302,0.238819
train_366,11,0,0.482431,0.357265,0.043203,0.354201
train_366,12,1,0.450173,0.349299,0.040899,0.338268
train_366,13,2,0.411002,0.357265,0.048963,0.351750
train_366,14,3,0.387961,0.366457,0.044355,0.326012
train_366,15,4,0.360023,0.363393,0.043779,0.329689
train_366,16,5,0.324597,0.373811,0.057028,0.335817
train_366,17,6,0.280818,0.391583,0.058180,0.292921
train_366,18,7,0.245104,0.332753,0.058180,0.221835
train_366,21,8,0.524770,0.364619,0.058756,0.334592
train_366,22,9,0.562500,0.374424,0.053571,0.292921
train_366,23,10,0.603111,0.348073,0.070276,0.372586
train_366,24,11,0.620104,0.356653,0.054724,0.355427
train_366,25,12,0.648041,0.349912,0.039171,0.351750
train_366,26,13,0.684332,0.366457,0.056452,0.316207
train_366,27,14,0.730415,0.359717,0.059908,0.312531
train_366,28,15,0.770449,0.256765,0.068548,0.278214
train_366,31,16,0.512961,0.655089,0.024770,0.243896
train_366,32,17,0.536002,0.649573,0.029378,0.262281
train_366,33,18,0.565092,0.674698,0.035714,0.310079
train_366,34,19,0.597062,0.656927,0.037442,0.269634
train_366,35,20,0.628168,0.658153,0.044355,0.257378
train_366,36,21,0.666475,0.663055,0.059908,0.279439
train_366,37,22,0.712270,0.642833,0.081221,0.251250
train_366,38,23,0.771889,0.589519,0.072581,0.176488
train_366,41,24,0.490783,0.662442,0.025346,0.258604
train_366,42,25,0.467454,0.664894,0.035138,0.275762
train_366,43,26,0.437500,0.682665,0.035138,0.323561
train_366,44,27,0.414171,0.685729,0.036866,0.307628
train_366,45,28,0.385369,0.680827,0.048387,0.280665
train_366,46,29,0.348502,0.680827,0.074885,0.295372
train_366,47,30,0.292051,0.673473,0.086406,0.268409
train_366,48,31,0.229551,0.628738,0.098502,0.193646
train_367,11,0,0.469768,0.425428,0.038139,0.256890
train_367,12,1,0.446524,0.412532,0.039573,0.251140
train_367,13,2,0.418962,0.402898,0.045331,0.273490
train_367,14,3,0.395765,0.390225,0.047444,0.257748
train_367,15,4,0.363147,0.380219,0.044677,0.247342
train_367,16,5,0.335273,0.358206,0.057724,0.222528
train_367,17,6,0.296055,0.340649,0.061525,0.212816
train_367,18,7,0.267672,0.310947,0.082876,0.198492
train_367,21,8,0.502741,0.419955,0.038320,0.260575
train_367,22,9,0.528565,0.417847,0.029990,0.244552
train_367,23,10,0.553556,0.408149,0.029990,0.250455
train_367,24,11,0.573341,0.401403,0.032905,0.252142
train_367,25,12,0.594584,0.392127,0.039569,0.240336
train_367,26,13,0.623948,0.363034,0.045817,0.227687
train_367,27,14,0.658728,0.346590,0.044568,0.213351
train_367,28,15,0.681822,0.328383,0.064794,0.204061
train_367,31,16,0.504128,0.650013,0.032529,0.173934
train_367,32,17,0.523322,0.643087,0.033196,0.158795
train_367,33,18,0.547242,0.656594,0.040030,0.217437
train_367,34,19,0.571000,0.628920,0.045888,0.180539
train_367,35,20,0.597849,0.619366,0.058581,0.197011
train_367,36,21,0.634137,0.592022,0.094380,0.229297
train_367,37,22,0.669611,0.548205,0.095682,0.208871
train_367,38,23,0.703620,0.514601,0.074528,0.206236
train_367,41,24,0.486490,0.649056,0.036525,0.175517
train_367,42,25,0.465367,0.648165,0.039166,0.177299
train_367,43,26,0.434563,0.646383,0.035645,0.179081
train_367,44,27,0.411899,0.632128,0.051047,0.180862
train_367,45,28,0.370973,0.608963,0.066010,0.187990
train_367,46,29,0.335328,0.597826,0.121457,0.251247
train_367,47,30,0.285381,0.546151,0.126298,0.219173
train_367,48,31,0.244015,0.490021,0.111336,0.199572
train_368,11,0,0.483151,0.517086,0.027701,0.204181
train_368,12,1,0.461655,0.508610,0.021117,0.203444
train_368,13,2,0.446546,0.491287,0.020753,0.236614
train_368,14,3,0.432346,0.473965,0.029491,0.234403
train_368,15,4,0.414871,0.494973,0.028034,0.189439
train_368,16,5,0.395392,0.473597,0.040777,0.174696
train_368,17,6,0.369907,0.421630,0.051700,0.227031
train_368,21,8,0.500248,0.515981,0.024758,0.199021
train_368,22,9,0.521728,0.507135,0.021117,0.184279
train_368,24,11,0.552851,0.485332,0.026968,0.199525
train_368,25,12,0.563006,0.484995,0.041285,0.167844
train_368,26,13,0.587810,0.443540,0.043615,0.202222
train_368,27,14,0.621105,0.420323,0.031630,0.200123
train_368,28,15,0.643349,0.396338,0.042425,0.244184
train_368,31,16,0.509406,0.696660,0.018182,0.135589
train_368,32,17,0.523649,0.698807,0.019394,0.168106
train_368,33,18,0.541831,0.704636,0.025455,0.205532
train_368,34,19,0.563195,0.687150,0.037880,0.186512
train_368,35,20,0.587287,0.678868,0.054547,0.189580
train_368,36,21,0.615015,0.650032,0.072426,0.207986
train_368,37,22,0.650016,0.609539,0.073941,0.183445
train_368,41,24,0.496527,0.705863,0.019091,0.146633
train_368,42,25,0.480012,0.717827,0.028486,0.171788
train_368,43,26,0.462284,0.715986,0.023940,0.207372
train_368,44,27,0.444102,0.704329,0.030001,0.192647
train_368,47,30,0.359100,0.646044,0.101215,0.163198
train_368,48,31,0.331978,0.590520,0.096063,0.146633
train_369,11,0,0.486879,0.383272,0.047971,0.315949
train_369,12,1,0.450745,0.366608,0.039249,0.319949
train_369,13,2,0.418037,0.347278,0.052333,0.382605
train_369,14,3,0.389067,0.353277,0.045479,0.362609
train_369,15,4,0.359786,0.375940,0.052956,0.317283
train_369,16,5,0.313684,0.384605,0.075384,0.289287
train_369,17,6,0.260417,0.377273,0.069777,0.282621
train_369,21,8,0.534228,0.373274,0.061678,0.319949
train_369,22,9,0.571297,0.405935,0.059809,0.265291
train_369,23,10,0.596529,0.387271,0.050464,0.310617
train_369,24,11,0.623629,0.374607,0.051087,0.327948
train_369,25,12,0.656026,0.351277,0.056071,0.361276
train_369,26,13,0.684684,0.391937,0.053579,0.287954
train_369,27,14,0.722687,0.387938,0.048594,0.285288
train_369,28,15,0.765675,0.365941,0.051087,0.289287
train_369,31,16,0.510242,0.664560,0.027412,0.251960
train_369,32,17,0.534851,0.666560,0.028035,0.261292
train_369,33,18,0.562263,0.683891,0.034265,0.287954
train_369,34,19,0.589987,0.673892,0.034888,0.275956
train_369,35,20,0.627367,0.676558,0.063547,0.281288
train_369,36,21,0.663190,0.665893,0.072892,0.257292
train_369,37,22,0.711162,0.651896,0.076630,0.239962
train_369,38,23,0.760379,0.622567,0.075384,0.229297
train_369,41,24,0.487502,0.681891,0.026789,0.286621
train_369,42,25,0.466009,0.679891,0.032396,0.295953
train_369,43,26,0.440154,0.684557,0.034265,0.315949
train_369,44,27,0.417726,0.679891,0.044233,0.277289
train_369,45,28,0.386575,0.671892,0.069154,0.279955
train_369,46,29,0.347015,0.656562,0.093451,0.265291
train_369,47,30,0.293748,0.649229,0.100304,0.258625
train_369,48,31,0.239546,0.621234,0.099058,0.237295
train_37,11,0,0.494751,0.501330,0.037773,0.206856
train_37,12,1,0.463273,0.504100,0.027119,0.208703
train_37,13,2,0.436638,0.497636,0.028088,0.203162
train_37,14,3,0.406613,0.495789,0.041647,0.203162
train_37,15,4,0.374167,0.484707,0.027119,0.173611
train_37,16,5,0.338331,0.488401,0.044553,0.162530
train_37,17,6,0.292810,0.484707,0.040679,0.155142
train_37,18,7,0.257458,0.481014,0.057144,0.155142
train_37,21,8,0.530102,0.495789,0.034868,0.206856
train_37,22,9,0.561096,0.503177,0.030993,0.199468
train_37,23,10,0.590152,0.502253,0.032930,0.179152
train_37,24,11,0.617755,0.497636,0.037773,0.173611
train_37,25,12,0.650201,0.483784,0.034868,0.193927
train_37,26,13,0.690880,0.483784,0.046490,0.186540
train_37,27,14,0.731075,0.465315,0.045521,0.201315
train_37,28,15,0.773691,0.441305,0.057144,0.171764
train_37,31,16,0.539788,0.727578,0.023245,0.171764
train_37,32,17,0.564970,0.727578,0.027119,0.179152
train_37,33,18,0.588215,0.739583,0.042616,0.236407
train_37,34,19,0.620661,0.711879,0.035836,0.169917
train_37,35,20,0.656013,0.700798,0.052301,0.169917
train_37,37,22,0.728169,0.664783,0.084263,0.145907
train_37,38,23,0.771269,0.624150,0.081358,0.123744
train_37,41,24,0.518480,0.733119,0.025182,0.168070
train_37,42,25,0.490876,0.732196,0.026151,0.169917
train_37,43,26,0.465210,0.726655,0.029056,0.180999
train_37,44,27,0.432764,0.715573,0.041647,0.169917
train_37,45,28,0.400318,0.710956,0.052301,0.190233
train_37,46,29,0.357218,0.688793,0.072641,0.179152
train_37,47,30,0.306853,0.667553,0.072641,0.166223
train_370,11,0,0.502686,0.461721,0.045762,0.233663
train_370,12,1,0.466872,0.452223,0.033824,0.248860
train_370,13,2,0.439515,0.437975,0.038798,0.239362
train_370,14,3,0.408675,0.433226,0.038798,0.233663
train_370,15,4,0.379825,0.432276,0.034819,0.235562
train_370,16,5,0.343016,0.432276,0.050736,0.235562
train_370,17,6,0.295265,0.408530,0.054715,0.229863
train_370,18,7,0.258456,0.428476,0.050736,0.170973
train_370,21,8,0.549443,0.464571,0.047752,0.235562
train_370,22,9,0.581277,0.460771,0.031834,0.239362
train_370,23,10,0.612614,0.446524,0.042778,0.248860
train_370,24,11,0.638977,0.451273,0.039793,0.220365
train_370,25,12,0.666832,0.459821,0.039793,0.218465
train_370,26,13,0.703144,0.457922,0.050736,0.214666
train_370,27,14,0.746419,0.443674,0.045762,0.186170
train_370,28,15,0.786709,0.428476,0.048747,0.197568
train_370,31,16,0.528054,0.694434,0.022881,0.246960
train_370,32,17,0.551930,0.703932,0.024871,0.269757
train_370,33,18,0.578790,0.709631,0.022881,0.262158
train_370,34,19,0.609133,0.714381,0.041783,0.256459
train_370,35,20,0.644946,0.702033,0.055710,0.243161
train_370,36,21,0.687724,0.695384,0.081576,0.241261
train_370,37,22,0.733983,0.663089,0.078591,0.218465
train_370,38,23,0.779248,0.624145,0.075607,0.205167
train_370,41,24,0.504178,0.698233,0.022881,0.246960
train_370,42,25,0.482292,0.701083,0.032829,0.248860
train_370,43,26,0.455929,0.699183,0.029845,0.260258
train_370,44,27,0.427577,0.696334,0.030840,0.243161
train_370,45,28,0.393752,0.686835,0.046757,0.239362
train_370,46,29,0.340032,0.679236,0.090529,0.235562
train_370,47,30,0.303223,0.653590,0.082571,0.214666
train_370,48,31,0.264922,0.626045,0.069638,0.220365
train_371,11,0,0.479935,0.332658,0.040356,0.292131
train_371,12,1,0.448819,0.325059,0.030927,0.303951
train_371,13,2,0.412612,0.318727,0.039979,0.345323
train_371,14,3,0.391680,0.319993,0.029796,0.329281
train_371,17,6,0.291356,0.361787,0.055442,0.292975
train_371,21,8,0.522366,0.317882,0.044505,0.314927
train_371,22,9,0.553481,0.306906,0.034321,0.335191
train_371,23,10,0.590631,0.318305,0.055820,0.337724
train_371,24,11,0.609866,0.331814,0.046768,0.320838
train_371,27,14,0.707362,0.360520,0.053179,0.297197
train_371,31,16,0.508033,0.620990,0.029418,0.289598
train_371,32,17,0.522554,0.630699,0.044882,0.302263
train_371,33,18,0.545749,0.639564,0.046768,0.318305
train_371,34,19,0.579128,0.634921,0.038847,0.281999
train_371,35,20,0.608735,0.643364,0.036962,0.295508
train_371,36,21,0.646640,0.640409,0.053179,0.287909
train_371,37,22,0.692276,0.635343,0.056951,0.259203
train_371,41,24,0.488610,0.626478,0.022252,0.295508
train_371,42,25,0.467300,0.624789,0.025647,0.293820
train_371,43,26,0.448065,0.636609,0.035453,0.320838
train_371,44,27,0.420155,0.636187,0.033190,0.292975
train_371,45,28,0.395451,0.655184,0.035076,0.295508
train_371,46,29,0.358678,0.645052,0.054311,0.293820
train_371,47,30,0.311156,0.652651,0.073169,0.273556
train_371,48,31,0.266840,0.633232,0.066003,0.256670
train_372,11,0,0.497588,0.500055,0.031478,0.209626
train_372,12,1,0.467806,0.504211,0.026151,0.205009
train_372,13,2,0.443592,0.485280,0.030993,0.248412
train_372,15,4,0.367804,0.518986,0.057628,0.219784
train_372,16,5,0.323493,0.520833,0.055207,0.236407
train_372,21,8,0.526887,0.500055,0.031962,0.215167
train_372,22,9,0.561270,0.495900,0.030025,0.230866
train_372,23,10,0.584757,0.489436,0.030509,0.234560
train_372,26,13,0.674589,0.507443,0.050364,0.202238
train_372,31,16,0.525192,0.731383,0.027603,0.164376
train_372,32,17,0.550616,0.731845,0.025182,0.183769
train_372,33,18,0.577009,0.738309,0.028572,0.204085
train_372,34,19,0.603644,0.731383,0.037289,0.199468
train_372,35,20,0.641659,0.727689,0.045521,0.205009
train_372,36,21,0.688633,0.730921,0.072641,0.209626
train_372,41,24,0.502673,0.728151,0.025182,0.168994
train_372,42,25,0.477733,0.730460,0.025666,0.179152
train_372,43,26,0.453278,0.733230,0.029056,0.197621
train_372,44,27,0.423737,0.727227,0.035836,0.191157
train_373,11,0,0.490781,0.329718,0.044019,0.331583
train_373,12,1,0.462392,0.362186,0.033174,0.288754
train_373,13,2,0.436874,0.341462,0.038278,0.352307
train_373,14,3,0.419011,0.351133,0.042105,0.341254
train_373,15,4,0.393493,0.362876,0.037002,0.315004
train_373,17,6,0.315981,0.377383,0.065710,0.252832
train_373,21,8,0.526188,0.315902,0.045933,0.353689
train_373,22,9,0.553620,0.337317,0.039553,0.294280
train_373,23,10,0.578182,0.335245,0.037640,0.348162
train_373,25,12,0.634003,0.354587,0.042105,0.317767
train_373,27,14,0.703541,0.398798,0.071451,0.218292
train_373,31,16,0.524593,0.668209,0.023604,0.292899
train_373,32,17,0.549155,0.670282,0.030622,0.297043
train_373,33,18,0.570207,0.686861,0.033174,0.316386
train_373,34,19,0.596045,0.684098,0.032536,0.316386
train_373,35,20,0.621244,0.659229,0.037002,0.285991
train_373,37,22,0.708325,0.631597,0.096332,0.230727
train_373,38,23,0.747879,0.592222,0.072089,0.190660
train_373,41,24,0.502265,0.673045,0.033812,0.310859
train_373,42,25,0.484402,0.681335,0.050399,0.313623
train_373,43,26,0.459522,0.684789,0.045295,0.326057
train_373,44,27,0.431132,0.674427,0.048485,0.280464
train_373,46,29,0.370526,0.656466,0.085486,0.247306
train_373,47,30,0.323955,0.632979,0.079107,0.263885
train_374,11,0,0.490310,0.417405,0.034746,0.277567
train_374,12,1,0.473902,0.422155,0.045363,0.263847
train_374,13,2,0.446394,0.405796,0.037642,0.317671
train_374,14,3,0.426849,0.418461,0.042950,0.286010
train_374,15,4,0.402237,0.407907,0.047776,0.286010
train_374,16,5,0.372558,0.414239,0.062736,0.239573
train_374,17,6,0.323093,0.397353,0.048741,0.258570
train_374,21,8,0.519265,0.425849,0.031851,0.271234
train_374,22,9,0.544118,0.417933,0.028473,0.276511
train_374,23,10,0.569695,0.412129,0.035229,0.326114
train_374,24,11,0.591653,0.425849,0.037642,0.260681
train_374,25,12,0.618196,0.413184,0.038607,0.262791
train_374,26,13,0.645220,0.395770,0.057911,0.268068
train_374,27,14,0.691066,0.408435,0.048259,0.232185
train_374,28,15,0.721228,0.392076,0.047776,0.214243
train_374,31,16,0.513956,0.710275,0.020269,0.244850
train_374,32,17,0.531088,0.702888,0.022682,0.251182
train_374,33,18,0.557631,0.716080,0.032333,0.296564
train_374,34,19,0.580312,0.710275,0.041020,0.278622
train_374,35,20,0.617954,0.690223,0.081557,0.263847
train_374,36,21,0.652942,0.656451,0.104239,0.249071
train_374,37,22,0.697340,0.610541,0.095552,0.201579
train_374,41,24,0.493688,0.706581,0.024129,0.250127
train_374,42,25,0.478004,0.706581,0.027508,0.245905
train_374,43,26,0.458218,0.720829,0.030403,0.272290
train_374,44,27,0.433123,0.719246,0.035229,0.243794
train_374,45,28,0.405374,0.702888,0.068528,0.249071
train_374,46,29,0.360011,0.663838,0.110030,0.251182
train_374,47,30,0.322128,0.618457,0.101826,0.198413
train_374,48,31,0.274351,0.574658,0.090244,0.186803
train_375,11,0,0.505579,0.407580,0.051604,0.299202
train_375,12,1,0.453975,0.420878,0.043236,0.240691
train_375,13,2,0.414226,0.361037,0.061367,0.373670
train_375,15,4,0.364017,0.420878,0.041841,0.240691
train_375,16,5,0.323919,0.434176,0.074616,0.246011
train_375,17,6,0.269874,0.443484,0.072524,0.230053
train_375,21,8,0.560669,0.426862,0.066946,0.268617
train_375,22,9,0.608089,0.413564,0.068340,0.289894
train_375,23,10,0.640516,0.418218,0.064854,0.301862
train_375,24,11,0.663529,0.444814,0.043933,0.243351
train_375,25,12,0.689331,0.429521,0.050907,0.242021
train_375,26,13,0.731172,0.442819,0.073222,0.239362
train_375,27,14,0.774756,0.441489,0.068340,0.231383
train_375,31,16,0.533473,0.672872,0.032078,0.228723
train_375,32,17,0.557183,0.675532,0.030683,0.228723
train_375,33,18,0.588111,0.694955,0.035980,0.272323
train_375,34,19,0.618898,0.674443,0.033013,0.222810
train_375,35,20,0.650984,0.691772,0.036351,0.251811
train_375,36,21,0.697536,0.683284,0.070848,0.246152
train_375,37,22,0.750579,0.683638,0.070848,0.234127
train_375,38,23,0.796389,0.641198,0.067509,0.203005
train_375,41,24,0.505764,0.667723,0.028562,0.209371
train_375,42,25,0.475533,0.669845,0.041544,0.220688
train_375,43,26,0.446415,0.686467,0.042657,0.262421
train_375,44,27,0.417854,0.676918,0.038948,0.232005
train_375,45,28,0.389477,0.679040,0.041544,0.237664
train_375,46,29,0.347006,0.676565,0.068622,0.238371
train_375,47,30,0.291366,0.681162,0.070106,0.223517
train_375,48,31,0.241476,0.646503,0.072702,0.190980
train_376,11,0,0.482930,0.455167,0.036832,0.274099
train_376,12,1,0.449591,0.449061,0.028577,0.261887
train_376,13,2,0.421650,0.440919,0.040007,0.297167
train_376,14,3,0.396883,0.447704,0.037467,0.286311
train_376,15,4,0.372117,0.450418,0.042547,0.291739
train_376,16,5,0.337190,0.432099,0.052708,0.274099
train_376,17,6,0.291468,0.429386,0.052708,0.225250
train_376,21,8,0.520397,0.456524,0.038102,0.274099
train_376,22,9,0.552149,0.449739,0.034292,0.246960
train_376,23,10,0.580090,0.417173,0.036832,0.312093
train_376,24,11,0.604857,0.425315,0.043182,0.295810
train_376,25,12,0.630893,0.440919,0.034292,0.272742
train_376,26,13,0.663915,0.432099,0.055883,0.268671
train_376,27,14,0.713447,0.415816,0.055883,0.246960
train_376,31,16,0.524525,0.713662,0.020956,0.223893
train_376,32,17,0.545481,0.704163,0.031117,0.218465
train_376,33,18,0.571200,0.725195,0.031752,0.276813
train_376,34,19,0.598824,0.730623,0.029847,0.271385
train_376,36,21,0.658200,0.715697,0.093985,0.244247
train_376,37,22,0.702017,0.666848,0.087635,0.211680
train_376,41,24,0.501664,0.721125,0.022226,0.222536
train_376,42,25,0.481660,0.719089,0.035562,0.221179
train_376,43,26,0.460387,0.744871,0.047628,0.283597
train_376,44,27,0.429905,0.738765,0.040007,0.263244
train_376,46,29,0.362591,0.715018,0.087000,0.226607
train_376,47,30,0.308614,0.679738,0.092080,0.207610
train_377,11,0,0.484541,0.516042,0.028019,0.181527
train_377,12,1,0.459903,0.504433,0.025121,0.166751
train_377,13,2,0.435749,0.499156,0.028986,0.181527
train_377,14,3,0.420773,0.523430,0.020290,0.192080
train_377,15,4,0.398068,0.528707,0.028986,0.194191
train_377,16,5,0.376329,0.512876,0.045411,0.213188
train_377,17,6,0.342029,0.501266,0.046377,0.219520
train_377,18,7,0.313043,0.434777,0.038647,0.094985
train_377,21,8,0.510628,0.502322,0.029952,0.213188
train_377,22,9,0.537681,0.502322,0.020290,0.200523
train_377,23,10,0.564251,0.500211,0.021256,0.187859
train_377,24,11,0.578261,0.513931,0.029952,0.177305
train_377,25,12,0.604348,0.514986,0.029952,0.175194
train_377,26,13,0.639614,0.500211,0.046377,0.213188
train_377,27,14,0.671014,0.499156,0.039614,0.194191
train_377,28,15,0.693720,0.423168,0.034783,0.088652
train_377,31,16,0.501449,0.719732,0.023188,0.200523
train_377,32,17,0.520290,0.731341,0.020290,0.185748
train_377,33,18,0.550725,0.751393,0.028986,0.230074
train_377,34,19,0.574396,0.737673,0.028019,0.181527
train_377,35,20,0.598551,0.754559,0.031884,0.206856
train_377,36,21,0.638164,0.748227,0.055072,0.223742
train_377,37,22,0.689855,0.719732,0.054106,0.196302
train_377,38,23,0.747343,0.707067,0.068599,0.145643
train_377,41,24,0.483092,0.727119,0.017391,0.236407
train_377,42,25,0.462802,0.740839,0.023188,0.238517
train_377,43,26,0.442029,0.757725,0.028019,0.251182
train_377,44,27,0.420290,0.756670,0.011594,0.198413
train_377,45,28,0.400483,0.763002,0.024155,0.219520
train_377,47,30,0.328502,0.720787,0.075362,0.177305
train_377,48,31,0.276812,0.698624,0.058937,0.116093
train_378,11,0,0.501959,0.505627,0.036497,0.188943
train_378,12,1,0.473146,0.504600,0.036497,0.207426
train_378,13,2,0.447694,0.508708,0.037458,0.182782
train_378,14,3,0.422722,0.514869,0.041299,0.170459
train_378,15,4,0.396310,0.507681,0.040339,0.201265
train_378,16,5,0.356932,0.497412,0.051864,0.197158
train_378,21,8,0.537016,0.508708,0.031695,0.182782
train_378,22,9,0.570631,0.488171,0.029774,0.199211
train_378,23,10,0.595603,0.490224,0.035537,0.190996
train_378,24,11,0.617213,0.496385,0.030734,0.170459
train_378,25,12,0.642665,0.503573,0.035537,0.180728
train_378,26,13,0.671959,0.513842,0.040339,0.176620
train_378,27,14,0.702693,0.512815,0.040339,0.166352
train_378,28,15,0.740151,0.503573,0.042260,0.147868
train_378,31,16,0.533654,0.704839,0.028813,0.168405
train_378,32,17,0.561987,0.708946,0.024011,0.176620
train_378,33,18,0.581677,0.703812,0.024972,0.182782
train_378,34,19,0.608089,0.714080,0.027853,0.178674
train_378,35,20,0.638823,0.712027,0.027853,0.154029
train_378,37,22,0.713258,0.694570,0.057627,0.143761
train_378,38,23,0.748795,0.680194,0.055706,0.156083
train_378,41,24,0.513485,0.723322,0.030734,0.180728
train_378,42,25,0.493796,0.721268,0.039378,0.176620
train_378,43,26,0.470265,0.720242,0.038418,0.182782
train_378,44,27,0.443852,0.725376,0.035537,0.172513
train_378,45,28,0.417440,0.712027,0.036497,0.141707
train_378,46,29,0.377101,0.717161,0.051864,0.188943
train_378,47,30,0.328118,0.689436,0.065311,0.149922
train_378,48,31,0.295943,0.642200,0.072034,0.149922
train_379,11,0,0.485614,0.445072,0.035407,0.303951
train_379,12,1,0.457289,0.422758,0.033228,0.331693
train_379,13,2,0.429236,0.444469,0.035951,0.268973
train_379,14,3,0.417252,0.448690,0.037041,0.289477
train_379,15,4,0.395191,0.471607,0.036496,0.243644
train_379,16,5,0.365232,0.481859,0.055016,0.230376
train_379,17,6,0.329825,0.447484,0.055016,0.262942
train_379,21,8,0.517480,0.434819,0.033772,0.326868
train_379,22,9,0.543354,0.446278,0.026691,0.279828
train_379,23,10,0.564598,0.445675,0.034317,0.290684
train_379,24,11,0.584752,0.439041,0.036496,0.287065
train_379,25,12,0.607630,0.451102,0.039764,0.243644
train_379,26,13,0.642765,0.457133,0.065366,0.250880
train_379,27,14,0.688521,0.440850,0.063187,0.264148
train_379,31,16,0.512850,0.749626,0.024512,0.266561
train_379,32,17,0.531370,0.755054,0.029959,0.291890
train_379,33,18,0.556699,0.756260,0.031594,0.291890
train_379,34,19,0.585842,0.753848,0.035407,0.282241
train_379,35,20,0.612260,0.737565,0.042488,0.266561
train_379,36,21,0.652842,0.727312,0.073537,0.265354
train_379,37,22,0.692606,0.695349,0.075715,0.244850
train_379,41,24,0.490789,0.753848,0.025057,0.284653
train_379,42,25,0.470362,0.751435,0.034317,0.299127
train_379,43,26,0.442037,0.749626,0.038675,0.293096
train_379,44,27,0.417797,0.744198,0.034862,0.250880
train_379,45,28,0.394919,0.741786,0.037041,0.258117
train_379,46,29,0.355155,0.722488,0.071902,0.241231
train_379,47,30,0.312394,0.692334,0.068089,0.221933
train_38,11,0,0.493434,0.433336,0.037115,0.328596
train_38,12,1,0.479872,0.436930,0.053769,0.255689
train_38,13,2,0.455129,0.388668,0.039494,0.343999
train_38,14,3,0.440855,0.383533,0.038542,0.317301
train_38,15,4,0.423725,0.406124,0.039494,0.274172
train_38,16,5,0.399933,0.396882,0.058527,0.276226
train_38,17,6,0.359250,0.386614,0.051389,0.268011
train_38,18,7,0.329273,0.384560,0.053293,0.251581
train_38,21,8,0.518652,0.436930,0.032356,0.321408
train_38,22,9,0.544109,0.452846,0.029026,0.258769
train_38,23,10,0.570518,0.437957,0.033308,0.307032
train_38,24,11,0.589789,0.412285,0.037590,0.313193
train_38,25,12,0.611677,0.404070,0.030929,0.311139
train_38,26,13,0.638561,0.420500,0.041873,0.278280
train_38,27,14,0.677103,0.411772,0.038066,0.279307
train_38,28,15,0.711363,0.405097,0.041873,0.259796
train_38,31,16,0.524362,0.697240,0.032356,0.186889
train_38,32,17,0.548868,0.722398,0.035687,0.228990
train_38,33,18,0.573848,0.734720,0.039970,0.268011
train_38,34,19,0.603112,0.733180,0.041397,0.252608
train_38,35,20,0.630948,0.732667,0.060906,0.284441
train_38,36,21,0.667587,0.708022,0.083746,0.253635
train_38,37,22,0.711363,0.663353,0.089456,0.213587
train_38,38,23,0.751332,0.613550,0.078036,0.208453
train_38,41,24,0.497716,0.692619,0.024743,0.198185
train_38,42,25,0.479635,0.694673,0.034260,0.200238
train_38,43,26,0.457271,0.708022,0.032356,0.245420
train_38,44,27,0.434193,0.703401,0.036639,0.240286
train_38,45,28,0.408498,0.687485,0.054720,0.241313
train_38,46,29,0.364960,0.670028,0.096117,0.245420
train_38,47,30,0.319518,0.639222,0.114675,0.216668
train_38,48,31,0.278597,0.582745,0.101351,0.183808
train_380,11,0,0.481868,0.428514,0.030743,0.291447
train_380,12,1,0.463155,0.436209,0.031634,0.310684
train_380,13,2,0.437090,0.431880,0.036536,0.294333
train_380,14,3,0.414366,0.434285,0.044556,0.289523
train_380,15,4,0.394094,0.452080,0.039654,0.238544
train_380,16,5,0.360454,0.434766,0.049902,0.252010
train_380,17,6,0.319909,0.423704,0.043664,0.239506
train_380,21,8,0.511498,0.435728,0.030298,0.278943
train_380,22,9,0.533107,0.436209,0.032526,0.279905
train_380,23,10,0.553157,0.430437,0.035199,0.285676
train_380,24,11,0.574098,0.429476,0.048566,0.293371
train_380,25,12,0.604619,0.442942,0.048120,0.256820
train_380,26,13,0.643159,0.424185,0.053021,0.278943
train_380,27,14,0.685932,0.390520,0.045001,0.317418
train_380,31,16,0.511943,0.735351,0.025842,0.281828
train_380,32,17,0.532216,0.735832,0.028070,0.273171
train_380,33,18,0.554271,0.726694,0.041882,0.262591
train_380,34,19,0.575658,0.706975,0.044556,0.244315
train_380,35,20,0.606846,0.698800,0.059704,0.235658
train_380,36,21,0.642936,0.689181,0.073962,0.231811
train_380,37,22,0.688606,0.661768,0.077972,0.230849
train_380,38,23,0.736726,0.639164,0.070843,0.185641
train_380,41,24,0.490334,0.737274,0.022723,0.281828
train_380,42,25,0.467388,0.744969,0.031189,0.277981
train_380,43,26,0.444219,0.741603,0.039209,0.284714
train_380,44,27,0.422609,0.721884,0.036981,0.266438
train_380,46,29,0.360677,0.690143,0.078863,0.241430
train_380,47,30,0.318349,0.653111,0.067279,0.219307
train_381,11,0,0.460215,0.451490,0.033089,0.199007
train_381,12,1,0.428099,0.440653,0.023357,0.240385
train_381,13,2,0.399875,0.426860,0.031143,0.264029
train_381,14,3,0.372139,0.409127,0.030170,0.220681
train_381,15,4,0.344889,0.383512,0.036009,0.236444
train_381,16,5,0.307906,0.366764,0.049634,0.230533
train_381,17,6,0.271411,0.346075,0.042822,0.185214
train_381,21,8,0.489898,0.429816,0.032116,0.214770
train_381,22,9,0.513742,0.417993,0.023357,0.202948
train_381,23,10,0.537099,0.406171,0.027250,0.206888
train_381,24,11,0.563863,0.390408,0.028223,0.206888
train_381,25,12,0.586246,0.381542,0.028223,0.185214
train_381,26,13,0.610577,0.371690,0.045741,0.169451
train_381,27,14,0.648046,0.356912,0.052554,0.159600
train_381,28,15,0.672863,0.309623,0.061313,0.155659
train_381,31,16,0.490871,0.662319,0.022384,0.163540
train_381,32,17,0.512282,0.661334,0.022384,0.181274
train_381,33,18,0.541965,0.637689,0.048661,0.193096
train_381,34,19,0.565322,0.620941,0.062286,0.171422
train_381,35,20,0.582354,0.605178,0.049634,0.175363
train_381,36,21,0.623715,0.582519,0.087590,0.177333
train_381,37,22,0.671890,0.537201,0.071045,0.165511
train_381,38,23,0.714711,0.502719,0.061313,0.159600
train_381,41,24,0.466541,0.660348,0.022384,0.187185
train_381,42,25,0.442210,0.670200,0.026277,0.171422
train_381,43,26,0.414960,0.669215,0.041848,0.204918
train_381,44,27,0.387224,0.643600,0.044768,0.208859
train_381,45,28,0.346835,0.614045,0.076884,0.193096
train_381,46,29,0.300121,0.582519,0.078831,0.185214
train_381,47,30,0.255353,0.549023,0.072991,0.185214
train_382,11,0,0.489148,0.411854,0.028277,0.260329
train_382,12,1,0.465898,0.411151,0.025764,0.261736
train_382,13,2,0.446732,0.399893,0.021365,0.289880
train_382,14,3,0.431022,0.394264,0.028906,0.295508
train_382,15,4,0.409971,0.407633,0.028277,0.260329
train_382,16,5,0.382951,0.402707,0.050899,0.261736
train_382,17,6,0.348389,0.407633,0.048386,0.218113
train_382,21,8,0.515540,0.411854,0.032048,0.257514
train_382,22,9,0.540047,0.404115,0.024507,0.261736
train_382,23,10,0.561412,0.409040,0.029534,0.260329
train_382,24,11,0.576179,0.394264,0.035190,0.281436
train_382,25,12,0.596916,0.404115,0.031419,0.256107
train_382,26,13,0.621423,0.390043,0.042730,0.264550
train_382,27,14,0.658183,0.390746,0.044615,0.234999
train_382,31,16,0.514912,0.678515,0.020737,0.205449
train_382,32,17,0.533763,0.676404,0.024507,0.220928
train_382,33,18,0.557328,0.689773,0.025135,0.261736
train_382,34,19,0.574294,0.680626,0.037703,0.246257
train_382,37,22,0.675150,0.621524,0.104940,0.223742
train_382,41,24,0.496060,0.671479,0.020737,0.199820
train_382,42,25,0.476580,0.670776,0.023250,0.212485
train_382,43,26,0.457100,0.686958,0.024507,0.253293
train_382,44,27,0.438877,0.686255,0.033304,0.246257
train_382,46,29,0.380437,0.664443,0.068494,0.236407
train_382,47,30,0.336450,0.640521,0.081062,0.242035
train_383,11,0,0.486811,0.490467,0.037649,0.253868
train_383,12,1,0.458472,0.487013,0.024695,0.240053
train_383,13,2,0.430944,0.468016,0.039269,0.271138
train_383,14,3,0.411309,0.474924,0.042103,0.257322
train_383,15,4,0.381959,0.487013,0.033601,0.246960
train_383,16,5,0.347346,0.499102,0.051819,0.236599
train_383,17,6,0.300183,0.484422,0.053033,0.231418
train_383,21,8,0.522841,0.485286,0.036840,0.267684
train_383,22,9,0.551989,0.476651,0.025504,0.257322
train_383,23,10,0.579720,0.474924,0.038054,0.281500
train_383,24,11,0.605426,0.469743,0.048175,0.302224
train_383,25,12,0.633360,0.480105,0.045746,0.264230
train_383,27,14,0.699145,0.476651,0.052628,0.208967
train_383,31,16,0.513934,0.753834,0.030362,0.224510
train_383,32,17,0.538629,0.756424,0.027933,0.240053
train_383,33,18,0.567372,0.769377,0.033601,0.257322
train_383,34,19,0.597330,0.769377,0.036840,0.257322
train_383,35,20,0.643076,0.780602,0.061130,0.283227
train_383,36,21,0.690846,0.733973,0.095945,0.231418
train_383,37,22,0.727686,0.686481,0.093516,0.219329
train_383,41,24,0.490656,0.752107,0.035625,0.215875
train_383,42,25,0.467783,0.757288,0.040078,0.243506
train_383,43,26,0.442684,0.766786,0.041698,0.272865
train_383,44,27,0.409831,0.752038,0.035908,0.244850
train_383,45,28,0.379296,0.767115,0.043825,0.262942
train_383,47,30,0.277509,0.712838,0.107158,0.224345
train_384,11,0,0.472293,0.427894,0.030364,0.249744
train_384,12,1,0.446673,0.418929,0.027201,0.259990
train_384,13,2,0.419471,0.404841,0.029732,0.267674
train_384,14,3,0.399861,0.390113,0.038588,0.248463
train_384,15,4,0.378353,0.383069,0.043649,0.231814
train_384,16,5,0.340397,0.363217,0.047444,0.235656
train_384,17,6,0.309084,0.338243,0.054403,0.213883
train_384,21,8,0.507085,0.434298,0.034160,0.244621
train_384,22,9,0.528277,0.400999,0.028467,0.265113
train_384,23,10,0.550101,0.390753,0.035425,0.262551
train_384,24,11,0.568763,0.368981,0.044914,0.259990
train_384,25,12,0.591220,0.374103,0.031630,0.208760
train_384,26,13,0.621584,0.352971,0.046812,0.222848
train_384,27,14,0.649734,0.319032,0.055035,0.213883
train_384,31,16,0.504555,0.691726,0.035425,0.216445
train_384,32,17,0.525114,0.671235,0.037323,0.203637
train_384,33,18,0.551050,0.662269,0.047444,0.244621
train_384,34,19,0.570660,0.636014,0.051240,0.225410
train_384,35,20,0.601974,0.612961,0.070850,0.202357
train_384,36,21,0.634868,0.563012,0.096154,0.169057
train_384,37,22,0.669345,0.508581,0.090461,0.157531
train_384,41,24,0.485577,0.689165,0.031630,0.195953
train_384,42,25,0.460906,0.689165,0.032895,0.231814
train_384,43,26,0.432123,0.672515,0.025936,0.242059
train_384,44,27,0.405870,0.653945,0.040486,0.227971
train_384,45,28,0.375822,0.621286,0.061361,0.198514
train_384,46,29,0.337551,0.592469,0.086032,0.227971
train_384,47,30,0.287260,0.542520,0.094256,0.197234
train_385,11,0,0.480612,0.372340,0.027211,0.206253
train_385,12,1,0.450486,0.382110,0.027211,0.191055
train_385,13,2,0.428620,0.385367,0.034014,0.214937
train_385,14,3,0.410155,0.383196,0.034014,0.232306
train_385,15,4,0.390719,0.378854,0.039845,0.232306
train_385,16,5,0.380029,0.407078,0.028183,0.210595
train_385,17,6,0.360593,0.404907,0.034014,0.249674
train_385,18,7,0.328037,0.397308,0.034985,0.234477
train_385,21,8,0.499077,0.365827,0.017493,0.206253
train_385,22,9,0.519971,0.363656,0.020408,0.219279
train_385,23,10,0.536492,0.363656,0.026239,0.210595
train_385,24,11,0.556414,0.348459,0.027211,0.219279
train_385,25,12,0.582167,0.356057,0.037901,0.221450
train_385,26,13,0.614723,0.357143,0.033042,0.236648
train_385,27,14,0.649708,0.340860,0.033042,0.225792
train_385,31,16,0.466035,0.576422,0.019436,0.167173
train_385,32,17,0.485471,0.581850,0.017493,0.195397
train_385,33,18,0.503936,0.588363,0.029155,0.243161
train_385,34,19,0.529203,0.601389,0.029155,0.217108
train_385,35,20,0.553013,0.600304,0.034014,0.206253
train_385,36,21,0.595287,0.604646,0.066084,0.223621
train_385,37,22,0.631730,0.585106,0.045675,0.193226
train_385,41,24,0.451944,0.590534,0.024295,0.191055
train_385,42,25,0.436395,0.599218,0.022352,0.191055
train_385,43,26,0.413557,0.612245,0.025267,0.230135
train_385,44,27,0.390233,0.626357,0.027211,0.219279
train_385,45,28,0.372255,0.639383,0.034014,0.214937
train_385,46,29,0.344558,0.632870,0.052478,0.201911
train_385,47,30,0.312974,0.613330,0.043732,0.180200
train_385,48,31,0.266327,0.628528,0.063168,0.158489
train_386,11,0,0.490604,0.450499,0.030309,0.257816
train_386,12,1,0.465978,0.446429,0.029046,0.255102
train_386,13,2,0.444825,0.446429,0.039781,0.236105
train_386,14,3,0.424619,0.426753,0.044832,0.253745
train_386,16,5,0.389258,0.437609,0.056198,0.240176
train_386,17,6,0.348530,0.410470,0.060618,0.223893
train_386,21,8,0.522808,0.449821,0.034098,0.256459
train_386,23,10,0.554380,0.441679,0.035361,0.272742
train_386,24,11,0.585320,0.434216,0.037886,0.249674
train_386,25,12,0.615629,0.425396,0.035361,0.259173
train_386,27,14,0.691718,0.406399,0.048621,0.210323
train_386,31,16,0.518703,0.695424,0.033466,0.185899
train_386,32,17,0.536068,0.702209,0.037886,0.215751
train_386,33,18,0.563220,0.699495,0.040412,0.210323
train_386,34,19,0.584057,0.693389,0.040412,0.222536
train_386,35,20,0.617524,0.685926,0.059355,0.232034
train_386,36,21,0.656673,0.667607,0.092190,0.236105
train_386,37,22,0.696770,0.614009,0.097873,0.180471
train_386,41,24,0.498813,0.708315,0.027783,0.227964
train_386,42,25,0.482080,0.708315,0.028415,0.241533
train_386,43,26,0.456822,0.713743,0.032203,0.257816
train_386,44,27,0.445140,0.708994,0.041675,0.261887
train_386,45,28,0.414200,0.698138,0.042938,0.256459
train_386,47,30,0.331165,0.622150,0.101662,0.191327
train_387,11,0,0.487270,0.390620,0.033396,0.238517
train_387,12,1,0.465661,0.404340,0.035361,0.206856
train_387,13,2,0.447981,0.404340,0.033396,0.185748
train_387,14,3,0.428827,0.402229,0.024556,0.202634
train_387,15,4,0.402306,0.389564,0.042236,0.206856
train_387,16,5,0.373821,0.373734,0.065810,0.213188
train_387,17,6,0.338461,0.357903,0.065810,0.160419
train_387,21,8,0.513300,0.395897,0.032414,0.236407
train_387,22,9,0.538838,0.395897,0.034378,0.198413
train_387,23,10,0.565849,0.383232,0.033396,0.206856
train_387,24,11,0.591388,0.364235,0.041254,0.215299
train_387,25,12,0.620364,0.356847,0.032414,0.208967
train_387,26,13,0.649340,0.367401,0.055006,0.200523
train_387,27,14,0.678316,0.326241,0.075633,0.177305
train_387,28,15,0.695996,0.250253,0.063846,0.139311
train_387,31,16,0.524595,0.617528,0.023574,0.168862
train_387,32,17,0.545713,0.631248,0.022592,0.200523
train_387,33,18,0.576654,0.636525,0.035361,0.194191
train_387,34,19,0.602683,0.617528,0.040272,0.189970
train_387,35,20,0.637062,0.604863,0.054023,0.198413
train_387,36,21,0.688630,0.575312,0.078579,0.181527
train_387,37,22,0.727919,0.541540,0.053041,0.173083
train_387,41,24,0.503968,0.639691,0.033396,0.204745
train_387,42,25,0.486779,0.640746,0.044201,0.202634
train_387,43,26,0.458785,0.643913,0.035361,0.192080
train_387,44,27,0.432265,0.627026,0.023574,0.208967
train_387,45,28,0.399851,0.627026,0.039290,0.200523
train_387,46,29,0.355650,0.590088,0.068757,0.202634
train_387,47,30,0.308993,0.548928,0.063846,0.183637
train_387,48,31,0.258899,0.532042,0.059917,0.149865
train_388,11,0,0.497508,0.464757,0.039416,0.289540
train_388,12,1,0.461906,0.458207,0.034330,0.305262
train_388,13,2,0.432026,0.444450,0.039416,0.322293
train_388,14,3,0.409775,0.456241,0.039416,0.314432
train_388,15,4,0.384028,0.475894,0.032423,0.256787
train_388,16,5,0.340161,0.484409,0.060396,0.258097
train_388,17,6,0.290255,0.470653,0.067389,0.269888
train_388,21,8,0.535653,0.468033,0.039416,0.277749
train_388,22,9,0.571890,0.469343,0.033059,0.256787
train_388,23,10,0.606856,0.477859,0.041959,0.252856
train_388,24,11,0.628153,0.458207,0.034966,0.281679
train_388,25,12,0.651994,0.470653,0.033059,0.248926
train_388,26,13,0.683145,0.490305,0.043231,0.262027
train_388,27,14,0.723197,0.447071,0.049588,0.280369
train_388,28,15,0.756891,0.416282,0.045774,0.208311
train_388,31,16,0.526752,0.736610,0.029244,0.233204
train_388,32,17,0.547414,0.749057,0.028608,0.260717
train_388,33,18,0.575069,0.741851,0.029244,0.262027
train_388,34,19,0.606538,0.759538,0.028608,0.281679
train_388,35,20,0.638643,0.757573,0.047045,0.272508
train_388,37,22,0.732097,0.701237,0.105534,0.217482
train_388,41,24,0.501640,0.743816,0.037509,0.237134
train_388,42,25,0.487018,0.771984,0.055310,0.298711
train_388,43,26,0.468582,0.756918,0.064210,0.260717
train_388,44,27,0.427894,0.762813,0.036237,0.264647
train_388,45,28,0.398650,0.781155,0.034966,0.233204
train_388,46,29,0.364637,0.749057,0.069932,0.255476
train_388,47,30,0.302970,0.734645,0.083918,0.231894
train_388,48,31,0.248932,0.690756,0.094090,0.238445
train_389,11,0,0.476516,0.417499,0.028289,0.265957
train_389,12,1,0.456762,0.412614,0.026825,0.269214
train_389,14,3,0.417500,0.389818,0.026338,0.277898
train_389,16,5,0.374823,0.394160,0.033654,0.275727
train_389,18,7,0.301175,0.422384,0.040482,0.206253
train_389,21,8,0.507243,0.415328,0.031215,0.261615
train_389,22,9,0.529191,0.430525,0.023411,0.244247
train_389,23,10,0.547725,0.416413,0.027313,0.283326
train_389,24,11,0.569673,0.434868,0.034141,0.278984
train_389,25,12,0.590645,0.440838,0.037068,0.275727
train_389,27,14,0.653075,0.463092,0.058528,0.209509
train_389,28,15,0.671853,0.483717,0.022923,0.163917
train_389,31,16,0.495293,0.682914,0.024874,0.219279
train_389,32,17,0.513827,0.686713,0.026825,0.226878
train_389,33,18,0.532605,0.710052,0.033166,0.230135
train_389,37,22,0.665512,0.694855,0.056089,0.186713
train_389,41,24,0.475296,0.669887,0.021948,0.191055
train_389,42,25,0.455787,0.669344,0.024874,0.218194
train_389,43,26,0.433595,0.688884,0.026338,0.270300
train_389,44,27,0.407745,0.699197,0.044871,0.303951
train_389,45,28,0.379213,0.702453,0.038531,0.260530
train_389,47,30,0.318246,0.665002,0.070721,0.185627
train_389,48,31,0.284592,0.619952,0.076574,0.160660
train_39,11,0,0.494719,0.444469,0.041473,0.322044
train_39,12,1,0.471020,0.446881,0.037165,0.295508
train_39,13,2,0.447051,0.439644,0.036626,0.312394
train_39,14,3,0.429816,0.423361,0.043089,0.294302
train_39,15,4,0.410964,0.418536,0.039858,0.287065
train_39,16,5,0.385380,0.418536,0.056555,0.272591
train_39,17,6,0.347138,0.415521,0.053323,0.256911
train_39,18,7,0.315360,0.366068,0.051169,0.285859
train_39,21,8,0.524343,0.433613,0.032856,0.346167
train_39,22,9,0.540771,0.433010,0.032317,0.311188
train_39,23,10,0.562584,0.421552,0.032856,0.341342
train_39,24,11,0.578743,0.422155,0.031778,0.318425
train_39,25,12,0.596248,0.411902,0.035549,0.319631
train_39,26,13,0.616985,0.423964,0.050091,0.220727
train_39,27,14,0.650110,0.411299,0.050630,0.260530
train_39,28,15,0.680541,0.384161,0.053323,0.273797
train_39,31,16,0.518247,0.711523,0.021251,0.205704
train_39,32,17,0.537441,0.719198,0.024678,0.216450
train_39,33,18,0.556635,0.718814,0.024678,0.250990
train_39,34,19,0.576344,0.702696,0.038046,0.237174
train_39,35,20,0.599822,0.696555,0.054841,0.249455
train_39,36,21,0.626900,0.683891,0.073350,0.276319
train_39,37,22,0.671116,0.647706,0.092642,0.241231
train_39,38,23,0.713397,0.616949,0.079177,0.249674
train_39,41,24,0.498024,0.709220,0.025364,0.198029
train_39,42,25,0.476602,0.712674,0.031191,0.201867
train_39,43,26,0.452266,0.720733,0.034618,0.253293
train_39,44,27,0.430501,0.721501,0.035647,0.290135
train_39,45,28,0.407708,0.711906,0.053127,0.306254
train_39,46,29,0.375712,0.686846,0.078800,0.274401
train_39,47,30,0.333296,0.659828,0.086717,0.259203
train_39,48,31,0.288806,0.618457,0.074652,0.233874
train_390,11,0,0.492968,0.504034,0.029783,0.255844
train_390,12,1,0.465752,0.500208,0.032865,0.235070
train_390,13,2,0.439563,0.482167,0.043135,0.264591
train_390,14,3,0.413887,0.465767,0.046216,0.253657
train_390,15,4,0.387442,0.463581,0.043648,0.238350
train_390,16,5,0.349838,0.447484,0.060803,0.236407
train_390,17,6,0.315912,0.430598,0.079308,0.202634
train_390,18,7,0.289035,0.356486,0.060803,0.163233
train_390,21,8,0.519911,0.506586,0.029080,0.253293
train_390,22,9,0.546347,0.492514,0.029080,0.247664
train_390,23,10,0.570580,0.483133,0.035248,0.281436
train_390,24,11,0.594813,0.489699,0.048466,0.242035
train_390,25,12,0.622571,0.480318,0.040535,0.230778
train_390,26,13,0.658260,0.467185,0.053753,0.234530
train_390,27,14,0.693949,0.451236,0.051110,0.210139
train_390,28,15,0.707607,0.343352,0.066090,0.230778
train_390,31,16,0.510658,0.772074,0.021149,0.228902
train_390,32,17,0.526079,0.773012,0.025555,0.227025
train_390,33,18,0.555159,0.767383,0.023793,0.230778
train_390,34,19,0.583358,0.768322,0.037892,0.251417
train_390,35,20,0.619046,0.745807,0.059922,0.225149
train_390,36,21,0.663107,0.738302,0.089883,0.251417
train_390,37,22,0.710692,0.694210,0.096933,0.245788
train_390,38,23,0.755192,0.664190,0.073140,0.208263
train_390,41,24,0.485544,0.770198,0.030842,0.240159
train_390,42,25,0.468360,0.777703,0.031723,0.251417
train_390,43,26,0.434875,0.773950,0.051110,0.221397
train_390,44,27,0.409760,0.755188,0.066090,0.232654
train_390,45,28,0.382883,0.742992,0.063447,0.238283
train_390,46,29,0.337061,0.726106,0.100457,0.238283
train_390,47,30,0.293441,0.674509,0.097814,0.225149
train_390,48,31,0.249822,0.639799,0.075784,0.200758
train_391,11,0,0.468862,0.423020,0.034979,0.250874
train_391,12,1,0.447279,0.418500,0.037211,0.250874
train_391,13,2,0.433883,0.345422,0.042421,0.244847
train_391,14,3,0.417510,0.424527,0.027536,0.205671
train_391,15,4,0.394997,0.407199,0.032374,0.204165
train_391,16,5,0.367089,0.399289,0.047258,0.221492
train_391,17,6,0.329133,0.392508,0.050979,0.200398
train_391,18,7,0.303272,0.349189,0.051352,0.145401
train_391,21,8,0.500863,0.429424,0.028281,0.253134
train_391,22,9,0.523004,0.424904,0.027164,0.233546
train_391,23,10,0.544959,0.428294,0.029397,0.234300
train_391,24,11,0.566169,0.422643,0.029397,0.222999
train_391,25,12,0.582356,0.410966,0.033490,0.229779
train_391,26,13,0.611939,0.407576,0.048747,0.219986
train_391,27,14,0.645987,0.396652,0.058794,0.192111
train_391,28,15,0.657081,0.356246,0.044006,0.120278
train_391,31,16,0.493421,0.658450,0.020094,0.173276
train_391,32,17,0.511642,0.659852,0.016999,0.176435
train_391,33,18,0.540462,0.679236,0.040642,0.235774
train_391,34,19,0.560979,0.671522,0.042987,0.234588
train_391,35,20,0.590679,0.668753,0.054711,0.231423
train_391,36,21,0.628097,0.642644,0.087342,0.241708
train_391,37,22,0.669814,0.610600,0.098088,0.240126
train_391,38,23,0.720532,0.574862,0.057244,0.177204
train_391,41,24,0.475689,0.670929,0.018172,0.198589
train_391,42,25,0.452632,0.680027,0.029505,0.222324
train_391,43,26,0.425766,0.676071,0.042205,0.242895
train_391,44,27,0.402318,0.667170,0.051193,0.247247
train_391,45,28,0.377894,0.654314,0.059400,0.245269
train_391,46,29,0.338326,0.638490,0.095548,0.251598
train_391,47,30,0.294558,0.597348,0.097893,0.225489
train_391,48,31,0.234572,0.590227,0.102973,0.186721
train_392,11,0,0.480341,0.479277,0.033434,0.224006
train_392,12,1,0.455822,0.475716,0.039378,0.220048
train_392,13,2,0.427960,0.451574,0.037149,0.255667
train_392,14,3,0.411986,0.468592,0.039378,0.229547
train_392,15,4,0.386539,0.459093,0.036035,0.231130
train_392,16,5,0.351061,0.459093,0.052009,0.224797
train_392,17,6,0.310197,0.448803,0.066869,0.220048
train_392,18,7,0.284378,0.378356,0.053867,0.121897
train_392,21,8,0.513218,0.489172,0.033806,0.210550
train_392,22,9,0.542751,0.476507,0.027490,0.213716
train_392,23,10,0.570056,0.461468,0.036778,0.243794
train_392,24,11,0.594017,0.467009,0.040864,0.215299
train_392,25,12,0.622437,0.459885,0.033063,0.201051
train_392,26,13,0.656614,0.446033,0.050895,0.230338
train_392,27,14,0.699522,0.444054,0.048294,0.202634
train_392,28,15,0.724040,0.370836,0.050523,0.151184
train_392,31,16,0.511732,0.714386,0.021175,0.208132
train_392,32,17,0.532518,0.721884,0.025289,0.218983
train_392,33,18,0.563886,0.749171,0.045228,0.283227
train_392,34,19,0.585851,0.730865,0.046687,0.257668
train_392,35,20,0.617462,0.718085,0.054468,0.247306
train_392,36,21,0.654828,0.694425,0.084457,0.206894
train_392,37,22,0.701271,0.668866,0.083647,0.227618
train_392,38,23,0.742365,0.631563,0.065653,0.159920
train_392,41,24,0.491141,0.716008,0.022450,0.205823
train_392,42,25,0.471128,0.728035,0.025785,0.226597
train_392,43,26,0.448678,0.738968,0.027581,0.255024
train_392,44,27,0.425394,0.727215,0.036690,0.244637
train_392,45,28,0.400892,0.718741,0.050801,0.224410
train_392,46,29,0.353683,0.714778,0.096984,0.245457
train_392,47,30,0.310322,0.681704,0.088004,0.215937
train_392,48,31,0.256956,0.652593,0.087491,0.167556
train_393,11,0,0.464638,0.420722,0.043649,0.272797
train_393,12,1,0.431111,0.424565,0.038588,0.252305
train_393,13,2,0.402961,0.420722,0.034160,0.239498
train_393,15,4,0.356465,0.407915,0.032262,0.211322
train_393,16,5,0.322305,0.403432,0.048710,0.210041
train_393,17,6,0.284350,0.390625,0.062627,0.181865
train_393,18,7,0.266005,0.320184,0.051240,0.146004
train_393,21,8,0.503859,0.426486,0.037323,0.258709
train_393,22,9,0.535488,0.433530,0.033527,0.236936
train_393,23,10,0.561108,0.419442,0.029099,0.242059
train_393,24,11,0.589891,0.412398,0.041118,0.233094
train_393,25,12,0.612032,0.392546,0.030997,0.242059
train_393,26,13,0.642396,0.386783,0.044914,0.251025
train_393,27,14,0.673077,0.359247,0.065789,0.229252
train_393,28,15,0.685412,0.292008,0.065157,0.158811
train_393,31,16,0.504491,0.658299,0.030997,0.156250
train_393,32,17,0.529479,0.663422,0.036690,0.169057
train_393,33,18,0.560476,0.653176,0.056933,0.212602
train_393,34,19,0.587045,0.655738,0.051872,0.238217
train_393,35,20,0.606971,0.635886,0.058831,0.195953
train_393,36,21,0.651569,0.621798,0.083502,0.201076
train_393,37,22,0.688575,0.582095,0.070218,0.208760
train_393,38,23,0.732224,0.557121,0.070218,0.176742
train_393,41,24,0.479820,0.661501,0.024671,0.160092
train_393,42,25,0.457680,0.662141,0.028467,0.181865
train_393,43,26,0.420357,0.671107,0.041118,0.220287
train_393,44,27,0.397267,0.654457,0.034160,0.212602
train_393,45,28,0.366903,0.642930,0.055668,0.217725
train_393,46,29,0.324836,0.637167,0.063892,0.203637
train_393,47,30,0.281503,0.586578,0.079706,0.199795
train_393,48,31,0.243231,0.556481,0.063892,0.162654
train_394,11,0,0.484485,0.406370,0.036871,0.303951
train_394,12,1,0.461256,0.398110,0.033184,0.287432
train_394,13,2,0.444286,0.388279,0.033094,0.281711
train_394,14,3,0.431049,0.377159,0.038058,0.285418
train_394,15,4,0.414502,0.382719,0.036403,0.237230
train_394,16,5,0.393404,0.380866,0.055432,0.233524
train_394,17,6,0.353278,0.383646,0.061224,0.205723
train_394,18,7,0.334249,0.315998,0.066188,0.159389
train_394,21,8,0.512129,0.423493,0.033094,0.259471
train_394,22,9,0.539845,0.423493,0.028957,0.248351
train_394,23,10,0.562184,0.404960,0.032267,0.263177
train_394,24,11,0.581213,0.396619,0.030612,0.276151
train_394,25,12,0.600655,0.394766,0.026475,0.227964
train_394,26,13,0.631681,0.391059,0.043849,0.231670
train_394,27,14,0.664775,0.383646,0.053778,0.216843
train_394,28,15,0.673048,0.258544,0.068670,0.207577
train_394,31,16,0.510474,0.674624,0.026475,0.198310
train_394,32,17,0.527435,0.685744,0.027303,0.224257
train_394,33,18,0.549360,0.687597,0.029785,0.250204
train_394,34,19,0.579558,0.682964,0.045504,0.237230
train_394,35,20,0.600655,0.669990,0.056260,0.255764
train_394,36,21,0.632922,0.670917,0.079425,0.272444
train_394,37,22,0.674703,0.642190,0.085217,0.266884
train_394,38,23,0.712347,0.630143,0.067843,0.231670
train_394,41,24,0.493100,0.682964,0.028130,0.218697
train_394,42,25,0.476553,0.685744,0.034749,0.213137
train_394,43,26,0.453387,0.692231,0.029785,0.248351
train_394,44,27,0.436427,0.685744,0.028957,0.279858
train_394,45,28,0.417811,0.654237,0.059569,0.253911
train_394,46,29,0.384304,0.652383,0.062051,0.261324
train_394,47,30,0.347487,0.633850,0.086044,0.257617
train_394,48,31,0.308601,0.586589,0.074461,0.233524
train_395,11,0,0.483744,0.449460,0.033591,0.223113
train_395,12,1,0.459196,0.445418,0.024363,0.223113
train_395,13,2,0.438710,0.445822,0.030638,0.228772
train_395,14,3,0.425237,0.463607,0.033960,0.180269
train_395,16,5,0.385740,0.449864,0.047249,0.210988
train_395,17,6,0.346981,0.447035,0.050202,0.205329
train_395,18,7,0.310807,0.423996,0.054631,0.235239
train_395,21,8,0.519549,0.442589,0.038020,0.246556
train_395,22,9,0.545858,0.452854,0.026279,0.217348
train_395,23,10,0.571116,0.425476,0.023217,0.235227
train_395,25,12,0.615806,0.443781,0.034016,0.152599
train_395,27,14,0.670641,0.465893,0.042662,0.208032
train_395,31,16,0.523533,0.697747,0.030616,0.219024
train_395,32,17,0.542720,0.698641,0.022452,0.227964
train_395,33,18,0.569253,0.708028,0.033065,0.252101
train_395,34,19,0.591909,0.691489,0.030208,0.226176
train_395,35,20,0.611299,0.682997,0.033882,0.227070
train_395,36,21,0.642528,0.683444,0.051435,0.215448
train_395,41,24,0.501940,0.690367,0.027601,0.206376
train_395,42,25,0.482225,0.703319,0.036275,0.235735
train_395,43,26,0.456385,0.719631,0.033489,0.262094
train_395,44,27,0.434543,0.704452,0.042046,0.250313
train_395,46,29,0.393508,0.689680,0.063584,0.235924
train_395,47,30,0.351507,0.671336,0.068793,0.220695
train_395,48,31,0.288499,0.623626,0.094637,0.131102
train_396,11,0,0.505959,0.393919,0.051984,0.273211
train_396,12,1,0.469824,0.401173,0.040573,0.244197
train_396,13,2,0.431786,0.380621,0.045645,0.265957
train_396,14,3,0.398821,0.393919,0.040573,0.234526
train_396,15,4,0.370293,0.387875,0.036769,0.227273
train_396,16,5,0.327693,0.389522,0.062330,0.200056
train_396,17,6,0.284186,0.380696,0.062947,0.210648
train_396,18,7,0.262895,0.314795,0.068501,0.180051
train_396,21,8,0.548315,0.385991,0.058627,0.287140
train_396,22,9,0.581639,0.403055,0.064798,0.253013
train_396,23,10,0.626381,0.373047,0.056775,0.237714
train_396,24,11,0.649832,0.416588,0.067884,0.211825
train_396,25,12,0.679145,0.428356,0.056158,0.228300
train_396,26,13,0.719258,0.433652,0.058627,0.217709
train_396,27,14,0.761222,0.421884,0.061712,0.213001
train_396,28,15,0.793930,0.396583,0.072821,0.197703
train_396,31,16,0.560588,0.644882,0.034529,0.210442
train_396,32,17,0.587670,0.639073,0.034529,0.211733
train_396,33,18,0.617459,0.655211,0.041299,0.267249
train_396,34,19,0.652666,0.653920,0.049424,0.241427
train_396,35,20,0.696520,0.676503,0.075270,0.196302
train_396,36,21,0.722255,0.631121,0.100175,0.189970
train_396,37,22,0.774437,0.624039,0.081077,0.225904
train_396,38,23,0.822747,0.616829,0.064274,0.206678
train_396,41,24,0.533515,0.644466,0.031927,0.212285
train_396,42,25,0.508099,0.644066,0.040749,0.209882
train_396,43,26,0.464620,0.650875,0.063014,0.253941
train_396,44,27,0.433323,0.627644,0.055872,0.228307
train_396,45,28,0.395515,0.634052,0.052091,0.244328
train_396,47,30,0.306246,0.604813,0.096201,0.235517
train_396,48,31,0.258986,0.574772,0.069735,0.202672
train_397,11,0,0.490721,0.393755,0.039130,0.231418
train_397,12,1,0.465566,0.394619,0.028748,0.246960
train_397,13,2,0.444404,0.392028,0.039130,0.245233
train_397,14,3,0.422842,0.383393,0.042324,0.241779
train_397,15,4,0.395691,0.365260,0.042324,0.246960
train_397,16,5,0.359356,0.368714,0.063886,0.243506
train_397,17,6,0.321823,0.358352,0.046317,0.174427
train_397,18,7,0.279100,0.360079,0.043921,0.184789
train_397,21,8,0.521865,0.400663,0.032741,0.207240
train_397,22,9,0.539833,0.398936,0.027151,0.234872
train_397,23,10,0.568581,0.384257,0.030346,0.253868
train_397,24,11,0.592937,0.379076,0.037533,0.243506
train_397,25,12,0.618891,0.373031,0.040727,0.224510
train_397,27,14,0.695554,0.342809,0.056698,0.212421
train_397,28,15,0.730691,0.337628,0.039130,0.184789
train_397,33,18,0.566185,0.628627,0.039130,0.222783
train_397,34,19,0.594135,0.622582,0.056698,0.214148
train_397,35,20,0.618891,0.611357,0.055101,0.233145
train_397,37,22,0.708331,0.558683,0.095030,0.227964
train_397,38,23,0.749856,0.503419,0.091835,0.193424
train_397,43,26,0.458379,0.627763,0.031144,0.221056
train_397,44,27,0.430429,0.620855,0.034338,0.234872
train_397,45,28,0.404076,0.614811,0.032741,0.226237
train_397,47,30,0.311043,0.581998,0.089440,0.202059
train_397,48,31,0.268319,0.542277,0.094231,0.198605
train_398,11,0,0.475462,0.279445,0.050857,0.316164
train_398,12,1,0.449079,0.284873,0.037507,0.302594
train_398,13,2,0.408076,0.307941,0.067385,0.305308
train_398,14,3,0.375973,0.332365,0.070564,0.302594
train_398,16,5,0.306044,0.399533,0.080735,0.246960
train_398,17,6,0.258048,0.421922,0.067385,0.223893
train_398,18,7,0.220223,0.442955,0.048950,0.189970
train_398,21,8,0.514876,0.275375,0.043228,0.321591
train_398,22,9,0.543801,0.284195,0.040050,0.312093
train_398,23,10,0.589254,0.318796,0.066114,0.289025
train_398,24,11,0.614365,0.335079,0.066750,0.302594
train_398,25,12,0.655368,0.348649,0.081371,0.316164
train_398,26,13,0.697007,0.398855,0.094721,0.256459
train_398,27,14,0.742460,0.407675,0.080100,0.255102
train_398,28,15,0.784417,0.432778,0.061028,0.210323
train_398,31,16,0.519326,0.601715,0.026700,0.295810
train_398,32,17,0.540622,0.603072,0.032421,0.274099
train_398,33,18,0.556197,0.632246,0.030514,0.318878
train_398,34,19,0.582897,0.626140,0.038143,0.303951
train_398,35,20,0.612775,0.635638,0.048314,0.284954
train_398,36,21,0.656322,0.653278,0.070564,0.271385
train_398,37,22,0.720211,0.663455,0.076285,0.261887
train_398,38,23,0.769478,0.645137,0.057850,0.230677
train_398,41,24,0.499936,0.594931,0.023521,0.260530
train_398,42,25,0.478004,0.603751,0.026700,0.297167
train_398,43,26,0.457979,0.613249,0.032421,0.308022
train_398,44,27,0.430962,0.619355,0.038143,0.287668
train_398,45,28,0.402990,0.629532,0.043228,0.264601
train_398,46,29,0.354994,0.651921,0.070564,0.293096
train_398,47,30,0.290787,0.668883,0.078193,0.270028
train_398,48,31,0.239612,0.652600,0.061028,0.229320
train_399,11,0,0.511099,0.528071,0.027747,0.219024
train_399,12,1,0.489298,0.519131,0.029729,0.210084
train_399,13,2,0.471956,0.497899,0.028738,0.198909
train_399,14,3,0.451641,0.490077,0.039638,0.214554
train_399,15,4,0.426371,0.494547,0.032702,0.187735
train_399,16,5,0.403579,0.486724,0.052521,0.207849
train_399,17,6,0.378805,0.462140,0.068376,0.189970
train_399,18,7,0.375832,0.395092,0.086214,0.149741
train_399,21,8,0.535873,0.512426,0.025765,0.210084
train_399,22,9,0.558665,0.509074,0.035675,0.185500
train_399,23,10,0.583439,0.497899,0.039638,0.185500
train_399,24,11,0.603258,0.492312,0.031711,0.205614
train_399,25,12,0.628528,0.484490,0.034684,0.203379
train_399,26,13,0.648347,0.481137,0.042611,0.205614
train_399,27,14,0.662716,0.388387,0.055494,0.172090
train_399,31,16,0.517540,0.735920,0.018828,0.205614
train_399,32,17,0.534386,0.723628,0.014864,0.194439
train_399,33,18,0.558665,0.733685,0.027747,0.192205
train_399,34,19,0.578980,0.730333,0.028738,0.203379
train_399,35,20,0.615645,0.730333,0.058467,0.189970
train_399,36,21,0.649834,0.705748,0.065404,0.176560
train_399,37,22,0.683031,0.661050,0.070358,0.189970
train_399,38,23,0.737534,0.614116,0.068376,0.136331
train_399,41,24,0.501685,0.732567,0.018828,0.216789
train_399,42,25,0.483847,0.719158,0.020810,0.198909
train_399,43,26,0.467001,0.724745,0.034684,0.196674
train_399,44,27,0.441731,0.716923,0.025765,0.216789
train_399,45,28,0.411507,0.728098,0.036666,0.212319
train_399,47,30,0.342635,0.659932,0.085223,0.183265
train_399,48,31,0.294573,0.616351,0.074322,0.131861
train_4,11,0,0.489390,0.448713,0.037594,0.254896
train_4,12,1,0.463958,0.446789,0.023883,0.254896
train_4,13,2,0.444719,0.453041,0.024326,0.257782
train_4,14,3,0.429460,0.455446,0.034498,0.256820
train_4,15,4,0.407567,0.464103,0.033171,0.252972
train_4,16,5,0.381472,0.477088,0.045555,0.232773
train_4,17,6,0.347637,0.479012,0.043344,0.250087
train_4,21,8,0.519244,0.439575,0.032729,0.259705
train_4,22,9,0.543127,0.443904,0.025653,0.233735
train_4,23,10,0.565463,0.449194,0.027864,0.234697
train_4,24,11,0.588240,0.465065,0.034498,0.218345
train_4,25,12,0.611239,0.472760,0.031845,0.218345
train_4,27,14,0.668958,0.481417,0.045555,0.216421
train_4,28,15,0.704783,0.481417,0.041133,0.197184
train_4,31,16,0.517696,0.706014,0.022557,0.217383
train_4,32,17,0.537378,0.707937,0.030075,0.219307
train_4,33,18,0.560598,0.744008,0.034056,0.251048
train_4,34,19,0.584702,0.745450,0.035383,0.259705
train_4,35,20,0.611461,0.742084,0.047325,0.249125
train_4,36,21,0.650382,0.723327,0.072093,0.228925
train_4,37,22,0.710090,0.718518,0.101284,0.234697
train_4,41,24,0.500447,0.710823,0.025210,0.230849
train_4,42,25,0.478775,0.708418,0.029633,0.214497
train_4,43,26,0.460641,0.740160,0.032287,0.241430
train_4,44,27,0.438306,0.748817,0.031845,0.258743
train_4,45,28,0.415970,0.751222,0.040248,0.253934
train_4,46,29,0.377491,0.746893,0.073862,0.231811
train_4,47,30,0.326849,0.730060,0.093765,0.232773
train_40,11,0,0.467739,0.440919,0.033278,0.308022
train_40,12,1,0.435403,0.430743,0.038929,0.309379
train_40,13,2,0.411543,0.438884,0.035162,0.317521
train_40,14,3,0.391765,0.425315,0.042069,0.309379
train_40,17,6,0.292558,0.408353,0.053371,0.259173
train_40,18,7,0.255827,0.417173,0.047720,0.227964
train_40,21,8,0.502273,0.441598,0.042069,0.282241
train_40,22,9,0.528644,0.453132,0.029511,0.272742
train_40,23,10,0.555330,0.445669,0.028883,0.312093
train_40,24,11,0.581387,0.434813,0.040813,0.314807
train_40,27,14,0.685302,0.411067,0.053998,0.251031
train_40,28,15,0.722034,0.396819,0.045836,0.219822
train_40,31,16,0.497878,0.736729,0.025743,0.267314
train_40,32,17,0.513261,0.720446,0.020092,0.232034
train_40,33,18,0.536179,0.740800,0.028255,0.280884
train_40,34,19,0.566945,0.744871,0.047092,0.256459
train_40,35,20,0.604305,0.736729,0.069068,0.256459
train_40,36,21,0.643234,0.710269,0.101718,0.268671
train_40,37,22,0.694407,0.668205,0.094811,0.238819
train_40,38,23,0.730510,0.632246,0.061533,0.215751
train_40,41,24,0.478727,0.747585,0.031394,0.275456
train_40,42,25,0.462716,0.755048,0.045836,0.276813
train_40,43,26,0.443879,0.750977,0.034534,0.298524
train_40,44,27,0.411229,0.753691,0.030767,0.271385
train_40,45,28,0.384544,0.741479,0.051487,0.271385
train_40,46,29,0.353149,0.689915,0.069068,0.233391
train_40,47,30,0.306372,0.672275,0.079742,0.222536
train_40,48,31,0.253629,0.645137,0.068440,0.225250
train_400,11,0,0.485088,0.445891,0.027456,0.268108
train_400,12,1,0.469125,0.448042,0.028733,0.249470
train_400,13,2,0.448054,0.445891,0.031287,0.250903
train_400,14,3,0.432411,0.445891,0.037033,0.256638
train_400,15,4,0.417406,0.446608,0.038949,0.246602
train_400,16,5,0.392504,0.463096,0.051719,0.213626
train_400,17,6,0.366325,0.452343,0.044057,0.226530
train_400,21,8,0.507116,0.449475,0.025540,0.266674
train_400,22,9,0.530741,0.456644,0.024263,0.238000
train_400,23,10,0.550854,0.475999,0.030010,0.219361
train_400,24,11,0.566178,0.471698,0.036395,0.227964
train_400,26,13,0.612151,0.488186,0.042780,0.217927
train_400,27,14,0.641522,0.478150,0.036395,0.220795
train_400,31,16,0.507116,0.686041,0.017878,0.194988
train_400,32,17,0.522760,0.698228,0.022348,0.227964
train_400,33,18,0.542553,0.716866,0.030010,0.256638
train_400,34,19,0.565540,0.725469,0.030010,0.268108
train_400,35,20,0.586930,0.731204,0.031925,0.262373
train_400,37,22,0.646950,0.710415,0.079175,0.209325
train_400,38,23,0.683664,0.667403,0.087476,0.180650
train_400,41,24,0.488599,0.695360,0.019155,0.210759
train_400,42,25,0.472637,0.701812,0.021709,0.226530
train_400,43,26,0.455397,0.705397,0.022986,0.225096
train_400,44,27,0.436242,0.694644,0.033202,0.238000
train_400,45,28,0.414852,0.706830,0.036395,0.250903
train_400,46,29,0.384203,0.699662,0.068320,0.230831
train_400,47,30,0.347489,0.675288,0.070236,0.225096
train_401,11,0,0.487487,0.461246,0.047233,0.244681
train_401,12,1,0.459640,0.458967,0.038068,0.237082
train_401,13,2,0.426154,0.455167,0.041593,0.265957
train_401,14,3,0.400775,0.472644,0.050053,0.215805
train_401,15,4,0.370462,0.474924,0.044413,0.196049
train_401,16,5,0.329221,0.466565,0.056398,0.221884
train_401,17,6,0.282693,0.469605,0.049348,0.224924
train_401,18,7,0.242510,0.463526,0.057808,0.218845
train_401,21,8,0.531195,0.460486,0.043003,0.255319
train_401,22,9,0.566091,0.455167,0.035249,0.259878
train_401,23,10,0.597815,0.450608,0.035249,0.262918
train_401,24,11,0.620374,0.470365,0.040888,0.226444
train_401,25,12,0.649630,0.480243,0.038773,0.212766
train_401,26,13,0.682059,0.467325,0.055693,0.232523
train_401,27,14,0.724709,0.486322,0.047938,0.227964
train_401,28,15,0.758900,0.471884,0.057103,0.196049
train_401,31,16,0.520973,0.729483,0.028199,0.246201
train_401,32,17,0.546704,0.721884,0.038773,0.231003
train_401,33,18,0.576313,0.729483,0.030314,0.255319
train_401,34,19,0.605922,0.720365,0.034544,0.224924
train_401,35,20,0.645048,0.712006,0.047938,0.208207
train_401,36,21,0.682059,0.705927,0.062742,0.202128
train_401,37,22,0.731406,0.687690,0.058513,0.180851
train_401,41,24,0.493127,0.735562,0.034544,0.255319
train_401,42,25,0.464928,0.727964,0.033134,0.255319
train_401,43,26,0.434614,0.729483,0.040183,0.264438
train_401,44,27,0.403243,0.713526,0.036658,0.238602
train_401,45,28,0.372224,0.707447,0.046528,0.229483
train_401,46,29,0.329221,0.693769,0.067677,0.208207
train_401,47,30,0.281636,0.680091,0.068382,0.186930
train_402,11,0,0.488058,0.391409,0.026601,0.291048
train_402,12,1,0.470640,0.383524,0.027235,0.278144
train_402,13,2,0.451006,0.369903,0.028501,0.308253
train_402,14,3,0.436439,0.370620,0.033568,0.306819
train_402,15,4,0.419971,0.354849,0.032302,0.298216
train_402,16,5,0.397803,0.365602,0.039902,0.242301
train_402,17,6,0.369619,0.341945,0.053203,0.255204
train_402,18,7,0.339217,0.307536,0.059536,0.252337
train_402,21,8,0.514976,0.385674,0.028501,0.299650
train_402,22,9,0.535560,0.374921,0.022801,0.289614
train_402,23,10,0.558678,0.379939,0.028501,0.305385
train_402,24,11,0.575462,0.380656,0.030401,0.289614
train_402,25,12,0.594463,0.370620,0.031668,0.283879
train_402,26,13,0.611564,0.367036,0.041802,0.270976
train_402,27,14,0.642916,0.355566,0.043702,0.253771
train_402,28,15,0.670150,0.348397,0.056369,0.213626
train_402,31,16,0.510542,0.648047,0.022168,0.205024
train_402,32,17,0.527960,0.655933,0.020268,0.220795
train_402,33,18,0.549811,0.675288,0.028501,0.259506
train_402,34,19,0.577046,0.668120,0.048769,0.265241
train_402,35,20,0.590663,0.666686,0.036735,0.256638
train_402,36,21,0.628665,0.632276,0.064603,0.233698
train_402,37,22,0.657483,0.597150,0.081704,0.232265
train_402,38,23,0.701818,0.548403,0.088038,0.206458
train_402,41,24,0.494392,0.659517,0.024068,0.230831
train_402,42,25,0.482674,0.655933,0.027235,0.229397
train_402,43,26,0.464940,0.672421,0.033568,0.270976
train_402,44,27,0.443722,0.662385,0.032935,0.250903
train_402,45,28,0.425672,0.648047,0.032302,0.265241
train_402,46,29,0.393370,0.628692,0.075370,0.249470
train_402,47,30,0.357902,0.596433,0.077904,0.239433
train_402,48,31,0.308182,0.535499,0.095005,0.220795
train_403,11,0,0.481086,0.428407,0.032262,0.252305
train_403,12,1,0.453252,0.420722,0.027201,0.254867
train_403,13,2,0.429846,0.416240,0.033527,0.248463
train_403,14,3,0.411501,0.416240,0.033527,0.230533
train_403,15,4,0.389360,0.430968,0.028467,0.203637
train_403,16,5,0.360261,0.436732,0.043649,0.194672
train_403,17,6,0.321989,0.437372,0.037955,0.190830
train_403,18,7,0.287829,0.430328,0.037955,0.189549
train_403,21,8,0.506073,0.430328,0.029099,0.258709
train_403,22,9,0.528846,0.423284,0.030364,0.265113
train_403,23,10,0.553834,0.410476,0.025936,0.244621
train_403,24,11,0.569016,0.407275,0.027201,0.256148
train_403,25,12,0.589891,0.405994,0.033527,0.243340
train_403,26,13,0.613297,0.394467,0.043649,0.240779
train_403,27,14,0.646508,0.387423,0.039221,0.247182
train_403,28,15,0.679403,0.387423,0.048077,0.236936
train_403,31,16,0.499431,0.649974,0.017080,0.142162
train_403,32,17,0.515878,0.663422,0.024671,0.171619
train_403,33,18,0.539284,0.696081,0.029732,0.270236
train_403,34,19,0.555415,0.703765,0.030364,0.272797
train_403,35,20,0.574076,0.665343,0.033527,0.203637
train_403,36,21,0.611399,0.661501,0.065157,0.231814
train_403,37,22,0.654415,0.652536,0.072748,0.213883
train_403,41,24,0.479188,0.665343,0.023406,0.180584
train_403,42,25,0.465271,0.669185,0.022141,0.183145
train_403,43,26,0.444395,0.692239,0.024671,0.257428
train_403,44,27,0.419092,0.686475,0.027201,0.222848
train_403,45,28,0.400746,0.681993,0.032262,0.213883
train_403,46,29,0.362475,0.676230,0.073381,0.220287
train_403,47,30,0.319775,0.676870,0.067687,0.226691
train_403,48,31,0.289727,0.646773,0.056933,0.194672
train_404,11,0,0.468016,0.403459,0.032056,0.302745
train_404,12,1,0.447714,0.405268,0.036330,0.284653
train_404,13,2,0.426076,0.374512,0.033659,0.336518
train_404,14,3,0.384671,0.417933,0.026713,0.244850
train_404,15,4,0.365170,0.410696,0.034727,0.259324
train_404,16,5,0.329107,0.389588,0.071592,0.270179
train_404,21,8,0.493394,0.415521,0.033659,0.293096
train_404,22,9,0.521443,0.404062,0.024576,0.301539
train_404,23,10,0.544950,0.390795,0.028850,0.318425
train_404,24,11,0.560978,0.402856,0.042741,0.270179
train_404,25,12,0.581815,0.406475,0.036330,0.262942
train_404,26,13,0.608528,0.385970,0.056632,0.284653
train_404,27,14,0.653406,0.372099,0.056632,0.261736
train_404,31,16,0.495798,0.683287,0.021371,0.220727
train_404,32,17,0.515032,0.680272,0.025645,0.248468
train_404,33,18,0.537471,0.668814,0.028850,0.240025
train_404,34,19,0.558307,0.674844,0.036330,0.276210
train_404,35,20,0.579143,0.645897,0.041673,0.230376
train_404,37,22,0.661153,0.623583,0.096702,0.246056
train_404,41,24,0.479236,0.685097,0.022439,0.226757
train_404,42,25,0.461605,0.677257,0.023508,0.240025
train_404,43,26,0.439967,0.694746,0.027248,0.265354
train_404,44,27,0.422069,0.685700,0.034193,0.264148
train_404,45,28,0.405507,0.668814,0.041673,0.249674
train_404,46,29,0.364903,0.669417,0.090825,0.265354
train_404,47,30,0.328573,0.634438,0.101510,0.229170
train_405,11,0,0.475392,0.429047,0.028467,0.245902
train_405,12,1,0.451670,0.433530,0.034160,0.224129
train_405,13,2,0.427948,0.425845,0.027201,0.234375
train_405,14,3,0.405175,0.431609,0.039853,0.217725
train_405,15,4,0.381452,0.441855,0.036690,0.194672
train_405,16,5,0.351088,0.452100,0.049342,0.169057
train_405,17,6,0.312500,0.442495,0.049342,0.154969
train_405,21,8,0.501328,0.434170,0.027201,0.248463
train_405,22,9,0.525051,0.455943,0.024038,0.207480
train_405,23,10,0.546875,0.448899,0.032262,0.226691
train_405,24,11,0.564588,0.449539,0.030997,0.210041
train_405,25,12,0.586728,0.459785,0.038588,0.184426
train_405,26,13,0.614879,0.441214,0.035425,0.198514
train_405,27,14,0.651253,0.444416,0.039853,0.176742
train_405,31,16,0.495635,0.652536,0.018345,0.162654
train_405,32,17,0.512082,0.671747,0.022141,0.195953
train_405,33,18,0.530744,0.676230,0.022773,0.222848
train_405,34,19,0.550987,0.685195,0.026569,0.233094
train_405,35,20,0.573444,0.667905,0.032262,0.190830
train_405,36,21,0.607920,0.651895,0.061994,0.199795
train_405,37,22,0.641447,0.635246,0.061994,0.179303
train_405,41,24,0.479504,0.671107,0.017713,0.186988
train_405,42,25,0.462740,0.671107,0.030997,0.207480
train_405,43,26,0.438069,0.681352,0.037323,0.230533
train_405,44,27,0.416878,0.671747,0.037955,0.216445
train_405,45,28,0.398216,0.664703,0.041118,0.217725
train_405,46,29,0.362475,0.653176,0.058198,0.199795
train_405,47,30,0.314081,0.627561,0.081604,0.174180
train_405,48,31,0.283717,0.597464,0.068952,0.172900
train_406,11,0,0.486593,0.436001,0.038918,0.215299
train_406,12,1,0.456431,0.446555,0.025297,0.223742
train_406,13,2,0.424810,0.454998,0.041837,0.215299
train_406,14,3,0.399027,0.431780,0.036972,0.253293
train_406,15,4,0.371298,0.432835,0.032107,0.246960
train_406,17,6,0.307570,0.418060,0.044756,0.208967
train_406,18,7,0.268165,0.405395,0.041837,0.183637
train_406,21,8,0.524051,0.449721,0.041837,0.200523
train_406,22,9,0.557132,0.453943,0.034053,0.200523
train_406,23,10,0.583888,0.446555,0.029189,0.215299
train_406,24,11,0.612104,0.446555,0.040864,0.219520
train_406,25,12,0.641779,0.439168,0.030162,0.204745
train_406,26,13,0.677291,0.430724,0.050594,0.204745
train_406,27,14,0.715236,0.419115,0.052539,0.194191
train_406,28,15,0.745398,0.392730,0.054485,0.166751
train_406,31,16,0.511889,0.667131,0.029189,0.192080
train_406,32,17,0.533294,0.677685,0.021405,0.187859
train_406,33,18,0.557132,0.676630,0.020432,0.177305
train_406,34,19,0.584861,0.693516,0.025297,0.232185
train_406,35,20,0.616968,0.688239,0.033080,0.221631
train_406,36,21,0.669994,0.681906,0.047675,0.208967
train_406,37,22,0.714750,0.652356,0.063242,0.221631
train_406,38,23,0.745884,0.614362,0.051566,0.179416
train_406,41,24,0.490485,0.666076,0.015567,0.185748
train_406,42,25,0.471512,0.672408,0.022378,0.177305
train_406,43,26,0.446702,0.681906,0.025297,0.213188
train_406,44,27,0.422378,0.689294,0.033080,0.215299
train_406,45,28,0.389784,0.693516,0.034053,0.223742
train_406,46,29,0.342596,0.662909,0.054485,0.213188
train_406,47,30,0.302218,0.646023,0.074917,0.196302
train_406,48,31,0.258435,0.600642,0.057404,0.189970
train_407,11,0,0.485867,0.473974,0.033903,0.254559
train_407,12,1,0.459008,0.482523,0.031261,0.237462
train_407,13,2,0.433031,0.467800,0.036545,0.261208
train_407,15,4,0.378875,0.467325,0.040067,0.269757
train_407,16,5,0.327360,0.463051,0.078813,0.270707
train_407,17,6,0.292136,0.492971,0.075291,0.245061
train_407,21,8,0.517788,0.477774,0.035224,0.245061
train_407,22,9,0.548829,0.466850,0.031261,0.251710
train_407,23,10,0.577888,0.462101,0.036545,0.265008
train_407,25,12,0.629623,0.464951,0.036985,0.238412
train_407,26,13,0.670350,0.453078,0.057679,0.233663
train_407,31,16,0.523512,0.717135,0.037865,0.214666
train_407,32,17,0.551250,0.725684,0.046671,0.248860
train_407,33,18,0.576127,0.730433,0.050634,0.248860
train_407,34,19,0.607388,0.730433,0.055037,0.248860
train_407,36,21,0.685100,0.695289,0.082776,0.222264
train_407,37,22,0.714600,0.643522,0.077492,0.211816
train_407,41,24,0.504579,0.729483,0.039627,0.222264
train_407,42,25,0.483225,0.718560,0.036545,0.209916
train_407,43,26,0.459889,0.727584,0.035664,0.227964
train_407,44,27,0.438535,0.738032,0.035224,0.264058
train_407,45,28,0.411677,0.731383,0.057238,0.250760
train_407,47,30,0.345192,0.712861,0.101268,0.211816
train_408,11,0,0.479026,0.373833,0.047125,0.251031
train_408,12,1,0.453893,0.381296,0.034558,0.252388
train_408,13,2,0.428132,0.385367,0.044611,0.255102
train_408,14,3,0.408968,0.398258,0.040213,0.256459
train_408,15,4,0.384148,0.399615,0.034558,0.272742
train_408,16,5,0.347077,0.411827,0.054665,0.245604
train_408,17,6,0.310634,0.411827,0.048381,0.215751
train_408,18,7,0.270107,0.396222,0.051523,0.208967
train_408,21,8,0.512956,0.369084,0.032045,0.252388
train_408,22,9,0.540917,0.369084,0.028903,0.252388
train_408,23,10,0.572333,0.376547,0.037700,0.251031
train_408,24,11,0.596838,0.373833,0.045240,0.261887
train_408,25,12,0.625113,0.369762,0.037700,0.264601
train_408,26,13,0.658415,0.390116,0.052780,0.234748
train_408,27,14,0.702084,0.389438,0.058435,0.225250
train_408,28,15,0.739469,0.366370,0.056550,0.238819
train_408,31,16,0.513584,0.637077,0.025762,0.237462
train_408,32,17,0.534634,0.627578,0.026390,0.226607
train_408,33,18,0.559767,0.656752,0.037700,0.271385
train_408,34,19,0.585214,0.663537,0.032045,0.290382
train_408,35,20,0.614117,0.644540,0.040841,0.246960
train_408,36,21,0.655273,0.652003,0.067860,0.256459
train_408,37,22,0.711823,0.641147,0.086710,0.237462
train_408,38,23,0.760204,0.592977,0.091736,0.211680
train_408,41,24,0.498190,0.654717,0.028903,0.275456
train_408,42,25,0.478084,0.642504,0.028903,0.267314
train_408,43,26,0.455464,0.665572,0.026390,0.253745
train_408,44,27,0.430959,0.680498,0.033930,0.261887
train_408,45,28,0.409282,0.679820,0.039585,0.274099
train_408,46,29,0.369069,0.677784,0.069745,0.270028
train_408,47,30,0.317860,0.639790,0.089223,0.232034
train_408,48,31,0.271049,0.595690,0.088595,0.192683
train_409,11,0,0.489510,0.485153,0.025900,0.198737
train_409,12,1,0.472028,0.471271,0.023310,0.188508
train_409,13,2,0.454545,0.450812,0.025900,0.185586
train_409,14,3,0.440624,0.437661,0.025253,0.179740
train_409,15,4,0.423142,0.423048,0.025253,0.185586
train_409,17,6,0.386083,0.373522,0.049383,0.190814
train_409,18,7,0.362514,0.317798,0.050131,0.197568
train_409,21,8,0.513655,0.456265,0.021698,0.224586
train_409,22,9,0.531238,0.446133,0.023943,0.200946
train_409,23,10,0.548447,0.434313,0.029929,0.221209
train_409,24,11,0.569398,0.426714,0.028432,0.182371
train_409,25,12,0.586607,0.406451,0.028432,0.172239
train_409,26,13,0.609428,0.376900,0.038159,0.217832
train_409,27,14,0.634119,0.332151,0.051627,0.209389
train_409,28,15,0.650580,0.250253,0.047138,0.150287
train_409,31,16,0.521137,0.679162,0.033670,0.204323
train_409,32,17,0.539469,0.682540,0.031425,0.187437
train_409,33,18,0.556678,0.656366,0.032922,0.202634
train_409,34,19,0.580621,0.620905,0.035915,0.189125
train_409,35,20,0.598204,0.603175,0.038159,0.170550
train_409,37,22,0.671904,0.532253,0.073326,0.157042
train_409,38,23,0.717920,0.489193,0.059110,0.121581
train_409,41,24,0.499813,0.675785,0.023943,0.173928
train_409,42,25,0.481856,0.686761,0.019454,0.206011
train_409,43,26,0.462402,0.674097,0.025440,0.224586
train_409,44,27,0.442948,0.652989,0.025440,0.192503
train_409,45,28,0.415264,0.628504,0.034418,0.170550
train_409,47,30,0.377478,0.577001,0.081556,0.178994
train_409,48,31,0.327722,0.536474,0.061354,0.124958
train_41,11,0,0.486480,0.522483,0.025473,0.212319
train_41,12,1,0.463946,0.503487,0.021554,0.196674
train_41,13,2,0.447780,0.486724,0.030372,0.194439
train_41,14,3,0.429655,0.482255,0.029392,0.207849
train_41,15,4,0.408100,0.478902,0.039190,0.196674
train_41,16,5,0.385566,0.439791,0.045068,0.248078
train_41,17,6,0.359114,0.419676,0.048987,0.212319
train_41,21,8,0.511463,0.491194,0.028412,0.230198
train_41,22,9,0.535956,0.480020,0.024493,0.239138
train_41,23,10,0.554571,0.471080,0.020575,0.225729
train_41,24,11,0.570737,0.459905,0.021554,0.212319
train_41,25,12,0.591312,0.444261,0.027433,0.239138
train_41,26,13,0.608947,0.440908,0.037230,0.219024
train_41,27,14,0.633440,0.414089,0.045068,0.192205
train_41,31,16,0.514892,0.710218,0.027433,0.189970
train_41,32,17,0.535956,0.714688,0.018615,0.185500
train_41,33,18,0.559960,0.705748,0.041149,0.198909
train_41,34,19,0.581514,0.693456,0.037230,0.196674
train_41,35,20,0.604538,0.680046,0.044088,0.178795
train_41,36,21,0.636870,0.649875,0.048007,0.194439
train_41,37,22,0.674100,0.599589,0.073480,0.174325
train_41,41,24,0.497747,0.711336,0.016656,0.187735
train_41,42,25,0.475702,0.711336,0.023514,0.187735
train_41,43,26,0.460027,0.705748,0.023514,0.207849
train_41,44,27,0.433574,0.692339,0.021554,0.189970
train_41,45,28,0.413979,0.683399,0.033311,0.158680
train_41,46,29,0.384097,0.675577,0.053886,0.196674
train_41,47,30,0.344417,0.614116,0.054865,0.172090
train_410,11,0,0.469676,0.400034,0.037961,0.280029
train_410,12,1,0.437409,0.404255,0.035430,0.260329
train_410,13,2,0.408622,0.385962,0.034797,0.282844
train_410,14,3,0.386162,0.385258,0.044288,0.275808
train_410,15,4,0.367498,0.362743,0.048716,0.278622
train_410,16,5,0.332068,0.366261,0.051247,0.254700
train_410,17,6,0.295689,0.349375,0.046818,0.232185
train_410,21,8,0.508902,0.404255,0.039226,0.254700
train_410,22,9,0.539903,0.393701,0.036695,0.258922
train_410,23,10,0.565843,0.381740,0.035430,0.274401
train_410,24,11,0.587987,0.366965,0.044288,0.312394
train_410,25,12,0.615508,0.352893,0.051247,0.301137
train_410,26,13,0.652836,0.365558,0.056308,0.256107
train_410,27,14,0.704083,0.350079,0.053778,0.264550
train_410,31,16,0.501942,0.687803,0.031634,0.213892
train_410,32,17,0.520290,0.692728,0.035430,0.249071
train_410,33,18,0.544015,0.684285,0.032267,0.254700
train_410,34,19,0.571853,0.679359,0.032267,0.256107
train_410,35,20,0.597793,0.681470,0.046186,0.265957
train_410,36,21,0.653469,0.651216,0.099331,0.250478
train_410,37,22,0.703767,0.608297,0.098698,0.204041
train_410,41,24,0.482646,0.698356,0.027205,0.234999
train_410,42,25,0.463982,0.700467,0.024042,0.253293
train_410,43,26,0.437409,0.712428,0.037961,0.277215
train_410,44,27,0.410520,0.700467,0.041124,0.253293
train_410,45,28,0.385846,0.692024,0.049982,0.261736
train_410,46,29,0.349783,0.661066,0.081616,0.247664
train_410,47,30,0.306761,0.628701,0.082881,0.247664
train_410,48,31,0.262473,0.578042,0.077820,0.219520
train_411,11,0,0.475179,0.446662,0.035945,0.254626
train_411,12,1,0.447431,0.439996,0.038468,0.270623
train_411,13,2,0.418108,0.416667,0.041621,0.333280
train_411,14,3,0.400135,0.431331,0.043513,0.287954
train_411,15,4,0.379009,0.439996,0.040360,0.283955
train_411,16,5,0.344325,0.454661,0.052972,0.225297
train_411,17,6,0.301128,0.435330,0.052341,0.223964
train_411,18,7,0.275587,0.429998,0.055495,0.213299
train_411,21,8,0.512385,0.427332,0.038468,0.303951
train_411,22,9,0.542340,0.438663,0.030270,0.259958
train_411,23,10,0.571979,0.442663,0.036576,0.259958
train_411,24,11,0.594051,0.435997,0.042882,0.267957
train_411,25,12,0.625582,0.431998,0.036576,0.278622
train_411,26,13,0.657743,0.439330,0.041621,0.247960
train_411,27,14,0.685175,0.413334,0.047297,0.254626
train_411,28,15,0.709770,0.403335,0.057386,0.245294
train_411,31,16,0.513647,0.704621,0.029639,0.215965
train_411,32,17,0.539187,0.701288,0.026486,0.235962
train_411,33,18,0.565357,0.720618,0.034684,0.282621
train_411,34,19,0.601933,0.719951,0.039729,0.257292
train_411,35,20,0.637564,0.708620,0.035315,0.231963
train_411,36,21,0.691166,0.662627,0.089548,0.201301
train_411,37,22,0.728058,0.615968,0.085134,0.185304
train_411,41,24,0.492836,0.714619,0.028378,0.246627
train_411,42,25,0.471710,0.696622,0.040360,0.221298
train_411,43,26,0.451531,0.725284,0.049188,0.291953
train_411,44,27,0.418423,0.741948,0.032162,0.282621
train_411,45,28,0.392568,0.722618,0.056125,0.254626
train_411,46,29,0.349685,0.703287,0.086395,0.255959
train_411,47,30,0.305227,0.671293,0.085764,0.239962
train_411,48,31,0.258876,0.623300,0.087656,0.189303
train_412,11,0,0.473495,0.491395,0.037455,0.188943
train_412,12,1,0.451811,0.465723,0.035484,0.195104
train_412,13,2,0.428647,0.461616,0.040412,0.207426
train_412,14,3,0.405977,0.460589,0.022670,0.205373
train_412,15,4,0.386757,0.464696,0.031541,0.213587
train_412,16,5,0.353737,0.464696,0.048298,0.234125
train_412,17,6,0.317267,0.444159,0.046326,0.213587
train_412,18,7,0.277840,0.431837,0.052240,0.197158
train_412,21,8,0.506515,0.471884,0.030556,0.232071
train_412,22,9,0.538057,0.462643,0.024642,0.221802
train_412,23,10,0.556292,0.460589,0.023656,0.193050
train_412,25,12,0.596704,0.466750,0.045341,0.201265
train_412,26,13,0.635145,0.471884,0.039427,0.219749
train_412,27,14,0.670629,0.459562,0.037455,0.215641
train_412,31,16,0.510951,0.696767,0.027599,0.225910
train_412,32,17,0.529186,0.686499,0.024642,0.197158
train_412,33,18,0.554813,0.687526,0.024642,0.207426
train_412,34,19,0.577483,0.679311,0.028584,0.207426
train_412,35,20,0.601632,0.674176,0.033513,0.180728
train_412,37,22,0.692807,0.654666,0.091667,0.104740
train_412,38,23,0.731248,0.632075,0.081810,0.174567
train_412,41,24,0.486309,0.686499,0.027599,0.180728
train_412,42,25,0.460682,0.690606,0.019713,0.160191
train_412,43,26,0.438011,0.709090,0.021685,0.197158
train_412,44,27,0.412384,0.700875,0.029570,0.201265
train_412,45,28,0.386264,0.695741,0.040412,0.190996
train_412,46,29,0.354722,0.689579,0.056183,0.182782
train_412,47,30,0.310860,0.672123,0.059140,0.184835
train_412,48,31,0.268476,0.638236,0.055197,0.162244
train_413,11,0,0.481412,0.414131,0.029329,0.329848
train_413,12,1,0.459443,0.429372,0.022340,0.296598
train_413,13,2,0.440765,0.413439,0.028200,0.333366
train_413,15,4,0.398099,0.425287,0.036624,0.324378
train_413,16,5,0.352136,0.417116,0.078741,0.352159
train_413,17,6,0.334190,0.474720,0.066289,0.269634
train_413,21,8,0.508519,0.411397,0.029665,0.324378
train_413,22,9,0.533789,0.408128,0.026735,0.317842
train_413,23,10,0.557045,0.405677,0.028566,0.324378
train_413,25,12,0.601726,0.398323,0.031496,0.326012
train_413,26,13,0.638899,0.390153,0.061894,0.311305
train_413,31,16,0.501011,0.713305,0.037356,0.243488
train_413,32,17,0.518224,0.703909,0.032229,0.224695
train_413,33,18,0.542029,0.714122,0.045413,0.264732
train_413,34,19,0.562355,0.712488,0.040652,0.264732
train_413,35,20,0.592936,0.716982,0.056400,0.259012
train_413,37,22,0.666549,0.680214,0.088629,0.236134
train_413,38,23,0.698778,0.634049,0.085699,0.225512
train_413,41,24,0.481600,0.707994,0.035891,0.227964
train_413,42,25,0.461457,0.716165,0.032229,0.252476
train_413,43,26,0.442047,0.729647,0.030031,0.281073
train_413,44,27,0.423918,0.729238,0.042850,0.268817
train_413,46,29,0.367518,0.712897,0.088995,0.245939
train_414,11,0,0.479838,0.409241,0.035829,0.207967
train_414,12,1,0.454380,0.376580,0.037715,0.249293
train_414,13,2,0.426722,0.367914,0.041487,0.274623
train_414,14,3,0.402208,0.375913,0.040230,0.263958
train_414,15,4,0.377378,0.384578,0.038344,0.254626
train_414,16,5,0.342178,0.397243,0.044630,0.207967
train_414,17,6,0.300691,0.373914,0.044630,0.227964
train_414,21,8,0.513467,0.387245,0.038972,0.259958
train_414,22,9,0.541125,0.382579,0.030172,0.239962
train_414,23,10,0.569097,0.376580,0.033315,0.254626
train_414,24,11,0.588584,0.372580,0.037087,0.259958
train_414,25,12,0.615613,0.371914,0.033315,0.261292
train_414,26,13,0.642013,0.369248,0.045887,0.237295
train_414,27,14,0.681929,0.359916,0.036458,0.234629
train_414,28,15,0.711787,0.355250,0.050916,0.209300
train_414,31,16,0.508439,0.634538,0.018858,0.207967
train_414,32,17,0.532011,0.642537,0.030801,0.234629
train_414,33,18,0.556526,0.627873,0.030801,0.234629
train_414,34,19,0.582298,0.638538,0.039601,0.250627
train_414,35,20,0.603984,0.628539,0.036458,0.225297
train_414,37,22,0.678157,0.589212,0.070402,0.189303
train_414,38,23,0.710529,0.574548,0.071030,0.247960
train_414,41,24,0.491467,0.641204,0.022629,0.221298
train_414,42,25,0.467581,0.643204,0.032687,0.227964
train_414,43,26,0.445894,0.647203,0.038344,0.259958
train_414,44,27,0.415408,0.646537,0.028915,0.239962
train_414,45,28,0.389950,0.641871,0.034572,0.235962
train_414,47,30,0.313263,0.616541,0.088631,0.219965
train_414,48,31,0.287805,0.579214,0.070402,0.217299
train_415,11,0,0.477431,0.363363,0.042905,0.271586
train_415,12,1,0.443675,0.364770,0.038488,0.291287
train_415,13,2,0.412758,0.354920,0.048584,0.305359
train_415,14,3,0.389413,0.369695,0.057417,0.289880
train_415,15,4,0.361335,0.404171,0.064357,0.274401
train_415,16,5,0.324740,0.361955,0.076976,0.220928
train_415,17,6,0.285621,0.391506,0.085810,0.240628
train_415,21,8,0.512133,0.356327,0.047953,0.277215
train_415,22,9,0.547782,0.359845,0.027131,0.244850
train_415,23,10,0.579645,0.363363,0.037857,0.282844
train_415,24,11,0.608354,0.370399,0.038488,0.268772
train_415,25,12,0.637693,0.385174,0.035333,0.253293
train_415,27,14,0.684384,0.372509,0.069405,0.242035
train_415,31,16,0.503300,0.651131,0.023976,0.244850
train_415,31,16,0.522229,0.651835,0.026500,0.251886
train_415,32,17,0.543050,0.652539,0.029024,0.258922
train_415,33,18,0.565449,0.667314,0.027131,0.305359
train_415,34,19,0.589110,0.668721,0.035333,0.271586
train_415,35,20,0.615925,0.666610,0.032179,0.250478
train_415,37,22,0.684699,0.627913,0.090227,0.220928
train_415,38,23,0.732652,0.579365,0.101584,0.194191
train_415,41,24,0.477115,0.661685,0.027131,0.257514
train_415,42,25,0.456925,0.665907,0.038488,0.282844
train_415,43,26,0.431371,0.677164,0.034072,0.280029
train_415,44,27,0.405502,0.655353,0.047953,0.253293
train_415,46,29,0.320008,0.601176,0.073822,0.243443
train_415,47,30,0.273317,0.601880,0.087703,0.225149
train_416,11,0,0.467746,0.457869,0.053591,0.265957
train_416,12,1,0.433012,0.451537,0.031757,0.265957
train_416,13,2,0.407209,0.456814,0.031757,0.255404
train_416,14,3,0.378925,0.452592,0.038704,0.251182
train_416,16,5,0.325831,0.445204,0.063515,0.244850
train_416,21,8,0.506947,0.458924,0.048628,0.272290
train_416,22,9,0.543170,0.457869,0.039697,0.278622
train_416,23,10,0.564507,0.459980,0.032750,0.261736
train_416,24,11,0.587829,0.447315,0.043666,0.274401
train_416,25,12,0.606685,0.445204,0.037712,0.274401
train_416,26,13,0.647870,0.453647,0.048628,0.278622
train_416,27,14,0.684590,0.433595,0.062522,0.251182
train_416,31,16,0.502977,0.724882,0.024810,0.263847
train_416,32,17,0.525307,0.726993,0.029773,0.272290
train_416,33,18,0.553094,0.724882,0.027788,0.280733
train_416,34,19,0.576912,0.720660,0.031757,0.268068
train_416,35,20,0.608670,0.714328,0.037712,0.276511
train_416,37,22,0.694018,0.680556,0.091302,0.246960
train_416,38,23,0.749097,0.649949,0.078401,0.198413
train_416,41,24,0.481640,0.732270,0.027788,0.274401
train_416,42,25,0.456830,0.732270,0.027788,0.282844
train_416,43,26,0.433508,0.730159,0.032750,0.303951
train_416,44,27,0.405224,0.721716,0.031757,0.282844
train_416,45,28,0.375452,0.711162,0.037712,0.261736
train_416,47,30,0.317891,0.682666,0.085348,0.238517
train_416,48,31,0.268270,0.649949,0.079393,0.173083
train_417,11,0,0.485154,0.470080,0.037351,0.267166
train_417,12,1,0.452868,0.463431,0.034819,0.261122
train_417,13,2,0.418682,0.459804,0.038617,0.253868
train_417,14,3,0.388928,0.459200,0.036085,0.238153
train_417,15,4,0.359173,0.457386,0.029754,0.236944
train_417,16,5,0.319606,0.465849,0.045581,0.207930
train_417,17,6,0.277190,0.485191,0.046847,0.174081
train_417,18,7,0.251551,0.399359,0.050013,0.161992
train_417,21,8,0.528520,0.472498,0.043049,0.262331
train_417,22,9,0.563339,0.480355,0.034186,0.227273
train_417,23,10,0.602589,0.490631,0.043049,0.199468
train_417,24,11,0.641523,0.478542,0.042416,0.221228
train_417,25,12,0.671278,0.473102,0.032287,0.215184
train_417,26,13,0.712427,0.469475,0.051279,0.210348
train_417,27,14,0.755793,0.453155,0.048113,0.226064
train_417,28,15,0.775418,0.376390,0.059509,0.159574
train_417,31,16,0.536433,0.711255,0.036085,0.186170
train_417,32,17,0.564288,0.696748,0.037351,0.188588
train_417,33,18,0.596259,0.692517,0.048113,0.206721
train_417,34,19,0.629178,0.687681,0.050646,0.201886
train_417,35,20,0.663681,0.690704,0.046214,0.198259
train_417,36,21,0.710528,0.684055,0.076602,0.201886
train_417,37,22,0.757692,0.670757,0.075969,0.204304
train_417,38,23,0.803906,0.633885,0.068372,0.161992
train_417,41,24,0.502880,0.711255,0.032287,0.193424
train_417,42,25,0.471860,0.702188,0.051279,0.199468
train_417,43,26,0.436724,0.699166,0.051912,0.234526
train_417,44,27,0.406337,0.694935,0.040517,0.211557
train_417,45,28,0.370568,0.694935,0.052545,0.226064
train_417,46,29,0.320239,0.684659,0.083565,0.217602
train_417,47,30,0.284154,0.670757,0.054444,0.204304
train_418,11,0,0.483359,0.352921,0.027237,0.251604
train_418,12,1,0.459854,0.341523,0.024252,0.259203
train_418,13,2,0.434296,0.342790,0.029849,0.278622
train_418,15,4,0.392244,0.340045,0.047732,0.267800
train_418,17,6,0.344274,0.337055,0.042889,0.233230
train_418,18,7,0.312190,0.325017,0.045881,0.242258
train_418,21,8,0.509477,0.336035,0.024252,0.285377
train_418,22,9,0.532236,0.330969,0.027237,0.266802
train_418,23,10,0.558540,0.325903,0.028356,0.273556
train_418,24,11,0.578502,0.336035,0.037684,0.246538
train_418,26,13,0.624394,0.328436,0.054100,0.261736
train_418,27,14,0.657600,0.323793,0.036191,0.262580
train_418,28,15,0.688755,0.330125,0.038803,0.224586
train_418,31,16,0.513288,0.604942,0.020933,0.250661
train_418,32,17,0.533348,0.594580,0.026166,0.241779
train_418,33,18,0.554935,0.611357,0.030963,0.265464
train_418,34,19,0.576086,0.598528,0.033143,0.247701
train_418,35,20,0.599688,0.598404,0.037960,0.248612
train_418,36,21,0.631625,0.590558,0.057304,0.249438
train_418,38,23,0.705719,0.534806,0.090154,0.174276
train_418,41,24,0.495104,0.601718,0.017961,0.243868
train_418,42,25,0.475971,0.607019,0.021866,0.245635
train_418,43,26,0.452739,0.625574,0.030065,0.273910
train_418,44,27,0.430287,0.607903,0.034361,0.243868
train_418,45,28,0.407055,0.607903,0.033189,0.233265
train_418,47,30,0.329548,0.589348,0.088244,0.229731
train_418,48,31,0.282693,0.544285,0.093710,0.201456
train_419,13,2,0.422508,0.545819,0.035445,0.207426
train_419,14,3,0.399862,0.550953,0.029538,0.184835
train_419,15,4,0.378201,0.540684,0.039384,0.234125
train_419,16,5,0.344725,0.541711,0.045291,0.219749
train_419,17,6,0.301895,0.523228,0.034461,0.219749
train_419,18,7,0.263496,0.516040,0.042337,0.197158
train_419,23,10,0.564781,0.532469,0.034461,0.205373
train_419,24,11,0.590873,0.545819,0.033476,0.199211
train_419,25,12,0.619918,0.545819,0.038399,0.223856
train_419,26,13,0.650441,0.555060,0.048245,0.197158
train_419,27,14,0.692286,0.546845,0.045291,0.193050
train_419,31,16,0.500290,0.707036,0.019692,0.184835
train_419,32,17,0.522936,0.717305,0.033476,0.188943
train_419,33,18,0.547551,0.733734,0.029538,0.205373
train_419,34,19,0.580042,0.751191,0.033476,0.199211
train_419,35,20,0.611057,0.755299,0.032492,0.186889
train_419,36,21,0.652902,0.762487,0.059075,0.201265
train_419,37,22,0.705578,0.730654,0.073844,0.174567
train_419,41,24,0.476660,0.720385,0.019692,0.211534
train_419,42,25,0.454507,0.722439,0.024615,0.199211
train_419,43,26,0.424969,0.737842,0.030522,0.180728
train_419,44,27,0.396416,0.746057,0.030522,0.184835
train_419,45,28,0.370324,0.746057,0.025599,0.176620
train_419,47,30,0.285157,0.730654,0.079752,0.170459
train_419,48,31,0.241835,0.677257,0.073844,0.174567
train_42,11,0,0.479322,0.458460,0.031186,0.266464
train_42,12,1,0.459209,0.462006,0.032542,0.257345
train_42,13,2,0.438644,0.455927,0.032994,0.261398
train_42,15,4,0.421387,0.487922,0.026093,0.203967
train_42,16,5,0.387154,0.476674,0.047279,0.219465
train_42,21,8,0.503051,0.450861,0.030734,0.277609
train_42,23,10,0.548475,0.469098,0.033898,0.253293
train_42,25,12,0.583277,0.479737,0.026667,0.227964
train_42,26,13,0.613559,0.475177,0.041130,0.245187
train_42,31,16,0.497295,0.672169,0.020916,0.206137
train_42,32,17,0.514245,0.672977,0.020916,0.199670
train_42,33,18,0.531194,0.679040,0.025965,0.213413
train_42,34,19,0.549225,0.683082,0.024522,0.231197
train_42,35,20,0.566895,0.701271,0.033177,0.243323
train_42,36,21,0.597966,0.683384,0.050621,0.209726
train_42,41,24,0.480527,0.684699,0.017670,0.232814
train_42,42,25,0.461594,0.679444,0.024522,0.220688
train_42,43,26,0.445186,0.692783,0.023440,0.248981
train_42,44,27,0.421875,0.688920,0.042193,0.249337
train_42,45,28,0.412360,0.685976,0.042580,0.236767
train_420,11,0,0.507891,0.491566,0.032115,0.206467
train_420,12,1,0.485869,0.481068,0.037620,0.192469
train_420,13,2,0.461095,0.482818,0.039455,0.202968
train_420,14,3,0.426686,0.471445,0.038538,0.194219
train_420,15,4,0.379891,0.455697,0.058724,0.180221
train_420,21,8,0.538171,0.491566,0.032115,0.199468
train_420,22,9,0.564321,0.486317,0.027527,0.192469
train_420,23,10,0.591848,0.479318,0.031197,0.192469
train_420,24,11,0.616164,0.474944,0.033950,0.180221
train_420,25,12,0.644608,0.460071,0.032115,0.202968
train_420,26,13,0.685899,0.455697,0.050466,0.208217
train_420,31,16,0.531748,0.709406,0.032115,0.201218
train_420,32,17,0.554228,0.706782,0.027527,0.199468
train_420,33,18,0.580838,0.705907,0.038538,0.211716
train_420,34,19,0.611576,0.700658,0.046796,0.229213
train_420,35,20,0.645526,0.680536,0.063312,0.213466
train_420,41,24,0.507891,0.711156,0.028445,0.208217
train_420,42,25,0.479905,0.721655,0.031197,0.208217
train_420,43,26,0.452837,0.720780,0.043126,0.237962
train_420,44,27,0.423016,0.712031,0.053219,0.223964
train_420,45,28,0.384478,0.699783,0.069735,0.223964
train_420,46,29,0.340435,0.671788,0.104603,0.216965
train_420,47,30,0.305109,0.632419,0.087169,0.225714
train_421,11,0,0.482957,0.395344,0.036782,0.276319
train_421,12,1,0.457272,0.394653,0.033611,0.247306
train_421,13,2,0.430954,0.374620,0.035514,0.295662
train_421,15,4,0.376732,0.366330,0.043758,0.295662
train_421,16,5,0.344389,0.371166,0.048832,0.269411
train_421,17,6,0.306021,0.354587,0.045661,0.244543
train_421,21,8,0.514665,0.397416,0.035514,0.263885
train_421,22,9,0.541618,0.385673,0.034880,0.281846
train_421,23,10,0.570156,0.369094,0.036148,0.284609
train_421,24,11,0.595206,0.353205,0.043124,0.316386
train_421,25,12,0.619621,0.343534,0.037416,0.272175
train_421,26,13,0.655769,0.367021,0.053905,0.219674
train_421,27,14,0.696357,0.342843,0.057710,0.254214
train_421,31,16,0.509909,0.683407,0.024733,0.261122
train_421,32,17,0.528617,0.696532,0.030440,0.306715
train_421,33,18,0.558423,0.679953,0.050734,0.306715
train_421,34,19,0.585376,0.652321,0.045026,0.262503
train_421,35,20,0.613280,0.661301,0.070394,0.252832
train_421,36,21,0.650379,0.632288,0.095126,0.252832
train_421,37,22,0.709991,0.608110,0.097663,0.254214
train_421,41,24,0.489298,0.677190,0.029172,0.256977
train_421,42,25,0.470907,0.678571,0.035514,0.259740
train_421,43,26,0.446491,0.684098,0.026001,0.295662
train_421,44,27,0.422393,0.680644,0.033611,0.274938
train_421,45,28,0.396709,0.664755,0.055807,0.259740
train_421,46,29,0.304119,0.612255,0.091321,0.212766
train_422,11,0,0.495905,0.483388,0.031464,0.232478
train_422,12,1,0.472267,0.471810,0.028880,0.223604
train_422,13,2,0.446360,0.465270,0.040488,0.224226
train_422,14,3,0.416914,0.458730,0.036524,0.206164
train_422,15,4,0.390725,0.456238,0.040205,0.201181
train_422,16,5,0.352785,0.437864,0.052663,0.214261
train_422,17,6,0.317393,0.420736,0.059458,0.199935
train_422,18,7,0.303236,0.335405,0.054362,0.136404
train_422,21,8,0.535406,0.480460,0.032568,0.227964
train_422,22,9,0.553664,0.458749,0.028621,0.217108
train_422,23,10,0.577844,0.453865,0.033555,0.231220
train_422,24,11,0.604491,0.450065,0.030595,0.223621
train_422,25,12,0.629657,0.448980,0.035529,0.217108
train_422,26,13,0.664683,0.440128,0.044118,0.204641
train_422,27,14,0.697857,0.419062,0.053010,0.191098
train_422,28,15,0.713076,0.341569,0.039672,0.145957
train_422,31,16,0.521307,0.715294,0.019034,0.193071
train_422,32,17,0.541045,0.721109,0.019034,0.210905
train_422,33,18,0.561489,0.726537,0.021853,0.245022
train_422,34,19,0.584400,0.704826,0.026788,0.218659
train_422,35,20,0.618589,0.696684,0.057101,0.228739
train_422,36,21,0.664235,0.671097,0.084946,0.219434
train_422,37,22,0.704416,0.630777,0.084241,0.224087
train_422,38,23,0.756935,0.585417,0.080716,0.167483
train_422,41,24,0.499277,0.719171,0.021501,0.199274
train_422,42,25,0.477072,0.723823,0.023616,0.205477
train_422,43,26,0.447816,0.733903,0.034190,0.252000
train_422,44,27,0.416975,0.715681,0.040887,0.227964
train_422,45,28,0.391597,0.708315,0.052166,0.244247
train_422,46,29,0.348419,0.674586,0.082831,0.226413
train_422,47,30,0.305418,0.631552,0.089881,0.230290
train_422,48,31,0.260477,0.576887,0.076134,0.167483
train_423,11,0,0.469889,0.440464,0.041969,0.235916
train_423,12,1,0.442321,0.428536,0.028802,0.222662
train_423,13,2,0.417428,0.436930,0.031683,0.221778
train_423,14,3,0.397678,0.428536,0.034151,0.240334
train_423,15,4,0.371961,0.425444,0.048552,0.255354
train_423,16,5,0.336370,0.436930,0.054724,0.227080
train_423,17,6,0.293372,0.427653,0.050198,0.206758
train_423,21,8,0.501778,0.444441,0.036620,0.235032
train_423,22,9,0.528111,0.437814,0.026745,0.220011
train_423,23,10,0.557531,0.430303,0.036209,0.250937
train_423,24,11,0.578515,0.436047,0.042792,0.246519
train_423,25,12,0.604231,0.431629,0.042381,0.241217
train_423,26,13,0.639000,0.430745,0.062542,0.257122
train_423,27,14,0.684261,0.435605,0.059250,0.250937
train_423,28,15,0.720264,0.427211,0.038266,0.221778
train_423,31,16,0.498692,0.705096,0.024688,0.227964
train_423,32,17,0.520088,0.701120,0.026334,0.239450
train_423,33,18,0.545804,0.712165,0.032505,0.266841
train_423,34,19,0.575018,0.737347,0.034151,0.285396
train_423,35,20,0.603409,0.718350,0.044026,0.243868
train_423,36,21,0.651961,0.721001,0.085173,0.265074
train_423,37,22,0.706068,0.689192,0.092990,0.265074
train_423,41,24,0.487788,0.671962,0.022630,0.200573
train_423,42,25,0.467215,0.691843,0.025099,0.227964
train_423,43,26,0.444173,0.694052,0.033328,0.264190
train_423,44,27,0.417664,0.717034,0.037268,0.274850
train_423,45,28,0.392443,0.704908,0.067383,0.268383
train_423,46,29,0.350977,0.704213,0.091344,0.247402
train_423,47,30,0.295018,0.675938,0.094636,0.247402
train_424,11,0,0.488878,0.379248,0.029744,0.250069
train_424,12,1,0.463247,0.375104,0.025314,0.239016
train_424,13,2,0.439832,0.368196,0.035440,0.285991
train_424,14,3,0.410721,0.382012,0.044300,0.244543
train_424,15,4,0.386672,0.379248,0.043034,0.236253
train_424,16,5,0.349650,0.379248,0.060121,0.252832
train_424,17,6,0.302503,0.358524,0.062019,0.239016
train_424,18,7,0.266114,0.348162,0.046198,0.196187
train_424,21,8,0.517989,0.372340,0.031010,0.263885
train_424,22,9,0.543619,0.369577,0.025314,0.250069
train_424,23,10,0.568300,0.367505,0.035440,0.298425
train_424,24,11,0.591083,0.382702,0.040502,0.259740
train_424,25,12,0.617346,0.378558,0.038604,0.256977
train_424,26,13,0.649305,0.375794,0.060754,0.240398
train_424,28,15,0.729361,0.346781,0.042401,0.207240
train_424,31,16,0.513242,0.647278,0.022783,0.214148
train_424,32,17,0.535076,0.647278,0.029744,0.219674
train_424,33,18,0.560706,0.643824,0.036705,0.237635
train_424,34,19,0.592032,0.634844,0.039870,0.236253
train_424,35,20,0.615448,0.634844,0.047464,0.258359
train_424,36,21,0.657216,0.612738,0.080372,0.227964
train_424,38,23,0.748347,0.526389,0.077841,0.190660
train_424,41,24,0.490460,0.645897,0.029111,0.214148
train_424,42,25,0.468943,0.651423,0.036705,0.233490
train_424,43,26,0.444262,0.640370,0.039237,0.244543
train_424,44,27,0.416100,0.630008,0.042401,0.240398
train_424,45,28,0.389204,0.618265,0.053160,0.247306
train_424,46,29,0.350600,0.615502,0.075942,0.222437
train_424,47,30,0.296174,0.582343,0.079739,0.208621
train_424,48,31,0.250293,0.527079,0.079106,0.175463
train_425,11,0,0.472614,0.401174,0.029384,0.196302
train_425,12,1,0.441271,0.403284,0.029384,0.217410
train_425,13,2,0.412377,0.394841,0.036240,0.234296
train_425,21,8,0.498080,0.389564,0.031343,0.211077
train_425,22,9,0.527954,0.386398,0.024487,0.208967
train_425,23,10,0.554890,0.370567,0.029384,0.223742
train_425,24,11,0.581825,0.374789,0.032323,0.215299
train_425,31,16,0.501998,0.611196,0.031343,0.198413
train_425,32,17,0.518159,0.613306,0.032323,0.219520
train_425,33,18,0.554890,0.620694,0.037220,0.217410
train_425,34,19,0.575458,0.619639,0.031343,0.202634
train_425,35,20,0.599945,0.622805,0.035261,0.204745
train_425,37,22,0.696423,0.614362,0.071501,0.217410
train_425,41,24,0.472124,0.630193,0.026446,0.202634
train_425,42,25,0.451555,0.628082,0.026446,0.215299
train_425,43,26,0.427558,0.624916,0.029384,0.221631
train_425,44,27,0.400133,0.653411,0.025466,0.215299
train_425,45,28,0.378095,0.631248,0.040158,0.230074
train_425,47,30,0.307084,0.621749,0.072481,0.206856
train_426,11,0,0.484019,0.464069,0.030853,0.225250
train_426,12,1,0.463870,0.460676,0.025816,0.218465
train_426,13,2,0.440573,0.441679,0.030853,0.242890
train_426,14,3,0.423572,0.452535,0.033372,0.240176
train_426,15,4,0.399330,0.439644,0.037780,0.244247
train_426,16,5,0.361236,0.481030,0.064855,0.215751
train_426,17,6,0.324715,0.474924,0.052262,0.195397
train_426,18,7,0.289140,0.463390,0.045335,0.188613
train_426,21,8,0.511724,0.447107,0.030853,0.259173
train_426,22,9,0.528725,0.463390,0.032113,0.234748
train_426,23,10,0.554226,0.457962,0.030224,0.259173
train_426,24,11,0.571857,0.445750,0.035261,0.264601
train_426,25,12,0.598932,0.437609,0.030224,0.272742
train_426,26,13,0.630730,0.472889,0.056040,0.221179
train_426,27,14,0.671343,0.481709,0.045335,0.198111
train_426,28,15,0.707863,0.466782,0.046595,0.211680
train_426,31,16,0.504798,0.704244,0.024557,0.208967
train_426,32,17,0.523688,0.708994,0.027075,0.232034
train_426,33,18,0.549189,0.723920,0.028964,0.248317
train_426,34,19,0.575005,0.719849,0.026446,0.215751
train_426,35,20,0.601136,0.719849,0.034631,0.221179
train_426,36,21,0.652453,0.719849,0.078078,0.213037
train_426,37,22,0.694955,0.681855,0.079967,0.177757
train_426,41,24,0.488112,0.706958,0.022668,0.214394
train_426,42,25,0.467333,0.711029,0.030224,0.227964
train_426,43,26,0.440258,0.715778,0.036520,0.245604
train_426,44,27,0.418849,0.717814,0.032742,0.249674
train_426,45,28,0.388311,0.705601,0.030853,0.217108
train_426,47,30,0.324401,0.698817,0.081856,0.200825
train_426,48,31,0.283788,0.665572,0.083745,0.177757
train_427,11,0,0.492116,0.512227,0.041647,0.271498
train_427,12,1,0.456764,0.506686,0.036805,0.253029
train_427,13,2,0.420928,0.489140,0.040679,0.288121
train_427,14,3,0.393809,0.498375,0.036805,0.243794
train_427,15,4,0.362331,0.494681,0.037773,0.243794
train_427,16,5,0.319231,0.504839,0.052301,0.230866
train_427,17,6,0.288238,0.482676,0.069735,0.208703
train_427,18,7,0.266446,0.425421,0.070704,0.145907
train_427,21,8,0.531826,0.503915,0.045521,0.269651
train_427,22,9,0.572021,0.496528,0.042616,0.265957
train_427,23,10,0.603498,0.489140,0.045521,0.302896
train_427,24,11,0.633523,0.493757,0.043584,0.249335
train_427,25,12,0.665001,0.504839,0.040679,0.230866
train_427,26,13,0.709554,0.511303,0.054238,0.221631
train_427,27,14,0.744421,0.499298,0.067798,0.201315
train_427,28,15,0.764276,0.444814,0.062955,0.136673
train_427,31,16,0.535216,0.758791,0.030993,0.229019
train_427,32,17,0.565241,0.762485,0.038742,0.247488
train_427,33,18,0.595750,0.765256,0.045521,0.271498
train_427,34,19,0.636913,0.758791,0.056175,0.262264
train_427,35,20,0.675655,0.752327,0.061987,0.234560
train_427,36,21,0.719723,0.744939,0.078452,0.212397
train_427,37,22,0.768150,0.695996,0.093949,0.203162
train_427,38,23,0.815609,0.669215,0.068766,0.149601
train_427,41,24,0.506644,0.763409,0.028088,0.245641
train_427,42,25,0.475167,0.762485,0.034868,0.243794
train_427,43,26,0.441268,0.764332,0.042616,0.262264
train_427,44,27,0.399620,0.753251,0.048427,0.247488
train_427,45,28,0.358457,0.747710,0.059081,0.236407
train_427,46,29,0.319716,0.738475,0.082326,0.217937
train_427,47,30,0.268383,0.694149,0.090074,0.195774
train_427,48,31,0.217050,0.688608,0.066829,0.144060
train_428,11,0,0.486911,0.429403,0.026700,0.255204
train_428,12,1,0.463389,0.420801,0.024157,0.243735
train_428,13,2,0.439868,0.410764,0.036871,0.272409
train_428,14,3,0.425565,0.415783,0.032421,0.259506
train_428,15,4,0.402361,0.422951,0.031786,0.242301
train_428,16,5,0.372800,0.415066,0.052764,0.235132
train_428,17,6,0.336565,0.418650,0.045136,0.216494
train_428,21,8,0.514564,0.415783,0.032421,0.279578
train_428,22,9,0.539039,0.417216,0.027971,0.242301
train_428,23,10,0.561607,0.395710,0.031150,0.276710
train_428,24,11,0.580042,0.395710,0.033693,0.265241
train_428,25,12,0.602928,0.399295,0.032421,0.263807
train_428,26,13,0.629946,0.400011,0.045771,0.239433
train_428,27,14,0.664274,0.397861,0.047043,0.226530
train_428,31,16,0.515200,0.697511,0.022250,0.212192
train_428,32,17,0.534907,0.705397,0.019707,0.233698
train_428,33,18,0.553343,0.711132,0.027336,0.273843
train_428,34,19,0.576228,0.702529,0.027336,0.250903
train_428,35,20,0.601021,0.703963,0.036236,0.262373
train_428,36,21,0.641707,0.678156,0.080735,0.230831
train_428,37,22,0.681121,0.656650,0.093450,0.248036
train_428,41,24,0.497082,0.698945,0.027971,0.229397
train_428,42,25,0.481189,0.706113,0.035600,0.232265
train_428,43,26,0.465296,0.724752,0.031786,0.281012
train_428,44,27,0.439868,0.707547,0.031786,0.246602
train_428,45,28,0.415711,0.718300,0.030514,0.265241
train_428,46,29,0.376297,0.686041,0.085185,0.246602
train_428,47,30,0.332115,0.667403,0.094721,0.232265
train_429,11,0,0.482260,0.407295,0.033988,0.328267
train_429,12,1,0.456080,0.415907,0.027558,0.302938
train_429,13,2,0.429441,0.410334,0.038581,0.316109
train_429,14,3,0.405787,0.424012,0.046389,0.296859
train_429,15,4,0.380067,0.437690,0.039040,0.279635
train_429,16,5,0.348375,0.455420,0.052819,0.252280
train_429,17,6,0.307498,0.459980,0.046389,0.243161
train_429,18,7,0.274658,0.417933,0.056953,0.282675
train_429,21,8,0.515237,0.401253,0.033187,0.309511
train_429,22,9,0.543802,0.393839,0.030666,0.311365
train_429,23,10,0.573209,0.393839,0.040748,0.320632
train_429,24,11,0.600514,0.403106,0.054191,0.315072
train_429,25,12,0.626770,0.422103,0.052931,0.288198
train_429,26,13,0.653445,0.422567,0.049990,0.287271
train_429,27,14,0.694824,0.423957,0.047890,0.267811
train_429,28,15,0.724650,0.397546,0.061333,0.250204
train_429,31,16,0.511666,0.719568,0.027726,0.284491
train_429,32,17,0.530780,0.718641,0.034027,0.282638
train_429,33,18,0.558926,0.727445,0.035707,0.294685
train_429,34,19,0.586861,0.722348,0.034447,0.271518
train_429,35,20,0.616057,0.723275,0.054191,0.264104
train_429,36,21,0.656176,0.715861,0.078136,0.252984
train_429,37,22,0.707006,0.700571,0.081497,0.244644
train_429,41,24,0.493602,0.719568,0.030246,0.267811
train_429,42,25,0.476799,0.722348,0.038648,0.284491
train_429,43,26,0.453484,0.738565,0.034027,0.307658
train_429,44,27,0.427648,0.743198,0.034447,0.276151
train_429,45,28,0.395512,0.738101,0.048310,0.260397
train_429,46,29,0.360435,0.728835,0.070575,0.247424
train_429,47,30,0.305403,0.720494,0.083177,0.249277
train_429,48,31,0.266755,0.686671,0.060493,0.213137
train_43,11,0,0.499663,0.370893,0.034174,0.251122
train_43,12,1,0.476018,0.366189,0.024163,0.257635
train_43,13,2,0.453408,0.361485,0.031412,0.274280
train_43,14,3,0.430280,0.352077,0.037626,0.259806
train_43,15,4,0.397142,0.350991,0.036245,0.267767
train_43,17,6,0.329484,0.298162,0.056956,0.261977
train_43,18,7,0.282539,0.275365,0.061099,0.235200
train_43,21,8,0.529350,0.372702,0.032793,0.256188
train_43,22,9,0.554376,0.371255,0.024854,0.260530
train_43,23,10,0.576123,0.354972,0.031067,0.294543
train_43,24,11,0.599251,0.350268,0.037281,0.285135
train_43,25,12,0.622266,0.324641,0.024403,0.250534
train_43,28,15,0.723347,0.277175,0.055576,0.243161
train_43,31,16,0.512781,0.621653,0.021747,0.183818
train_43,32,17,0.531939,0.619482,0.024854,0.192503
train_43,33,18,0.564904,0.677377,0.049362,0.273556
train_43,34,19,0.583027,0.632870,0.053850,0.233753
train_43,35,20,0.605292,0.626719,0.056266,0.233029
train_43,37,22,0.698666,0.561224,0.103557,0.240990
train_43,38,23,0.750790,0.501158,0.108390,0.209147
train_43,41,24,0.496212,0.615863,0.026580,0.195397
train_43,42,25,0.476018,0.615502,0.026925,0.194674
train_43,43,26,0.437011,0.640831,0.062825,0.252569
train_43,44,27,0.423204,0.614416,0.057302,0.231582
train_43,45,28,0.395588,0.611159,0.055921,0.227964
train_43,48,31,0.248365,0.470401,0.110116,0.214213
train_430,11,0,0.504165,0.397139,0.043977,0.279136
train_430,12,1,0.479664,0.402830,0.031412,0.274942
train_430,13,2,0.451973,0.372287,0.041983,0.322875
train_430,14,3,0.432479,0.370881,0.039699,0.309403
train_430,15,4,0.396688,0.382225,0.051649,0.288713
train_430,16,5,0.365270,0.380092,0.048852,0.283735
train_430,17,6,0.313621,0.375469,0.056683,0.265957
train_430,21,8,0.541932,0.386281,0.036254,0.260291
train_430,22,9,0.569370,0.385525,0.026547,0.249713
train_430,23,10,0.599880,0.365880,0.039622,0.304113
train_430,24,11,0.629695,0.371925,0.041009,0.262557
train_430,25,12,0.661789,0.352658,0.050518,0.282202
train_430,27,14,0.712506,0.348880,0.063990,0.257268
train_430,31,16,0.531148,0.695922,0.040232,0.214130
train_430,32,17,0.558774,0.704446,0.051854,0.246863
train_430,33,18,0.591854,0.704276,0.065086,0.269026
train_430,34,19,0.622608,0.691830,0.071881,0.271413
train_430,35,20,0.657923,0.673247,0.086722,0.264253
train_430,36,21,0.698423,0.639662,0.098344,0.227769
train_430,37,22,0.756357,0.611532,0.106212,0.267662
train_430,41,24,0.507903,0.700014,0.032007,0.210720
train_430,42,25,0.486089,0.704446,0.039159,0.236634
train_430,43,26,0.451400,0.719790,0.038801,0.270731
train_430,44,27,0.419662,0.699161,0.057576,0.274482
train_430,45,28,0.386135,0.689103,0.065980,0.265276
train_430,46,29,0.338841,0.676487,0.089404,0.255046
train_430,47,30,0.282427,0.656540,0.096735,0.257433
train_431,11,0,0.480975,0.478590,0.029328,0.255959
train_431,12,1,0.463085,0.471258,0.033434,0.230630
train_431,13,2,0.443254,0.459844,0.031021,0.253815
train_431,14,3,0.427744,0.462194,0.029642,0.227180
train_431,15,4,0.408442,0.445743,0.030332,0.230314
train_431,16,5,0.385866,0.440651,0.044463,0.196628
train_431,17,6,0.359325,0.404616,0.052046,0.216996
train_431,18,7,0.338989,0.343120,0.054804,0.162943
train_431,21,8,0.509260,0.492354,0.027919,0.234231
train_431,22,9,0.529366,0.478704,0.026366,0.214828
train_431,23,10,0.549480,0.454074,0.024735,0.270591
train_431,24,11,0.567149,0.475078,0.030172,0.214990
train_431,25,12,0.586448,0.454383,0.031803,0.210665
train_431,26,13,0.609009,0.426582,0.049199,0.232906
train_431,27,14,0.640675,0.402488,0.052189,0.218079
train_431,28,15,0.659431,0.337003,0.052189,0.174834
train_431,31,16,0.505310,0.706440,0.020115,0.187190
train_431,32,17,0.524201,0.703660,0.024192,0.192750
train_431,33,18,0.543908,0.707058,0.023376,0.225492
train_431,34,19,0.563751,0.690686,0.037511,0.207577
train_431,35,20,0.594059,0.682346,0.061159,0.218079
train_431,36,21,0.625590,0.644661,0.082905,0.220550
train_431,37,22,0.664731,0.608212,0.083992,0.210665
train_431,38,23,0.705776,0.545197,0.082905,0.192132
train_431,41,24,0.486139,0.711139,0.017899,0.192656
train_431,42,25,0.467902,0.709220,0.019925,0.204169
train_431,43,26,0.448315,0.714209,0.023302,0.238709
train_431,44,27,0.431767,0.690415,0.030056,0.211077
train_431,45,28,0.406945,0.682739,0.058762,0.218753
train_431,46,29,0.375200,0.649734,0.082402,0.218753
train_431,47,30,0.333323,0.609822,0.092533,0.206472
train_431,48,31,0.290434,0.537288,0.100639,0.173467
train_432,11,0,0.483058,0.426853,0.038743,0.247126
train_432,12,1,0.452002,0.424871,0.030748,0.256376
train_432,13,2,0.426173,0.418924,0.036898,0.260341
train_432,14,3,0.401267,0.440069,0.047353,0.239197
train_432,15,4,0.372363,0.442051,0.037513,0.229946
train_432,16,5,0.336695,0.450641,0.051042,0.231267
train_432,17,6,0.291495,0.428175,0.052272,0.252412
train_432,21,8,0.508043,0.419764,0.032378,0.252682
train_432,22,9,0.535523,0.424342,0.029396,0.232541
train_432,23,10,0.558777,0.416660,0.033160,0.264385
train_432,24,11,0.583905,0.422804,0.047148,0.268880
train_432,25,12,0.610198,0.453979,0.043521,0.229912
train_432,26,13,0.647826,0.454953,0.055308,0.227964
train_432,27,14,0.692707,0.430598,0.050774,0.233809
train_432,28,15,0.730787,0.421830,0.047148,0.212376
train_432,31,16,0.504950,0.661854,0.021924,0.203647
train_432,32,17,0.527228,0.664134,0.024045,0.217325
train_432,33,18,0.551627,0.681611,0.030410,0.249240
train_432,34,19,0.576379,0.686170,0.037482,0.237082
train_432,35,20,0.612801,0.703647,0.042433,0.241641
train_432,37,22,0.672207,0.686170,0.087694,0.231003
train_432,38,23,0.720297,0.645137,0.091231,0.212766
train_432,41,24,0.487624,0.672492,0.024752,0.215805
train_432,42,25,0.464993,0.681611,0.040311,0.231003
train_432,43,26,0.440240,0.706687,0.036068,0.281155
train_432,44,27,0.414074,0.704407,0.037482,0.252280
train_432,45,28,0.381188,0.708967,0.041018,0.246201
train_432,47,30,0.327172,0.703810,0.089947,0.246407
train_432,48,31,0.282542,0.661758,0.094066,0.218373
train_433,11,0,0.481739,0.404090,0.029149,0.259183
train_433,12,1,0.457842,0.385830,0.020745,0.261540
train_433,13,2,0.438410,0.376110,0.025997,0.268019
train_433,14,3,0.409393,0.364918,0.030987,0.252704
train_433,15,4,0.385627,0.361384,0.042804,0.265663
train_433,16,5,0.351358,0.344302,0.041491,0.265663
train_433,17,6,0.317352,0.318383,0.041228,0.239745
train_433,21,8,0.508337,0.407740,0.033462,0.240937
train_433,22,9,0.529199,0.386889,0.030570,0.227037
train_433,23,10,0.549028,0.373452,0.032223,0.226110
train_433,24,11,0.569271,0.368356,0.034702,0.228890
train_433,25,12,0.587448,0.349822,0.031397,0.214063
train_433,26,13,0.611409,0.339165,0.038833,0.220550
train_433,27,14,0.643425,0.330825,0.040072,0.216843
train_433,28,15,0.673568,0.315438,0.036239,0.216182
train_433,31,16,0.510218,0.636528,0.022274,0.190490
train_433,32,17,0.528316,0.638350,0.022274,0.221197
train_433,33,18,0.559523,0.651101,0.046173,0.269601
train_433,34,19,0.586322,0.647198,0.055221,0.260753
train_433,35,20,0.610452,0.640172,0.057542,0.255028
train_433,36,21,0.642007,0.609204,0.071463,0.232648
train_433,37,22,0.679247,0.574853,0.079584,0.230566
train_433,38,23,0.714630,0.520204,0.082600,0.213911
train_433,41,24,0.492933,0.644075,0.026219,0.210788
train_433,42,25,0.475879,0.652663,0.033875,0.236291
train_433,43,26,0.451865,0.665414,0.022042,0.268039
train_433,44,27,0.426342,0.664113,0.029931,0.259191
train_433,45,28,0.402444,0.660990,0.041532,0.226923
train_433,47,30,0.318799,0.620394,0.094201,0.245659
train_433,48,31,0.278891,0.564444,0.113227,0.252425
train_434,11,0,0.480720,0.402134,0.038894,0.261067
train_434,12,1,0.454449,0.394610,0.028659,0.259562
train_434,13,2,0.424937,0.383701,0.031047,0.296428
train_434,14,3,0.404296,0.396867,0.040259,0.274610
train_434,16,5,0.350731,0.414171,0.044353,0.259562
train_434,17,6,0.310813,0.421695,0.046400,0.238496
train_434,21,8,0.522173,0.396491,0.044694,0.278371
train_434,22,9,0.549467,0.400629,0.031047,0.270095
train_434,23,10,0.582903,0.399500,0.053565,0.305456
train_434,24,11,0.604738,0.409657,0.056294,0.288152
train_434,25,12,0.628791,0.423952,0.051859,0.267086
train_434,26,13,0.662909,0.443513,0.067553,0.246020
train_434,27,14,0.701633,0.451037,0.053565,0.238496
train_434,31,16,0.516714,0.660191,0.024906,0.230973
train_434,32,17,0.538209,0.665082,0.022177,0.248277
train_434,33,18,0.560726,0.672981,0.025588,0.249029
train_434,34,19,0.586997,0.679376,0.031047,0.240754
train_434,35,20,0.618727,0.697057,0.042647,0.259562
train_434,37,22,0.699074,0.685395,0.081883,0.225706
train_434,38,23,0.749739,0.640254,0.087683,0.227211
train_434,41,24,0.496073,0.668091,0.025247,0.248277
train_434,42,25,0.474067,0.672605,0.032412,0.264829
train_434,43,26,0.449332,0.686900,0.029341,0.293418
train_434,44,27,0.424084,0.672229,0.029341,0.250534
train_434,45,28,0.394743,0.691038,0.039577,0.273105
train_434,46,29,0.355678,0.672981,0.062436,0.229468
train_434,47,30,0.314225,0.652292,0.079836,0.219688
train_434,48,31,0.269360,0.617683,0.084271,0.221192
train_435,11,0,0.487989,0.420541,0.028113,0.236178
train_435,12,1,0.460846,0.415407,0.024235,0.225910
train_435,13,2,0.437580,0.390762,0.028113,0.225910
train_435,14,3,0.418192,0.370225,0.033929,0.238232
train_435,15,4,0.392503,0.365091,0.040715,0.236178
train_435,16,5,0.359543,0.352768,0.056226,0.215641
train_435,17,6,0.331915,0.310667,0.080461,0.184835
train_435,18,7,0.313496,0.233652,0.057195,0.108847
train_435,21,8,0.509801,0.413353,0.025205,0.217695
train_435,22,9,0.529189,0.395897,0.031021,0.211534
train_435,23,10,0.551970,0.393843,0.028113,0.232071
train_435,24,11,0.579598,0.379467,0.031021,0.207426
train_435,25,12,0.603833,0.380494,0.044593,0.205373
train_435,26,13,0.638247,0.350715,0.053317,0.199211
train_435,27,14,0.678477,0.306560,0.071736,0.201265
train_435,31,16,0.512224,0.651585,0.022296,0.201265
train_435,32,17,0.531128,0.654666,0.025205,0.215641
train_435,33,18,0.554878,0.652612,0.030052,0.252608
train_435,34,19,0.579598,0.647478,0.029082,0.217695
train_435,35,20,0.613527,0.627968,0.042654,0.232071
train_435,36,21,0.661513,0.572517,0.084338,0.211534
train_435,37,22,0.701743,0.509878,0.087247,0.168405
train_435,41,24,0.490897,0.645424,0.020358,0.172513
train_435,42,25,0.467147,0.654666,0.023266,0.199211
train_435,43,26,0.451152,0.644397,0.026174,0.186889
train_435,44,27,0.417707,0.638236,0.046531,0.215641
train_435,45,28,0.392987,0.620780,0.055256,0.176620
train_435,46,29,0.340155,0.583813,0.096941,0.213587
train_435,47,30,0.290230,0.521174,0.094032,0.162244
train_436,11,0,0.476018,0.371716,0.033360,0.318878
train_436,12,1,0.451785,0.385964,0.030213,0.279527
train_436,13,2,0.420313,0.385285,0.030213,0.280884
train_436,14,3,0.397653,0.373752,0.045320,0.320234
train_436,15,4,0.366811,0.386642,0.056649,0.270028
train_436,17,6,0.287187,0.369002,0.048467,0.280884
train_436,18,7,0.245330,0.363575,0.046578,0.253745
train_436,21,8,0.508434,0.383929,0.033990,0.286311
train_436,22,9,0.534556,0.385285,0.024548,0.283597
train_436,23,10,0.566657,0.382572,0.035878,0.280884
train_436,27,14,0.696322,0.392070,0.047208,0.229320
train_436,31,16,0.506861,0.675668,0.022030,0.240176
train_436,32,17,0.528262,0.683131,0.023289,0.249674
train_436,33,18,0.553125,0.709591,0.031472,0.318878
train_436,34,19,0.588688,0.710269,0.050984,0.287668
train_436,35,20,0.613551,0.700771,0.061685,0.290382
train_436,37,22,0.710799,0.683131,0.090010,0.255102
train_436,41,24,0.485775,0.675668,0.021401,0.248317
train_436,42,25,0.465003,0.679060,0.022660,0.260530
train_436,43,26,0.443288,0.687201,0.028325,0.276813
train_436,48,31,0.235573,0.611214,0.084974,0.198111
train_437,11,0,0.499657,0.432987,0.031218,0.288180
train_437,12,1,0.483533,0.425819,0.039451,0.295349
train_437,14,3,0.460293,0.413006,0.035936,0.339965
train_437,15,4,0.437019,0.423410,0.035381,0.312851
train_437,16,5,0.400491,0.447370,0.050778,0.251239
train_437,17,6,0.367731,0.423752,0.050778,0.295736
train_437,21,8,0.522642,0.435496,0.027101,0.278861
train_437,22,9,0.542367,0.440156,0.021269,0.273843
train_437,24,11,0.568268,0.432270,0.033962,0.319722
train_437,25,12,0.590909,0.433346,0.038765,0.307536
train_437,26,13,0.627959,0.426894,0.045626,0.286030
train_437,27,14,0.672556,0.431554,0.049057,0.259506
train_437,31,16,0.524804,0.695148,0.022447,0.243912
train_437,32,17,0.544108,0.697024,0.026038,0.257045
train_437,34,19,0.566779,0.703591,0.030079,0.296446
train_437,35,20,0.594388,0.703591,0.035915,0.283313
train_437,36,21,0.658333,0.697347,0.084848,0.277039
train_437,37,22,0.699621,0.669247,0.078030,0.250918
train_437,38,23,0.745644,0.664498,0.052652,0.228755
train_437,41,24,0.513356,0.697962,0.027385,0.257045
train_437,42,25,0.494276,0.706405,0.028732,0.277684
train_437,44,27,0.475870,0.706875,0.035017,0.291756
train_437,45,28,0.448934,0.695148,0.030527,0.270179
train_437,46,29,0.397306,0.698901,0.087093,0.281436
train_437,47,30,0.345230,0.668412,0.080808,0.250478
train_437,48,31,0.295623,0.654340,0.060606,0.224211
train_438,11,0,0.482042,0.485698,0.028475,0.286311
train_438,12,1,0.462742,0.491804,0.035436,0.255102
train_438,13,2,0.445024,0.471450,0.040498,0.271385
train_438,14,3,0.426040,0.459916,0.048092,0.261887
train_438,15,4,0.403893,0.449061,0.050623,0.240176
train_438,16,5,0.375101,0.447026,0.061380,0.211680
train_438,17,6,0.338400,0.413102,0.063911,0.206253
train_438,18,7,0.319416,0.319475,0.068973,0.208967
train_438,21,8,0.510200,0.483663,0.029108,0.284954
train_438,22,9,0.537094,0.476878,0.036069,0.295810
train_438,23,10,0.565569,0.461273,0.032272,0.305308
train_438,24,11,0.589931,0.453132,0.041764,0.286311
train_438,25,12,0.614610,0.438206,0.043029,0.283597
train_438,26,13,0.647514,0.449739,0.059482,0.217108
train_438,27,14,0.683899,0.417852,0.060114,0.221179
train_438,28,15,0.705414,0.362218,0.067708,0.191327
train_438,31,16,0.502923,0.737408,0.023413,0.181828
train_438,32,17,0.522540,0.742157,0.031006,0.199468
train_438,33,18,0.549433,0.755726,0.037967,0.234748
train_438,34,19,0.578225,0.750299,0.039865,0.232034
train_438,35,20,0.609864,0.720446,0.079098,0.232034
train_438,36,21,0.649413,0.687880,0.112635,0.221179
train_438,37,22,0.687063,0.640388,0.086691,0.199468
train_438,38,23,0.731358,0.607821,0.076567,0.207610
train_438,41,24,0.485206,0.742157,0.020882,0.183185
train_438,42,25,0.470019,0.750977,0.024679,0.219822
train_438,43,26,0.448188,0.761832,0.029108,0.255102
train_438,44,27,0.429521,0.740122,0.038600,0.249674
train_438,45,28,0.410853,0.708234,0.051888,0.240176
train_438,46,29,0.369090,0.691272,0.098714,0.252388
train_438,47,30,0.330174,0.639031,0.104409,0.226607
train_438,48,31,0.285246,0.593574,0.094285,0.211680
train_439,11,0,0.480940,0.468635,0.033343,0.229274
train_439,12,1,0.450931,0.469945,0.031524,0.234514
train_439,14,3,0.380608,0.472566,0.049711,0.234514
train_439,15,4,0.336959,0.470601,0.046074,0.230584
train_439,21,8,0.511555,0.473221,0.033949,0.222723
train_439,22,9,0.543685,0.460775,0.036374,0.234514
train_439,23,10,0.571269,0.454879,0.036980,0.230584
train_439,24,11,0.600672,0.456844,0.043649,0.229274
train_439,25,12,0.627346,0.460119,0.052136,0.217482
train_439,26,13,0.664933,0.460775,0.038799,0.213552
train_439,27,14,0.704944,0.458154,0.052136,0.213552
train_439,31,16,0.519133,0.720181,0.030918,0.260717
train_439,32,17,0.537320,0.711665,0.034556,0.254166
train_439,33,18,0.561873,0.713631,0.035162,0.244995
train_439,34,19,0.584606,0.711665,0.035768,0.235824
train_439,35,20,0.614312,0.707735,0.039405,0.230584
train_439,36,21,0.665539,0.716251,0.088511,0.237134
train_439,37,22,0.709491,0.681532,0.086692,0.220103
train_439,41,24,0.500036,0.725422,0.029099,0.258097
train_439,42,25,0.478212,0.728042,0.030312,0.260717
train_439,43,26,0.456084,0.722802,0.027281,0.244995
train_439,44,27,0.428500,0.720836,0.032737,0.227964
train_439,45,28,0.403645,0.734593,0.035162,0.244995
train_439,46,29,0.338474,0.726077,0.100029,0.230584
train_439,47,30,0.289066,0.676947,0.107910,0.210932
train_44,11,0,0.472281,0.420308,0.038253,0.269124
train_44,12,1,0.445798,0.404477,0.042667,0.281788
train_44,13,2,0.426671,0.342737,0.030897,0.259625
train_44,14,3,0.415637,0.401311,0.041196,0.259625
train_44,15,4,0.393568,0.382314,0.042667,0.250127
train_44,16,5,0.359728,0.372024,0.055909,0.229547
train_44,17,6,0.327728,0.325323,0.061058,0.180471
train_44,18,7,0.306762,0.231130,0.058851,0.134562
train_44,21,8,0.507960,0.421891,0.041931,0.256459
train_44,22,9,0.533707,0.404477,0.047817,0.259625
train_44,23,10,0.557248,0.342737,0.036046,0.243794
train_44,24,11,0.572328,0.383105,0.045610,0.273873
train_44,25,12,0.601754,0.387855,0.048552,0.229547
train_44,26,13,0.635225,0.372024,0.068415,0.201051
train_44,27,14,0.663915,0.298411,0.066943,0.170973
train_44,28,15,0.689663,0.226380,0.058116,0.134562
train_44,31,16,0.507224,0.665685,0.022805,0.202634
train_44,32,17,0.525615,0.662519,0.033104,0.218465
train_44,33,18,0.552834,0.677558,0.031633,0.223214
train_44,34,19,0.576742,0.644314,0.050024,0.207383
train_44,35,20,0.602122,0.624525,0.065472,0.221631
train_44,36,21,0.646996,0.599196,0.090484,0.240628
train_44,37,22,0.696651,0.554870,0.083863,0.186803
train_44,41,24,0.484419,0.668060,0.023540,0.201051
train_44,42,25,0.470442,0.680724,0.032368,0.239045
train_44,43,26,0.444695,0.685474,0.029426,0.248544
train_44,44,27,0.420051,0.649063,0.047817,0.220048
train_44,45,28,0.396510,0.640356,0.056644,0.246960
train_44,46,29,0.351268,0.613444,0.101518,0.250127
train_44,47,30,0.303452,0.560410,0.085334,0.169390
train_440,11,0,0.490803,0.465576,0.033137,0.311188
train_440,12,1,0.473148,0.460149,0.030421,0.307570
train_440,13,2,0.454136,0.454118,0.033680,0.297921
train_440,14,3,0.442456,0.469798,0.037482,0.302745
train_440,15,4,0.423443,0.457736,0.036396,0.312394
train_440,16,5,0.400628,0.462561,0.052693,0.259324
train_440,17,6,0.365862,0.456530,0.060298,0.227964
train_440,18,7,0.350108,0.385970,0.062471,0.190573
train_440,21,8,0.522582,0.491509,0.035853,0.264148
train_440,22,9,0.547570,0.485478,0.029334,0.256911
train_440,23,10,0.571744,0.467989,0.035310,0.318425
train_440,24,11,0.592115,0.466782,0.043458,0.291890
train_440,25,12,0.616831,0.474622,0.042915,0.268973
train_440,26,13,0.643721,0.454721,0.048890,0.267767
train_440,27,14,0.673327,0.430598,0.054866,0.255705
train_440,28,15,0.688808,0.364259,0.063014,0.192985
train_440,31,16,0.535381,0.740101,0.032817,0.222759
train_440,32,17,0.553196,0.741142,0.029066,0.229004
train_440,33,18,0.576402,0.742703,0.029535,0.255028
train_440,34,19,0.599608,0.729691,0.034692,0.241496
train_440,36,21,0.650943,0.674002,0.072666,0.221718
train_440,37,22,0.699699,0.638090,0.082042,0.212350
train_440,38,23,0.744470,0.580839,0.074072,0.149894
train_440,41,24,0.514285,0.752071,0.030004,0.236291
train_440,42,25,0.496235,0.753633,0.039849,0.235250
train_440,43,26,0.472795,0.763001,0.032348,0.268560
train_440,44,27,0.449823,0.744264,0.033286,0.264396
train_440,45,28,0.431774,0.726048,0.042193,0.244618
train_440,47,30,0.361687,0.666715,0.102669,0.223800
train_440,48,31,0.301210,0.594891,0.101732,0.140525
train_441,11,0,0.481585,0.479272,0.046620,0.242739
train_441,12,1,0.453419,0.471884,0.031080,0.253293
train_441,13,2,0.424767,0.475051,0.032051,0.230074
train_441,14,3,0.398543,0.470829,0.037879,0.280733
train_441,15,4,0.370862,0.454998,0.040793,0.240628
train_441,17,6,0.326671,0.444444,0.045649,0.211077
train_441,21,8,0.521406,0.465552,0.036908,0.278622
train_441,22,9,0.548116,0.461331,0.033994,0.287065
train_441,23,10,0.569969,0.438112,0.025253,0.261736
train_441,24,11,0.599592,0.437057,0.026224,0.276511
train_441,27,14,0.693803,0.413838,0.041764,0.251182
train_441,31,16,0.514608,0.719900,0.025253,0.187859
train_441,32,17,0.537918,0.713568,0.029138,0.204745
train_441,33,18,0.569483,0.700903,0.028166,0.242739
train_441,34,19,0.601535,0.706180,0.032051,0.249071
train_441,35,20,0.632615,0.687183,0.045649,0.244850
train_441,38,23,0.760334,0.576368,0.075758,0.120314
train_441,41,24,0.488384,0.719900,0.025253,0.196302
train_441,42,25,0.463617,0.731510,0.024281,0.219520
train_441,43,26,0.430109,0.722011,0.029138,0.251182
train_441,44,27,0.402428,0.707236,0.032051,0.217410
train_441,45,28,0.375233,0.706180,0.035936,0.240628
train_441,47,30,0.314044,0.657633,0.082556,0.198413
train_441,48,31,0.274709,0.601697,0.071873,0.187859
train_442,11,0,0.482505,0.420078,0.036437,0.235930
train_442,12,1,0.456600,0.409967,0.030174,0.218159
train_442,13,2,0.434359,0.398140,0.034241,0.248439
train_442,15,4,0.382891,0.387447,0.032762,0.227053
train_442,16,5,0.351820,0.378119,0.049671,0.223868
train_442,17,6,0.314725,0.360828,0.063833,0.221138
train_442,18,7,0.292849,0.330797,0.061508,0.172906
train_442,21,8,0.514995,0.419981,0.034030,0.231149
train_442,22,9,0.540888,0.413383,0.028323,0.221593
train_442,23,10,0.566358,0.413838,0.032762,0.247074
train_442,24,11,0.589925,0.411790,0.034241,0.228419
train_442,25,12,0.616240,0.409515,0.030648,0.221138
train_442,26,13,0.646360,0.404510,0.042696,0.220228
train_442,27,14,0.677748,0.390177,0.047558,0.207033
train_442,28,15,0.707868,0.367426,0.057069,0.187922
train_442,31,16,0.511508,0.635886,0.024096,0.175182
train_442,32,17,0.530425,0.649082,0.022194,0.179732
train_442,33,18,0.557903,0.665007,0.042907,0.220683
train_442,34,19,0.579251,0.658637,0.041639,0.213403
train_442,35,20,0.597217,0.647944,0.036566,0.216588
train_442,37,22,0.683455,0.610178,0.081799,0.211128
train_442,38,23,0.720233,0.566724,0.083490,0.206123
train_442,41,24,0.489834,0.640614,0.021519,0.188954
train_442,42,25,0.471713,0.642443,0.027182,0.190173
train_442,43,26,0.442738,0.671497,0.042094,0.186516
train_442,44,27,0.426858,0.648596,0.050151,0.195160
train_442,45,28,0.402072,0.642990,0.052658,0.210524
train_442,46,29,0.367160,0.617661,0.088149,0.217998
train_442,47,30,0.312573,0.597729,0.105895,0.213846
train_442,48,31,0.278239,0.545410,0.091621,0.195575
train_443,11,0,0.481525,0.389610,0.036603,0.292899
train_443,12,1,0.452196,0.406324,0.029889,0.263847
train_443,17,6,0.309740,0.354082,0.053512,0.302896
train_443,21,8,0.517278,0.389438,0.040495,0.293398
train_443,22,9,0.544034,0.386272,0.031336,0.301841
train_443,23,10,0.577539,0.355665,0.044352,0.354610
train_443,26,13,0.645272,0.376245,0.052547,0.319782
train_443,27,14,0.686490,0.390493,0.046280,0.322948
train_443,28,15,0.723370,0.375718,0.039049,0.291287
train_443,31,16,0.506431,0.704471,0.036156,0.292342
train_443,32,17,0.526920,0.692334,0.029889,0.276511
train_443,33,18,0.551265,0.711858,0.028443,0.313450
train_443,34,19,0.573200,0.709748,0.026997,0.279677
train_443,35,20,0.599474,0.704998,0.026515,0.268068
train_443,41,24,0.486907,0.700777,0.033746,0.295508
train_443,42,25,0.464731,0.706581,0.045316,0.288121
train_443,43,26,0.443278,0.701304,0.038085,0.288121
train_443,44,27,0.414594,0.721357,0.032782,0.309228
train_443,45,28,0.390730,0.705526,0.040013,0.262791
train_443,46,29,0.354333,0.700777,0.066528,0.291287
train_443,47,30,0.303714,0.661727,0.081955,0.246960
train_444,11,0,0.480969,0.444348,0.040963,0.253293
train_444,12,1,0.453490,0.444710,0.027650,0.245332
train_444,13,2,0.426011,0.449776,0.032087,0.254017
train_444,14,3,0.402970,0.457374,0.041304,0.235924
train_444,15,4,0.375661,0.461717,0.036525,0.230135
train_444,17,6,0.326677,0.445433,0.075098,0.230858
train_444,21,8,0.514016,0.446869,0.037741,0.244570
train_444,22,9,0.538228,0.440075,0.032044,0.236015
train_444,23,10,0.567661,0.437811,0.035368,0.236518
train_444,24,11,0.592822,0.436804,0.038691,0.228467
train_444,25,12,0.624273,0.424224,0.038453,0.241551
train_444,27,14,0.678037,0.423217,0.054832,0.244570
train_444,32,17,0.539652,0.710562,0.026822,0.264699
train_444,33,18,0.564457,0.716097,0.036554,0.286842
train_444,34,19,0.585938,0.699491,0.028721,0.252622
train_444,35,20,0.618932,0.690433,0.051983,0.256648
train_444,37,22,0.690854,0.668039,0.102305,0.262183
train_444,42,25,0.479836,0.702510,0.025873,0.244570
train_444,43,26,0.461321,0.722136,0.047711,0.297913
train_444,44,27,0.431650,0.721130,0.039640,0.287848
train_444,45,28,0.402799,0.713200,0.042328,0.277175
train_444,47,30,0.320362,0.700897,0.106161,0.258359
train_444,48,31,0.272231,0.629252,0.122547,0.242437
train_445,11,0,0.469605,0.338600,0.032174,0.273843
train_445,12,1,0.442427,0.330887,0.033993,0.261421
train_445,13,2,0.406212,0.338543,0.040007,0.271061
train_445,14,3,0.382548,0.338543,0.030855,0.277866
train_445,15,4,0.357184,0.335707,0.031901,0.274464
train_445,16,5,0.325806,0.330037,0.047590,0.267659
train_445,17,6,0.287630,0.310756,0.049159,0.269927
train_445,21,8,0.506929,0.359313,0.040690,0.225931
train_445,22,9,0.536881,0.355121,0.035604,0.227351
train_445,23,10,0.578609,0.351187,0.059345,0.268353
train_445,24,11,0.599707,0.349958,0.045288,0.281207
train_445,25,12,0.633077,0.351250,0.047671,0.269317
train_445,26,13,0.661561,0.348665,0.044096,0.260013
train_445,27,14,0.678246,0.350216,0.035515,0.269317
train_445,28,15,0.711854,0.350475,0.050293,0.248124
train_445,31,16,0.498581,0.624097,0.019530,0.251632
train_445,32,17,0.519260,0.622540,0.025848,0.258483
train_445,33,18,0.547405,0.630637,0.030443,0.265957
train_445,34,19,0.574402,0.636865,0.033315,0.258483
train_445,35,20,0.605707,0.632817,0.042506,0.254123
train_445,36,21,0.650511,0.625343,0.071226,0.249140
train_445,37,22,0.699335,0.610083,0.075247,0.241043
train_445,38,23,0.742944,0.582835,0.059421,0.224830
train_445,41,24,0.478553,0.624900,0.021669,0.254959
train_445,42,25,0.457691,0.616651,0.024204,0.239462
train_445,43,26,0.434639,0.617401,0.026970,0.251960
train_445,44,27,0.411242,0.609153,0.036422,0.227464
train_445,45,28,0.389573,0.613152,0.037805,0.225464
train_445,46,29,0.346006,0.610652,0.077454,0.242461
train_445,47,30,0.303821,0.581157,0.084830,0.232463
train_445,48,31,0.260138,0.565659,0.054171,0.215466
train_446,11,0,0.491944,0.425584,0.066750,0.288207
train_446,12,1,0.454634,0.424161,0.055897,0.265181
train_446,13,2,0.423498,0.416529,0.058474,0.264923
train_446,14,3,0.394532,0.418986,0.059424,0.228961
train_446,15,4,0.364820,0.427136,0.049927,0.223528
train_446,16,5,0.323033,0.412519,0.062951,0.251728
train_446,17,6,0.272708,0.375649,0.070409,0.292617
train_446,18,7,0.247189,0.342886,0.055081,0.210389
train_446,21,8,0.552905,0.435139,0.060691,0.274720
train_446,22,9,0.591959,0.419150,0.045380,0.252259
train_446,23,10,0.627615,0.407289,0.051863,0.293355
train_446,24,11,0.658277,0.426000,0.042051,0.241233
train_446,25,12,0.694722,0.414139,0.041000,0.246245
train_446,26,13,0.732042,0.398769,0.053966,0.270969
train_446,27,14,0.784957,0.402779,0.066231,0.247581
train_446,28,15,0.808085,0.315945,0.082000,0.206076
train_446,31,16,0.539322,0.691168,0.041616,0.199468
train_446,32,17,0.574330,0.702964,0.054832,0.267030
train_446,33,18,0.630286,0.720927,0.088012,0.295449
train_446,34,19,0.669372,0.720391,0.090262,0.287942
train_446,35,20,0.702552,0.713420,0.082951,0.289014
train_446,36,21,0.757384,0.686885,0.105446,0.261653
train_446,37,22,0.817828,0.660808,0.110057,0.261500
train_446,38,23,0.867062,0.628257,0.087525,0.161474
train_446,41,24,0.502618,0.699393,0.039473,0.227695
train_446,42,25,0.466682,0.698295,0.037335,0.239299
train_446,43,26,0.418420,0.746551,0.074649,0.351492
train_446,44,27,0.384664,0.711553,0.065861,0.305618
train_446,45,28,0.342150,0.708248,0.070551,0.285788
train_446,47,30,0.271090,0.660811,0.116429,0.236795
train_446,48,31,0.222255,0.627955,0.104399,0.213077
train_447,11,0,0.487145,0.472526,0.032112,0.213209
train_447,12,1,0.462036,0.467731,0.028354,0.210995
train_447,13,2,0.436586,0.459247,0.035528,0.241243
train_447,14,3,0.411477,0.462567,0.034503,0.246407
train_447,15,4,0.387051,0.461460,0.029379,0.230915
train_447,16,5,0.353061,0.468100,0.051584,0.216160
train_447,17,6,0.313945,0.466993,0.045777,0.181486
train_447,18,7,0.283542,0.443016,0.043727,0.182223
train_447,21,8,0.518574,0.464780,0.032795,0.230177
train_447,22,9,0.545732,0.461091,0.031087,0.228701
train_447,23,10,0.573403,0.462936,0.032454,0.219111
train_447,24,11,0.598512,0.461091,0.032795,0.215422
train_447,25,12,0.629087,0.464411,0.030404,0.217635
train_447,26,13,0.665469,0.458509,0.047143,0.211733
train_447,27,14,0.705096,0.455189,0.045093,0.191814
train_447,28,15,0.736525,0.433795,0.051926,0.177059
train_447,31,16,0.519940,0.673931,0.029379,0.171895
train_447,32,17,0.538900,0.682415,0.026988,0.199191
train_447,33,18,0.569987,0.709712,0.046118,0.253785
train_447,34,19,0.595096,0.705654,0.044410,0.233865
train_447,35,20,0.621229,0.692375,0.041336,0.205831
train_447,36,21,0.664102,0.688686,0.085404,0.230915
train_447,37,22,0.708854,0.664709,0.082671,0.219848
train_447,38,23,0.752613,0.619377,0.080764,0.208584
train_447,41,24,0.499813,0.686950,0.027157,0.198894
train_447,42,25,0.478678,0.692815,0.029283,0.209604
train_447,43,26,0.454591,0.701230,0.034006,0.225414
train_447,44,27,0.427787,0.712960,0.032825,0.235613
train_447,45,28,0.400158,0.704800,0.040854,0.222354
train_447,46,29,0.360839,0.706840,0.078874,0.253973
train_447,47,30,0.314317,0.677006,0.085014,0.224904
train_447,48,31,0.267137,0.636573,0.098220,0.225166
train_448,11,0,0.483737,0.375670,0.033939,0.266384
train_448,12,1,0.457384,0.363717,0.027551,0.273215
train_448,13,2,0.428436,0.388050,0.044720,0.258700
train_448,14,3,0.401683,0.388050,0.040727,0.255285
train_448,16,5,0.361355,0.412810,0.063087,0.221133
train_448,17,6,0.322026,0.415799,0.056300,0.211741
train_448,21,8,0.516479,0.372682,0.037134,0.272361
train_448,22,9,0.546824,0.371401,0.029148,0.268092
train_448,23,10,0.578767,0.384208,0.053105,0.283460
train_448,24,11,0.597334,0.394881,0.044720,0.277484
train_448,27,14,0.682582,0.399150,0.053105,0.256993
train_448,28,15,0.718119,0.388904,0.049112,0.256993
train_448,31,16,0.517277,0.620283,0.019565,0.207472
train_448,32,17,0.537441,0.627113,0.024756,0.221133
train_448,33,18,0.557605,0.642481,0.026752,0.229671
train_448,34,19,0.578169,0.651446,0.029547,0.228817
train_448,35,20,0.597334,0.664680,0.035137,0.231379
train_448,36,21,0.635067,0.665534,0.058695,0.227964
train_448,37,22,0.676793,0.651446,0.073469,0.230525
train_448,38,23,0.714525,0.614306,0.073070,0.197227
train_448,41,24,0.499110,0.627967,0.031144,0.229671
train_448,42,25,0.484336,0.633944,0.037533,0.245039
train_448,43,26,0.462575,0.639493,0.035537,0.242478
train_448,44,27,0.447402,0.641628,0.029947,0.231379
train_448,45,28,0.421248,0.655715,0.035936,0.211741
train_448,46,29,0.387309,0.652727,0.073469,0.234794
train_448,47,30,0.342589,0.645897,0.082253,0.233086
train_448,48,31,0.299066,0.598084,0.083052,0.205765
train_449,11,0,0.486975,0.403547,0.031793,0.250834
train_449,12,1,0.458088,0.398383,0.030083,0.249358
train_449,13,2,0.429885,0.392112,0.038630,0.278130
train_449,15,4,0.383393,0.404654,0.045467,0.233865
train_449,16,5,0.344592,0.407605,0.054697,0.227964
train_449,17,6,0.303227,0.401334,0.049911,0.236079
train_449,21,8,0.515691,0.398752,0.029742,0.241243
train_449,22,9,0.540305,0.394694,0.027007,0.241981
train_449,23,10,0.565260,0.385103,0.032476,0.272966
train_449,24,11,0.589361,0.393956,0.039655,0.246407
train_449,25,12,0.620299,0.400227,0.037946,0.238292
train_449,27,14,0.677731,0.408342,0.067346,0.230915
train_449,28,15,0.709695,0.414982,0.048544,0.222062
train_449,31,16,0.510222,0.658069,0.022904,0.233128
train_449,32,17,0.530220,0.659176,0.021195,0.245669
train_449,33,18,0.549364,0.666922,0.028032,0.264113
train_449,34,19,0.568166,0.654012,0.037604,0.251571
train_449,35,20,0.597053,0.662865,0.052988,0.272228
train_449,36,21,0.644229,0.666185,0.078969,0.277393
train_449,37,22,0.690551,0.653274,0.086148,0.260424
train_449,38,23,0.737385,0.634462,0.072474,0.249358
train_449,41,24,0.493812,0.667291,0.024956,0.254522
train_449,42,25,0.474839,0.666185,0.028716,0.261162
train_449,43,26,0.450909,0.672456,0.036237,0.292885
train_449,44,27,0.421510,0.658069,0.033502,0.256736
train_449,45,28,0.392965,0.667660,0.042732,0.286245
train_449,46,29,0.345617,0.650323,0.072474,0.254522
train_449,47,30,0.312457,0.641101,0.054013,0.247883
train_449,48,31,0.247846,0.640732,0.079311,0.123204
train_45,11,0,0.475455,0.426614,0.026569,0.254867
train_45,12,1,0.449519,0.426614,0.034160,0.244621
train_45,13,2,0.425797,0.427894,0.030997,0.262551
train_45,14,3,0.403340,0.409324,0.039221,0.253586
train_45,15,4,0.374557,0.404841,0.055035,0.280482
train_45,16,5,0.330908,0.420850,0.044914,0.238217
train_45,21,8,0.501392,0.434298,0.036690,0.249744
train_45,22,9,0.526379,0.425973,0.028467,0.238217
train_45,23,10,0.552315,0.430456,0.029732,0.231814
train_45,24,11,0.571293,0.411885,0.032262,0.220287
train_45,25,12,0.601657,0.395876,0.044914,0.249744
train_45,26,13,0.639929,0.388192,0.040486,0.242059
train_45,27,14,0.668079,0.381148,0.048710,0.233094
train_45,31,16,0.505820,0.671235,0.022773,0.183145
train_45,32,17,0.524165,0.673156,0.029099,0.212602
train_45,33,18,0.545040,0.677638,0.036690,0.244621
train_45,34,19,0.574140,0.665471,0.068320,0.230533
train_45,36,21,0.600076,0.648822,0.091093,0.227971
train_45,37,22,0.648153,0.636655,0.091093,0.229252
train_45,38,23,0.698128,0.596311,0.093623,0.189549
train_45,41,24,0.488740,0.669954,0.021508,0.183145
train_45,42,25,0.471660,0.678919,0.037955,0.211322
train_45,43,26,0.452050,0.689165,0.031630,0.259990
train_45,44,27,0.425164,0.687244,0.044914,0.245902
train_45,46,29,0.393219,0.673796,0.086032,0.259990
train_45,47,30,0.335020,0.667392,0.088563,0.244621
train_45,48,31,0.294218,0.614242,0.077809,0.225410
train_450,11,0,0.468816,0.436551,0.042224,0.242004
train_450,12,1,0.434664,0.433408,0.033531,0.224404
train_450,13,2,0.408584,0.428694,0.033531,0.232576
train_450,14,3,0.384522,0.425865,0.036325,0.210575
train_450,15,4,0.355803,0.428694,0.035394,0.201147
train_450,16,5,0.316994,0.423665,0.049676,0.194861
train_450,17,6,0.273372,0.401979,0.053712,0.190461
train_450,21,8,0.500795,0.440951,0.050918,0.234461
train_450,22,9,0.534947,0.427122,0.028564,0.239490
train_450,23,10,0.559940,0.427751,0.031979,0.225661
train_450,24,11,0.584933,0.423665,0.037257,0.221261
train_450,25,12,0.613342,0.422722,0.034463,0.205547
train_450,26,13,0.646718,0.411722,0.058990,0.201147
train_450,27,14,0.683664,0.394750,0.034773,0.165946
train_450,28,15,0.718748,0.393179,0.052160,0.167832
train_450,31,16,0.510575,0.662526,0.023286,0.186061
train_450,32,17,0.531532,0.673841,0.028564,0.212461
train_450,33,18,0.560406,0.686727,0.046571,0.243262
train_450,34,19,0.586175,0.679498,0.050297,0.238862
train_450,35,20,0.618775,0.663155,0.063337,0.220004
train_450,36,21,0.662241,0.633297,0.088175,0.218118
train_450,37,22,0.703845,0.578296,0.088175,0.199889
train_450,41,24,0.488065,0.669755,0.024217,0.195489
train_450,42,25,0.465866,0.672898,0.035705,0.209318
train_450,43,26,0.427212,0.681070,0.058369,0.224404
train_450,44,27,0.404082,0.673527,0.058059,0.223147
train_450,45,28,0.363876,0.677612,0.077619,0.247662
train_450,46,29,0.316373,0.653726,0.099973,0.237604
train_450,47,30,0.273217,0.606583,0.096868,0.198632
train_450,48,31,0.234575,0.571889,0.090628,0.217464
train_451,11,0,0.487917,0.442324,0.027581,0.321776
train_451,12,1,0.465152,0.430129,0.031083,0.325528
train_451,13,2,0.446108,0.424500,0.032396,0.321776
train_451,14,3,0.422248,0.409490,0.043341,0.295508
train_451,15,4,0.396419,0.392135,0.052097,0.317085
train_451,16,5,0.357674,0.389789,0.055162,0.244850
train_451,17,6,0.310174,0.371496,0.048595,0.240159
train_451,21,8,0.513747,0.424500,0.028456,0.359301
train_451,22,9,0.538263,0.433412,0.027581,0.303951
train_451,23,10,0.561466,0.420278,0.026705,0.303951
train_451,24,11,0.580291,0.418402,0.042466,0.292694
train_451,25,12,0.605901,0.395887,0.043779,0.300199
train_451,26,13,0.637641,0.398233,0.047719,0.272993
train_451,27,14,0.675948,0.372434,0.053410,0.262674
train_451,28,15,0.706593,0.351327,0.058664,0.237345
train_451,31,16,0.513966,0.704060,0.021014,0.162295
train_451,32,17,0.531696,0.709689,0.024954,0.186686
train_451,33,18,0.555337,0.706405,0.030208,0.208263
train_451,34,19,0.580072,0.706405,0.048157,0.247664
train_451,35,20,0.612906,0.691396,0.065669,0.243912
train_451,36,21,0.650118,0.661376,0.086682,0.234530
train_451,37,22,0.700026,0.611186,0.098065,0.220459
train_451,38,23,0.739865,0.554899,0.084931,0.184810
train_451,41,24,0.496016,0.715787,0.021890,0.185748
train_451,42,25,0.477410,0.708751,0.024078,0.190439
train_451,43,26,0.456396,0.712034,0.026705,0.219520
train_451,44,27,0.436914,0.714380,0.033272,0.242973
train_451,45,28,0.402986,0.705936,0.067857,0.261736
train_451,46,29,0.358331,0.659499,0.105507,0.240159
train_451,47,30,0.311707,0.633232,0.093687,0.251417
train_452,11,0,0.476306,0.408469,0.032703,0.306715
train_452,12,1,0.453036,0.406397,0.030188,0.316386
train_452,13,2,0.430710,0.410542,0.034590,0.327439
train_452,14,3,0.402723,0.414686,0.049055,0.269411
train_452,16,5,0.365617,0.409160,0.052829,0.225200
train_452,17,6,0.322223,0.393962,0.047797,0.225200
train_452,21,8,0.507751,0.405706,0.031446,0.301188
train_452,22,9,0.532593,0.397416,0.028301,0.303951
train_452,23,10,0.558693,0.395344,0.035219,0.316386
train_452,24,11,0.580076,0.394653,0.040250,0.284609
train_452,25,12,0.600516,0.391199,0.039621,0.263885
train_452,26,13,0.640452,0.388436,0.054086,0.252832
train_452,27,14,0.667809,0.374620,0.072325,0.244543
train_452,28,15,0.686362,0.302777,0.079243,0.186516
train_452,31,16,0.509009,0.688243,0.031446,0.203095
train_452,32,17,0.526933,0.691697,0.027043,0.226582
train_452,33,18,0.549574,0.699295,0.032074,0.261122
train_452,34,19,0.569385,0.690315,0.038992,0.273556
train_452,35,20,0.603975,0.657847,0.062891,0.216911
train_452,36,21,0.647684,0.635051,0.092450,0.237635
train_452,37,22,0.697682,0.605347,0.088048,0.227964
train_452,41,24,0.489827,0.709657,0.024528,0.234872
train_452,42,25,0.471589,0.702749,0.023270,0.237635
train_452,43,26,0.446433,0.717947,0.033332,0.281846
train_452,44,27,0.423163,0.702749,0.032074,0.234872
train_452,45,28,0.392032,0.677190,0.051571,0.241779
train_452,46,29,0.357127,0.650249,0.081130,0.237635
train_452,47,30,0.300840,0.612255,0.089305,0.230727
train_453,11,0,0.487975,0.420069,0.042517,0.207426
train_453,12,1,0.455604,0.402612,0.037685,0.234125
train_453,13,2,0.430964,0.377968,0.038651,0.242340
train_453,14,3,0.410189,0.404666,0.031887,0.234125
train_453,15,4,0.378301,0.400559,0.039618,0.221802
train_453,16,5,0.337234,0.413908,0.057977,0.211534
train_453,17,6,0.291818,0.420069,0.056045,0.199211
train_453,21,8,0.518413,0.403639,0.033820,0.223856
train_453,22,9,0.541603,0.411854,0.028022,0.199211
train_453,23,10,0.568176,0.396451,0.044449,0.221802
train_453,24,11,0.601030,0.395424,0.034786,0.211534
train_453,25,12,0.629052,0.396451,0.036719,0.201265
train_453,26,13,0.655142,0.398505,0.050247,0.217695
train_453,28,15,0.727614,0.385156,0.052179,0.232071
train_453,31,16,0.502952,0.632630,0.029955,0.193050
train_453,32,17,0.527109,0.639818,0.022225,0.215641
train_453,33,18,0.551749,0.651113,0.038651,0.238232
train_453,34,19,0.579289,0.653167,0.033820,0.221802
train_453,35,20,0.599581,0.648033,0.033820,0.199211
train_453,36,21,0.636300,0.653167,0.049281,0.242340
train_453,41,24,0.484593,0.653167,0.028022,0.205373
train_453,42,25,0.460435,0.658301,0.020292,0.207426
train_453,43,26,0.437245,0.656247,0.026090,0.215641
train_453,44,27,0.415986,0.669597,0.039618,0.225910
train_453,45,28,0.388447,0.656247,0.030921,0.203319
train_453,46,29,0.350279,0.665489,0.055078,0.225910
train_454,11,0,0.464935,0.446922,0.035084,0.235090
train_454,12,1,0.438545,0.444094,0.024527,0.239490
train_454,13,2,0.412931,0.433722,0.029806,0.236347
train_454,14,3,0.389179,0.434351,0.031358,0.198632
train_454,15,4,0.360926,0.440008,0.033221,0.214975
train_454,16,5,0.326929,0.457294,0.044087,0.204289
train_454,17,6,0.289828,0.447237,0.042535,0.195489
train_454,21,8,0.496448,0.448808,0.031668,0.235090
train_454,22,9,0.520976,0.434037,0.032910,0.234461
train_454,23,10,0.545037,0.431836,0.033842,0.250176
train_454,24,11,0.568633,0.425865,0.040672,0.233204
train_454,25,12,0.594868,0.427751,0.035394,0.230690
train_454,26,13,0.626847,0.428379,0.045329,0.210575
train_454,27,14,0.661310,0.418322,0.045950,0.201775
train_454,31,16,0.482477,0.694584,0.023596,0.218747
train_454,32,17,0.500950,0.695841,0.024527,0.230061
train_454,33,18,0.521752,0.699299,0.034463,0.247033
train_454,34,19,0.548918,0.711870,0.039120,0.269662
train_454,35,20,0.569565,0.699613,0.038809,0.245147
train_454,36,21,0.624208,0.696784,0.089727,0.252062
train_454,38,23,0.698256,0.603754,0.099352,0.190461
train_454,41,24,0.466332,0.710927,0.017387,0.247662
train_454,42,25,0.450032,0.717527,0.028874,0.272176
train_454,43,26,0.429220,0.758435,0.034601,0.348361
train_454,44,27,0.402455,0.708341,0.043257,0.232965
train_454,45,28,0.374324,0.715782,0.046932,0.228386
train_454,46,29,0.334319,0.706338,0.073225,0.220945
train_454,47,30,0.292900,0.684873,0.071246,0.212359
train_454,48,31,0.253319,0.606454,0.072942,0.181450
train_455,11,0,0.487530,0.385245,0.035163,0.282621
train_455,12,1,0.458332,0.386578,0.033279,0.290620
train_455,13,2,0.430390,0.368581,0.043954,0.347944
train_455,16,5,0.353784,0.443236,0.050233,0.238628
train_455,17,6,0.300098,0.423906,0.059652,0.245294
train_455,18,7,0.258970,0.423239,0.047721,0.241295
train_455,21,8,0.530542,0.385245,0.054628,0.287954
train_455,22,9,0.555658,0.381246,0.037047,0.282621
train_455,23,10,0.584228,0.377913,0.045210,0.318616
train_455,25,12,0.633205,0.404575,0.037675,0.265291
train_455,26,13,0.674647,0.409908,0.064047,0.246627
train_455,27,14,0.717659,0.401242,0.058396,0.258625
train_455,31,16,0.514530,0.660534,0.030140,0.235962
train_455,32,17,0.529286,0.670533,0.024489,0.263958
train_455,33,18,0.558798,0.687197,0.039558,0.291953
train_455,34,19,0.590193,0.684530,0.047093,0.262625
train_455,35,20,0.614996,0.686530,0.043954,0.277289
train_455,36,21,0.657066,0.681864,0.076605,0.273290
train_455,37,22,0.701648,0.668533,0.066559,0.265291
train_455,38,23,0.743090,0.648536,0.050233,0.241295
train_455,41,24,0.493181,0.673199,0.030140,0.266624
train_455,42,25,0.479053,0.687197,0.044582,0.291953
train_455,43,26,0.451425,0.699195,0.035791,0.307951
train_455,44,27,0.423169,0.704527,0.032024,0.302618
train_455,45,28,0.396482,0.695862,0.032651,0.295953
train_455,47,30,0.311714,0.694529,0.087908,0.282621
train_455,48,31,0.261167,0.671199,0.081001,0.251960
train_456,11,0,0.485672,0.410334,0.033404,0.222264
train_456,12,1,0.461058,0.412234,0.024613,0.226064
train_456,13,2,0.441719,0.390388,0.029887,0.265957
train_456,14,3,0.420622,0.390388,0.033404,0.258359
train_456,15,4,0.399965,0.380889,0.034283,0.246960
train_456,16,5,0.366122,0.383739,0.047468,0.229863
train_456,17,6,0.324807,0.383739,0.043952,0.210866
train_456,22,9,0.534459,0.402736,0.029008,0.241261
train_456,23,10,0.559511,0.396087,0.031646,0.269757
train_456,24,11,0.581487,0.391337,0.035162,0.275456
train_456,25,12,0.604342,0.409384,0.040436,0.243161
train_456,26,13,0.641702,0.400836,0.048347,0.245061
train_456,27,14,0.684335,0.397036,0.047468,0.233663
train_456,28,15,0.717739,0.401786,0.042194,0.186170
train_456,31,16,0.509845,0.642097,0.016702,0.188070
train_456,32,17,0.531821,0.648746,0.021976,0.205167
train_456,33,18,0.552039,0.660144,0.029008,0.246960
train_456,34,19,0.576213,0.660144,0.035162,0.239362
train_456,35,20,0.601705,0.672492,0.042194,0.241261
train_456,36,21,0.650492,0.658245,0.078235,0.235562
train_456,37,22,0.699279,0.626900,0.100211,0.229863
train_456,41,24,0.490946,0.645897,0.019339,0.199468
train_456,42,25,0.473365,0.653495,0.022855,0.210866
train_456,43,26,0.452707,0.656345,0.027250,0.243161
train_456,44,27,0.428094,0.656345,0.044831,0.231763
train_456,45,28,0.404800,0.654445,0.043952,0.243161
train_456,46,29,0.365682,0.641147,0.076477,0.254559
train_456,47,30,0.315577,0.615502,0.085267,0.226064
train_457,11,0,0.495445,0.482270,0.030977,0.212766
train_457,12,1,0.474186,0.487969,0.023688,0.196302
train_457,13,2,0.459609,0.498100,0.026118,0.206434
train_457,14,3,0.445639,0.478470,0.028547,0.200101
train_457,15,4,0.424988,0.474037,0.032191,0.211499
train_457,16,5,0.396744,0.476570,0.057094,0.211499
train_457,17,6,0.356353,0.436044,0.057702,0.226697
train_457,21,8,0.517918,0.487335,0.028547,0.227964
train_457,22,9,0.542213,0.486702,0.022473,0.234296
train_457,23,10,0.563472,0.489235,0.027332,0.221631
train_457,24,11,0.582908,0.474671,0.032191,0.207700
train_457,25,12,0.604167,0.477837,0.022473,0.229230
train_457,26,13,0.637269,0.469605,0.047376,0.217832
train_457,27,14,0.677660,0.475304,0.046769,0.216565
train_457,28,15,0.708030,0.455041,0.045554,0.176039
train_457,31,16,0.515792,0.705800,0.017007,0.193769
train_457,32,17,0.535836,0.708967,0.023081,0.202634
train_457,33,18,0.558916,0.708333,0.029155,0.216565
train_457,34,19,0.581693,0.717199,0.037051,0.241895
train_457,35,20,0.609937,0.722898,0.047376,0.240628
train_457,36,21,0.650328,0.707067,0.073494,0.257092
train_457,37,22,0.704082,0.653242,0.083819,0.184904
train_457,41,24,0.499393,0.708967,0.019436,0.200101
train_457,42,25,0.484208,0.709600,0.029155,0.206434
train_457,43,26,0.465075,0.715299,0.027332,0.197568
train_457,44,27,0.448372,0.708333,0.027940,0.231763
train_457,45,28,0.423469,0.711499,0.054665,0.238095
train_457,46,29,0.380041,0.692503,0.074708,0.222898
train_457,48,31,0.306548,0.601950,0.106293,0.178571
train_458,11,0,0.466841,0.450812,0.030738,0.264496
train_458,12,1,0.442826,0.450082,0.022413,0.268880
train_458,13,2,0.417851,0.449351,0.035221,0.264496
train_458,14,3,0.400241,0.442775,0.030738,0.242577
train_458,15,4,0.380389,0.441314,0.030738,0.260112
train_458,16,5,0.357015,0.444967,0.042906,0.235270
train_458,17,6,0.323074,0.424509,0.041625,0.252806
train_458,21,8,0.495338,0.446429,0.031379,0.270341
train_458,22,9,0.521914,0.451543,0.028177,0.248422
train_458,23,10,0.543687,0.444967,0.028177,0.246960
train_458,24,11,0.562578,0.446429,0.035221,0.223580
train_458,25,12,0.584992,0.454466,0.033940,0.219196
train_458,26,13,0.612528,0.442775,0.042906,0.225041
train_458,27,14,0.642627,0.423778,0.044187,0.242577
train_458,31,16,0.491816,0.680237,0.019212,0.200199
train_458,32,17,0.511348,0.689005,0.026256,0.232347
train_458,33,18,0.532160,0.699234,0.030738,0.267419
train_458,34,19,0.558416,0.689736,0.035862,0.263035
train_458,35,20,0.583391,0.687544,0.033300,0.267419
train_458,36,21,0.626297,0.661971,0.081969,0.227964
train_458,37,22,0.663119,0.624708,0.082610,0.191431
train_458,41,24,0.473885,0.695581,0.020492,0.225041
train_458,42,25,0.454994,0.697042,0.026256,0.230886
train_458,43,26,0.432900,0.717501,0.028177,0.286416
train_458,44,27,0.409847,0.699965,0.029458,0.248422
train_458,45,28,0.389674,0.692658,0.035221,0.265957
train_458,46,29,0.359897,0.667086,0.062758,0.226502
train_458,47,30,0.325316,0.659048,0.064039,0.230886
train_459,11,0,0.475488,0.365548,0.036329,0.351156
train_459,12,1,0.449310,0.354034,0.036329,0.362669
train_459,13,2,0.416186,0.340794,0.041672,0.370729
train_459,15,4,0.362493,0.381666,0.041138,0.302800
train_459,16,5,0.327766,0.373607,0.055028,0.286681
train_459,17,6,0.280752,0.350580,0.052891,0.309708
train_459,21,8,0.516640,0.366473,0.048651,0.334731
train_459,22,9,0.545875,0.370320,0.036600,0.325113
train_459,23,10,0.577342,0.358297,0.043295,0.341464
train_459,24,11,0.603230,0.380420,0.047758,0.324151
train_459,25,12,0.635589,0.367916,0.036600,0.327998
train_459,27,14,0.716823,0.363106,0.051776,0.320303
train_459,28,15,0.759449,0.363587,0.041510,0.286638
train_459,31,16,0.502580,0.668020,0.028566,0.231811
train_459,32,17,0.521996,0.669943,0.033476,0.262591
train_459,33,18,0.544759,0.694471,0.034368,0.294333
train_459,41,24,0.486512,0.676196,0.023210,0.259705
train_459,42,25,0.466426,0.685814,0.033029,0.278943
train_459,43,26,0.439869,0.707937,0.036154,0.313570
train_459,44,27,0.411526,0.700242,0.043741,0.290485
train_459,45,28,0.383630,0.693509,0.047758,0.263553
train_459,47,30,0.287667,0.642530,0.104890,0.227002
train_459,48,31,0.247719,0.579047,0.090161,0.142357
train_46,11,0,0.463535,0.389301,0.042795,0.262373
train_46,12,1,0.439583,0.387868,0.035769,0.268108
train_46,13,2,0.414992,0.387868,0.037685,0.282445
train_46,14,3,0.397108,0.405073,0.036407,0.245168
train_46,15,4,0.379862,0.403639,0.035130,0.265241
train_46,16,5,0.338026,0.414392,0.074092,0.238000
train_46,21,8,0.501859,0.376398,0.036407,0.285313
train_46,22,9,0.529004,0.372097,0.037046,0.279578
train_46,23,10,0.558705,0.364928,0.037685,0.299650
train_46,24,11,0.582657,0.366362,0.035769,0.282445
train_46,25,12,0.606929,0.390018,0.038323,0.243735
train_46,27,14,0.681660,0.417259,0.084312,0.266674
train_46,31,16,0.502817,0.635904,0.021717,0.207891
train_46,32,17,0.524853,0.658126,0.024910,0.258072
train_46,33,18,0.547527,0.687518,0.031936,0.302518
train_46,34,19,0.575312,0.698988,0.036407,0.308253
train_46,35,20,0.599584,0.698988,0.038962,0.288180
train_46,41,24,0.483016,0.653108,0.025549,0.248036
train_46,42,25,0.465451,0.661711,0.030020,0.248036
train_46,43,26,0.441180,0.693970,0.028743,0.315421
train_46,44,27,0.418186,0.709024,0.028743,0.282445
train_46,45,28,0.400301,0.696837,0.030020,0.275277
train_46,46,29,0.369004,0.706156,0.063234,0.276710
train_46,47,30,0.329722,0.697554,0.066427,0.259506
train_46,48,31,0.287247,0.643789,0.072176,0.209325
train_460,11,0,0.486915,0.452528,0.046343,0.193969
train_460,12,1,0.452384,0.475524,0.046343,0.215965
train_460,13,2,0.429667,0.475524,0.040891,0.239962
train_460,14,3,0.403315,0.487522,0.037256,0.251960
train_460,15,4,0.387867,0.482523,0.035439,0.249960
train_460,16,5,0.356972,0.484522,0.042709,0.233963
train_460,17,6,0.322895,0.475524,0.043617,0.227964
train_460,21,8,0.524171,0.454527,0.037256,0.229963
train_460,22,9,0.549615,0.444529,0.031804,0.213966
train_460,23,10,0.577330,0.449528,0.029078,0.231963
train_460,24,11,0.602319,0.448528,0.024535,0.241961
train_460,25,12,0.621856,0.447528,0.030896,0.231963
train_460,26,13,0.649571,0.457527,0.037256,0.231963
train_460,27,14,0.682284,0.450528,0.035439,0.221964
train_460,28,15,0.707273,0.434530,0.045435,0.197968
train_460,31,16,0.510995,0.703487,0.027261,0.251960
train_460,32,17,0.533713,0.700488,0.029078,0.253959
train_460,33,18,0.559156,0.712486,0.036348,0.269957
train_460,34,19,0.588689,0.706487,0.035439,0.253959
train_460,35,20,0.616858,0.700488,0.040891,0.249960
train_460,37,22,0.695915,0.660494,0.079056,0.221964
train_460,38,23,0.730445,0.626500,0.068152,0.205967
train_460,41,24,0.487369,0.702488,0.029078,0.233963
train_460,42,25,0.467832,0.707487,0.039074,0.235962
train_460,43,26,0.443752,0.729483,0.038165,0.271956
train_460,44,27,0.417400,0.735482,0.032713,0.267957
train_460,45,28,0.391048,0.742481,0.041800,0.257959
train_460,46,29,0.347885,0.735482,0.077239,0.255959
train_460,47,30,0.306993,0.713486,0.080874,0.267957
train_460,48,31,0.255652,0.682491,0.083600,0.193969
train_461,11,0,0.482422,0.419814,0.039092,0.269343
train_461,12,1,0.450249,0.411914,0.035632,0.274610
train_461,13,2,0.422055,0.401758,0.037362,0.279876
train_461,14,3,0.401471,0.400253,0.046011,0.266334
train_461,15,4,0.375525,0.408905,0.034941,0.253544
train_461,16,5,0.343698,0.393105,0.042551,0.211412
train_461,17,6,0.311006,0.388967,0.045665,0.255801
train_461,18,7,0.272087,0.376554,0.056389,0.236992
train_461,21,8,0.520477,0.419438,0.043935,0.274610
train_461,22,9,0.548498,0.413795,0.041168,0.252791
train_461,23,10,0.580152,0.393105,0.031135,0.298685
train_461,24,11,0.601082,0.399877,0.034249,0.274610
train_461,25,12,0.626682,0.406272,0.028714,0.263324
train_461,26,13,0.663698,0.414924,0.047395,0.244515
train_461,27,14,0.703309,0.393482,0.043589,0.255801
train_461,28,15,0.739115,0.374673,0.047395,0.257305
train_461,31,16,0.508195,0.671101,0.029751,0.218183
train_461,32,17,0.527396,0.675991,0.042551,0.221945
train_461,33,18,0.548325,0.696304,0.046357,0.273105
train_461,34,19,0.577731,0.717747,0.031135,0.281381
train_461,35,20,0.599698,0.709471,0.034249,0.234735
train_461,36,21,0.647439,0.687276,0.081297,0.265581
train_461,37,22,0.697601,0.667339,0.084757,0.260315
train_461,38,23,0.749839,0.662072,0.063308,0.174546
train_461,41,24,0.488304,0.681634,0.025946,0.246772
train_461,42,25,0.465304,0.688591,0.030798,0.242848
train_461,43,26,0.441710,0.704650,0.037282,0.308652
train_461,44,27,0.413524,0.701712,0.037102,0.301993
train_461,45,28,0.387949,0.702888,0.046467,0.276141
train_461,46,29,0.346434,0.684478,0.078706,0.255774
train_461,47,30,0.302398,0.662152,0.083209,0.256557
train_461,48,31,0.253770,0.626704,0.094015,0.250682
train_462,11,0,0.489498,0.271803,0.036311,0.347791
train_462,12,1,0.457726,0.275456,0.032819,0.363865
train_462,13,2,0.430144,0.268880,0.044690,0.388707
train_462,14,3,0.400466,0.287877,0.059354,0.400397
train_462,16,5,0.331685,0.418664,0.083794,0.241115
train_462,17,6,0.285599,0.418664,0.074018,0.264496
train_462,21,8,0.545361,0.292261,0.085191,0.312719
train_462,22,9,0.580275,0.302490,0.086587,0.312719
train_462,23,10,0.616237,0.327332,0.104044,0.289338
train_462,27,14,0.734247,0.419394,0.073320,0.248422
train_462,31,16,0.526856,0.604980,0.049578,0.303951
train_462,32,17,0.548852,0.598404,0.029328,0.279109
train_462,33,18,0.575736,0.620324,0.037009,0.293722
train_462,34,19,0.609254,0.629822,0.041199,0.289338
train_462,35,20,0.640676,0.635668,0.038406,0.277648
train_462,36,21,0.682224,0.638590,0.055863,0.251344
train_462,37,22,0.739135,0.655395,0.074716,0.241115
train_462,41,24,0.503463,0.611556,0.044690,0.314181
train_462,42,25,0.483213,0.604980,0.047483,0.289338
train_462,43,26,0.461916,0.631284,0.053768,0.321487
train_462,44,27,0.428398,0.636398,0.049578,0.299567
train_462,46,29,0.349143,0.675123,0.079604,0.292261
train_462,47,30,0.292581,0.685352,0.087984,0.283493
train_463,11,0,0.494486,0.441964,0.031311,0.248544
train_463,12,1,0.463175,0.442756,0.032838,0.243794
train_463,13,2,0.432246,0.419010,0.036657,0.278622
train_463,14,3,0.409717,0.415052,0.040475,0.277039
train_463,15,4,0.380315,0.418218,0.039712,0.273873
train_463,16,5,0.349386,0.405553,0.054222,0.280205
train_463,17,6,0.308911,0.400804,0.071023,0.245377
train_463,18,7,0.271872,0.363602,0.074841,0.231130
train_463,21,8,0.526561,0.436424,0.035893,0.253293
train_463,22,9,0.552526,0.433257,0.040475,0.281788
train_463,23,10,0.582310,0.420593,0.037421,0.269124
train_463,24,11,0.606748,0.419010,0.042003,0.262791
train_463,25,12,0.637677,0.422176,0.042766,0.246960
train_463,27,14,0.686935,0.397638,0.054222,0.258042
train_463,28,15,0.730847,0.393680,0.050403,0.221631
train_463,31,16,0.507087,0.703172,0.024438,0.254876
train_463,32,17,0.530379,0.711879,0.023674,0.269124
train_463,33,18,0.555581,0.725336,0.042003,0.286537
train_463,34,19,0.581164,0.707922,0.051931,0.258042
train_463,35,20,0.612094,0.685759,0.061859,0.239045
train_463,36,21,0.651042,0.667553,0.080187,0.240628
train_463,37,22,0.700681,0.642224,0.086296,0.253293
train_463,38,23,0.754139,0.570985,0.096988,0.148810
train_463,41,24,0.491050,0.696840,0.024438,0.248544
train_463,42,25,0.469666,0.698423,0.033602,0.254876
train_463,43,26,0.444465,0.715837,0.035130,0.299202
train_463,44,27,0.417354,0.692882,0.034366,0.269124
train_463,45,28,0.386807,0.680218,0.051167,0.237462
train_463,48,31,0.273017,0.602647,0.115316,0.202634
train_464,11,0,0.474021,0.385696,0.033801,0.338491
train_464,12,1,0.448536,0.401239,0.022534,0.298195
train_464,13,2,0.425466,0.383393,0.039703,0.338491
train_464,14,3,0.411516,0.403541,0.043995,0.309708
train_464,15,4,0.388177,0.422538,0.047751,0.297043
train_464,16,5,0.360009,0.443838,0.054726,0.268260
train_464,17,6,0.317356,0.442111,0.055262,0.280925
train_464,21,8,0.496555,0.383969,0.037020,0.332735
train_464,22,9,0.519626,0.370729,0.032728,0.333886
train_464,23,10,0.547526,0.350580,0.040240,0.376485
train_464,24,11,0.574352,0.404117,0.058481,0.264806
train_464,25,12,0.599300,0.415630,0.051507,0.237174
train_464,26,13,0.634443,0.435203,0.065993,0.257898
train_464,27,14,0.679243,0.424841,0.052580,0.246385
train_464,31,16,0.502726,0.681012,0.030045,0.233720
train_464,32,17,0.521772,0.679861,0.033801,0.233720
train_464,33,18,0.552086,0.707493,0.049360,0.307405
train_464,34,19,0.576230,0.681012,0.046141,0.265957
train_464,35,20,0.608153,0.684466,0.049897,0.261352
train_464,37,22,0.705264,0.647624,0.085308,0.238326
train_464,41,24,0.485557,0.677558,0.031119,0.231418
train_464,42,25,0.470802,0.687345,0.038093,0.253293
train_464,43,26,0.444512,0.719006,0.034874,0.314313
train_464,44,27,0.417418,0.704039,0.042922,0.270563
train_464,45,28,0.396762,0.701736,0.048824,0.265957
train_464,46,29,0.355449,0.708069,0.071358,0.257898
train_465,11,0,0.478411,0.365342,0.034847,0.283955
train_465,12,1,0.449583,0.352677,0.029145,0.274623
train_465,13,2,0.419804,0.336679,0.043084,0.309284
train_465,14,3,0.393511,0.332014,0.055122,0.302618
train_465,15,4,0.371019,0.344678,0.031679,0.269290
train_465,17,6,0.297207,0.324015,0.047519,0.265291
train_465,18,7,0.252539,0.321349,0.044351,0.227964
train_465,21,8,0.508189,0.338013,0.032313,0.319949
train_465,22,9,0.540185,0.340679,0.039282,0.298619
train_465,23,10,0.568379,0.327348,0.042450,0.319949
train_465,24,11,0.598158,0.326015,0.048786,0.298619
train_465,25,12,0.617482,0.329347,0.044351,0.286621
train_465,27,14,0.700481,0.323348,0.053221,0.245294
train_465,28,15,0.736278,0.304685,0.047519,0.226630
train_465,31,16,0.492350,0.653295,0.025977,0.251960
train_465,32,17,0.513574,0.643964,0.020275,0.249293
train_465,33,18,0.538284,0.663960,0.035481,0.283955
train_465,34,19,0.561093,0.654629,0.039282,0.267957
train_465,35,20,0.592455,0.639298,0.058923,0.237295
train_465,36,21,0.636172,0.613968,0.091869,0.255959
train_465,37,22,0.691928,0.609303,0.109610,0.259958
train_465,38,23,0.734061,0.557311,0.084900,0.219965
train_465,41,24,0.473976,0.647296,0.028511,0.247960
train_465,42,25,0.457819,0.651296,0.022809,0.258625
train_465,43,26,0.433110,0.671959,0.038015,0.307951
train_465,44,27,0.409667,0.653962,0.043084,0.261292
train_465,45,28,0.385908,0.644630,0.056389,0.247960
train_465,46,29,0.346626,0.630632,0.093136,0.278622
train_465,47,30,0.296890,0.599304,0.084900,0.234629
train_465,48,31,0.244303,0.556644,0.082366,0.197302
train_466,11,0,0.478482,0.529850,0.039652,0.232093
train_466,12,1,0.449662,0.527372,0.032703,0.232093
train_466,13,2,0.419617,0.518287,0.036382,0.261828
train_466,14,3,0.389162,0.520352,0.041696,0.251090
train_466,15,4,0.359117,0.515396,0.041287,0.236223
train_466,16,5,0.358299,0.533567,0.043740,0.194925
train_466,16,5,0.317012,0.506310,0.053551,0.221356
train_466,17,6,0.318647,0.514570,0.057639,0.213096
train_466,17,6,0.280630,0.461296,0.074807,0.189144
train_466,18,7,0.265272,0.360942,0.085514,0.157403
train_466,21,8,0.514046,0.523242,0.037199,0.245309
train_466,22,9,0.542252,0.517048,0.038017,0.237875
train_466,23,10,0.575977,0.489791,0.039243,0.257698
train_466,24,11,0.607249,0.507136,0.040470,0.246135
train_466,25,12,0.637090,0.493921,0.038834,0.257698
train_466,26,13,0.680625,0.486900,0.057230,0.238701
train_466,27,14,0.709036,0.436517,0.060909,0.179232
train_466,28,15,0.733582,0.346016,0.071187,0.147453
train_466,31,16,0.509345,0.744185,0.030250,0.178406
train_466,32,17,0.531624,0.742120,0.026571,0.180884
train_466,33,18,0.567597,0.761943,0.049463,0.240353
train_466,34,19,0.589671,0.754097,0.035564,0.219704
train_466,35,20,0.630345,0.750380,0.060500,0.237049
train_466,36,21,0.671209,0.732617,0.089665,0.260591
train_466,37,22,0.727940,0.712010,0.089665,0.205639
train_466,38,23,0.775668,0.624186,0.074769,0.153785
train_466,41,24,0.487737,0.750004,0.034633,0.186320
train_466,42,25,0.470739,0.757732,0.052481,0.201776
train_466,43,26,0.437593,0.798302,0.041433,0.266601
train_466,44,27,0.406253,0.777695,0.036546,0.240843
train_466,45,28,0.373107,0.751078,0.046745,0.208215
train_466,46,29,0.321369,0.741633,0.094976,0.245136
train_466,47,30,0.265063,0.714372,0.095826,0.202634
train_466,48,31,0.212475,0.650404,0.065017,0.147683
train_467,11,0,0.484611,0.452670,0.039181,0.232306
train_467,12,1,0.454366,0.448328,0.030933,0.229411
train_467,13,2,0.424808,0.434940,0.036432,0.254740
train_467,14,3,0.404874,0.440368,0.039869,0.200463
train_467,15,4,0.378753,0.432407,0.032995,0.197568
train_467,17,6,0.317919,0.414315,0.043306,0.193226
train_467,18,7,0.273926,0.392242,0.056366,0.189608
train_467,21,8,0.520184,0.451947,0.034713,0.232306
train_467,22,9,0.547679,0.441453,0.027152,0.233029
train_467,23,10,0.575003,0.428427,0.039181,0.253293
train_467,24,11,0.605420,0.433854,0.026465,0.207700
train_467,25,12,0.627245,0.427341,0.030245,0.201911
train_467,26,13,0.656115,0.416486,0.037807,0.174410
train_467,27,14,0.692203,0.409972,0.041931,0.194674
train_467,28,15,0.729838,0.408163,0.045024,0.185266
train_467,31,16,0.521215,0.667969,0.025090,0.157765
train_467,32,17,0.545996,0.697188,0.038877,0.238671
train_467,33,18,0.569945,0.691144,0.045766,0.257668
train_467,34,19,0.597175,0.678710,0.051343,0.250069
train_467,35,20,0.628506,0.651250,0.053968,0.207585
train_467,36,21,0.659569,0.613475,0.054132,0.133739
train_467,37,22,0.697342,0.591185,0.060387,0.173252
train_467,38,23,0.764706,0.615248,0.076266,0.148430
train_467,41,24,0.497293,0.680091,0.025502,0.180851
train_467,42,25,0.476362,0.686170,0.030314,0.207194
train_467,43,26,0.451822,0.700355,0.036088,0.262918
train_467,44,27,0.418261,0.678825,0.043065,0.227964
train_467,45,28,0.388187,0.669453,0.052689,0.221378
train_467,46,29,0.349814,0.650709,0.082281,0.218338
train_467,47,30,0.305305,0.593718,0.083243,0.198582
train_467,48,31,0.258390,0.584347,0.065440,0.199088
train_468,11,0,0.510640,0.459527,0.037117,0.248799
train_468,12,1,0.485614,0.462208,0.033180,0.221989
train_468,13,2,0.461432,0.441296,0.040491,0.267030
train_468,14,3,0.433032,0.449339,0.045553,0.238075
train_468,15,4,0.403226,0.458991,0.044428,0.208047
train_468,16,5,0.361610,0.443977,0.061299,0.218771
train_468,17,6,0.316619,0.424674,0.055113,0.203758
train_468,18,7,0.283720,0.409660,0.073672,0.171585
train_468,21,8,0.542977,0.469715,0.039367,0.231640
train_468,22,9,0.571377,0.463281,0.028681,0.218771
train_468,23,10,0.594716,0.457382,0.031493,0.239147
train_468,24,11,0.619461,0.456846,0.040491,0.225206
train_468,25,12,0.650110,0.442905,0.038804,0.225206
train_468,26,13,0.692289,0.420384,0.058487,0.225206
train_468,27,14,0.729968,0.392502,0.061862,0.214482
train_468,28,15,0.751620,0.354431,0.071422,0.166223
train_468,31,16,0.533951,0.711827,0.035551,0.230757
train_468,32,17,0.558564,0.704005,0.031449,0.215113
train_468,33,18,0.593773,0.707264,0.049908,0.245098
train_468,34,19,0.629666,0.692272,0.065633,0.230757
train_468,35,20,0.665559,0.687709,0.070419,0.232061
train_468,36,21,0.713416,0.646642,0.097766,0.217720
train_468,37,22,0.764692,0.615353,0.099133,0.217720
train_468,38,23,0.814259,0.556685,0.087511,0.173394
train_468,41,24,0.506604,0.709220,0.030082,0.217720
train_468,42,25,0.484385,0.717694,0.037602,0.232061
train_468,43,26,0.438920,0.726168,0.072470,0.246402
train_468,44,27,0.414308,0.711827,0.073837,0.251617
train_468,45,28,0.387645,0.694227,0.065633,0.239883
train_468,46,29,0.344573,0.668153,0.082041,0.232061
train_468,47,30,0.284068,0.630345,0.100500,0.213809
train_469,11,0,0.498274,0.357012,0.040520,0.315743
train_469,12,1,0.481244,0.340635,0.039345,0.324914
train_469,13,2,0.454230,0.355047,0.032298,0.285609
train_469,14,3,0.434264,0.360942,0.038171,0.273818
train_469,15,4,0.413711,0.371423,0.033473,0.255476
train_469,16,5,0.386698,0.372733,0.049915,0.237134
train_469,17,6,0.350289,0.370768,0.052264,0.217482
train_469,18,7,0.322101,0.332774,0.054613,0.230584
train_469,21,8,0.525874,0.354392,0.034647,0.347186
train_469,22,9,0.544078,0.358977,0.022902,0.301331
train_469,23,10,0.566687,0.353081,0.027013,0.334084
train_469,24,11,0.583423,0.355047,0.034647,0.311812
train_469,25,12,0.601921,0.359632,0.036409,0.323603
train_469,26,13,0.625998,0.376664,0.045805,0.284299
train_469,27,14,0.660352,0.384525,0.045218,0.244995
train_469,28,15,0.689420,0.355702,0.061073,0.234514
train_469,31,16,0.517652,0.658998,0.021728,0.251546
train_469,32,17,0.535563,0.653102,0.022315,0.250236
train_469,33,18,0.556704,0.662928,0.029362,0.277749
train_469,34,19,0.577845,0.647862,0.030537,0.255476
train_469,35,20,0.600453,0.651792,0.044043,0.260717
train_469,36,21,0.630990,0.646552,0.066358,0.250236
train_469,37,22,0.671509,0.629520,0.073405,0.247616
train_469,38,23,0.718195,0.570564,0.086912,0.221413
train_469,41,24,0.500329,0.650482,0.023490,0.244995
train_469,42,25,0.482124,0.651792,0.021141,0.260717
train_469,43,26,0.462158,0.641311,0.028188,0.258097
train_469,44,27,0.440430,0.629520,0.035234,0.229274
train_469,45,28,0.419290,0.631485,0.043456,0.248926
train_469,46,29,0.381119,0.622314,0.072818,0.246305
train_469,47,30,0.341774,0.597422,0.077516,0.248926
train_469,48,31,0.298318,0.523399,0.086912,0.182109
train_47,11,0,0.488915,0.423978,0.036459,0.231418
train_47,12,1,0.453480,0.424409,0.035230,0.228827
train_47,13,2,0.421118,0.412752,0.045881,0.269411
train_47,14,3,0.396130,0.420524,0.042603,0.241779
train_47,15,4,0.368274,0.429590,0.040146,0.234008
train_47,16,5,0.331815,0.432181,0.054074,0.232281
train_47,18,7,0.267910,0.399368,0.055712,0.240916
train_47,21,8,0.528856,0.423546,0.052435,0.237462
train_47,22,9,0.562856,0.429590,0.051616,0.220192
train_47,23,10,0.595219,0.420524,0.068002,0.278046
train_47,24,11,0.611605,0.441679,0.044242,0.239189
train_47,25,12,0.644786,0.440384,0.053254,0.243506
train_47,27,14,0.715655,0.435203,0.057351,0.233145
train_47,28,15,0.754776,0.455064,0.052025,0.221056
train_47,31,16,0.509807,0.665757,0.026627,0.222783
train_47,32,17,0.531723,0.664894,0.031133,0.227964
train_47,33,18,0.555892,0.670075,0.030314,0.236599
train_47,34,19,0.585387,0.681732,0.036049,0.235735
train_47,36,21,0.658919,0.669643,0.077423,0.227100
train_47,37,22,0.711354,0.665325,0.080701,0.221919
train_47,41,24,0.488300,0.667052,0.022940,0.227100
train_47,42,25,0.467204,0.663598,0.026627,0.221919
train_47,43,26,0.444673,0.667916,0.033181,0.239189
train_47,44,27,0.415178,0.676551,0.040555,0.242643
train_47,45,28,0.385684,0.672665,0.041374,0.219329
train_47,47,30,0.306212,0.656690,0.097906,0.211557
train_47,48,31,0.264223,0.617401,0.094219,0.202059
train_470,11,0,0.493856,0.399124,0.035799,0.276114
train_470,12,1,0.464876,0.398372,0.032390,0.273105
train_470,13,2,0.442203,0.379939,0.038186,0.281381
train_470,14,3,0.416121,0.377306,0.037845,0.267086
train_470,15,4,0.387311,0.370535,0.037504,0.249029
train_470,16,5,0.351853,0.361883,0.051823,0.243763
train_470,17,6,0.312815,0.347588,0.054210,0.230221
train_470,18,7,0.281278,0.305456,0.077735,0.210659
train_470,21,8,0.527951,0.391977,0.042618,0.281381
train_470,22,9,0.555737,0.387087,0.040913,0.282133
train_470,23,10,0.585911,0.375425,0.039208,0.269343
train_470,24,11,0.611823,0.369406,0.036481,0.281381
train_470,25,12,0.641314,0.364140,0.036140,0.258810
train_470,26,13,0.674897,0.356992,0.052846,0.246020
train_470,27,14,0.712571,0.347588,0.063415,0.215173
train_470,28,15,0.728084,0.255801,0.065802,0.204641
train_470,31,16,0.516188,0.652292,0.025230,0.209155
train_470,32,17,0.536133,0.656430,0.026253,0.218935
train_470,33,18,0.571421,0.694047,0.046368,0.306208
train_470,34,19,0.592900,0.661696,0.036822,0.267086
train_470,35,20,0.626313,0.650035,0.061370,0.252791
train_470,36,21,0.674556,0.628592,0.097169,0.265581
train_470,37,22,0.706775,0.574423,0.070916,0.235487
train_470,38,23,0.762178,0.577809,0.061029,0.203136
train_470,41,24,0.495390,0.662072,0.026594,0.231725
train_470,42,25,0.475104,0.648530,0.031708,0.215173
train_470,43,26,0.451579,0.657934,0.032390,0.247525
train_470,44,27,0.426520,0.672605,0.031367,0.284390
train_470,45,28,0.396687,0.644016,0.055574,0.246772
train_470,46,29,0.351853,0.627088,0.087281,0.249029
train_470,47,30,0.300541,0.580066,0.097851,0.245268
train_471,11,0,0.482439,0.474511,0.035259,0.202359
train_471,12,1,0.455521,0.465839,0.024643,0.198229
train_471,13,2,0.433342,0.465839,0.029572,0.206489
train_471,14,3,0.410215,0.478228,0.039429,0.219704
train_471,15,4,0.388415,0.496812,0.036017,0.227138
train_471,16,5,0.356948,0.497638,0.043600,0.232093
train_471,17,6,0.320362,0.469968,0.042462,0.206489
train_471,18,7,0.293634,0.443951,0.055732,0.182536
train_471,21,8,0.512959,0.463774,0.038671,0.218878
train_471,22,9,0.540066,0.465839,0.033742,0.218052
train_471,23,10,0.566226,0.472446,0.038292,0.229615
train_471,25,12,0.595199,0.441256,0.031426,0.149719
train_471,26,13,0.615872,0.505331,0.060242,0.201226
train_471,27,14,0.652016,0.508805,0.040813,0.217780
train_471,28,15,0.692649,0.491767,0.064186,0.186836
train_471,31,16,0.505665,0.699950,0.024991,0.210729
train_471,32,17,0.529667,0.702888,0.028407,0.226005
train_471,33,18,0.548186,0.705434,0.042071,0.242064
train_471,34,19,0.581627,0.715422,0.031643,0.236972
train_471,35,20,0.609405,0.713463,0.039015,0.230705
train_471,41,24,0.482202,0.698579,0.028767,0.222872
train_471,42,25,0.462066,0.698383,0.038116,0.220913
train_471,43,26,0.442199,0.707980,0.042611,0.245590
train_471,44,27,0.410915,0.714638,0.031104,0.233839
train_471,45,28,0.376754,0.703279,0.054837,0.162551
train_471,46,29,0.323086,0.665089,0.068321,0.140225
train_471,47,30,0.277689,0.628662,0.096548,0.181744
train_472,11,0,0.483596,0.511414,0.038688,0.201315
train_472,12,1,0.446359,0.504026,0.033852,0.193927
train_472,13,2,0.412508,0.495715,0.033852,0.214243
train_472,14,3,0.383976,0.488327,0.036753,0.214243
train_472,15,4,0.351575,0.481863,0.033852,0.205009
train_472,16,5,0.310952,0.489251,0.055130,0.216090
train_472,17,6,0.272748,0.468011,0.042556,0.169917
train_472,18,7,0.253888,0.390440,0.068671,0.118203
train_472,23,10,0.594824,0.477246,0.046425,0.247488
train_472,25,12,0.653339,0.480940,0.043524,0.203162
train_472,26,13,0.694444,0.468011,0.050294,0.195774
train_472,27,14,0.737001,0.461547,0.046425,0.197621
train_472,28,15,0.781975,0.436613,0.045458,0.192080
train_472,31,16,0.556136,0.723811,0.042556,0.186540
train_472,32,17,0.583217,0.715499,0.030950,0.173611
train_472,33,18,0.612233,0.726581,0.050294,0.210550
train_472,34,19,0.649954,0.713652,0.050294,0.188387
train_472,36,21,0.718141,0.689642,0.082211,0.184693
train_472,37,22,0.772787,0.657321,0.081244,0.164376
train_472,38,23,0.806155,0.622230,0.060933,0.168070
train_472,41,24,0.520350,0.714576,0.038688,0.153295
train_472,42,25,0.484564,0.721040,0.034819,0.184693
train_472,43,26,0.446843,0.726581,0.040622,0.206856
train_472,44,27,0.414442,0.727504,0.033852,0.201315
train_472,45,28,0.375271,0.722887,0.038688,0.210550
train_472,47,30,0.276617,0.682255,0.083179,0.177305
train_473,11,0,0.488145,0.485300,0.037141,0.171282
train_473,12,1,0.457067,0.476628,0.029562,0.175619
train_473,13,2,0.426179,0.472291,0.035246,0.190073
train_473,14,3,0.399081,0.475905,0.035625,0.174173
train_473,15,4,0.369520,0.464703,0.032594,0.193686
train_473,16,5,0.332568,0.465787,0.054954,0.191518
train_473,17,6,0.284246,0.456030,0.055333,0.180678
train_473,21,8,0.527024,0.485501,0.041374,0.163011
train_473,22,9,0.560533,0.482409,0.032594,0.172728
train_473,23,10,0.591232,0.485300,0.034110,0.179955
train_473,24,11,0.623257,0.484216,0.036004,0.174896
train_473,25,12,0.655661,0.486745,0.034110,0.175619
train_473,26,13,0.694129,0.505897,0.051922,0.158996
train_473,27,14,0.744156,0.489636,0.052680,0.166946
train_473,28,15,0.780350,0.426761,0.048511,0.097566
train_473,31,16,0.531729,0.692718,0.028046,0.168392
train_473,32,17,0.552195,0.691995,0.025772,0.174173
train_473,33,18,0.580809,0.693802,0.037520,0.187905
train_473,34,19,0.612076,0.702113,0.037899,0.195855
train_473,35,20,0.648081,0.697777,0.052301,0.185737
train_473,41,24,0.508042,0.693802,0.021603,0.160442
train_473,42,25,0.485492,0.693079,0.025772,0.170560
train_473,43,26,0.455173,0.691634,0.040931,0.186459
train_473,44,27,0.428453,0.685491,0.042068,0.174173
train_473,45,28,0.396997,0.670675,0.048132,0.156105
train_473,46,29,0.349623,0.666339,0.079968,0.170560
train_473,47,30,0.294858,0.656944,0.083379,0.167669
train_474,11,0,0.476111,0.406168,0.034254,0.230584
train_474,12,1,0.452006,0.410099,0.031717,0.233204
train_474,13,2,0.425505,0.411711,0.036259,0.248888
train_474,14,3,0.402043,0.406205,0.044790,0.259900
train_474,15,4,0.373250,0.412812,0.042657,0.251090
train_474,16,5,0.338058,0.416116,0.055454,0.240078
train_474,17,6,0.295400,0.401799,0.053321,0.215850
train_474,21,8,0.511352,0.398496,0.035192,0.248888
train_474,22,9,0.536946,0.401799,0.035192,0.220255
train_474,23,10,0.572672,0.401799,0.040524,0.259900
train_474,24,11,0.601998,0.398496,0.041591,0.262103
train_474,25,12,0.630792,0.401799,0.030926,0.242280
train_474,26,13,0.664385,0.406205,0.040524,0.224660
train_474,27,14,0.700643,0.404002,0.044790,0.224660
train_474,28,15,0.716106,0.321407,0.062919,0.138760
train_474,31,16,0.515085,0.678219,0.027727,0.244483
train_474,32,17,0.539612,0.678219,0.031993,0.253293
train_474,33,18,0.569472,0.688130,0.031993,0.264306
train_474,34,19,0.601998,0.676016,0.037325,0.240078
train_474,35,20,0.633991,0.670510,0.047989,0.264306
train_474,36,21,0.667051,0.653991,0.060786,0.244483
train_474,37,22,0.713973,0.618750,0.071451,0.218052
train_474,41,24,0.493223,0.669409,0.024528,0.235672
train_474,42,25,0.473494,0.676016,0.038391,0.240078
train_474,43,26,0.442568,0.687029,0.029860,0.253293
train_474,44,27,0.417506,0.679320,0.039458,0.255495
train_474,45,28,0.386580,0.678219,0.062919,0.257698
train_474,46,29,0.344989,0.663902,0.082115,0.251090
train_474,47,30,0.286869,0.623155,0.091713,0.222457
train_475,11,0,0.476103,0.437506,0.034056,0.231801
train_475,12,1,0.450220,0.449019,0.027245,0.211845
train_475,13,2,0.430468,0.444414,0.032694,0.221056
train_475,14,3,0.415483,0.419084,0.034056,0.241012
train_475,15,4,0.378022,0.425225,0.049041,0.210310
train_475,16,5,0.341922,0.415247,0.044954,0.175002
train_475,21,8,0.504369,0.435971,0.034737,0.219520
train_475,22,9,0.521397,0.429830,0.037462,0.213380
train_475,23,10,0.545577,0.431365,0.042229,0.234872
train_475,24,11,0.576568,0.430598,0.037462,0.230266
train_475,25,12,0.611646,0.425225,0.049041,0.216450
train_475,26,13,0.650129,0.430598,0.046997,0.184213
train_475,31,16,0.506413,0.684658,0.027926,0.210310
train_475,32,17,0.525825,0.681588,0.027245,0.225661
train_475,33,18,0.549664,0.683891,0.027245,0.230266
train_475,34,19,0.573844,0.671610,0.042911,0.230266
train_475,35,20,0.594277,0.654724,0.046997,0.227196
train_475,36,21,0.630377,0.634767,0.076967,0.221056
train_475,37,22,0.690315,0.581806,0.094676,0.170397
train_475,41,24,0.489725,0.693101,0.040867,0.221056
train_475,42,25,0.472357,0.680053,0.048360,0.213380
train_475,43,26,0.446815,0.693869,0.028607,0.256363
train_475,44,27,0.425700,0.683123,0.036780,0.253293
train_475,45,28,0.397434,0.667772,0.064706,0.244082
train_475,46,29,0.352139,0.626324,0.092632,0.201099
train_475,47,30,0.311272,0.561849,0.092632,0.179608
train_476,11,0,0.487147,0.470525,0.031438,0.205967
train_476,12,1,0.461719,0.507519,0.026815,0.135978
train_476,13,2,0.443226,0.503519,0.024966,0.143977
train_476,14,3,0.421496,0.505519,0.031438,0.143977
train_476,15,4,0.394219,0.476524,0.036062,0.217965
train_476,16,5,0.364630,0.477524,0.037911,0.211966
train_476,17,6,0.325794,0.476524,0.043459,0.221964
train_476,18,7,0.292969,0.483523,0.049932,0.199968
train_476,21,8,0.518123,0.473524,0.032363,0.215965
train_476,22,9,0.544476,0.504519,0.022192,0.145977
train_476,23,10,0.563432,0.497520,0.026815,0.175972
train_476,24,11,0.585623,0.496521,0.030514,0.161974
train_476,25,12,0.609665,0.490522,0.030514,0.169973
train_476,26,13,0.640178,0.500520,0.037911,0.161974
train_476,27,14,0.675778,0.474524,0.033288,0.201968
train_476,28,15,0.705367,0.465526,0.046233,0.207967
train_476,31,16,0.519510,0.719485,0.027740,0.227964
train_476,32,17,0.538003,0.721485,0.024041,0.243961
train_476,33,18,0.561582,0.727484,0.030514,0.259958
train_476,34,19,0.586086,0.733483,0.029589,0.279955
train_476,35,20,0.609665,0.721485,0.037911,0.263958
train_476,36,21,0.647113,0.713486,0.062877,0.251960
train_476,37,22,0.688723,0.697488,0.070274,0.223964
train_476,38,23,0.735418,0.662494,0.087843,0.237962
train_476,41,24,0.497318,0.714486,0.022192,0.229963
train_476,42,25,0.477438,0.726484,0.024966,0.253959
train_476,43,26,0.454784,0.718485,0.024041,0.249960
train_476,44,27,0.432592,0.719485,0.027740,0.259958
train_476,45,28,0.409476,0.721485,0.042534,0.259958
train_476,46,29,0.368329,0.715486,0.069349,0.247960
train_476,47,30,0.319784,0.707487,0.070274,0.235962
train_477,11,0,0.474704,0.300929,0.034140,0.261640
train_477,12,1,0.450725,0.305247,0.023573,0.223646
train_477,13,2,0.420040,0.296180,0.035359,0.283227
train_477,14,3,0.392403,0.306542,0.041049,0.267684
train_477,15,4,0.362734,0.300929,0.034546,0.263367
train_477,17,6,0.298316,0.317336,0.048771,0.234008
train_477,18,7,0.251983,0.328561,0.048771,0.201195
train_477,21,8,0.510470,0.311291,0.037391,0.228827
train_477,22,9,0.538919,0.303951,0.035765,0.233145
train_477,23,10,0.571433,0.301793,0.048771,0.273729
train_477,24,11,0.598257,0.302656,0.068279,0.273729
train_477,25,12,0.625284,0.312155,0.054867,0.265094
train_477,26,13,0.651905,0.319063,0.052022,0.280637
train_477,27,14,0.703318,0.327266,0.052429,0.229691
train_477,28,15,0.744773,0.320358,0.044300,0.205513
train_477,31,16,0.512095,0.552639,0.021947,0.205513
train_477,32,17,0.533433,0.547026,0.023166,0.220192
train_477,33,18,0.552738,0.575090,0.032514,0.281500
train_477,34,19,0.580781,0.579407,0.030075,0.272865
train_477,35,20,0.614311,0.583725,0.049990,0.274592
train_477,37,22,0.694377,0.569909,0.101200,0.233145
train_477,38,23,0.742741,0.531051,0.090633,0.207240
train_477,41,24,0.494619,0.553934,0.019508,0.216738
train_477,42,25,0.475720,0.555661,0.021541,0.218465
train_477,43,26,0.451335,0.581566,0.032108,0.273729
train_477,44,27,0.426543,0.585020,0.041049,0.265094
train_477,45,28,0.391590,0.579407,0.045926,0.255595
train_477,47,30,0.301567,0.567318,0.103232,0.246960
train_477,48,31,0.248326,0.538823,0.091852,0.203786
train_478,11,0,0.476100,0.441124,0.033022,0.215134
train_478,12,1,0.449411,0.430762,0.023070,0.204279
train_478,13,2,0.427658,0.431309,0.025412,0.220597
train_478,14,3,0.410242,0.424718,0.029677,0.234554
train_478,15,4,0.387525,0.422069,0.033883,0.245539
train_478,16,5,0.353965,0.445072,0.049306,0.215134
train_478,17,6,0.310482,0.449076,0.047679,0.214261
train_478,18,7,0.281151,0.437499,0.061737,0.207033
train_478,21,8,0.505729,0.439644,0.041616,0.222042
train_478,22,9,0.530835,0.435203,0.037545,0.223029
train_478,24,11,0.560011,0.445072,0.035283,0.223029
train_478,25,12,0.591450,0.443591,0.041164,0.212174
train_478,26,13,0.628542,0.445072,0.052020,0.213161
train_478,27,14,0.675587,0.449019,0.050211,0.193424
train_478,28,15,0.712895,0.418556,0.065665,0.206787
train_478,31,16,0.499396,0.674022,0.027141,0.183555
train_478,32,17,0.517943,0.672048,0.026236,0.175660
train_478,33,18,0.545084,0.675502,0.037093,0.208226
train_478,34,19,0.572903,0.675996,0.047497,0.203292
train_478,35,20,0.604115,0.665634,0.052925,0.196384
train_478,36,21,0.643661,0.665828,0.074516,0.209278
train_478,37,22,0.692910,0.642782,0.078798,0.208032
train_478,38,23,0.740017,0.623163,0.069091,0.186232
train_478,41,24,0.478814,0.679943,0.026689,0.187502
train_478,42,25,0.459815,0.675996,0.031212,0.193424
train_478,43,26,0.438329,0.676983,0.031665,0.205266
train_478,45,28,0.393420,0.662091,0.039970,0.186855
train_478,46,29,0.342315,0.672991,0.080511,0.203672
train_478,47,30,0.285929,0.639980,0.093930,0.180004
train_479,11,0,0.488858,0.466565,0.036212,0.237082
train_479,12,1,0.459610,0.457447,0.027855,0.252280
train_479,13,2,0.437326,0.452128,0.030641,0.262918
train_479,14,3,0.415390,0.475684,0.039694,0.234043
train_479,15,4,0.388231,0.470365,0.042479,0.235562
train_479,16,5,0.351671,0.475684,0.055710,0.240122
train_479,17,6,0.306755,0.470365,0.050836,0.244681
train_479,21,8,0.523329,0.463526,0.034123,0.258359
train_479,22,9,0.548398,0.466565,0.024373,0.252280
train_479,23,10,0.570334,0.475684,0.029248,0.221884
train_479,24,11,0.591574,0.480243,0.038301,0.234043
train_479,25,12,0.619777,0.471125,0.041783,0.255319
train_479,26,13,0.655641,0.469605,0.053621,0.255319
train_479,27,14,0.702994,0.471125,0.045265,0.234043
train_479,28,15,0.724582,0.395897,0.064763,0.138298
train_479,31,16,0.505571,0.705167,0.032033,0.212766
train_479,32,17,0.528900,0.729483,0.027159,0.264438
train_479,33,18,0.549095,0.729483,0.024373,0.258359
train_479,34,19,0.570334,0.723404,0.030641,0.255319
train_479,35,20,0.595404,0.733283,0.045961,0.281155
train_479,36,21,0.636838,0.715805,0.071727,0.249240
train_479,37,22,0.689763,0.702128,0.071727,0.249240
train_479,41,24,0.486421,0.712006,0.022981,0.238602
train_479,42,25,0.467270,0.715046,0.020891,0.244681
train_479,43,26,0.442897,0.721884,0.032033,0.273556
train_479,44,27,0.418872,0.721125,0.041086,0.256839
train_479,45,28,0.397632,0.726444,0.045961,0.267477
train_479,46,29,0.358287,0.718845,0.071727,0.252280
train_479,47,30,0.309889,0.702888,0.079387,0.229483
train_48,11,0,0.483797,0.342153,0.031555,0.245924
train_48,12,1,0.458237,0.348370,0.030924,0.239016
train_48,13,2,0.430785,0.344225,0.031555,0.239016
train_48,14,3,0.412799,0.331791,0.037235,0.266648
train_48,15,4,0.387555,0.317975,0.035972,0.274938
train_48,16,5,0.356000,0.331100,0.044808,0.254214
train_48,17,6,0.317503,0.328337,0.046070,0.207240
train_48,18,7,0.286580,0.316593,0.035972,0.169936
train_48,21,8,0.512511,0.351133,0.033448,0.236253
train_48,22,9,0.541542,0.349061,0.027137,0.240398
train_48,23,10,0.563630,0.331100,0.032186,0.273556
train_48,24,11,0.581616,0.319356,0.041652,0.272175
train_48,26,13,0.646619,0.329027,0.046701,0.205858
train_48,27,14,0.688587,0.319356,0.041021,0.192042
train_48,31,16,0.504307,0.619854,0.024613,0.237635
train_48,32,17,0.524818,0.617090,0.026506,0.229345
train_48,33,18,0.549746,0.615018,0.035972,0.227964
train_48,34,19,0.573412,0.607419,0.037866,0.237635
train_48,35,20,0.610962,0.596366,0.058692,0.232108
train_48,36,21,0.646934,0.565280,0.085198,0.211384
train_48,37,22,0.693951,0.529359,0.085829,0.203095
train_48,38,23,0.733710,0.478240,0.070683,0.153357
train_48,41,24,0.485059,0.602584,0.025244,0.200332
train_48,42,25,0.465179,0.603965,0.027137,0.216911
train_48,43,26,0.441198,0.604656,0.032186,0.232108
train_48,44,27,0.416270,0.612946,0.031555,0.245924
train_48,45,28,0.392919,0.601893,0.041652,0.237635
train_48,47,30,0.310877,0.532813,0.085829,0.198950
train_48,48,31,0.276167,0.496891,0.070683,0.201713
train_480,11,0,0.470975,0.482968,0.035762,0.249870
train_480,12,1,0.447185,0.474068,0.028610,0.236178
train_480,13,2,0.425261,0.463115,0.035762,0.219749
train_480,14,3,0.402715,0.429446,0.037657,0.252525
train_480,15,4,0.387548,0.406420,0.034518,0.244850
train_480,16,5,0.347828,0.412114,0.051933,0.221802
train_480,17,6,0.306157,0.392946,0.054421,0.209480
train_480,18,7,0.280346,0.362140,0.049445,0.177990
train_480,21,8,0.504405,0.473384,0.032964,0.241655
train_480,22,9,0.528661,0.471330,0.032342,0.234809
train_480,23,10,0.553167,0.454776,0.037308,0.261736
train_480,24,11,0.576528,0.433668,0.042189,0.259433
train_480,25,12,0.602330,0.417549,0.041492,0.248687
train_480,26,13,0.633187,0.409490,0.063458,0.224893
train_480,27,14,0.686638,0.388496,0.053488,0.232071
train_480,28,15,0.720068,0.361456,0.048201,0.201265
train_480,31,16,0.509692,0.725650,0.027366,0.235494
train_480,32,17,0.535503,0.724281,0.034207,0.239601
train_480,34,19,0.580128,0.707166,0.057531,0.236863
train_480,35,20,0.605317,0.691421,0.067482,0.250555
train_480,36,21,0.644345,0.657877,0.092671,0.260139
train_480,37,22,0.691458,0.608245,0.087385,0.217010
train_480,38,23,0.734995,0.547318,0.081787,0.180043
train_480,41,24,0.484036,0.730442,0.030787,0.238232
train_480,42,25,0.457758,0.720858,0.036073,0.245078
train_480,44,27,0.425728,0.706482,0.041049,0.236863
train_480,45,28,0.397584,0.689367,0.062506,0.243709
train_480,46,29,0.356846,0.664038,0.096714,0.251924
train_480,47,30,0.313931,0.608587,0.098580,0.210849
train_480,48,31,0.268218,0.564775,0.096714,0.188943
train_481,11,0,0.472590,0.437237,0.039000,0.285288
train_481,12,1,0.442396,0.425905,0.028936,0.289287
train_481,13,2,0.413775,0.416573,0.040887,0.323948
train_481,14,3,0.396476,0.432571,0.041516,0.294620
train_481,16,5,0.347097,0.449235,0.063533,0.255959
train_481,17,6,0.312500,0.421906,0.048436,0.275956
train_481,18,7,0.279790,0.440570,0.034597,0.198635
train_481,21,8,0.506243,0.431904,0.033339,0.266624
train_481,22,9,0.532663,0.423906,0.034597,0.279955
train_481,23,10,0.557824,0.406575,0.032081,0.301285
train_481,24,11,0.579841,0.412574,0.044662,0.270623
train_481,26,13,0.635196,0.407908,0.042146,0.237295
train_481,27,14,0.669478,0.401909,0.057871,0.233296
train_481,28,15,0.705334,0.378579,0.039000,0.215965
train_481,31,16,0.503098,0.713859,0.024532,0.225297
train_481,32,17,0.520711,0.707194,0.027049,0.227964
train_481,33,18,0.546502,0.717858,0.033339,0.265291
train_481,34,19,0.572921,0.703861,0.049694,0.242628
train_481,35,20,0.591163,0.701861,0.052210,0.246627
train_481,36,21,0.638027,0.663867,0.090581,0.221298
train_481,37,22,0.673567,0.643204,0.086178,0.211966
train_481,41,24,0.481711,0.713859,0.023274,0.225297
train_481,42,25,0.461896,0.723858,0.025162,0.242628
train_481,43,26,0.437993,0.728523,0.030194,0.246627
train_481,44,27,0.413775,0.713859,0.038371,0.217299
train_481,45,28,0.387670,0.721191,0.033968,0.223964
train_481,47,30,0.308096,0.693196,0.074855,0.197302
train_481,48,31,0.268467,0.657868,0.074855,0.209300
train_482,11,0,0.480378,0.357903,0.033990,0.205373
train_482,12,1,0.448330,0.342500,0.024279,0.219749
train_482,13,2,0.422109,0.342500,0.032048,0.232071
train_482,14,3,0.402201,0.347634,0.029134,0.221802
train_482,15,4,0.382292,0.343527,0.032048,0.225910
train_482,16,5,0.351701,0.352768,0.034961,0.207426
train_482,17,6,0.317711,0.357903,0.042730,0.217695
train_482,18,7,0.279350,0.360983,0.043702,0.215641
train_482,21,8,0.515825,0.351742,0.040788,0.221802
train_482,22,9,0.543017,0.346607,0.029134,0.211534
train_482,23,10,0.577978,0.344554,0.036904,0.236178
train_482,24,11,0.599829,0.362010,0.030106,0.205373
train_482,25,12,0.625564,0.354822,0.034961,0.227964
train_482,26,13,0.654213,0.363037,0.045644,0.211534
train_482,27,14,0.692088,0.372279,0.039817,0.197158
train_482,28,15,0.723165,0.346607,0.045644,0.170459
train_482,31,16,0.506113,0.593054,0.017481,0.203319
train_482,32,17,0.525051,0.606404,0.026221,0.205373
train_482,33,18,0.547873,0.615645,0.029134,0.236178
train_482,34,19,0.577007,0.626941,0.023308,0.238232
train_482,35,20,0.603714,0.626941,0.030106,0.217695
train_482,36,21,0.641588,0.634129,0.057298,0.215641
train_482,37,22,0.684804,0.611538,0.066038,0.190996
train_482,41,24,0.484748,0.594081,0.025250,0.217695
train_482,42,25,0.461926,0.605377,0.022336,0.211534
train_482,43,26,0.449301,0.610511,0.028163,0.250555
train_482,44,27,0.425023,0.615645,0.032048,0.244393
train_482,45,28,0.399773,0.617699,0.039817,0.240286
train_482,46,29,0.361898,0.619753,0.068951,0.223856
train_482,47,30,0.319653,0.610511,0.073807,0.209480
train_483,11,0,0.481698,0.459202,0.044192,0.244995
train_483,12,1,0.448554,0.454617,0.030935,0.243685
train_483,13,2,0.427089,0.457237,0.038511,0.230584
train_483,14,3,0.401520,0.470339,0.039142,0.225343
train_483,15,4,0.369007,0.469683,0.051137,0.255476
train_483,16,5,0.319448,0.472304,0.053031,0.250236
train_483,21,8,0.517683,0.453307,0.045455,0.251546
train_483,22,9,0.552406,0.465098,0.031566,0.225343
train_483,23,10,0.575449,0.463133,0.030935,0.234514
train_483,24,11,0.598492,0.457892,0.037879,0.234514
train_483,25,12,0.621220,0.456582,0.035354,0.226653
train_483,26,13,0.653733,0.453307,0.048612,0.241065
train_483,27,14,0.694453,0.453962,0.047980,0.224033
train_483,31,16,0.511370,0.719919,0.029041,0.234514
train_483,32,17,0.533151,0.721229,0.034723,0.263337
train_483,33,18,0.561560,0.722540,0.032197,0.265957
train_483,34,19,0.587129,0.712058,0.037879,0.252856
train_483,35,20,0.617432,0.714024,0.036617,0.248926
train_483,36,21,0.655627,0.706163,0.057450,0.238445
train_483,37,22,0.705501,0.674065,0.076390,0.226653
train_483,38,23,0.757270,0.662928,0.068814,0.167697
train_483,41,24,0.487064,0.719919,0.028409,0.244995
train_483,42,25,0.464652,0.723850,0.036617,0.255476
train_483,43,26,0.444450,0.734331,0.039142,0.284299
train_483,44,27,0.412884,0.729745,0.040405,0.259407
train_483,45,28,0.382265,0.733676,0.041036,0.256787
train_483,47,30,0.312820,0.705508,0.097855,0.218793
train_483,48,31,0.256001,0.670789,0.085228,0.146735
train_484,11,0,0.486741,0.502556,0.031543,0.247536
train_484,12,1,0.461452,0.497375,0.032087,0.241779
train_484,13,2,0.436979,0.487013,0.036438,0.267109
train_484,14,3,0.417129,0.492194,0.051121,0.240628
train_484,15,4,0.386674,0.506010,0.040245,0.208391
train_484,16,5,0.357306,0.500253,0.055472,0.201483
train_484,17,6,0.316790,0.504283,0.049490,0.165792
train_484,18,7,0.305097,0.409298,0.072875,0.113982
train_484,21,8,0.517468,0.509464,0.032087,0.245233
train_484,22,9,0.542757,0.499102,0.027192,0.245233
train_484,23,10,0.570765,0.492770,0.036438,0.262503
train_484,24,11,0.593063,0.516372,0.044051,0.208391
train_484,25,12,0.624062,0.519250,0.041876,0.214148
train_484,26,13,0.656149,0.519826,0.054928,0.212996
train_484,27,14,0.693674,0.516948,0.058191,0.193424
train_484,28,15,0.718691,0.445565,0.047314,0.154278
train_484,31,16,0.511214,0.750668,0.019578,0.225661
train_484,32,17,0.531064,0.755849,0.022298,0.238326
train_484,33,18,0.555537,0.762181,0.029911,0.255595
train_484,34,19,0.582186,0.749516,0.039701,0.250990
train_484,35,20,0.609106,0.739154,0.046771,0.211845
train_484,36,21,0.656693,0.746638,0.087559,0.219904
train_484,37,22,0.704007,0.705766,0.086471,0.184213
train_484,38,23,0.752248,0.674875,0.085780,0.154552
train_484,41,24,0.493995,0.746999,0.020685,0.218948
train_484,42,25,0.474528,0.746355,0.023118,0.227964
train_484,43,26,0.452018,0.748287,0.030418,0.239555
train_484,44,27,0.422816,0.734764,0.047453,0.230539
train_484,45,28,0.403348,0.726392,0.042586,0.221524
train_484,46,29,0.359242,0.716733,0.086997,0.207357
train_484,47,30,0.310268,0.687110,0.092472,0.189326
train_484,48,31,0.267682,0.657488,0.074221,0.163567
train_485,11,0,0.492752,0.394187,0.027491,0.237462
train_485,12,1,0.468802,0.385638,0.021243,0.245061
train_485,13,2,0.447978,0.380366,0.033322,0.250162
train_485,14,3,0.420646,0.367559,0.039313,0.234794
train_485,16,5,0.362613,0.312489,0.052791,0.228817
train_485,17,6,0.326483,0.278764,0.059156,0.219426
train_485,21,8,0.521909,0.394662,0.027491,0.225114
train_485,22,9,0.540237,0.395612,0.032489,0.206117
train_485,23,10,0.563979,0.377565,0.034155,0.215616
train_485,24,11,0.583139,0.366166,0.031656,0.196619
train_485,25,12,0.604590,0.360467,0.029573,0.183321
train_485,27,14,0.656864,0.324373,0.040820,0.198518
train_485,28,15,0.692478,0.298252,0.042069,0.174772
train_485,31,16,0.522534,0.615502,0.022909,0.178571
train_485,32,17,0.542111,0.618826,0.019577,0.190919
train_485,33,18,0.568352,0.626425,0.027907,0.219415
train_485,34,19,0.595635,0.617401,0.035821,0.229863
train_485,35,20,0.625833,0.610277,0.047068,0.238412
train_485,37,22,0.681231,0.567534,0.099550,0.208017
train_485,38,23,0.722884,0.501045,0.098717,0.208017
train_485,41,24,0.498792,0.623100,0.025408,0.193769
train_485,42,25,0.476091,0.629749,0.024992,0.203267
train_485,43,26,0.453807,0.639723,0.032906,0.225114
train_485,44,27,0.429648,0.635448,0.028740,0.201368
train_485,45,28,0.405490,0.622150,0.027907,0.207067
train_485,46,29,0.365711,0.597454,0.080806,0.212766
train_485,47,30,0.327599,0.565160,0.101216,0.239362
train_485,48,31,0.276574,0.492496,0.102466,0.200418
train_486,11,0,0.483528,0.448503,0.032626,0.201761
train_486,12,1,0.451321,0.448940,0.028443,0.197394
train_486,13,2,0.418695,0.460294,0.030116,0.218356
train_486,14,3,0.397572,0.458547,0.036390,0.216609
train_486,15,4,0.369129,0.448503,0.035554,0.212242
train_486,16,5,0.331694,0.447193,0.043501,0.115292
train_486,21,8,0.517409,0.449813,0.025933,0.192153
train_486,22,9,0.547734,0.436275,0.022169,0.186039
train_486,23,10,0.577850,0.432781,0.028025,0.208748
train_486,24,11,0.604619,0.437148,0.033880,0.198267
train_486,25,12,0.635572,0.432345,0.030534,0.185166
train_486,31,16,0.522219,0.667732,0.043083,0.168571
train_486,33,18,0.544388,0.663365,0.031371,0.191280
train_486,34,19,0.573040,0.663802,0.039318,0.237571
train_486,35,20,0.603365,0.649827,0.056467,0.216609
train_486,36,21,0.628252,0.645897,0.061905,0.213989
train_486,36,21,0.668407,0.624498,0.084492,0.216609
train_486,37,22,0.704588,0.571656,0.074872,0.203508
train_486,38,23,0.741814,0.513573,0.069852,0.188659
train_486,41,24,0.493567,0.659435,0.023424,0.151976
train_486,42,25,0.467425,0.649390,0.023842,0.149355
train_486,43,26,0.442955,0.672536,0.030953,0.218356
train_486,44,27,0.413676,0.669479,0.035135,0.207001
train_486,45,28,0.380841,0.668606,0.051448,0.203508
train_486,46,29,0.342151,0.671226,0.085329,0.233204
train_486,48,31,0.266442,0.567725,0.084492,0.165950
train_487,11,0,0.478868,0.438174,0.041064,0.266648
train_487,12,1,0.453598,0.436101,0.032219,0.248687
train_487,13,2,0.430855,0.440246,0.042327,0.243161
train_487,14,3,0.405585,0.438174,0.047381,0.236253
train_487,15,4,0.379367,0.408469,0.032851,0.196187
train_487,16,5,0.350306,0.405015,0.046750,0.261122
train_487,17,6,0.317139,0.390508,0.042327,0.251451
train_487,21,8,0.518037,0.426430,0.037273,0.279083
train_487,22,9,0.545834,0.425739,0.029692,0.272175
train_487,23,10,0.572367,0.424358,0.033483,0.283227
train_487,24,11,0.593847,0.443009,0.032219,0.221056
train_487,25,12,0.622276,0.420213,0.032219,0.241779
train_487,26,13,0.658285,0.423667,0.052435,0.237635
train_487,27,14,0.696822,0.416068,0.047381,0.222437
train_487,31,16,0.518668,0.704131,0.029692,0.234872
train_487,32,17,0.540148,0.716565,0.025902,0.248687
train_487,33,18,0.568893,0.711730,0.039169,0.266648
train_487,34,19,0.589424,0.704131,0.033483,0.256977
train_487,35,20,0.619117,0.686170,0.048645,0.237635
train_487,36,21,0.666498,0.666137,0.084023,0.225200
train_487,37,22,0.711668,0.642650,0.087182,0.219674
train_487,41,24,0.498768,0.728309,0.025270,0.283227
train_487,42,25,0.477604,0.709657,0.036010,0.243161
train_487,43,26,0.449176,0.703440,0.033483,0.252832
train_487,44,27,0.417904,0.697914,0.046750,0.252832
train_487,45,28,0.392002,0.688243,0.025270,0.216911
train_487,46,29,0.352518,0.669591,0.077705,0.229345
train_487,47,30,0.314297,0.635051,0.075810,0.218292
train_488,11,0,0.502409,0.439089,0.052980,0.234008
train_488,12,1,0.455994,0.429590,0.047999,0.234008
train_488,13,2,0.421580,0.421819,0.045282,0.251278
train_488,15,4,0.365656,0.427000,0.052075,0.220192
train_488,16,5,0.318336,0.441679,0.074263,0.225373
train_488,17,6,0.269204,0.454200,0.070188,0.207240
train_488,21,8,0.565578,0.430454,0.075169,0.261640
train_488,22,9,0.607464,0.436498,0.062943,0.237462
train_488,23,10,0.634634,0.445133,0.054792,0.251278
train_488,24,11,0.664294,0.451610,0.041660,0.226237
train_488,25,12,0.690784,0.442543,0.040301,0.218465
train_488,26,13,0.734255,0.452041,0.075622,0.209830
train_488,27,14,0.779991,0.458086,0.070188,0.202922
train_488,31,16,0.530031,0.670938,0.028528,0.219329
train_488,32,17,0.558106,0.680868,0.033962,0.240916
train_488,33,18,0.586182,0.690799,0.036679,0.265957
train_488,34,19,0.622181,0.679141,0.037132,0.242643
train_488,35,20,0.650936,0.702024,0.039396,0.259049
train_488,36,21,0.701425,0.680437,0.076980,0.229691
train_488,37,22,0.756562,0.684062,0.081358,0.237205
train_488,38,23,0.799029,0.651472,0.066920,0.225073
train_488,41,24,0.504713,0.673566,0.029670,0.229615
train_488,42,25,0.476234,0.674599,0.040282,0.225899
train_488,43,26,0.444615,0.686781,0.050244,0.261002
train_488,44,27,0.415703,0.683684,0.038766,0.251503
train_488,45,28,0.390364,0.670262,0.038766,0.219704
train_488,46,29,0.346942,0.677283,0.066270,0.229615
train_488,47,30,0.286195,0.681413,0.079914,0.226312
train_488,48,31,0.238009,0.644451,0.080130,0.192034
train_489,11,0,0.468082,0.384573,0.037482,0.244644
train_489,12,1,0.440863,0.375306,0.025881,0.240937
train_489,13,2,0.417213,0.372526,0.030343,0.227964
train_489,14,3,0.394902,0.385499,0.039267,0.235377
train_489,16,5,0.335109,0.396619,0.062470,0.213137
train_489,18,7,0.258806,0.326192,0.056223,0.183483
train_489,21,8,0.502441,0.387353,0.031235,0.224257
train_489,22,9,0.529660,0.384573,0.026773,0.214990
train_489,23,10,0.556433,0.373452,0.033913,0.255764
train_489,24,11,0.584545,0.366966,0.047299,0.272444
train_489,25,12,0.613549,0.379939,0.048191,0.257617
train_489,26,13,0.650139,0.402180,0.053546,0.213137
train_489,31,16,0.522074,0.630143,0.029450,0.209430
train_489,32,17,0.541262,0.627363,0.028558,0.226110
train_489,33,18,0.564911,0.646823,0.033020,0.257617
train_489,34,19,0.592131,0.645897,0.044622,0.233524
train_489,35,20,0.617119,0.649603,0.051761,0.248351
train_489,37,22,0.693422,0.625510,0.102630,0.200163
train_489,38,23,0.725103,0.563422,0.089243,0.209430
train_489,41,24,0.501995,0.641263,0.032128,0.220550
train_489,42,25,0.477899,0.647750,0.037482,0.248351
train_489,43,26,0.453803,0.655163,0.033913,0.263177
train_489,44,27,0.427476,0.659797,0.031235,0.246497
train_489,46,29,0.371253,0.644043,0.063363,0.229817
train_489,47,30,0.308336,0.599563,0.098168,0.218697
train_49,11,0,0.480279,0.414060,0.036574,0.244312
train_49,12,1,0.452950,0.426273,0.029594,0.209430
train_49,13,2,0.426644,0.425810,0.046035,0.252984
train_49,14,3,0.403793,0.439755,0.046525,0.217680
train_49,15,4,0.377938,0.430443,0.048090,0.219623
train_49,16,5,0.349577,0.451757,0.055488,0.223330
train_49,17,6,0.303748,0.449904,0.050145,0.221477
train_49,21,8,0.514493,0.419073,0.034041,0.221125
train_49,22,9,0.541793,0.426292,0.025278,0.209726
train_49,23,10,0.570442,0.411094,0.033367,0.256839
train_49,25,12,0.618975,0.446429,0.058982,0.199848
train_49,26,13,0.647792,0.471125,0.061341,0.212766
train_49,27,14,0.691602,0.461644,0.068746,0.210450
train_49,31,16,0.507059,0.657717,0.027712,0.190814
train_49,32,17,0.531497,0.656136,0.027011,0.207485
train_49,33,18,0.552890,0.668801,0.032509,0.245748
train_49,34,19,0.580320,0.654385,0.031911,0.202904
train_49,35,20,0.606426,0.667129,0.033704,0.223494
train_49,37,22,0.687464,0.663776,0.074347,0.202262
train_49,41,24,0.477304,0.667388,0.024512,0.208007
train_49,42,25,0.457558,0.665469,0.029959,0.214915
train_49,43,26,0.431855,0.671258,0.032342,0.229435
train_49,44,27,0.408194,0.668412,0.033704,0.227964
train_49,45,28,0.387753,0.665597,0.035889,0.232185
train_49,47,30,0.315196,0.659265,0.078643,0.206856
train_49,48,31,0.281491,0.650822,0.058670,0.199820
train_490,11,0,0.473686,0.443633,0.031417,0.278170
train_490,12,1,0.450751,0.436849,0.025762,0.270028
train_490,13,2,0.424676,0.436849,0.031417,0.270028
train_490,14,3,0.410853,0.438206,0.040213,0.305308
train_490,15,4,0.386348,0.448383,0.046496,0.287668
train_490,16,5,0.355245,0.489090,0.055921,0.219822
train_490,17,6,0.319745,0.482984,0.045240,0.223893
train_490,21,8,0.499447,0.442276,0.036443,0.264601
train_490,22,9,0.524266,0.436849,0.029532,0.259173
train_490,23,10,0.556625,0.433456,0.036443,0.257816
train_490,24,11,0.579873,0.434135,0.045240,0.286311
train_490,25,12,0.608777,0.436849,0.046496,0.289025
train_490,26,13,0.641136,0.483663,0.058435,0.219822
train_490,27,14,0.678207,0.468736,0.040841,0.200825
train_490,28,15,0.703340,0.388678,0.038328,0.094985
train_490,31,16,0.503531,0.711626,0.024505,0.230677
train_490,32,17,0.526151,0.715018,0.024505,0.237462
train_490,33,18,0.551913,0.736051,0.034558,0.274099
train_490,34,19,0.582072,0.718411,0.034558,0.230677
train_490,35,20,0.615688,0.725874,0.037700,0.253745
train_490,37,22,0.687632,0.698735,0.073515,0.204896
train_490,38,23,0.736328,0.644458,0.051523,0.123480
train_490,41,24,0.482796,0.706198,0.028275,0.206253
train_490,42,25,0.469601,0.730623,0.044611,0.249674
train_490,43,26,0.445097,0.740122,0.043355,0.284954
train_490,44,27,0.424676,0.736729,0.049010,0.261887
train_490,45,28,0.389489,0.735372,0.037700,0.232034
train_490,47,30,0.311262,0.703485,0.092365,0.211680
train_491,11,0,0.492841,0.448621,0.028972,0.306874
train_491,12,1,0.470951,0.425240,0.036697,0.327332
train_491,13,2,0.450349,0.419394,0.037985,0.327332
train_491,14,3,0.432322,0.423048,0.044423,0.308335
train_491,15,4,0.413330,0.407704,0.048930,0.301029
train_491,16,5,0.375666,0.412088,0.049574,0.227964
train_491,17,6,0.342832,0.372633,0.061162,0.242577
train_491,21,8,0.521169,0.437661,0.030259,0.340484
train_491,22,9,0.547887,0.428162,0.029616,0.344868
train_491,23,10,0.569133,0.430354,0.036054,0.325871
train_491,24,11,0.588447,0.425240,0.042492,0.312719
train_491,26,13,0.626432,0.417933,0.063094,0.271803
train_491,27,14,0.660233,0.391630,0.061162,0.257190
train_491,28,15,0.678582,0.310527,0.065669,0.214812
train_491,31,16,0.512799,0.716039,0.022534,0.222118
train_491,32,17,0.535655,0.721154,0.029616,0.246960
train_491,33,18,0.559154,0.718231,0.031547,0.267419
train_491,34,19,0.585872,0.718962,0.036054,0.274725
train_491,35,20,0.615810,0.710194,0.039273,0.283493
train_491,37,22,0.695643,0.628361,0.112668,0.230886
train_491,38,23,0.727833,0.567717,0.075326,0.200199
train_491,41,24,0.489944,0.712386,0.024465,0.226502
train_491,42,25,0.470951,0.725538,0.023821,0.238193
train_491,43,26,0.447130,0.734306,0.031547,0.264496
train_491,44,27,0.422665,0.719693,0.045711,0.279109
train_491,45,28,0.397556,0.693389,0.052149,0.255728
train_491,47,30,0.318689,0.607172,0.115887,0.194354
train_491,48,31,0.264286,0.558949,0.095929,0.156360
train_492,11,0,0.473687,0.425197,0.031383,0.255900
train_492,12,1,0.448924,0.417933,0.023047,0.261488
train_492,13,2,0.429555,0.403406,0.029422,0.270427
train_492,14,3,0.411902,0.384231,0.034325,0.241729
train_492,15,4,0.396723,0.371736,0.032587,0.235735
train_492,16,5,0.388198,0.362237,0.045091,0.230554
train_492,17,6,0.374746,0.351012,0.054564,0.234008
train_492,21,8,0.501872,0.419228,0.029176,0.258186
train_492,22,9,0.524607,0.420955,0.023872,0.240916
train_492,23,10,0.542984,0.377780,0.034860,0.280637
train_492,25,12,0.579928,0.344536,0.037513,0.238326
train_492,33,18,0.542037,0.636398,0.044333,0.229691
train_492,34,19,0.567045,0.600131,0.050396,0.217602
train_492,35,20,0.591106,0.587611,0.062900,0.246097
train_492,36,21,0.618009,0.543140,0.080330,0.253868
train_492,43,26,0.434387,0.637262,0.036376,0.202404
train_492,44,27,0.409985,0.605830,0.030010,0.208621
train_492,45,28,0.388008,0.599959,0.043651,0.213457
train_493,11,0,0.495330,0.482438,0.039082,0.198413
train_493,12,1,0.460644,0.478217,0.028335,0.194191
train_493,13,2,0.433775,0.475051,0.025404,0.183637
train_493,14,3,0.411303,0.481383,0.033220,0.179416
train_493,15,4,0.383945,0.480328,0.029312,0.202634
train_493,16,5,0.346328,0.478217,0.042014,0.211077
train_493,17,6,0.299429,0.476106,0.042014,0.202634
train_493,18,7,0.258881,0.471884,0.041036,0.198413
train_493,21,8,0.530504,0.481383,0.035174,0.208967
train_493,22,9,0.558838,0.481383,0.029312,0.196302
train_493,23,10,0.585708,0.478217,0.028335,0.198413
train_493,24,11,0.609646,0.472940,0.021495,0.200523
train_493,25,12,0.632118,0.477161,0.033220,0.208967
train_493,26,13,0.668269,0.476106,0.044945,0.219520
train_493,27,14,0.709306,0.466608,0.042991,0.221631
train_493,28,15,0.751319,0.470829,0.042991,0.196302
train_493,31,16,0.520245,0.685073,0.018564,0.177305
train_493,32,17,0.541251,0.687183,0.021495,0.168862
train_493,33,18,0.563724,0.690350,0.021495,0.192080
train_493,34,19,0.586196,0.695626,0.025404,0.194191
train_493,35,20,0.602806,0.696682,0.025404,0.183637
train_493,36,21,0.642866,0.704070,0.056669,0.194191
train_493,37,22,0.689764,0.694571,0.054715,0.200523
train_493,38,23,0.743991,0.667131,0.057646,0.166751
train_493,41,24,0.494353,0.688239,0.023449,0.170973
train_493,42,25,0.474323,0.694571,0.022472,0.183637
train_493,43,26,0.448919,0.695626,0.030289,0.202634
train_493,44,27,0.424004,0.691405,0.033220,0.206856
train_493,45,28,0.399578,0.689294,0.027358,0.194191
train_493,46,29,0.363427,0.690350,0.054715,0.213188
train_493,47,30,0.312131,0.676630,0.065463,0.177305
train_493,48,31,0.262790,0.649189,0.056669,0.156197
train_494,11,0,0.479058,0.413328,0.027886,0.224893
train_494,12,1,0.453926,0.402966,0.021689,0.231801
train_494,13,2,0.433269,0.404117,0.030640,0.249455
train_494,14,3,0.414678,0.412560,0.039592,0.211077
train_494,15,4,0.397637,0.418317,0.033050,0.208775
train_494,16,5,0.375431,0.417933,0.048543,0.212612
train_494,17,6,0.338884,0.405268,0.051287,0.224345
train_494,18,7,0.298309,0.374873,0.072711,0.196845
train_494,21,8,0.505911,0.407955,0.031329,0.231034
train_494,22,9,0.528117,0.405652,0.022034,0.224893
train_494,23,10,0.560823,0.409106,0.049576,0.227196
train_494,24,11,0.575455,0.421003,0.038214,0.215683
train_494,25,12,0.596972,0.421387,0.037182,0.219520
train_494,26,13,0.632604,0.428295,0.060248,0.213380
train_494,27,14,0.669269,0.429063,0.046821,0.210310
train_494,28,15,0.708345,0.430214,0.042346,0.194191
train_494,31,16,0.504018,0.667772,0.024788,0.248687
train_494,32,17,0.532248,0.662783,0.032362,0.267876
train_494,33,18,0.556692,0.658178,0.030296,0.215683
train_494,34,19,0.578553,0.676983,0.037526,0.254828
train_494,35,20,0.606784,0.700393,0.034772,0.297043
train_494,36,21,0.653605,0.686577,0.072642,0.275552
train_494,37,22,0.702492,0.663167,0.074708,0.265574
train_494,41,24,0.483211,0.669183,0.022209,0.259829
train_494,42,25,0.466390,0.674331,0.028146,0.266203
train_494,43,26,0.445060,0.695902,0.039141,0.314246
train_494,44,27,0.414495,0.697863,0.051015,0.285812
train_494,45,28,0.391627,0.694921,0.046177,0.282871
train_494,46,29,0.353585,0.683400,0.094993,0.290225
train_494,47,30,0.306968,0.633886,0.092354,0.237278
train_494,48,31,0.269697,0.578243,0.091255,0.223061
train_495,11,0,0.490411,0.456054,0.037259,0.204745
train_495,13,2,0.427168,0.447611,0.030396,0.221631
train_495,15,4,0.378633,0.444444,0.029415,0.202634
train_495,16,5,0.339903,0.425447,0.038240,0.202634
train_495,17,6,0.296270,0.409617,0.039220,0.187859
train_495,18,7,0.255579,0.384287,0.061772,0.187859
train_495,21,8,0.522277,0.434946,0.034318,0.208967
train_495,23,10,0.571303,0.417004,0.032357,0.223742
train_495,26,13,0.661999,0.417004,0.041181,0.173083
train_495,27,14,0.707103,0.396952,0.039220,0.170973
train_495,28,15,0.740440,0.383232,0.054908,0.173083
train_495,31,16,0.514433,0.669242,0.022552,0.192080
train_495,32,17,0.535024,0.663965,0.026474,0.173083
train_495,33,18,0.554144,0.681906,0.027454,0.196302
train_495,34,19,0.579637,0.665020,0.041181,0.175194
train_495,35,20,0.605620,0.658688,0.036279,0.183637
train_495,36,21,0.650724,0.643913,0.069616,0.208967
train_495,37,22,0.698278,0.615417,0.068636,0.177305
train_495,38,23,0.745833,0.560537,0.071577,0.151976
train_495,41,24,0.493842,0.673463,0.024513,0.179416
train_495,42,25,0.473252,0.679796,0.022552,0.208967
train_495,43,26,0.450210,0.690350,0.027454,0.208967
train_495,44,27,0.418834,0.668186,0.025493,0.189970
train_495,45,28,0.390889,0.660799,0.046084,0.175194
train_495,46,29,0.348727,0.657633,0.061772,0.211077
train_495,47,30,0.309997,0.633359,0.056869,0.192080
train_495,48,31,0.247735,0.574257,0.085304,0.116093
train_496,11,0,0.469383,0.406634,0.037955,0.300973
train_496,12,1,0.443446,0.418161,0.024038,0.293289
train_496,13,2,0.415929,0.413678,0.033527,0.299693
train_496,14,3,0.396635,0.412398,0.031630,0.271516
train_496,15,4,0.367852,0.418161,0.036058,0.208760
train_496,16,5,0.338120,0.422643,0.049975,0.207480
train_496,17,6,0.298267,0.420722,0.043649,0.175461
train_496,18,7,0.259046,0.432249,0.049975,0.167777
train_496,21,8,0.500380,0.407915,0.032895,0.295850
train_496,22,9,0.525367,0.425205,0.029732,0.245902
train_496,23,10,0.550354,0.416880,0.029099,0.270236
train_496,24,11,0.566802,0.413038,0.035425,0.254867
train_496,25,12,0.594636,0.416240,0.031630,0.207480
train_496,26,13,0.625633,0.421363,0.040486,0.207480
train_496,27,14,0.663904,0.413678,0.039853,0.174180
train_496,28,15,0.705023,0.424565,0.046179,0.170338
train_496,31,16,0.490258,0.673668,0.022773,0.192111
train_496,32,17,0.509868,0.666624,0.020243,0.190830
train_496,33,18,0.532642,0.696721,0.030364,0.243340
train_496,34,19,0.555099,0.698002,0.033527,0.271516
train_496,35,20,0.577872,0.674308,0.053770,0.244621
train_496,36,21,0.621837,0.665343,0.080972,0.242059
train_496,37,22,0.665802,0.630123,0.089195,0.202357
train_496,41,24,0.472229,0.690958,0.020876,0.221568
train_496,42,25,0.454833,0.682633,0.026569,0.199795
train_496,43,26,0.433325,0.708248,0.029099,0.271516
train_496,44,27,0.408970,0.688397,0.029732,0.226691
train_496,45,28,0.382718,0.669826,0.037955,0.204918
train_496,46,29,0.336855,0.666624,0.079074,0.224129
train_496,47,30,0.289410,0.645492,0.085400,0.220287
train_497,11,0,0.484194,0.409246,0.039989,0.246447
train_497,12,1,0.454446,0.416434,0.033162,0.236178
train_497,13,2,0.414457,0.407192,0.052669,0.291629
train_497,14,3,0.383733,0.419514,0.043891,0.262877
train_497,15,4,0.358374,0.427729,0.049743,0.238232
train_497,16,5,0.326675,0.442105,0.044866,0.258769
train_497,17,6,0.281809,0.445186,0.044866,0.240286
train_497,21,8,0.531011,0.424649,0.039989,0.260823
train_497,22,9,0.562710,0.413353,0.027310,0.234125
train_497,23,10,0.594897,0.408219,0.046817,0.252608
train_497,24,11,0.625621,0.418488,0.055595,0.244393
train_497,25,12,0.652930,0.411300,0.043891,0.258769
train_497,26,13,0.681216,0.413353,0.053644,0.242340
train_497,27,14,0.723156,0.408219,0.043891,0.248501
train_497,28,15,0.758269,0.429783,0.041940,0.188943
train_497,31,16,0.518332,0.690606,0.022433,0.271092
train_497,32,17,0.540765,0.696767,0.032187,0.299844
train_497,33,18,0.569538,0.697794,0.035113,0.281360
train_497,34,19,0.601237,0.707036,0.032187,0.271092
train_497,35,20,0.631960,0.702929,0.037063,0.271092
train_497,36,21,0.668536,0.687526,0.057546,0.232071
train_497,37,22,0.717791,0.657747,0.074127,0.193050
train_497,41,24,0.498337,0.699848,0.029261,0.273145
train_497,42,25,0.473466,0.702929,0.036088,0.262877
train_497,43,26,0.445180,0.726546,0.034137,0.330650
train_497,44,27,0.416895,0.714224,0.043891,0.277253
train_497,45,28,0.388610,0.715251,0.038039,0.258769
train_497,46,29,0.345694,0.700875,0.059497,0.209480
train_497,47,30,0.300340,0.689579,0.056570,0.223856
train_498,11,0,0.492845,0.422275,0.032456,0.214937
train_498,12,1,0.465306,0.437473,0.026555,0.214937
train_498,13,2,0.445144,0.440729,0.021638,0.221450
train_498,14,3,0.432358,0.447243,0.033440,0.217108
train_498,15,4,0.412196,0.452670,0.022621,0.201911
train_498,16,5,0.391050,0.461355,0.035407,0.206253
train_498,17,6,0.362036,0.441815,0.054094,0.206253
train_498,18,7,0.338923,0.405992,0.051143,0.108554
train_498,21,8,0.521859,0.425532,0.021638,0.199739
train_498,22,9,0.544480,0.429874,0.023605,0.199739
train_498,23,10,0.566609,0.452670,0.030489,0.210595
train_498,24,11,0.597099,0.461355,0.040325,0.210595
train_498,25,12,0.621687,0.463526,0.036390,0.214937
train_498,26,13,0.651193,0.454842,0.042292,0.184542
train_498,27,14,0.677748,0.410334,0.050160,0.130265
train_498,31,16,0.512515,0.648068,0.016720,0.197568
train_498,32,17,0.528252,0.657838,0.018687,0.191055
train_498,33,18,0.544972,0.691489,0.016720,0.232306
train_498,34,19,0.559725,0.677377,0.028522,0.204082
train_498,35,20,0.579887,0.670864,0.027539,0.182371
train_498,36,21,0.617261,0.671950,0.057045,0.188884
train_498,37,22,0.656602,0.651324,0.055077,0.182371
train_498,38,23,0.688567,0.625271,0.040325,0.165002
train_498,41,24,0.491861,0.648068,0.020654,0.223621
train_498,42,25,0.475633,0.655667,0.017703,0.199739
train_498,43,26,0.453504,0.656752,0.018687,0.206253
train_498,44,27,0.419572,0.666522,0.047209,0.195397
train_498,45,28,0.387608,0.661094,0.040325,0.175858
train_498,46,29,0.348758,0.637212,0.051143,0.149805
train_499,11,0,0.502998,0.496782,0.027700,0.210084
train_499,12,1,0.482717,0.480020,0.028690,0.203379
train_499,13,2,0.463426,0.478902,0.027700,0.205614
train_499,14,3,0.443145,0.478902,0.032647,0.201144
train_499,15,4,0.420391,0.478902,0.030668,0.210084
train_499,16,5,0.399122,0.475550,0.039572,0.203379
train_499,17,6,0.371916,0.464375,0.064304,0.216789
train_499,18,7,0.353119,0.404032,0.070240,0.167620
train_499,21,8,0.529214,0.488959,0.030668,0.230198
train_499,22,9,0.550484,0.477785,0.027700,0.234668
train_499,23,10,0.569280,0.474432,0.025722,0.241373
train_499,24,11,0.591045,0.465493,0.021765,0.227964
train_499,25,12,0.609347,0.458788,0.024732,0.219024
train_499,27,14,0.662274,0.449848,0.045508,0.241373
train_499,28,15,0.674640,0.366038,0.046497,0.140801
train_499,31,16,0.518826,0.731450,0.019786,0.219024
train_499,32,17,0.535644,0.745977,0.019786,0.239138
train_499,33,18,0.555925,0.751564,0.024732,0.236903
train_499,34,19,0.577689,0.742625,0.032647,0.223494
train_499,35,20,0.607863,0.722510,0.043529,0.214554
train_499,36,21,0.643972,0.716923,0.072219,0.198909
train_499,37,22,0.671178,0.686751,0.065294,0.205614
train_499,38,23,0.731030,0.659932,0.070240,0.116217
train_499,41,24,0.501019,0.725863,0.021765,0.203379
train_499,42,25,0.485190,0.731450,0.023743,0.210084
train_499,43,26,0.465899,0.724745,0.026711,0.214554
train_499,44,27,0.442156,0.734802,0.036604,0.221259
train_499,45,28,0.412972,0.721393,0.047486,0.194439
train_499,47,30,0.347183,0.696809,0.086069,0.189970
train_5,11,0,0.469445,0.467689,0.034662,0.292388
train_5,12,1,0.440811,0.458603,0.031648,0.297344
train_5,13,2,0.414096,0.462513,0.036973,0.270517
train_5,14,3,0.392923,0.471238,0.043974,0.223427
train_5,15,4,0.365762,0.467552,0.038801,0.222860
train_5,16,5,0.328740,0.445101,0.049430,0.196104
train_5,17,6,0.287359,0.384428,0.053401,0.243850
train_5,21,8,0.501339,0.472506,0.032141,0.281846
train_5,22,9,0.527178,0.451782,0.035922,0.295662
train_5,23,10,0.557744,0.448328,0.035292,0.297043
train_5,24,11,0.583268,0.465598,0.043485,0.226582
train_5,25,12,0.614148,0.466289,0.053569,0.186516
train_5,26,13,0.660154,0.422769,0.059871,0.221056
train_5,27,14,0.702379,0.375104,0.054829,0.241779
train_5,31,16,0.504805,0.717049,0.042855,0.190660
train_5,32,17,0.528124,0.711523,0.047897,0.190660
train_5,33,18,0.553963,0.709450,0.050418,0.216911
train_5,34,19,0.577911,0.687345,0.056720,0.205858
train_5,35,20,0.606271,0.636916,0.061761,0.168555
train_5,36,21,0.659724,0.642530,0.092482,0.224116
train_5,37,22,0.711715,0.597047,0.100177,0.213768
train_5,38,23,0.753995,0.508534,0.075038,0.110224
train_5,41,24,0.476991,0.707708,0.034145,0.176927
train_5,42,25,0.455263,0.707708,0.039318,0.195073
train_5,43,26,0.428654,0.707411,0.042585,0.225069
train_5,44,27,0.399280,0.691955,0.038662,0.221577
train_5,46,29,0.327290,0.655152,0.103542,0.211402
train_5,47,30,0.285295,0.611312,0.101320,0.211402
train_5,48,31,0.242412,0.565038,0.076879,0.190944
train_50,11,0,0.481337,0.478723,0.031892,0.215299
train_50,12,1,0.453579,0.478090,0.030711,0.231763
train_50,13,2,0.429069,0.483789,0.033664,0.227964
train_50,14,3,0.407217,0.481256,0.041932,0.238095
train_50,15,4,0.380345,0.488855,0.041342,0.212766
train_50,16,5,0.349634,0.495187,0.047248,0.192503
train_50,21,8,0.513525,0.465426,0.033664,0.234296
train_50,22,9,0.542169,0.464792,0.031892,0.222898
train_50,23,10,0.574061,0.468592,0.040161,0.225431
train_50,24,11,0.594141,0.481256,0.040161,0.235562
train_50,25,12,0.619832,0.496454,0.033664,0.205167
train_50,28,15,0.713147,0.511018,0.043114,0.176039
train_50,31,16,0.501122,0.706687,0.019490,0.222898
train_50,32,17,0.520317,0.709220,0.022443,0.227964
train_50,33,18,0.544531,0.727584,0.034255,0.254559
train_50,34,19,0.569631,0.721251,0.030120,0.236829
train_50,36,21,0.625443,0.719352,0.068509,0.210233
train_50,37,22,0.669738,0.699721,0.063785,0.208967
train_50,38,23,0.720529,0.690223,0.073234,0.197568
train_50,41,24,0.483109,0.715552,0.020080,0.222898
train_50,42,25,0.462733,0.709853,0.023033,0.221631
train_50,43,26,0.441472,0.708587,0.023033,0.236829
train_50,44,27,0.418734,0.723151,0.027167,0.225431
train_50,46,29,0.364399,0.726950,0.073234,0.215299
train_50,47,30,0.313312,0.704154,0.089180,0.205167
train_50,48,31,0.276104,0.653495,0.099811,0.212766
train_500,11,0,0.490586,0.495346,0.045328,0.283245
train_500,12,1,0.456067,0.494681,0.044630,0.263298
train_500,13,2,0.422245,0.464096,0.042538,0.335106
train_500,14,3,0.394003,0.486702,0.044630,0.260638
train_500,15,4,0.357741,0.490027,0.037657,0.256649
train_500,16,5,0.319386,0.494681,0.055788,0.247340
train_500,17,6,0.285914,0.464096,0.071130,0.239362
train_500,18,7,0.264296,0.443484,0.061367,0.123670
train_500,21,8,0.532311,0.504765,0.043003,0.264849
train_500,22,9,0.570084,0.502549,0.041841,0.255984
train_500,23,10,0.601755,0.473183,0.045909,0.325798
train_500,24,11,0.633717,0.502549,0.052882,0.249335
train_500,25,12,0.663354,0.505319,0.045909,0.239362
train_500,26,13,0.707229,0.498116,0.058113,0.251551
train_500,27,14,0.742097,0.471520,0.061599,0.251551
train_500,28,15,0.765051,0.449357,0.050558,0.114140
train_500,31,16,0.534926,0.765736,0.030800,0.241578
train_500,32,17,0.562820,0.764628,0.036611,0.252660
train_500,33,18,0.595653,0.770723,0.045328,0.271498
train_500,34,19,0.633136,0.760195,0.049396,0.243794
train_500,35,20,0.675267,0.754654,0.060437,0.232713
train_500,36,21,0.719433,0.739140,0.086007,0.221631
train_500,37,22,0.765342,0.697030,0.090656,0.206117
train_500,38,23,0.810669,0.664894,0.062762,0.117465
train_500,41,24,0.504998,0.766290,0.031381,0.242686
train_500,42,25,0.474198,0.761857,0.038354,0.240470
train_500,43,26,0.439331,0.766290,0.048815,0.282580
train_500,44,27,0.402720,0.749668,0.047652,0.242686
train_500,45,28,0.361460,0.744127,0.063924,0.240470
train_500,46,29,0.319328,0.727504,0.084263,0.220523
train_500,47,30,0.267899,0.696476,0.092980,0.205009
train_500,48,31,0.221699,0.668218,0.064505,0.124113
train_501,11,0,0.475677,0.384161,0.034196,0.314271
train_501,12,1,0.450468,0.384630,0.028497,0.315209
train_501,13,2,0.431617,0.359770,0.032881,0.349919
train_501,16,5,0.374185,0.357424,0.049541,0.275808
train_501,17,6,0.328151,0.318023,0.047787,0.343352
train_501,21,8,0.508558,0.374780,0.034196,0.334909
train_501,22,9,0.533986,0.361646,0.026305,0.338662
train_501,23,10,0.561606,0.348512,0.030689,0.342414
train_501,27,14,0.703213,0.330688,0.072776,0.254231
train_501,31,16,0.514696,0.678262,0.040334,0.260798
train_501,32,17,0.535301,0.675917,0.039457,0.256107
train_501,33,18,0.563798,0.669350,0.049979,0.274870
train_501,34,19,0.584841,0.640268,0.047348,0.269241
train_501,35,20,0.619476,0.636046,0.061378,0.277684
train_501,36,21,0.661783,0.604619,0.074092,0.261736
train_501,41,24,0.495844,0.666535,0.032442,0.239221
train_501,42,25,0.476992,0.688581,0.035073,0.281436
train_501,43,26,0.452441,0.683891,0.038580,0.298323
train_501,44,27,0.427671,0.664659,0.032881,0.293632
train_501,45,28,0.403997,0.649180,0.035511,0.279560
train_501,47,30,0.325082,0.592893,0.096012,0.180119
train_502,11,0,0.478543,0.604318,0.034225,0.243735
train_502,12,1,0.456994,0.597150,0.022816,0.229397
train_502,13,2,0.434812,0.596433,0.027887,0.227964
train_502,14,3,0.407242,0.586397,0.036126,0.207891
train_502,15,4,0.388228,0.580662,0.043732,0.210759
train_502,16,5,0.357806,0.564174,0.044999,0.206458
train_502,17,6,0.328969,0.553421,0.050703,0.193554
train_502,21,8,0.499141,0.601451,0.032323,0.243735
train_502,22,9,0.523542,0.605752,0.024084,0.220795
train_502,23,10,0.546675,0.592132,0.029788,0.236566
train_502,24,11,0.563788,0.586397,0.036126,0.222229
train_502,25,12,0.580900,0.568475,0.034858,0.238000
train_502,27,14,0.636674,0.559873,0.041196,0.200723
train_502,28,15,0.663293,0.546252,0.053872,0.210759
train_502,31,16,0.492803,0.775649,0.020915,0.205024
train_502,32,17,0.511817,0.781384,0.019647,0.216494
train_502,33,18,0.532732,0.782101,0.028521,0.223662
train_502,34,19,0.553330,0.792137,0.035492,0.215060
train_502,35,20,0.575513,0.782101,0.041830,0.192120
train_502,36,21,0.616075,0.760595,0.082393,0.215060
train_502,37,22,0.651251,0.741240,0.080491,0.182084
train_502,41,24,0.477275,0.777083,0.021549,0.202156
train_502,42,25,0.463966,0.774933,0.027887,0.197855
train_502,43,26,0.444635,0.791421,0.028521,0.248036
train_502,44,27,0.425622,0.795005,0.037394,0.220795
train_502,45,28,0.401854,0.784969,0.043098,0.217927
train_502,46,29,0.378404,0.770631,0.058309,0.223662
train_502,47,30,0.335623,0.746975,0.066548,0.210759
train_502,48,31,0.299181,0.716150,0.057041,0.154843
train_503,11,0,0.490030,0.436496,0.033795,0.247503
train_503,12,1,0.470236,0.434325,0.025105,0.238819
train_503,13,2,0.449959,0.419127,0.023174,0.243161
train_503,14,3,0.436924,0.415871,0.024139,0.219279
train_503,15,4,0.417612,0.393074,0.031864,0.225792
train_503,16,5,0.393955,0.382219,0.044417,0.221450
train_503,17,6,0.361126,0.380048,0.048279,0.191055
train_503,18,7,0.325882,0.358337,0.060831,0.221450
train_503,21,8,0.514170,0.435410,0.026071,0.254017
train_503,22,9,0.538792,0.433239,0.019312,0.227964
train_503,23,10,0.558104,0.423469,0.023174,0.208424
train_503,25,12,0.597209,0.413700,0.028002,0.206253
train_503,26,13,0.626177,0.397416,0.033795,0.204082
train_503,27,14,0.659489,0.380048,0.030898,0.199739
train_503,28,15,0.690388,0.358337,0.044417,0.178029
train_503,31,16,0.525274,0.678571,0.028967,0.197568
train_503,32,17,0.543620,0.678571,0.021243,0.193226
train_503,33,18,0.561483,0.680743,0.035726,0.206253
train_503,34,19,0.580312,0.677486,0.032830,0.208424
train_503,35,20,0.614107,0.661203,0.056003,0.219279
train_503,37,22,0.684111,0.609097,0.070487,0.206253
train_503,38,23,0.719355,0.555905,0.073384,0.191055
train_503,41,24,0.506445,0.694855,0.018346,0.221450
train_503,42,25,0.484720,0.698111,0.023174,0.258359
train_503,43,26,0.463960,0.701368,0.029933,0.251845
train_503,44,27,0.439820,0.679657,0.031864,0.212766
train_503,45,28,0.413750,0.655775,0.047313,0.199739
train_503,46,29,0.385748,0.629722,0.064694,0.217108
train_503,47,30,0.341332,0.612353,0.072418,0.221450
train_504,11,0,0.476820,0.492835,0.030972,0.247503
train_504,12,1,0.454559,0.488493,0.017422,0.243161
train_504,13,2,0.439073,0.484151,0.025165,0.234477
train_504,14,3,0.426974,0.466782,0.024197,0.191055
train_504,15,4,0.407133,0.454842,0.027100,0.227964
train_504,16,5,0.379065,0.430960,0.038715,0.236648
train_504,17,6,0.344222,0.407078,0.050329,0.223621
train_504,21,8,0.504888,0.489579,0.030972,0.232306
train_504,22,9,0.530052,0.484151,0.029036,0.234477
train_504,23,10,0.548926,0.472210,0.026132,0.240990
train_504,24,11,0.571671,0.459184,0.030972,0.223621
train_504,26,13,0.610385,0.457013,0.054201,0.193226
train_504,27,14,0.647164,0.440729,0.052265,0.204082
train_504,28,15,0.668941,0.375597,0.043554,0.151976
train_504,31,16,0.528600,0.711029,0.022261,0.188884
train_504,32,17,0.547958,0.707772,0.026132,0.178029
train_504,33,18,0.574090,0.702345,0.033875,0.197568
train_504,34,19,0.603126,0.699088,0.043554,0.195397
train_504,36,21,0.640389,0.682805,0.075494,0.180200
train_504,37,22,0.687815,0.631785,0.083237,0.173686
train_504,38,23,0.726529,0.605732,0.056136,0.147634
train_504,41,24,0.507307,0.712115,0.020325,0.182371
train_504,42,25,0.489886,0.717542,0.014518,0.158489
train_504,43,26,0.471980,0.717542,0.019357,0.201911
train_504,44,27,0.455527,0.725141,0.021293,0.212766
train_504,45,28,0.427458,0.717542,0.036779,0.188884
train_504,46,29,0.405681,0.703430,0.039683,0.191055
train_504,46,29,0.369870,0.676292,0.074526,0.193226
train_504,47,30,0.328252,0.627442,0.060976,0.173686
train_505,11,0,0.495768,0.485605,0.032633,0.225853
train_505,12,1,0.478957,0.479272,0.028678,0.225853
train_505,13,2,0.458190,0.465552,0.022744,0.206856
train_505,14,3,0.441379,0.452888,0.026700,0.211077
train_505,15,4,0.426051,0.456054,0.023733,0.225853
train_505,16,5,0.398857,0.439168,0.036589,0.242739
train_505,17,6,0.366224,0.419115,0.056366,0.236407
train_505,18,7,0.343974,0.333629,0.063289,0.141422
train_505,21,8,0.521479,0.477161,0.030655,0.234296
train_505,22,9,0.540267,0.456054,0.024722,0.225853
train_505,23,10,0.559056,0.459220,0.026700,0.232185
train_505,24,11,0.577845,0.436001,0.030655,0.244850
train_505,26,13,0.609984,0.424392,0.037578,0.225853
train_505,31,16,0.517523,0.696682,0.012856,0.166751
train_505,32,17,0.540267,0.718845,0.030655,0.202634
train_505,37,22,0.679700,0.620694,0.088011,0.200523
train_505,41,24,0.500218,0.703014,0.019778,0.204745
train_505,42,25,0.485152,0.710557,0.019870,0.206758
train_505,45,28,0.434649,0.708790,0.033116,0.199689
train_505,47,30,0.336543,0.635453,0.090241,0.144907
train_506,11,0,0.494101,0.424446,0.039655,0.219279
train_506,12,1,0.470308,0.425532,0.035690,0.234477
train_506,13,2,0.444533,0.401650,0.035690,0.273556
train_506,14,3,0.412313,0.409249,0.028750,0.254017
train_506,15,4,0.385546,0.412505,0.024784,0.230135
train_506,16,5,0.353822,0.422275,0.036681,0.210595
train_506,17,6,0.313175,0.419019,0.036681,0.199739
train_506,18,7,0.283434,0.374512,0.048577,0.145462
train_506,21,8,0.522851,0.427703,0.029741,0.225792
train_506,22,9,0.547140,0.428789,0.028750,0.223621
train_506,23,10,0.578368,0.439644,0.025776,0.210595
train_506,24,11,0.604640,0.438558,0.024784,0.199739
train_506,25,12,0.628928,0.425532,0.033707,0.221450
train_506,26,13,0.662635,0.411420,0.039655,0.249674
train_506,27,14,0.698820,0.396222,0.048577,0.214937
train_506,28,15,0.728066,0.333261,0.045603,0.110725
train_506,31,16,0.529295,0.638298,0.022802,0.191055
train_506,31,16,0.508972,0.653495,0.017845,0.212766
train_506,32,17,0.554575,0.661094,0.037672,0.214937
train_506,32,17,0.528304,0.658923,0.022802,0.214937
train_506,33,18,0.581342,0.656752,0.035690,0.201911
train_506,33,18,0.554080,0.670864,0.028750,0.225792
train_506,34,19,0.612075,0.664351,0.045603,0.212766
train_506,34,19,0.585308,0.679548,0.033707,0.238819
train_506,35,20,0.653713,0.648068,0.077327,0.193226
train_506,35,20,0.609101,0.677377,0.031724,0.234477
train_506,36,21,0.705760,0.614416,0.084267,0.195397
train_506,36,21,0.652226,0.651324,0.062457,0.238819
train_506,37,22,0.748885,0.577508,0.063448,0.165002
train_506,37,22,0.710221,0.608988,0.079310,0.197568
train_506,38,23,0.749876,0.574251,0.053534,0.171515
train_506,41,24,0.509963,0.652410,0.021810,0.188884
train_506,41,24,0.486666,0.665436,0.020819,0.210595
train_506,42,25,0.470308,0.655667,0.019828,0.199739
train_506,43,26,0.444533,0.667607,0.033707,0.214937
train_506,44,27,0.416774,0.675206,0.025776,0.234477
train_506,45,28,0.385546,0.656752,0.058491,0.227964
train_506,46,29,0.351839,0.641554,0.060474,0.193226
train_506,47,30,0.304749,0.629614,0.069396,0.208424
train_506,48,31,0.260632,0.584021,0.068405,0.156318
train_507,11,0,0.505138,0.457447,0.044961,0.208217
train_507,11,0,0.508809,0.657790,0.026609,0.160974
train_507,12,1,0.465224,0.453073,0.027527,0.202968
train_507,12,1,0.473941,0.677037,0.039455,0.209966
train_507,13,2,0.433109,0.437325,0.033032,0.255459
train_507,13,2,0.447791,0.674412,0.038538,0.211716
train_507,14,3,0.403747,0.460071,0.027527,0.202968
train_507,14,3,0.417970,0.675287,0.041290,0.209966
train_507,15,4,0.375303,0.460071,0.029362,0.199468
train_507,15,4,0.380808,0.674412,0.045878,0.190719
train_507,16,5,0.337683,0.468820,0.047713,0.202968
train_507,16,5,0.342270,0.671788,0.073405,0.188970
train_507,17,6,0.291804,0.474069,0.049549,0.195969
train_507,17,6,0.288134,0.660414,0.080746,0.180221
train_507,18,7,0.245926,0.630669,0.075240,0.183721
train_507,21,8,0.548264,0.460071,0.043126,0.213466
train_507,22,9,0.585884,0.437325,0.039455,0.241461
train_507,23,10,0.611576,0.452198,0.037620,0.236212
train_507,25,12,0.663418,0.462696,0.027527,0.190719
train_507,26,13,0.703333,0.466195,0.048631,0.180221
train_507,27,14,0.742329,0.459197,0.044043,0.190719
train_507,28,15,0.781784,0.447823,0.040373,0.199468
train_507,31,16,0.533124,0.651666,0.023857,0.155725
train_507,32,17,0.565698,0.678786,0.043126,0.213466
train_507,33,18,0.592766,0.677037,0.049549,0.227464
train_507,34,19,0.623504,0.675287,0.048631,0.206467
train_507,35,20,0.653325,0.665663,0.051384,0.204717
train_507,36,21,0.701039,0.662164,0.082581,0.187220
train_507,37,22,0.747835,0.651666,0.078911,0.173222
train_507,38,23,0.796007,0.640293,0.074323,0.185470
train_508,11,0,0.474033,0.468194,0.034329,0.219279
train_508,12,1,0.452455,0.457338,0.034329,0.201911
train_508,13,2,0.424991,0.437799,0.024521,0.201911
train_508,15,4,0.382816,0.428029,0.036291,0.173686
train_508,16,5,0.359767,0.387864,0.039233,0.193226
train_508,17,6,0.325928,0.348784,0.046099,0.206253
train_508,21,8,0.500515,0.463851,0.030406,0.219279
train_508,22,9,0.523564,0.459509,0.023540,0.223621
train_508,23,10,0.545142,0.428029,0.025501,0.225792
train_508,24,11,0.566721,0.420430,0.031386,0.219279
train_508,25,12,0.596145,0.405232,0.033348,0.197568
train_508,31,16,0.503948,0.631025,0.017655,0.097699
train_508,32,17,0.522093,0.642966,0.016674,0.134607
train_508,33,18,0.543671,0.652736,0.030406,0.214937
train_508,34,19,0.567701,0.639709,0.033348,0.188884
train_508,35,20,0.599088,0.617998,0.058849,0.197568
train_508,36,21,0.639302,0.578919,0.060811,0.210595
train_508,37,22,0.673140,0.501845,0.075524,0.169344
train_508,41,24,0.488255,0.637538,0.015693,0.119409
train_508,42,25,0.468148,0.661420,0.016674,0.145462
train_508,43,26,0.445098,0.658163,0.029425,0.195397
train_508,44,27,0.415674,0.637538,0.041195,0.201911
train_508,46,29,0.332794,0.587603,0.069639,0.197568
train_508,47,30,0.294542,0.530069,0.085332,0.151976
train_509,11,0,0.501144,0.456009,0.030899,0.242340
train_509,12,1,0.473142,0.445741,0.032830,0.221802
train_509,13,2,0.443208,0.442660,0.028968,0.219749
train_509,14,3,0.420034,0.437526,0.025105,0.230017
train_509,15,4,0.395411,0.433418,0.029933,0.209480
train_509,16,5,0.364995,0.441633,0.044417,0.213587
train_509,17,6,0.331199,0.443687,0.042486,0.209480
train_509,18,7,0.302231,0.376941,0.059867,0.166352
train_509,21,8,0.530595,0.444714,0.035727,0.244393
train_509,24,11,0.594807,0.465251,0.030899,0.203319
train_509,25,12,0.620878,0.471412,0.028968,0.215641
train_509,26,13,0.658536,0.483734,0.034761,0.203319
train_509,27,14,0.692815,0.467305,0.047314,0.227964
train_509,28,15,0.716955,0.410827,0.056970,0.172513
train_509,31,16,0.517077,0.688080,0.024140,0.193050
train_509,32,17,0.533974,0.698349,0.025105,0.213587
train_509,33,18,0.562460,0.703483,0.035727,0.240286
train_509,34,19,0.590462,0.713752,0.028002,0.199211
train_509,35,20,0.612671,0.700403,0.041521,0.213587
train_509,36,21,0.653708,0.697322,0.059867,0.227964
train_509,37,22,0.701023,0.671650,0.069523,0.201265
train_509,38,23,0.765235,0.675758,0.064695,0.156083
train_509,41,24,0.494868,0.703483,0.026071,0.215641
train_509,42,25,0.469280,0.699376,0.028968,0.219749
train_509,43,26,0.449485,0.683973,0.028002,0.193050
train_509,44,27,0.422931,0.673704,0.040555,0.217695
train_509,45,28,0.399274,0.665489,0.035727,0.217695
train_509,46,29,0.363547,0.654194,0.058901,0.211534
train_509,47,30,0.311887,0.647006,0.077248,0.193050
train_509,48,31,0.268918,0.612092,0.055039,0.172513
train_51,11,0,0.495833,0.356659,0.039141,0.273556
train_51,12,1,0.467424,0.351133,0.030303,0.301188
train_51,13,2,0.440909,0.349751,0.032828,0.303951
train_51,14,3,0.421338,0.360804,0.039141,0.270793
train_51,15,4,0.394192,0.366330,0.040404,0.254214
train_51,16,5,0.360101,0.345607,0.055556,0.268030
train_51,17,6,0.321591,0.334554,0.059343,0.240398
train_51,18,7,0.285606,0.294487,0.070707,0.210003
train_51,21,8,0.523611,0.341462,0.041667,0.303951
train_51,22,9,0.546338,0.340080,0.029040,0.295662
train_51,23,10,0.570960,0.335935,0.032828,0.265267
train_51,24,11,0.584848,0.342843,0.040404,0.273556
train_51,25,12,0.609470,0.340080,0.044192,0.262503
train_51,26,13,0.644823,0.323501,0.056818,0.251451
train_51,27,14,0.683965,0.287579,0.066919,0.251451
train_51,28,15,0.721212,0.291724,0.073232,0.243161
train_51,31,16,0.507197,0.627452,0.018939,0.218292
train_51,32,17,0.528030,0.639887,0.022727,0.243161
train_51,33,18,0.550758,0.648176,0.037879,0.254214
train_51,34,19,0.583586,0.645413,0.050505,0.281846
train_51,35,20,0.613889,0.632979,0.080808,0.268030
train_51,36,21,0.653662,0.603965,0.097222,0.287372
train_51,37,22,0.694066,0.562517,0.092172,0.254214
train_51,38,23,0.747727,0.500345,0.080808,0.163028
train_51,41,24,0.490152,0.631597,0.030303,0.226582
train_51,42,25,0.471212,0.641268,0.045455,0.234872
train_51,43,26,0.449747,0.648176,0.045455,0.259740
train_51,44,27,0.421970,0.641268,0.037879,0.262503
train_51,45,28,0.392298,0.635742,0.044192,0.268030
train_51,46,29,0.330429,0.592912,0.109848,0.232108
train_51,47,30,0.293182,0.533504,0.101010,0.207240
train_510,11,0,0.488883,0.397819,0.035202,0.279367
train_510,12,1,0.458672,0.392790,0.030473,0.271545
train_510,13,2,0.430301,0.383292,0.034676,0.315126
train_510,14,3,0.408497,0.387761,0.038354,0.319596
train_510,15,4,0.387218,0.431343,0.040981,0.234668
train_510,16,5,0.347813,0.427432,0.065149,0.253665
train_510,17,6,0.302366,0.445311,0.062522,0.226846
train_510,18,7,0.262436,0.439724,0.064624,0.253665
train_510,21,8,0.525923,0.395584,0.040981,0.292777
train_510,22,9,0.556396,0.415698,0.030473,0.257018
train_510,23,10,0.586607,0.406758,0.041506,0.290542
train_510,24,11,0.604470,0.426594,0.039405,0.264281
train_510,25,12,0.631476,0.404160,0.036620,0.261208
train_510,26,13,0.669659,0.441204,0.062969,0.234612
train_510,27,14,0.712308,0.449278,0.051804,0.226064
train_510,31,16,0.513576,0.676767,0.025009,0.223214
train_510,32,17,0.539478,0.691489,0.029475,0.250760
train_510,33,18,0.566944,0.709536,0.031708,0.300152
train_510,34,19,0.589496,0.683891,0.036620,0.241261
train_510,35,20,0.620757,0.707162,0.047338,0.272606
train_510,36,21,0.658048,0.691489,0.062076,0.260258
train_510,37,22,0.712085,0.690065,0.079046,0.247910
train_510,38,23,0.757190,0.645422,0.065648,0.217515
train_510,41,24,0.490354,0.675342,0.026795,0.227964
train_510,42,25,0.466461,0.680566,0.030815,0.234612
train_510,43,26,0.442569,0.692439,0.035727,0.252660
train_510,44,27,0.418453,0.699563,0.033941,0.259309
train_510,45,28,0.391658,0.700513,0.044659,0.253609
train_510,46,29,0.351242,0.703837,0.074580,0.273556
train_510,47,30,0.294971,0.687215,0.094230,0.251710
train_510,48,31,0.243837,0.660619,0.085745,0.219415
train_511,11,0,0.491214,0.494343,0.034240,0.276089
train_511,12,1,0.469579,0.484634,0.030854,0.281999
train_511,13,2,0.450578,0.476613,0.030477,0.298041
train_511,14,3,0.435339,0.481256,0.043647,0.280311
train_511,15,4,0.417090,0.490966,0.037250,0.260892
train_511,16,5,0.384167,0.478723,0.058697,0.285377
train_511,17,6,0.348045,0.488433,0.046657,0.235562
train_511,21,8,0.523197,0.476613,0.040260,0.299730
train_511,22,9,0.545020,0.488011,0.034993,0.278622
train_511,23,10,0.562893,0.481678,0.034616,0.284532
train_511,24,11,0.583211,0.477879,0.042142,0.280311
train_511,26,13,0.617827,0.482523,0.045152,0.252448
train_511,27,14,0.656206,0.460993,0.039132,0.239784
train_511,31,16,0.520690,0.732782,0.023888,0.221484
train_511,32,17,0.542914,0.731383,0.023486,0.242058
train_511,33,18,0.560392,0.736592,0.021848,0.257378
train_511,34,19,0.583469,0.716982,0.024852,0.229189
train_511,35,20,0.615831,0.700130,0.043695,0.213869
train_511,36,21,0.648117,0.673759,0.068857,0.195880
train_511,37,22,0.692892,0.631543,0.080144,0.190814
train_511,41,24,0.501001,0.727186,0.021788,0.219717
train_511,42,25,0.481969,0.736022,0.027826,0.246813
train_511,43,26,0.463289,0.742192,0.030367,0.272508
train_511,44,27,0.441106,0.736624,0.030361,0.260062
train_511,45,28,0.422860,0.723142,0.040578,0.233310
train_511,47,30,0.351716,0.697173,0.085073,0.205723
train_511,48,31,0.311520,0.659179,0.074611,0.189043
train_512,11,0,0.495069,0.433728,0.023175,0.244186
train_512,12,1,0.472493,0.426044,0.032365,0.242478
train_512,13,2,0.445123,0.384208,0.035162,0.291998
train_512,15,4,0.395176,0.402565,0.035162,0.222841
train_512,16,5,0.359614,0.409395,0.057538,0.217718
train_512,17,6,0.326850,0.360729,0.073521,0.227964
train_512,18,7,0.290888,0.311209,0.068726,0.210888
train_512,21,8,0.520842,0.434582,0.026771,0.249308
train_512,22,9,0.540221,0.433728,0.024773,0.237355
train_512,23,10,0.559800,0.426044,0.030367,0.245893
train_512,27,14,0.685665,0.394881,0.078316,0.204057
train_512,28,15,0.715033,0.281326,0.057938,0.212595
train_512,31,16,0.516646,0.677914,0.016782,0.201496
train_512,32,17,0.529832,0.683037,0.034363,0.211741
train_512,33,18,0.554206,0.696271,0.033564,0.233086
train_512,34,19,0.581177,0.694990,0.030767,0.232233
train_512,35,20,0.617738,0.698832,0.062333,0.258700
train_512,36,21,0.650902,0.651873,0.077517,0.222841
train_512,37,22,0.709639,0.632663,0.087906,0.259554
train_512,38,23,0.754791,0.589973,0.075119,0.211741
train_512,41,24,0.503660,0.690721,0.014784,0.213449
train_512,42,25,0.487677,0.686879,0.024374,0.222841
train_512,43,26,0.461905,0.700966,0.033564,0.251016
train_512,44,27,0.432536,0.692855,0.038758,0.239917
train_512,45,28,0.400770,0.694136,0.056739,0.269800
train_512,47,30,0.328448,0.630528,0.118273,0.221133
train_512,48,31,0.280300,0.558809,0.106686,0.188689
train_513,11,0,0.499905,0.365128,0.029143,0.212508
train_513,12,1,0.478408,0.357400,0.034048,0.217660
train_513,13,2,0.450996,0.349995,0.027123,0.233759
train_513,14,3,0.435271,0.348385,0.037799,0.217660
train_513,16,5,0.378716,0.349673,0.059729,0.199629
train_513,17,6,0.339329,0.350961,0.045013,0.195765
train_513,18,7,0.304848,0.338403,0.045302,0.175802
train_513,21,8,0.528759,0.365450,0.029143,0.227320
train_513,22,9,0.551843,0.359976,0.032029,0.218948
train_513,23,10,0.578101,0.360942,0.025681,0.228607
train_513,24,11,0.596567,0.356756,0.034337,0.216372
train_513,26,13,0.637901,0.362230,0.048907,0.210576
train_513,27,14,0.678092,0.351402,0.047819,0.193516
train_513,28,15,0.713124,0.322357,0.047365,0.183384
train_513,31,16,0.508985,0.572442,0.021034,0.158055
train_513,32,17,0.528203,0.573624,0.021942,0.181358
train_513,33,18,0.550297,0.604525,0.025877,0.251942
train_513,34,19,0.574509,0.580378,0.034048,0.201621
train_513,35,20,0.596286,0.569628,0.047241,0.207775
train_513,37,22,0.679280,0.556026,0.097121,0.218929
train_513,38,23,0.720255,0.494826,0.084910,0.167053
train_513,41,24,0.491544,0.574035,0.019258,0.163322
train_513,42,25,0.474289,0.579020,0.020183,0.198050
train_513,43,26,0.449561,0.592430,0.031121,0.229683
train_513,44,27,0.427145,0.570596,0.043909,0.205958
train_513,45,28,0.408811,0.566814,0.049147,0.217648
train_513,46,29,0.367368,0.578849,0.089512,0.239654
train_513,47,30,0.323305,0.559938,0.091669,0.225901
train_513,48,31,0.271616,0.513176,0.102299,0.211459
train_514,11,0,0.486831,0.481980,0.036228,0.208424
train_514,12,1,0.463331,0.477638,0.030353,0.199739
train_514,13,2,0.436894,0.458098,0.036228,0.238819
train_514,14,3,0.415353,0.460269,0.040145,0.217108
train_514,15,4,0.389406,0.430960,0.031333,0.227964
train_514,16,5,0.359052,0.420104,0.045041,0.227964
train_514,17,6,0.324782,0.419019,0.043082,0.199739
train_514,21,8,0.520611,0.476552,0.031333,0.184542
train_514,22,9,0.538725,0.468954,0.024479,0.186713
train_514,23,10,0.557329,0.466782,0.026437,0.191055
train_514,24,11,0.578870,0.461355,0.028395,0.184542
train_514,25,12,0.601390,0.447243,0.036228,0.208424
train_514,26,13,0.633702,0.429874,0.059728,0.212766
train_514,27,14,0.666993,0.404907,0.067561,0.227964
train_514,28,15,0.694899,0.374512,0.064624,0.149805
train_514,31,16,0.513267,0.673035,0.022520,0.156318
train_514,32,17,0.530402,0.691489,0.025458,0.214937
train_514,33,18,0.553902,0.706687,0.031333,0.219279
train_514,34,19,0.579360,0.691489,0.031333,0.193226
train_514,35,20,0.606776,0.684976,0.035249,0.210595
train_514,36,21,0.659649,0.641554,0.066582,0.214937
train_514,37,22,0.702732,0.607903,0.076373,0.169344
train_514,41,24,0.494664,0.695832,0.024479,0.201911
train_514,42,25,0.467248,0.687147,0.028395,0.193226
train_514,43,26,0.446196,0.711029,0.025458,0.223621
train_514,44,27,0.415353,0.694746,0.028395,0.199739
train_514,45,28,0.390874,0.655667,0.040145,0.208424
train_514,46,29,0.345344,0.663265,0.050915,0.227964
train_514,47,30,0.307158,0.616587,0.070498,0.195397
train_514,48,31,0.267502,0.586192,0.047978,0.165002
train_515,11,0,0.487360,0.485286,0.034030,0.233145
train_515,12,1,0.460825,0.502556,0.031194,0.205513
train_515,13,2,0.435910,0.479242,0.031599,0.245233
train_515,14,3,0.409374,0.487013,0.040107,0.240053
train_515,17,6,0.322274,0.479242,0.045779,0.221056
train_515,21,8,0.523011,0.487876,0.034840,0.227964
train_515,22,9,0.551369,0.491330,0.030789,0.231418
train_515,23,10,0.576689,0.475788,0.032815,0.269411
train_515,24,11,0.600794,0.482695,0.033220,0.255595
train_515,25,12,0.627127,0.492194,0.036461,0.236599
train_515,27,14,0.681818,0.478378,0.049425,0.222783
train_515,31,16,0.504578,0.717567,0.027953,0.203786
train_515,32,17,0.525239,0.740881,0.023902,0.238326
train_515,33,18,0.550357,0.737427,0.028764,0.231418
train_515,34,19,0.569397,0.734837,0.029574,0.219329
train_515,35,20,0.596338,0.737427,0.047804,0.231418
train_515,36,21,0.635027,0.722748,0.070896,0.207240
train_515,37,22,0.679060,0.706204,0.069604,0.217108
train_515,38,23,0.721483,0.654375,0.074100,0.204728
train_515,41,24,0.489334,0.706302,0.018236,0.177188
train_515,42,25,0.470523,0.719608,0.020372,0.199599
train_515,43,26,0.448261,0.742370,0.024808,0.247923
train_515,44,27,0.425672,0.730464,0.029572,0.219910
train_515,45,28,0.405054,0.721009,0.047808,0.205202
train_515,46,29,0.362996,0.717857,0.075408,0.212906
train_515,47,30,0.325456,0.703150,0.061115,0.211505
train_515,48,31,0.282248,0.661479,0.072287,0.212206
train_516,11,0,0.466712,0.438297,0.041236,0.239071
train_516,12,1,0.437035,0.425015,0.029365,0.242866
train_516,13,2,0.409857,0.401614,0.032489,0.299787
train_516,14,3,0.380492,0.437664,0.031239,0.242866
train_516,15,4,0.352064,0.434502,0.035613,0.231481
train_516,16,5,0.319263,0.433237,0.049983,0.221362
train_516,17,6,0.277091,0.420588,0.054356,0.203653
train_516,21,8,0.503574,0.435767,0.036237,0.241601
train_516,22,9,0.531689,0.427545,0.033738,0.230217
train_516,23,10,0.556055,0.416793,0.033738,0.246661
train_516,24,11,0.581359,0.430707,0.043110,0.213773
train_516,25,12,0.611036,0.416161,0.039986,0.222627
train_516,26,13,0.644774,0.418691,0.048733,0.199858
train_516,27,14,0.679787,0.402353,0.054019,0.208372
train_516,31,16,0.500955,0.664257,0.027294,0.198011
train_516,32,17,0.523416,0.672315,0.029000,0.218733
train_516,33,18,0.547582,0.684979,0.040941,0.241757
train_516,34,19,0.570896,0.678647,0.042078,0.236001
train_516,35,20,0.600748,0.661954,0.063117,0.209523
train_516,37,22,0.629179,0.637779,0.065391,0.186498
train_516,38,23,0.683767,0.618783,0.076764,0.199162
train_516,41,24,0.478495,0.672891,0.024451,0.212977
train_516,42,25,0.457740,0.680374,0.027294,0.216430
train_516,43,26,0.431868,0.697067,0.030137,0.256723
train_516,44,27,0.405427,0.677496,0.039803,0.217582
train_516,45,28,0.373868,0.683828,0.054019,0.225640
train_516,46,29,0.336055,0.666559,0.068235,0.218733
train_516,47,30,0.280899,0.630871,0.077332,0.193406
train_517,11,0,0.485069,0.431864,0.042444,0.267646
train_517,12,1,0.455510,0.429331,0.033348,0.274401
train_517,13,2,0.428604,0.428909,0.040170,0.273556
train_517,14,3,0.403593,0.421310,0.037896,0.271868
train_517,15,4,0.377634,0.417089,0.044338,0.256670
train_517,16,5,0.337085,0.425532,0.049644,0.212766
train_517,17,6,0.294245,0.409020,0.056431,0.205262
train_517,18,7,0.249871,0.397616,0.062376,0.193830
train_517,21,8,0.524272,0.429717,0.053439,0.272662
train_517,22,9,0.550536,0.439063,0.035930,0.253970
train_517,23,10,0.582454,0.429311,0.045779,0.285666
train_517,24,11,0.604705,0.424638,0.040308,0.281196
train_517,25,12,0.629145,0.424841,0.037754,0.264535
train_517,26,13,0.668905,0.421793,0.052710,0.238935
train_517,27,14,0.712313,0.415901,0.048697,0.220649
train_517,28,15,0.745781,0.410416,0.034289,0.185297
train_517,31,16,0.501382,0.711523,0.028452,0.271443
train_517,32,17,0.527920,0.713148,0.035201,0.270630
train_517,33,18,0.553910,0.713757,0.036477,0.299481
train_517,34,19,0.583274,0.692830,0.035018,0.247062
train_517,35,20,0.615283,0.705021,0.051980,0.278758
train_517,36,21,0.661427,0.667433,0.080798,0.239341
train_517,37,22,0.708483,0.641427,0.081527,0.240154
train_517,38,23,0.750797,0.594696,0.071678,0.203582
train_517,41,24,0.478584,0.706037,0.027723,0.262910
train_517,42,25,0.453871,0.707662,0.028270,0.275100
train_517,43,26,0.427151,0.719243,0.041220,0.316142
train_517,44,27,0.399923,0.676940,0.035212,0.248379
train_517,45,28,0.364352,0.665506,0.056111,0.241854
train_517,46,29,0.324103,0.651820,0.076098,0.248799
train_517,47,30,0.272668,0.625470,0.096085,0.241854
train_517,48,31,0.229760,0.582573,0.090950,0.217342
train_518,11,0,0.475696,0.432361,0.043634,0.241430
train_518,12,1,0.438585,0.436209,0.037786,0.235658
train_518,13,2,0.411820,0.435247,0.035537,0.235658
train_518,14,3,0.387754,0.432842,0.038685,0.234697
train_518,15,4,0.354466,0.434285,0.044083,0.237582
train_518,17,6,0.293289,0.432361,0.080969,0.208726
train_518,21,8,0.517530,0.420338,0.044533,0.248163
train_518,22,9,0.551942,0.414567,0.034187,0.225078
train_518,23,10,0.586579,0.404467,0.041384,0.239506
train_518,24,11,0.612219,0.415048,0.039585,0.226040
train_518,25,12,0.643257,0.413605,0.034187,0.225078
train_518,26,13,0.675870,0.424666,0.047232,0.226040
train_518,27,14,0.719729,0.419376,0.052180,0.225078
train_518,31,16,0.522028,0.665134,0.028339,0.212574
train_518,32,17,0.547669,0.665134,0.024741,0.210650
train_518,33,18,0.575333,0.684852,0.035087,0.259705
train_518,34,19,0.610420,0.690143,0.036886,0.254896
train_518,35,20,0.645282,0.690143,0.043634,0.258743
train_518,36,21,0.689140,0.655996,0.069274,0.236620
train_518,37,22,0.731199,0.625216,0.069724,0.200069
train_518,41,24,0.495038,0.668501,0.027440,0.215459
train_518,42,25,0.471872,0.669943,0.035986,0.199107
train_518,43,26,0.442633,0.682448,0.045883,0.231811
train_518,44,27,0.415193,0.688700,0.039585,0.227002
train_518,45,28,0.384605,0.697838,0.038685,0.227964
train_518,47,30,0.321629,0.676196,0.098963,0.225078
train_518,48,31,0.272147,0.626178,0.102561,0.203917
train_519,11,0,0.508350,0.420703,0.034868,0.201218
train_519,12,1,0.482658,0.420703,0.038538,0.222214
train_519,13,2,0.453755,0.411954,0.024774,0.211716
train_519,14,3,0.429439,0.399706,0.034868,0.232713
train_519,15,4,0.401912,0.399706,0.029362,0.222214
train_519,16,5,0.375762,0.384833,0.030280,0.216965
train_519,17,6,0.338600,0.411954,0.049549,0.211716
train_519,21,8,0.537712,0.406705,0.029362,0.236212
train_519,22,9,0.565239,0.383084,0.038538,0.244961
train_519,24,11,0.623504,0.383959,0.035785,0.225714
train_519,25,12,0.662042,0.403205,0.054136,0.201218
train_519,27,14,0.751505,0.378709,0.044043,0.173222
train_519,31,16,0.505597,0.637668,0.025692,0.190719
train_519,32,17,0.529913,0.646417,0.030280,0.222214
train_519,33,18,0.559275,0.640293,0.037620,0.230963
train_519,34,19,0.593225,0.622795,0.033950,0.213466
train_519,35,20,0.625339,0.629794,0.043126,0.234462
train_519,37,22,0.729024,0.606173,0.100015,0.194219
train_519,38,23,0.761139,0.552807,0.100015,0.171473
train_519,41,24,0.486787,0.627170,0.021104,0.162724
train_519,42,25,0.463389,0.641167,0.027527,0.204717
train_519,43,26,0.435862,0.649041,0.034868,0.230963
train_519,44,27,0.406500,0.641167,0.029362,0.218715
train_519,45,28,0.378055,0.635918,0.034868,0.211716
train_519,47,30,0.285381,0.604423,0.080746,0.194219
train_519,48,31,0.241797,0.558931,0.081663,0.190719
train_52,11,0,0.489373,0.421458,0.036668,0.258515
train_52,12,1,0.465575,0.410491,0.026443,0.244415
train_52,13,2,0.436311,0.404224,0.039136,0.269483
train_52,14,3,0.402640,0.404616,0.054296,0.260865
train_52,21,8,0.517756,0.424592,0.031379,0.261649
train_52,22,9,0.542965,0.422633,0.026091,0.259299
train_52,23,10,0.564137,0.420044,0.028816,0.251886
train_52,24,11,0.586145,0.425321,0.024066,0.244146
train_52,25,12,0.608470,0.421099,0.031350,0.235703
train_52,27,14,0.659958,0.437289,0.073884,0.197855
train_52,31,16,0.501282,0.689276,0.022351,0.251298
train_52,32,17,0.523364,0.687780,0.026121,0.250700
train_52,34,19,0.543156,0.687481,0.028545,0.245315
train_52,35,20,0.565103,0.692566,0.026660,0.224374
train_52,36,21,0.592302,0.691071,0.037431,0.222579
train_52,37,22,0.675647,0.697054,0.089404,0.272838
train_52,41,24,0.481354,0.692267,0.023428,0.247708
train_52,42,25,0.459138,0.691968,0.022620,0.238733
train_52,43,26,0.438807,0.706029,0.031507,0.266855
train_52,45,28,0.395182,0.728167,0.045510,0.303951
train_52,47,30,0.311837,0.682096,0.110947,0.281215
train_520,11,0,0.475820,0.452888,0.028667,0.194191
train_520,12,1,0.450119,0.434946,0.026690,0.230074
train_520,13,2,0.424911,0.429669,0.027679,0.232185
train_520,14,3,0.406129,0.433891,0.027679,0.227964
train_520,15,4,0.385370,0.438112,0.031633,0.198413
train_520,17,6,0.324575,0.409617,0.042507,0.192080
train_520,21,8,0.506959,0.431780,0.035587,0.232185
train_520,22,9,0.539581,0.440223,0.029656,0.236407
train_520,23,10,0.571214,0.434946,0.039541,0.213188
train_520,24,11,0.605318,0.428614,0.034599,0.196302
train_520,26,13,0.675998,0.410672,0.039541,0.198413
train_520,31,16,0.503005,0.669242,0.033610,0.200523
train_520,32,17,0.527224,0.671353,0.034599,0.208967
train_520,33,18,0.552432,0.667131,0.029656,0.204745
train_520,34,19,0.585053,0.698793,0.031633,0.238517
train_520,35,20,0.606801,0.691405,0.041518,0.206856
train_520,36,21,0.643871,0.676630,0.068209,0.223742
train_520,37,22,0.689838,0.641802,0.069197,0.192080
train_520,41,24,0.483234,0.690350,0.019771,0.208967
train_520,42,25,0.463464,0.680851,0.021748,0.189970
train_520,43,26,0.443199,0.704070,0.024713,0.232185
train_520,44,27,0.418980,0.679796,0.027679,0.196302
train_520,45,28,0.386853,0.686128,0.054369,0.187859
train_520,46,29,0.348794,0.659743,0.071174,0.202634
train_520,47,30,0.308758,0.628082,0.060301,0.168862
train_521,11,0,0.517445,0.488493,0.036321,0.311188
train_521,12,1,0.490069,0.489096,0.043369,0.290684
train_521,13,2,0.455373,0.474622,0.043369,0.285859
train_521,14,3,0.429352,0.467989,0.044453,0.282241
train_521,15,4,0.406854,0.478844,0.042827,0.277416
train_521,16,5,0.371346,0.478241,0.058548,0.240025
train_521,17,6,0.329333,0.471607,0.073185,0.192985
train_521,18,7,0.323911,0.389588,0.079690,0.130265
train_521,21,8,0.543466,0.495730,0.036321,0.296714
train_521,22,9,0.567861,0.487287,0.040658,0.299127
train_521,23,10,0.595780,0.444469,0.045537,0.334105
train_521,24,11,0.619904,0.447484,0.038490,0.340136
train_521,25,12,0.645925,0.476432,0.036321,0.279828
train_521,26,13,0.670320,0.486081,0.059090,0.265354
train_521,27,14,0.698781,0.474622,0.073727,0.278622
train_521,28,15,0.705558,0.385970,0.064511,0.171274
train_521,31,16,0.519614,0.777971,0.027648,0.248468
train_521,32,17,0.541298,0.774955,0.035237,0.242437
train_521,33,18,0.564609,0.782192,0.043911,0.273797
train_521,34,19,0.587377,0.787620,0.058006,0.265354
train_521,35,20,0.628849,0.777368,0.049874,0.240025
train_521,38,23,0.736729,0.685097,0.070474,0.164037
train_521,41,24,0.501100,0.770854,0.022389,0.244850
train_521,42,25,0.474917,0.767055,0.030738,0.247383
train_521,43,26,0.447404,0.767477,0.037189,0.271868
train_521,44,27,0.419702,0.759034,0.037948,0.246538
train_521,45,28,0.384791,0.752280,0.034912,0.236407
train_521,47,30,0.325086,0.696555,0.096134,0.190439
train_521,48,31,0.284819,0.650587,0.078847,0.173552
train_522,11,0,0.490576,0.470365,0.037154,0.251960
train_522,12,1,0.468827,0.461366,0.033529,0.237962
train_522,13,2,0.443454,0.455367,0.031717,0.233963
train_522,14,3,0.415362,0.443369,0.031717,0.217965
train_522,15,4,0.393613,0.431371,0.033529,0.205967
train_522,16,5,0.363709,0.416373,0.044403,0.203967
train_522,17,6,0.332445,0.387378,0.050747,0.205967
train_522,18,7,0.310244,0.356383,0.064340,0.167973
train_522,21,8,0.519574,0.472364,0.029904,0.259958
train_522,22,9,0.547213,0.472364,0.023561,0.247960
train_522,23,10,0.576664,0.466365,0.024467,0.251960
train_522,24,11,0.599772,0.457367,0.028998,0.233963
train_522,25,12,0.622880,0.451368,0.028092,0.229963
train_522,26,13,0.650971,0.424372,0.035341,0.227964
train_522,27,14,0.677251,0.411374,0.042591,0.233963
train_522,28,15,0.702624,0.388378,0.051653,0.187970
train_522,31,16,0.504168,0.735322,0.022655,0.213966
train_522,32,17,0.528183,0.736322,0.021749,0.219965
train_522,33,18,0.554009,0.732323,0.029904,0.239962
train_522,34,19,0.579382,0.731323,0.028092,0.249960
train_522,35,20,0.615630,0.726324,0.055278,0.267957
train_522,36,21,0.658221,0.694329,0.095150,0.259958
train_522,37,22,0.701265,0.644337,0.096056,0.239962
train_522,38,23,0.741591,0.600344,0.098775,0.199968
train_522,41,24,0.480608,0.744321,0.020842,0.243961
train_522,42,25,0.458406,0.740322,0.023561,0.255959
train_522,43,26,0.435751,0.730323,0.027186,0.267957
train_522,44,27,0.409018,0.731323,0.040779,0.281955
train_522,45,28,0.375489,0.716325,0.075214,0.279955
train_522,46,29,0.334711,0.685330,0.109649,0.277956
train_522,47,30,0.293479,0.624340,0.112368,0.235962
train_522,48,31,0.258138,0.559351,0.108743,0.217965
train_523,11,0,0.485871,0.379458,0.030863,0.181794
train_523,12,1,0.462063,0.383787,0.028218,0.184679
train_523,13,2,0.437813,0.382825,0.029099,0.175061
train_523,15,4,0.386008,0.391963,0.034831,0.197184
train_523,18,7,0.288789,0.410719,0.038799,0.173137
train_523,21,8,0.516734,0.390520,0.029099,0.196222
train_523,22,9,0.546716,0.390520,0.029099,0.200069
train_523,23,10,0.570524,0.401100,0.034390,0.203917
train_523,25,12,0.609103,0.429957,0.055112,0.213535
train_523,26,13,0.642611,0.465065,0.067458,0.191412
train_523,28,15,0.720210,0.458332,0.037476,0.160633
train_523,31,16,0.510121,0.587703,0.017636,0.159671
train_523,32,17,0.529961,0.580970,0.024690,0.155823
train_523,33,18,0.548479,0.613193,0.029099,0.226040
train_523,34,19,0.572949,0.631950,0.034831,0.207764
train_523,38,23,0.734098,0.626659,0.071426,0.147166
train_523,41,24,0.489399,0.593475,0.016754,0.167366
train_523,42,25,0.471763,0.593475,0.030863,0.167366
train_523,43,26,0.447513,0.609346,0.023809,0.206802
train_523,44,27,0.422602,0.621369,0.027777,0.211612
train_523,45,28,0.395928,0.623293,0.029099,0.192374
train_523,48,31,0.294962,0.603093,0.074071,0.173137
train_524,11,0,0.487958,0.464443,0.029342,0.250236
train_524,12,1,0.459638,0.449049,0.028462,0.237790
train_524,13,2,0.431034,0.446101,0.032863,0.248926
train_524,14,3,0.407121,0.435947,0.033743,0.239100
train_524,15,4,0.385114,0.430707,0.036091,0.225998
train_524,16,5,0.354745,0.423829,0.044013,0.226653
train_524,17,6,0.323496,0.403194,0.046654,0.216827
train_524,18,7,0.301196,0.318035,0.051349,0.144770
train_524,21,8,0.521940,0.458745,0.029795,0.259931
train_524,22,9,0.551134,0.448864,0.032291,0.250857
train_524,23,10,0.578952,0.448864,0.031637,0.265470
train_524,24,11,0.602843,0.440583,0.034909,0.252806
train_524,25,12,0.628153,0.431085,0.035346,0.244525
train_524,26,13,0.658589,0.422561,0.047782,0.236244
train_524,27,14,0.693826,0.407948,0.048001,0.214812
train_524,28,15,0.711172,0.325384,0.055637,0.130543
train_524,31,16,0.517717,0.698222,0.023288,0.165973
train_524,32,17,0.545335,0.699555,0.026573,0.172639
train_524,33,18,0.574146,0.707887,0.030454,0.221298
train_524,34,19,0.605197,0.714886,0.026871,0.256626
train_524,35,20,0.644018,0.704533,0.046097,0.262667
train_524,36,21,0.689981,0.681198,0.087102,0.255487
train_524,37,22,0.739295,0.626152,0.101038,0.248307
train_524,41,24,0.489513,0.708123,0.022781,0.187277
train_524,42,25,0.464990,0.698250,0.030017,0.179499
train_524,43,26,0.439262,0.698250,0.041273,0.222579
train_524,44,27,0.405627,0.693165,0.031893,0.224374
train_524,45,28,0.361540,0.693464,0.063785,0.256085
train_524,46,29,0.323885,0.663547,0.093534,0.253692
train_524,47,30,0.271490,0.621365,0.104522,0.251897
train_525,11,0,0.482239,0.461732,0.036266,0.231130
train_525,12,1,0.460431,0.452761,0.036756,0.215299
train_525,13,2,0.438622,0.449595,0.041167,0.213188
train_525,14,3,0.416814,0.432181,0.048518,0.197357
train_525,15,4,0.384223,0.423738,0.034306,0.205800
train_525,16,5,0.348202,0.407907,0.062240,0.199468
train_525,17,6,0.312672,0.373079,0.078413,0.180471
train_525,18,7,0.297479,0.274401,0.050968,0.137200
train_525,21,8,0.514340,0.472286,0.037736,0.226908
train_525,22,9,0.544235,0.465953,0.028915,0.212133
train_525,23,10,0.571189,0.445373,0.030875,0.251182
train_525,24,11,0.598879,0.446956,0.040187,0.214243
train_525,25,12,0.628529,0.437458,0.036756,0.205800
train_525,26,13,0.663814,0.424793,0.053419,0.203690
train_525,27,14,0.696405,0.396298,0.060770,0.191025
train_525,28,15,0.713068,0.299730,0.040187,0.130868
train_525,31,16,0.506498,0.703943,0.022054,0.192080
train_525,32,17,0.525612,0.706581,0.023034,0.201579
train_525,33,18,0.556732,0.719246,0.036266,0.235351
train_525,34,19,0.577560,0.706054,0.033816,0.249071
train_525,35,20,0.612111,0.692861,0.049008,0.220576
train_525,36,21,0.658178,0.669115,0.082334,0.225853
train_525,37,22,0.702531,0.626372,0.072042,0.207911
train_525,38,23,0.745658,0.616346,0.061260,0.166751
train_525,41,24,0.485608,0.703441,0.024323,0.202880
train_525,42,25,0.466081,0.701596,0.022268,0.222799
train_525,43,26,0.444498,0.701596,0.024323,0.227226
train_525,44,27,0.418634,0.677989,0.034943,0.219848
train_525,45,28,0.389000,0.666922,0.065433,0.209520
train_525,46,29,0.343095,0.642946,0.092154,0.239767
train_525,47,30,0.293628,0.593752,0.103337,0.221373
train_525,48,31,0.239079,0.562930,0.074892,0.147323
train_526,11,0,0.471145,0.441265,0.028253,0.218747
train_526,12,1,0.448946,0.432465,0.023596,0.203661
train_526,13,2,0.427057,0.436551,0.026390,0.203032
train_526,14,3,0.407032,0.435608,0.030426,0.197375
train_526,15,4,0.380838,0.427773,0.034380,0.202744
train_526,16,5,0.351768,0.422745,0.041211,0.197580
train_526,17,6,0.314316,0.414049,0.041748,0.181274
train_526,18,7,0.283105,0.409564,0.044030,0.172849
train_526,21,8,0.500005,0.442521,0.029540,0.221145
train_526,22,9,0.523820,0.439507,0.024502,0.206772
train_526,23,10,0.542826,0.440435,0.025418,0.209554
train_526,24,11,0.560459,0.440435,0.027708,0.209554
train_526,25,12,0.581182,0.434176,0.027021,0.212799
train_526,26,13,0.609463,0.430003,0.040990,0.200745
train_526,27,14,0.645071,0.422354,0.040761,0.184519
train_526,28,15,0.675756,0.404968,0.047172,0.170147
train_526,31,16,0.487753,0.676415,0.025189,0.211409
train_526,32,17,0.507332,0.666215,0.023586,0.202136
train_526,33,18,0.527369,0.680587,0.026563,0.234589
train_526,34,19,0.549696,0.677110,0.036868,0.229490
train_526,35,20,0.576259,0.680587,0.056103,0.231808
train_526,36,21,0.616161,0.656378,0.088036,0.223418
train_526,37,22,0.651657,0.620446,0.079601,0.204207
train_526,38,23,0.684692,0.575620,0.066949,0.170765
train_526,41,24,0.473828,0.674878,0.019153,0.217014
train_526,42,25,0.456696,0.672032,0.022492,0.216302
train_526,43,26,0.436400,0.676656,0.025831,0.221283
train_526,44,27,0.416807,0.674700,0.035847,0.233735
train_526,45,28,0.387989,0.665272,0.056933,0.234090
train_526,46,29,0.348452,0.640013,0.086806,0.209187
train_526,47,30,0.311727,0.604615,0.076262,0.192466
train_526,48,31,0.264792,0.578046,0.070266,0.155168
train_527,11,0,0.487980,0.536577,0.037834,0.230017
train_527,12,1,0.454512,0.527335,0.027163,0.211534
train_527,13,2,0.423469,0.525281,0.032983,0.232071
train_527,14,3,0.396306,0.525281,0.034924,0.207426
train_527,15,4,0.369143,0.523228,0.031043,0.203319
train_527,16,5,0.340525,0.501664,0.037834,0.221802
train_527,17,6,0.306086,0.485234,0.052385,0.205373
train_527,21,8,0.527755,0.526308,0.033954,0.217695
train_527,22,9,0.559283,0.519120,0.029103,0.244393
train_527,23,10,0.583535,0.534523,0.025223,0.225910
train_527,24,11,0.608273,0.523228,0.028133,0.211534
train_527,25,12,0.638346,0.509878,0.030073,0.217695
train_527,26,13,0.662114,0.497556,0.038804,0.221802
train_527,27,14,0.698978,0.470858,0.050445,0.217695
train_527,31,16,0.527755,0.755299,0.020372,0.199211
train_527,32,17,0.548127,0.772755,0.028133,0.234125
train_527,33,18,0.574805,0.774809,0.023282,0.230017
train_527,34,19,0.598087,0.765567,0.031043,0.207426
train_527,35,20,0.626220,0.771728,0.034924,0.182782
train_527,36,21,0.660659,0.735788,0.055296,0.197158
train_527,37,22,0.703828,0.702929,0.073728,0.184835
train_527,41,24,0.507382,0.756325,0.024253,0.205373
train_527,42,25,0.485555,0.778916,0.027163,0.230017
train_527,43,26,0.458392,0.780970,0.027163,0.225910
train_527,44,27,0.430744,0.773782,0.035894,0.219749
train_527,45,28,0.402126,0.764540,0.027163,0.201265
train_527,46,29,0.363807,0.735788,0.057236,0.180728
train_527,47,30,0.311422,0.696767,0.082459,0.184835
train_528,11,0,0.486352,0.416906,0.029795,0.256716
train_528,12,1,0.462324,0.423067,0.027873,0.244393
train_528,13,2,0.443101,0.416906,0.033640,0.256716
train_528,14,3,0.426281,0.415879,0.032678,0.225910
train_528,15,4,0.409461,0.411772,0.039406,0.209480
train_528,16,5,0.381108,0.400476,0.048057,0.219749
train_528,17,6,0.349871,0.379939,0.062474,0.203319
train_528,18,7,0.335454,0.281360,0.068240,0.211534
train_528,21,8,0.512783,0.425121,0.028834,0.236178
train_528,22,9,0.531045,0.421014,0.026912,0.232071
train_528,23,10,0.552189,0.418960,0.032678,0.240286
train_528,24,11,0.569970,0.405611,0.031717,0.246447
train_528,25,12,0.590635,0.396369,0.034601,0.252608
train_528,26,13,0.620430,0.385074,0.048057,0.250555
train_528,27,14,0.653589,0.363509,0.050940,0.227964
train_528,28,15,0.666564,0.275199,0.061512,0.174567
train_528,31,16,0.507497,0.680810,0.025951,0.234125
train_528,32,17,0.523356,0.687998,0.028834,0.252608
train_528,33,18,0.547384,0.698267,0.040368,0.269038
train_528,34,19,0.574295,0.658219,0.049979,0.230017
train_528,35,20,0.602168,0.661300,0.069201,0.248501
train_528,36,21,0.642055,0.640762,0.093230,0.269038
train_528,37,22,0.689631,0.591473,0.094191,0.256716
train_528,38,23,0.741532,0.565801,0.084580,0.180728
train_528,41,24,0.488755,0.677729,0.024989,0.227964
train_528,42,25,0.471454,0.672595,0.030756,0.254662
train_528,43,26,0.445504,0.686971,0.034601,0.275199
train_528,44,27,0.423878,0.678756,0.041329,0.262877
train_528,45,28,0.394564,0.680810,0.069201,0.283414
train_528,46,29,0.359002,0.655138,0.088424,0.269038
train_528,47,30,0.308543,0.607903,0.100919,0.269038
train_528,48,31,0.249913,0.553479,0.104763,0.180728
train_529,11,0,0.478095,0.437647,0.037036,0.284596
train_529,12,1,0.448467,0.452701,0.026935,0.263090
train_529,13,2,0.426750,0.440514,0.030638,0.310403
train_529,14,3,0.414630,0.464888,0.040066,0.275994
train_529,15,4,0.397290,0.474207,0.038382,0.261656
train_529,16,5,0.369682,0.491054,0.049156,0.259506
train_529,17,6,0.331973,0.491054,0.044443,0.249470
train_529,18,7,0.304028,0.503240,0.057910,0.219361
train_529,21,8,0.512437,0.442307,0.036362,0.279578
train_529,22,9,0.541897,0.448042,0.026598,0.258072
train_529,23,10,0.566980,0.446966,0.035015,0.288897
train_529,24,11,0.586340,0.460945,0.050166,0.295349
train_529,25,12,0.605194,0.478867,0.044106,0.279578
train_529,26,13,0.636675,0.507183,0.054543,0.222945
train_529,27,14,0.680444,0.508975,0.045116,0.235132
train_529,28,15,0.716301,0.487111,0.053533,0.231548
train_529,31,16,0.506882,0.722601,0.024578,0.243735
train_529,32,17,0.527420,0.725827,0.028618,0.277427
train_529,33,18,0.548126,0.740165,0.030975,0.273126
train_529,34,19,0.566812,0.741957,0.032659,0.260939
train_529,35,20,0.591895,0.751993,0.046463,0.250903
train_529,36,21,0.630614,0.746975,0.078111,0.235132
train_529,37,22,0.674384,0.736939,0.057910,0.223662
train_529,38,23,0.721183,0.714357,0.056563,0.215777
train_529,41,24,0.486007,0.723677,0.025252,0.241584
train_529,42,25,0.469005,0.724394,0.029628,0.255921
train_529,43,26,0.448130,0.735147,0.036362,0.265957
train_529,44,27,0.424057,0.743390,0.029965,0.262373
train_529,45,28,0.405876,0.746975,0.043433,0.253771
train_529,46,29,0.371029,0.746975,0.070031,0.238000
train_529,47,30,0.333320,0.737297,0.061950,0.227247
train_53,11,0,0.485796,0.490379,0.031034,0.233759
train_53,12,1,0.458045,0.493921,0.028646,0.229251
train_53,13,2,0.432681,0.494887,0.029840,0.254366
train_53,14,3,0.409853,0.505190,0.037897,0.223456
train_53,15,4,0.382848,0.503580,0.034614,0.236979
train_53,17,6,0.329285,0.511952,0.067737,0.208645
train_53,18,7,0.295864,0.510020,0.051623,0.198341
train_53,21,8,0.516830,0.490057,0.035211,0.233115
train_53,22,9,0.544581,0.482330,0.030437,0.226676
train_53,23,10,0.573824,0.488125,0.032227,0.230539
train_53,24,11,0.597398,0.487159,0.036405,0.240199
train_53,25,12,0.624851,0.484583,0.042373,0.236335
train_53,27,14,0.699003,0.485227,0.052220,0.202849
train_53,31,16,0.516084,0.686144,0.026558,0.193833
train_53,32,17,0.538613,0.689686,0.028646,0.208645
train_53,33,18,0.566663,0.710615,0.038195,0.249214
train_53,34,19,0.592176,0.714479,0.039090,0.226032
train_53,35,20,0.624552,0.718343,0.053115,0.237623
train_53,36,21,0.667671,0.699024,0.084447,0.246639
train_53,37,22,0.716609,0.671977,0.082060,0.206713
train_53,38,23,0.766442,0.653302,0.071318,0.156483
train_53,41,24,0.491317,0.700634,0.027154,0.222812
train_53,42,25,0.468340,0.703532,0.027751,0.236335
train_53,43,26,0.446855,0.723494,0.027154,0.246639
train_53,44,27,0.422928,0.723472,0.031778,0.232832
train_53,45,28,0.400908,0.723049,0.043450,0.230292
train_53,46,29,0.348869,0.728446,0.093780,0.243627
train_53,47,30,0.304174,0.695239,0.085208,0.195726
train_53,48,31,0.257301,0.667279,0.075300,0.174673
train_530,13,2,0.459284,0.485816,0.027293,0.276596
train_530,14,3,0.440716,0.465046,0.030425,0.261398
train_530,15,4,0.427517,0.453901,0.029978,0.261398
train_530,16,5,0.404698,0.466565,0.046085,0.254306
train_530,17,6,0.377852,0.465552,0.052349,0.246201
train_530,18,7,0.351902,0.442249,0.055928,0.250253
train_530,23,10,0.558837,0.503040,0.020582,0.278622
train_530,24,11,0.573826,0.489868,0.029083,0.268490
train_530,25,12,0.587025,0.492908,0.029530,0.254306
train_530,26,13,0.612752,0.492401,0.043400,0.247214
train_530,27,14,0.640940,0.468085,0.046085,0.231003
train_530,28,15,0.661298,0.443262,0.054586,0.232016
train_530,31,16,0.512304,0.726444,0.025056,0.182371
train_530,32,17,0.528188,0.734549,0.029083,0.196555
train_530,33,18,0.539374,0.735056,0.031767,0.191489
train_530,34,19,0.560179,0.756839,0.029530,0.224924
train_530,35,20,0.580313,0.750760,0.028635,0.218845
train_530,36,21,0.601342,0.738602,0.042058,0.212766
train_530,37,22,0.646309,0.694022,0.082774,0.172239
train_530,38,23,0.681208,0.637285,0.091723,0.145897
train_530,41,24,0.495302,0.727964,0.024161,0.189463
train_530,42,25,0.475168,0.737589,0.026846,0.222898
train_530,43,26,0.452796,0.730496,0.031320,0.194529
train_530,44,27,0.427740,0.715805,0.042953,0.193516
train_531,11,0,0.470101,0.411207,0.026437,0.246257
train_531,12,1,0.446811,0.420353,0.026437,0.227964
train_531,13,2,0.423207,0.405578,0.035879,0.265957
train_531,14,3,0.409359,0.400653,0.033361,0.230778
train_531,15,4,0.392678,0.391506,0.039026,0.223742
train_531,16,5,0.356799,0.366177,0.045321,0.254700
train_531,17,6,0.322809,0.373213,0.041544,0.167455
train_531,21,8,0.499685,0.424575,0.028955,0.227964
train_531,22,9,0.522346,0.430907,0.028955,0.215299
train_531,23,10,0.547524,0.435832,0.027696,0.230778
train_531,25,12,0.583403,0.416836,0.037767,0.215299
train_531,26,13,0.608266,0.395728,0.044691,0.220928
train_531,27,14,0.641627,0.378138,0.043432,0.219520
train_531,28,15,0.676562,0.364066,0.050356,0.208263
train_531,31,16,0.487726,0.664500,0.021401,0.201227
train_531,32,17,0.504091,0.655353,0.022660,0.197006
train_531,33,18,0.528011,0.672943,0.027696,0.218113
train_531,34,19,0.554133,0.682089,0.029584,0.205449
train_531,35,20,0.578052,0.670128,0.045950,0.218113
train_531,36,21,0.619596,0.648317,0.086235,0.213892
train_531,37,22,0.656419,0.611027,0.093159,0.201227
train_531,38,23,0.699537,0.569515,0.084976,0.188562
train_531,41,24,0.471675,0.660982,0.020772,0.191377
train_531,42,25,0.456568,0.658871,0.029584,0.201227
train_531,43,26,0.437999,0.671536,0.032732,0.237814
train_531,44,27,0.412821,0.673646,0.031473,0.244850
train_531,45,28,0.393937,0.663092,0.044062,0.240628
train_531,46,29,0.355226,0.642688,0.087494,0.233592
train_531,47,30,0.315255,0.603991,0.081829,0.232185
train_531,48,31,0.277488,0.572329,0.064204,0.211077
train_532,11,0,0.481760,0.363656,0.022739,0.227964
train_532,12,1,0.464821,0.377406,0.019839,0.183384
train_532,13,2,0.442676,0.374873,0.025375,0.214792
train_532,14,3,0.420300,0.374367,0.023991,0.201621
train_532,16,5,0.385006,0.356636,0.041984,0.198582
train_532,18,7,0.324798,0.301925,0.041522,0.206687
train_532,21,8,0.509419,0.370399,0.023068,0.227964
train_532,22,9,0.534410,0.371454,0.023068,0.217410
train_532,23,10,0.557958,0.379897,0.025952,0.230074
train_532,24,11,0.578143,0.375675,0.024029,0.238517
train_532,25,12,0.605056,0.372509,0.029796,0.223742
train_532,26,13,0.633891,0.359845,0.043253,0.244850
train_532,27,14,0.671376,0.339792,0.043253,0.225853
train_532,31,16,0.509419,0.592030,0.017301,0.189970
train_532,32,17,0.526720,0.585697,0.023068,0.206856
train_532,33,18,0.550750,0.611027,0.023068,0.236407
train_532,34,19,0.578143,0.612082,0.033641,0.225853
train_532,35,20,0.602172,0.603639,0.043253,0.230074
train_532,36,21,0.642061,0.584642,0.069204,0.208967
train_532,37,22,0.688197,0.550870,0.076894,0.196302
train_532,41,24,0.487793,0.595196,0.022107,0.183637
train_532,42,25,0.462803,0.589919,0.022107,0.202634
train_532,43,26,0.445021,0.603639,0.023068,0.225853
train_532,44,27,0.429162,0.603639,0.022107,0.230074
train_532,45,28,0.408977,0.590974,0.029796,0.225853
train_532,46,29,0.376298,0.568811,0.054787,0.215299
train_532,47,30,0.336890,0.527651,0.075932,0.208967
train_532,48,31,0.289792,0.491768,0.099000,0.204745
train_533,11,0,0.495203,0.483066,0.032952,0.232306
train_533,12,1,0.467096,0.464611,0.032952,0.251845
train_533,13,2,0.443351,0.454842,0.041675,0.258359
train_533,14,3,0.426875,0.441815,0.037798,0.236648
train_533,15,4,0.406038,0.443986,0.038767,0.214937
train_533,16,5,0.374055,0.430960,0.054274,0.210595
train_533,17,6,0.338680,0.410334,0.057182,0.208424
train_533,18,7,0.309605,0.375597,0.062997,0.182371
train_533,21,8,0.524763,0.489579,0.033921,0.236648
train_533,22,9,0.552384,0.480894,0.025199,0.227964
train_533,23,10,0.577583,0.493921,0.023260,0.214937
train_533,24,11,0.596482,0.492835,0.026168,0.212766
train_533,25,12,0.619258,0.470039,0.032952,0.232306
train_533,26,13,0.647848,0.479809,0.039736,0.238819
train_533,27,14,0.684193,0.468954,0.034890,0.208424
train_533,28,15,0.709391,0.447243,0.036829,0.173686
train_533,31,16,0.516040,0.715371,0.026168,0.180200
train_533,32,17,0.539300,0.714286,0.030045,0.182371
train_533,33,18,0.567891,0.722970,0.025199,0.195397
train_533,34,19,0.594059,0.720799,0.027137,0.208424
train_533,35,20,0.622165,0.722970,0.032952,0.225792
train_533,37,22,0.687100,0.676292,0.056212,0.193226
train_533,38,23,0.721022,0.648068,0.042644,0.175858
train_533,41,24,0.495687,0.717542,0.024230,0.188884
train_533,42,25,0.471458,0.718628,0.024230,0.204082
train_533,43,26,0.448197,0.712115,0.030045,0.204082
train_533,44,27,0.419122,0.700174,0.047490,0.197568
train_533,45,28,0.388108,0.684976,0.061058,0.206253
train_533,46,29,0.359517,0.661094,0.067843,0.197568
train_533,47,30,0.319296,0.620929,0.072689,0.199739
train_533,48,31,0.268414,0.542770,0.081411,0.165002
train_534,11,0,0.476320,0.366502,0.031397,0.295611
train_534,12,1,0.451740,0.371599,0.024374,0.313218
train_534,13,2,0.432943,0.363722,0.029744,0.347505
train_534,14,3,0.419517,0.360942,0.034288,0.345652
train_534,15,4,0.401960,0.368819,0.031397,0.315072
train_534,16,5,0.375934,0.376232,0.049574,0.296538
train_534,17,6,0.343711,0.359552,0.052879,0.287271
train_534,21,8,0.503173,0.349359,0.028918,0.331752
train_534,22,9,0.525274,0.345652,0.033462,0.320632
train_534,23,10,0.544897,0.309975,0.040485,0.347505
train_534,24,11,0.568032,0.334995,0.038006,0.321558
train_534,25,12,0.588481,0.346579,0.033462,0.302098
train_534,26,13,0.619051,0.354919,0.045856,0.266884
train_534,27,14,0.648382,0.342872,0.065685,0.270591
train_534,31,16,0.505032,0.643580,0.022721,0.241864
train_534,32,17,0.518458,0.651457,0.024787,0.229817
train_534,33,18,0.546550,0.662577,0.036354,0.278004
train_534,34,19,0.571337,0.640800,0.049574,0.264104
train_534,35,20,0.589927,0.632923,0.044616,0.259471
train_534,36,21,0.625454,0.612536,0.071882,0.252057
train_534,37,22,0.670897,0.587516,0.078492,0.252057
train_534,38,23,0.712415,0.547205,0.079731,0.247424
train_534,41,24,0.489953,0.646360,0.032223,0.258544
train_534,42,25,0.475907,0.649603,0.034702,0.248351
train_534,43,26,0.458143,0.672770,0.038006,0.281711
train_534,44,27,0.435009,0.677404,0.033875,0.287271
train_534,45,28,0.404232,0.671844,0.061554,0.287271
train_534,46,29,0.375934,0.649603,0.084275,0.250204
train_534,47,30,0.331111,0.625046,0.087167,0.265957
train_534,48,31,0.284429,0.574079,0.098734,0.249277
train_535,11,0,0.490745,0.457045,0.029504,0.225729
train_535,12,1,0.467539,0.471238,0.022678,0.200744
train_535,13,2,0.449607,0.451958,0.027952,0.239305
train_535,14,3,0.433785,0.433811,0.033226,0.257451
train_535,15,4,0.408470,0.424738,0.033226,0.248378
train_535,16,5,0.382627,0.429275,0.042719,0.237037
train_535,17,6,0.348347,0.424171,0.049048,0.195073
train_535,21,8,0.514826,0.461189,0.023660,0.218100
train_535,23,10,0.531943,0.447620,0.021163,0.245889
train_535,23,10,0.553042,0.446360,0.022625,0.248737
train_535,24,11,0.571908,0.438133,0.022968,0.253165
train_535,25,12,0.589953,0.450411,0.020624,0.225699
train_535,26,13,0.614262,0.439999,0.043560,0.228861
train_535,27,14,0.644508,0.423351,0.050958,0.221914
train_535,31,16,0.512063,0.684546,0.020105,0.207001
train_535,32,17,0.526532,0.697319,0.020409,0.214207
train_535,33,18,0.547551,0.712714,0.023456,0.243685
train_535,34,19,0.567199,0.700595,0.032899,0.223378
train_535,35,20,0.587304,0.700267,0.044474,0.218793
train_535,36,21,0.626904,0.685528,0.077373,0.225998
train_535,37,22,0.673206,0.649827,0.089558,0.218793
train_535,38,23,0.714177,0.584975,0.084988,0.204381
train_535,41,24,0.494637,0.686368,0.018048,0.207590
train_535,42,25,0.476022,0.688233,0.024567,0.220003
train_535,43,26,0.455494,0.704516,0.031970,0.239543
train_535,44,27,0.436312,0.691128,0.040720,0.209871
train_535,45,28,0.411408,0.688956,0.048797,0.212766
train_535,47,30,0.322136,0.640692,0.099230,0.207145
train_535,48,31,0.286142,0.578168,0.091412,0.209793
train_536,11,0,0.504881,0.447695,0.042616,0.225325
train_536,12,1,0.473888,0.449542,0.034868,0.232713
train_536,16,5,0.345556,0.447695,0.049396,0.206856
train_536,17,6,0.296645,0.435690,0.048427,0.190233
train_536,21,8,0.541686,0.439384,0.040679,0.223478
train_536,22,9,0.567837,0.441231,0.023245,0.208703
train_536,23,10,0.593019,0.413527,0.021308,0.190233
train_536,24,11,0.622075,0.408910,0.034868,0.217937
train_536,26,13,0.705370,0.420915,0.061987,0.175458
train_536,27,14,0.747985,0.419991,0.038742,0.162530
train_536,31,16,0.533938,0.670250,0.030993,0.197621
train_536,32,17,0.561057,0.663785,0.036805,0.195774
train_536,33,18,0.585270,0.689642,0.027119,0.232713
train_536,34,19,0.616748,0.681331,0.031962,0.245641
train_536,35,20,0.650163,0.680408,0.044553,0.240100
train_536,37,22,0.731036,0.630541,0.080389,0.180999
train_536,38,23,0.763482,0.588985,0.069735,0.138520
train_536,41,24,0.507787,0.693336,0.027119,0.225325
train_536,42,25,0.485026,0.695183,0.024214,0.243794
train_536,43,26,0.457423,0.697954,0.025182,0.264111
train_536,44,27,0.427882,0.676714,0.030025,0.221631
train_536,45,28,0.397373,0.677637,0.030993,0.227172
train_536,46,29,0.346525,0.669326,0.059081,0.203162
train_537,11,0,0.486061,0.432740,0.049326,0.211403
train_537,12,1,0.458589,0.423118,0.055397,0.223049
train_537,14,3,0.422248,0.416582,0.049774,0.231060
train_537,16,5,0.358144,0.420938,0.073408,0.233066
train_537,18,7,0.302333,0.419392,0.051394,0.205980
train_537,21,8,0.515841,0.442003,0.043546,0.202535
train_537,22,9,0.542692,0.446635,0.036530,0.198424
train_537,23,10,0.567906,0.439419,0.034213,0.212133
train_537,24,11,0.582518,0.452227,0.028155,0.190126
train_537,25,12,0.605327,0.439600,0.020314,0.158379
train_537,26,13,0.629116,0.465756,0.039025,0.176056
train_537,27,14,0.665557,0.465214,0.032788,0.171366
train_537,28,15,0.694444,0.426913,0.033113,0.153899
train_537,31,16,0.506648,0.679082,0.021278,0.218308
train_537,32,17,0.527495,0.673552,0.027892,0.207247
train_537,33,18,0.547910,0.687232,0.029617,0.240429
train_537,34,19,0.573214,0.689270,0.032492,0.218890
train_537,35,20,0.598517,0.682575,0.041118,0.225293
train_537,36,21,0.633540,0.678151,0.064524,0.224129
train_537,38,23,0.701544,0.625640,0.100582,0.203637
train_537,41,24,0.488139,0.669299,0.025058,0.205913
train_537,42,25,0.469714,0.673444,0.031445,0.233434
train_537,43,26,0.438351,0.685547,0.038488,0.258966
train_537,44,27,0.412183,0.678416,0.041581,0.236974
train_537,45,28,0.381700,0.676020,0.042765,0.236375
train_537,47,30,0.306529,0.636924,0.122671,0.226488
train_537,48,31,0.262359,0.602321,0.111869,0.204019
train_538,11,0,0.477797,0.379179,0.034083,0.269214
train_538,12,1,0.452478,0.375923,0.024345,0.254017
train_538,13,2,0.426186,0.357469,0.028240,0.286583
train_538,14,3,0.403788,0.350955,0.045769,0.269214
train_538,16,5,0.357532,0.358554,0.052585,0.223621
train_538,17,6,0.307381,0.342271,0.053559,0.225792
train_538,21,8,0.511880,0.374837,0.036031,0.277898
train_538,22,9,0.541581,0.357469,0.033109,0.299609
train_538,23,10,0.575665,0.347699,0.040900,0.288754
train_538,24,11,0.599036,0.343356,0.037005,0.280069
train_538,25,12,0.627763,0.341185,0.030188,0.240990
train_538,26,13,0.663794,0.335758,0.047716,0.238819
train_538,27,14,0.702746,0.342271,0.047716,0.204082
train_538,28,15,0.741211,0.325988,0.068166,0.219279
train_538,31,16,0.490944,0.644051,0.027267,0.251845
train_538,32,17,0.520158,0.638624,0.035057,0.249674
train_538,33,18,0.538660,0.633196,0.038952,0.260530
train_538,34,19,0.573230,0.621255,0.057454,0.271385
train_538,35,20,0.596115,0.595202,0.056481,0.240990
train_538,36,21,0.620460,0.590860,0.056481,0.249674
train_538,37,22,0.657951,0.574577,0.073035,0.247503
train_538,38,23,0.715406,0.535497,0.080826,0.225792
train_538,41,24,0.468546,0.634281,0.027267,0.258359
train_538,42,25,0.442253,0.628854,0.031162,0.256188
train_538,43,26,0.420830,0.612571,0.046743,0.232306
train_538,44,27,0.396485,0.599544,0.054533,0.245332
train_538,45,28,0.359967,0.576748,0.076931,0.221450
train_538,46,29,0.309816,0.564807,0.085695,0.240990
train_538,47,30,0.257717,0.521385,0.069140,0.227964
train_539,11,0,0.479674,0.493166,0.031127,0.248596
train_539,12,1,0.458536,0.493166,0.028804,0.242557
train_539,13,2,0.438791,0.488134,0.031127,0.242557
train_539,14,3,0.423925,0.491656,0.045064,0.233499
train_539,15,4,0.414401,0.498702,0.052962,0.203305
train_539,16,5,0.387223,0.475050,0.050639,0.194247
train_539,17,6,0.354238,0.460959,0.050639,0.168079
train_539,21,8,0.508942,0.487127,0.032985,0.256648
train_539,22,9,0.537049,0.498702,0.030662,0.227460
train_539,23,10,0.567943,0.468508,0.033914,0.263693
train_539,24,11,0.596282,0.479076,0.031127,0.238531
train_539,25,12,0.622530,0.469514,0.035308,0.233499
train_539,26,13,0.663181,0.468508,0.046922,0.201292
train_539,27,14,0.700347,0.453411,0.039489,0.197266
train_539,31,16,0.506387,0.741007,0.031127,0.192737
train_539,32,17,0.529383,0.750317,0.037166,0.228467
train_539,33,18,0.551451,0.759375,0.039489,0.240544
train_539,34,19,0.577467,0.737736,0.042741,0.229473
train_539,35,20,0.603018,0.735220,0.054820,0.224441
train_539,36,21,0.646456,0.721130,0.088734,0.216389
train_539,37,22,0.689197,0.700497,0.085946,0.221422
train_539,38,23,0.727757,0.650174,0.080371,0.213370
train_539,41,24,0.486410,0.748304,0.029733,0.202299
train_539,42,25,0.469221,0.736730,0.035308,0.199279
train_539,43,26,0.451915,0.748304,0.036005,0.226454
train_539,44,27,0.425783,0.756859,0.038095,0.241551
train_539,45,28,0.411149,0.744278,0.046922,0.236518
train_539,46,29,0.380719,0.721633,0.078978,0.221422
train_539,47,30,0.347270,0.680368,0.090128,0.217396
train_539,48,31,0.299186,0.649671,0.100813,0.238531
train_54,11,0,0.505366,0.478169,0.020339,0.201315
train_54,12,1,0.488901,0.475399,0.020339,0.199468
train_54,13,2,0.473888,0.478169,0.032930,0.223478
train_54,14,3,0.459844,0.462470,0.031962,0.199468
train_54,15,4,0.437568,0.452312,0.037773,0.193927
train_54,16,5,0.411417,0.446772,0.037773,0.197621
train_54,17,6,0.371707,0.429226,0.045521,0.195774
train_54,21,8,0.522799,0.476322,0.024214,0.190233
train_54,22,9,0.541686,0.475399,0.021308,0.177305
train_54,23,10,0.560088,0.459700,0.030993,0.197621
train_54,24,11,0.577522,0.467088,0.029056,0.179152
train_54,25,12,0.597861,0.466164,0.029056,0.184693
train_54,26,13,0.625465,0.458777,0.041647,0.166223
train_54,27,14,0.662269,0.444925,0.043584,0.164376
train_54,31,16,0.530064,0.677637,0.015497,0.171764
train_54,32,17,0.547013,0.673020,0.020339,0.177305
train_54,33,18,0.562025,0.676714,0.029056,0.188387
train_54,34,19,0.582365,0.676714,0.023245,0.184693
train_54,35,20,0.610937,0.670250,0.037773,0.160683
train_54,36,21,0.645320,0.657321,0.083295,0.179152
train_54,37,22,0.693263,0.631464,0.076515,0.179152
train_54,38,23,0.739269,0.596373,0.071672,0.142213
train_54,41,24,0.514083,0.684102,0.020339,0.177305
train_54,42,25,0.495196,0.678561,0.019371,0.177305
train_54,43,26,0.479215,0.687796,0.028088,0.184693
train_54,44,27,0.457907,0.688719,0.041647,0.197621
train_54,45,28,0.430788,0.671173,0.049396,0.192080
train_54,46,29,0.393983,0.661015,0.068766,0.190233
train_54,47,30,0.354757,0.627770,0.079420,0.179152
train_54,48,31,0.312142,0.584368,0.071672,0.147754
train_540,11,0,0.508667,0.483200,0.033440,0.213293
train_540,12,1,0.482639,0.480238,0.025511,0.207368
train_540,13,2,0.454887,0.471350,0.035508,0.211976
train_540,14,3,0.431445,0.469705,0.029993,0.199468
train_540,15,4,0.405761,0.471350,0.029648,0.190910
train_540,16,5,0.372666,0.462792,0.042748,0.192227
train_540,17,6,0.334400,0.446664,0.038611,0.174452
train_540,18,7,0.304580,0.435802,0.045161,0.156678
train_540,21,8,0.540728,0.476946,0.034129,0.216584
train_540,22,9,0.568652,0.480238,0.029303,0.215268
train_540,23,10,0.593646,0.481883,0.034474,0.200126
train_540,24,11,0.618640,0.482871,0.033440,0.200785
train_540,25,12,0.645012,0.476617,0.032406,0.200126
train_540,26,13,0.680865,0.470363,0.044816,0.199468
train_540,27,14,0.720166,0.450943,0.042059,0.196177
train_540,28,15,0.752744,0.435802,0.048609,0.177744
train_540,31,16,0.533661,0.701101,0.026200,0.196177
train_540,32,17,0.556069,0.712950,0.028958,0.221192
train_540,33,18,0.585027,0.722496,0.041369,0.232384
train_540,34,19,0.616054,0.701430,0.051711,0.208684
train_540,35,20,0.645874,0.703405,0.065156,0.221851
train_540,36,21,0.686027,0.685559,0.085949,0.225824
train_540,37,22,0.738569,0.665792,0.095046,0.225824
train_540,38,23,0.782127,0.622469,0.099260,0.200957
train_540,41,24,0.509682,0.712032,0.028843,0.204430
train_540,42,25,0.486296,0.706574,0.044953,0.201453
train_540,43,26,0.454725,0.712032,0.054567,0.220308
train_540,44,27,0.426792,0.699131,0.061063,0.207407
train_540,45,28,0.399638,0.693424,0.066000,0.203934
train_540,46,29,0.360272,0.671840,0.088087,0.211377
train_540,47,30,0.310512,0.654226,0.095622,0.205919
train_540,48,31,0.278292,0.590217,0.085748,0.168208
train_541,11,0,0.472299,0.460722,0.044468,0.233865
train_541,12,1,0.441812,0.455189,0.032677,0.233128
train_541,13,2,0.409472,0.455927,0.036046,0.243456
train_541,14,3,0.383364,0.456665,0.039751,0.224275
train_541,15,4,0.357761,0.450394,0.039078,0.232390
train_541,16,5,0.321547,0.446705,0.050194,0.226488
train_541,17,6,0.274722,0.443016,0.053563,0.210258
train_541,18,7,0.251140,0.405391,0.072428,0.194027
train_541,21,8,0.509187,0.455927,0.041436,0.231652
train_541,22,9,0.539000,0.456296,0.033688,0.235341
train_541,23,10,0.571845,0.448918,0.035372,0.269277
train_541,24,11,0.601322,0.447074,0.038404,0.265589
train_541,25,12,0.628103,0.452976,0.040088,0.239030
train_541,26,13,0.672403,0.450025,0.051205,0.241981
train_541,27,14,0.709459,0.441172,0.066028,0.234603
train_541,28,15,0.736577,0.414982,0.065691,0.171895
train_541,31,16,0.504470,0.689055,0.023918,0.203618
train_541,32,17,0.526030,0.692006,0.029982,0.209520
train_541,33,18,0.550622,0.707867,0.034024,0.248620
train_541,34,19,0.585152,0.708974,0.036383,0.255260
train_541,35,20,0.621029,0.705285,0.043457,0.249358
train_541,37,22,0.692783,0.668398,0.083208,0.218373
train_541,38,23,0.744157,0.617862,0.083545,0.176321
train_541,41,24,0.481419,0.688658,0.025037,0.205614
train_541,42,25,0.458015,0.695065,0.026126,0.218428
train_541,43,26,0.431209,0.709518,0.029391,0.258061
train_541,44,27,0.403995,0.709518,0.042726,0.258657
train_541,45,28,0.374059,0.694469,0.055789,0.246439
train_541,46,29,0.329360,0.685232,0.089671,0.235115
train_541,47,30,0.288267,0.659157,0.085044,0.193694
train_541,48,31,0.233566,0.609244,0.089671,0.201144
train_542,11,0,0.504095,0.405302,0.025965,0.224932
train_542,12,1,0.481654,0.398229,0.023369,0.215029
train_542,13,2,0.459954,0.399290,0.028933,0.200175
train_542,14,3,0.437884,0.398583,0.038206,0.205834
train_542,15,4,0.410806,0.401766,0.043399,0.198053
train_542,16,5,0.383728,0.396814,0.044883,0.190980
train_542,17,6,0.340144,0.379838,0.051930,0.216444
train_542,18,7,0.299341,0.341996,0.058607,0.171882
train_542,21,8,0.528020,0.407071,0.024852,0.217151
train_542,22,9,0.548978,0.403180,0.024481,0.209371
train_542,23,10,0.571048,0.403180,0.025594,0.207956
train_542,24,11,0.594973,0.404241,0.033384,0.212907
train_542,25,12,0.619455,0.401412,0.037835,0.205834
train_542,26,13,0.650427,0.401058,0.045624,0.199468
train_542,27,14,0.696052,0.401766,0.044883,0.199468
train_542,28,15,0.734072,0.406010,0.051188,0.185321
train_542,31,16,0.531729,0.657113,0.018917,0.202297
train_542,32,17,0.550461,0.653576,0.022998,0.210785
train_542,33,18,0.578467,0.646857,0.044883,0.228469
train_542,34,19,0.600723,0.643674,0.051559,0.224932
train_542,35,20,0.621866,0.636600,0.050076,0.220688
train_542,36,21,0.662112,0.634478,0.068251,0.227761
train_542,37,22,0.713486,0.613258,0.083459,0.217859
train_542,41,24,0.513554,0.663479,0.018917,0.222103
train_542,42,25,0.493153,0.662772,0.024852,0.220688
train_542,43,26,0.467558,0.651808,0.035980,0.235542
train_542,44,27,0.446601,0.640844,0.043028,0.216444
train_542,45,28,0.424901,0.632356,0.039690,0.215029
train_542,46,29,0.381688,0.625990,0.077895,0.217859
train_542,47,30,0.324008,0.607600,0.099039,0.209371
train_542,48,31,0.280609,0.561623,0.096071,0.188151
train_543,11,0,0.495816,0.516018,0.055788,0.232108
train_543,12,1,0.462850,0.526898,0.040573,0.205513
train_543,13,2,0.432420,0.514809,0.040573,0.244197
train_543,14,3,0.398821,0.522062,0.041841,0.205513
train_543,15,4,0.370293,0.519645,0.048181,0.186170
train_543,16,5,0.327818,0.497884,0.059592,0.210348
train_543,17,6,0.281539,0.494258,0.055788,0.183752
train_543,18,7,0.266324,0.396337,0.063395,0.123308
train_543,21,8,0.529094,0.514906,0.047031,0.216477
train_543,22,9,0.563962,0.506402,0.042165,0.208746
train_543,23,10,0.595991,0.494031,0.041354,0.239671
train_543,24,11,0.626399,0.504082,0.051896,0.185552
train_543,25,12,0.658834,0.496351,0.042165,0.179367
train_543,26,13,0.703026,0.477023,0.059194,0.202561
train_543,27,14,0.749651,0.458467,0.061626,0.193283
train_543,31,16,0.528404,0.724528,0.045292,0.169993
train_543,32,17,0.561834,0.730698,0.054638,0.182332
train_543,33,18,0.594185,0.732754,0.060389,0.216605
train_543,34,19,0.630131,0.727270,0.054638,0.186444
train_543,35,20,0.672188,0.717674,0.078362,0.189186
train_543,36,21,0.722872,0.696425,0.097773,0.209750
train_543,37,22,0.774993,0.646386,0.100648,0.186444
train_543,38,23,0.819926,0.629250,0.066859,0.119270
train_543,41,24,0.500007,0.714932,0.031632,0.148059
train_543,42,25,0.471610,0.738238,0.039540,0.189186
train_543,43,26,0.442134,0.749205,0.040978,0.202895
train_543,44,27,0.406548,0.748519,0.051762,0.193299
train_543,45,28,0.361256,0.749205,0.064703,0.219346
train_543,46,29,0.315964,0.724528,0.094897,0.211121
train_543,47,30,0.261327,0.673119,0.090584,0.182332
train_543,48,31,0.218191,0.655297,0.066140,0.111044
train_544,11,0,0.487549,0.402134,0.036140,0.244515
train_544,12,1,0.457034,0.403262,0.026935,0.252791
train_544,13,2,0.429588,0.393482,0.030685,0.272352
train_544,14,3,0.407598,0.379187,0.035799,0.260315
train_544,16,5,0.347251,0.367902,0.056256,0.245268
train_544,21,8,0.524200,0.397996,0.038527,0.260315
train_544,22,9,0.556760,0.386710,0.030685,0.240754
train_544,23,10,0.588468,0.371287,0.043641,0.310723
train_544,25,12,0.635689,0.373168,0.037163,0.258810
train_544,26,13,0.673533,0.362635,0.046709,0.255801
train_544,27,14,0.712571,0.354735,0.051823,0.253544
train_544,31,16,0.510392,0.637997,0.021820,0.200126
train_544,32,17,0.532724,0.648154,0.024207,0.224954
train_544,33,18,0.564431,0.660944,0.041254,0.283638
train_544,34,19,0.591195,0.652668,0.036140,0.256553
train_544,36,21,0.664669,0.636116,0.091032,0.256553
train_544,37,22,0.710867,0.613169,0.085918,0.254296
train_544,38,23,0.770532,0.595489,0.084554,0.199374
train_544,41,24,0.490447,0.649658,0.022161,0.215926
train_544,42,25,0.471013,0.655677,0.025571,0.230973
train_544,43,26,0.444931,0.657182,0.031367,0.240001
train_544,44,27,0.420383,0.656430,0.040231,0.252039
train_544,45,28,0.393619,0.646649,0.048755,0.256553
train_544,46,29,0.351342,0.646649,0.081485,0.280628
train_544,47,30,0.311793,0.605646,0.082849,0.237744
train_544,48,31,0.243774,0.589470,0.097510,0.185832
train_545,11,0,0.485652,0.355401,0.034416,0.327698
train_545,12,1,0.454295,0.344716,0.029827,0.336405
train_545,13,2,0.422364,0.338779,0.039388,0.365691
train_545,14,3,0.397317,0.349861,0.049712,0.349861
train_545,15,4,0.365960,0.373211,0.038240,0.288912
train_545,17,6,0.294833,0.357380,0.066538,0.325323
train_545,18,7,0.241870,0.347090,0.079922,0.312658
train_545,21,8,0.519686,0.354610,0.035946,0.324531
train_545,22,9,0.540000,0.305988,0.035088,0.393280
train_545,23,10,0.577075,0.303025,0.044769,0.402180
train_545,24,11,0.600355,0.316462,0.042083,0.375306
train_545,25,12,0.634603,0.334532,0.044321,0.339165
train_545,27,14,0.710487,0.334532,0.071631,0.339165
train_545,28,15,0.761971,0.353529,0.072526,0.280784
train_545,31,16,0.516412,0.657944,0.030891,0.283564
train_545,32,17,0.539021,0.655163,0.038501,0.298391
train_545,33,18,0.566106,0.658870,0.039845,0.311365
train_545,34,19,0.598564,0.647750,0.049246,0.263177
train_545,35,20,0.630350,0.639410,0.051932,0.239084
train_545,36,21,0.678253,0.639410,0.083271,0.272444
train_545,37,22,0.727947,0.629216,0.085061,0.255764
train_545,38,23,0.779431,0.587979,0.098492,0.215917
train_545,41,24,0.493804,0.650530,0.027757,0.255764
train_545,42,25,0.473434,0.658407,0.032681,0.284491
train_545,43,26,0.443886,0.667210,0.034472,0.309511
train_545,44,27,0.409190,0.657944,0.038501,0.252057
train_545,45,28,0.373375,0.663967,0.050141,0.273371
train_545,46,29,0.328158,0.655163,0.073421,0.268737
train_545,47,30,0.283837,0.644043,0.075212,0.257617
train_545,48,31,0.229218,0.602806,0.096701,0.225183
train_546,11,0,0.464639,0.348397,0.046207,0.315421
train_546,12,1,0.437685,0.336927,0.038506,0.306819
train_546,13,2,0.407842,0.325457,0.037864,0.324024
train_546,14,3,0.383455,0.327608,0.044282,0.313987
train_546,15,4,0.357143,0.330475,0.040431,0.268108
train_546,16,5,0.326659,0.322590,0.055192,0.263807
train_546,17,6,0.288153,0.312554,0.062893,0.238000
train_546,18,7,0.266755,0.259977,0.054170,0.145643
train_546,21,8,0.507775,0.341945,0.040492,0.329281
train_546,22,9,0.539898,0.334708,0.037793,0.322044
train_546,23,10,0.568513,0.332296,0.045351,0.338930
train_546,24,11,0.593618,0.328678,0.043732,0.338930
train_546,25,12,0.624123,0.333502,0.044272,0.307570
train_546,26,13,0.657866,0.344358,0.056689,0.254499
train_546,27,14,0.705377,0.335915,0.058849,0.220727
train_546,28,15,0.739121,0.301539,0.038873,0.180923
train_546,31,16,0.510744,0.627201,0.020516,0.231582
train_546,32,17,0.531530,0.632629,0.030774,0.240025
train_546,33,18,0.559875,0.637454,0.038873,0.240025
train_546,34,19,0.589299,0.629614,0.042652,0.221933
train_546,35,20,0.620343,0.619964,0.066947,0.241231
train_546,36,21,0.657866,0.607300,0.096642,0.252087
train_546,37,22,0.708077,0.571115,0.095562,0.254499
train_546,38,23,0.752349,0.509601,0.073966,0.211077
train_546,41,24,0.488878,0.625392,0.025375,0.223139
train_546,42,25,0.468362,0.626598,0.026455,0.232788
train_546,43,26,0.437858,0.639866,0.045351,0.242437
train_546,44,27,0.414372,0.633835,0.042652,0.244850
train_546,45,28,0.386567,0.613934,0.063708,0.233994
train_546,46,29,0.348235,0.593429,0.092863,0.248468
train_546,47,30,0.304233,0.551213,0.081525,0.224345
train_546,48,31,0.259691,0.499952,0.075586,0.196603
train_547,11,0,0.472031,0.445955,0.026578,0.228506
train_547,12,1,0.452735,0.449272,0.025850,0.218923
train_547,13,2,0.433439,0.442269,0.028762,0.229980
train_547,14,3,0.425247,0.436004,0.038593,0.207129
train_547,15,4,0.402856,0.433792,0.038229,0.201232
train_547,16,5,0.370089,0.408730,0.047695,0.227769
train_547,17,6,0.330040,0.395462,0.045510,0.213026
train_547,21,8,0.495515,0.445218,0.023301,0.234403
train_547,22,9,0.517177,0.443375,0.027306,0.242511
train_547,23,10,0.535745,0.438215,0.025122,0.233666
train_547,24,11,0.552311,0.432318,0.031311,0.221872
train_547,25,12,0.573428,0.430844,0.026942,0.205655
train_547,26,13,0.604193,0.424210,0.038229,0.198284
train_547,27,14,0.633501,0.397305,0.047331,0.188701
train_547,31,16,0.490964,0.653084,0.022209,0.131207
train_547,32,17,0.507711,0.659350,0.025850,0.162902
train_547,33,18,0.531923,0.679989,0.033495,0.190913
train_547,34,19,0.551947,0.669301,0.040777,0.193124
train_547,35,20,0.581256,0.666721,0.058617,0.204181
train_547,37,22,0.646790,0.600380,0.079006,0.192387
train_547,41,24,0.473852,0.656401,0.017840,0.159954
train_547,42,25,0.456012,0.655664,0.023665,0.161428
train_547,43,26,0.437808,0.673723,0.029491,0.197547
train_547,44,27,0.411776,0.664509,0.047331,0.199758
train_547,45,28,0.384470,0.654927,0.063350,0.210078
train_547,46,29,0.348972,0.625074,0.083375,0.207866
train_547,47,30,0.308377,0.578635,0.086651,0.184279
train_548,11,0,0.473241,0.420850,0.034793,0.266393
train_548,12,1,0.446673,0.417008,0.025936,0.251025
train_548,13,2,0.420104,0.399078,0.030997,0.266393
train_548,14,3,0.397014,0.419570,0.032895,0.192111
train_548,15,4,0.372027,0.397797,0.032262,0.217725
train_548,16,5,0.336602,0.400359,0.046179,0.202357
train_548,17,6,0.300228,0.379867,0.049342,0.163934
train_548,18,7,0.264170,0.354252,0.060729,0.171619
train_548,21,8,0.505187,0.427894,0.030364,0.254867
train_548,22,9,0.523216,0.422772,0.037323,0.213883
train_548,23,10,0.548203,0.385630,0.035425,0.254867
train_548,24,11,0.571293,0.358094,0.039853,0.266393
train_548,25,12,0.592169,0.366419,0.042384,0.208760
train_548,26,13,0.627594,0.355533,0.049975,0.192111
train_548,27,14,0.661121,0.331199,0.051240,0.156250
train_548,28,15,0.670926,0.242828,0.063259,0.107582
train_548,31,16,0.496331,0.662269,0.018978,0.160092
train_548,32,17,0.515309,0.656506,0.032895,0.171619
train_548,33,18,0.544724,0.655225,0.053770,0.186988
train_548,34,19,0.570660,0.630251,0.056301,0.175461
train_548,35,20,0.592801,0.617444,0.067687,0.188268
train_548,36,21,0.629808,0.584144,0.094889,0.188268
train_548,37,22,0.674089,0.536757,0.097419,0.193391
train_548,38,23,0.717738,0.485528,0.067055,0.124232
train_548,41,24,0.478302,0.659068,0.022141,0.151127
train_548,42,25,0.457743,0.664191,0.025304,0.184426
train_548,43,26,0.427062,0.676998,0.042384,0.189549
train_548,44,27,0.397963,0.659068,0.053770,0.179303
train_548,45,28,0.374241,0.648822,0.054403,0.179303
train_548,46,29,0.329327,0.634734,0.093623,0.217725
train_548,47,30,0.284097,0.584785,0.087930,0.202357
train_548,48,31,0.254681,0.547003,0.049342,0.152408
train_549,11,0,0.475167,0.466977,0.042616,0.236407
train_549,12,1,0.444658,0.453125,0.028088,0.256723
train_549,13,2,0.418023,0.443890,0.034868,0.267804
train_549,14,3,0.387029,0.436503,0.036805,0.249335
train_549,15,4,0.359910,0.441120,0.044553,0.225325
train_549,16,5,0.319231,0.436503,0.061987,0.230866
train_549,17,6,0.276616,0.442967,0.063924,0.206856
train_549,21,8,0.515845,0.477135,0.044553,0.223478
train_549,22,9,0.547807,0.462360,0.032930,0.253029
train_549,23,10,0.582675,0.446661,0.042616,0.284427
train_549,24,11,0.613184,0.447584,0.047459,0.256723
train_549,25,12,0.645146,0.454972,0.041647,0.245641
train_549,26,13,0.703742,0.449431,0.091043,0.253029
train_549,27,14,0.744421,0.446661,0.077483,0.232713
train_549,31,16,0.501801,0.714465,0.053270,0.195774
train_549,32,17,0.535700,0.714465,0.066829,0.232713
train_549,33,18,0.570568,0.744939,0.057144,0.293661
train_549,34,19,0.614637,0.745863,0.046490,0.265957
train_549,35,20,0.682919,0.744016,0.111382,0.273345
train_549,36,21,0.748780,0.685838,0.119131,0.190233
train_549,41,24,0.480494,0.718159,0.045521,0.217937
train_549,42,25,0.453374,0.722776,0.072641,0.264111
train_549,43,26,0.424802,0.726470,0.063924,0.275192
train_549,44,27,0.387998,0.732011,0.065861,0.249335
train_549,45,28,0.357489,0.718159,0.062955,0.232713
train_549,46,29,0.311483,0.711695,0.087169,0.245641
train_549,47,30,0.251433,0.669215,0.110414,0.216090
train_55,11,0,0.474257,0.441101,0.032374,0.229779
train_55,12,1,0.446907,0.426787,0.025304,0.220739
train_55,13,2,0.424580,0.412473,0.030513,0.250874
train_55,14,3,0.402067,0.400273,0.027164,0.239112
train_55,15,4,0.374778,0.397290,0.029693,0.235238
train_55,16,5,0.343536,0.395983,0.044669,0.233669
train_55,17,6,0.307129,0.376903,0.056029,0.232101
train_55,21,8,0.505169,0.432576,0.032275,0.233669
train_55,22,9,0.531893,0.425519,0.025820,0.234192
train_55,23,10,0.555647,0.415325,0.026336,0.252488
train_55,24,11,0.572689,0.406177,0.026336,0.238374
train_55,25,12,0.594377,0.403040,0.025304,0.226874
train_55,26,13,0.622779,0.393393,0.039763,0.230486
train_55,27,14,0.657814,0.381923,0.046877,0.216083
train_55,31,16,0.500477,0.657610,0.026115,0.173064
train_55,32,17,0.523266,0.658266,0.020762,0.180945
train_55,33,18,0.548894,0.677806,0.035685,0.229219
train_55,34,19,0.569221,0.672402,0.030721,0.203800
train_55,35,20,0.597938,0.669439,0.043929,0.218739
train_55,36,21,0.639863,0.658021,0.079399,0.248185
train_55,37,22,0.680898,0.629176,0.082218,0.249387
train_55,38,23,0.714438,0.564726,0.075688,0.191397
train_55,41,24,0.480176,0.663129,0.028049,0.181482
train_55,42,25,0.459918,0.653664,0.032353,0.166158
train_55,43,26,0.430904,0.661326,0.040516,0.207923
train_55,44,27,0.407604,0.664331,0.038438,0.197707
train_55,45,28,0.380074,0.652012,0.048975,0.214533
train_55,47,30,0.298301,0.617308,0.077766,0.202214
train_55,48,31,0.254075,0.583055,0.081031,0.198007
train_550,11,0,0.490325,0.381206,0.039014,0.236407
train_550,12,1,0.466916,0.359043,0.029260,0.238517
train_550,13,2,0.443020,0.344267,0.043890,0.268068
train_550,14,3,0.421563,0.334769,0.034137,0.206856
train_550,15,4,0.398155,0.352710,0.036088,0.217410
train_550,16,5,0.364993,0.352710,0.049743,0.213188
train_550,17,6,0.318664,0.352710,0.054619,0.204745
train_550,18,7,0.283552,0.330547,0.058521,0.181527
train_550,21,8,0.522511,0.368541,0.037063,0.244850
train_550,22,9,0.548845,0.357987,0.025359,0.227964
train_550,23,10,0.578593,0.360098,0.032186,0.249071
train_550,24,11,0.609316,0.348489,0.039014,0.238517
train_550,25,12,0.634188,0.350599,0.028285,0.251182
train_550,26,13,0.670763,0.345323,0.050718,0.227964
train_550,27,14,0.709289,0.342156,0.043890,0.213188
train_550,28,15,0.741963,0.315772,0.050718,0.189970
train_550,31,16,0.514708,0.614446,0.029260,0.183637
train_550,32,17,0.536653,0.610225,0.024384,0.204745
train_550,33,18,0.564938,0.636609,0.024384,0.261736
train_550,34,19,0.589810,0.610225,0.039014,0.230074
train_550,35,20,0.615656,0.599671,0.043890,0.221631
train_550,36,21,0.657108,0.577508,0.070225,0.206856
train_550,37,22,0.716604,0.558511,0.087781,0.206856
train_550,38,23,0.749766,0.512074,0.058521,0.194191
train_550,41,24,0.491788,0.618668,0.026334,0.208967
train_550,42,25,0.468379,0.607058,0.024384,0.189970
train_550,43,26,0.449360,0.633443,0.025359,0.259625
train_550,44,27,0.425464,0.602837,0.030236,0.202634
train_550,45,28,0.404007,0.595449,0.043890,0.196302
train_550,46,29,0.363530,0.585951,0.066323,0.206856
train_550,47,30,0.305985,0.566954,0.085830,0.206856
train_550,48,31,0.260144,0.511018,0.081929,0.187859
train_551,11,0,0.473832,0.406397,0.037247,0.269411
train_551,12,1,0.444476,0.396035,0.032828,0.298425
train_551,13,2,0.415751,0.406397,0.035985,0.310859
train_551,14,3,0.394918,0.417450,0.030934,0.299807
train_551,16,5,0.314110,0.429193,0.061237,0.265267
train_551,21,8,0.510133,0.404324,0.039141,0.248687
train_551,22,9,0.540436,0.406397,0.032828,0.285991
train_551,23,10,0.563163,0.405015,0.041667,0.288754
train_551,26,13,0.675221,0.443009,0.054924,0.204476
train_551,32,17,0.532544,0.700677,0.020833,0.269411
train_551,33,18,0.548958,0.704131,0.034722,0.268030
train_551,34,19,0.577052,0.689624,0.027778,0.211384
train_551,38,23,0.715941,0.648176,0.087121,0.158884
train_551,41,24,0.485511,0.688933,0.021465,0.232108
train_551,42,25,0.469729,0.694460,0.029040,0.251451
train_551,43,26,0.449527,0.724164,0.037879,0.297043
train_551,44,27,0.419223,0.727618,0.031566,0.281846
train_551,48,31,0.281282,0.635742,0.085227,0.178226
train_552,11,0,0.474154,0.460934,0.027140,0.177305
train_552,12,1,0.450967,0.456811,0.021870,0.173771
train_552,13,2,0.430192,0.453213,0.030045,0.166902
train_552,14,3,0.408645,0.448125,0.022761,0.177079
train_552,15,4,0.389828,0.439305,0.028831,0.192005
train_552,16,5,0.362515,0.450839,0.042792,0.216430
train_552,17,6,0.326551,0.443715,0.038239,0.200825
train_552,21,8,0.503018,0.461950,0.032747,0.182556
train_552,22,9,0.527060,0.455464,0.025286,0.176996
train_552,23,10,0.549236,0.453610,0.027358,0.171436
train_552,26,13,0.624886,0.465657,0.041866,0.189970
train_552,27,14,0.657218,0.457780,0.039379,0.176069
train_552,31,16,0.502118,0.665233,0.021548,0.154011
train_552,32,17,0.517900,0.658448,0.019120,0.147226
train_552,33,18,0.540358,0.668286,0.024582,0.169616
train_552,34,19,0.567368,0.662858,0.029438,0.175043
train_552,35,20,0.590433,0.654038,0.026403,0.165545
train_552,37,22,0.663270,0.665233,0.067677,0.187934
train_552,38,23,0.701661,0.657431,0.058876,0.189970
train_552,41,24,0.482847,0.651664,0.023065,0.129586
train_552,42,25,0.462817,0.646914,0.021244,0.133657
train_552,43,26,0.442938,0.664894,0.022761,0.166902
train_552,44,27,0.422605,0.668286,0.028831,0.180471
train_552,45,28,0.400602,0.665911,0.030349,0.185220
train_552,47,30,0.325793,0.662858,0.076175,0.200825
train_552,48,31,0.281484,0.638094,0.068891,0.181150
train_553,11,0,0.488925,0.440653,0.045741,0.204918
train_553,12,1,0.462161,0.422919,0.050607,0.197037
train_553,13,2,0.438804,0.412082,0.048661,0.202948
train_553,14,3,0.405228,0.416023,0.051581,0.183244
train_553,15,4,0.383817,0.401245,0.043795,0.181274
train_553,16,5,0.346835,0.383512,0.057420,0.189155
train_553,17,6,0.311799,0.355927,0.067152,0.181274
train_553,18,7,0.275790,0.328342,0.067152,0.177333
train_553,21,8,0.520554,0.445578,0.044768,0.187185
train_553,22,9,0.545858,0.441638,0.035036,0.206888
train_553,23,10,0.566296,0.436712,0.035036,0.200977
train_553,24,11,0.583327,0.440653,0.028223,0.216740
train_553,25,12,0.601331,0.433756,0.031143,0.222651
train_553,26,13,0.630528,0.418979,0.038929,0.236444
train_553,27,14,0.667997,0.401245,0.053527,0.240385
train_553,28,15,0.690867,0.388438,0.052554,0.214770
train_553,31,16,0.497197,0.671185,0.021411,0.197037
train_553,32,17,0.518608,0.684978,0.015571,0.177333
train_553,33,18,0.537586,0.686948,0.020438,0.177333
train_553,34,19,0.561429,0.675126,0.025304,0.185214
train_553,35,20,0.595005,0.678082,0.043795,0.218711
train_553,36,21,0.620309,0.652467,0.049634,0.187185
train_553,37,22,0.663617,0.619956,0.052554,0.173392
train_553,38,23,0.689894,0.579563,0.035036,0.132015
train_553,41,24,0.473353,0.656408,0.016545,0.155659
train_553,42,25,0.455835,0.657393,0.024330,0.189155
train_553,43,26,0.430532,0.648526,0.028223,0.199007
train_553,44,27,0.403282,0.635719,0.032116,0.193096
train_553,45,28,0.374572,0.630793,0.060339,0.210829
train_553,46,29,0.332237,0.592371,0.082723,0.181274
train_553,47,30,0.288929,0.549023,0.064232,0.161570
train_553,48,31,0.235888,0.518482,0.071045,0.124133
train_554,11,0,0.472588,0.471466,0.029679,0.210311
train_554,12,1,0.449568,0.469540,0.023972,0.200296
train_554,13,2,0.428069,0.462606,0.035007,0.217244
train_554,14,3,0.415451,0.458286,0.041192,0.204124
train_554,15,4,0.394510,0.454409,0.044423,0.205200
train_554,16,5,0.368284,0.452754,0.066581,0.209754
train_554,17,6,0.331622,0.431494,0.070356,0.200753
train_554,18,7,0.314341,0.361106,0.055545,0.158270
train_554,21,8,0.495913,0.460289,0.031054,0.211904
train_554,22,9,0.517339,0.444002,0.025472,0.224994
train_554,23,10,0.537777,0.431666,0.026490,0.212304
train_554,24,11,0.548036,0.445792,0.033633,0.189645
train_554,25,12,0.570720,0.449167,0.033629,0.178477
train_554,26,13,0.602652,0.436820,0.047517,0.185365
train_554,27,14,0.636647,0.429780,0.062969,0.190058
train_554,28,15,0.658281,0.368383,0.045199,0.147040
train_554,31,16,0.500174,0.669750,0.027564,0.149502
train_554,32,17,0.516754,0.662122,0.026957,0.168877
train_554,33,18,0.539133,0.656459,0.032043,0.190502
train_554,34,19,0.557697,0.659033,0.032551,0.181234
train_554,35,20,0.584908,0.656459,0.047301,0.182264
train_554,36,21,0.628141,0.641012,0.086973,0.194621
train_554,37,22,0.665778,0.614239,0.078835,0.192561
train_554,38,23,0.722743,0.593130,0.086973,0.115331
train_554,41,24,0.480868,0.673359,0.025205,0.152293
train_554,42,25,0.459798,0.669372,0.028750,0.169835
train_554,43,26,0.441288,0.673359,0.033476,0.196945
train_554,44,27,0.420612,0.666980,0.041746,0.184187
train_554,45,28,0.391520,0.669161,0.056492,0.197770
train_554,47,30,0.308039,0.635008,0.104978,0.193004
train_554,48,31,0.260075,0.598130,0.083452,0.150635
train_555,11,0,0.476711,0.432068,0.036762,0.239715
train_555,12,1,0.453317,0.441734,0.029123,0.210718
train_555,13,2,0.427536,0.434484,0.033897,0.234882
train_555,14,3,0.407962,0.430135,0.035807,0.208784
train_555,15,4,0.383613,0.429168,0.032942,0.199118
train_555,16,5,0.351864,0.408869,0.045833,0.226183
train_555,17,6,0.312954,0.403070,0.048220,0.193319
train_555,18,7,0.294573,0.327676,0.051562,0.164321
train_555,21,8,0.501492,0.410547,0.030103,0.286524
train_555,22,9,0.524729,0.427636,0.024446,0.219679
train_555,23,10,0.547030,0.402456,0.028735,0.247465
train_555,24,11,0.562256,0.400719,0.035168,0.224889
train_555,26,13,0.608574,0.370329,0.056612,0.223152
train_555,27,14,0.640096,0.344280,0.061329,0.214469
train_555,28,15,0.668188,0.323006,0.054896,0.168450
train_555,31,16,0.512935,0.659906,0.024875,0.177133
train_555,32,17,0.527731,0.652091,0.023588,0.194498
train_555,33,18,0.554321,0.662945,0.038170,0.219679
train_555,34,19,0.573621,0.641671,0.040743,0.203181
train_555,35,20,0.600854,0.633422,0.062616,0.212733
train_555,36,21,0.637523,0.617793,0.074195,0.226625
train_555,37,22,0.670332,0.566998,0.073767,0.208391
train_555,38,23,0.719224,0.509690,0.077198,0.126771
train_555,41,24,0.495137,0.657735,0.027019,0.155425
train_555,42,25,0.476052,0.659906,0.030879,0.159767
train_555,43,26,0.457610,0.682915,0.042030,0.219679
train_555,44,27,0.417939,0.659471,0.045890,0.186684
train_555,45,28,0.392850,0.660340,0.047176,0.226625
train_555,46,29,0.344816,0.644276,0.078055,0.217074
train_555,47,30,0.308790,0.613886,0.075482,0.218811
train_555,48,31,0.252608,0.523149,0.089206,0.143269
train_556,11,0,0.486434,0.415762,0.031119,0.197568
train_556,12,1,0.464553,0.423361,0.028202,0.178029
train_556,13,2,0.438296,0.414677,0.037927,0.199739
train_556,14,3,0.407177,0.414677,0.047651,0.182371
train_556,15,4,0.374599,0.403821,0.054459,0.169344
train_556,16,5,0.337158,0.377768,0.065156,0.182371
train_556,17,6,0.287076,0.366913,0.052514,0.178029
train_556,21,8,0.524361,0.425532,0.042789,0.182371
train_556,22,9,0.548186,0.426617,0.034037,0.188884
train_556,23,10,0.576874,0.415762,0.033064,0.210595
train_556,24,11,0.600700,0.421190,0.030147,0.217108
train_556,25,12,0.617719,0.422275,0.023339,0.180200
train_556,26,13,0.647379,0.420104,0.037927,0.193226
train_556,27,14,0.692599,0.411420,0.040844,0.193226
train_556,28,15,0.722746,0.405992,0.023339,0.173686
train_556,31,16,0.514636,0.642640,0.027229,0.160660
train_556,32,17,0.534085,0.642640,0.021395,0.182371
train_556,33,18,0.554994,0.655667,0.028202,0.191055
train_556,34,19,0.579306,0.648068,0.030147,0.188884
train_556,35,20,0.604104,0.654581,0.025284,0.188884
train_556,36,21,0.639599,0.638298,0.053486,0.182371
train_556,37,22,0.682875,0.617673,0.048624,0.184542
train_556,38,23,0.718856,0.578593,0.054459,0.132436
train_556,41,24,0.499562,0.649153,0.020422,0.173686
train_556,42,25,0.474764,0.656752,0.025284,0.206253
train_556,43,26,0.453370,0.658923,0.019450,0.175858
train_556,44,27,0.429544,0.656752,0.034037,0.175858
train_556,45,28,0.410094,0.642640,0.045707,0.186713
train_556,46,29,0.377030,0.625271,0.061266,0.160660
train_556,47,30,0.332782,0.594876,0.068074,0.178029
train_556,48,31,0.289993,0.541685,0.075853,0.141120
train_557,11,0,0.487780,0.384688,0.032158,0.289025
train_557,12,1,0.469494,0.386045,0.038463,0.283597
train_557,13,2,0.447425,0.374512,0.042247,0.309379
train_557,14,3,0.428193,0.370441,0.041616,0.301238
train_557,15,4,0.407070,0.357550,0.046030,0.305308
train_557,16,5,0.376173,0.356871,0.062424,0.276813
train_557,17,6,0.333296,0.353479,0.049813,0.245604
train_557,18,7,0.305867,0.335161,0.073144,0.222536
train_557,21,8,0.513632,0.401650,0.030897,0.260530
train_557,22,9,0.535386,0.405042,0.025222,0.248317
train_557,23,10,0.560293,0.387402,0.027114,0.286311
train_557,24,11,0.580471,0.396901,0.032158,0.256459
train_557,25,12,0.608530,0.388081,0.032789,0.265957
train_557,26,13,0.643841,0.390116,0.049183,0.270028
train_557,27,14,0.682620,0.379939,0.039725,0.241533
train_557,28,15,0.715408,0.356871,0.040986,0.230677
train_557,31,16,0.510795,0.670321,0.023961,0.203539
train_557,32,17,0.525928,0.674392,0.025222,0.222536
train_557,33,18,0.549258,0.684569,0.027744,0.259173
train_557,34,19,0.575111,0.677784,0.035311,0.256459
train_557,35,20,0.603170,0.675749,0.044769,0.244247
train_557,37,22,0.702482,0.631649,0.093321,0.237462
train_557,38,23,0.739999,0.566517,0.073774,0.196754
train_557,41,24,0.497553,0.671000,0.031527,0.213037
train_557,42,25,0.482420,0.681855,0.042877,0.240176
train_557,43,26,0.460666,0.689997,0.042247,0.275456
train_557,44,27,0.432922,0.689318,0.033419,0.271385
train_557,45,28,0.410853,0.675749,0.044769,0.263244
train_557,46,29,0.369867,0.650646,0.075035,0.256459
train_557,47,30,0.313748,0.627578,0.088907,0.261887
train_557,48,31,0.270241,0.550912,0.109085,0.208967
train_558,11,0,0.477287,0.476267,0.029820,0.200332
train_558,12,1,0.457805,0.473314,0.025306,0.198341
train_558,13,2,0.430774,0.470738,0.030482,0.216372
train_558,14,3,0.415965,0.464943,0.031920,0.216372
train_558,15,4,0.395547,0.458825,0.035371,0.209289
train_558,16,5,0.367222,0.449487,0.046011,0.171295
train_558,17,6,0.337028,0.467518,0.043710,0.175158
train_558,21,8,0.507450,0.475883,0.030505,0.213380
train_558,22,9,0.530991,0.474924,0.020992,0.218304
train_558,23,10,0.552271,0.470094,0.027894,0.220236
train_558,24,11,0.569669,0.466230,0.036233,0.225388
train_558,25,12,0.587498,0.476534,0.027606,0.195765
train_558,26,13,0.615679,0.479754,0.046011,0.170007
train_558,27,14,0.647168,0.472992,0.062977,0.170651
train_558,28,15,0.664278,0.356113,0.048886,0.155839
train_558,31,16,0.499738,0.684658,0.021251,0.193424
train_558,32,17,0.520646,0.691566,0.024678,0.201099
train_558,33,18,0.540868,0.696555,0.028106,0.212612
train_558,34,19,0.565033,0.700777,0.031191,0.237942
train_558,35,20,0.593996,0.695788,0.047300,0.221823
train_558,37,22,0.668374,0.658178,0.089802,0.217218
train_558,38,23,0.714131,0.602530,0.089459,0.204169
train_558,41,24,0.479687,0.694253,0.027078,0.212612
train_558,42,25,0.461692,0.693485,0.028791,0.214148
train_558,43,26,0.440441,0.704615,0.031534,0.234872
train_558,44,27,0.417648,0.704231,0.027763,0.243315
train_558,45,28,0.388856,0.698090,0.039417,0.229499
train_558,46,29,0.343613,0.665853,0.088088,0.232569
train_558,47,30,0.300597,0.634000,0.076777,0.199564
train_559,11,0,0.475081,0.429193,0.039870,0.263885
train_559,12,1,0.440591,0.425739,0.034174,0.259740
train_559,13,2,0.417176,0.417450,0.034174,0.281846
train_559,14,3,0.397874,0.427121,0.033541,0.254214
train_559,15,4,0.372243,0.422285,0.031643,0.252832
train_559,16,5,0.342183,0.433338,0.051261,0.233490
train_559,17,6,0.305794,0.430575,0.039237,0.225200
train_559,18,7,0.272885,0.440937,0.049362,0.229345
train_559,21,8,0.508623,0.430575,0.041135,0.250069
train_559,22,9,0.534886,0.405706,0.036705,0.272175
train_559,23,10,0.558301,0.418831,0.043034,0.256977
train_559,24,11,0.587729,0.436101,0.033541,0.230727
train_559,25,12,0.619688,0.431956,0.054425,0.239016
train_559,26,13,0.663671,0.443700,0.052527,0.221056
train_559,27,14,0.707654,0.455443,0.056957,0.214148
train_559,31,16,0.512103,0.702059,0.029111,0.243161
train_559,32,17,0.532355,0.701368,0.040502,0.227964
train_559,33,18,0.557036,0.726927,0.040502,0.303951
train_559,34,19,0.586780,0.699295,0.054425,0.248687
train_559,35,20,0.598487,0.713802,0.070246,0.219674
train_559,36,21,0.635509,0.690315,0.086068,0.241779
train_559,37,22,0.688985,0.665446,0.091763,0.216911
train_559,41,24,0.492801,0.702059,0.022150,0.229345
train_559,42,25,0.471917,0.704822,0.031010,0.245924
train_559,43,26,0.447552,0.712421,0.036705,0.250069
train_559,44,27,0.423504,0.711730,0.044300,0.251451
train_559,45,28,0.397557,0.695151,0.043034,0.226582
train_559,46,29,0.356422,0.694460,0.075942,0.252832
train_559,47,30,0.318134,0.682716,0.056324,0.240398
train_559,48,31,0.254849,0.664065,0.089232,0.120199
train_56,11,0,0.485232,0.404445,0.034659,0.284954
train_56,12,1,0.458107,0.400488,0.030139,0.270707
train_56,13,2,0.427215,0.381491,0.046715,0.340362
train_56,14,3,0.404988,0.403654,0.048975,0.254876
train_56,15,4,0.371459,0.405237,0.049729,0.245377
train_56,16,5,0.338683,0.405237,0.056510,0.229547
train_56,17,6,0.292345,0.399696,0.048222,0.243794
train_56,18,7,0.254295,0.394947,0.058017,0.189970
train_56,21,8,0.518761,0.406820,0.035413,0.264374
train_56,22,9,0.547393,0.394947,0.032399,0.262791
train_56,23,10,0.583559,0.385448,0.044454,0.313450
train_56,24,11,0.607294,0.391781,0.046715,0.275456
train_56,25,12,0.638939,0.390198,0.036166,0.265957
train_56,26,13,0.672092,0.390198,0.043701,0.234296
train_56,27,14,0.711649,0.364868,0.048975,0.237462
train_56,28,15,0.736513,0.323708,0.050482,0.212133
train_56,31,16,0.525919,0.694149,0.037673,0.259625
train_56,32,17,0.544756,0.688608,0.031646,0.267541
train_56,33,18,0.580546,0.698898,0.048975,0.303951
train_56,34,19,0.606917,0.679110,0.056510,0.277039
train_56,35,20,0.641576,0.668028,0.062538,0.273873
train_56,36,21,0.683017,0.635575,0.076100,0.246960
train_56,37,22,0.729355,0.602330,0.079867,0.231130
train_56,38,23,0.763638,0.556421,0.065552,0.202634
train_56,41,24,0.502939,0.690983,0.039934,0.243794
train_56,42,25,0.484855,0.704439,0.045961,0.270707
train_56,43,26,0.452456,0.718687,0.035413,0.315033
train_56,44,27,0.425332,0.683067,0.042948,0.259625
train_56,45,28,0.389542,0.675152,0.058770,0.265957
train_56,46,29,0.342450,0.649823,0.086649,0.234296
train_56,47,30,0.286694,0.626868,0.083635,0.197885
train_56,48,31,0.234705,0.573835,0.086649,0.177305
train_560,11,0,0.477234,0.453409,0.032163,0.246732
train_560,12,1,0.452133,0.463251,0.025861,0.216977
train_560,13,2,0.424642,0.453181,0.033033,0.226132
train_560,14,3,0.400194,0.449290,0.032381,0.234830
train_560,15,4,0.373246,0.448374,0.030207,0.223844
train_560,16,5,0.336628,0.445856,0.050418,0.227964
train_560,17,6,0.285558,0.449290,0.049983,0.197294
train_560,18,7,0.265898,0.364436,0.072357,0.109615
train_560,21,8,0.513790,0.464544,0.035331,0.227180
train_560,22,9,0.545670,0.464004,0.028406,0.214800
train_560,23,10,0.578621,0.454431,0.037495,0.214800
train_560,24,11,0.609407,0.454069,0.043528,0.211683
train_560,25,12,0.633924,0.451678,0.033227,0.203467
train_560,26,13,0.672254,0.463926,0.052451,0.218965
train_560,27,14,0.719958,0.450428,0.049129,0.202968
train_560,28,15,0.749088,0.393349,0.061009,0.154211
train_560,31,16,0.507136,0.690611,0.024295,0.158179
train_560,32,17,0.532045,0.690611,0.024050,0.169551
train_560,33,18,0.557568,0.691386,0.032885,0.186610
train_560,34,19,0.589103,0.700432,0.034603,0.214007
train_560,35,20,0.622969,0.699657,0.037057,0.217625
train_560,37,22,0.712052,0.687509,0.095464,0.217108
train_560,38,23,0.766533,0.670451,0.089574,0.205736
train_560,41,24,0.485577,0.702037,0.020999,0.182220
train_560,42,25,0.463591,0.692586,0.022973,0.171634
train_560,43,26,0.443849,0.695421,0.025486,0.188646
train_560,44,27,0.418811,0.695043,0.030691,0.199988
train_560,45,28,0.392260,0.693272,0.039861,0.201696
train_560,46,29,0.350507,0.691865,0.070814,0.211077
train_560,47,30,0.290048,0.684125,0.091078,0.225618
train_560,48,31,0.229923,0.667473,0.085289,0.191377
train_561,11,0,0.486596,0.483075,0.037482,0.283227
train_561,12,1,0.464043,0.480312,0.036846,0.272175
train_561,13,2,0.444984,0.467878,0.045740,0.299807
train_561,14,3,0.417667,0.474786,0.040658,0.266648
train_561,15,4,0.391938,0.460279,0.037482,0.240398
train_561,16,5,0.355092,0.458897,0.056540,0.232108
train_561,17,6,0.306810,0.458897,0.051458,0.207240
train_561,18,7,0.278222,0.392581,0.059081,0.198950
train_561,21,8,0.521218,0.487911,0.034305,0.273556
train_561,22,9,0.547583,0.478931,0.031129,0.266648
train_561,23,10,0.575535,0.460970,0.032399,0.288754
train_561,24,11,0.599358,0.460279,0.038117,0.254214
train_561,25,12,0.622864,0.454753,0.039388,0.251451
train_561,26,13,0.660346,0.447845,0.055905,0.243161
train_561,27,14,0.695286,0.443009,0.062258,0.208621
train_561,28,15,0.723239,0.362186,0.057176,0.196187
train_561,31,16,0.511054,0.737289,0.025411,0.205858
train_561,32,17,0.530748,0.744197,0.025411,0.230727
train_561,33,18,0.557112,0.749724,0.031129,0.266648
train_561,34,19,0.582523,0.738671,0.033670,0.252832
train_561,35,20,0.613652,0.733835,0.055270,0.256977
train_561,36,21,0.657487,0.714493,0.092116,0.262503
train_561,37,22,0.709262,0.688243,0.107998,0.251451
train_561,38,23,0.761356,0.656466,0.087669,0.198950
train_561,41,24,0.487548,0.743506,0.027952,0.210003
train_561,42,25,0.467855,0.748342,0.025411,0.230727
train_561,43,26,0.445302,0.758704,0.027317,0.265267
train_561,44,27,0.423702,0.749033,0.033670,0.237635
train_561,45,28,0.392574,0.745579,0.061623,0.266648
train_561,46,29,0.353504,0.737289,0.087669,0.274938
train_561,47,30,0.298234,0.695841,0.095293,0.241779
train_561,48,31,0.243917,0.668900,0.085763,0.187897
train_562,11,0,0.489022,0.449376,0.030381,0.285609
train_562,12,1,0.464027,0.438513,0.027131,0.288121
train_562,13,2,0.442647,0.436336,0.029651,0.281392
train_562,14,3,0.425838,0.458232,0.032039,0.228103
train_562,16,5,0.383133,0.438355,0.048712,0.234612
train_562,17,6,0.341621,0.426007,0.049559,0.238412
train_562,21,8,0.517833,0.456877,0.029227,0.271657
train_562,22,9,0.539648,0.452128,0.028804,0.258359
train_562,23,10,0.560319,0.450264,0.026771,0.252207
train_562,24,11,0.577027,0.435736,0.031985,0.257490
train_562,25,12,0.595866,0.438602,0.034158,0.252280
train_562,26,13,0.621025,0.439236,0.050130,0.229318
train_562,27,14,0.659760,0.413300,0.051657,0.248351
train_562,31,16,0.517833,0.700513,0.020756,0.194719
train_562,32,17,0.535200,0.697188,0.024992,0.199468
train_562,33,18,0.554261,0.724734,0.028380,0.264058
train_562,34,19,0.577558,0.711436,0.029227,0.245061
train_562,35,20,0.602974,0.705737,0.053795,0.256459
train_562,36,21,0.635166,0.680091,0.076669,0.246960
train_562,37,22,0.683031,0.646847,0.083446,0.248860
train_562,41,24,0.497289,0.704312,0.021179,0.200418
train_562,42,25,0.478612,0.707942,0.023317,0.209838
train_562,43,26,0.457472,0.718747,0.030156,0.249575
train_562,44,27,0.436332,0.693302,0.027047,0.208444
train_562,45,28,0.412393,0.706548,0.048809,0.261426
train_562,46,29,0.377885,0.690513,0.082385,0.248878
train_562,47,30,0.331096,0.666462,0.086427,0.250969
train_562,48,31,0.280577,0.604766,0.084251,0.205655
train_563,11,0,0.466054,0.467253,0.035036,0.210829
train_563,12,1,0.435884,0.454445,0.023357,0.200977
train_563,13,2,0.412527,0.449519,0.029197,0.191125
train_563,14,3,0.390143,0.447549,0.029197,0.179303
train_563,15,4,0.366299,0.430801,0.024330,0.177333
train_563,16,5,0.341482,0.408142,0.036982,0.206888
train_563,17,6,0.304987,0.381542,0.051581,0.185214
train_563,21,8,0.501577,0.463312,0.032116,0.199007
train_563,22,9,0.527853,0.454445,0.030170,0.177333
train_563,23,10,0.551211,0.450504,0.032116,0.193096
train_563,24,11,0.575055,0.433756,0.033089,0.167481
train_563,25,12,0.595005,0.421934,0.028223,0.155659
train_563,26,13,0.618849,0.406171,0.040875,0.171422
train_563,27,14,0.650965,0.368734,0.042822,0.171422
train_563,31,16,0.483085,0.654437,0.014598,0.147777
train_563,32,17,0.504010,0.677096,0.021411,0.181274
train_563,33,18,0.531260,0.672171,0.033089,0.183244
train_563,34,19,0.562889,0.652467,0.034063,0.179303
train_563,35,20,0.590139,0.619956,0.034063,0.161570
train_563,36,21,0.631988,0.592371,0.063259,0.161570
train_563,37,22,0.670430,0.536215,0.056447,0.100489
train_563,41,24,0.466541,0.674141,0.020438,0.163540
train_563,42,25,0.445130,0.682022,0.028223,0.191125
train_563,43,26,0.419340,0.679067,0.035036,0.204918
train_563,44,27,0.392090,0.684978,0.040875,0.208859
train_563,45,28,0.361433,0.653452,0.049634,0.165511
train_563,46,29,0.322991,0.626852,0.054500,0.159600
train_563,47,30,0.293795,0.580549,0.058393,0.169451
train_564,11,0,0.481971,0.341728,0.057891,0.314807
train_564,12,1,0.446982,0.344442,0.048985,0.274099
train_564,13,2,0.410721,0.339014,0.051529,0.325662
train_564,14,3,0.379867,0.347156,0.049621,0.293096
train_564,15,4,0.347740,0.372259,0.052802,0.270028
train_564,16,5,0.310207,0.377008,0.078248,0.298524
train_564,17,6,0.257723,0.389221,0.086518,0.298524
train_564,21,8,0.530002,0.355297,0.043259,0.268671
train_564,22,9,0.562446,0.351227,0.030536,0.255102
train_564,23,10,0.602206,0.341050,0.047712,0.313450
train_564,24,11,0.631152,0.364796,0.058527,0.263244
train_564,25,12,0.661370,0.372259,0.066797,0.278170
train_564,26,13,0.700494,0.397362,0.078884,0.268671
train_564,27,14,0.740254,0.406182,0.065525,0.275456
train_564,31,16,0.521731,0.647036,0.025447,0.265957
train_564,32,17,0.547496,0.655178,0.026083,0.298524
train_564,33,18,0.577396,0.666712,0.032444,0.340588
train_564,34,19,0.610158,0.681638,0.043259,0.310736
train_564,35,20,0.643875,0.685030,0.031808,0.284954
train_564,36,21,0.684590,0.687744,0.058527,0.276813
train_564,37,22,0.739300,0.686387,0.066161,0.274099
train_564,38,23,0.801644,0.671461,0.087791,0.168259
train_564,41,24,0.497239,0.650429,0.024810,0.259173
train_564,42,25,0.472111,0.657892,0.027991,0.290382
train_564,43,26,0.442847,0.677567,0.044532,0.327019
train_564,44,27,0.403723,0.685030,0.055346,0.317521
train_564,45,28,0.368098,0.687066,0.038806,0.299881
train_564,46,29,0.321976,0.692493,0.062344,0.310736
train_564,47,30,0.274263,0.692493,0.064889,0.286311
train_564,48,31,0.220825,0.649750,0.061072,0.184542
train_565,11,0,0.465426,0.373238,0.044035,0.285991
train_565,12,1,0.437666,0.355278,0.034462,0.277701
train_565,21,8,0.505951,0.371857,0.040844,0.285991
train_565,22,9,0.538498,0.371857,0.029356,0.280464
train_565,23,10,0.565302,0.349751,0.034462,0.327439
train_565,26,13,0.654009,0.354587,0.084240,0.284609
train_565,27,14,0.696129,0.359422,0.063818,0.230727
train_565,31,16,0.526373,0.659920,0.026804,0.223819
train_565,32,17,0.545837,0.663374,0.027442,0.263885
train_565,33,18,0.570727,0.660611,0.035100,0.291517
train_565,35,20,0.629439,0.647485,0.044035,0.187897
train_565,37,22,0.714318,0.572879,0.088707,0.179608
train_565,41,24,0.504994,0.673045,0.026165,0.216911
train_565,42,25,0.483296,0.673736,0.024889,0.215529
train_565,43,26,0.452663,0.686170,0.049140,0.276319
train_565,44,27,0.419477,0.646795,0.046587,0.239016
train_565,45,28,0.401927,0.630216,0.058713,0.269411
train_565,46,29,0.368423,0.623998,0.092536,0.292899
train_565,47,30,0.325026,0.590840,0.086155,0.276319
train_565,48,31,0.280992,0.545247,0.072115,0.215529
train_566,11,0,0.488426,0.403286,0.028275,0.269888
train_566,12,1,0.470519,0.395425,0.030160,0.272508
train_566,13,2,0.452300,0.386272,0.029964,0.282844
train_566,16,5,0.387917,0.382050,0.052640,0.230496
train_566,17,6,0.348032,0.337724,0.048996,0.243161
train_566,18,7,0.310779,0.312394,0.059524,0.227964
train_566,21,8,0.515468,0.401891,0.031584,0.275245
train_566,22,9,0.538549,0.406113,0.032394,0.263425
train_566,23,10,0.563856,0.387116,0.032799,0.286221
train_566,24,11,0.583090,0.381628,0.034823,0.276933
train_566,25,12,0.610423,0.371918,0.045756,0.271023
train_566,27,14,0.676020,0.343634,0.048996,0.251604
train_566,28,15,0.718740,0.319571,0.048591,0.233874
train_566,31,16,0.519315,0.675025,0.027940,0.227119
train_566,32,17,0.542800,0.672070,0.027130,0.217832
train_566,33,18,0.568513,0.680935,0.037253,0.245694
train_566,34,19,0.595441,0.661094,0.045756,0.234718
train_566,35,20,0.629657,0.651385,0.063978,0.233874
train_566,37,22,0.706187,0.584684,0.103661,0.210233
train_566,38,23,0.751539,0.535714,0.099611,0.200101
train_566,41,24,0.501093,0.669537,0.022271,0.212766
train_566,42,25,0.481454,0.662361,0.025105,0.213610
train_566,43,26,0.462423,0.677558,0.021866,0.240628
train_566,44,27,0.439747,0.659828,0.036443,0.250760
train_566,45,28,0.417072,0.634921,0.055070,0.234718
train_566,47,30,0.334872,0.586795,0.097182,0.229652
train_566,48,31,0.283042,0.521361,0.113379,0.179838
train_567,11,0,0.486111,0.379939,0.033525,0.278622
train_567,12,1,0.465038,0.369385,0.035441,0.265957
train_567,13,2,0.439176,0.360942,0.031609,0.265957
train_567,14,3,0.421456,0.350388,0.030651,0.249071
train_567,15,4,0.403736,0.338779,0.033525,0.272290
train_567,16,5,0.375479,0.345111,0.053640,0.251182
train_567,17,6,0.331897,0.326114,0.077586,0.246960
train_567,21,8,0.517720,0.379939,0.037356,0.282844
train_567,22,9,0.545977,0.389438,0.028736,0.272290
train_567,23,10,0.569923,0.387327,0.030651,0.284954
train_567,24,11,0.595307,0.384161,0.029693,0.278622
train_567,25,12,0.620211,0.394715,0.035441,0.265957
train_567,26,13,0.654693,0.399992,0.054598,0.234296
train_567,27,14,0.700670,0.376773,0.052682,0.255404
train_567,31,16,0.505268,0.637454,0.027778,0.202634
train_567,32,17,0.530172,0.650118,0.031609,0.227964
train_567,33,18,0.563218,0.663838,0.038314,0.263847
train_567,34,19,0.591954,0.661727,0.038314,0.272290
train_567,35,20,0.622126,0.660672,0.045019,0.253293
train_567,36,21,0.664272,0.651174,0.083333,0.259625
train_567,37,22,0.711686,0.629010,0.084291,0.244850
train_567,38,23,0.748563,0.560410,0.075670,0.196302
train_567,41,24,0.483716,0.639564,0.024904,0.215299
train_567,42,25,0.458812,0.644841,0.028736,0.246960
train_567,43,26,0.438218,0.646952,0.033525,0.280733
train_567,44,27,0.420498,0.634287,0.034483,0.297619
train_567,45,28,0.395115,0.633232,0.050766,0.291287
train_567,46,29,0.354406,0.601570,0.082375,0.257514
train_567,47,30,0.310824,0.565687,0.102490,0.240628
train_567,48,31,0.274904,0.497087,0.111111,0.221631
train_568,11,0,0.480715,0.530447,0.033838,0.256298
train_568,12,1,0.450805,0.527227,0.032025,0.255010
train_568,13,2,0.423010,0.513704,0.036859,0.248570
train_568,14,3,0.397933,0.496317,0.036255,0.244707
train_568,15,4,0.375576,0.489233,0.036255,0.230539
train_568,16,5,0.336300,0.489233,0.051965,0.230539
train_568,17,6,0.297326,0.461542,0.058612,0.211220
train_568,18,7,0.270739,0.399078,0.061029,0.194477
train_568,21,8,0.513647,0.525939,0.036859,0.260162
train_568,22,9,0.538723,0.515635,0.037463,0.252434
train_568,23,10,0.567727,0.499536,0.032629,0.256298
train_568,24,11,0.589480,0.491899,0.041089,0.239555
train_568,25,12,0.612744,0.486013,0.040485,0.249858
train_568,26,13,0.652624,0.479573,0.054987,0.252434
train_568,27,14,0.694921,0.457679,0.054987,0.231827
train_568,28,15,0.727853,0.438360,0.071301,0.216372
train_568,31,16,0.514251,0.765494,0.023566,0.213796
train_568,32,17,0.536608,0.763562,0.022357,0.220236
train_568,33,18,0.563497,0.764850,0.032629,0.235691
train_568,34,19,0.588272,0.744243,0.045923,0.235691
train_568,35,20,0.617578,0.724280,0.059821,0.221524
train_568,37,22,0.711236,0.672119,0.100909,0.197053
train_568,41,24,0.492800,0.770646,0.025378,0.216372
train_568,42,25,0.469839,0.768714,0.022961,0.225388
train_568,43,26,0.442648,0.767426,0.031421,0.235691
train_568,44,27,0.415759,0.754546,0.032025,0.238267
train_568,45,28,0.383129,0.733940,0.051361,0.215084
train_568,47,30,0.295816,0.669543,0.099097,0.204781
train_569,11,0,0.496612,0.415521,0.037676,0.268973
train_569,12,1,0.479139,0.441453,0.039860,0.221933
train_569,13,2,0.456479,0.401650,0.042590,0.303951
train_569,14,3,0.436003,0.417330,0.048596,0.279828
train_569,15,4,0.408155,0.415521,0.047504,0.290684
train_569,16,5,0.380854,0.437835,0.061701,0.221933
train_569,17,6,0.340721,0.410696,0.065523,0.244850
train_569,18,7,0.313420,0.329281,0.064431,0.190573
train_569,21,8,0.528281,0.445072,0.032216,0.243644
train_569,22,9,0.552034,0.435422,0.024025,0.238819
train_569,23,10,0.571964,0.400444,0.034400,0.313601
train_569,24,11,0.591348,0.424567,0.039314,0.248468
train_569,25,12,0.614827,0.417933,0.043682,0.244850
train_569,26,13,0.643766,0.415521,0.052419,0.220727
train_569,27,14,0.688268,0.382352,0.058425,0.224345
train_569,28,15,0.673252,0.343151,0.063339,0.213490
train_569,31,16,0.519272,0.673035,0.022933,0.202634
train_569,32,17,0.540567,0.670020,0.027301,0.199016
train_569,33,18,0.562954,0.703792,0.033854,0.285859
train_569,34,19,0.582065,0.678463,0.034946,0.252087
train_569,35,20,0.606363,0.682081,0.055149,0.276210
train_569,36,21,0.646223,0.651927,0.084634,0.256911
train_569,37,22,0.688814,0.610918,0.082450,0.242437
train_569,38,23,0.729493,0.585589,0.056787,0.194191
train_569,41,24,0.501526,0.675447,0.025663,0.202634
train_569,42,25,0.484053,0.684494,0.036584,0.242437
train_569,43,26,0.463850,0.707411,0.051873,0.273797
train_569,44,27,0.436822,0.690524,0.042590,0.293096
train_569,45,28,0.412797,0.690524,0.048050,0.266561
train_569,46,29,0.372937,0.671226,0.091733,0.261736
train_569,47,30,0.327889,0.638057,0.096647,0.243644
train_569,48,31,0.270011,0.602475,0.083542,0.196603
train_57,11,0,0.491934,0.463526,0.036068,0.227964
train_57,12,1,0.460252,0.457013,0.029244,0.197568
train_57,13,2,0.436857,0.455927,0.035093,0.195397
train_57,14,3,0.420286,0.439644,0.042891,0.236648
train_57,15,4,0.395916,0.435302,0.029244,0.206253
train_57,16,5,0.368621,0.428789,0.052639,0.214937
train_57,17,6,0.342789,0.422275,0.059463,0.197568
train_57,21,8,0.521178,0.461355,0.038017,0.249674
train_57,22,9,0.545060,0.452670,0.031194,0.210595
train_57,23,10,0.569430,0.439644,0.025345,0.275727
train_57,24,11,0.591851,0.449414,0.035093,0.225792
train_57,25,12,0.616708,0.452670,0.030219,0.210595
train_57,26,13,0.643028,0.440729,0.045816,0.230135
train_57,27,14,0.672759,0.426617,0.038992,0.206253
train_57,31,16,0.518253,0.701259,0.018521,0.204082
train_57,32,17,0.539699,0.694746,0.030219,0.208424
train_57,33,18,0.561144,0.702345,0.028269,0.223621
train_57,34,19,0.591851,0.687147,0.031194,0.188884
train_57,36,21,0.650339,0.679548,0.054589,0.195397
train_57,37,22,0.686894,0.661094,0.053614,0.206253
train_57,41,24,0.495833,0.698003,0.020471,0.193226
train_57,42,25,0.471463,0.690404,0.024370,0.221450
train_57,43,26,0.445630,0.693660,0.031194,0.219279
train_57,44,27,0.421748,0.693660,0.026320,0.201911
train_57,45,28,0.391042,0.677377,0.046790,0.195397
train_57,46,29,0.352537,0.645897,0.067261,0.175858
train_57,47,30,0.312570,0.615502,0.071161,0.180200
train_570,11,0,0.470819,0.430784,0.032470,0.255900
train_570,12,1,0.444239,0.417541,0.028637,0.241281
train_570,13,2,0.421843,0.404765,0.031574,0.252734
train_570,14,3,0.399459,0.402236,0.033091,0.236495
train_570,15,4,0.375742,0.386284,0.035613,0.232018
train_570,16,5,0.345098,0.384329,0.046337,0.211413
train_570,17,6,0.309423,0.362692,0.050920,0.225131
train_570,18,7,0.271635,0.384245,0.049475,0.187223
train_570,21,8,0.503165,0.431642,0.033410,0.249115
train_570,22,9,0.532352,0.426159,0.026434,0.241281
train_570,23,10,0.560071,0.408141,0.031207,0.292984
train_570,24,11,0.585220,0.434776,0.037448,0.217780
train_570,25,12,0.613857,0.423025,0.035245,0.224047
train_570,26,13,0.645982,0.410099,0.048095,0.218563
train_570,27,14,0.684165,0.386206,0.051032,0.222480
train_570,28,15,0.714086,0.364663,0.049931,0.206029
train_570,31,16,0.498759,0.683107,0.020927,0.211513
train_570,32,17,0.519319,0.693291,0.023130,0.233447
train_570,33,18,0.540797,0.710134,0.028637,0.267133
train_570,34,19,0.569801,0.687416,0.035980,0.234231
train_570,35,20,0.601742,0.670573,0.046994,0.208379
train_570,36,21,0.642678,0.659997,0.075998,0.232664
train_570,37,22,0.686184,0.623962,0.075631,0.218563
train_570,41,24,0.477098,0.680757,0.023864,0.206812
train_570,42,25,0.459475,0.680365,0.023864,0.229530
train_570,43,26,0.435795,0.684674,0.028637,0.252248
train_570,44,27,0.410829,0.664306,0.041854,0.236581
train_570,45,28,0.386965,0.647463,0.049197,0.224830
train_570,46,29,0.346947,0.632579,0.086645,0.248331
train_570,47,30,0.305644,0.590277,0.089215,0.212296
train_571,11,0,0.480493,0.556882,0.031290,0.214937
train_571,12,1,0.461915,0.547112,0.027379,0.204082
train_571,13,2,0.437469,0.537343,0.029334,0.210595
train_571,14,3,0.420358,0.524316,0.024445,0.214937
train_571,15,4,0.399335,0.522145,0.027379,0.206253
train_571,16,5,0.378312,0.541685,0.036179,0.201911
train_571,17,6,0.355823,0.519974,0.051824,0.171515
train_571,18,7,0.331867,0.488493,0.076269,0.160660
train_571,21,8,0.508360,0.556882,0.028356,0.223621
train_571,22,9,0.523516,0.547112,0.025423,0.238819
train_571,23,10,0.546983,0.546027,0.029334,0.236648
train_571,24,11,0.568984,0.543856,0.028356,0.219279
train_571,25,12,0.590496,0.544941,0.026401,0.225792
train_571,26,13,0.616896,0.536257,0.036179,0.204082
train_571,27,14,0.653075,0.515632,0.042046,0.206253
train_571,28,15,0.685832,0.501520,0.044979,0.182371
train_571,31,16,0.501027,0.742510,0.013689,0.182371
train_571,32,17,0.520583,0.755536,0.027379,0.182371
train_571,33,18,0.544050,0.772905,0.029334,0.212766
train_571,34,19,0.565562,0.756622,0.029334,0.197568
train_571,35,20,0.590007,0.764221,0.041068,0.191055
train_571,36,21,0.629119,0.726227,0.066491,0.171515
train_571,37,22,0.676542,0.702345,0.065513,0.180200
train_571,38,23,0.705388,0.646982,0.044979,0.147634
train_571,41,24,0.479515,0.739253,0.021512,0.180200
train_571,42,25,0.461426,0.752280,0.024445,0.197568
train_571,43,26,0.439425,0.755536,0.033245,0.208424
train_571,44,27,0.416447,0.750109,0.024445,0.201911
train_571,45,28,0.390046,0.750109,0.034223,0.197568
train_571,47,30,0.338222,0.712115,0.075291,0.165002
train_571,48,31,0.300577,0.649153,0.084091,0.156318
train_572,11,0,0.486319,0.461633,0.041862,0.239962
train_572,12,1,0.465388,0.431638,0.045667,0.254626
train_572,13,2,0.437797,0.403642,0.041227,0.313283
train_572,14,3,0.414647,0.410974,0.043130,0.271956
train_572,15,4,0.385153,0.434970,0.036153,0.223964
train_572,17,6,0.330606,0.432971,0.048839,0.219965
train_572,18,7,0.284304,0.383645,0.060255,0.182637
train_572,21,8,0.517715,0.460966,0.036153,0.241295
train_572,22,9,0.551014,0.458967,0.034250,0.231963
train_572,23,10,0.581459,0.437637,0.035519,0.258625
train_572,24,11,0.609050,0.458967,0.041227,0.255959
train_572,25,12,0.633152,0.440969,0.037422,0.219965
train_572,26,13,0.672477,0.443636,0.051376,0.227964
train_572,27,14,0.714021,0.443636,0.046936,0.235962
train_572,28,15,0.743515,0.388978,0.055181,0.163974
train_572,31,16,0.531986,0.692929,0.030445,0.195969
train_572,32,17,0.551648,0.694262,0.027908,0.209300
train_572,33,18,0.579873,0.702261,0.037422,0.233296
train_572,35,20,0.631883,0.698928,0.039959,0.226630
train_572,36,21,0.681039,0.705594,0.086260,0.261292
train_572,37,22,0.722267,0.669600,0.077381,0.221298
train_572,38,23,0.762860,0.638271,0.064695,0.177305
train_572,41,24,0.509787,0.700928,0.030445,0.203967
train_572,42,25,0.492344,0.700261,0.045033,0.221298
train_572,43,26,0.466022,0.704927,0.031713,0.243961
train_572,44,27,0.446677,0.710260,0.031079,0.257292
train_572,45,28,0.426063,0.720258,0.040593,0.303951
train_572,46,29,0.381665,0.690929,0.098946,0.245294
train_572,47,30,0.328386,0.668933,0.102751,0.233296
train_572,48,31,0.262105,0.640937,0.102117,0.153309
train_573,11,0,0.481547,0.418852,0.037583,0.232253
train_573,12,1,0.448842,0.412418,0.029550,0.236543
train_573,13,2,0.419005,0.407515,0.035861,0.259829
train_573,14,3,0.397058,0.421916,0.037296,0.255540
train_573,15,4,0.369660,0.423448,0.035288,0.251250
train_573,16,5,0.334659,0.427125,0.049058,0.227964
train_573,17,6,0.289186,0.416095,0.048772,0.237768
train_573,18,7,0.245579,0.418852,0.054509,0.219997
train_573,21,8,0.517982,0.418240,0.039878,0.232253
train_573,22,9,0.551692,0.418852,0.030984,0.219997
train_573,23,10,0.585258,0.409660,0.042460,0.250637
train_573,24,11,0.619685,0.416708,0.063116,0.242671
train_573,25,12,0.646510,0.421610,0.050206,0.250025
train_573,26,13,0.679359,0.430189,0.056231,0.231640
train_573,27,14,0.719524,0.437543,0.048772,0.199774
train_573,28,15,0.759545,0.418852,0.053649,0.180778
train_573,31,16,0.520851,0.644365,0.031845,0.191808
train_573,32,17,0.536630,0.659991,0.040452,0.226738
train_573,33,18,0.588701,0.671634,0.045903,0.276988
train_573,34,19,0.619255,0.669490,0.038157,0.248186
train_573,35,20,0.646223,0.671634,0.033566,0.232866
train_573,36,21,0.708622,0.665200,0.092379,0.240832
train_573,37,22,0.753377,0.619852,0.090658,0.189357
train_573,41,24,0.498617,0.657234,0.026968,0.222448
train_573,42,25,0.476096,0.660910,0.026107,0.233479
train_573,43,26,0.449415,0.674392,0.032419,0.261668
train_573,44,27,0.421730,0.675924,0.037296,0.238994
train_573,45,28,0.395480,0.674086,0.045042,0.229189
train_573,46,29,0.353163,0.671022,0.079182,0.241445
train_573,47,30,0.299801,0.647429,0.085494,0.222448
train_573,48,31,0.249595,0.618627,0.081477,0.188131
train_574,11,0,0.502950,0.493921,0.030951,0.240990
train_574,12,1,0.478770,0.481980,0.025147,0.247503
train_574,13,2,0.457007,0.475467,0.029984,0.234477
train_574,15,4,0.418319,0.455927,0.028049,0.191055
train_574,16,5,0.392688,0.427703,0.042557,0.186713
train_574,17,6,0.360770,0.397308,0.054164,0.173686
train_574,18,7,0.331270,0.363656,0.059000,0.158489
train_574,21,8,0.530032,0.492835,0.029016,0.273556
train_574,22,9,0.551311,0.477638,0.025147,0.264872
train_574,23,10,0.571622,0.470039,0.030951,0.262701
train_574,25,12,0.606925,0.457013,0.028049,0.223621
train_574,26,13,0.636425,0.434216,0.034820,0.217108
train_574,27,14,0.667376,0.399479,0.048361,0.199739
train_574,28,15,0.694458,0.378854,0.058033,0.149805
train_574,31,16,0.522294,0.726227,0.021279,0.158489
train_574,32,17,0.540188,0.726227,0.020311,0.141120
train_574,33,18,0.562434,0.719713,0.018377,0.154147
train_574,34,19,0.580811,0.700174,0.026115,0.180200
train_574,35,20,0.602089,0.689318,0.033852,0.180200
train_574,36,21,0.667860,0.620929,0.080279,0.151976
train_574,37,22,0.711384,0.554711,0.070606,0.154147
train_574,41,24,0.501016,0.731654,0.023213,0.156318
train_574,42,25,0.481671,0.731654,0.029016,0.169344
train_574,43,26,0.451688,0.714286,0.032885,0.191055
train_574,44,27,0.433794,0.695832,0.031918,0.184542
train_574,45,28,0.407680,0.666522,0.053197,0.191055
train_574,46,29,0.373827,0.632870,0.066738,0.171515
train_574,47,30,0.329819,0.586192,0.077377,0.182371
train_574,48,31,0.302737,0.523231,0.065770,0.151976
train_575,11,0,0.490852,0.528071,0.030494,0.272662
train_575,12,1,0.465768,0.524718,0.029510,0.265957
train_575,13,2,0.442652,0.483372,0.032461,0.227964
train_575,14,3,0.423962,0.487842,0.028526,0.219024
train_575,15,4,0.408715,0.494547,0.025575,0.219024
train_575,16,5,0.382648,0.476667,0.038363,0.236903
train_575,17,6,0.357073,0.410737,0.048200,0.221259
train_575,21,8,0.519870,0.525836,0.029510,0.259253
train_575,22,9,0.540035,0.525836,0.022624,0.241373
train_575,23,10,0.559217,0.528071,0.021641,0.214554
train_575,24,11,0.572497,0.505721,0.020657,0.227964
train_575,25,12,0.598564,0.487842,0.035412,0.223494
train_575,26,13,0.628074,0.483372,0.039347,0.227964
train_575,27,14,0.653649,0.421911,0.049184,0.176560
train_575,31,16,0.493803,0.759387,0.016722,0.158680
train_575,32,17,0.512001,0.764974,0.017706,0.183265
train_575,33,18,0.526756,0.777266,0.025575,0.216789
train_575,34,19,0.553807,0.777266,0.026559,0.225729
train_575,35,20,0.580858,0.767209,0.035412,0.227964
train_575,36,21,0.619221,0.742625,0.064922,0.223494
train_575,37,22,0.673815,0.684516,0.077710,0.165385
train_575,38,23,0.712670,0.633113,0.053118,0.107277
train_575,41,24,0.474129,0.764974,0.020657,0.178795
train_575,42,25,0.458391,0.758269,0.024592,0.165385
train_575,43,26,0.436750,0.778384,0.032461,0.201144
train_575,44,27,0.416585,0.747095,0.039347,0.210084
train_575,45,28,0.391993,0.735920,0.039347,0.178795
train_575,46,29,0.357073,0.719158,0.063939,0.207849
train_575,47,30,0.304938,0.664402,0.071808,0.165385
train_576,11,0,0.522799,0.486480,0.035836,0.206856
train_576,12,1,0.507303,0.478169,0.028088,0.190233
train_576,13,2,0.484542,0.473552,0.038742,0.184693
train_576,14,3,0.460329,0.475399,0.036805,0.192080
train_576,15,4,0.427398,0.476322,0.044553,0.186540
train_576,16,5,0.378002,0.492945,0.050364,0.171764
train_576,17,6,0.326670,0.495715,0.050364,0.184693
train_576,21,8,0.554761,0.479093,0.030025,0.195774
train_576,22,9,0.575101,0.467088,0.031962,0.201315
train_576,23,10,0.598830,0.463394,0.032930,0.249335
train_576,24,11,0.625949,0.457853,0.032930,0.205009
train_576,25,12,0.655490,0.471705,0.041647,0.210550
train_576,27,14,0.735879,0.481863,0.043584,0.186540
train_576,28,15,0.771715,0.490174,0.035836,0.166223
train_576,31,16,0.546529,0.692413,0.023245,0.182846
train_576,32,17,0.562994,0.696107,0.023245,0.201315
train_576,33,18,0.591082,0.710882,0.027119,0.219784
train_576,34,19,0.620138,0.708112,0.029056,0.214243
train_576,35,20,0.646289,0.717346,0.034868,0.217937
train_576,36,21,0.696653,0.707188,0.079420,0.179152
train_576,37,22,0.753797,0.685025,0.085232,0.171764
train_576,41,24,0.528611,0.707188,0.028088,0.190233
train_576,42,25,0.504397,0.719193,0.024214,0.214243
train_576,43,26,0.479699,0.713652,0.032930,0.214243
train_576,44,27,0.452580,0.709035,0.030993,0.193927
train_576,45,28,0.419650,0.713652,0.036805,0.206856
train_576,46,29,0.369770,0.718270,0.066829,0.212397
train_576,47,30,0.308752,0.709959,0.078452,0.195774
train_577,11,0,0.476092,0.428038,0.035712,0.227155
train_577,12,1,0.450906,0.419550,0.032704,0.236047
train_577,13,2,0.425720,0.416316,0.036463,0.234431
train_577,14,3,0.402977,0.422783,0.045109,0.226347
train_577,15,4,0.378543,0.414295,0.039847,0.214221
train_577,16,5,0.343508,0.413271,0.045711,0.218640
train_577,17,6,0.301220,0.386699,0.058748,0.216775
train_577,21,8,0.509874,0.410940,0.036853,0.254070
train_577,22,9,0.541091,0.406045,0.031650,0.252671
train_577,23,10,0.572308,0.402782,0.038587,0.266657
train_577,24,11,0.600815,0.403481,0.042273,0.257799
train_577,26,13,0.656420,0.393225,0.055497,0.241017
train_577,27,14,0.702487,0.373879,0.043140,0.227497
train_577,28,15,0.738147,0.354765,0.045525,0.237753
train_577,31,16,0.518296,0.673892,0.043472,0.240961
train_577,32,17,0.540264,0.682641,0.046494,0.264458
train_577,33,18,0.563627,0.682141,0.043472,0.282455
train_577,34,19,0.594430,0.659145,0.058118,0.241461
train_577,35,20,0.621978,0.648396,0.057420,0.235962
train_577,36,21,0.667775,0.630149,0.086712,0.233463
train_577,37,22,0.729264,0.614402,0.107402,0.259958
train_577,41,24,0.496676,0.666393,0.039288,0.227964
train_577,42,25,0.479821,0.668643,0.044635,0.230463
train_577,43,26,0.460991,0.678641,0.049749,0.264458
train_577,44,27,0.427748,0.689890,0.039520,0.304951
train_577,45,28,0.398573,0.679391,0.056491,0.279955
train_577,46,29,0.345453,0.654801,0.104612,0.256147
train_577,47,30,0.286726,0.627743,0.118308,0.264272
train_578,11,0,0.477222,0.441996,0.031759,0.250627
train_578,12,1,0.449274,0.449995,0.031759,0.218632
train_578,13,2,0.421643,0.438663,0.036206,0.238628
train_578,14,3,0.397189,0.447328,0.041922,0.229297
train_578,15,4,0.372416,0.429998,0.045733,0.250627
train_578,16,5,0.336528,0.425332,0.052721,0.249293
train_578,17,6,0.287619,0.426665,0.053991,0.227964
train_578,18,7,0.257448,0.421999,0.074952,0.175972
train_578,21,8,0.508346,0.453327,0.035570,0.227964
train_578,22,9,0.536612,0.452661,0.032395,0.223964
train_578,23,10,0.565196,0.446662,0.032395,0.251960
train_578,24,11,0.592826,0.446662,0.039382,0.235962
train_578,25,12,0.617598,0.451994,0.036841,0.235962
train_578,26,13,0.655392,0.451994,0.047639,0.230630
train_578,27,14,0.695409,0.457327,0.051450,0.214632
train_578,31,16,0.505170,0.673959,0.026678,0.173306
train_578,32,17,0.526767,0.685290,0.029219,0.190636
train_578,33,18,0.553762,0.694622,0.029854,0.209300
train_578,34,19,0.581393,0.693956,0.035570,0.205300
train_578,35,20,0.617281,0.690623,0.043828,0.203967
train_578,36,21,0.662697,0.688623,0.076222,0.218632
train_578,37,22,0.706207,0.667293,0.062883,0.191969
train_578,38,23,0.757975,0.617968,0.073682,0.189303
train_578,41,24,0.486432,0.677958,0.023502,0.194636
train_578,42,25,0.465471,0.693956,0.029854,0.231963
train_578,43,26,0.439111,0.695289,0.036841,0.229297
train_578,44,27,0.414339,0.674625,0.036841,0.203967
train_578,45,28,0.381944,0.671293,0.049545,0.218632
train_578,46,29,0.340975,0.673292,0.089561,0.233296
train_578,47,30,0.290160,0.643964,0.085750,0.214632
train_578,48,31,0.237122,0.608636,0.080034,0.199968
train_579,11,0,0.469762,0.422131,0.032895,0.279201
train_579,12,1,0.442877,0.407403,0.029732,0.272797
train_579,13,2,0.412513,0.407403,0.034793,0.303535
train_579,14,3,0.388474,0.414447,0.042384,0.253586
train_579,15,4,0.361589,0.433017,0.036690,0.242059
train_579,17,6,0.287260,0.414447,0.052505,0.210041
train_579,18,7,0.252467,0.354892,0.051240,0.131916
train_579,21,8,0.503606,0.423412,0.034793,0.271516
train_579,22,9,0.530491,0.415087,0.025304,0.252305
train_579,23,10,0.555795,0.411885,0.029099,0.253586
train_579,24,11,0.576986,0.431096,0.037323,0.240779
train_579,25,12,0.607983,0.426614,0.034793,0.265113
train_579,26,13,0.638348,0.436219,0.053770,0.220287
train_579,27,14,0.680731,0.414447,0.049975,0.189549
train_579,28,15,0.701607,0.341445,0.044914,0.120389
train_579,31,16,0.497280,0.696209,0.023406,0.220287
train_579,32,17,0.521318,0.698130,0.025936,0.213883
train_579,33,18,0.543775,0.703253,0.032895,0.244621
train_579,34,19,0.574140,0.689165,0.039221,0.229252
train_579,36,21,0.650683,0.675077,0.070850,0.234375
train_579,37,22,0.686741,0.650743,0.054403,0.239498
train_579,38,23,0.737664,0.614242,0.057566,0.128074
train_579,41,24,0.472925,0.696209,0.029099,0.222848
train_579,42,25,0.446989,0.704534,0.034160,0.239498
train_579,44,27,0.411247,0.688525,0.038588,0.253586
train_579,45,28,0.375822,0.662910,0.037323,0.212602
train_579,46,29,0.313828,0.659068,0.101847,0.215164
train_579,47,30,0.280934,0.634093,0.075278,0.190830
train_579,48,31,0.222103,0.607838,0.077809,0.140881
train_58,11,0,0.486856,0.391890,0.037644,0.259740
train_58,12,1,0.463329,0.392581,0.033252,0.247306
train_58,13,2,0.432273,0.379456,0.036389,0.265267
train_58,14,3,0.419725,0.389127,0.041408,0.240398
train_58,15,4,0.398394,0.387745,0.043917,0.248687
train_58,16,5,0.364828,0.391890,0.047054,0.265267
train_58,17,6,0.327185,0.393272,0.043290,0.243161
train_58,18,7,0.301148,0.329027,0.051446,0.128489
train_58,21,8,0.523245,0.392581,0.037644,0.269411
train_58,22,9,0.554614,0.410542,0.025096,0.227964
train_58,23,10,0.584102,0.390508,0.031370,0.276319
train_58,24,11,0.604806,0.400180,0.037644,0.273556
train_58,25,12,0.628647,0.393962,0.035134,0.277701
train_58,26,13,0.664722,0.420904,0.049564,0.248687
train_58,27,14,0.708953,0.423667,0.050191,0.226582
train_58,28,15,0.739381,0.364949,0.049564,0.134015
train_58,31,16,0.512579,0.667519,0.022586,0.214148
train_58,32,17,0.534538,0.674427,0.025096,0.208621
train_58,33,18,0.559320,0.694460,0.033252,0.265267
train_58,34,19,0.586611,0.686861,0.032624,0.239016
train_58,35,20,0.612648,0.690315,0.042035,0.248687
train_58,36,21,0.656566,0.686861,0.077169,0.230727
train_58,37,22,0.708639,0.663374,0.093481,0.219674
train_58,38,23,0.758831,0.631597,0.075914,0.145068
train_58,41,24,0.493130,0.664065,0.031370,0.210003
train_58,42,25,0.471485,0.670973,0.033252,0.237635
train_58,43,26,0.445762,0.668209,0.028233,0.254214
train_58,44,27,0.424431,0.666828,0.034507,0.262503
train_58,45,28,0.400276,0.664065,0.042663,0.245924
train_58,46,29,0.358554,0.671663,0.075914,0.244543
train_58,47,30,0.318401,0.634360,0.083443,0.211384
train_580,11,0,0.496880,0.477569,0.043126,0.216965
train_580,12,1,0.456966,0.467945,0.038538,0.218715
train_580,13,2,0.426228,0.455697,0.032115,0.246711
train_580,15,4,0.363833,0.472319,0.043126,0.220465
train_580,16,5,0.305568,0.462696,0.073405,0.204717
train_580,17,6,0.268406,0.448698,0.044961,0.194219
train_580,21,8,0.537712,0.471445,0.038538,0.218715
train_580,22,9,0.571203,0.468820,0.039455,0.220465
train_580,23,10,0.605153,0.453947,0.043126,0.218715
train_580,25,12,0.684522,0.450448,0.049549,0.222214
train_580,27,14,0.755634,0.444324,0.054136,0.220465
train_580,31,16,0.538630,0.698033,0.027527,0.185470
train_580,32,17,0.569827,0.709406,0.040373,0.222214
train_580,33,18,0.604694,0.705032,0.045878,0.241461
train_580,34,19,0.640479,0.699783,0.038538,0.230963
train_580,35,20,0.678100,0.693659,0.056889,0.225714
train_580,37,22,0.795089,0.635043,0.114696,0.150476
train_580,41,24,0.511103,0.699783,0.029362,0.181971
train_580,42,25,0.480364,0.700658,0.033950,0.190719
train_580,43,26,0.445038,0.698908,0.047713,0.201218
train_580,44,27,0.410629,0.698908,0.044961,0.194219
train_580,45,28,0.376679,0.689285,0.044961,0.181971
train_581,11,0,0.484927,0.356161,0.044421,0.356193
train_581,12,1,0.460495,0.356953,0.039979,0.335613
train_581,13,2,0.425699,0.358536,0.038498,0.345111
train_581,14,3,0.399417,0.363285,0.036277,0.313450
train_581,15,4,0.369433,0.356161,0.037017,0.330864
train_581,16,5,0.333526,0.358536,0.058487,0.326114
train_581,17,6,0.292437,0.364868,0.042940,0.297619
train_581,18,7,0.252088,0.379116,0.051084,0.246960
train_581,21,8,0.527039,0.381615,0.050692,0.289424
train_581,22,9,0.558395,0.367647,0.052782,0.319596
train_581,23,10,0.585047,0.363736,0.053828,0.345298
train_581,24,11,0.616142,0.365412,0.052260,0.319596
train_581,25,12,0.647498,0.366530,0.045989,0.333006
train_581,26,13,0.681205,0.372676,0.058008,0.305069
train_581,27,14,0.728239,0.388320,0.056963,0.296129
train_581,28,15,0.761947,0.405641,0.040763,0.234668
train_581,31,16,0.511332,0.677324,0.029394,0.285189
train_581,32,17,0.532830,0.682014,0.027640,0.315209
train_581,33,18,0.558261,0.680810,0.034096,0.308059
train_581,34,19,0.588995,0.665920,0.047542,0.276226
train_581,35,20,0.618769,0.661300,0.057147,0.271092
train_581,36,21,0.655746,0.645897,0.071553,0.250555
train_581,37,22,0.710972,0.629467,0.066751,0.227964
train_581,38,23,0.763077,0.610470,0.074915,0.185862
train_581,41,24,0.493125,0.668881,0.028078,0.270179
train_581,42,25,0.472066,0.678262,0.026323,0.296446
train_581,43,26,0.443111,0.667943,0.035975,0.298323
train_581,44,27,0.420736,0.666535,0.042117,0.271117
train_581,45,28,0.394193,0.649180,0.065370,0.253293
train_581,46,29,0.360850,0.634639,0.087306,0.254231
train_581,47,30,0.310178,0.635108,0.078093,0.249540
train_581,48,31,0.251169,0.583512,0.093448,0.185748
train_582,11,0,0.481400,0.409339,0.028111,0.313122
train_582,12,1,0.458853,0.421785,0.021669,0.277749
train_582,13,2,0.438941,0.425060,0.026354,0.281679
train_582,14,3,0.421079,0.415234,0.030454,0.269888
train_582,15,4,0.396774,0.401478,0.041581,0.268578
train_582,16,5,0.375984,0.419165,0.043338,0.267268
train_582,17,6,0.341431,0.405408,0.046852,0.268578
train_582,18,7,0.306292,0.376585,0.048023,0.247616
train_582,21,8,0.505704,0.436851,0.032210,0.250236
train_582,22,9,0.530887,0.432266,0.027525,0.248926
train_582,23,10,0.554020,0.432921,0.026940,0.237134
train_582,24,11,0.572175,0.413924,0.032796,0.248926
train_582,25,12,0.591208,0.411304,0.034553,0.238445
train_582,26,13,0.618148,0.427025,0.046266,0.251546
train_582,27,14,0.653287,0.421130,0.047437,0.255476
train_582,28,15,0.677884,0.390997,0.065007,0.237134
train_582,31,16,0.506583,0.723116,0.019912,0.256787
train_582,32,17,0.524738,0.723116,0.022254,0.267268
train_582,33,18,0.549920,0.727701,0.029282,0.281679
train_582,34,19,0.575982,0.716565,0.046266,0.285609
train_582,35,20,0.598529,0.700844,0.052708,0.269888
train_582,38,23,0.710973,0.608479,0.094874,0.174248
train_582,41,24,0.489892,0.717220,0.018155,0.237134
train_582,42,25,0.475543,0.727701,0.024597,0.265957
train_582,43,26,0.454753,0.723116,0.031039,0.285609
train_582,44,27,0.431620,0.712635,0.026940,0.262027
train_582,45,28,0.409658,0.698879,0.027525,0.250236
train_582,48,31,0.292530,0.609134,0.087261,0.214862
train_583,11,0,0.497617,0.524342,0.035836,0.201315
train_583,12,1,0.467108,0.518802,0.034868,0.190233
train_583,13,2,0.436599,0.514184,0.026151,0.192080
train_583,14,3,0.409480,0.512337,0.022276,0.169917
train_583,15,4,0.377518,0.516031,0.028088,0.173611
train_583,16,5,0.339745,0.510491,0.039710,0.180999
train_583,17,6,0.298098,0.510491,0.037773,0.188387
train_583,18,7,0.268557,0.479093,0.046490,0.158836
train_583,21,8,0.535391,0.510491,0.035836,0.188387
train_583,22,9,0.563478,0.510491,0.028088,0.173611
train_583,23,10,0.596893,0.506797,0.032930,0.192080
train_583,24,11,0.628371,0.500332,0.028088,0.208703
train_583,25,12,0.658880,0.509567,0.027119,0.205009
train_583,26,13,0.695200,0.504026,0.039710,0.186540
train_583,27,14,0.735879,0.492945,0.041647,0.193927
train_583,28,15,0.765903,0.481863,0.039710,0.179152
train_583,31,16,0.542170,0.736739,0.028088,0.190233
train_583,32,17,0.565900,0.735816,0.030993,0.188387
train_583,33,18,0.600283,0.740433,0.045521,0.208703
train_583,34,19,0.633213,0.730275,0.039710,0.192080
train_583,35,20,0.668081,0.727504,0.045521,0.197621
train_583,36,21,0.714571,0.716423,0.078452,0.182846
train_583,37,22,0.754281,0.686872,0.059081,0.160683
train_583,38,23,0.803192,0.650857,0.050364,0.132979
train_583,41,24,0.517472,0.727504,0.029056,0.179152
train_583,42,25,0.489385,0.734892,0.032930,0.190233
train_583,43,26,0.457907,0.738586,0.041647,0.193927
train_583,44,27,0.423524,0.733045,0.040679,0.197621
train_583,45,28,0.391078,0.732122,0.047459,0.192080
train_583,46,29,0.351368,0.721040,0.072641,0.180999
train_583,47,30,0.299066,0.694260,0.049396,0.153295
train_583,48,31,0.249671,0.658245,0.068766,0.136673
train_584,11,0,0.482895,0.378912,0.032130,0.263561
train_584,12,1,0.454388,0.381651,0.028665,0.258085
train_584,13,2,0.428512,0.356812,0.030784,0.290736
train_584,14,3,0.410839,0.372919,0.037245,0.279999
train_584,15,4,0.386326,0.369202,0.034585,0.284128
train_584,16,5,0.348075,0.381651,0.057330,0.237548
train_584,17,6,0.304290,0.367617,0.047880,0.258769
train_584,18,7,0.265388,0.350502,0.060165,0.258769
train_584,21,8,0.514553,0.375832,0.033075,0.266984
train_584,22,9,0.540226,0.383020,0.027720,0.263561
train_584,23,10,0.563693,0.376516,0.029925,0.251924
train_584,24,11,0.584956,0.376174,0.034650,0.247132
train_584,25,12,0.612991,0.378912,0.034650,0.247132
train_584,26,13,0.651263,0.387470,0.054495,0.247816
train_584,27,14,0.691741,0.365221,0.048510,0.274515
train_584,28,15,0.732533,0.355295,0.046305,0.266984
train_584,31,16,0.507938,0.647266,0.022365,0.222487
train_584,32,17,0.528256,0.650346,0.024570,0.235494
train_584,33,18,0.546683,0.650346,0.029295,0.236863
train_584,34,19,0.572828,0.665407,0.030555,0.276568
train_584,35,20,0.605273,0.662326,0.043785,0.260823
train_584,37,22,0.698513,0.645554,0.109305,0.298475
train_584,38,23,0.752221,0.601742,0.107730,0.264246
train_584,41,24,0.489983,0.654454,0.029295,0.234125
train_584,42,25,0.470925,0.655823,0.037800,0.231386
train_584,43,26,0.450765,0.666434,0.045990,0.258085
train_584,43,26,0.423037,0.671655,0.033385,0.257157
train_584,45,28,0.396567,0.668006,0.040496,0.255869
train_584,46,29,0.350045,0.655771,0.075461,0.251146
train_584,47,30,0.294437,0.632588,0.093833,0.263167
train_584,48,31,0.250089,0.586223,0.094820,0.239984
train_585,11,0,0.485402,0.490664,0.029294,0.178029
train_585,12,1,0.464896,0.474381,0.035153,0.227964
train_585,13,2,0.448784,0.466782,0.034176,0.208424
train_585,14,3,0.422420,0.464611,0.034176,0.238819
train_585,15,4,0.395079,0.462440,0.043941,0.212766
train_585,16,5,0.382385,0.452670,0.040035,0.227964
train_585,17,6,0.356996,0.451585,0.047847,0.212766
train_585,18,7,0.314520,0.457013,0.054682,0.184542
train_585,21,8,0.506396,0.476552,0.030270,0.188884
train_585,22,9,0.531296,0.480894,0.027341,0.206253
train_585,23,10,0.556684,0.481980,0.031247,0.199739
train_585,24,11,0.579143,0.476552,0.023435,0.184542
train_585,25,12,0.598672,0.457013,0.025388,0.214937
train_585,26,13,0.622595,0.470039,0.040035,0.206253
train_585,27,14,0.657748,0.464611,0.034176,0.204082
train_585,28,15,0.693878,0.439644,0.043941,0.193226
train_585,31,16,0.512255,0.692575,0.020506,0.195397
train_585,32,17,0.536178,0.705601,0.021482,0.225792
train_585,33,18,0.558149,0.700174,0.026365,0.201911
train_585,34,19,0.581096,0.687147,0.029294,0.214937
train_585,35,20,0.613807,0.675206,0.057612,0.191055
train_585,36,21,0.663607,0.658923,0.055659,0.175858
train_585,37,22,0.706083,0.624186,0.052729,0.180200
train_585,41,24,0.497119,0.673035,0.021482,0.165002
train_585,42,25,0.481008,0.694746,0.012694,0.186713
train_585,43,26,0.464408,0.709944,0.030270,0.221450
train_585,44,27,0.437067,0.702345,0.024412,0.210595
train_585,45,28,0.403379,0.692575,0.039059,0.199739
train_585,46,29,0.372620,0.669779,0.055659,0.193226
train_585,47,30,0.332096,0.655667,0.044917,0.195397
train_585,48,31,0.294502,0.625271,0.055659,0.178029
train_586,11,0,0.470934,0.424118,0.036210,0.296883
train_586,12,1,0.440420,0.415282,0.038651,0.316321
train_586,13,2,0.424146,0.426327,0.033769,0.317205
train_586,14,3,0.404414,0.427653,0.045568,0.303951
train_586,15,4,0.382240,0.443115,0.044347,0.292465
train_586,16,5,0.348674,0.451067,0.058587,0.278328
train_586,17,6,0.306972,0.450626,0.054112,0.286280
train_586,18,7,0.275034,0.436488,0.063469,0.250937
train_586,21,8,0.508772,0.421467,0.041906,0.296883
train_586,22,9,0.539693,0.418375,0.031328,0.297766
train_586,23,10,0.571427,0.399378,0.035396,0.351665
train_586,24,11,0.601738,0.421467,0.054519,0.307486
train_586,25,12,0.628387,0.437814,0.063876,0.308369
train_586,26,13,0.665004,0.454160,0.066317,0.286280
train_586,27,14,0.709555,0.451509,0.048009,0.288047
train_586,28,15,0.751461,0.443557,0.057773,0.280978
train_586,31,16,0.510399,0.716141,0.022377,0.278328
train_586,32,17,0.534200,0.717025,0.029294,0.276560
train_586,33,18,0.561256,0.728953,0.029700,0.302184
train_586,34,19,0.585667,0.730279,0.040279,0.288931
train_586,36,21,0.651578,0.731604,0.087474,0.252704
train_586,37,22,0.697552,0.715699,0.077709,0.252704
train_586,38,23,0.740882,0.708631,0.048823,0.229731
train_586,41,24,0.491684,0.701120,0.026446,0.244752
train_586,42,25,0.472155,0.717025,0.033769,0.281862
train_586,43,26,0.449981,0.731604,0.030921,0.300417
train_586,44,27,0.429028,0.738231,0.031328,0.304835
train_586,46,29,0.370034,0.728511,0.085033,0.258889
train_586,47,30,0.324670,0.724093,0.083812,0.265957
train_586,48,31,0.283578,0.704213,0.055332,0.210292
train_587,13,2,0.441647,0.427308,0.036470,0.262503
train_587,14,3,0.417186,0.444085,0.042697,0.213161
train_587,21,8,0.528820,0.452966,0.034691,0.219082
train_587,22,9,0.558175,0.451980,0.034691,0.213161
train_587,23,10,0.583526,0.443098,0.039139,0.242766
train_587,24,11,0.602206,0.436190,0.048034,0.240793
train_587,26,13,0.671589,0.477638,0.065825,0.217108
train_587,27,14,0.706280,0.501322,0.044476,0.228950
train_587,31,16,0.519481,0.700667,0.028465,0.236845
train_587,32,17,0.545277,0.694746,0.028465,0.225003
train_587,33,18,0.571518,0.716457,0.031133,0.272372
train_587,34,19,0.597758,0.700667,0.033802,0.225003
train_587,35,20,0.626668,0.705601,0.032912,0.223029
train_587,41,24,0.498132,0.706588,0.032023,0.240793
train_587,42,25,0.474560,0.699680,0.041808,0.250661
train_587,43,26,0.448764,0.708562,0.036470,0.252635
train_587,44,27,0.413183,0.696720,0.032912,0.205266
train_587,45,28,0.370930,0.702641,0.039139,0.217108
train_588,11,0,0.482315,0.459184,0.039409,0.258359
train_588,12,1,0.453744,0.450499,0.037438,0.267043
train_588,13,2,0.424187,0.460269,0.035468,0.247503
train_588,14,3,0.403005,0.467868,0.036453,0.258359
train_588,15,4,0.375419,0.489579,0.040394,0.193226
train_588,16,5,0.341921,0.490664,0.048276,0.208424
train_588,17,6,0.297586,0.491750,0.044335,0.214937
train_588,18,7,0.273448,0.439644,0.043350,0.167173
train_588,21,8,0.523202,0.460269,0.042365,0.225792
train_588,22,9,0.552266,0.465697,0.039409,0.223621
train_588,23,10,0.580345,0.457013,0.042365,0.249674
train_588,24,11,0.607438,0.466782,0.035468,0.243161
train_588,25,12,0.638473,0.470039,0.044335,0.240990
train_588,26,13,0.670000,0.479809,0.040394,0.251845
train_588,27,14,0.708424,0.474381,0.044335,0.271385
train_588,28,15,0.729113,0.434216,0.042365,0.182371
train_588,31,16,0.508916,0.689318,0.021675,0.201911
train_588,32,17,0.531084,0.694746,0.020690,0.225792
train_588,33,18,0.552759,0.708858,0.024631,0.210595
train_588,34,19,0.582808,0.716457,0.023645,0.225792
train_588,35,20,0.612365,0.730569,0.031527,0.223621
train_588,36,21,0.654236,0.726227,0.050246,0.206253
train_588,37,22,0.705961,0.713200,0.053202,0.180200
train_588,38,23,0.752759,0.703430,0.060099,0.169344
train_588,41,24,0.488227,0.716457,0.021675,0.199739
train_588,42,25,0.460640,0.705601,0.025616,0.204082
train_588,43,26,0.443892,0.715371,0.019704,0.210595
train_588,44,27,0.420739,0.754451,0.024631,0.275727
train_588,45,28,0.395123,0.742510,0.026601,0.256188
train_588,46,29,0.360148,0.742510,0.059113,0.217108
train_588,47,30,0.304975,0.718628,0.063054,0.182371
train_588,48,31,0.257192,0.725141,0.079803,0.160660
train_589,11,0,0.472925,0.440061,0.030364,0.217725
train_589,12,1,0.448570,0.438140,0.025936,0.213883
train_589,13,2,0.424848,0.429816,0.036690,0.243340
train_589,14,3,0.399545,0.449667,0.034160,0.213883
train_589,15,4,0.372659,0.447746,0.034793,0.210041
train_589,16,5,0.339132,0.443263,0.044914,0.229252
train_589,17,6,0.301809,0.431737,0.048710,0.211322
train_589,21,8,0.500443,0.440061,0.028467,0.215164
train_589,22,9,0.523216,0.444544,0.028467,0.201076
train_589,23,10,0.548520,0.424052,0.024671,0.229252
train_589,24,11,0.570028,0.417008,0.030997,0.220287
train_589,27,14,0.652897,0.425973,0.039853,0.181865
train_589,28,15,0.688006,0.404201,0.034160,0.202357
train_589,31,16,0.516890,0.650102,0.038588,0.153689
train_589,32,17,0.530175,0.644339,0.037323,0.167777
train_589,33,18,0.551683,0.659068,0.033527,0.210041
train_589,34,19,0.576670,0.647541,0.035425,0.186988
train_589,35,20,0.605769,0.649462,0.045547,0.208760
train_589,41,24,0.494749,0.655225,0.033527,0.158811
train_589,42,25,0.477353,0.666112,0.034160,0.178023
train_589,43,26,0.454264,0.663550,0.043649,0.195953
train_589,44,27,0.427379,0.674436,0.037955,0.210041
train_589,45,28,0.394800,0.689805,0.041118,0.220287
train_59,11,0,0.484778,0.490077,0.032472,0.245843
train_59,12,1,0.459686,0.464375,0.029520,0.252548
train_59,13,2,0.440006,0.458788,0.031488,0.263723
train_59,14,3,0.417503,0.453046,0.026486,0.258042
train_59,15,4,0.396942,0.451463,0.031365,0.245377
train_59,16,5,0.375335,0.435632,0.043911,0.226380
train_59,17,6,0.345364,0.415843,0.064821,0.186803
train_59,18,7,0.334212,0.339856,0.064821,0.117148
train_59,21,8,0.514386,0.483916,0.030668,0.243794
train_59,22,9,0.535645,0.484707,0.021607,0.251710
train_59,23,10,0.558646,0.473626,0.027183,0.258042
train_59,24,11,0.576071,0.471251,0.027183,0.231130
train_59,25,12,0.596284,0.452254,0.034153,0.250127
train_59,26,13,0.627300,0.445130,0.046002,0.207383
train_59,27,14,0.655180,0.422967,0.052972,0.191553
train_59,28,15,0.671211,0.327191,0.054366,0.107649
train_59,31,16,0.513689,0.729293,0.020910,0.174139
train_59,32,17,0.530766,0.730085,0.024395,0.178888
train_59,33,18,0.554812,0.731668,0.027880,0.191553
train_59,34,19,0.578162,0.726127,0.027183,0.224797
train_59,35,20,0.609178,0.712671,0.052972,0.235879
train_59,36,21,0.640543,0.665970,0.076670,0.205800
train_59,37,22,0.683409,0.607396,0.095489,0.161474
train_59,38,23,0.725577,0.565445,0.054366,0.118731
train_59,41,24,0.491734,0.737209,0.023001,0.183637
train_59,42,25,0.470824,0.738792,0.021607,0.189970
train_59,43,26,0.448520,0.740375,0.023001,0.234296
train_59,44,27,0.427958,0.718212,0.025092,0.205800
train_59,45,28,0.404957,0.705547,0.029274,0.212133
train_59,46,29,0.358258,0.684967,0.083640,0.199468
train_59,47,30,0.324105,0.608979,0.073882,0.177305
train_59,48,31,0.284725,0.571777,0.056457,0.131396
train_590,11,0,0.478768,0.447310,0.034112,0.255382
train_590,12,1,0.452926,0.455144,0.025153,0.228747
train_590,13,2,0.434664,0.464544,0.032044,0.231880
train_590,14,3,0.419331,0.451227,0.043415,0.228747
train_590,16,5,0.374021,0.440651,0.049961,0.229530
train_590,17,6,0.325955,0.450443,0.053752,0.249115
train_590,21,8,0.513741,0.456710,0.037213,0.249115
train_590,22,9,0.540789,0.450443,0.030666,0.239714
train_590,23,10,0.562841,0.449660,0.036868,0.249115
train_590,24,11,0.584721,0.445743,0.035145,0.236581
train_590,25,12,0.601949,0.438693,0.040658,0.224047
train_590,27,14,0.663453,0.431642,0.050651,0.216213
train_590,31,16,0.503404,0.708175,0.019295,0.188011
train_590,32,17,0.522011,0.709350,0.020674,0.224830
train_590,33,18,0.545096,0.724626,0.029632,0.258515
train_590,34,19,0.567493,0.729327,0.037213,0.258515
train_590,35,20,0.588339,0.732068,0.037557,0.235797
train_590,36,21,0.630375,0.710917,0.075459,0.251465
train_590,37,22,0.672067,0.675665,0.098200,0.238931
train_590,41,24,0.487727,0.727368,0.023086,0.243631
train_590,42,25,0.471015,0.735594,0.028254,0.297684
train_590,43,26,0.447758,0.724626,0.023775,0.264782
train_590,44,27,0.426739,0.726585,0.032044,0.259299
train_590,45,28,0.395212,0.717968,0.051684,0.213863
train_590,46,29,0.357310,0.692899,0.086829,0.221696
train_591,11,0,0.489098,0.416413,0.030091,0.258359
train_591,12,1,0.464064,0.404690,0.026884,0.243595
train_591,13,2,0.435453,0.406264,0.031324,0.248046
train_591,14,3,0.409432,0.393508,0.030091,0.240990
train_591,15,4,0.387604,0.385638,0.033297,0.225250
train_591,16,5,0.355540,0.374512,0.050562,0.209509
train_591,17,6,0.312870,0.334618,0.045136,0.241533
train_591,18,7,0.284629,0.309379,0.053769,0.214937
train_591,21,8,0.519682,0.413157,0.030091,0.254017
train_591,22,9,0.549773,0.410443,0.031077,0.239904
train_591,23,10,0.578631,0.406101,0.031571,0.229049
train_591,24,11,0.596389,0.393617,0.033544,0.238819
train_591,25,12,0.623767,0.377877,0.033051,0.220365
train_591,26,13,0.654104,0.358337,0.044396,0.222536
train_591,28,15,0.716506,0.310030,0.042916,0.201911
train_591,31,16,0.520178,0.659815,0.018804,0.185079
train_591,32,17,0.544110,0.673358,0.029744,0.240754
train_591,33,18,0.566674,0.669972,0.028376,0.238496
train_591,34,19,0.597102,0.652668,0.032479,0.218935
train_591,35,20,0.625308,0.646273,0.041026,0.212164
train_591,37,22,0.693343,0.589470,0.086839,0.212916
train_591,38,23,0.735737,0.543953,0.095728,0.225706
train_591,41,24,0.498639,0.679376,0.022906,0.230221
train_591,42,25,0.475733,0.669220,0.029060,0.224954
train_591,43,26,0.450263,0.676367,0.040342,0.249782
train_591,44,27,0.418125,0.669596,0.047864,0.243763
train_591,45,28,0.391800,0.664329,0.042394,0.239249
train_591,47,30,0.319833,0.603389,0.093335,0.210659
train_591,48,31,0.282568,0.542824,0.077608,0.191850
train_592,11,0,0.481039,0.451413,0.034941,0.219688
train_592,12,1,0.455266,0.448780,0.026292,0.212916
train_592,13,2,0.429320,0.434861,0.031135,0.230221
train_592,14,3,0.405968,0.426961,0.030097,0.215926
train_592,15,4,0.383136,0.408905,0.030097,0.215926
train_592,16,5,0.354249,0.407776,0.040130,0.195612
train_592,17,6,0.318098,0.376930,0.044627,0.216678
train_592,18,7,0.290595,0.358121,0.062270,0.194108
train_592,21,8,0.513904,0.445394,0.032865,0.216678
train_592,22,9,0.539504,0.447275,0.023178,0.226459
train_592,23,10,0.561644,0.436742,0.030097,0.227964
train_592,26,13,0.636542,0.407400,0.055351,0.206898
train_592,27,14,0.672520,0.382949,0.067114,0.201631
train_592,28,15,0.705212,0.343074,0.072303,0.192603
train_592,31,16,0.510271,0.640630,0.026292,0.169280
train_592,32,17,0.528779,0.652668,0.025946,0.191850
train_592,33,18,0.556109,0.668091,0.032865,0.251287
train_592,34,19,0.586379,0.659815,0.051892,0.263324
train_592,35,20,0.611461,0.650787,0.050162,0.252791
train_592,36,21,0.650725,0.614298,0.078184,0.226459
train_592,37,22,0.695180,0.577432,0.090292,0.227964
train_592,38,23,0.736693,0.517244,0.068151,0.188841
train_592,41,24,0.486574,0.647401,0.024562,0.187336
train_592,42,25,0.460628,0.655677,0.028022,0.205393
train_592,43,26,0.431914,0.673734,0.040476,0.250534
train_592,44,27,0.406660,0.663953,0.041860,0.252039
train_592,45,28,0.384174,0.644392,0.044627,0.249029
train_592,46,29,0.346120,0.618060,0.071611,0.215926
train_592,47,30,0.302530,0.585332,0.080606,0.218183
train_592,48,31,0.263957,0.534172,0.077492,0.192603
train_593,11,0,0.482152,0.339873,0.029533,0.312241
train_593,12,1,0.459361,0.348162,0.027607,0.270793
train_593,13,2,0.433359,0.334347,0.032101,0.287372
train_593,14,3,0.407357,0.346781,0.026323,0.273556
train_593,16,5,0.361775,0.344708,0.050719,0.255595
train_593,17,6,0.320686,0.330893,0.049435,0.236253
train_593,18,7,0.285375,0.306024,0.052003,0.214148
train_593,21,8,0.515216,0.326748,0.039163,0.319149
train_593,22,9,0.543785,0.357834,0.029533,0.245924
train_593,23,10,0.574602,0.348853,0.030817,0.274938
train_593,24,11,0.597393,0.357834,0.036595,0.243161
train_593,25,12,0.624358,0.344708,0.039163,0.230727
train_593,27,14,0.692411,0.312241,0.046867,0.240398
train_593,31,16,0.508796,0.633462,0.031459,0.258359
train_593,32,17,0.525167,0.627245,0.029533,0.259740
train_593,33,18,0.555021,0.638298,0.036595,0.295662
train_593,34,19,0.578133,0.612738,0.031459,0.244543
train_593,35,20,0.607345,0.615502,0.042373,0.255595
train_593,36,21,0.650360,0.609284,0.068053,0.256977
train_593,37,22,0.690485,0.563692,0.080252,0.237635
train_593,38,23,0.732858,0.513263,0.078968,0.225200
train_593,41,24,0.489214,0.625173,0.030817,0.244543
train_593,42,25,0.473485,0.628627,0.036595,0.254214
train_593,43,26,0.451014,0.659713,0.040447,0.310859
train_593,44,27,0.426939,0.638298,0.032101,0.265267
train_593,45,28,0.406394,0.632771,0.037237,0.273556
train_593,46,29,0.369479,0.626554,0.068695,0.263885
train_593,47,30,0.316513,0.598922,0.075758,0.183752
train_593,48,31,0.281523,0.520171,0.096944,0.211384
train_594,11,0,0.484532,0.377257,0.029500,0.245843
train_594,12,1,0.469290,0.372787,0.024584,0.241373
train_594,13,2,0.455523,0.386197,0.022617,0.263723
train_594,14,3,0.439790,0.370552,0.034417,0.259253
train_594,15,4,0.418648,0.359378,0.037367,0.250313
train_594,16,5,0.393573,0.344851,0.046217,0.230198
train_594,17,6,0.357681,0.328089,0.051134,0.219024
train_594,21,8,0.511082,0.364965,0.033434,0.279367
train_594,22,9,0.534682,0.362730,0.021634,0.261488
train_594,23,10,0.552383,0.368318,0.027534,0.263723
train_594,24,11,0.572541,0.373905,0.032450,0.234668
train_594,25,12,0.589750,0.370552,0.029500,0.232433
train_594,26,13,0.608925,0.344851,0.040317,0.221259
train_594,27,14,0.640392,0.342616,0.048184,0.212319
train_594,28,15,0.669400,0.303504,0.055067,0.223494
train_594,31,16,0.522391,0.682326,0.032450,0.243608
train_594,32,17,0.542058,0.683444,0.034417,0.236903
train_594,33,18,0.563199,0.678974,0.035400,0.268192
train_594,34,19,0.586308,0.673386,0.042284,0.274897
train_594,35,20,0.598600,0.639862,0.043267,0.261488
train_594,37,22,0.652684,0.571697,0.086534,0.219024
train_594,38,23,0.696442,0.515823,0.093418,0.187735
train_594,41,24,0.505674,0.683444,0.034417,0.236903
train_594,42,25,0.484040,0.682326,0.036384,0.252548
train_594,43,26,0.467324,0.677856,0.030484,0.274897
train_594,44,27,0.448148,0.670034,0.029500,0.268192
train_594,45,28,0.430940,0.648802,0.056051,0.257018
train_594,46,29,0.389148,0.610808,0.104234,0.243608
train_594,47,30,0.342439,0.540408,0.105218,0.192205
train_595,11,0,0.477891,0.422577,0.031368,0.357143
train_595,12,1,0.455593,0.427221,0.023054,0.307329
train_595,13,2,0.438020,0.390493,0.029478,0.374029
train_595,14,3,0.423469,0.423421,0.035147,0.303107
train_595,15,4,0.404195,0.420888,0.035903,0.282844
train_595,16,5,0.376228,0.404424,0.050265,0.297197
train_595,17,6,0.346561,0.403158,0.053666,0.223742
train_595,18,7,0.332766,0.308595,0.053288,0.149443
train_595,21,8,0.505102,0.412023,0.026077,0.357987
train_595,22,9,0.524943,0.445795,0.028723,0.246538
train_595,23,10,0.544218,0.414978,0.033258,0.289598
train_595,24,11,0.560091,0.385849,0.037793,0.314083
train_595,25,12,0.578798,0.401047,0.035903,0.276933
train_595,26,13,0.606009,0.383316,0.053288,0.293820
train_595,27,14,0.641345,0.359676,0.055933,0.258359
train_595,28,15,0.645692,0.292553,0.068405,0.134245
train_595,31,16,0.497543,0.724417,0.026833,0.234718
train_595,32,17,0.519652,0.730750,0.034769,0.247383
train_595,33,18,0.540438,0.727795,0.037037,0.249916
train_595,34,19,0.564059,0.716396,0.049509,0.242317
train_595,35,20,0.592026,0.692334,0.069917,0.226275
train_595,36,21,0.627551,0.653495,0.102419,0.239784
train_595,37,22,0.667989,0.601570,0.099395,0.220365
train_595,38,23,0.705026,0.551756,0.055556,0.122425
train_595,41,24,0.478080,0.746792,0.030990,0.269335
train_595,42,25,0.456160,0.742570,0.043084,0.264269
train_595,43,26,0.442744,0.725684,0.032124,0.232185
train_595,44,27,0.420068,0.713019,0.029856,0.216988
train_595,45,28,0.393424,0.708376,0.050642,0.236407
train_595,46,29,0.357143,0.683046,0.082389,0.233029
train_595,47,30,0.315382,0.634498,0.085034,0.228808
train_595,48,31,0.280423,0.588061,0.053666,0.124113
train_596,11,0,0.488937,0.403590,0.043743,0.293762
train_596,12,1,0.456923,0.411448,0.031698,0.249033
train_596,13,2,0.425859,0.396941,0.041841,0.280464
train_596,14,3,0.395746,0.415075,0.038671,0.236944
train_596,15,4,0.364365,0.424142,0.035501,0.209139
train_596,16,5,0.323792,0.432000,0.054520,0.193424
train_596,17,6,0.276246,0.426559,0.048181,0.199468
train_596,21,8,0.531412,0.436835,0.043743,0.232108
train_596,22,9,0.565329,0.424746,0.040573,0.220019
train_596,23,10,0.598295,0.398150,0.049448,0.249033
train_596,24,11,0.625872,0.409635,0.057690,0.238153
train_596,25,12,0.654717,0.399964,0.039305,0.223646
train_596,26,13,0.701312,0.421119,0.060226,0.195841
train_596,27,14,0.746957,0.414471,0.053886,0.213975
train_596,28,15,0.789432,0.418702,0.047547,0.183752
train_596,31,16,0.527926,0.682846,0.029162,0.165619
train_596,32,17,0.556137,0.685264,0.036135,0.211557
train_596,33,18,0.597344,0.702188,0.052618,0.272002
train_596,34,19,0.643622,0.688890,0.045011,0.233317
train_596,35,20,0.681343,0.680428,0.050716,0.221228
train_596,36,21,0.734912,0.687077,0.100799,0.236944
train_596,37,22,0.797673,0.642348,0.094459,0.188588
train_596,41,24,0.492424,0.679219,0.032966,0.168037
train_596,42,25,0.458508,0.696748,0.043743,0.212766
train_596,43,26,0.421421,0.705210,0.048181,0.241779
train_596,44,27,0.390675,0.696748,0.039939,0.224855
train_596,45,28,0.347883,0.704606,0.057056,0.235735
train_596,46,29,0.304140,0.689495,0.083682,0.232108
train_596,47,30,0.254374,0.652623,0.076709,0.189797
train_596,48,31,0.203341,0.635094,0.057056,0.116054
train_597,11,0,0.488448,0.390723,0.037647,0.259443
train_597,12,1,0.465550,0.363007,0.033450,0.283302
train_597,13,2,0.437613,0.358051,0.039332,0.275043
train_597,15,4,0.394238,0.341119,0.034186,0.279173
train_597,16,5,0.363912,0.360942,0.047051,0.218052
train_597,17,6,0.322926,0.342358,0.049624,0.215574
train_597,18,7,0.287086,0.313450,0.058079,0.250264
train_597,21,8,0.528591,0.387373,0.035288,0.270913
train_597,22,9,0.559836,0.386134,0.030142,0.258524
train_597,23,10,0.576929,0.390264,0.026834,0.225486
train_597,24,11,0.587037,0.395219,0.024996,0.218878
train_597,25,12,0.605049,0.374571,0.037494,0.255220
train_597,26,13,0.628207,0.388199,0.044846,0.244483
train_597,27,14,0.666620,0.363007,0.050360,0.222182
train_597,28,15,0.705584,0.334512,0.048889,0.213096
train_597,31,16,0.517012,0.643832,0.028304,0.202359
train_597,32,17,0.537229,0.654569,0.029039,0.212270
train_597,33,18,0.557079,0.656634,0.026834,0.223008
train_597,34,19,0.577848,0.643006,0.033083,0.225486
train_597,35,20,0.601190,0.638876,0.040067,0.225486
train_597,37,22,0.683345,0.582711,0.092632,0.204011
train_597,38,23,0.723780,0.520352,0.077929,0.171799
train_597,41,24,0.494405,0.638876,0.024261,0.202359
train_597,42,25,0.473085,0.650439,0.024261,0.232093
train_597,43,26,0.448824,0.650026,0.028672,0.236223
train_597,44,27,0.428240,0.638876,0.033083,0.238701
train_597,45,28,0.404530,0.632681,0.044478,0.242831
train_597,46,29,0.366669,0.596339,0.084913,0.227964
train_597,47,30,0.318331,0.570735,0.096308,0.224660
train_597,48,31,0.273118,0.537284,0.086015,0.195751
train_598,11,0,0.485214,0.364587,0.036096,0.282241
train_598,12,1,0.459878,0.359159,0.036790,0.280690
train_598,13,2,0.431070,0.342876,0.041649,0.322561
train_598,14,3,0.407469,0.355282,0.041649,0.254327
train_598,15,4,0.380397,0.343651,0.038873,0.249674
train_598,16,5,0.344169,0.325988,0.057337,0.240990
train_598,17,6,0.299466,0.254342,0.059281,0.323491
train_598,21,8,0.516667,0.350955,0.036929,0.316978
train_598,22,9,0.547765,0.348784,0.034985,0.303951
train_598,23,10,0.580321,0.322731,0.035957,0.360399
train_598,24,11,0.605588,0.329244,0.035957,0.316978
train_598,25,12,0.630369,0.327073,0.036929,0.286583
train_598,26,13,0.662439,0.299935,0.062196,0.284412
train_598,27,14,0.705199,0.261941,0.060253,0.295267
train_598,31,16,0.514723,0.666848,0.025267,0.267043
train_598,32,17,0.537075,0.669019,0.027211,0.280069
train_598,33,18,0.565743,0.690729,0.037901,0.332175
train_598,34,19,0.595870,0.658163,0.043732,0.288754
train_598,35,20,0.621137,0.646222,0.057337,0.286583
train_598,36,21,0.660982,0.595202,0.080661,0.258359
train_598,37,22,0.705199,0.535497,0.087464,0.234477
train_598,41,24,0.494785,0.658561,0.027211,0.233029
train_598,42,25,0.471202,0.658561,0.026304,0.259372
train_598,43,26,0.444444,0.668693,0.031746,0.312057
train_598,44,27,0.414286,0.641844,0.031293,0.278622
train_598,45,28,0.384354,0.619554,0.042177,0.248227
train_598,47,30,0.303628,0.537994,0.102041,0.224924
train_599,11,0,0.498538,0.494565,0.027665,0.244707
train_599,12,1,0.479341,0.486193,0.031053,0.235691
train_599,13,2,0.461557,0.475246,0.029359,0.257586
train_599,14,3,0.446877,0.473314,0.035005,0.235691
train_599,15,4,0.429092,0.466230,0.040086,0.236979
train_599,16,5,0.405097,0.452707,0.047426,0.238267
train_599,17,6,0.370375,0.440472,0.051378,0.242131
train_599,18,7,0.343556,0.425661,0.045168,0.222812
train_599,21,8,0.524791,0.495853,0.031617,0.260162
train_599,22,9,0.545681,0.497785,0.023713,0.243419
train_599,23,10,0.562902,0.501005,0.026536,0.265313
train_599,24,11,0.580969,0.498429,0.029924,0.255010
train_599,25,12,0.599600,0.497785,0.028794,0.233115
train_599,26,13,0.623031,0.496497,0.041780,0.209933
train_599,27,14,0.656342,0.490057,0.044038,0.194477
train_599,31,16,0.512088,0.725104,0.023148,0.207357
train_599,32,17,0.530720,0.729612,0.022019,0.204781
train_599,33,18,0.547375,0.739594,0.028794,0.242775
train_599,34,19,0.572217,0.737984,0.028794,0.222812
train_599,35,20,0.598471,0.740559,0.038392,0.251146
train_599,36,21,0.638557,0.728968,0.082431,0.258874
train_599,37,22,0.682313,0.698702,0.093723,0.249858
train_599,38,23,0.715342,0.660064,0.069445,0.200917
train_599,41,24,0.495432,0.729612,0.019196,0.216372
train_599,42,25,0.476236,0.728324,0.022584,0.234403
train_599,43,26,0.457887,0.732188,0.029924,0.260162
train_599,44,27,0.434738,0.718021,0.036699,0.239555
train_599,45,28,0.409049,0.709005,0.042909,0.229251
train_599,46,29,0.369245,0.696126,0.094287,0.275617
train_599,47,30,0.318996,0.654268,0.113484,0.235691
train_599,48,31,0.297542,0.598243,0.072833,0.193189
train_6,11,0,0.495090,0.415949,0.051477,0.187859
train_6,12,1,0.471331,0.387454,0.061376,0.185748
train_6,13,2,0.437673,0.400118,0.037618,0.223742
train_6,14,3,0.411935,0.409617,0.037618,0.208967
train_6,15,4,0.386196,0.396952,0.039598,0.251182
train_6,16,5,0.349568,0.395897,0.045537,0.236407
train_6,21,8,0.537657,0.413838,0.059397,0.225853
train_6,22,9,0.563891,0.425447,0.054447,0.206856
train_6,24,11,0.607448,0.463441,0.042568,0.206856
train_6,25,12,0.632692,0.481383,0.037618,0.234296
train_6,31,16,0.518848,0.641802,0.025738,0.192080
train_6,32,17,0.536172,0.658688,0.028708,0.217410
train_6,33,18,0.562406,0.673463,0.031678,0.242739
train_6,34,19,0.588639,0.690350,0.022769,0.213188
train_6,35,20,0.613388,0.709347,0.024749,0.238517
train_6,36,21,0.650016,0.693516,0.052467,0.211077
train_6,37,22,0.701493,0.657633,0.058407,0.211077
train_6,41,24,0.494100,0.644968,0.025738,0.198413
train_6,43,26,0.460442,0.650245,0.035638,0.251182
train_6,44,27,0.433713,0.649189,0.047517,0.223742
train_6,45,28,0.410945,0.665020,0.049497,0.246960
train_6,46,29,0.356993,0.647079,0.082165,0.223742
train_60,11,0,0.480838,0.427350,0.029921,0.297167
train_60,12,1,0.455691,0.438884,0.026738,0.255102
train_60,13,2,0.428953,0.418530,0.034377,0.306665
train_60,14,3,0.407308,0.417852,0.043290,0.297167
train_60,15,4,0.376432,0.436170,0.046473,0.252388
train_60,16,5,0.338872,0.432099,0.051566,0.257816
train_60,17,6,0.300357,0.428029,0.056022,0.225250
train_60,18,7,0.275847,0.373073,0.063025,0.183185
train_60,21,8,0.512987,0.434135,0.035651,0.289025
train_60,22,9,0.539088,0.438206,0.026738,0.261887
train_60,23,10,0.565826,0.429386,0.034377,0.287668
train_60,24,11,0.584288,0.436170,0.033104,0.276813
train_60,25,12,0.609116,0.449739,0.030558,0.244247
train_60,27,14,0.649860,0.451096,0.061115,0.257816
train_60,28,15,0.689012,0.455846,0.041380,0.245604
train_60,31,16,0.505348,0.705520,0.022918,0.213037
train_60,32,17,0.525083,0.711626,0.028011,0.233391
train_60,33,18,0.549911,0.725195,0.028011,0.268671
train_60,34,19,0.576012,0.716375,0.031831,0.248317
train_60,35,20,0.602750,0.717054,0.039470,0.244247
train_60,37,22,0.653998,0.707555,0.088490,0.241533
train_60,38,23,0.702699,0.674989,0.077667,0.222536
train_60,41,24,0.484976,0.701449,0.028011,0.202182
train_60,42,25,0.465559,0.706877,0.023555,0.245604
train_60,43,26,0.442641,0.706877,0.031194,0.253745
train_60,44,27,0.416858,0.698735,0.038197,0.256459
train_60,45,28,0.390438,0.687201,0.049020,0.233391
train_60,46,29,0.343965,0.699414,0.083397,0.263244
train_60,47,30,0.292399,0.659384,0.084670,0.232034
train_60,48,31,0.243379,0.617320,0.074484,0.161474
train_600,11,0,0.479400,0.387369,0.039106,0.277215
train_600,12,1,0.455432,0.390183,0.051721,0.265957
train_600,13,2,0.422949,0.383851,0.037214,0.295508
train_600,14,3,0.404342,0.398627,0.041629,0.291287
train_600,15,4,0.373436,0.403552,0.046675,0.292694
train_600,16,5,0.345999,0.412698,0.048567,0.268772
train_600,17,6,0.298062,0.415513,0.056136,0.206856
train_600,21,8,0.513145,0.383851,0.035952,0.278622
train_600,22,9,0.538374,0.376112,0.040998,0.282844
train_600,23,10,0.568965,0.375408,0.044152,0.295508
train_600,24,11,0.596402,0.403552,0.039737,0.253293
train_600,25,12,0.621947,0.401441,0.037844,0.246257
train_600,27,14,0.704889,0.404255,0.054874,0.204041
train_600,31,16,0.512829,0.676545,0.027753,0.250478
train_600,32,17,0.538374,0.680063,0.029645,0.271586
train_600,33,18,0.561081,0.696949,0.032168,0.296915
train_600,34,19,0.587257,0.701171,0.027753,0.277215
train_600,35,20,0.615955,0.689913,0.043521,0.265957
train_600,36,21,0.654115,0.681470,0.075689,0.260329
train_600,37,22,0.700790,0.654030,0.080735,0.230778
train_600,41,24,0.492805,0.688687,0.035124,0.275456
train_600,42,25,0.472316,0.690468,0.037785,0.286142
train_600,43,26,0.451028,0.698779,0.047365,0.281392
train_600,44,27,0.424419,0.708278,0.042043,0.267145
train_600,45,28,0.394616,0.705310,0.033528,0.254084
train_600,47,30,0.303080,0.678595,0.085682,0.264770
train_600,48,31,0.260771,0.626947,0.093665,0.227964
train_601,11,0,0.478731,0.402247,0.034182,0.287668
train_601,12,1,0.449929,0.398176,0.028485,0.276813
train_601,13,2,0.428723,0.390035,0.037980,0.265957
train_601,14,3,0.406568,0.378501,0.035448,0.240176
train_601,15,4,0.378716,0.362896,0.043045,0.255102
train_601,16,5,0.341368,0.341864,0.060769,0.253745
train_601,17,6,0.297691,0.293693,0.072163,0.263244
train_601,18,7,0.282499,0.211599,0.064567,0.134336
train_601,21,8,0.509748,0.411067,0.030384,0.283597
train_601,22,9,0.537917,0.398176,0.032283,0.268671
train_601,23,10,0.563870,0.381215,0.039879,0.313450
train_601,24,11,0.586342,0.378501,0.041778,0.270028
train_601,25,12,0.616410,0.340507,0.044944,0.308022
train_601,26,13,0.656606,0.345935,0.056971,0.264601
train_601,27,14,0.700284,0.310655,0.068365,0.242890
train_601,28,15,0.715159,0.211599,0.057604,0.172330
train_601,31,16,0.509115,0.668205,0.022788,0.176400
train_601,32,17,0.527473,0.672954,0.030384,0.229320
train_601,33,18,0.553426,0.691272,0.035448,0.236105
train_601,34,19,0.577797,0.664134,0.039879,0.236105
train_601,35,20,0.612929,0.650564,0.075961,0.230677
train_601,36,21,0.663253,0.613927,0.104446,0.230677
train_601,37,22,0.717375,0.546760,0.115207,0.213037
train_601,38,23,0.774662,0.485698,0.096850,0.166902
train_601,41,24,0.490125,0.674311,0.025320,0.218465
train_601,42,25,0.471451,0.670240,0.029751,0.237462
train_601,43,26,0.445815,0.681774,0.034182,0.189970
train_601,44,27,0.427141,0.653957,0.041145,0.226607
train_601,45,28,0.404986,0.642423,0.070264,0.246960
train_601,46,29,0.360675,0.609857,0.095584,0.252388
train_601,47,30,0.294526,0.542010,0.115207,0.214394
train_601,48,31,0.238505,0.493161,0.084190,0.168259
train_602,11,0,0.478103,0.498143,0.033646,0.225149
train_602,12,1,0.457580,0.499550,0.038356,0.216706
train_602,13,2,0.433018,0.495328,0.037683,0.225149
train_602,14,3,0.410139,0.515029,0.040375,0.213892
train_602,15,4,0.385915,0.505178,0.040375,0.225149
train_602,16,5,0.359671,0.506586,0.052487,0.216706
train_602,17,6,0.315932,0.501660,0.053833,0.178712
train_602,21,8,0.505693,0.515732,0.034991,0.198413
train_602,22,9,0.529918,0.522065,0.018842,0.191377
train_602,23,10,0.551787,0.507993,0.031627,0.244850
train_602,24,11,0.576685,0.507289,0.035664,0.249071
train_602,25,12,0.603265,0.503068,0.034991,0.232185
train_602,26,13,0.640275,0.512214,0.049795,0.213892
train_602,27,14,0.683341,0.488996,0.051141,0.218113
train_602,28,15,0.720688,0.462259,0.050468,0.212485
train_602,31,16,0.509730,0.738771,0.033646,0.197006
train_602,32,17,0.527899,0.747214,0.030954,0.213892
train_602,33,18,0.549769,0.749325,0.035664,0.220928
train_602,34,19,0.578367,0.751435,0.047104,0.230778
train_602,35,20,0.607639,0.747214,0.051814,0.239221
train_602,36,21,0.653733,0.732438,0.080749,0.229371
train_602,37,22,0.700837,0.700073,0.084787,0.229371
train_602,38,23,0.744913,0.648711,0.079404,0.202634
train_602,41,24,0.486851,0.732438,0.023552,0.184341
train_602,42,25,0.467000,0.750732,0.026916,0.223742
train_602,43,26,0.446813,0.746510,0.032300,0.223742
train_602,44,27,0.419897,0.759878,0.039029,0.239221
train_602,45,28,0.387260,0.750732,0.049123,0.243443
train_602,46,29,0.350587,0.733142,0.083441,0.227964
train_602,47,30,0.298436,0.698666,0.100264,0.234999
train_602,48,31,0.241912,0.652491,0.120451,0.218638
train_603,11,0,0.483246,0.433891,0.033934,0.206856
train_603,12,1,0.452220,0.418060,0.026178,0.230074
train_603,13,2,0.428951,0.418060,0.016482,0.217410
train_603,14,3,0.413923,0.417004,0.031026,0.211077
train_603,15,4,0.392593,0.415949,0.036843,0.221631
train_603,16,5,0.354295,0.428614,0.043630,0.255404
train_603,17,6,0.317452,0.418060,0.041691,0.217410
train_603,18,7,0.282063,0.401174,0.062052,0.208967
train_603,21,8,0.511363,0.411727,0.024239,0.200523
train_603,22,9,0.534148,0.399063,0.032965,0.225853
train_603,23,10,0.558871,0.406451,0.030056,0.236407
train_603,24,11,0.582141,0.403284,0.033934,0.230074
train_603,25,12,0.610258,0.407506,0.035874,0.242739
train_603,26,13,0.641768,0.412783,0.042660,0.249071
train_603,27,14,0.682005,0.411727,0.037813,0.196302
train_603,28,15,0.715939,0.404340,0.047508,0.194191
train_603,31,16,0.515726,0.646023,0.025208,0.230074
train_603,32,17,0.537541,0.649189,0.022300,0.223742
train_603,33,18,0.558871,0.644968,0.028117,0.227964
train_603,34,19,0.582141,0.640746,0.030056,0.215299
train_603,35,20,0.611227,0.648134,0.031995,0.162530
train_603,37,22,0.689761,0.624916,0.055265,0.196302
train_603,38,23,0.724181,0.586922,0.048478,0.170973
train_603,41,24,0.492457,0.637580,0.031026,0.196302
train_603,42,25,0.472581,0.646023,0.028117,0.204745
train_603,43,26,0.450766,0.646023,0.032965,0.213188
train_603,44,27,0.424103,0.655522,0.031995,0.211077
train_603,45,28,0.393077,0.667131,0.035874,0.230074
train_603,47,30,0.317937,0.646023,0.083382,0.192080
train_603,48,31,0.275761,0.611196,0.066899,0.177305
train_604,11,0,0.483313,0.438438,0.046591,0.254499
train_604,12,1,0.459482,0.448690,0.027847,0.229170
train_604,13,2,0.439132,0.458942,0.028918,0.232788
train_604,14,3,0.421192,0.452309,0.032667,0.226757
train_604,16,5,0.361213,0.458942,0.044449,0.235200
train_604,21,8,0.512231,0.442659,0.038022,0.226757
train_604,23,10,0.563642,0.436025,0.029454,0.206253
train_604,24,11,0.584260,0.434216,0.025705,0.231582
train_604,25,12,0.617730,0.446881,0.055159,0.215902
train_604,26,13,0.657091,0.449293,0.037487,0.186954
train_604,31,16,0.510357,0.681478,0.023563,0.207459
train_604,32,17,0.526691,0.681478,0.025170,0.231582
train_604,33,18,0.547576,0.692334,0.028383,0.253293
train_604,34,19,0.571139,0.676051,0.031596,0.218314
train_604,36,21,0.638884,0.657958,0.072832,0.177305
train_604,37,22,0.675835,0.633835,0.071761,0.182130
train_604,41,24,0.492685,0.690524,0.020350,0.218314
train_604,42,25,0.472602,0.694746,0.024099,0.243644
train_604,43,26,0.449575,0.703792,0.026241,0.252087
train_604,45,28,0.409410,0.714044,0.029454,0.260530
train_604,47,30,0.349967,0.673035,0.066941,0.180923
train_605,11,0,0.494877,0.457121,0.025130,0.227964
train_605,12,1,0.469263,0.459292,0.026097,0.227964
train_605,13,2,0.454765,0.449522,0.026097,0.204082
train_605,14,3,0.434951,0.452779,0.027064,0.210595
train_605,15,4,0.414170,0.445180,0.037696,0.191055
train_605,16,5,0.386140,0.428897,0.051228,0.219279
train_605,17,6,0.349894,0.410443,0.050261,0.212766
train_605,18,7,0.322830,0.393074,0.056060,0.212766
train_605,21,8,0.520008,0.462549,0.025130,0.217108
train_605,22,9,0.546105,0.466891,0.030930,0.208424
train_605,23,10,0.568819,0.463634,0.035763,0.210595
train_605,24,11,0.592983,0.465805,0.033829,0.201911
train_605,25,12,0.613764,0.472319,0.030930,0.201911
train_605,26,13,0.641311,0.450608,0.037696,0.219279
train_605,27,14,0.674174,0.419127,0.043495,0.208424
train_605,28,15,0.692538,0.351824,0.047361,0.160660
train_605,31,16,0.518558,0.660117,0.016431,0.169344
train_605,32,17,0.538372,0.666630,0.023197,0.182371
train_605,33,18,0.561570,0.673144,0.025130,0.217108
train_605,34,19,0.584767,0.677486,0.025130,0.195397
train_605,35,20,0.606998,0.673144,0.034796,0.191055
train_605,36,21,0.643727,0.657946,0.046395,0.186713
train_605,37,22,0.689639,0.631893,0.070559,0.208424
train_605,38,23,0.726851,0.601498,0.040595,0.169344
train_605,41,24,0.498260,0.654690,0.020298,0.175858
train_605,42,25,0.476029,0.648176,0.026097,0.175858
train_605,43,26,0.452349,0.668802,0.028997,0.199739
train_605,44,27,0.439783,0.668802,0.032863,0.195397
train_605,45,28,0.419486,0.656861,0.027064,0.197568
train_605,46,29,0.381307,0.660117,0.060893,0.230135
train_605,47,30,0.336845,0.630808,0.080224,0.206253
train_605,48,31,0.289967,0.598241,0.056060,0.162831
train_606,11,0,0.482947,0.408561,0.045906,0.236407
train_606,12,1,0.448273,0.412783,0.033208,0.227964
train_606,13,2,0.416530,0.412783,0.040045,0.257514
train_606,14,3,0.379415,0.390620,0.034185,0.242739
train_606,15,4,0.354509,0.389564,0.029301,0.240628
train_606,16,5,0.321789,0.375844,0.041999,0.225853
train_606,17,6,0.278325,0.361069,0.041022,0.208967
train_606,18,7,0.245605,0.341017,0.041999,0.202634
train_606,21,8,0.526899,0.403284,0.040045,0.263847
train_606,22,9,0.558642,0.404340,0.035162,0.249071
train_606,23,10,0.586967,0.386398,0.041022,0.255404
train_606,24,11,0.614315,0.383232,0.035162,0.261736
train_606,25,12,0.639709,0.376900,0.037115,0.227964
train_606,26,13,0.679755,0.372678,0.048836,0.219520
train_606,27,14,0.719312,0.362124,0.043952,0.189970
train_606,28,15,0.755450,0.350515,0.040045,0.196302
train_606,31,16,0.525922,0.635469,0.041999,0.200523
train_606,32,17,0.559619,0.637580,0.046882,0.221631
train_606,33,18,0.586967,0.631248,0.048836,0.230074
train_606,34,19,0.620663,0.635469,0.043952,0.238517
train_606,35,20,0.646546,0.604863,0.054696,0.202634
train_606,36,21,0.689522,0.574257,0.062510,0.187859
train_606,37,22,0.738358,0.557371,0.072277,0.204745
train_606,41,24,0.485388,0.637580,0.025395,0.221631
train_606,42,25,0.443878,0.623860,0.041999,0.211077
train_606,43,26,0.400902,0.634414,0.038092,0.244850
train_606,44,27,0.364276,0.628082,0.044929,0.227964
train_606,45,28,0.326184,0.606974,0.060556,0.236407
train_606,46,29,0.286138,0.593254,0.076184,0.238517
train_606,47,30,0.237791,0.540485,0.088881,0.200523
train_607,11,0,0.483255,0.434101,0.036402,0.192395
train_607,12,1,0.456696,0.430867,0.032316,0.185928
train_607,13,2,0.427166,0.448247,0.028973,0.206137
train_607,14,3,0.400236,0.447843,0.036773,0.221496
train_607,15,4,0.377949,0.464819,0.044202,0.210179
train_607,16,5,0.332633,0.468457,0.043460,0.201287
train_607,17,6,0.301059,0.447439,0.050146,0.183503
train_607,21,8,0.522417,0.440537,0.040662,0.178908
train_607,22,9,0.554018,0.440056,0.033148,0.181794
train_607,23,10,0.581421,0.442942,0.036684,0.204879
train_607,24,11,0.611475,0.456408,0.034032,0.212574
train_607,25,12,0.628271,0.461698,0.028729,0.225078
train_607,26,13,0.665839,0.454003,0.051711,0.236620
train_607,27,14,0.703628,0.468431,0.043314,0.203917
train_607,28,15,0.738102,0.463141,0.044198,0.189489
train_607,31,16,0.516685,0.655193,0.020801,0.181886
train_607,32,17,0.540458,0.666510,0.028973,0.206137
train_607,33,18,0.563488,0.677828,0.034173,0.214221
train_607,34,19,0.594133,0.696825,0.032316,0.216646
train_607,35,20,0.637221,0.688337,0.080604,0.194820
train_607,36,21,0.685509,0.674998,0.073175,0.203712
train_607,37,22,0.725254,0.657214,0.058317,0.176227
train_607,41,24,0.494213,0.662873,0.023401,0.205329
train_607,42,25,0.473783,0.661660,0.028602,0.217455
train_607,43,26,0.449639,0.655193,0.029344,0.207754
train_607,44,27,0.420109,0.672169,0.047545,0.214221
train_607,45,28,0.385935,0.695208,0.061661,0.223113
train_607,46,29,0.335047,0.695612,0.075033,0.233622
train_607,47,30,0.296973,0.666106,0.053860,0.197245
train_608,11,0,0.484252,0.489826,0.035409,0.225853
train_608,12,1,0.459093,0.487715,0.033546,0.225853
train_608,13,2,0.433002,0.485605,0.029818,0.204745
train_608,14,3,0.408308,0.482438,0.025159,0.198413
train_608,15,4,0.386876,0.477161,0.030750,0.200523
train_608,16,5,0.351933,0.470829,0.041000,0.230074
train_608,17,6,0.316057,0.446555,0.047523,0.215299
train_608,21,8,0.519196,0.483494,0.034478,0.230074
train_608,22,9,0.546219,0.490881,0.027023,0.211077
train_608,23,10,0.572310,0.494048,0.028887,0.225853
train_608,24,11,0.605856,0.480328,0.034478,0.219520
train_608,26,13,0.656640,0.472940,0.048455,0.217410
train_608,31,16,0.504286,0.735731,0.023296,0.223742
train_608,32,17,0.527582,0.735731,0.025159,0.236407
train_608,33,18,0.552276,0.746285,0.029818,0.278622
train_608,34,19,0.583026,0.743119,0.041000,0.268068
train_608,35,20,0.615640,0.722011,0.054046,0.242739
train_608,37,22,0.702766,0.649189,0.086660,0.198413
train_608,41,24,0.483786,0.739953,0.023296,0.232185
train_608,42,25,0.460956,0.743119,0.026091,0.255404
train_608,43,26,0.436729,0.739953,0.031682,0.265957
train_608,44,27,0.407376,0.734676,0.038205,0.268068
train_608,45,28,0.374296,0.720956,0.057773,0.253293
train_608,47,30,0.294159,0.651300,0.106228,0.202634
train_609,11,0,0.463373,0.400231,0.037323,0.316342
train_609,12,1,0.436804,0.407275,0.030997,0.294570
train_609,13,2,0.411817,0.409836,0.037955,0.281762
train_609,14,3,0.394421,0.405994,0.034793,0.233094
train_609,15,4,0.365005,0.409196,0.036690,0.211322
train_609,16,5,0.338120,0.395108,0.049975,0.206199
train_609,17,6,0.309337,0.356045,0.051872,0.181865
train_609,18,7,0.278973,0.338115,0.049342,0.171619
train_609,21,8,0.492156,0.412398,0.032895,0.281762
train_609,22,9,0.510185,0.414319,0.053770,0.254867
train_609,23,10,0.536121,0.392546,0.056301,0.262551
train_609,24,11,0.556680,0.373975,0.056933,0.261270
train_609,25,12,0.587045,0.375897,0.045547,0.224129
train_609,26,13,0.625000,0.354764,0.056933,0.217725
train_609,27,14,0.656630,0.327869,0.049342,0.197234
train_609,28,15,0.684780,0.303535,0.047444,0.184426
train_609,31,16,0.512082,0.665343,0.028467,0.175461
train_609,32,17,0.530111,0.667264,0.026569,0.179303
train_609,33,18,0.552252,0.660861,0.037955,0.212602
train_609,34,19,0.572811,0.633325,0.047444,0.183145
train_609,35,20,0.601594,0.625640,0.069585,0.216445
train_609,36,21,0.633856,0.578253,0.082237,0.203637
train_609,37,22,0.674342,0.528945,0.083502,0.197234
train_609,38,23,0.700911,0.464267,0.068320,0.131916
train_609,41,24,0.491207,0.663422,0.020876,0.171619
train_609,42,25,0.472229,0.674308,0.024671,0.178023
train_609,43,26,0.444079,0.685835,0.030364,0.206199
train_609,44,27,0.419724,0.653176,0.038588,0.192111
train_609,45,28,0.393472,0.632684,0.051872,0.179303
train_609,46,29,0.358679,0.603227,0.080972,0.184426
train_609,47,30,0.313133,0.571849,0.089828,0.180584
train_609,48,31,0.280870,0.519339,0.080972,0.178023
train_61,11,0,0.481827,0.444858,0.027604,0.216095
train_61,12,1,0.460204,0.435544,0.028524,0.212370
train_61,13,2,0.435821,0.429024,0.040486,0.210507
train_61,14,3,0.410977,0.419709,0.036805,0.203055
train_61,15,4,0.388894,0.410395,0.038646,0.195604
train_61,16,5,0.355769,0.398286,0.051527,0.193741
train_61,17,6,0.313443,0.387109,0.049687,0.204918
train_61,18,7,0.277558,0.382452,0.049687,0.203055
train_61,21,8,0.508051,0.450447,0.032205,0.208644
train_61,22,9,0.528754,0.450447,0.022083,0.216095
train_61,23,10,0.549457,0.435544,0.024844,0.212370
train_61,24,11,0.571540,0.427161,0.026684,0.199329
train_61,25,12,0.595004,0.409463,0.033125,0.227273
train_61,26,13,0.623988,0.395492,0.041406,0.203055
train_61,27,14,0.659413,0.376863,0.040486,0.203055
train_61,28,15,0.689317,0.366617,0.046927,0.197466
train_61,31,16,0.508971,0.695417,0.026684,0.217958
train_61,32,17,0.527834,0.680514,0.031285,0.214232
train_61,33,18,0.547617,0.687034,0.030364,0.230999
train_61,34,19,0.568780,0.681446,0.032205,0.219821
train_61,35,20,0.598684,0.676788,0.046007,0.236587
train_61,37,22,0.664474,0.597615,0.074531,0.190015
train_61,38,23,0.699439,0.554769,0.069010,0.178838
train_61,41,24,0.487808,0.696349,0.021163,0.223547
train_61,42,25,0.468946,0.685171,0.020243,0.193741
train_61,43,26,0.445022,0.693554,0.029444,0.244039
train_61,44,27,0.420179,0.682377,0.042326,0.229136
train_61,45,28,0.391654,0.678651,0.057048,0.247765
train_61,46,29,0.346568,0.646982,0.075451,0.229136
train_61,47,30,0.303782,0.605999,0.078211,0.206781
train_610,11,0,0.482940,0.397711,0.038402,0.337043
train_610,12,1,0.450938,0.397711,0.031420,0.322336
train_610,13,2,0.420391,0.379939,0.043639,0.345622
train_610,14,3,0.388098,0.393421,0.047712,0.343171
train_610,15,4,0.357550,0.385454,0.044803,0.341945
train_610,16,5,0.322057,0.392808,0.051785,0.327238
train_610,17,6,0.282200,0.384229,0.064004,0.310079
train_610,21,8,0.518142,0.384842,0.033166,0.352976
train_610,22,9,0.542289,0.385454,0.037239,0.317433
train_610,23,10,0.575746,0.376262,0.040148,0.333366
train_610,24,11,0.606584,0.369522,0.044803,0.349299
train_610,25,12,0.637132,0.369522,0.040730,0.346848
train_610,26,13,0.669425,0.378101,0.048294,0.317433
train_610,27,14,0.711609,0.359717,0.057022,0.317433
train_610,28,15,0.748266,0.339494,0.055858,0.284342
train_610,31,16,0.527452,0.677763,0.029675,0.235317
train_610,32,17,0.548981,0.669796,0.033166,0.234092
train_610,33,18,0.572546,0.690631,0.036075,0.285567
train_610,34,19,0.599893,0.688180,0.047712,0.288018
train_610,35,20,0.636259,0.684503,0.063422,0.288018
train_610,36,21,0.674661,0.672247,0.080878,0.273311
train_610,37,22,0.724992,0.637317,0.091933,0.257378
train_610,38,23,0.758449,0.580939,0.070405,0.215707
train_610,41,24,0.507087,0.677150,0.026183,0.221835
train_610,42,25,0.481485,0.676537,0.027347,0.225512
train_610,43,26,0.453847,0.686955,0.036075,0.256153
train_610,44,27,0.426209,0.698598,0.042475,0.267183
train_610,45,28,0.392461,0.701662,0.049458,0.280665
train_610,46,29,0.344458,0.697985,0.084951,0.265957
train_610,47,30,0.291510,0.666732,0.098915,0.250025
train_610,48,31,0.251071,0.616482,0.065750,0.218159
train_611,11,0,0.480792,0.443262,0.032795,0.288754
train_611,12,1,0.455610,0.433764,0.031623,0.264691
train_611,13,2,0.432186,0.440096,0.031623,0.252026
train_611,14,3,0.417252,0.424899,0.038065,0.239362
train_611,15,4,0.394413,0.416033,0.038065,0.224164
train_611,16,5,0.363375,0.410968,0.053291,0.219098
train_611,17,6,0.325896,0.410968,0.053291,0.173506
train_611,18,7,0.291637,0.371707,0.067932,0.158308
train_611,21,8,0.512415,0.448328,0.030452,0.260892
train_611,22,9,0.535547,0.446429,0.025182,0.239362
train_611,23,10,0.561900,0.435664,0.032209,0.250760
train_611,24,11,0.578297,0.425532,0.039236,0.233029
train_611,25,12,0.607871,0.410334,0.037480,0.225431
train_611,26,13,0.642422,0.393870,0.056219,0.253293
train_611,27,14,0.689857,0.369174,0.055048,0.241895
train_611,28,15,0.722066,0.360309,0.063247,0.198835
train_611,31,16,0.512415,0.707320,0.025767,0.219098
train_611,32,17,0.529691,0.696555,0.024010,0.222898
train_611,33,18,0.556922,0.701621,0.036308,0.248227
train_611,34,19,0.582104,0.680091,0.053877,0.248227
train_611,35,20,0.606114,0.666160,0.059733,0.255826
train_611,36,21,0.648571,0.639564,0.087257,0.230496
train_611,37,22,0.698056,0.599037,0.077301,0.225431
train_611,41,24,0.491918,0.707320,0.030452,0.226697
train_611,42,25,0.469958,0.706054,0.027524,0.231763
train_611,43,26,0.443898,0.702254,0.030452,0.231763
train_611,44,27,0.422523,0.681991,0.041579,0.239362
train_611,45,28,0.394999,0.669326,0.065004,0.241895
train_611,46,29,0.361326,0.644630,0.079644,0.233029
train_611,47,30,0.312427,0.613602,0.090771,0.231763
train_611,48,31,0.274947,0.567376,0.067346,0.200101
train_612,11,0,0.475886,0.461950,0.035580,0.241864
train_612,12,1,0.450535,0.454074,0.028464,0.237230
train_612,13,2,0.423849,0.444807,0.033801,0.265031
train_612,14,3,0.402501,0.456854,0.033801,0.237230
train_612,15,4,0.381820,0.458244,0.036025,0.238157
train_612,16,5,0.349576,0.442954,0.048033,0.255764
train_612,17,6,0.311549,0.448050,0.049368,0.241864
train_612,18,7,0.277526,0.426273,0.056039,0.235377
train_612,21,8,0.508352,0.463804,0.038249,0.238157
train_612,22,9,0.537929,0.465194,0.023572,0.214990
train_612,23,10,0.555941,0.451757,0.040917,0.243717
train_612,25,12,0.595746,0.452684,0.053815,0.232597
train_612,26,13,0.626212,0.474461,0.052481,0.239084
train_612,27,14,0.666462,0.466121,0.046699,0.226110
train_612,31,16,0.507018,0.699644,0.021348,0.181629
train_612,32,17,0.528811,0.695474,0.027575,0.208503
train_612,33,18,0.551938,0.702424,0.027575,0.218697
train_612,34,19,0.574621,0.691304,0.034691,0.235377
train_612,35,20,0.602418,0.690377,0.034246,0.216843
train_612,37,22,0.699374,0.673234,0.108964,0.176996
train_612,38,23,0.732953,0.631533,0.087172,0.197383
train_612,41,24,0.484113,0.703351,0.025351,0.203870
train_612,42,25,0.464544,0.706131,0.031577,0.211283
train_612,43,26,0.440083,0.713081,0.029798,0.223330
train_612,44,27,0.415399,0.706594,0.031133,0.219623
train_612,45,28,0.393829,0.708911,0.044031,0.229817
train_612,46,29,0.356469,0.706131,0.073384,0.235377
train_612,47,30,0.311994,0.685744,0.068937,0.211283
train_612,48,31,0.270854,0.639410,0.066713,0.185336
train_613,11,0,0.476383,0.415207,0.043661,0.212319
train_613,12,1,0.446614,0.399562,0.027784,0.221259
train_613,13,2,0.415357,0.416324,0.032746,0.227964
train_613,14,3,0.396007,0.414089,0.039692,0.214554
train_613,15,4,0.375169,0.421911,0.025800,0.189970
train_613,16,5,0.347880,0.428616,0.036715,0.172090
train_613,17,6,0.307692,0.429734,0.043661,0.205614
train_613,18,7,0.278916,0.416324,0.031754,0.205614
train_613,21,8,0.511610,0.400679,0.034730,0.223494
train_613,22,9,0.534929,0.395092,0.023815,0.216789
train_613,23,10,0.564698,0.399562,0.031754,0.239138
train_613,24,11,0.589505,0.378330,0.029769,0.241373
train_613,25,12,0.609351,0.374978,0.029769,0.239138
train_613,27,14,0.679805,0.400679,0.045646,0.245843
train_613,28,15,0.712054,0.389505,0.032746,0.241373
train_613,31,16,0.507145,0.608529,0.019846,0.174325
train_613,32,17,0.526991,0.627525,0.023815,0.239138
train_613,33,18,0.553286,0.646522,0.036715,0.241373
train_613,34,19,0.578590,0.637583,0.025800,0.223494
train_613,35,20,0.600917,0.635348,0.030761,0.210084
train_613,36,21,0.641105,0.638700,0.055569,0.198909
train_613,37,22,0.690224,0.653227,0.054576,0.245843
train_613,38,23,0.734381,0.628643,0.045646,0.196674
train_613,41,24,0.487795,0.634230,0.018854,0.234668
train_613,42,25,0.471422,0.628643,0.023815,0.236903
train_613,43,26,0.446614,0.649875,0.033738,0.239138
train_613,44,27,0.415853,0.665519,0.021831,0.225729
train_613,45,28,0.392534,0.669989,0.028777,0.230198
train_613,46,29,0.356315,0.656580,0.047630,0.216789
train_613,47,30,0.309181,0.664402,0.046638,0.227964
train_613,48,31,0.268496,0.642053,0.050607,0.232433
train_614,31,16,0.509829,0.673153,0.036780,0.198780
train_614,32,17,0.534218,0.687470,0.051126,0.232919
train_614,33,18,0.567868,0.705641,0.073038,0.283578
train_614,34,19,0.584040,0.677008,0.070429,0.281375
train_614,35,20,0.607908,0.643419,0.067560,0.254945
train_614,36,21,0.640644,0.619741,0.085037,0.234021
train_614,37,22,0.680163,0.604324,0.085298,0.280274
train_614,41,24,0.484657,0.679761,0.025563,0.195476
train_614,42,25,0.463006,0.690223,0.028172,0.224109
train_614,43,26,0.437965,0.686093,0.045388,0.225761
train_614,44,27,0.413576,0.681688,0.060256,0.259900
train_614,46,29,0.358667,0.660213,0.105383,0.307255
train_614,47,30,0.329843,0.596615,0.091558,0.267059
train_614,48,31,0.265414,0.633232,0.083211,0.248888
train_615,11,0,0.476069,0.441172,0.039477,0.287721
train_615,12,1,0.448636,0.436008,0.031448,0.283294
train_615,13,2,0.422541,0.444123,0.035463,0.275917
train_615,14,3,0.397115,0.448550,0.040146,0.268540
train_615,15,4,0.371020,0.446336,0.037470,0.258211
train_615,16,5,0.338233,0.452976,0.048176,0.230177
train_615,17,6,0.292400,0.444123,0.054198,0.239030
train_615,21,8,0.509859,0.449287,0.040816,0.264113
train_615,22,9,0.540638,0.442648,0.031448,0.253785
train_615,23,10,0.570079,0.434532,0.036801,0.272966
train_615,24,11,0.597847,0.449287,0.037470,0.246407
train_615,25,12,0.620931,0.441910,0.035463,0.258211
train_615,26,13,0.656059,0.445599,0.048176,0.239030
train_615,27,14,0.697878,0.432319,0.046168,0.244932
train_615,31,16,0.520230,0.711925,0.033455,0.234603
train_615,32,17,0.543984,0.714876,0.032786,0.249358
train_615,33,18,0.566733,0.720040,0.032786,0.256736
train_615,34,19,0.591825,0.711925,0.040146,0.261162
train_615,35,20,0.619258,0.703810,0.046837,0.244932
train_615,36,21,0.658736,0.695695,0.081631,0.237554
train_615,37,22,0.700889,0.668398,0.078955,0.236079
train_615,41,24,0.501495,0.715614,0.037470,0.227226
train_615,42,25,0.483095,0.716351,0.046168,0.234603
train_615,43,26,0.455996,0.722991,0.033455,0.241981
train_615,44,27,0.432243,0.720778,0.038139,0.249358
train_615,45,28,0.410162,0.714876,0.047507,0.241981
train_615,46,29,0.365332,0.714138,0.084977,0.258211
train_615,47,30,0.315149,0.689793,0.080962,0.247883
train_616,11,0,0.482440,0.423439,0.034216,0.357914
train_616,12,1,0.462644,0.414629,0.031772,0.355711
train_616,13,2,0.448958,0.433351,0.041548,0.289635
train_616,14,3,0.430628,0.419034,0.031283,0.267609
train_616,15,4,0.415231,0.395908,0.040570,0.283027
train_616,16,5,0.391524,0.406920,0.054745,0.258799
train_616,17,6,0.358042,0.377737,0.055234,0.235672
train_616,21,8,0.504925,0.448769,0.031283,0.316065
train_616,22,9,0.527654,0.422889,0.025906,0.332584
train_616,23,10,0.546228,0.405819,0.032749,0.360116
train_616,24,11,0.561380,0.387097,0.035682,0.357914
train_616,25,12,0.578977,0.412977,0.035682,0.275318
train_616,26,13,0.596818,0.408572,0.066476,0.262103
train_616,27,14,0.634944,0.360116,0.057678,0.279723
train_616,28,15,0.646431,0.338641,0.071853,0.219153
train_616,31,16,0.520357,0.709055,0.021901,0.186516
train_616,32,17,0.539410,0.712509,0.029347,0.209213
train_616,33,18,0.559558,0.718431,0.030223,0.228950
train_616,34,19,0.574889,0.701654,0.029347,0.240793
train_616,35,20,0.597665,0.690305,0.047743,0.251648
train_616,36,21,0.652855,0.622212,0.102056,0.200332
train_616,37,22,0.690524,0.548691,0.116073,0.159871
train_616,41,24,0.502617,0.705108,0.019710,0.170726
train_616,42,25,0.484002,0.713496,0.031537,0.187502
train_616,43,26,0.463196,0.729286,0.026719,0.234872
train_616,44,27,0.443267,0.699680,0.035917,0.209213
train_616,45,28,0.419395,0.685371,0.061759,0.225990
train_616,46,29,0.392502,0.642042,0.087005,0.220255
train_616,47,30,0.349732,0.609004,0.106068,0.224660
train_616,48,31,0.312828,0.542928,0.096781,0.182811
train_617,11,0,0.493689,0.492835,0.028376,0.221450
train_617,12,1,0.475587,0.480894,0.033268,0.219279
train_617,13,2,0.456018,0.470039,0.033268,0.201911
train_617,14,3,0.437916,0.460269,0.024462,0.195397
train_617,15,4,0.421282,0.460269,0.038160,0.195397
train_617,16,5,0.393885,0.438558,0.045988,0.195397
train_617,17,6,0.363552,0.417933,0.069472,0.188884
train_617,18,7,0.333219,0.363656,0.067515,0.162831
train_617,21,8,0.519129,0.491750,0.026419,0.223621
train_617,22,9,0.540656,0.485237,0.024462,0.223621
train_617,23,10,0.563650,0.477638,0.023483,0.217108
train_617,24,11,0.585176,0.471125,0.033268,0.208424
train_617,25,12,0.601321,0.458098,0.026419,0.225792
train_617,26,13,0.626272,0.434216,0.037182,0.217108
train_617,27,14,0.652691,0.413591,0.056751,0.210595
train_617,28,15,0.680577,0.377768,0.073386,0.186713
train_617,31,16,0.509834,0.741424,0.021526,0.197568
train_617,32,17,0.525978,0.735997,0.022505,0.182371
train_617,33,18,0.548483,0.744681,0.042074,0.204082
train_617,34,19,0.573434,0.726227,0.035225,0.193226
train_617,35,20,0.600342,0.714286,0.051859,0.186713
train_617,36,21,0.637035,0.691489,0.074364,0.206253
train_617,37,22,0.685959,0.632870,0.086106,0.167173
train_617,38,23,0.719716,0.577508,0.061644,0.143291
train_617,41,24,0.491243,0.735997,0.019569,0.199739
train_617,42,25,0.472162,0.731654,0.022505,0.217108
train_617,43,26,0.454061,0.713200,0.019569,0.232306
train_617,44,27,0.430577,0.704516,0.027397,0.184542
train_617,45,28,0.410029,0.684976,0.041096,0.188884
train_617,46,29,0.366977,0.653495,0.076321,0.191055
train_617,47,30,0.323434,0.600304,0.069472,0.158489
train_617,48,31,0.274511,0.573165,0.067515,0.134607
train_618,11,0,0.486161,0.426617,0.035714,0.214937
train_618,12,1,0.453423,0.425532,0.021825,0.212766
train_618,13,2,0.429117,0.442901,0.022817,0.225792
train_618,14,3,0.407292,0.442901,0.032738,0.217108
train_618,15,4,0.378026,0.454842,0.033730,0.223621
train_618,16,5,0.347272,0.454842,0.037698,0.240990
train_618,17,6,0.308581,0.460269,0.035714,0.225792
train_618,18,7,0.274355,0.443986,0.038690,0.232306
train_618,21,8,0.516419,0.424446,0.032738,0.232306
train_618,22,9,0.546677,0.424446,0.027778,0.206253
train_618,23,10,0.575942,0.407078,0.028770,0.236648
train_618,24,11,0.599256,0.417933,0.037698,0.236648
train_618,25,12,0.624058,0.430960,0.041667,0.232306
train_618,26,13,0.653819,0.442901,0.035714,0.243161
train_618,27,14,0.692510,0.436387,0.041667,0.234477
train_618,28,15,0.727728,0.439644,0.034722,0.245332
train_618,31,16,0.517907,0.643726,0.021825,0.201911
train_618,32,17,0.539732,0.641554,0.017857,0.206253
train_618,33,18,0.559573,0.650239,0.021825,0.201911
train_618,34,19,0.582887,0.663265,0.018849,0.227964
train_618,35,20,0.601240,0.660009,0.027778,0.208424
train_618,36,21,0.638442,0.666522,0.044643,0.221450
train_618,37,22,0.684573,0.667607,0.047619,0.201911
train_618,38,23,0.725248,0.646982,0.041667,0.160660
train_618,41,24,0.497569,0.644811,0.026786,0.191055
train_618,42,25,0.480704,0.640469,0.024802,0.178029
train_618,43,26,0.458879,0.657838,0.020833,0.199739
train_618,44,27,0.437054,0.665436,0.020833,0.197568
train_618,45,28,0.419692,0.674121,0.029762,0.184542
train_618,46,29,0.381994,0.682805,0.041667,0.197568
train_618,47,30,0.334375,0.676292,0.055556,0.180200
train_619,11,0,0.493749,0.421909,0.043925,0.264190
train_619,12,1,0.466296,0.424560,0.041891,0.246519
train_619,13,2,0.435792,0.400262,0.037824,0.284513
train_619,14,3,0.414033,0.407330,0.041485,0.247402
train_619,15,4,0.387597,0.409981,0.042298,0.240334
train_619,16,5,0.360957,0.394518,0.054906,0.235916
train_619,17,6,0.321506,0.376847,0.049212,0.237683
train_619,18,7,0.289173,0.363593,0.066701,0.198805
train_619,21,8,0.527303,0.425002,0.038638,0.254471
train_619,22,9,0.555569,0.428978,0.032537,0.237683
train_619,23,10,0.580785,0.436047,0.029283,0.244752
train_619,24,11,0.605188,0.436488,0.033350,0.222662
train_619,25,12,0.631218,0.432070,0.027656,0.210292
train_619,26,13,0.664975,0.414399,0.050432,0.224429
train_619,27,14,0.699139,0.404679,0.037418,0.208525
train_619,28,15,0.733709,0.385241,0.038231,0.185552
train_619,31,16,0.515305,0.675055,0.022776,0.192620
train_619,32,17,0.535030,0.686100,0.025623,0.202340
train_619,33,18,0.558823,0.708189,0.028470,0.253587
train_619,34,19,0.588920,0.706422,0.048805,0.257122
train_619,35,20,0.612102,0.690517,0.040671,0.237683
train_619,36,21,0.650943,0.668870,0.068734,0.224429
train_619,37,22,0.695071,0.645897,0.073208,0.229731
train_619,38,23,0.739810,0.607019,0.082156,0.236799
train_619,41,24,0.498285,0.686955,0.028490,0.193646
train_619,42,25,0.481643,0.682052,0.027925,0.213256
train_619,43,26,0.460769,0.700743,0.036952,0.250637
train_619,44,27,0.435241,0.692470,0.032157,0.258604
train_619,45,28,0.411829,0.693083,0.036106,0.278214
train_619,46,29,0.366979,0.675618,0.082366,0.259217
train_619,47,30,0.320296,0.637317,0.091110,0.227964
train_619,48,31,0.270369,0.585535,0.108035,0.208967
train_62,11,0,0.473819,0.477019,0.040613,0.156083
train_62,12,1,0.448678,0.457508,0.038679,0.186889
train_62,13,2,0.413866,0.453401,0.032877,0.174567
train_62,14,3,0.385824,0.459562,0.025141,0.182782
train_62,15,4,0.348112,0.452374,0.042547,0.197158
train_62,16,5,0.305081,0.437998,0.043514,0.209480
train_62,17,6,0.275105,0.398977,0.031910,0.172513
train_62,21,8,0.512982,0.474965,0.033844,0.180728
train_62,22,9,0.546342,0.458535,0.030943,0.184835
train_62,23,10,0.579703,0.442105,0.033844,0.225910
train_62,24,11,0.604845,0.452374,0.033844,0.201265
train_62,25,12,0.635788,0.465723,0.028042,0.190996
train_62,26,13,0.671566,0.464696,0.035778,0.184835
train_62,27,14,0.709762,0.451347,0.056085,0.186889
train_62,28,15,0.729101,0.386655,0.038679,0.147868
train_62,31,16,0.516850,0.664935,0.022240,0.178674
train_62,32,17,0.542958,0.659800,0.022240,0.164298
train_62,33,18,0.571000,0.699848,0.028042,0.219749
train_62,34,19,0.600010,0.679311,0.028042,0.174567
train_62,35,20,0.635788,0.674176,0.031910,0.176620
train_62,36,21,0.679302,0.679311,0.066721,0.211534
train_62,37,22,0.723783,0.655693,0.070589,0.217695
train_62,41,24,0.501378,0.675203,0.016439,0.199211
train_62,42,25,0.478170,0.669042,0.022240,0.186889
train_62,43,26,0.453029,0.691633,0.033844,0.211534
train_62,44,27,0.422086,0.684445,0.026108,0.205373
train_62,45,28,0.394043,0.682391,0.037712,0.213587
train_62,46,29,0.349079,0.657747,0.059953,0.188943
train_62,47,30,0.295412,0.631048,0.076391,0.164298
train_620,11,0,0.482695,0.466050,0.040384,0.264026
train_620,12,1,0.450750,0.464118,0.034356,0.262738
train_620,13,2,0.421215,0.460898,0.037973,0.264026
train_620,14,3,0.400722,0.469914,0.035562,0.282057
train_620,15,4,0.371489,0.463474,0.038576,0.269177
train_620,16,5,0.336229,0.446731,0.053644,0.261450
train_620,17,6,0.289215,0.440936,0.057261,0.218948
train_620,18,7,0.285297,0.326310,0.038576,0.141672
train_620,21,8,0.520065,0.466050,0.042795,0.264026
train_620,22,9,0.550203,0.457035,0.037973,0.245995
train_620,23,10,0.580038,0.457035,0.037370,0.245995
train_620,24,11,0.601436,0.451883,0.037973,0.253722
train_620,25,12,0.630669,0.451239,0.036165,0.260162
train_620,26,13,0.665929,0.445443,0.053644,0.245995
train_620,27,14,0.714149,0.429344,0.062083,0.236979
train_620,31,16,0.526394,0.719772,0.022904,0.251146
train_620,32,17,0.547189,0.711401,0.027123,0.252434
train_620,33,18,0.569792,0.713333,0.037370,0.256298
train_620,34,19,0.599025,0.713977,0.031945,0.242131
train_620,36,21,0.655381,0.712045,0.092823,0.243419
train_620,37,22,0.706916,0.668899,0.093425,0.234403
train_620,41,24,0.502887,0.726212,0.026521,0.251146
train_620,42,25,0.479380,0.729432,0.034959,0.252434
train_620,43,26,0.457079,0.730720,0.042192,0.260162
train_620,44,27,0.429955,0.737159,0.048219,0.247282
train_620,46,29,0.357626,0.717196,0.095234,0.230539
train_620,47,30,0.309105,0.666967,0.089809,0.209933
train_621,11,0,0.473465,0.429905,0.039129,0.242944
train_621,12,1,0.448422,0.444165,0.028695,0.201749
train_621,13,2,0.417119,0.433602,0.034956,0.229212
train_621,14,3,0.391554,0.442581,0.032869,0.209143
train_621,15,4,0.364164,0.429905,0.031303,0.217593
train_621,17,6,0.299209,0.407195,0.040173,0.233438
train_621,18,7,0.269732,0.394520,0.049042,0.233438
train_621,21,8,0.503130,0.439810,0.033765,0.224728
train_621,22,9,0.527985,0.433602,0.039651,0.229212
train_621,23,10,0.556419,0.419343,0.034956,0.257732
train_621,24,11,0.581378,0.434684,0.034849,0.223937
train_621,25,12,0.606681,0.429776,0.032122,0.226391
train_621,26,13,0.635470,0.425481,0.044850,0.217802
train_621,27,14,0.672895,0.420573,0.044547,0.215348
train_621,31,16,0.493084,0.679645,0.025304,0.214481
train_621,32,17,0.515351,0.672814,0.025978,0.210383
train_621,33,18,0.538462,0.681352,0.033738,0.239754
train_621,34,19,0.561910,0.669399,0.040823,0.236339
train_621,35,20,0.590924,0.660519,0.057018,0.228142
train_621,36,21,0.627193,0.644467,0.078273,0.209699
train_621,37,22,0.666835,0.618169,0.077935,0.189891
train_621,41,24,0.472641,0.686042,0.028090,0.229233
train_621,42,25,0.452513,0.671960,0.033457,0.200934
train_621,43,26,0.426788,0.687045,0.037112,0.245902
train_621,44,27,0.403453,0.673099,0.042173,0.233948
train_621,45,28,0.369915,0.662365,0.064103,0.217034
train_621,46,29,0.338105,0.639637,0.078562,0.215652
train_621,47,30,0.293522,0.626464,0.086755,0.201015
train_621,48,31,0.253518,0.588407,0.090611,0.179547
train_622,11,0,0.499894,0.495779,0.046237,0.277521
train_622,12,1,0.463889,0.503006,0.034868,0.239940
train_622,13,2,0.430159,0.490720,0.044721,0.261621
train_622,14,3,0.398323,0.489275,0.037141,0.252949
train_622,15,4,0.368762,0.495057,0.038657,0.212477
train_622,16,5,0.328967,0.497225,0.056091,0.237049
train_622,17,6,0.283488,0.486384,0.056091,0.232713
train_622,21,8,0.543857,0.505897,0.047753,0.248612
train_622,22,9,0.580620,0.507343,0.034868,0.242831
train_622,23,10,0.619277,0.477712,0.050027,0.270294
train_622,24,11,0.645807,0.498670,0.045479,0.239940
train_622,25,12,0.679916,0.495779,0.042447,0.234158
train_622,26,13,0.716679,0.498670,0.062913,0.228377
train_622,27,14,0.759505,0.487830,0.057607,0.203804
train_622,31,16,0.540825,0.742946,0.034110,0.208141
train_622,32,17,0.560912,0.731383,0.033352,0.211031
train_622,33,18,0.595022,0.741501,0.050027,0.242831
train_622,34,19,0.626099,0.735719,0.057607,0.222595
train_622,35,20,0.657935,0.736442,0.059123,0.226931
train_622,36,21,0.703414,0.732828,0.090959,0.228377
train_622,37,22,0.762537,0.714761,0.087927,0.215368
train_622,38,23,0.826208,0.691634,0.087927,0.163333
train_622,41,24,0.512401,0.738610,0.025772,0.196577
train_622,42,25,0.487387,0.750173,0.034868,0.219704
train_622,43,26,0.449488,0.758846,0.054575,0.254394
train_622,44,27,0.421442,0.746560,0.048511,0.247167
train_622,45,28,0.387711,0.745114,0.056849,0.238494
train_622,46,29,0.340716,0.736442,0.084137,0.238494
train_622,47,30,0.277424,0.713315,0.090959,0.209586
train_622,48,31,0.223986,0.695970,0.090201,0.180678
train_623,11,0,0.498511,0.468121,0.045862,0.250982
train_623,12,1,0.463700,0.472291,0.039036,0.244999
train_623,13,2,0.432433,0.472653,0.040173,0.251503
train_623,14,3,0.405524,0.474821,0.037899,0.239940
train_623,15,4,0.370657,0.458560,0.037141,0.247890
train_623,16,5,0.330104,0.447719,0.063671,0.244999
train_623,17,6,0.284625,0.422786,0.059881,0.237049
train_623,18,7,0.251842,0.402550,0.080726,0.244276
train_623,21,8,0.541944,0.463998,0.040857,0.259023
train_623,22,9,0.577142,0.465694,0.029525,0.250408
train_623,23,10,0.607094,0.443955,0.035957,0.285350
train_623,24,11,0.642850,0.429785,0.058741,0.268952
train_623,25,12,0.673967,0.422946,0.044553,0.250654
train_623,26,13,0.718949,0.415411,0.056158,0.234184
train_623,27,14,0.766931,0.403055,0.050913,0.217709
train_623,28,15,0.801524,0.385311,0.062018,0.189658
train_623,31,16,0.528355,0.691704,0.025307,0.166223
train_623,32,17,0.556896,0.693849,0.031212,0.172658
train_623,33,18,0.598090,0.705913,0.056238,0.213946
train_623,34,19,0.632255,0.705913,0.061581,0.219308
train_623,35,20,0.679073,0.695725,0.082670,0.230032
train_623,36,21,0.723079,0.676422,0.107696,0.230032
train_623,37,22,0.771162,0.643982,0.100385,0.237002
train_623,38,23,0.832462,0.571326,0.110507,0.172122
train_623,41,24,0.500328,0.691329,0.029826,0.161817
train_623,42,25,0.471446,0.701743,0.038018,0.181844
train_623,43,26,0.433743,0.724974,0.058393,0.228307
train_623,44,27,0.399821,0.723172,0.064064,0.227906
train_623,45,28,0.357602,0.710555,0.082968,0.221097
train_623,46,29,0.316853,0.694333,0.096831,0.239121
train_623,47,30,0.265917,0.671502,0.094940,0.252740
train_623,48,31,0.208155,0.597803,0.102502,0.168627
train_624,11,0,0.494231,0.488213,0.042475,0.249033
train_624,12,1,0.467922,0.478542,0.031698,0.234526
train_624,13,2,0.428300,0.483982,0.052618,0.250242
train_624,14,3,0.403576,0.479751,0.055154,0.239362
train_624,15,4,0.381704,0.498489,0.038037,0.235735
train_624,16,5,0.338595,0.519645,0.060860,0.220019
train_624,17,6,0.299290,0.522062,0.048181,0.217602
train_624,18,7,0.258400,0.535360,0.050082,0.193424
train_624,21,8,0.532585,0.483982,0.038037,0.250242
train_624,22,9,0.562381,0.489422,0.030430,0.188588
train_624,23,10,0.592177,0.482169,0.038037,0.229691
train_624,24,11,0.620388,0.487004,0.043743,0.217602
train_624,25,12,0.647014,0.490027,0.042475,0.233317
train_624,26,13,0.683149,0.506951,0.056422,0.209139
train_624,27,14,0.728794,0.509369,0.047547,0.213975
train_624,28,15,0.766831,0.494862,0.051350,0.221228
train_624,31,16,0.526563,0.710046,0.036135,0.168037
train_624,32,17,0.549385,0.717299,0.036135,0.211557
train_624,33,18,0.589641,0.743291,0.058324,0.232108
train_624,34,19,0.621973,0.739664,0.058324,0.234526
train_624,35,20,0.650184,0.749335,0.060226,0.236944
train_624,36,21,0.710727,0.735433,0.106504,0.204304
train_624,37,22,0.759224,0.707628,0.100799,0.187379
train_624,38,23,0.806454,0.676197,0.088754,0.110010
train_624,41,24,0.500254,0.725762,0.029162,0.201886
train_624,42,25,0.472677,0.731806,0.039939,0.209139
train_624,43,26,0.436858,0.738455,0.055788,0.244197
train_624,44,27,0.401674,0.747522,0.066565,0.233317
train_624,45,28,0.376315,0.755380,0.061494,0.241779
train_624,46,29,0.322429,0.745708,0.103335,0.215184
train_624,47,30,0.272347,0.729993,0.105870,0.191006
train_625,11,0,0.489297,0.473938,0.047174,0.215641
train_625,12,1,0.452934,0.467777,0.035381,0.256716
train_625,13,2,0.422467,0.484207,0.031450,0.227964
train_625,14,3,0.398388,0.484207,0.038329,0.232071
train_625,15,4,0.366447,0.498583,0.027518,0.203319
train_625,16,5,0.333523,0.503717,0.042260,0.225910
train_625,17,6,0.295194,0.488314,0.052088,0.232071
train_625,21,8,0.522713,0.466750,0.037346,0.234125
train_625,22,9,0.550231,0.473938,0.033415,0.252608
train_625,23,10,0.580698,0.483180,0.041278,0.238232
train_625,24,11,0.608708,0.474965,0.040295,0.258769
train_625,25,12,0.648020,0.477019,0.040295,0.242340
train_625,26,13,0.692737,0.464696,0.047174,0.258769
train_625,27,14,0.727627,0.456482,0.056020,0.234125
train_625,31,16,0.509445,0.703955,0.034398,0.195104
train_625,32,17,0.532049,0.712170,0.030467,0.207426
train_625,33,18,0.562025,0.711144,0.037346,0.205373
train_625,34,19,0.594948,0.730654,0.034398,0.240286
train_625,35,20,0.623450,0.744003,0.038329,0.234125
train_625,37,22,0.684875,0.711144,0.078624,0.201265
train_625,38,23,0.724678,0.665962,0.056020,0.135546
train_625,41,24,0.485857,0.714224,0.032432,0.199211
train_625,42,25,0.462762,0.713197,0.029484,0.213587
train_625,43,26,0.436717,0.718332,0.032432,0.215641
train_625,44,27,0.404776,0.735788,0.035381,0.230017
train_625,45,28,0.379715,0.736815,0.036364,0.211534
train_625,46,29,0.339912,0.715251,0.057002,0.197158
train_625,47,30,0.282909,0.692660,0.076658,0.180728
train_625,48,31,0.243106,0.621806,0.056020,0.137600
train_626,11,0,0.490855,0.381296,0.040064,0.276813
train_626,12,1,0.460966,0.376547,0.038792,0.278170
train_626,13,2,0.430441,0.374512,0.036248,0.279527
train_626,14,3,0.401188,0.360264,0.041336,0.321591
train_626,15,4,0.376386,0.367727,0.046423,0.284954
train_626,17,6,0.294668,0.341267,0.078856,0.278170
train_626,21,8,0.528058,0.373155,0.040700,0.298524
train_626,22,9,0.561444,0.377904,0.031161,0.272742
train_626,23,10,0.593877,0.366370,0.034977,0.293096
train_626,24,11,0.619951,0.353479,0.037520,0.302594
train_626,25,12,0.646660,0.367048,0.038792,0.299881
train_626,27,14,0.698171,0.356871,0.069317,0.279527
train_626,31,16,0.513431,0.637755,0.026709,0.208967
train_626,32,17,0.539504,0.647254,0.025438,0.236105
train_626,33,18,0.564306,0.657431,0.027981,0.280884
train_626,34,19,0.598647,0.650646,0.034341,0.267314
train_626,35,20,0.626946,0.656752,0.032433,0.274099
train_626,37,22,0.695627,0.614687,0.089667,0.214394
train_626,38,23,0.727106,0.553626,0.085216,0.200825
train_626,41,24,0.491809,0.643861,0.024166,0.221179
train_626,42,25,0.467008,0.657431,0.030525,0.248317
train_626,43,26,0.446340,0.678463,0.050239,0.314807
train_626,44,27,0.411363,0.677784,0.043880,0.337875
train_626,45,28,0.385925,0.662180,0.040064,0.284954
train_626,47,30,0.299438,0.609260,0.090939,0.238819
train_627,11,0,0.490494,0.353343,0.040788,0.250760
train_627,12,1,0.468026,0.346505,0.044245,0.252280
train_627,13,2,0.442447,0.341945,0.038714,0.282675
train_627,14,3,0.418597,0.346505,0.046319,0.261398
train_627,15,4,0.397511,0.346505,0.045627,0.270517
train_627,16,5,0.363291,0.347264,0.055997,0.256839
train_627,17,6,0.319392,0.359422,0.049775,0.238602
train_627,18,7,0.281369,0.365502,0.047010,0.247720
train_627,21,8,0.523332,0.349544,0.034566,0.273556
train_627,22,9,0.551331,0.344985,0.026962,0.273556
train_627,23,10,0.576910,0.344985,0.049084,0.316109
train_627,24,11,0.593502,0.367781,0.050467,0.288754
train_627,25,12,0.613870,0.389789,0.046088,0.258922
train_627,26,13,0.646196,0.388382,0.049289,0.253293
train_627,27,14,0.687803,0.403158,0.040327,0.243443
train_627,28,15,0.725890,0.394715,0.039687,0.249071
train_627,31,16,0.519453,0.633232,0.022404,0.253293
train_627,32,17,0.540577,0.631121,0.027525,0.246257
train_627,33,18,0.557860,0.650822,0.027525,0.277215
train_627,34,19,0.583465,0.656451,0.028805,0.257514
train_627,35,20,0.608109,0.669819,0.040967,0.261736
train_627,36,21,0.646196,0.654340,0.064652,0.242035
train_627,41,24,0.499930,0.628307,0.025605,0.257514
train_627,42,25,0.477846,0.630418,0.031366,0.275808
train_627,43,26,0.450321,0.647304,0.041607,0.303951
train_627,44,27,0.428877,0.636046,0.040967,0.275808
train_627,45,28,0.404232,0.628307,0.067212,0.263143
train_627,46,29,0.361665,0.635343,0.074253,0.192784
train_627,47,30,0.314616,0.602274,0.097938,0.253293
train_628,11,0,0.494351,0.384795,0.063142,0.262484
train_628,12,1,0.449658,0.396207,0.064701,0.240652
train_628,13,2,0.410422,0.395215,0.085488,0.282332
train_628,14,3,0.367028,0.429452,0.098480,0.241644
train_628,15,4,0.344162,0.436398,0.078213,0.245614
train_628,16,5,0.315189,0.442105,0.080032,0.259011
train_628,17,6,0.270886,0.463937,0.062102,0.226262
train_628,18,7,0.226323,0.466170,0.057165,0.225766
train_628,21,8,0.549893,0.384832,0.056625,0.269987
train_628,22,9,0.593329,0.389869,0.050646,0.267972
train_628,22,9,0.564343,0.645473,0.033785,0.242917
train_628,23,10,0.640809,0.385840,0.082299,0.286777
train_628,23,10,0.616916,0.658969,0.043093,0.281757
train_628,24,11,0.675276,0.428487,0.085816,0.248496
train_628,24,11,0.650642,0.667993,0.038950,0.247363
train_628,25,12,0.699896,0.433860,0.066824,0.253868
train_628,25,12,0.673266,0.691833,0.033018,0.265957
train_628,26,13,0.736825,0.452329,0.084410,0.249167
train_628,27,14,0.781668,0.470798,0.066473,0.231034
train_628,28,15,0.822641,0.470127,0.056273,0.194767
train_628,31,16,0.537234,0.664171,0.029899,0.290530
train_628,36,21,0.716816,0.680071,0.074179,0.248612
train_628,37,22,0.769234,0.682239,0.070016,0.224040
train_628,38,23,0.820705,0.653330,0.073044,0.192241
train_628,41,24,0.509038,0.645380,0.030277,0.247167
train_628,42,25,0.486141,0.659473,0.045794,0.275353
train_628,43,26,0.456999,0.676818,0.048065,0.307152
train_628,44,27,0.416124,0.667784,0.033684,0.263067
train_628,45,28,0.375817,0.673566,0.047687,0.247167
train_628,46,29,0.331158,0.683323,0.071909,0.259453
train_628,47,30,0.277038,0.698861,0.075693,0.252949
train_628,48,31,0.225566,0.674289,0.076450,0.213922
train_629,11,0,0.483147,0.538100,0.045346,0.224724
train_629,12,1,0.449002,0.529338,0.029421,0.214415
train_629,13,2,0.419312,0.515421,0.033739,0.241217
train_629,14,3,0.391376,0.520576,0.035629,0.230909
train_629,15,4,0.360740,0.522895,0.035359,0.215962
train_629,16,5,0.318904,0.511813,0.049394,0.204107
train_629,17,6,0.281791,0.512329,0.063700,0.160811
train_629,18,7,0.272883,0.435789,0.073957,0.135556
train_629,21,8,0.519720,0.534234,0.054253,0.222147
train_629,22,9,0.551840,0.523926,0.035899,0.223177
train_629,23,10,0.589898,0.516452,0.041297,0.252556
train_629,24,11,0.618509,0.518772,0.057492,0.244825
train_629,25,12,0.659940,0.520318,0.037788,0.242763
train_629,26,13,0.702857,0.526761,0.053443,0.211323
train_629,27,14,0.736326,0.517999,0.065859,0.190706
train_629,28,15,0.749417,0.445066,0.068828,0.151018
train_629,31,16,0.517156,0.774936,0.031850,0.204622
train_629,32,17,0.543337,0.773390,0.036169,0.226270
train_629,33,18,0.576132,0.797615,0.042916,0.269565
train_629,34,19,0.616484,0.772617,0.074496,0.242248
train_629,35,20,0.653058,0.772874,0.080165,0.243794
train_629,36,21,0.711224,0.762824,0.105806,0.231940
train_629,37,22,0.758459,0.721332,0.094470,0.219054
train_629,38,23,0.802590,0.677264,0.074766,0.164935
train_629,41,24,0.491733,0.765057,0.031899,0.218342
train_629,42,25,0.467922,0.775995,0.036391,0.232498
train_629,43,26,0.436135,0.770633,0.051442,0.253518
train_629,44,27,0.407719,0.766772,0.049420,0.233785
train_629,45,28,0.369755,0.748542,0.070536,0.221345
train_629,46,29,0.321345,0.731597,0.097268,0.210621
train_629,47,30,0.270352,0.693634,0.099964,0.205045
train_629,48,31,0.227334,0.669827,0.076826,0.150566
train_63,11,0,0.489083,0.337095,0.035461,0.363772
train_63,12,1,0.464180,0.320119,0.032672,0.368622
train_63,13,2,0.437684,0.317290,0.037055,0.383981
train_63,14,3,0.414176,0.326990,0.045024,0.341945
train_63,15,4,0.382899,0.336287,0.043031,0.308802
train_63,16,5,0.342258,0.333053,0.066141,0.310418
train_63,17,6,0.290860,0.328203,0.053391,0.299101
train_63,21,8,0.523548,0.334266,0.039047,0.367813
train_63,22,9,0.547852,0.324161,0.024703,0.360538
train_63,23,10,0.573552,0.320119,0.037055,0.378322
train_63,24,11,0.600048,0.326586,0.045422,0.342754
train_63,25,12,0.627540,0.336287,0.033469,0.315269
train_63,26,13,0.669575,0.324565,0.054586,0.341945
train_63,27,14,0.711610,0.347200,0.048609,0.259490
train_63,28,15,0.725556,0.300718,0.096422,0.163293
train_63,31,16,0.515180,0.664085,0.024703,0.274041
train_63,32,17,0.539684,0.656001,0.026695,0.270808
train_63,33,18,0.569767,0.677828,0.035859,0.314460
train_63,34,19,0.602837,0.671765,0.037453,0.286167
train_63,35,20,0.637103,0.659235,0.046219,0.272424
train_63,36,21,0.680532,0.641855,0.066938,0.245748
train_63,37,22,0.736712,0.615178,0.078891,0.268383
train_63,38,23,0.789904,0.575163,0.079289,0.207754
train_63,41,24,0.492270,0.661660,0.025898,0.282125
train_63,42,25,0.466770,0.662873,0.027492,0.299101
train_63,43,26,0.438083,0.677828,0.036258,0.311227
train_63,44,27,0.407005,0.656810,0.041836,0.270808
train_63,45,28,0.366767,0.662180,0.068142,0.291287
train_63,46,29,0.322365,0.639564,0.086499,0.264148
train_63,47,30,0.255930,0.604284,0.096308,0.260530
train_63,48,31,0.194623,0.563124,0.103888,0.208967
train_630,11,0,0.487065,0.409534,0.035500,0.211966
train_630,12,1,0.461578,0.416533,0.033680,0.209966
train_630,13,2,0.438366,0.413534,0.038231,0.219965
train_630,14,3,0.417885,0.409534,0.033680,0.211966
train_630,15,4,0.392397,0.396537,0.037321,0.209966
train_630,16,5,0.355987,0.391537,0.042783,0.203967
train_630,17,6,0.311839,0.380539,0.047334,0.209966
train_630,21,8,0.520745,0.418533,0.037321,0.201968
train_630,22,9,0.548508,0.421533,0.030949,0.203967
train_630,23,10,0.572630,0.421533,0.028218,0.203967
train_630,24,11,0.594021,0.400536,0.030949,0.205967
train_630,25,12,0.619054,0.390538,0.031859,0.209966
train_630,26,13,0.651823,0.387538,0.042783,0.211966
train_630,27,14,0.690965,0.370541,0.040962,0.205967
train_630,28,15,0.729651,0.368541,0.052795,0.197968
train_630,31,16,0.522110,0.639498,0.018205,0.231963
train_630,32,17,0.542136,0.635498,0.023667,0.235962
train_630,33,18,0.563072,0.649496,0.030949,0.239962
train_630,34,19,0.588105,0.645497,0.033680,0.259958
train_630,41,24,0.504360,0.638498,0.022757,0.217965
train_630,42,25,0.484789,0.635498,0.029129,0.211966
train_630,43,26,0.459757,0.656495,0.030039,0.245961
train_630,44,27,0.437000,0.666493,0.031859,0.249960
train_630,45,28,0.405596,0.654495,0.047334,0.253959
train_630,46,29,0.366000,0.655495,0.086475,0.259958
train_630,47,30,0.314115,0.614502,0.084655,0.241961
train_631,11,0,0.474867,0.335839,0.029996,0.286311
train_631,12,1,0.451892,0.337196,0.028719,0.291739
train_631,13,2,0.427640,0.333125,0.035102,0.299881
train_631,14,3,0.407536,0.315485,0.038293,0.313450
train_631,15,4,0.385199,0.313450,0.038293,0.309379
train_631,16,5,0.354245,0.322948,0.052972,0.263244
train_631,17,6,0.317867,0.315485,0.046589,0.251031
train_631,18,7,0.279894,0.255102,0.074032,0.130265
train_631,21,8,0.501991,0.341945,0.024252,0.268671
train_631,22,9,0.527201,0.345338,0.031272,0.275456
train_631,23,10,0.549857,0.324305,0.030634,0.290382
train_631,24,11,0.570599,0.324305,0.033825,0.265957
train_631,25,12,0.597723,0.324305,0.038293,0.274099
train_631,26,13,0.636016,0.320234,0.057439,0.263244
train_631,27,14,0.677180,0.329733,0.051695,0.217108
train_631,31,16,0.505820,0.614009,0.021699,0.213037
train_631,32,17,0.523371,0.622150,0.024890,0.221179
train_631,33,18,0.547623,0.639112,0.035102,0.284954
train_631,34,19,0.577938,0.639112,0.047228,0.293096
train_631,35,20,0.612721,0.625543,0.061906,0.290382
train_631,36,21,0.658353,0.601118,0.062545,0.189970
train_631,37,22,0.714835,0.563124,0.101476,0.252388
train_631,38,23,0.760148,0.535986,0.052972,0.198111
train_631,41,24,0.487312,0.618080,0.028081,0.234748
train_631,42,25,0.469442,0.607224,0.034463,0.234748
train_631,43,26,0.449020,0.626221,0.037016,0.253745
train_631,44,27,0.418066,0.631649,0.033825,0.289025
train_631,45,28,0.390304,0.616723,0.048504,0.256459
train_631,46,29,0.345310,0.607224,0.082329,0.259173
train_631,47,30,0.309571,0.582121,0.074671,0.276813
train_631,48,31,0.236815,0.512918,0.093817,0.211680
train_632,11,0,0.476021,0.469647,0.032612,0.259625
train_632,12,1,0.450123,0.466481,0.026857,0.270179
train_632,13,2,0.425184,0.469647,0.034530,0.280733
train_632,14,3,0.401205,0.465426,0.040285,0.280733
train_632,15,4,0.377705,0.472813,0.037408,0.249071
train_632,16,5,0.348450,0.478090,0.049877,0.255404
train_632,17,6,0.308165,0.480201,0.047959,0.204745
train_632,18,7,0.297134,0.365164,0.081530,0.185748
train_632,21,8,0.507194,0.456982,0.037408,0.272290
train_632,22,9,0.534051,0.459093,0.031653,0.255404
train_632,23,10,0.559949,0.461204,0.033571,0.276511
train_632,24,11,0.583928,0.461204,0.031653,0.263847
train_632,25,12,0.607907,0.461204,0.041245,0.255404
train_632,26,13,0.645315,0.456982,0.052755,0.255404
train_632,27,14,0.684162,0.447484,0.047959,0.257514
train_632,31,16,0.503357,0.719774,0.023979,0.236407
train_632,32,17,0.525898,0.731383,0.026857,0.259625
train_632,33,18,0.551316,0.735605,0.037408,0.272290
train_632,34,19,0.577693,0.733494,0.036449,0.268068
train_632,35,20,0.614622,0.722940,0.048918,0.246960
train_632,36,21,0.657305,0.710275,0.082489,0.234296
train_632,37,22,0.707182,0.684946,0.090163,0.230074
train_632,38,23,0.744111,0.651174,0.075775,0.200523
train_632,41,24,0.486572,0.729272,0.028775,0.246960
train_632,42,25,0.464510,0.730328,0.032612,0.236407
train_632,43,26,0.439092,0.745103,0.041245,0.257514
train_632,44,27,0.409837,0.749325,0.040285,0.274401
train_632,45,28,0.378664,0.729272,0.050836,0.259625
train_632,47,30,0.295216,0.680724,0.094959,0.204745
train_632,48,31,0.236706,0.649063,0.089203,0.137200
train_633,11,0,0.489224,0.447212,0.028017,0.286142
train_633,12,1,0.467579,0.424541,0.043103,0.327078
train_633,13,2,0.447339,0.464600,0.028861,0.230441
train_633,14,3,0.434595,0.460470,0.033358,0.238701
train_633,15,4,0.416042,0.445603,0.032984,0.248612
train_633,16,5,0.380060,0.450971,0.041979,0.232919
train_633,17,6,0.346327,0.443538,0.044228,0.241179
train_633,18,7,0.310907,0.425367,0.045352,0.270913
train_633,21,8,0.515180,0.454688,0.028111,0.273391
train_633,22,9,0.539168,0.478641,0.030360,0.233745
train_633,23,10,0.563343,0.458818,0.036732,0.248612
train_633,24,11,0.577961,0.463774,0.038981,0.246960
train_633,25,12,0.599513,0.469968,0.038606,0.234571
train_633,26,13,0.623126,0.465839,0.047601,0.232919
train_633,27,14,0.662106,0.458818,0.050600,0.218878
train_633,31,16,0.502120,0.656797,0.017241,0.222358
train_633,32,17,0.518937,0.664894,0.020350,0.243535
train_633,33,18,0.540560,0.696970,0.029678,0.292740
train_633,34,19,0.563737,0.698216,0.033070,0.271563
train_633,35,20,0.592849,0.691365,0.051159,0.269072
train_633,36,21,0.635387,0.674236,0.096665,0.251009
train_633,37,22,0.676795,0.658665,0.108253,0.244781
train_633,38,23,0.714811,0.590151,0.088185,0.193707
train_633,41,24,0.486573,0.663717,0.018615,0.239395
train_633,42,25,0.472688,0.656992,0.032347,0.223256
train_633,43,26,0.451785,0.693641,0.025328,0.303279
train_633,44,27,0.430882,0.693641,0.033567,0.266966
train_633,45,28,0.400366,0.694314,0.036009,0.249482
train_633,46,29,0.367714,0.672795,0.084834,0.236033
train_633,47,30,0.323772,0.639508,0.092157,0.236705
train_64,11,0,0.494728,0.448750,0.035987,0.194191
train_64,12,1,0.467009,0.447695,0.031124,0.170973
train_64,13,2,0.443180,0.442418,0.030151,0.185748
train_64,14,3,0.421783,0.437141,0.034041,0.196302
train_64,15,4,0.395036,0.426587,0.035014,0.192080
train_64,16,5,0.358077,0.413923,0.048631,0.204745
train_64,17,6,0.322576,0.400203,0.051548,0.164640
train_64,18,7,0.298747,0.360098,0.064192,0.160419
train_64,21,8,0.526825,0.463526,0.028206,0.198413
train_64,22,9,0.552113,0.462470,0.028206,0.170973
train_64,23,10,0.576914,0.444529,0.025288,0.223742
train_64,24,11,0.597825,0.458249,0.039877,0.204745
train_64,25,12,0.618250,0.459304,0.035987,0.198413
train_64,26,13,0.658613,0.454027,0.040850,0.187859
train_64,27,14,0.691196,0.446640,0.035987,0.160419
train_64,28,15,0.719888,0.421310,0.050576,0.147754
train_64,31,16,0.517099,0.639775,0.022370,0.141422
train_64,32,17,0.535578,0.649274,0.026261,0.177305
train_64,33,18,0.559407,0.659828,0.027233,0.189970
train_64,34,19,0.581291,0.666160,0.026261,0.173083
train_64,35,20,0.604147,0.650329,0.035014,0.175194
train_64,36,21,0.640620,0.647163,0.053494,0.189970
train_64,37,22,0.690223,0.613391,0.059329,0.177305
train_64,38,23,0.727183,0.569065,0.063220,0.135089
train_64,41,24,0.497646,0.638720,0.022370,0.160419
train_64,42,25,0.477708,0.636609,0.019452,0.160419
train_64,43,26,0.452420,0.653495,0.038904,0.181527
train_64,44,27,0.430536,0.648219,0.028206,0.187859
train_64,45,28,0.407193,0.634498,0.049603,0.173083
train_64,46,29,0.369748,0.606003,0.077809,0.192080
train_64,47,30,0.323063,0.563788,0.073918,0.166751
train_64,48,31,0.282699,0.526849,0.059329,0.147754
train_65,11,0,0.477391,0.429980,0.034712,0.266884
train_65,13,2,0.448883,0.423809,0.028996,0.255133
train_65,14,3,0.426787,0.419686,0.039730,0.259671
train_65,15,4,0.403226,0.412997,0.042094,0.262904
train_65,16,5,0.371733,0.404781,0.054958,0.262061
train_65,17,6,0.327547,0.402833,0.045725,0.252319
train_65,18,7,0.302926,0.349739,0.061553,0.144182
train_65,21,8,0.510705,0.427618,0.033621,0.265212
train_65,23,10,0.540460,0.411228,0.031268,0.272662
train_65,24,11,0.580301,0.399309,0.037656,0.295012
train_65,25,12,0.605012,0.400799,0.036647,0.259253
train_65,27,14,0.677970,0.376587,0.051440,0.262978
train_65,28,15,0.709238,0.326673,0.053458,0.158680
train_65,31,16,0.513058,0.695810,0.030931,0.219024
train_65,32,17,0.529197,0.685381,0.039001,0.235413
train_65,33,18,0.556766,0.677186,0.037656,0.235413
train_65,34,19,0.585848,0.683518,0.050095,0.254038
train_65,35,20,0.612745,0.677186,0.058165,0.254783
train_65,36,21,0.646198,0.643289,0.080691,0.243608
train_65,37,22,0.690242,0.622057,0.072622,0.239883
train_65,38,23,0.755467,0.620567,0.082036,0.147506
train_65,41,24,0.495454,0.699756,0.033377,0.245499
train_65,42,25,0.476906,0.705601,0.037308,0.237149
train_65,43,26,0.455049,0.695163,0.031279,0.256355
train_65,44,27,0.432815,0.697669,0.032786,0.258025
train_65,45,28,0.399652,0.688901,0.056905,0.245499
train_65,46,29,0.365547,0.655500,0.088183,0.240489
train_65,47,30,0.309773,0.612078,0.079139,0.177027
train_66,11,0,0.471167,0.377768,0.033487,0.254740
train_66,12,1,0.445717,0.379216,0.025450,0.243161
train_66,13,2,0.422611,0.387900,0.032818,0.251845
train_66,14,3,0.403523,0.387900,0.036166,0.251845
train_66,15,4,0.381086,0.384281,0.035497,0.279346
train_66,16,5,0.342576,0.402374,0.061617,0.246056
train_66,17,6,0.294354,0.411782,0.052240,0.235924
train_66,18,7,0.253499,0.431321,0.042864,0.156318
train_66,21,8,0.514031,0.374873,0.038845,0.266319
train_66,22,9,0.546179,0.378492,0.032148,0.241714
train_66,23,10,0.579332,0.365465,0.038176,0.270661
train_66,24,11,0.604447,0.369807,0.038845,0.267767
train_66,25,12,0.633916,0.383558,0.046882,0.251845
train_66,26,13,0.662380,0.385729,0.051571,0.238819
train_66,31,16,0.519054,0.641916,0.024781,0.244608
train_66,32,17,0.540486,0.626719,0.024781,0.234477
train_66,33,18,0.571964,0.647706,0.032818,0.288030
train_66,34,19,0.607126,0.637574,0.034827,0.238819
train_66,35,20,0.635256,0.657838,0.034827,0.264872
train_66,36,21,0.692184,0.625271,0.091086,0.217108
train_66,37,22,0.721988,0.547112,0.070323,0.182371
train_66,41,24,0.494943,0.641193,0.024781,0.240266
train_66,42,25,0.472842,0.649153,0.023441,0.256188
train_66,43,26,0.448061,0.654943,0.028799,0.285135
train_66,44,27,0.423280,0.665798,0.028799,0.272109
train_67,11,0,0.464668,0.446249,0.041837,0.231548
train_67,12,1,0.430890,0.445891,0.035322,0.238000
train_67,14,3,0.386380,0.427432,0.058286,0.284954
train_67,17,6,0.278269,0.452652,0.065180,0.244995
train_67,21,8,0.505648,0.432987,0.034636,0.227964
train_67,22,9,0.539255,0.429045,0.036007,0.240150
train_67,23,10,0.564289,0.436930,0.037379,0.250186
train_67,24,11,0.589494,0.447325,0.039094,0.250903
train_67,26,13,0.648478,0.464171,0.061727,0.248753
train_67,27,14,0.698031,0.464888,0.066185,0.224379
train_67,31,16,0.505665,0.705096,0.021134,0.268608
train_67,32,17,0.527504,0.700384,0.027615,0.263896
train_67,33,18,0.554696,0.709514,0.031842,0.264485
train_67,35,20,0.615421,0.711576,0.049031,0.269786
train_67,37,22,0.697843,0.694494,0.075237,0.242690
train_67,38,23,0.750819,0.632054,0.079182,0.135482
train_67,41,24,0.483686,0.681240,0.023952,0.229142
train_67,42,25,0.460720,0.707747,0.030433,0.279800
train_67,43,26,0.431837,0.702151,0.036914,0.265074
train_67,44,27,0.400136,0.696850,0.033814,0.249758
train_67,45,28,0.368154,0.696261,0.054385,0.246224
train_67,46,29,0.328140,0.680356,0.074110,0.237977
train_67,47,30,0.272769,0.688603,0.082845,0.230909
train_68,11,0,0.494279,0.415207,0.033535,0.239138
train_68,12,1,0.474060,0.404032,0.030576,0.203379
train_68,13,2,0.450882,0.396210,0.035507,0.214554
train_68,14,3,0.425238,0.392857,0.031562,0.221259
train_68,15,4,0.397621,0.388387,0.041425,0.265957
train_68,16,5,0.360141,0.390622,0.047343,0.234668
train_68,17,6,0.329072,0.388387,0.048329,0.221259
train_68,21,8,0.516471,0.409619,0.032548,0.272662
train_68,22,9,0.538663,0.400679,0.025644,0.241373
train_68,23,10,0.553951,0.396210,0.024658,0.245843
train_68,27,14,0.642719,0.414089,0.042411,0.232433
train_68,28,15,0.675760,0.397327,0.057206,0.230198
train_68,31,16,0.511047,0.644288,0.025644,0.187735
train_68,32,17,0.527321,0.667754,0.024658,0.212319
train_68,33,18,0.552472,0.671107,0.025644,0.214554
train_68,34,19,0.576143,0.671107,0.023671,0.214554
train_68,35,20,0.598335,0.694574,0.030576,0.248078
train_68,36,21,0.631870,0.673342,0.050302,0.192205
train_68,37,22,0.677240,0.650992,0.066083,0.201144
train_68,38,23,0.712747,0.602941,0.060165,0.203379
train_68,41,24,0.491814,0.664402,0.032548,0.236903
train_68,42,25,0.473567,0.654345,0.031562,0.212319
train_68,43,26,0.451375,0.664402,0.036493,0.236903
train_68,44,27,0.426717,0.659932,0.018740,0.223494
train_68,45,28,0.397128,0.672224,0.026630,0.207849
train_68,47,30,0.319703,0.602941,0.102576,0.154211
train_69,11,0,0.481541,0.465580,0.033102,0.182782
train_69,12,1,0.452820,0.454284,0.024340,0.176620
train_69,13,2,0.423612,0.459418,0.039917,0.166352
train_69,14,3,0.397325,0.464553,0.037970,0.176620
train_69,15,4,0.370551,0.461472,0.035049,0.186889
train_69,16,5,0.340856,0.455311,0.039917,0.166352
train_69,17,6,0.305320,0.444015,0.038944,0.205373
train_69,21,8,0.510262,0.445042,0.032129,0.190996
train_69,22,9,0.536549,0.437854,0.036023,0.168405
train_69,23,10,0.575979,0.434774,0.050627,0.203319
train_69,24,11,0.604214,0.434774,0.040891,0.199211
train_69,25,12,0.639263,0.433747,0.042838,0.184835
train_69,26,13,0.688430,0.435801,0.049653,0.197158
train_69,31,16,0.514156,0.640146,0.020446,0.137600
train_69,32,17,0.531681,0.641173,0.016551,0.164298
train_69,33,18,0.556021,0.658630,0.024340,0.211534
train_69,34,19,0.580847,0.654522,0.031155,0.219749
train_69,35,20,0.604701,0.640146,0.045759,0.182782
train_69,36,21,0.652894,0.617555,0.073993,0.170459
train_69,37,22,0.706928,0.619609,0.069125,0.182782
train_69,38,23,0.742464,0.579561,0.042838,0.156083
train_69,41,24,0.493224,0.649388,0.023366,0.143761
train_69,42,25,0.471805,0.664791,0.025313,0.195104
train_69,43,26,0.447952,0.645281,0.032129,0.197158
train_69,44,27,0.416796,0.649388,0.028234,0.188943
train_69,45,28,0.387589,0.654522,0.032129,0.199211
train_69,46,29,0.354000,0.655549,0.066205,0.193050
train_69,47,30,0.311161,0.629878,0.046733,0.174567
train_69,48,31,0.276112,0.612421,0.038944,0.139653
train_7,11,0,0.492096,0.435410,0.036186,0.266648
train_7,12,1,0.467020,0.434029,0.026663,0.274938
train_7,13,2,0.447657,0.436792,0.027298,0.263885
train_7,14,3,0.427025,0.426430,0.034281,0.281846
train_7,15,4,0.403219,0.442318,0.045074,0.211384
train_7,16,5,0.370207,0.431956,0.051422,0.226582
train_7,21,8,0.513046,0.438174,0.031107,0.272175
train_7,22,9,0.539074,0.443700,0.024759,0.266648
train_7,23,10,0.561929,0.433338,0.029837,0.281846
train_7,24,11,0.576530,0.433338,0.037456,0.281846
train_7,26,13,0.625095,0.453371,0.044439,0.219674
train_7,27,14,0.660964,0.456825,0.039995,0.210003
train_7,28,15,0.687627,0.409160,0.041265,0.197568
train_7,31,16,0.514082,0.704916,0.021357,0.250096
train_7,32,17,0.531774,0.710348,0.024124,0.258359
train_7,33,18,0.553676,0.724855,0.027298,0.265267
train_7,34,19,0.576530,0.729000,0.029837,0.256977
train_7,35,20,0.600654,0.721401,0.036186,0.244543
train_7,36,21,0.635888,0.717256,0.060945,0.266648
train_7,37,22,0.675882,0.688933,0.064754,0.229345
train_7,38,23,0.717782,0.705513,0.048248,0.212766
train_7,41,24,0.497492,0.712421,0.021585,0.248687
train_7,42,25,0.479399,0.718638,0.024759,0.261122
train_7,43,26,0.463846,0.722783,0.031742,0.288754
train_7,44,27,0.446705,0.722783,0.029203,0.261122
train_7,45,28,0.430517,0.720019,0.034916,0.272175
train_7,46,29,0.395918,0.709657,0.060945,0.259740
train_7,47,30,0.357193,0.686861,0.074911,0.258359
train_7,48,31,0.302279,0.681335,0.053961,0.194805
train_70,11,0,0.473627,0.504475,0.030111,0.220928
train_70,12,1,0.451514,0.503419,0.025407,0.218817
train_70,17,6,0.346104,0.435138,0.053689,0.199289
train_70,21,8,0.499818,0.503771,0.028543,0.230778
train_70,22,9,0.521931,0.500253,0.023838,0.225149
train_70,23,10,0.544828,0.493569,0.026347,0.246960
train_70,24,11,0.563334,0.485478,0.032621,0.223742
train_70,25,12,0.583252,0.484774,0.031680,0.239221
train_70,26,13,0.606776,0.473165,0.044226,0.220224
train_70,27,14,0.644871,0.463804,0.047508,0.194603
train_70,28,15,0.667799,0.382488,0.059902,0.191360
train_70,31,16,0.525171,0.735321,0.026233,0.231670
train_70,32,17,0.547479,0.739028,0.028298,0.260397
train_70,33,18,0.571233,0.733468,0.027472,0.220550
train_70,35,20,0.611718,0.724433,0.067544,0.206187
train_70,36,21,0.644148,0.667442,0.081590,0.190433
train_70,37,22,0.695271,0.617865,0.093777,0.195993
train_70,41,24,0.504928,0.733005,0.022515,0.208503
train_70,42,25,0.486235,0.726750,0.021482,0.195066
train_70,43,26,0.470124,0.733931,0.026852,0.218697
train_70,44,27,0.452256,0.750148,0.030777,0.271518
train_70,44,27,0.429833,0.751276,0.034514,0.256638
train_70,45,28,0.409061,0.724752,0.058802,0.227964
train_70,46,29,0.377263,0.696436,0.089802,0.222945
train_70,47,30,0.337315,0.661309,0.086606,0.232982
train_71,11,0,0.484158,0.456553,0.021823,0.178795
train_71,12,1,0.459855,0.472197,0.022815,0.187735
train_71,13,2,0.445472,0.445378,0.031743,0.196674
train_71,14,3,0.427120,0.438673,0.018847,0.205614
train_71,15,4,0.410753,0.447613,0.029759,0.187735
train_71,16,5,0.391410,0.428616,0.032735,0.198909
train_71,17,6,0.370578,0.414089,0.032735,0.201144
train_71,18,7,0.350243,0.399562,0.043646,0.172090
train_71,21,8,0.501518,0.456553,0.026783,0.219024
train_71,22,9,0.526317,0.453200,0.022815,0.207849
train_71,23,10,0.541692,0.456553,0.019839,0.196674
train_71,24,11,0.557564,0.453200,0.025791,0.198909
train_71,25,12,0.576411,0.439791,0.015871,0.221259
train_71,26,13,0.591787,0.423029,0.034719,0.223494
train_71,27,14,0.620554,0.412972,0.040671,0.212319
train_71,28,15,0.636921,0.383917,0.045630,0.198909
train_71,31,16,0.510941,0.735920,0.015871,0.169855
train_71,32,17,0.528301,0.741507,0.016863,0.203379
train_71,33,18,0.550124,0.732567,0.024799,0.207849
train_71,34,19,0.567483,0.722510,0.019839,0.183265
train_71,35,20,0.589307,0.716923,0.023807,0.198909
train_71,37,22,0.651800,0.653227,0.069438,0.178795
train_71,38,23,0.691479,0.599589,0.079357,0.156446
train_71,41,24,0.494078,0.731450,0.017855,0.192205
train_71,42,25,0.477215,0.730333,0.015871,0.185500
train_71,43,26,0.457375,0.742625,0.019839,0.219024
train_71,44,27,0.434560,0.723628,0.019839,0.172090
train_71,47,30,0.344787,0.648757,0.062494,0.143036
train_71,48,31,0.309572,0.608529,0.073405,0.160915
train_72,11,0,0.452938,0.460279,0.032771,0.291517
train_72,12,1,0.423003,0.452680,0.024579,0.268030
train_72,13,2,0.400315,0.435410,0.025839,0.285991
train_72,14,3,0.378888,0.429884,0.038443,0.272175
train_72,15,4,0.355885,0.425739,0.032771,0.255595
train_72,16,5,0.325949,0.409160,0.042225,0.239016
train_72,17,6,0.290027,0.400180,0.043485,0.221056
train_72,18,7,0.280573,0.302777,0.067433,0.117436
train_72,21,8,0.494848,0.465805,0.035922,0.274938
train_72,22,9,0.525098,0.458207,0.032141,0.254214
train_72,23,10,0.556609,0.447154,0.037183,0.279083
train_72,24,11,0.580873,0.434029,0.044115,0.274938
train_72,25,12,0.613329,0.427121,0.042225,0.261122
train_72,26,13,0.649882,0.429193,0.044746,0.223819
train_72,27,14,0.688955,0.406397,0.053569,0.194805
train_72,28,15,0.695258,0.318665,0.086340,0.138160
train_72,31,16,0.495478,0.724855,0.024579,0.204476
train_72,32,17,0.518166,0.729691,0.024579,0.227964
train_72,33,18,0.547156,0.731763,0.033402,0.265267
train_72,34,19,0.579612,0.705513,0.034032,0.245924
train_72,35,20,0.609233,0.705513,0.045376,0.245924
train_72,36,21,0.650512,0.666137,0.081298,0.216911
train_72,37,22,0.700614,0.632979,0.080668,0.219674
train_72,38,23,0.744730,0.595676,0.068064,0.183752
train_72,42,25,0.444430,0.713802,0.029620,0.201713
train_72,43,26,0.416701,0.730381,0.030881,0.265267
train_72,44,27,0.395273,0.702749,0.029620,0.221056
train_72,45,28,0.371955,0.687552,0.032141,0.223819
train_72,46,29,0.333197,0.663374,0.075626,0.236253
train_72,47,30,0.282779,0.634360,0.085710,0.227964
train_72,48,31,0.237403,0.601202,0.073105,0.194805
train_73,11,0,0.484450,0.419468,0.033647,0.221823
train_73,12,1,0.460245,0.418701,0.023004,0.218753
train_73,13,2,0.438958,0.422538,0.031244,0.235639
train_73,14,3,0.415439,0.419084,0.038454,0.236407
train_73,17,6,0.330841,0.394715,0.067226,0.252448
train_73,21,8,0.514664,0.417549,0.036394,0.230266
train_73,22,9,0.538011,0.415630,0.024034,0.221823
train_73,23,10,0.563418,0.401047,0.031587,0.247920
train_73,27,14,0.659982,0.404846,0.060050,0.227119
train_73,31,16,0.508999,0.664702,0.024377,0.222591
train_73,32,17,0.536809,0.679285,0.037424,0.260968
train_73,33,18,0.556551,0.677750,0.038454,0.274784
train_73,34,19,0.584190,0.678134,0.032617,0.264806
train_73,35,20,0.609940,0.671993,0.038111,0.277087
train_73,36,21,0.654059,0.665469,0.074848,0.274784
train_73,37,22,0.700582,0.640524,0.079998,0.249455
train_73,41,24,0.492175,0.666237,0.028497,0.230266
train_73,42,25,0.470888,0.672377,0.029184,0.248687
train_73,43,26,0.446340,0.680053,0.028154,0.260968
train_73,44,27,0.420589,0.678134,0.031587,0.254060
train_73,45,28,0.392436,0.700009,0.039141,0.299346
train_73,46,29,0.348832,0.654340,0.074848,0.257131
train_73,47,30,0.303168,0.635918,0.077594,0.238709
train_74,11,0,0.480138,0.434039,0.038079,0.242005
train_74,13,2,0.453558,0.423715,0.030916,0.234571
train_74,14,3,0.430371,0.419998,0.035063,0.248612
train_74,15,4,0.404545,0.429909,0.030162,0.200707
train_74,16,5,0.376457,0.431148,0.047128,0.219704
train_74,17,6,0.337058,0.424128,0.049767,0.180884
train_74,18,7,0.305577,0.379939,0.068241,0.221356
train_74,21,8,0.516521,0.424954,0.036194,0.260176
train_74,23,10,0.544609,0.410087,0.030539,0.243657
train_74,24,11,0.578353,0.415455,0.042981,0.229615
train_74,25,12,0.605121,0.401414,0.030916,0.239527
train_74,26,13,0.642070,0.390264,0.045243,0.230441
train_74,27,14,0.672609,0.383243,0.056553,0.218052
train_74,28,15,0.705975,0.351444,0.050898,0.213922
train_74,31,16,0.508038,0.678935,0.029031,0.237875
train_74,32,17,0.534807,0.676044,0.038079,0.238701
train_74,33,18,0.558748,0.687607,0.048259,0.273391
train_74,34,19,0.577222,0.669023,0.048259,0.257698
train_74,35,20,0.603802,0.659112,0.051652,0.242831
train_74,36,21,0.644897,0.641767,0.079552,0.249438
train_74,37,22,0.694476,0.603773,0.088977,0.226312
train_74,41,24,0.486359,0.659938,0.033178,0.198229
train_74,42,25,0.467320,0.666959,0.040341,0.215574
train_74,43,26,0.448092,0.679761,0.033555,0.256046
train_74,44,27,0.421888,0.674805,0.038456,0.244483
train_74,45,28,0.399456,0.679761,0.038833,0.247786
train_74,47,30,0.330272,0.642180,0.117631,0.210618
train_74,48,31,0.295774,0.582711,0.108960,0.174276
train_75,11,0,0.471652,0.468223,0.033118,0.177043
train_75,12,1,0.443372,0.468223,0.025676,0.180057
train_75,13,2,0.417882,0.465209,0.026792,0.180057
train_75,14,3,0.395555,0.462949,0.032746,0.174030
train_75,15,4,0.368949,0.464079,0.035351,0.167249
train_75,16,5,0.334157,0.455415,0.043909,0.171016
train_75,17,6,0.298806,0.423397,0.051352,0.176290
train_75,21,8,0.498259,0.462949,0.033490,0.180057
train_75,22,9,0.524865,0.452778,0.031630,0.179303
train_75,23,10,0.548308,0.443361,0.028653,0.186084
train_75,24,11,0.568216,0.437334,0.034979,0.168003
train_75,25,12,0.594803,0.426007,0.029532,0.174208
train_75,26,13,0.626618,0.420979,0.042687,0.163608
train_75,27,14,0.658767,0.411331,0.049802,0.142138
train_75,28,15,0.671050,0.282781,0.043224,0.149204
train_75,31,16,0.496728,0.634256,0.019840,0.122834
train_75,32,17,0.515562,0.635421,0.020703,0.156599
train_75,33,18,0.541440,0.644735,0.033355,0.182214
train_75,34,19,0.561425,0.642115,0.035943,0.192111
train_75,35,20,0.590754,0.627561,0.048594,0.181632
train_75,36,21,0.626840,0.613008,0.075336,0.188618
train_75,37,22,0.677367,0.571529,0.085597,0.175301
train_75,41,24,0.477705,0.652176,0.021152,0.153288
train_75,42,25,0.457838,0.655578,0.024118,0.150487
train_75,43,26,0.433720,0.668185,0.026094,0.188509
train_75,44,27,0.409207,0.658779,0.034002,0.173700
train_75,45,28,0.378962,0.662181,0.047049,0.181304
train_75,46,29,0.336855,0.644571,0.084609,0.178103
train_75,47,30,0.295637,0.608751,0.075713,0.182505
train_76,11,0,0.483567,0.421698,0.035570,0.276568
train_76,12,1,0.459496,0.409165,0.028800,0.266932
train_76,13,2,0.435671,0.396825,0.033280,0.295508
train_76,14,3,0.414499,0.388311,0.042113,0.287208
train_76,15,4,0.385654,0.401834,0.044421,0.244707
train_76,16,5,0.349886,0.385091,0.062881,0.255010
train_76,17,6,0.321042,0.358044,0.080188,0.224100
train_76,18,7,0.296120,0.269411,0.064360,0.178226
train_76,21,8,0.515852,0.424784,0.036269,0.272809
train_76,22,9,0.544867,0.430390,0.027341,0.249140
train_76,23,10,0.572487,0.424784,0.033479,0.275300
train_76,24,11,0.598712,0.424162,0.035711,0.279037
train_76,25,12,0.627727,0.434750,0.034595,0.232946
train_76,26,13,0.660648,0.433504,0.047986,0.220489
train_76,27,14,0.699149,0.420425,0.051334,0.209278
train_76,28,15,0.719515,0.335717,0.042964,0.134536
train_76,31,16,0.513620,0.683268,0.021761,0.194330
train_76,32,17,0.535660,0.687628,0.025667,0.205541
train_76,33,18,0.562722,0.698839,0.038501,0.232946
train_76,34,19,0.595922,0.695725,0.045754,0.221735
train_76,35,20,0.623263,0.695725,0.045754,0.229209
train_76,36,21,0.665949,0.676416,0.074211,0.227964
train_76,37,22,0.708355,0.639668,0.069189,0.209278
train_76,38,23,0.759410,0.606034,0.065284,0.156958
train_76,41,24,0.491022,0.678285,0.026225,0.191838
train_76,42,25,0.472330,0.687628,0.029015,0.215507
train_76,43,26,0.447221,0.683268,0.030131,0.246649
train_76,44,27,0.423786,0.665205,0.035711,0.208032
train_76,45,28,0.392818,0.664582,0.049660,0.221735
train_76,46,29,0.345668,0.646520,0.088161,0.232946
train_76,47,30,0.298798,0.612886,0.084813,0.215507
train_76,48,31,0.234351,0.559943,0.083697,0.149484
train_77,11,0,0.488192,0.453873,0.034311,0.230017
train_77,12,1,0.461234,0.439497,0.025488,0.254662
train_77,13,2,0.425943,0.422041,0.035291,0.285468
train_77,14,3,0.395553,0.436417,0.039212,0.232071
train_77,15,4,0.372026,0.416906,0.043133,0.258769
train_77,16,5,0.328402,0.401503,0.053917,0.240286
train_77,17,6,0.283798,0.383020,0.056858,0.227964
train_77,21,8,0.521032,0.448739,0.035291,0.232071
train_77,22,9,0.548451,0.445685,0.027509,0.225964
train_77,23,10,0.586440,0.415580,0.037234,0.274363
train_77,24,11,0.614365,0.426339,0.036592,0.250155
train_77,25,12,0.638760,0.420287,0.034024,0.238050
train_77,26,13,0.672464,0.427684,0.043654,0.182909
train_77,27,14,0.713229,0.403475,0.045580,0.201738
train_77,31,16,0.513255,0.687925,0.023111,0.184254
train_77,32,17,0.539576,0.690615,0.037234,0.197703
train_77,33,18,0.569106,0.702047,0.044938,0.236705
train_77,34,19,0.590933,0.693305,0.037234,0.229981
train_77,35,20,0.617896,0.675821,0.048790,0.216532
train_77,36,21,0.658982,0.658337,0.077036,0.229981
train_77,37,22,0.708735,0.622024,0.089234,0.189633
train_77,38,23,0.743401,0.566883,0.075110,0.151976
train_77,41,24,0.491749,0.683891,0.019901,0.170805
train_77,42,25,0.470564,0.691288,0.023753,0.204427
train_77,43,26,0.438466,0.703392,0.040444,0.234016
train_77,44,27,0.418244,0.691288,0.038518,0.217877
train_77,47,30,0.285998,0.624042,0.095654,0.199048
train_77,48,31,0.240418,0.565538,0.104641,0.162735
train_78,11,0,0.488153,0.472210,0.035690,0.232306
train_78,12,1,0.458908,0.468954,0.028750,0.230135
train_78,13,2,0.429662,0.438558,0.041638,0.230135
train_78,14,3,0.397938,0.430960,0.045603,0.219279
train_78,15,4,0.364727,0.421190,0.038664,0.208424
train_78,16,5,0.328046,0.405992,0.060474,0.199739
train_78,17,6,0.286904,0.383196,0.057500,0.175858
train_78,18,7,0.279469,0.276813,0.040646,0.089014
train_78,21,8,0.527808,0.455927,0.031724,0.204082
train_78,22,9,0.552592,0.458098,0.023793,0.186713
train_78,23,10,0.581342,0.449414,0.039655,0.199739
train_78,24,11,0.609101,0.436387,0.037672,0.204082
train_78,25,12,0.643799,0.429874,0.033707,0.221450
train_78,26,13,0.675027,0.409249,0.046595,0.236648
train_78,27,14,0.717161,0.389709,0.063448,0.214937
train_78,28,15,0.727074,0.268129,0.057500,0.115067
train_78,31,16,0.516407,0.707772,0.020819,0.212766
train_78,32,17,0.536730,0.709944,0.023793,0.230135
train_78,33,18,0.564489,0.721884,0.031724,0.227964
train_78,34,19,0.596213,0.680634,0.043621,0.197568
train_78,35,20,0.625954,0.670864,0.043621,0.199739
train_78,36,21,0.669079,0.650239,0.066422,0.206253
train_78,37,22,0.709725,0.589449,0.064439,0.175858
train_78,38,23,0.762268,0.564481,0.056508,0.091185
train_78,41,24,0.495588,0.718628,0.026767,0.199739
train_78,42,25,0.474274,0.695832,0.025776,0.197568
train_78,43,26,0.441063,0.699088,0.048577,0.225792
train_78,44,27,0.411817,0.674121,0.045603,0.219279
train_78,45,28,0.386537,0.651324,0.044612,0.204082
train_78,46,29,0.339447,0.641554,0.083276,0.210595
train_78,47,30,0.298305,0.566652,0.080301,0.182371
train_78,48,31,0.251710,0.536257,0.050560,0.134607
train_79,11,0,0.499942,0.443816,0.041202,0.264849
train_79,13,2,0.451486,0.449357,0.059192,0.255984
train_79,14,3,0.420439,0.455452,0.038881,0.234929
train_79,15,4,0.390262,0.455452,0.044684,0.230496
train_79,16,5,0.342096,0.469304,0.059773,0.238254
train_79,17,6,0.291899,0.473737,0.056871,0.233821
train_79,21,8,0.540564,0.449357,0.041202,0.264849
train_79,22,9,0.572481,0.452128,0.029596,0.239362
train_79,23,10,0.610782,0.445479,0.051648,0.254876
train_79,24,11,0.635156,0.449911,0.051648,0.248227
train_79,25,12,0.667363,0.451020,0.051068,0.257092
train_79,26,13,0.704213,0.458223,0.063254,0.249335
train_79,27,14,0.757602,0.461547,0.055130,0.233821
train_79,31,16,0.534761,0.689273,0.026114,0.208333
train_79,32,17,0.559424,0.689273,0.032498,0.223848
train_79,33,18,0.584378,0.695368,0.038301,0.236037
train_79,34,19,0.616005,0.707004,0.041202,0.230496
train_79,35,20,0.651114,0.709774,0.062674,0.240470
train_79,36,21,0.695508,0.709220,0.086467,0.232713
train_79,37,22,0.754701,0.690381,0.102716,0.217199
train_79,41,24,0.511258,0.686503,0.027855,0.229388
train_79,42,25,0.484854,0.697584,0.030757,0.242686
train_79,43,26,0.457289,0.709774,0.032498,0.253768
train_79,44,27,0.425371,0.715869,0.039461,0.246011
train_79,45,28,0.395195,0.725288,0.052228,0.260417
train_79,46,29,0.342386,0.729167,0.085887,0.241578
train_79,47,30,0.288417,0.695368,0.091690,0.213874
train_8,11,0,0.500833,0.473441,0.031962,0.245641
train_8,12,1,0.473714,0.464207,0.030025,0.245641
train_8,13,2,0.449985,0.454972,0.032930,0.264111
train_8,14,3,0.428192,0.472518,0.041647,0.206856
train_8,15,4,0.400105,0.472518,0.037773,0.214243
train_8,16,5,0.361847,0.456819,0.054238,0.230866
train_8,17,6,0.314389,0.438350,0.052301,0.216090
train_8,21,8,0.527952,0.461436,0.031962,0.262264
train_8,22,9,0.553618,0.454972,0.027119,0.253029
train_8,23,10,0.576379,0.449431,0.033899,0.278886
train_8,24,11,0.603014,0.461436,0.030993,0.232713
train_8,25,12,0.628680,0.446661,0.037773,0.251182
train_8,26,13,0.665485,0.471594,0.057144,0.223478
train_8,27,14,0.713912,0.455895,0.061018,0.214243
train_8,31,16,0.533763,0.718159,0.024214,0.199468
train_8,32,17,0.552650,0.724623,0.023245,0.227172
train_8,33,18,0.581222,0.738475,0.043584,0.247488
train_8,34,19,0.604467,0.705230,0.041647,0.221631
train_8,35,20,0.631102,0.701537,0.052301,0.225325
train_8,37,22,0.701805,0.668292,0.083295,0.184693
train_8,38,23,0.751201,0.624889,0.092980,0.164376
train_8,41,24,0.514393,0.728317,0.030025,0.234560
train_8,42,25,0.495022,0.732011,0.028088,0.249335
train_8,43,26,0.471777,0.720006,0.031962,0.232713
train_8,44,27,0.447079,0.729241,0.034868,0.247488
train_8,45,28,0.415601,0.719082,0.047459,0.249335
train_8,47,30,0.326011,0.670139,0.104603,0.192080
train_8,48,31,0.284848,0.632277,0.092011,0.182846
train_80,11,0,0.486701,0.453200,0.028632,0.207849
train_80,12,1,0.463499,0.449848,0.021721,0.210084
train_80,13,2,0.441285,0.445378,0.018759,0.241373
train_80,14,3,0.425982,0.433086,0.023695,0.221259
train_80,15,4,0.409198,0.447613,0.027644,0.236903
train_80,16,5,0.383034,0.442026,0.040479,0.216789
train_80,17,6,0.350947,0.434203,0.057264,0.192205
train_80,18,7,0.318366,0.392857,0.065162,0.189970
train_80,21,8,0.517801,0.448731,0.033568,0.203379
train_80,22,9,0.544458,0.455435,0.027644,0.207849
train_80,23,10,0.564698,0.446496,0.028632,0.225729
train_80,24,11,0.587406,0.448731,0.032581,0.221259
train_80,25,12,0.606658,0.442026,0.031594,0.207849
train_80,26,13,0.630847,0.428616,0.046403,0.225729
train_80,27,14,0.668858,0.420794,0.047391,0.210084
train_80,28,15,0.692060,0.388387,0.058251,0.194439
train_80,31,16,0.511384,0.675577,0.020733,0.192205
train_80,32,17,0.528168,0.683399,0.022708,0.198909
train_80,33,18,0.548901,0.682281,0.032581,0.223494
train_80,34,19,0.576546,0.683399,0.030606,0.203379
train_80,35,20,0.599254,0.675577,0.040479,0.196674
train_80,36,21,0.643682,0.657697,0.066149,0.187735
train_80,37,22,0.685149,0.615233,0.083921,0.196674
train_80,38,23,0.723160,0.566065,0.063187,0.174325
train_80,41,24,0.494106,0.666637,0.019746,0.169855
train_80,42,25,0.472385,0.673342,0.021721,0.165385
train_80,43,26,0.452145,0.676694,0.022708,0.207849
train_80,44,27,0.434374,0.675577,0.030606,0.183265
train_80,45,28,0.408704,0.680046,0.040479,0.205614
train_80,46,29,0.376617,0.661050,0.061213,0.207849
train_80,47,30,0.331694,0.645405,0.085895,0.198909
train_80,48,31,0.291709,0.573887,0.084908,0.185500
train_81,11,0,0.480262,0.418306,0.034622,0.289287
train_81,12,1,0.449732,0.416973,0.030215,0.267957
train_81,13,2,0.420776,0.399643,0.035251,0.286621
train_81,14,3,0.394337,0.402976,0.045323,0.261292
train_81,15,4,0.363807,0.391644,0.039658,0.283955
train_81,16,5,0.328870,0.402309,0.055395,0.254626
train_81,17,6,0.283547,0.387645,0.049100,0.246627
train_81,18,7,0.246407,0.374313,0.054136,0.222631
train_81,21,8,0.513625,0.410974,0.040917,0.293286
train_81,22,9,0.549821,0.426972,0.033992,0.253293
train_81,23,10,0.581925,0.409641,0.037769,0.282621
train_81,24,11,0.609622,0.397643,0.042805,0.295953
train_81,25,12,0.636690,0.403642,0.033992,0.262625
train_81,26,13,0.674774,0.420306,0.056025,0.237295
train_81,27,14,0.718524,0.387645,0.050359,0.243961
train_81,28,15,0.757552,0.370314,0.049100,0.230630
train_81,31,16,0.514884,0.681598,0.029586,0.218632
train_81,32,17,0.536916,0.688930,0.029586,0.230630
train_81,33,18,0.572483,0.693596,0.052877,0.255959
train_81,34,19,0.596088,0.702928,0.043435,0.277289
train_81,35,20,0.621897,0.696262,0.044694,0.277289
train_81,37,22,0.714118,0.660268,0.105754,0.261292
train_81,38,23,0.758182,0.613608,0.099459,0.242628
train_81,41,24,0.490649,0.690263,0.023921,0.230630
train_81,42,25,0.466099,0.696928,0.027698,0.243961
train_81,43,26,0.441234,0.691596,0.035881,0.262625
train_81,44,27,0.416684,0.684264,0.034622,0.261292
train_81,45,28,0.388042,0.685597,0.042805,0.279955
train_81,46,29,0.345552,0.669600,0.082463,0.255959
train_81,47,30,0.291101,0.650269,0.085611,0.265291
train_81,48,31,0.242945,0.626940,0.073650,0.253293
train_82,11,0,0.481619,0.348002,0.033384,0.352407
train_82,12,1,0.460017,0.355161,0.035348,0.338091
train_82,13,2,0.433261,0.349654,0.038785,0.353509
train_82,14,3,0.415832,0.355161,0.037312,0.340293
train_82,15,4,0.397176,0.361768,0.041240,0.324876
train_82,16,5,0.371647,0.372230,0.054986,0.297344
train_82,17,6,0.328934,0.372230,0.051058,0.270913
train_82,18,7,0.299723,0.350205,0.061368,0.262103
train_82,21,8,0.509357,0.350755,0.027984,0.335888
train_82,22,9,0.534641,0.350205,0.032402,0.332584
train_82,23,10,0.557470,0.322673,0.035839,0.411876
train_82,24,11,0.576126,0.341945,0.038785,0.364521
train_82,25,12,0.593800,0.347452,0.043694,0.340293
train_82,26,13,0.626939,0.370578,0.048113,0.276420
train_82,27,14,0.670879,0.356262,0.049586,0.261002
train_82,31,16,0.500766,0.633783,0.026511,0.221356
train_82,32,17,0.520649,0.629928,0.027984,0.235672
train_82,33,18,0.546178,0.660764,0.034857,0.290736
train_82,34,19,0.569253,0.658011,0.039767,0.283027
train_82,35,20,0.591100,0.660764,0.052040,0.284128
train_82,36,21,0.643140,0.649200,0.099171,0.287432
train_82,37,22,0.682171,0.605150,0.081988,0.252192
train_82,38,23,0.743294,0.556694,0.083461,0.124444
train_82,41,24,0.485301,0.629378,0.027002,0.214748
train_82,42,25,0.468854,0.646447,0.029457,0.253293
train_82,43,26,0.445289,0.675631,0.039276,0.309458
train_82,44,27,0.424178,0.658011,0.037312,0.276420
train_82,45,28,0.404295,0.648650,0.044676,0.248888
train_82,46,29,0.359128,0.644795,0.092789,0.261002
train_82,47,30,0.315433,0.611757,0.080024,0.243381
train_82,48,31,0.251856,0.566605,0.089352,0.131051
train_83,11,0,0.492132,0.378082,0.031473,0.288472
train_83,12,1,0.467898,0.367528,0.025808,0.292694
train_83,13,2,0.449644,0.365417,0.028325,0.305359
train_83,14,3,0.429186,0.372453,0.035249,0.291287
train_83,15,4,0.406526,0.370342,0.036508,0.267365
train_83,16,5,0.376942,0.359788,0.056651,0.265957
train_83,17,6,0.334139,0.340791,0.057910,0.261736
train_83,18,7,0.299519,0.321091,0.060428,0.278622
train_83,21,8,0.523919,0.371749,0.033361,0.292694
train_83,22,9,0.550671,0.375267,0.028955,0.282844
train_83,23,10,0.572702,0.359085,0.030214,0.340538
train_83,24,11,0.591900,0.380896,0.033361,0.282844
train_83,25,12,0.615505,0.364010,0.035249,0.291287
train_83,26,13,0.643201,0.368935,0.051615,0.275808
train_83,27,14,0.682856,0.360492,0.056651,0.256107
train_83,28,15,0.708979,0.343606,0.063575,0.239221
train_83,31,16,0.521716,0.649668,0.027696,0.220928
train_83,32,17,0.545950,0.650371,0.027066,0.227964
train_83,33,18,0.576164,0.670776,0.047209,0.246257
train_83,34,19,0.598195,0.660222,0.039656,0.233592
train_83,35,20,0.629982,0.658111,0.064204,0.246257
train_83,36,21,0.668694,0.628560,0.097565,0.251886
train_83,37,22,0.722197,0.578605,0.108895,0.199820
train_83,38,23,0.752096,0.538501,0.074275,0.218113
train_83,41,24,0.502833,0.645446,0.031473,0.218113
train_83,42,25,0.479228,0.651779,0.027066,0.242035
train_83,43,26,0.460030,0.664443,0.026437,0.247664
train_83,44,27,0.433593,0.663036,0.037767,0.253293
train_83,45,28,0.401491,0.665147,0.035249,0.161826
train_83,46,29,0.366556,0.615896,0.088753,0.226556
train_83,47,30,0.307702,0.579309,0.108266,0.198413
train_83,48,31,0.266158,0.529354,0.089382,0.213892
train_84,11,0,0.491969,0.402162,0.033169,0.341228
train_84,12,1,0.469325,0.388542,0.024877,0.299650
train_84,13,2,0.448595,0.367752,0.031893,0.352698
train_84,14,3,0.426589,0.378505,0.033807,0.305385
train_84,16,5,0.374603,0.382807,0.045926,0.296783
train_84,17,6,0.339202,0.389975,0.047840,0.230831
train_84,18,7,0.321979,0.281012,0.061873,0.176349
train_84,21,8,0.524181,0.400011,0.035082,0.351265
train_84,22,9,0.546825,0.394993,0.026790,0.301084
train_84,23,10,0.571383,0.382090,0.033807,0.318289
train_84,31,16,0.520673,0.688909,0.024239,0.215060
train_84,32,17,0.538852,0.698228,0.026152,0.239433
train_84,33,18,0.564048,0.717583,0.042099,0.303951
train_84,34,19,0.587330,0.716866,0.035082,0.296783
train_84,35,20,0.607741,0.696794,0.038910,0.279578
train_84,36,21,0.644418,0.666686,0.070165,0.245168
train_84,37,22,0.693214,0.637294,0.100144,0.255204
train_84,41,24,0.498986,0.699662,0.022963,0.242301
train_84,42,25,0.477617,0.709698,0.022325,0.268108
train_84,43,26,0.453379,0.717583,0.033807,0.298216
train_84,44,27,0.433286,0.719017,0.033169,0.295349
train_84,45,28,0.405539,0.703246,0.041461,0.275277
train_84,47,30,0.328358,0.649481,0.097593,0.207891
train_84,48,31,0.287854,0.628692,0.105885,0.252337
train_85,11,0,0.475604,0.428789,0.031290,0.249674
train_85,12,1,0.458003,0.417933,0.023467,0.254017
train_85,13,2,0.439914,0.428789,0.016623,0.245332
train_85,14,3,0.422802,0.427703,0.029334,0.247503
train_85,15,4,0.403246,0.436387,0.031290,0.247503
train_85,16,5,0.376357,0.434216,0.040090,0.251845
train_85,17,6,0.342622,0.429874,0.048890,0.221450
train_85,21,8,0.503471,0.426617,0.034223,0.240990
train_85,22,9,0.533294,0.420104,0.025423,0.245332
train_85,23,10,0.548939,0.426617,0.023467,0.232306
train_85,24,11,0.576318,0.422275,0.033245,0.240990
train_85,25,12,0.599785,0.421190,0.029334,0.238819
train_85,27,14,0.649164,0.419019,0.044001,0.221450
train_85,31,16,0.505427,0.689318,0.026401,0.219279
train_85,32,17,0.524005,0.689318,0.024445,0.219279
train_85,33,18,0.543561,0.688233,0.022489,0.234477
train_85,34,19,0.568006,0.681719,0.024445,0.247503
train_85,35,20,0.591474,0.669779,0.026401,0.210595
train_85,37,22,0.659431,0.628528,0.074313,0.167173
train_85,38,23,0.697076,0.587277,0.083113,0.184542
train_85,41,24,0.484404,0.687147,0.021512,0.193226
train_85,42,25,0.463870,0.683891,0.021512,0.212766
train_85,43,26,0.445292,0.694746,0.021512,0.221450
train_85,44,27,0.425247,0.695832,0.022489,0.214937
train_85,45,28,0.406180,0.686062,0.027379,0.208424
train_85,47,30,0.334311,0.662180,0.075291,0.199739
train_85,48,31,0.291288,0.617673,0.088980,0.188884
train_86,11,0,0.490040,0.360149,0.035625,0.236223
train_86,12,1,0.460099,0.355194,0.033352,0.246135
train_86,13,2,0.425990,0.346108,0.037899,0.251090
train_86,14,3,0.400976,0.356846,0.028804,0.242831
train_86,15,4,0.376342,0.347760,0.032594,0.221356
train_86,16,5,0.339579,0.345282,0.057607,0.232919
train_86,17,6,0.296753,0.350238,0.043205,0.209793
train_86,18,7,0.262264,0.284987,0.043963,0.161887
train_86,21,8,0.523013,0.362627,0.034868,0.251090
train_86,22,9,0.553711,0.346934,0.026530,0.246135
train_86,23,10,0.588958,0.354368,0.028804,0.254394
train_86,24,11,0.610939,0.348586,0.028804,0.246135
train_86,26,13,0.664378,0.357671,0.046237,0.221356
train_86,27,14,0.707204,0.354368,0.037899,0.191622
train_86,28,15,0.738660,0.295725,0.040173,0.150324
train_86,31,16,0.511264,0.617847,0.023498,0.216400
train_86,32,17,0.535140,0.628585,0.024256,0.251090
train_86,33,18,0.561291,0.631063,0.029562,0.246135
train_86,34,19,0.585547,0.626107,0.026530,0.219704
train_86,35,20,0.607149,0.633540,0.027288,0.221356
train_86,36,21,0.647323,0.627759,0.059123,0.213096
train_86,37,22,0.698866,0.604632,0.071251,0.203185
train_86,38,23,0.748893,0.569942,0.057607,0.156931
train_86,41,24,0.493072,0.623629,0.025014,0.227964
train_86,42,25,0.469574,0.620325,0.026530,0.234571
train_86,43,26,0.447214,0.632714,0.030320,0.246135
train_86,44,27,0.421063,0.632714,0.028046,0.246135
train_86,45,28,0.398323,0.629411,0.025014,0.239527
train_86,46,29,0.361940,0.608762,0.061397,0.211444
train_86,47,30,0.309639,0.588113,0.065945,0.206489
train_86,48,31,0.242936,0.560856,0.076557,0.148672
train_87,11,0,0.481999,0.431969,0.036396,0.214554
train_87,12,1,0.458883,0.424146,0.023608,0.216789
train_87,13,2,0.433307,0.402914,0.027543,0.192205
train_87,14,3,0.414126,0.397327,0.038363,0.198909
train_87,15,4,0.380189,0.369390,0.053118,0.178795
train_87,16,5,0.348220,0.354863,0.054102,0.172090
train_87,17,6,0.322152,0.357098,0.051151,0.122922
train_87,21,8,0.507574,0.438673,0.024592,0.210084
train_87,22,9,0.531674,0.424146,0.029510,0.181030
train_87,23,10,0.553807,0.426381,0.034428,0.203379
train_87,24,11,0.575448,0.402914,0.016722,0.219024
train_87,25,12,0.601515,0.367155,0.041314,0.201144
train_87,26,13,0.632992,0.349276,0.062955,0.210084
train_87,27,14,0.657092,0.320222,0.065906,0.205614
train_87,31,16,0.505115,0.620821,0.031477,0.198909
train_87,32,17,0.520854,0.624173,0.023608,0.174325
train_87,33,18,0.543970,0.633113,0.026559,0.196674
train_87,34,19,0.570037,0.616351,0.027543,0.167620
train_87,35,20,0.592662,0.599589,0.035412,0.196674
train_87,36,21,0.622664,0.581709,0.054102,0.201144
train_87,37,22,0.665453,0.543715,0.064922,0.187735
train_87,41,24,0.484458,0.623056,0.019673,0.176560
train_87,42,25,0.462817,0.630878,0.021641,0.196674
train_87,43,26,0.441176,0.635348,0.027543,0.201144
train_87,44,27,0.420519,0.608529,0.033445,0.174325
train_87,45,28,0.378222,0.596236,0.076726,0.212319
train_87,46,29,0.335432,0.543715,0.079677,0.201144
train_88,11,0,0.483352,0.473147,0.037355,0.234403
train_88,12,1,0.455810,0.464775,0.032923,0.235691
train_88,13,2,0.420987,0.456404,0.037988,0.247282
train_88,14,3,0.398827,0.458335,0.032923,0.240843
train_88,15,4,0.374768,0.453184,0.032923,0.233115
train_88,16,5,0.341845,0.448676,0.048119,0.231827
train_88,17,6,0.299424,0.430645,0.056983,0.198341
train_88,18,7,0.284862,0.358521,0.059515,0.118490
train_88,21,8,0.515009,0.473147,0.034823,0.239555
train_88,22,9,0.542550,0.467351,0.036722,0.251146
train_88,23,10,0.569142,0.471859,0.032923,0.247282
train_88,24,11,0.588769,0.472503,0.040521,0.240843
train_88,25,12,0.619477,0.469927,0.039888,0.235691
train_88,26,13,0.654299,0.458335,0.055083,0.248570
train_88,27,14,0.694820,0.457048,0.057616,0.199629
train_88,28,15,0.714448,0.393295,0.069012,0.126217
train_88,31,16,0.515958,0.746832,0.026592,0.251146
train_88,32,17,0.534636,0.744256,0.033556,0.243419
train_88,33,18,0.560911,0.745544,0.031657,0.271753
train_88,34,19,0.588453,0.736528,0.033556,0.220236
train_88,35,20,0.620110,0.737816,0.053817,0.233115
train_88,36,21,0.659998,0.717209,0.075344,0.238267
train_88,37,22,0.722995,0.675352,0.102569,0.200917
train_88,38,23,0.764149,0.647017,0.062048,0.118490
train_88,41,24,0.497281,0.731377,0.025959,0.225388
train_88,42,25,0.472905,0.733308,0.030391,0.244707
train_88,43,26,0.445680,0.743612,0.034190,0.273041
train_88,44,27,0.417188,0.723005,0.034190,0.244707
train_88,45,28,0.390597,0.717209,0.045586,0.235691
train_88,46,29,0.340579,0.690807,0.079776,0.226676
train_88,47,30,0.286762,0.635426,0.088640,0.198341
train_88,48,31,0.255738,0.605803,0.049385,0.131369
train_89,11,0,0.489405,0.178511,0.044225,0.272591
train_89,12,1,0.461431,0.183939,0.042626,0.276210
train_89,13,2,0.428129,0.188763,0.046356,0.297921
train_89,14,3,0.399889,0.229170,0.049553,0.241231
train_89,15,4,0.372182,0.249674,0.049553,0.224345
train_89,16,5,0.330355,0.258117,0.063940,0.241231
train_89,17,6,0.289060,0.270179,0.055947,0.238819
train_89,18,7,0.245102,0.284653,0.051152,0.226757
train_89,21,8,0.532830,0.193588,0.042626,0.247262
train_89,22,9,0.561603,0.176702,0.029838,0.271385
train_89,23,10,0.595438,0.196603,0.060210,0.291890
train_89,24,11,0.617018,0.214696,0.061808,0.265354
train_89,25,12,0.638597,0.238819,0.047422,0.248468
train_89,26,13,0.674830,0.259324,0.058079,0.231582
train_89,27,14,0.715325,0.261133,0.043159,0.242437
train_89,28,15,0.757418,0.288271,0.051685,0.275004
train_89,31,16,0.516579,0.423421,0.026109,0.228808
train_89,32,17,0.540636,0.441152,0.024244,0.244005
train_89,33,18,0.560591,0.461837,0.025363,0.281999
train_89,34,19,0.586886,0.446640,0.036925,0.224586
train_89,35,20,0.614487,0.461837,0.035433,0.231341
train_89,36,21,0.654396,0.489699,0.063780,0.265113
train_89,37,22,0.704748,0.493921,0.060050,0.246538
train_89,41,24,0.491403,0.427643,0.025736,0.223742
train_89,42,25,0.469210,0.443685,0.031330,0.260892
train_89,43,26,0.445153,0.471125,0.036925,0.305640
train_89,44,27,0.415315,0.486322,0.039163,0.303951
train_89,45,28,0.387900,0.479990,0.044012,0.265957
train_89,46,29,0.347805,0.493499,0.060050,0.279466
train_89,47,30,0.299184,0.499952,0.071932,0.240025
train_89,48,31,0.249631,0.484875,0.066604,0.214696
train_9,11,0,0.481777,0.431502,0.035336,0.260530
train_9,12,1,0.451805,0.434216,0.035967,0.255102
train_9,13,2,0.423410,0.434895,0.044801,0.286311
train_9,14,3,0.395331,0.441001,0.056790,0.274099
train_9,15,4,0.366305,0.445072,0.042908,0.276813
train_9,16,5,0.326868,0.448464,0.070040,0.267314
train_9,17,6,0.288377,0.443715,0.061206,0.274099
train_9,18,7,0.244207,0.432859,0.059944,0.279527
train_9,21,8,0.522792,0.434895,0.050480,0.270028
train_9,22,9,0.555288,0.441679,0.039753,0.248317
train_9,23,10,0.589361,0.440322,0.051111,0.270028
train_9,24,11,0.613970,0.466104,0.046063,0.253745
train_9,25,12,0.646151,0.457962,0.038491,0.272742
train_9,26,13,0.692845,0.477638,0.071302,0.246960
train_9,27,14,0.736383,0.468818,0.051111,0.251031
train_9,28,15,0.771719,0.464747,0.039753,0.253745
train_9,31,16,0.509541,0.692032,0.023978,0.222536
train_9,32,17,0.532256,0.707637,0.030288,0.259173
train_9,33,18,0.557496,0.729348,0.035336,0.310736
train_9,34,19,0.585575,0.723920,0.032181,0.280884
train_9,35,20,0.611762,0.738168,0.036598,0.284954
train_9,36,21,0.664765,0.727312,0.075719,0.257816
train_9,37,22,0.716507,0.711708,0.074457,0.215751
train_9,38,23,0.767933,0.686604,0.070040,0.208967
train_9,41,24,0.485878,0.695424,0.028395,0.232034
train_9,42,25,0.472943,0.716457,0.047956,0.274099
train_9,43,26,0.444864,0.727312,0.044801,0.279527
train_9,44,27,0.422779,0.736132,0.034705,0.299881
train_9,45,28,0.393753,0.725955,0.046063,0.287668
train_9,46,29,0.356840,0.730026,0.078243,0.293096
train_9,47,30,0.302574,0.703566,0.082029,0.248317
train_9,48,31,0.253357,0.673714,0.085815,0.234748
train_90,11,0,0.484276,0.399398,0.035764,0.248317
train_90,12,1,0.454472,0.406182,0.036392,0.237462
train_90,13,2,0.424355,0.384471,0.035137,0.280884
train_90,14,3,0.399257,0.390578,0.046431,0.276813
train_90,15,4,0.370395,0.403468,0.036392,0.229320
train_90,17,6,0.297611,0.411610,0.050196,0.188613
train_90,21,8,0.520982,0.400076,0.032627,0.249674
train_90,22,9,0.552040,0.399398,0.029490,0.237462
train_90,23,10,0.584668,0.414324,0.035764,0.229320
train_90,24,11,0.615099,0.435356,0.043921,0.189970
train_90,25,12,0.642707,0.440105,0.036392,0.175043
train_90,27,14,0.725216,0.433999,0.047059,0.195397
train_90,31,16,0.517217,0.636181,0.022588,0.203539
train_90,32,17,0.539805,0.653143,0.022588,0.232034
train_90,33,18,0.566785,0.655178,0.027608,0.241533
train_90,34,19,0.596589,0.667390,0.037019,0.246960
train_90,35,20,0.626079,0.674175,0.034510,0.249674
train_90,37,22,0.715804,0.642966,0.090980,0.206253
train_90,41,24,0.492433,0.629396,0.023216,0.184542
train_90,42,25,0.470786,0.640930,0.023843,0.218465
train_90,43,26,0.445061,0.667390,0.033882,0.271385
train_90,44,27,0.421218,0.658570,0.032627,0.242890
train_90,45,28,0.394551,0.655178,0.040784,0.252388
train_90,46,29,0.355963,0.640930,0.069019,0.242890
train_90,47,30,0.305454,0.628718,0.077176,0.223893
train_91,11,0,0.485491,0.407756,0.043340,0.318878
train_91,12,1,0.454085,0.420647,0.033290,0.287668
train_91,13,2,0.414828,0.421325,0.056530,0.291739
train_91,14,3,0.394729,0.407078,0.059042,0.303951
train_91,15,4,0.364894,0.409113,0.055902,0.310736
train_91,16,5,0.335373,0.440322,0.059670,0.280884
train_91,17,6,0.289835,0.449821,0.050249,0.278170
train_91,18,7,0.254032,0.403007,0.062811,0.189970
train_91,21,8,0.527888,0.429467,0.041455,0.283597
train_91,22,9,0.564318,0.432181,0.038943,0.302594
train_91,23,10,0.598236,0.417255,0.047736,0.313450
train_91,24,11,0.623675,0.415219,0.059670,0.325662
train_91,25,12,0.651940,0.436930,0.052133,0.295810
train_91,26,13,0.685229,0.442358,0.057158,0.298524
train_91,27,14,0.718833,0.462033,0.043968,0.267314
train_91,28,15,0.748040,0.419290,0.057158,0.203539
train_91,31,16,0.521921,0.727991,0.029521,0.283597
train_91,32,17,0.547359,0.714421,0.030149,0.267314
train_91,33,18,0.574054,0.725277,0.035802,0.272742
train_91,34,19,0.604831,0.747666,0.049621,0.293096
train_91,35,20,0.638121,0.744952,0.050877,0.265957
train_91,36,21,0.671411,0.725955,0.062183,0.252388
train_91,37,22,0.721660,0.736811,0.074745,0.257816
train_91,41,24,0.499309,0.724598,0.032034,0.274099
train_91,42,25,0.476069,0.734097,0.038315,0.290382
train_91,43,26,0.450631,0.734097,0.038943,0.314807
train_91,44,27,0.427705,0.721884,0.030777,0.271385
train_91,45,28,0.398498,0.730705,0.046480,0.267314
train_91,46,29,0.357042,0.727991,0.071604,0.275456
train_91,47,30,0.293289,0.715100,0.097357,0.244247
train_91,48,31,0.235503,0.696103,0.082282,0.146548
train_92,11,0,0.479606,0.353555,0.034566,0.346167
train_92,12,1,0.454641,0.340890,0.032646,0.318727
train_92,13,2,0.432558,0.347222,0.037447,0.314505
train_92,14,3,0.412154,0.359359,0.042728,0.281788
train_92,16,5,0.368226,0.346167,0.053770,0.259625
train_92,17,6,0.331979,0.319254,0.053290,0.241684
train_92,21,8,0.511532,0.354082,0.032166,0.336668
train_92,22,9,0.534576,0.348805,0.022564,0.313450
train_92,23,10,0.557140,0.338251,0.027365,0.338779
train_92,25,12,0.599147,0.331391,0.036487,0.297619
train_92,27,14,0.653877,0.308173,0.046088,0.246960
train_92,31,16,0.504570,0.660672,0.024004,0.246960
train_92,32,17,0.525934,0.652229,0.023524,0.234296
train_92,33,18,0.557140,0.663311,0.045608,0.256459
train_92,34,19,0.578504,0.642730,0.052809,0.272290
train_92,35,20,0.608749,0.623734,0.066252,0.263847
train_92,36,21,0.652677,0.601570,0.098418,0.278622
train_92,37,22,0.698285,0.559883,0.088816,0.264902
train_92,38,23,0.733091,0.510807,0.077774,0.227964
train_92,41,24,0.482967,0.670171,0.024004,0.274401
train_92,42,25,0.460162,0.661200,0.028325,0.252237
train_92,43,26,0.432077,0.659617,0.044168,0.244850
train_92,44,27,0.409753,0.650118,0.044648,0.253293
train_92,45,28,0.382869,0.639037,0.069612,0.275456
train_92,46,29,0.337981,0.614235,0.107539,0.270179
train_92,47,30,0.298614,0.563049,0.101778,0.248016
train_93,11,0,0.489390,0.395770,0.048981,0.250127
train_93,12,1,0.460542,0.400123,0.042754,0.235087
train_93,13,2,0.431693,0.393395,0.046490,0.258042
train_93,14,3,0.405335,0.391417,0.035283,0.247752
train_93,15,4,0.372128,0.384293,0.036943,0.243003
train_93,16,5,0.332279,0.388250,0.061018,0.233504
train_93,17,6,0.285374,0.387459,0.065999,0.217674
train_93,21,8,0.530277,0.391812,0.043584,0.254876
train_93,22,9,0.558918,0.388250,0.031962,0.250918
train_93,23,10,0.592540,0.378356,0.047735,0.272290
train_93,24,11,0.625955,0.377960,0.062263,0.260417
train_93,25,12,0.663728,0.387855,0.058943,0.250127
train_93,26,13,0.697558,0.403685,0.064339,0.234296
train_93,27,14,0.741557,0.402498,0.048565,0.222423
train_93,28,15,0.780296,0.410500,0.055875,0.183362
train_93,31,16,0.534792,0.622889,0.035339,0.198120
train_93,32,17,0.556349,0.635917,0.044056,0.214293
train_93,33,18,0.590863,0.668263,0.038166,0.283478
train_93,34,19,0.627262,0.663321,0.036045,0.246640
train_93,35,20,0.667901,0.669835,0.050888,0.253378
train_93,37,22,0.732100,0.646250,0.110963,0.226872
train_93,38,23,0.770737,0.607839,0.089760,0.193179
train_93,41,24,0.515945,0.637040,0.024973,0.207555
train_93,42,25,0.491208,0.640634,0.030627,0.220134
train_93,43,26,0.458578,0.662423,0.044527,0.268204
train_93,44,27,0.427127,0.660850,0.052301,0.247089
train_93,45,28,0.393555,0.662423,0.060547,0.231365
train_93,46,29,0.350206,0.641757,0.093059,0.229568
train_93,47,30,0.302381,0.614577,0.089289,0.212946
train_93,48,31,0.264805,0.591216,0.054186,0.199468
train_94,11,0,0.491814,0.471378,0.038768,0.227964
train_94,12,1,0.461611,0.480146,0.045079,0.233809
train_94,13,2,0.429154,0.476249,0.036063,0.210428
train_94,14,3,0.401655,0.511320,0.038768,0.206531
train_94,15,4,0.372805,0.523985,0.042374,0.235757
train_94,16,5,0.339897,0.527882,0.059504,0.224067
train_94,17,6,0.294367,0.525933,0.051390,0.216273
train_94,18,7,0.244329,0.490862,0.068520,0.177305
train_94,21,8,0.526074,0.480146,0.029752,0.198737
train_94,22,9,0.558080,0.460662,0.036063,0.187047
train_94,23,10,0.582874,0.478197,0.038768,0.198737
train_94,24,11,0.616232,0.489888,0.040571,0.194841
train_94,25,12,0.645984,0.484043,0.031555,0.198737
train_94,26,13,0.674835,0.510346,0.049587,0.185099
train_94,27,14,0.715406,0.515217,0.045981,0.210428
train_94,28,15,0.753273,0.508398,0.040571,0.161718
train_94,31,16,0.502633,0.715903,0.020736,0.233809
train_94,32,17,0.528779,0.712980,0.022540,0.231860
train_94,33,18,0.556728,0.703238,0.029752,0.212376
train_94,34,19,0.581070,0.712980,0.027949,0.220170
train_94,35,20,0.607667,0.712980,0.034260,0.200686
train_94,36,21,0.646886,0.720774,0.045981,0.169511
train_94,37,22,0.687908,0.710058,0.057701,0.148079
train_94,38,23,0.737495,0.697393,0.061308,0.181202
train_94,41,24,0.479642,0.704212,0.025244,0.210428
train_94,42,25,0.456201,0.714929,0.016228,0.231860
train_94,43,26,0.433211,0.713954,0.024343,0.226015
train_94,44,27,0.403909,0.721748,0.021638,0.202634
train_94,45,28,0.379567,0.724671,0.028851,0.185099
train_94,47,30,0.302030,0.712006,0.057701,0.159769
train_95,11,0,0.481994,0.354587,0.037774,0.252832
train_95,12,1,0.450831,0.338008,0.034626,0.277701
train_95,13,2,0.424075,0.334554,0.035256,0.303951
train_95,14,3,0.402669,0.328337,0.033996,0.291517
train_95,15,4,0.377802,0.346297,0.037144,0.244543
train_95,16,5,0.340342,0.347679,0.054143,0.241779
train_95,21,8,0.514732,0.354587,0.031478,0.255595
train_95,22,9,0.542118,0.349061,0.025812,0.255595
train_95,23,10,0.566986,0.317975,0.030219,0.287372
train_95,25,12,0.610740,0.326955,0.038403,0.241779
train_95,27,14,0.689436,0.321429,0.058549,0.239016
train_95,28,15,0.726895,0.320738,0.044070,0.221056
train_95,31,16,0.512528,0.614327,0.024553,0.214148
train_95,32,17,0.533619,0.618472,0.028960,0.236253
train_95,33,18,0.557227,0.640578,0.038403,0.274938
train_95,34,19,0.586187,0.628143,0.037144,0.263885
train_95,35,20,0.612314,0.619854,0.052883,0.261122
train_95,36,21,0.653866,0.594985,0.086880,0.269411
train_95,37,22,0.711471,0.577715,0.112692,0.229345
train_95,38,23,0.753337,0.527977,0.090657,0.190660
train_95,41,24,0.493327,0.620544,0.025183,0.212766
train_95,42,25,0.473810,0.632288,0.030219,0.255595
train_95,43,26,0.447054,0.639887,0.028330,0.284609
train_95,44,27,0.419353,0.631597,0.037144,0.254214
train_95,45,28,0.393541,0.630216,0.049736,0.265267
train_95,46,29,0.355137,0.620544,0.072400,0.254214
train_95,47,30,0.304143,0.611564,0.086250,0.261122
train_95,48,31,0.261332,0.550083,0.082473,0.210003
train_96,11,0,0.507481,0.546422,0.048815,0.205513
train_96,12,1,0.470077,0.538564,0.037403,0.221228
train_96,13,2,0.434576,0.534333,0.045011,0.224855
train_96,14,3,0.404146,0.540377,0.047547,0.207930
train_96,15,4,0.375935,0.544004,0.036769,0.215184
train_96,16,5,0.337264,0.539168,0.059592,0.212766
train_96,17,6,0.292570,0.541586,0.067833,0.169246
train_96,21,8,0.551857,0.540377,0.047547,0.232108
train_96,22,9,0.588944,0.544004,0.038037,0.207930
train_96,23,10,0.620325,0.533124,0.046279,0.222437
train_96,24,11,0.646317,0.552466,0.056422,0.191006
train_96,25,12,0.673894,0.541586,0.035501,0.220019
train_96,26,13,0.707176,0.542795,0.048815,0.224855
train_96,27,14,0.745214,0.542795,0.053886,0.188588
train_96,28,15,0.781349,0.525870,0.050082,0.174081
train_96,31,16,0.538227,0.757374,0.034234,0.197050
train_96,32,17,0.565804,0.762210,0.038671,0.213975
train_96,33,18,0.594966,0.757979,0.037403,0.220019
train_96,34,19,0.626347,0.767045,0.039305,0.218810
train_96,35,20,0.660898,0.767650,0.053886,0.217602
train_96,37,22,0.745531,0.745890,0.103969,0.191006
train_96,38,23,0.785787,0.705996,0.089388,0.183752
train_96,41,24,0.504628,0.766441,0.035501,0.224855
train_96,42,25,0.478319,0.764023,0.037403,0.215184
train_96,43,26,0.449791,0.762814,0.036135,0.220019
train_96,44,27,0.415557,0.761001,0.039939,0.213975
train_96,45,28,0.378154,0.767650,0.053886,0.212766
train_96,47,30,0.306200,0.731383,0.102701,0.178917
train_96,48,31,0.264993,0.700556,0.101433,0.160783
train_97,11,0,0.477596,0.423188,0.035712,0.314460
train_97,12,1,0.446959,0.415104,0.035336,0.309610
train_97,13,2,0.423464,0.438143,0.031952,0.308802
train_97,14,3,0.406924,0.452694,0.036463,0.291017
train_97,16,5,0.340200,0.466032,0.065409,0.248173
train_97,17,6,0.305616,0.464415,0.050372,0.233622
train_97,21,8,0.511992,0.432888,0.033832,0.288592
train_97,22,9,0.542628,0.428442,0.032704,0.282933
train_97,23,10,0.568942,0.436122,0.035712,0.280508
train_97,26,13,0.650327,0.420762,0.063153,0.307993
train_97,31,16,0.511428,0.714205,0.033456,0.253023
train_97,32,17,0.531351,0.713801,0.030449,0.278083
train_97,33,18,0.557477,0.730777,0.035336,0.302335
train_97,34,19,0.583415,0.720268,0.043606,0.274850
train_97,35,20,0.613864,0.727543,0.054131,0.276466
train_97,37,22,0.696564,0.681465,0.089467,0.239281
train_97,38,23,0.739230,0.628516,0.090595,0.227155
train_97,41,24,0.494888,0.710163,0.028945,0.251407
train_97,42,25,0.478911,0.727543,0.036088,0.263532
train_97,43,26,0.457108,0.742498,0.035336,0.285359
train_97,44,27,0.431922,0.739669,0.032328,0.271616
train_97,45,28,0.411623,0.747753,0.035336,0.248981
train_97,46,29,0.371777,0.735223,0.072175,0.249790
train_97,47,30,0.328547,0.718651,0.078190,0.258682
train_97,48,31,0.288136,0.675807,0.070295,0.227964
train_98,11,0,0.502015,0.469932,0.029056,0.195774
train_98,12,1,0.475864,0.465315,0.025182,0.179152
train_98,13,2,0.450198,0.475473,0.028088,0.173611
train_98,14,3,0.425500,0.469932,0.027119,0.162530
train_98,15,4,0.402255,0.463468,0.034868,0.164376
train_98,16,5,0.366419,0.455157,0.048427,0.166223
train_98,17,6,0.328161,0.458850,0.045521,0.169917
train_98,18,7,0.300074,0.396978,0.053270,0.134826
train_98,21,8,0.534945,0.469009,0.030993,0.190233
train_98,22,9,0.559159,0.467162,0.025182,0.175458
train_98,23,10,0.584341,0.467162,0.030993,0.190233
train_98,24,11,0.607586,0.462544,0.032930,0.177305
train_98,25,12,0.633252,0.461621,0.030025,0.179152
train_98,26,13,0.669088,0.451463,0.045521,0.188387
train_98,27,14,0.712672,0.443152,0.041647,0.205009
train_98,28,15,0.744634,0.425606,0.047459,0.195774
train_98,31,16,0.531555,0.686022,0.024214,0.162530
train_98,32,17,0.549957,0.682329,0.020339,0.169917
train_98,33,18,0.572234,0.685099,0.026151,0.193927
train_98,34,19,0.596447,0.675864,0.028088,0.179152
train_98,35,20,0.620177,0.661089,0.038742,0.168070
train_98,36,21,0.663277,0.661089,0.062955,0.168070
train_98,37,22,0.714125,0.647237,0.073609,0.158836
train_98,38,23,0.763037,0.615839,0.068766,0.144060
train_98,41,24,0.509279,0.687869,0.022276,0.147754
train_98,42,25,0.490876,0.674941,0.026151,0.173611
train_98,43,26,0.466179,0.679558,0.029056,0.197621
train_98,44,27,0.442449,0.678635,0.030025,0.192080
train_98,45,28,0.420657,0.668477,0.038742,0.175458
train_98,46,29,0.379978,0.654625,0.061987,0.169917
train_98,47,30,0.328646,0.650931,0.069735,0.177305
train_98,48,31,0.279734,0.613069,0.074578,0.164376
train_99,11,0,0.478815,0.500360,0.036928,0.185970
train_99,12,1,0.456464,0.499360,0.033041,0.207967
train_99,13,2,0.431684,0.499360,0.035956,0.191969
train_99,14,3,0.409819,0.497360,0.036928,0.211966
train_99,15,4,0.388440,0.498360,0.036928,0.213966
train_99,16,5,0.336935,0.493361,0.050533,0.195969
train_99,21,8,0.506025,0.502360,0.029153,0.197968
train_99,22,9,0.534207,0.511358,0.021379,0.191969
train_99,23,10,0.559473,0.496361,0.033041,0.217965
train_99,24,11,0.579880,0.492361,0.036928,0.225964
train_99,25,12,0.599802,0.501360,0.035956,0.187970
train_99,26,13,0.625554,0.518357,0.042758,0.181971
train_99,27,14,0.661510,0.493361,0.044702,0.203967
train_99,31,16,0.514771,0.730323,0.025266,0.193969
train_99,32,17,0.534693,0.748320,0.030125,0.237962
train_99,33,18,0.556072,0.750320,0.026238,0.245961
train_99,34,19,0.579880,0.734323,0.027210,0.201968
train_99,35,20,0.599802,0.734323,0.032069,0.205967
train_99,37,22,0.670256,0.707327,0.075799,0.175972
train_99,38,23,0.720302,0.664334,0.076771,0.153975
train_99,41,24,0.496793,0.734323,0.020407,0.189970
train_99,42,25,0.478329,0.745321,0.026238,0.219965
train_99,43,26,0.454521,0.755319,0.031097,0.227964
train_99,44,27,0.432170,0.742321,0.033041,0.213966
train_99,45,28,0.407389,0.738322,0.037899,0.217965
train_99,47,30,0.330133,0.701328,0.075799,0.187970
train_99,48,31,0.282516,0.664334,0.075799,0.157975
