detector,image_id,target,mover,condition,target_class,mover_class,shift_px,full_shift_px,position_only_pred,intact_pred,pred
yolov8x,cate1-00017,42,43,open,25,26,0,11,25,26.0,26.0
yolov8x,cate1-00017,42,43,half,25,26,6,11,24,26.0,26.0
yolov8x,cate1-00017,42,43,closed,25,26,11,11,24,26.0,26.0
yolov8x,cate1-00017,31,32,open,16,17,0,15,17,,
yolov8x,cate1-00017,31,32,half,16,17,8,15,17,,17.0
yolov8x,cate1-00017,31,32,closed,16,17,15,15,16,,
yolov8x,cate1-00017,11,12,open,0,1,0,20,0,1.0,1.0
yolov8x,cate1-00017,11,12,half,0,1,10,20,0,1.0,0.0
yolov8x,cate1-00017,11,12,closed,0,1,20,20,8,1.0,0.0
yolov8x,cate1-00032,36,37,open,21,22,0,32,22,22.0,22.0
yolov8x,cate1-00032,36,37,half,21,22,16,32,21,22.0,21.0
yolov8x,cate1-00032,36,37,closed,21,22,32,32,21,22.0,21.0
yolov8x,cate1-00032,24,25,open,11,12,0,16,12,12.0,12.0
yolov8x,cate1-00032,24,25,half,11,12,8,16,12,12.0,12.0
yolov8x,cate1-00032,24,25,closed,11,12,16,16,12,12.0,12.0
yolov8x,cate1-00032,26,27,open,13,14,0,25,14,14.0,14.0
yolov8x,cate1-00032,26,27,half,13,14,12,25,14,14.0,14.0
yolov8x,cate1-00032,26,27,closed,13,14,25,25,14,14.0,14.0
yolov8x,cate1-00047,46,47,open,29,30,0,33,30,30.0,30.0
yolov8x,cate1-00047,46,47,half,29,30,16,33,30,30.0,30.0
yolov8x,cate1-00047,46,47,closed,29,30,33,33,29,30.0,30.0
yolov8x,cate1-00047,43,44,open,26,27,0,11,28,27.0,27.0
yolov8x,cate1-00047,43,44,half,26,27,6,11,28,27.0,27.0
yolov8x,cate1-00047,43,44,closed,26,27,11,11,27,27.0,27.0
yolov8x,cate1-00047,12,13,open,1,2,0,20,2,2.0,2.0
yolov8x,cate1-00047,12,13,half,1,2,10,20,2,2.0,2.0
yolov8x,cate1-00047,12,13,closed,1,2,20,20,1,2.0,1.0
yolov8x,cate1-00050,21,22,open,8,9,0,20,9,9.0,9.0
yolov8x,cate1-00050,21,22,half,8,9,10,20,8,9.0,8.0
yolov8x,cate1-00050,21,22,closed,8,9,20,20,8,9.0,8.0
yolov8x,cate1-00050,32,33,open,17,18,0,20,19,18.0,18.0
yolov8x,cate1-00050,32,33,half,17,18,10,20,18,18.0,18.0
yolov8x,cate1-00050,32,33,closed,17,18,20,20,17,18.0,18.0
yolov8x,cate1-00050,34,35,open,19,20,0,22,20,20.0,20.0
yolov8x,cate1-00050,34,35,half,19,20,11,22,20,20.0,20.0
yolov8x,cate1-00050,34,35,closed,19,20,22,22,19,20.0,19.0
yolov8x,cate1-00071,36,37,open,21,22,0,30,22,22.0,22.0
yolov8x,cate1-00071,36,37,half,21,22,15,30,22,22.0,22.0
yolov8x,cate1-00071,36,37,closed,21,22,30,30,21,22.0,22.0
yolov8x,cate1-00071,37,38,open,22,23,0,32,23,23.0,23.0
yolov8x,cate1-00071,37,38,half,22,23,16,32,14,23.0,23.0
yolov8x,cate1-00071,37,38,closed,22,23,32,32,14,23.0,22.0
yolov8x,cate1-00071,17,18,open,6,7,0,19,7,7.0,7.0
yolov8x,cate1-00071,17,18,half,6,7,10,19,6,7.0,7.0
yolov8x,cate1-00071,17,18,closed,6,7,19,19,6,7.0,7.0
yolov8x,cate10-00027,26,27,open,13,14,0,30,14,14.0,14.0
yolov8x,cate10-00027,26,27,half,13,14,15,30,14,14.0,14.0
yolov8x,cate10-00027,26,27,closed,13,14,30,30,13,14.0,13.0
yolov8x,cate10-00027,43,44,open,26,27,0,9,27,27.0,27.0
yolov8x,cate10-00027,43,44,half,26,27,4,9,26,27.0,27.0
yolov8x,cate10-00027,43,44,closed,26,27,9,9,26,27.0,27.0
yolov8x,cate10-00027,42,43,open,25,26,0,5,25,26.0,26.0
yolov8x,cate10-00027,42,43,half,25,26,2,5,25,26.0,26.0
yolov8x,cate10-00027,42,43,closed,25,26,5,5,25,26.0,26.0
yolov8x,cate10-00042,45,46,open,28,29,0,17,29,29.0,29.0
yolov8x,cate10-00042,45,46,half,28,29,8,17,29,29.0,29.0
yolov8x,cate10-00042,45,46,closed,28,29,17,17,29,29.0,29.0
yolov8x,cate10-00042,46,47,open,29,30,0,32,30,30.0,30.0
yolov8x,cate10-00042,46,47,half,29,30,16,32,30,30.0,30.0
yolov8x,cate10-00042,46,47,closed,29,30,32,32,29,30.0,30.0
yolov8x,cate10-00042,36,37,open,21,22,0,33,22,22.0,22.0
yolov8x,cate10-00042,36,37,half,21,22,16,33,22,22.0,22.0
yolov8x,cate10-00042,36,37,closed,21,22,33,33,21,22.0,
yolov8x,cate10-00048,42,43,open,25,26,0,13,26,,27.0
yolov8x,cate10-00048,42,43,half,25,26,6,13,26,,26.0
yolov8x,cate10-00048,42,43,closed,25,26,13,13,26,,26.0
yolov8x,cate10-00048,41,42,open,24,25,0,8,26,25.0,
yolov8x,cate10-00048,41,42,half,24,25,4,8,25,25.0,25.0
yolov8x,cate10-00048,41,42,closed,24,25,8,8,25,25.0,25.0
yolov8x,cate10-00048,31,32,open,16,17,0,12,17,17.0,18.0
yolov8x,cate10-00048,31,32,half,16,17,6,12,16,17.0,17.0
yolov8x,cate10-00048,31,32,closed,16,17,12,12,24,17.0,17.0
yolov8x,cate10-00072,41,42,open,24,25,0,14,25,25.0,25.0
yolov8x,cate10-00072,41,42,half,24,25,7,14,24,25.0,25.0
yolov8x,cate10-00072,41,42,closed,24,25,14,14,24,25.0,24.0
yolov8x,cate10-00072,23,24,open,10,11,0,18,11,,12.0
yolov8x,cate10-00072,23,24,half,10,11,9,18,11,,12.0
yolov8x,cate10-00072,23,24,closed,10,11,18,18,10,,11.0
yolov8x,cate10-00072,44,45,open,27,28,0,18,28,28.0,
yolov8x,cate10-00072,44,45,half,27,28,9,18,27,28.0,27.0
yolov8x,cate10-00072,44,45,closed,27,28,18,18,27,28.0,27.0
yolov8x,cate10-00085,41,42,open,24,25,0,11,25,25.0,25.0
yolov8x,cate10-00085,41,42,half,24,25,6,11,25,25.0,24.0
yolov8x,cate10-00085,41,42,closed,24,25,11,11,25,25.0,24.0
yolov8x,cate10-00085,33,34,open,18,19,0,18,20,19.0,19.0
yolov8x,cate10-00085,33,34,half,18,19,9,18,18,19.0,19.0
yolov8x,cate10-00085,33,34,closed,18,19,18,18,18,19.0,
yolov8x,cate10-00085,31,32,open,16,17,0,12,18,17.0,17.0
yolov8x,cate10-00085,31,32,half,16,17,6,12,17,17.0,17.0
yolov8x,cate10-00085,31,32,closed,16,17,12,12,17,17.0,17.0
yolov8x,cate10-00092,47,48,open,30,31,0,30,30,31.0,31.0
yolov8x,cate10-00092,47,48,half,30,31,15,30,30,31.0,31.0
yolov8x,cate10-00092,47,48,closed,30,31,30,30,5,31.0,30.0
yolov8x,cate10-00092,46,47,open,29,30,0,31,29,30.0,30.0
yolov8x,cate10-00092,46,47,half,29,30,16,31,29,30.0,30.0
yolov8x,cate10-00092,46,47,closed,29,30,31,31,29,30.0,30.0
yolov8x,cate10-00092,21,22,open,8,9,0,13,9,9.0,9.0
yolov8x,cate10-00092,21,22,half,8,9,6,13,9,9.0,9.0
yolov8x,cate10-00092,21,22,closed,8,9,13,13,8,9.0,
yolov8x,cate2-00001,32,33,open,17,18,0,14,19,18.0,18.0
yolov8x,cate2-00001,32,33,half,17,18,7,14,18,18.0,18.0
yolov8x,cate2-00001,32,33,closed,17,18,14,14,18,18.0,18.0
yolov8x,cate2-00001,13,14,open,2,3,0,20,3,3.0,3.0
yolov8x,cate2-00001,13,14,half,2,3,10,20,2,3.0,3.0
yolov8x,cate2-00001,13,14,closed,2,3,20,20,1,3.0,2.0
yolov8x,cate2-00001,23,24,open,10,11,0,18,12,11.0,11.0
yolov8x,cate2-00001,23,24,half,10,11,9,18,11,11.0,10.0
yolov8x,cate2-00001,23,24,closed,10,11,18,18,11,11.0,10.0
yolov8x,cate2-00004,33,34,open,18,19,0,12,19,19.0,19.0
yolov8x,cate2-00004,33,34,half,18,19,6,12,18,19.0,19.0
yolov8x,cate2-00004,33,34,closed,18,19,12,12,18,19.0,19.0
yolov8x,cate2-00004,47,48,open,30,31,0,35,31,31.0,31.0
yolov8x,cate2-00004,47,48,half,30,31,18,35,31,31.0,31.0
yolov8x,cate2-00004,47,48,closed,30,31,35,35,31,31.0,30.0
yolov8x,cate2-00004,42,43,open,25,26,0,15,26,26.0,26.0
yolov8x,cate2-00004,42,43,half,25,26,8,15,26,26.0,26.0
yolov8x,cate2-00004,42,43,closed,25,26,15,15,26,26.0,26.0
yolov8x,cate2-00006,13,14,open,2,3,0,17,4,3.0,3.0
yolov8x,cate2-00006,13,14,half,2,3,8,17,3,3.0,3.0
yolov8x,cate2-00006,13,14,closed,2,3,17,17,3,3.0,3.0
yolov8x,cate2-00006,21,22,open,8,9,0,25,9,9.0,9.0
yolov8x,cate2-00006,21,22,half,8,9,12,25,8,9.0,
yolov8x,cate2-00006,21,22,closed,8,9,25,25,0,9.0,8.0
yolov8x,cate2-00006,46,47,open,29,30,0,32,30,30.0,30.0
yolov8x,cate2-00006,46,47,half,29,30,16,32,30,30.0,30.0
yolov8x,cate2-00006,46,47,closed,29,30,32,32,29,30.0,29.0
yolov8x,cate2-00016,27,28,open,14,15,0,30,15,15.0,15.0
yolov8x,cate2-00016,27,28,half,14,15,15,30,15,15.0,15.0
yolov8x,cate2-00016,27,28,closed,14,15,30,30,15,15.0,14.0
yolov8x,cate2-00016,45,46,open,28,29,0,17,29,29.0,29.0
yolov8x,cate2-00016,45,46,half,28,29,8,17,28,29.0,29.0
yolov8x,cate2-00016,45,46,closed,28,29,17,17,28,29.0,29.0
yolov8x,cate2-00016,32,33,open,17,18,0,13,19,18.0,18.0
yolov8x,cate2-00016,32,33,half,17,18,6,13,18,18.0,18.0
yolov8x,cate2-00016,32,33,closed,17,18,13,13,18,18.0,18.0
yolov8x,cate2-00019,42,43,open,25,26,0,12,26,26.0,26.0
yolov8x,cate2-00019,42,43,half,25,26,6,12,25,26.0,26.0
yolov8x,cate2-00019,42,43,closed,25,26,12,12,25,26.0,26.0
yolov8x,cate2-00019,35,36,open,20,21,0,20,21,21.0,21.0
yolov8x,cate2-00019,35,36,half,20,21,10,20,21,21.0,21.0
yolov8x,cate2-00019,35,36,closed,20,21,20,20,20,21.0,21.0
yolov8x,cate2-00019,15,16,open,4,5,0,16,5,5.0,5.0
yolov8x,cate2-00019,15,16,half,4,5,8,16,5,5.0,5.0
yolov8x,cate2-00019,15,16,closed,4,5,16,16,5,5.0,5.0
yolov8x,cate2-00023,32,33,open,17,18,0,14,18,18.0,18.0
yolov8x,cate2-00023,32,33,half,17,18,7,14,18,18.0,18.0
yolov8x,cate2-00023,32,33,closed,17,18,14,14,18,18.0,18.0
yolov8x,cate2-00023,45,46,open,28,29,0,2,29,29.0,29.0
yolov8x,cate2-00023,45,46,half,28,29,1,2,29,29.0,29.0
yolov8x,cate2-00023,45,46,closed,28,29,2,2,29,29.0,29.0
yolov8x,cate2-00023,11,12,open,0,1,0,21,1,1.0,1.0
yolov8x,cate2-00023,11,12,half,0,1,10,21,1,1.0,1.0
yolov8x,cate2-00023,11,12,closed,0,1,21,21,0,1.0,1.0
yolov8x,cate2-00032,26,27,open,13,14,0,31,14,14.0,14.0
yolov8x,cate2-00032,26,27,half,13,14,16,31,14,14.0,14.0
yolov8x,cate2-00032,26,27,closed,13,14,31,31,13,14.0,13.0
yolov8x,cate2-00032,33,34,open,18,19,0,14,19,19.0,19.0
yolov8x,cate2-00032,33,34,half,18,19,7,14,19,19.0,19.0
yolov8x,cate2-00032,33,34,closed,18,19,14,14,18,19.0,19.0
yolov8x,cate2-00033,44,45,open,27,28,0,15,28,28.0,28.0
yolov8x,cate2-00033,44,45,half,27,28,8,15,28,28.0,28.0
yolov8x,cate2-00033,44,45,closed,27,28,15,15,27,28.0,28.0
yolov8x,cate2-00033,45,46,open,28,29,0,16,29,29.0,29.0
yolov8x,cate2-00033,45,46,half,28,29,8,16,29,29.0,29.0
yolov8x,cate2-00033,45,46,closed,28,29,16,16,29,29.0,29.0
yolov8x,cate2-00033,36,37,open,21,22,0,40,22,22.0,22.0
yolov8x,cate2-00033,36,37,half,21,22,20,40,21,22.0,22.0
yolov8x,cate2-00033,36,37,closed,21,22,40,40,21,22.0,21.0
yolov8x,cate2-00101,16,17,open,5,6,0,26,7,6.0,6.0
yolov8x,cate2-00101,16,17,half,5,6,13,26,4,6.0,6.0
yolov8x,cate2-00101,16,17,closed,5,6,26,26,4,6.0,5.0
yolov8x,cate2-00101,27,28,open,14,15,0,23,15,15.0,15.0
yolov8x,cate2-00101,27,28,half,14,15,12,23,15,15.0,15.0
yolov8x,cate2-00101,27,28,closed,14,15,23,23,13,15.0,15.0
yolov8x,cate2-00101,45,46,open,28,29,0,19,29,29.0,29.0
yolov8x,cate2-00101,45,46,half,28,29,10,19,29,29.0,29.0
yolov8x,cate2-00101,45,46,closed,28,29,19,19,28,29.0,29.0
yolov8x,cate2-00103,41,42,open,24,25,0,8,25,25.0,25.0
yolov8x,cate2-00103,41,42,half,24,25,4,8,25,25.0,25.0
yolov8x,cate2-00103,41,42,closed,24,25,8,8,25,25.0,
yolov8x,cate2-00103,25,26,open,12,13,0,18,13,13.0,13.0
yolov8x,cate2-00103,25,26,half,12,13,9,18,13,13.0,13.0
yolov8x,cate2-00103,25,26,closed,12,13,18,18,13,13.0,13.0
yolov8x,cate2-00103,33,34,open,18,19,0,11,19,19.0,19.0
yolov8x,cate2-00103,33,34,half,18,19,6,11,18,19.0,19.0
yolov8x,cate2-00103,33,34,closed,18,19,11,11,18,19.0,18.0
yolov8x,cate2-00109,45,46,open,28,29,0,16,29,29.0,29.0
yolov8x,cate2-00109,45,46,half,28,29,8,16,29,29.0,29.0
yolov8x,cate2-00109,45,46,closed,28,29,16,16,29,29.0,29.0
yolov8x,cate2-00109,37,38,open,22,23,0,32,23,23.0,23.0
yolov8x,cate2-00109,37,38,half,22,23,16,32,22,23.0,23.0
yolov8x,cate2-00109,37,38,closed,22,23,32,32,22,23.0,22.0
yolov8x,cate2-00109,42,43,open,25,26,0,14,26,26.0,26.0
yolov8x,cate2-00109,42,43,half,25,26,7,14,26,26.0,26.0
yolov8x,cate2-00109,42,43,closed,25,26,14,14,26,26.0,26.0
yolov8x,cate2-00110,41,42,open,24,25,0,9,24,25.0,25.0
yolov8x,cate2-00110,41,42,half,24,25,4,9,24,25.0,25.0
yolov8x,cate2-00110,41,42,closed,24,25,9,9,16,25.0,
yolov8x,cate2-00110,37,38,open,22,23,0,26,23,23.0,23.0
yolov8x,cate2-00110,37,38,half,22,23,13,26,23,23.0,23.0
yolov8x,cate2-00110,37,38,closed,22,23,26,26,22,23.0,22.0
yolov8x,cate2-00110,32,33,open,17,18,0,13,18,18.0,18.0
yolov8x,cate2-00110,32,33,half,17,18,6,13,18,18.0,18.0
yolov8x,cate2-00110,32,33,closed,17,18,13,13,18,18.0,18.0
yolov8x,cate2-00122,21,22,open,8,9,0,20,9,9.0,9.0
yolov8x,cate2-00122,21,22,half,8,9,10,20,8,9.0,8.0
yolov8x,cate2-00122,21,22,closed,8,9,20,20,8,9.0,8.0
yolov8x,cate2-00122,13,14,open,2,3,0,14,4,3.0,3.0
yolov8x,cate2-00122,13,14,half,2,3,7,14,4,3.0,3.0
yolov8x,cate2-00122,13,14,closed,2,3,14,14,3,3.0,2.0
yolov8x,cate2-00122,24,25,open,11,12,0,19,12,12.0,12.0
yolov8x,cate2-00122,24,25,half,11,12,10,19,11,12.0,12.0
yolov8x,cate2-00122,24,25,closed,11,12,19,19,11,12.0,
yolov8x,cate2-00123,25,26,open,12,13,0,16,13,13.0,13.0
yolov8x,cate2-00123,25,26,half,12,13,8,16,13,13.0,13.0
yolov8x,cate2-00123,25,26,closed,12,13,16,16,13,13.0,13.0
yolov8x,cate2-00123,11,12,open,0,1,0,20,1,1.0,1.0
yolov8x,cate2-00123,11,12,half,0,1,10,20,1,1.0,
yolov8x,cate2-00123,11,12,closed,0,1,20,20,0,1.0,0.0
yolov8x,cate2-00123,26,27,open,13,14,0,27,15,14.0,14.0
yolov8x,cate2-00123,26,27,half,13,14,14,27,14,14.0,14.0
yolov8x,cate2-00123,26,27,closed,13,14,27,27,13,14.0,13.0
yolov8x,cate3-00003,15,16,open,4,5,0,16,5,5.0,5.0
yolov8x,cate3-00003,15,16,half,4,5,8,16,5,5.0,5.0
yolov8x,cate3-00003,15,16,closed,4,5,16,16,5,5.0,5.0
yolov8x,cate3-00003,32,33,open,17,18,0,19,18,18.0,18.0
yolov8x,cate3-00003,32,33,half,17,18,10,19,18,18.0,18.0
yolov8x,cate3-00003,32,33,closed,17,18,19,19,17,18.0,18.0
yolov8x,cate3-00003,42,43,open,25,26,0,15,26,26.0,26.0
yolov8x,cate3-00003,42,43,half,25,26,8,15,26,26.0,26.0
yolov8x,cate3-00003,42,43,closed,25,26,15,15,26,26.0,26.0
yolov8x,cate3-00007,23,24,open,10,11,0,16,11,11.0,11.0
yolov8x,cate3-00007,23,24,half,10,11,8,16,11,11.0,11.0
yolov8x,cate3-00007,23,24,closed,10,11,16,16,11,11.0,10.0
yolov8x,cate3-00007,35,36,open,20,21,0,19,21,21.0,21.0
yolov8x,cate3-00007,35,36,half,20,21,10,19,21,21.0,21.0
yolov8x,cate3-00007,35,36,closed,20,21,19,19,21,21.0,21.0
yolov8x,cate3-00007,16,17,open,5,6,0,29,7,6.0,6.0
yolov8x,cate3-00007,16,17,half,5,6,14,29,6,6.0,5.0
yolov8x,cate3-00007,16,17,closed,5,6,29,29,6,6.0,5.0
yolov8x,cate3-00027,22,23,open,9,10,0,21,10,10.0,10.0
yolov8x,cate3-00027,22,23,half,9,10,10,21,10,10.0,10.0
yolov8x,cate3-00027,22,23,closed,9,10,21,21,10,10.0,10.0
yolov8x,cate3-00027,15,16,open,4,5,0,20,5,5.0,5.0
yolov8x,cate3-00027,15,16,half,4,5,10,20,5,5.0,5.0
yolov8x,cate3-00027,15,16,closed,4,5,20,20,5,5.0,5.0
yolov8x,cate3-00027,14,15,open,3,4,0,23,5,4.0,5.0
yolov8x,cate3-00027,14,15,half,3,4,12,23,4,4.0,4.0
yolov8x,cate3-00027,14,15,closed,3,4,23,23,3,4.0,3.0
yolov8x,cate4-00069,21,22,open,8,9,0,19,9,9.0,9.0
yolov8x,cate4-00069,21,22,half,8,9,10,19,9,9.0,9.0
yolov8x,cate4-00069,21,22,closed,8,9,19,19,8,9.0,9.0
yolov8x,cate4-00069,24,25,open,11,12,0,20,12,12.0,12.0
yolov8x,cate4-00069,24,25,half,11,12,10,20,12,12.0,12.0
yolov8x,cate4-00069,24,25,closed,11,12,20,20,12,12.0,12.0
yolov8x,cate4-00069,44,45,open,27,28,0,23,28,28.0,28.0
yolov8x,cate4-00069,44,45,half,27,28,12,23,27,28.0,27.0
yolov8x,cate4-00069,44,45,closed,27,28,23,23,27,28.0,27.0
yolov8x,cate4-00087,45,46,open,28,29,0,20,29,29.0,29.0
yolov8x,cate4-00087,45,46,half,28,29,10,20,29,29.0,29.0
yolov8x,cate4-00087,45,46,closed,28,29,20,20,29,29.0,29.0
yolov8x,cate4-00087,14,15,open,3,4,0,16,4,4.0,4.0
yolov8x,cate4-00087,14,15,half,3,4,8,16,4,4.0,4.0
yolov8x,cate4-00087,14,15,closed,3,4,16,16,3,4.0,3.0
yolov8x,cate4-00087,23,24,open,10,11,0,20,11,11.0,11.0
yolov8x,cate4-00087,23,24,half,10,11,10,20,10,11.0,11.0
yolov8x,cate4-00087,23,24,closed,10,11,20,20,10,11.0,10.0
yolov8x,cate4-00089,26,27,open,13,14,0,26,14,14.0,14.0
yolov8x,cate4-00089,26,27,half,13,14,13,26,14,14.0,14.0
yolov8x,cate4-00089,26,27,closed,13,14,26,26,13,14.0,
yolov8x,cate4-00089,12,13,open,1,2,0,9,2,2.0,2.0
yolov8x,cate4-00089,12,13,half,1,2,4,9,1,2.0,2.0
yolov8x,cate4-00089,12,13,closed,1,2,9,9,1,2.0,2.0
yolov8x,cate4-00089,36,37,open,21,22,0,32,22,22.0,22.0
yolov8x,cate4-00089,36,37,half,21,22,16,32,22,22.0,22.0
yolov8x,cate4-00089,36,37,closed,21,22,32,32,22,22.0,21.0
yolov8x,cate4-00094,42,43,open,25,26,0,16,26,26.0,26.0
yolov8x,cate4-00094,42,43,half,25,26,8,16,26,26.0,26.0
yolov8x,cate4-00094,42,43,closed,25,26,16,16,26,26.0,26.0
yolov8x,cate4-00094,35,36,open,20,21,0,21,21,21.0,21.0
yolov8x,cate4-00094,35,36,half,20,21,10,21,21,21.0,21.0
yolov8x,cate4-00094,35,36,closed,20,21,21,21,21,21.0,21.0
yolov8x,cate4-00094,25,26,open,12,13,0,20,13,13.0,13.0
yolov8x,cate4-00094,25,26,half,12,13,10,20,13,13.0,13.0
yolov8x,cate4-00094,25,26,closed,12,13,20,20,13,13.0,13.0
yolov8x,cate4-00099,44,45,open,27,28,0,20,28,28.0,28.0
yolov8x,cate4-00099,44,45,half,27,28,10,20,28,28.0,28.0
yolov8x,cate4-00099,44,45,closed,27,28,20,20,27,28.0,27.0
yolov8x,cate4-00099,47,48,open,30,31,0,38,31,31.0,31.0
yolov8x,cate4-00099,47,48,half,30,31,19,38,31,31.0,31.0
yolov8x,cate4-00099,47,48,closed,30,31,38,38,31,31.0,31.0
yolov8x,cate4-00099,13,14,open,2,3,0,13,3,3.0,3.0
yolov8x,cate4-00099,13,14,half,2,3,6,13,3,3.0,3.0
yolov8x,cate4-00099,13,14,closed,2,3,13,13,3,3.0,3.0
yolov8x,cate4-00111,37,38,open,22,23,0,33,23,23.0,23.0
yolov8x,cate4-00111,37,38,half,22,23,16,33,23,23.0,23.0
yolov8x,cate4-00111,37,38,closed,22,23,33,33,23,23.0,23.0
yolov8x,cate4-00111,16,17,open,5,6,0,24,6,6.0,6.0
yolov8x,cate4-00111,16,17,half,5,6,12,24,6,6.0,6.0
yolov8x,cate4-00111,16,17,closed,5,6,24,24,6,6.0,6.0
yolov8x,cate4-00111,17,18,open,6,7,0,24,7,7.0,7.0
yolov8x,cate4-00111,17,18,half,6,7,12,24,7,7.0,7.0
yolov8x,cate4-00111,17,18,closed,6,7,24,24,7,7.0,7.0
yolov8x,cate5-00001,33,34,open,18,19,0,13,19,19.0,19.0
yolov8x,cate5-00001,33,34,half,18,19,6,13,19,19.0,19.0
yolov8x,cate5-00001,33,34,closed,18,19,13,13,18,19.0,19.0
yolov8x,cate5-00001,32,33,open,17,18,0,15,18,18.0,18.0
yolov8x,cate5-00001,32,33,half,17,18,8,15,18,18.0,18.0
yolov8x,cate5-00001,32,33,closed,17,18,15,15,17,18.0,18.0
yolov8x,cate5-00024,41,42,open,24,25,0,12,24,25.0,25.0
yolov8x,cate5-00024,41,42,half,24,25,6,12,16,25.0,24.0
yolov8x,cate5-00024,41,42,closed,24,25,12,12,16,25.0,24.0
yolov8x,cate5-00024,36,37,open,21,22,0,31,23,22.0,22.0
yolov8x,cate5-00024,36,37,half,21,22,16,31,22,22.0,
yolov8x,cate5-00024,36,37,closed,21,22,31,31,21,22.0,21.0
yolov8x,cate5-00024,31,32,open,16,17,0,7,18,17.0,17.0
yolov8x,cate5-00024,31,32,half,16,17,4,7,17,17.0,17.0
yolov8x,cate5-00024,31,32,closed,16,17,7,7,17,17.0,17.0
yolov8x,cate5-00025,31,32,open,16,17,0,9,17,17.0,17.0
yolov8x,cate5-00025,31,32,half,16,17,4,9,16,17.0,17.0
yolov8x,cate5-00025,31,32,closed,16,17,9,9,16,17.0,
yolov8x,cate5-00025,42,43,open,25,26,0,11,25,26.0,
yolov8x,cate5-00025,42,43,half,25,26,6,11,25,26.0,26.0
yolov8x,cate5-00025,42,43,closed,25,26,11,11,25,26.0,26.0
yolov8x,cate5-00025,32,33,open,17,18,0,14,17,18.0,
yolov8x,cate5-00025,32,33,half,17,18,7,14,17,18.0,
yolov8x,cate5-00025,32,33,closed,17,18,14,14,16,18.0,
yolov8x,cate5-00060,33,34,open,18,19,0,11,19,19.0,19.0
yolov8x,cate5-00060,33,34,half,18,19,6,11,19,19.0,19.0
yolov8x,cate5-00060,33,34,closed,18,19,11,11,18,19.0,19.0
yolov8x,cate5-00060,34,35,open,19,20,0,17,19,20.0,20.0
yolov8x,cate5-00060,34,35,half,19,20,8,17,19,20.0,20.0
yolov8x,cate5-00060,34,35,closed,19,20,17,17,19,20.0,19.0
yolov8x,cate5-00060,31,32,open,16,17,0,14,17,17.0,17.0
yolov8x,cate5-00060,31,32,half,16,17,7,14,17,17.0,17.0
yolov8x,cate5-00060,31,32,closed,16,17,14,14,16,17.0,16.0
yolov8x,cate5-00067,12,13,open,1,2,0,16,2,2.0,2.0
yolov8x,cate5-00067,12,13,half,1,2,8,16,2,2.0,2.0
yolov8x,cate5-00067,12,13,closed,1,2,16,16,2,2.0,2.0
yolov8x,cate5-00067,41,42,open,24,25,0,13,25,25.0,25.0
yolov8x,cate5-00067,41,42,half,24,25,6,13,25,25.0,25.0
yolov8x,cate5-00067,41,42,closed,24,25,13,13,24,25.0,
yolov8x,cate5-00067,22,23,open,9,10,0,15,10,10.0,10.0
yolov8x,cate5-00067,22,23,half,9,10,8,15,10,10.0,10.0
yolov8x,cate5-00067,22,23,closed,9,10,15,15,10,10.0,10.0
yolov8x,cate5-00072,31,32,open,16,17,0,15,16,17.0,17.0
yolov8x,cate5-00072,31,32,half,16,17,8,15,16,17.0,17.0
yolov8x,cate5-00072,31,32,closed,16,17,15,15,24,17.0,16.0
yolov8x,cate5-00072,24,25,open,11,12,0,16,11,13.0,13.0
yolov8x,cate5-00072,24,25,half,11,12,8,16,11,13.0,13.0
yolov8x,cate5-00072,24,25,closed,11,12,16,16,11,13.0,12.0
yolov8x,cate5-00072,25,26,open,12,13,0,22,13,14.0,14.0
yolov8x,cate5-00072,25,26,half,12,13,11,22,13,14.0,13.0
yolov8x,cate5-00072,25,26,closed,12,13,22,22,11,14.0,13.0
yolov8x,cate5-00084,31,32,open,16,17,0,13,17,17.0,17.0
yolov8x,cate5-00084,31,32,half,16,17,6,13,16,17.0,17.0
yolov8x,cate5-00084,31,32,closed,16,17,13,13,24,17.0,17.0
yolov8x,cate5-00084,26,27,open,13,14,0,29,14,14.0,15.0
yolov8x,cate5-00084,26,27,half,13,14,14,29,14,14.0,14.0
yolov8x,cate5-00084,26,27,closed,13,14,29,29,13,14.0,14.0
yolov8x,cate5-00084,34,35,open,19,20,0,19,20,20.0,20.0
yolov8x,cate5-00084,34,35,half,19,20,10,19,19,20.0,20.0
yolov8x,cate5-00084,34,35,closed,19,20,19,19,19,20.0,19.0
yolov8x,cate5-00109,42,43,open,25,26,0,13,26,26.0,26.0
yolov8x,cate5-00109,42,43,half,25,26,6,13,25,26.0,26.0
yolov8x,cate5-00109,42,43,closed,25,26,13,13,24,26.0,26.0
yolov8x,cate5-00109,41,42,open,24,25,0,11,24,25.0,25.0
yolov8x,cate5-00109,41,42,half,24,25,6,11,24,25.0,25.0
yolov8x,cate5-00109,41,42,closed,24,25,11,11,24,25.0,25.0
yolov8x,cate5-00109,32,33,open,17,18,0,13,18,18.0,18.0
yolov8x,cate5-00109,32,33,half,17,18,6,13,18,18.0,18.0
yolov8x,cate5-00109,32,33,closed,17,18,13,13,18,18.0,18.0
yolov8x,cate6-00021,25,26,open,12,13,0,19,14,13.0,13.0
yolov8x,cate6-00021,25,26,half,12,13,10,19,13,13.0,13.0
yolov8x,cate6-00021,25,26,closed,12,13,19,19,13,13.0,13.0
yolov8x,cate6-00021,32,33,open,17,18,0,12,18,18.0,18.0
yolov8x,cate6-00021,32,33,half,17,18,6,12,17,18.0,18.0
yolov8x,cate6-00021,32,33,closed,17,18,12,12,17,18.0,18.0
yolov8x,cate6-00027,33,34,open,18,19,0,19,19,19.0,19.0
yolov8x,cate6-00027,33,34,half,18,19,10,19,19,19.0,19.0
yolov8x,cate6-00027,33,34,closed,18,19,19,19,18,19.0,19.0
yolov8x,cate6-00027,27,28,open,14,15,0,21,15,15.0,15.0
yolov8x,cate6-00027,27,28,half,14,15,10,21,15,15.0,15.0
yolov8x,cate6-00027,27,28,closed,14,15,21,21,15,15.0,15.0
yolov8x,cate6-00027,21,22,open,8,9,0,22,9,9.0,9.0
yolov8x,cate6-00027,21,22,half,8,9,11,22,9,9.0,9.0
yolov8x,cate6-00027,21,22,closed,8,9,22,22,8,9.0,8.0
yolov8x,cate6-00051,26,27,open,13,14,0,30,15,14.0,14.0
yolov8x,cate6-00051,26,27,half,13,14,15,30,14,14.0,14.0
yolov8x,cate6-00051,26,27,closed,13,14,30,30,12,14.0,13.0
yolov8x,cate6-00051,31,32,open,16,17,0,7,17,17.0,17.0
yolov8x,cate6-00051,31,32,half,16,17,4,7,17,17.0,17.0
yolov8x,cate6-00051,31,32,closed,16,17,7,7,16,17.0,17.0
yolov8x,cate6-00051,25,26,open,12,13,0,23,14,13.0,13.0
yolov8x,cate6-00051,25,26,half,12,13,12,23,13,13.0,13.0
yolov8x,cate6-00051,25,26,closed,12,13,23,23,11,13.0,13.0
yolov8x,cate6-00123,12,13,open,1,2,0,26,2,2.0,2.0
yolov8x,cate6-00123,12,13,half,1,2,13,26,2,2.0,2.0
yolov8x,cate6-00123,12,13,closed,1,2,26,26,0,2.0,2.0
yolov8x,cate6-00123,26,27,open,13,14,0,0,14,14.0,14.0
yolov8x,cate6-00123,26,27,half,13,14,0,0,14,14.0,14.0
yolov8x,cate6-00123,26,27,closed,13,14,0,0,14,14.0,14.0
yolov8x,cate6-00144,25,26,open,12,13,0,1,12,13.0,13.0
yolov8x,cate6-00144,25,26,half,12,13,0,1,12,13.0,13.0
yolov8x,cate6-00144,25,26,closed,12,13,1,1,13,13.0,13.0
yolov8x,cate6-00144,46,47,open,29,30,0,29,29,30.0,29.0
yolov8x,cate6-00144,46,47,half,29,30,14,29,29,30.0,29.0
yolov8x,cate6-00144,46,47,closed,29,30,29,29,29,30.0,29.0
yolov8x,cate6-00147,23,24,open,10,11,0,5,10,11.0,11.0
yolov8x,cate6-00147,23,24,half,10,11,2,5,10,11.0,11.0
yolov8x,cate6-00147,23,24,closed,10,11,5,5,10,11.0,11.0
yolov8x,cate6-00147,33,34,open,18,19,0,0,19,19.0,19.0
yolov8x,cate6-00147,33,34,half,18,19,0,0,19,19.0,19.0
yolov8x,cate6-00147,33,34,closed,18,19,0,0,19,19.0,19.0
yolov8x,cate7-00004,44,45,open,27,28,0,19,28,28.0,28.0
yolov8x,cate7-00004,44,45,half,27,28,10,19,28,28.0,28.0
yolov8x,cate7-00004,44,45,closed,27,28,19,19,28,28.0,27.0
yolov8x,cate7-00004,14,15,open,3,4,0,17,4,4.0,4.0
yolov8x,cate7-00004,14,15,half,3,4,8,17,4,4.0,4.0
yolov8x,cate7-00004,14,15,closed,3,4,17,17,3,4.0,3.0
yolov8x,cate7-00004,41,42,open,24,25,0,12,25,25.0,25.0
yolov8x,cate7-00004,41,42,half,24,25,6,12,25,25.0,25.0
yolov8x,cate7-00004,41,42,closed,24,25,12,12,24,25.0,
yolov8x,cate7-00008,31,32,open,16,17,0,12,17,17.0,17.0
yolov8x,cate7-00008,31,32,half,16,17,6,12,17,17.0,17.0
yolov8x,cate7-00008,31,32,closed,16,17,12,12,16,17.0,
yolov8x,cate7-00008,22,23,open,9,10,0,18,11,10.0,10.0
yolov8x,cate7-00008,22,23,half,9,10,9,18,10,10.0,10.0
yolov8x,cate7-00008,22,23,closed,9,10,18,18,10,10.0,10.0
yolov8x,cate7-00008,37,38,open,22,23,0,26,23,23.0,23.0
yolov8x,cate7-00008,37,38,half,22,23,13,26,23,23.0,23.0
yolov8x,cate7-00008,37,38,closed,22,23,26,26,23,23.0,22.0
yolov8x,cate7-00033,32,33,open,17,18,0,17,18,18.0,18.0
yolov8x,cate7-00033,32,33,half,17,18,8,17,18,18.0,18.0
yolov8x,cate7-00033,32,33,closed,17,18,17,17,18,18.0,18.0
yolov8x,cate7-00033,34,35,open,19,20,0,16,20,20.0,20.0
yolov8x,cate7-00033,34,35,half,19,20,8,16,20,20.0,20.0
yolov8x,cate7-00033,34,35,closed,19,20,16,16,20,20.0,
yolov8x,cate7-00033,21,22,open,8,9,0,20,9,9.0,9.0
yolov8x,cate7-00033,21,22,half,8,9,10,20,8,9.0,9.0
yolov8x,cate7-00033,21,22,closed,8,9,20,20,8,9.0,8.0
yolov8x,cate7-00050,24,25,open,11,12,0,14,12,12.0,12.0
yolov8x,cate7-00050,24,25,half,11,12,7,14,12,12.0,12.0
yolov8x,cate7-00050,24,25,closed,11,12,14,14,12,12.0,11.0
yolov8x,cate7-00050,17,18,open,6,7,0,34,6,6.0,6.0
yolov8x,cate7-00050,17,18,half,6,7,17,34,6,6.0,6.0
yolov8x,cate7-00050,17,18,closed,6,7,34,34,4,6.0,6.0
yolov8x,cate7-00050,22,23,open,9,10,0,12,10,10.0,10.0
yolov8x,cate7-00050,22,23,half,9,10,6,12,10,10.0,10.0
yolov8x,cate7-00050,22,23,closed,9,10,12,12,9,10.0,10.0
yolov8x,cate7-00054,11,12,open,0,1,0,16,1,1.0,1.0
yolov8x,cate7-00054,11,12,half,0,1,8,16,0,1.0,1.0
yolov8x,cate7-00054,11,12,closed,0,1,16,16,0,1.0,
yolov8x,cate7-00054,36,37,open,21,22,0,37,22,23.0,23.0
yolov8x,cate7-00054,36,37,half,21,22,18,37,22,23.0,22.0
yolov8x,cate7-00054,36,37,closed,21,22,37,37,21,23.0,22.0
yolov8x,cate7-00054,41,42,open,24,25,0,11,25,25.0,25.0
yolov8x,cate7-00054,41,42,half,24,25,6,11,25,25.0,25.0
yolov8x,cate7-00054,41,42,closed,24,25,11,11,25,25.0,25.0
yolov8x,cate7-00056,22,23,open,9,10,0,16,11,10.0,10.0
yolov8x,cate7-00056,22,23,half,9,10,8,16,10,10.0,10.0
yolov8x,cate7-00056,22,23,closed,9,10,16,16,10,10.0,10.0
yolov8x,cate7-00056,44,45,open,27,28,0,16,28,28.0,28.0
yolov8x,cate7-00056,44,45,half,27,28,8,16,28,28.0,28.0
yolov8x,cate7-00056,44,45,closed,27,28,16,16,28,28.0,28.0
yolov8x,cate7-00056,11,12,open,0,1,0,22,0,1.0,1.0
yolov8x,cate7-00056,11,12,half,0,1,11,22,0,1.0,1.0
yolov8x,cate7-00056,11,12,closed,0,1,22,22,8,1.0,0.0
yolov8x,cate7-00098,25,26,open,12,13,0,12,13,13.0,13.0
yolov8x,cate7-00098,25,26,half,12,13,6,12,13,13.0,13.0
yolov8x,cate7-00098,25,26,closed,12,13,12,12,13,13.0,13.0
yolov8x,cate7-00098,26,27,open,13,14,0,28,14,14.0,14.0
yolov8x,cate7-00098,26,27,half,13,14,14,28,13,14.0,14.0
yolov8x,cate7-00098,26,27,closed,13,14,28,28,13,14.0,13.0
yolov8x,cate7-00098,13,14,open,2,3,0,6,3,3.0,
yolov8x,cate7-00098,13,14,half,2,3,3,6,3,3.0,3.0
yolov8x,cate7-00098,13,14,closed,2,3,6,6,3,3.0,
yolov8x,cate8-00011,32,33,open,17,18,0,18,18,18.0,18.0
yolov8x,cate8-00011,32,33,half,17,18,9,18,17,18.0,18.0
yolov8x,cate8-00011,32,33,closed,17,18,18,18,17,18.0,18.0
yolov8x,cate8-00011,15,16,open,4,5,0,20,6,5.0,5.0
yolov8x,cate8-00011,15,16,half,4,5,10,20,5,5.0,5.0
yolov8x,cate8-00011,15,16,closed,4,5,20,20,5,5.0,5.0
yolov8x,cate8-00011,11,12,open,0,1,0,24,1,1.0,1.0
yolov8x,cate8-00011,11,12,half,0,1,12,24,1,1.0,1.0
yolov8x,cate8-00011,11,12,closed,0,1,24,24,0,1.0,1.0
yolov8x,cate8-00022,43,44,open,26,27,0,15,26,27.0,27.0
yolov8x,cate8-00022,43,44,half,26,27,8,15,26,27.0,27.0
yolov8x,cate8-00022,43,44,closed,26,27,15,15,26,27.0,26.0
yolov8x,cate8-00022,26,27,open,13,14,0,30,14,14.0,14.0
yolov8x,cate8-00022,26,27,half,13,14,15,30,14,14.0,14.0
yolov8x,cate8-00022,26,27,closed,13,14,30,30,13,14.0,14.0
yolov8x,cate8-00022,15,16,open,4,5,0,17,5,5.0,5.0
yolov8x,cate8-00022,15,16,half,4,5,8,17,5,5.0,5.0
yolov8x,cate8-00022,15,16,closed,4,5,17,17,5,5.0,5.0
yolov8x,cate8-00041,15,16,open,4,5,0,21,5,5.0,5.0
yolov8x,cate8-00041,15,16,half,4,5,10,21,5,5.0,5.0
yolov8x,cate8-00041,15,16,closed,4,5,21,21,5,5.0,5.0
yolov8x,cate8-00041,26,27,open,13,14,0,25,14,14.0,14.0
yolov8x,cate8-00041,26,27,half,13,14,12,25,14,14.0,14.0
yolov8x,cate8-00041,26,27,closed,13,14,25,25,14,14.0,14.0
yolov8x,cate8-00041,16,17,open,5,6,0,26,6,6.0,6.0
yolov8x,cate8-00041,16,17,half,5,6,13,26,6,6.0,6.0
yolov8x,cate8-00041,16,17,closed,5,6,26,26,6,6.0,5.0
yolov8x,cate8-00051,24,25,open,11,12,0,26,13,12.0,12.0
yolov8x,cate8-00051,24,25,half,11,12,13,26,12,12.0,12.0
yolov8x,cate8-00051,24,25,closed,11,12,26,26,12,12.0,11.0
yolov8x,cate8-00051,36,37,open,21,22,0,35,22,22.0,22.0
yolov8x,cate8-00051,36,37,half,21,22,18,35,22,22.0,22.0
yolov8x,cate8-00051,36,37,closed,21,22,35,35,22,22.0,21.0
yolov8x,cate8-00051,37,38,open,22,23,0,34,23,23.0,23.0
yolov8x,cate8-00051,37,38,half,22,23,17,34,14,23.0,23.0
yolov8x,cate8-00051,37,38,closed,22,23,34,34,14,23.0,22.0
yolov8x,cate8-00087,33,34,open,18,19,0,18,19,19.0,19.0
yolov8x,cate8-00087,33,34,half,18,19,9,18,19,19.0,19.0
yolov8x,cate8-00087,33,34,closed,18,19,18,18,18,19.0,18.0
yolov8x,cate8-00087,34,35,open,19,20,0,22,20,20.0,20.0
yolov8x,cate8-00087,34,35,half,19,20,11,22,19,20.0,19.0
yolov8x,cate8-00087,34,35,closed,19,20,22,22,19,20.0,19.0
yolov8x,cate8-00087,21,22,open,8,9,0,20,9,9.0,9.0
yolov8x,cate8-00087,21,22,half,8,9,10,20,9,9.0,8.0
yolov8x,cate8-00087,21,22,closed,8,9,20,20,8,9.0,8.0
yolov8x,cate8-00094,23,24,open,10,11,0,19,11,11.0,11.0
yolov8x,cate8-00094,23,24,half,10,11,10,19,11,11.0,11.0
yolov8x,cate8-00094,23,24,closed,10,11,19,19,10,11.0,10.0
yolov8x,cate8-00094,11,12,open,0,1,0,14,1,1.0,1.0
yolov8x,cate8-00094,11,12,half,0,1,7,14,0,1.0,0.0
yolov8x,cate8-00094,11,12,closed,0,1,14,14,0,1.0,0.0
yolov8x,cate8-00094,31,32,open,16,17,0,13,17,17.0,17.0
yolov8x,cate8-00094,31,32,half,16,17,6,13,17,17.0,16.0
yolov8x,cate8-00094,31,32,closed,16,17,13,13,16,17.0,16.0
yolov8x,cate8-00095,41,42,open,24,25,0,11,26,25.0,25.0
yolov8x,cate8-00095,41,42,half,24,25,6,11,25,25.0,25.0
yolov8x,cate8-00095,41,42,closed,24,25,11,11,25,25.0,25.0
yolov8x,cate8-00095,12,13,open,1,2,0,12,3,2.0,2.0
yolov8x,cate8-00095,12,13,half,1,2,6,12,2,2.0,2.0
yolov8x,cate8-00095,12,13,closed,1,2,12,12,2,2.0,1.0
yolov8x,cate8-00095,31,32,open,16,17,0,11,16,17.0,17.0
yolov8x,cate8-00095,31,32,half,16,17,6,11,16,17.0,16.0
yolov8x,cate8-00095,31,32,closed,16,17,11,11,24,17.0,16.0
yolov8x,cate8-00102,35,36,open,20,21,0,20,21,21.0,21.0
yolov8x,cate8-00102,35,36,half,20,21,10,20,21,21.0,21.0
yolov8x,cate8-00102,35,36,closed,20,21,20,20,20,21.0,21.0
yolov8x,cate8-00102,22,23,open,9,10,0,16,10,10.0,10.0
yolov8x,cate8-00102,22,23,half,9,10,8,16,10,10.0,10.0
yolov8x,cate8-00102,22,23,closed,9,10,16,16,9,10.0,10.0
yolov8x,cate8-00102,41,42,open,24,25,0,13,25,25.0,25.0
yolov8x,cate8-00102,41,42,half,24,25,6,13,25,25.0,25.0
yolov8x,cate8-00102,41,42,closed,24,25,13,13,24,25.0,25.0
yolov8x,cate8-00159,32,33,open,17,18,0,16,18,18.0,18.0
yolov8x,cate8-00159,32,33,half,17,18,8,16,18,18.0,18.0
yolov8x,cate8-00159,32,33,closed,17,18,16,16,17,18.0,17.0
yolov8x,cate8-00159,15,16,open,4,5,0,17,5,5.0,5.0
yolov8x,cate8-00159,15,16,half,4,5,8,17,5,5.0,5.0
yolov8x,cate8-00159,15,16,closed,4,5,17,17,5,5.0,5.0
yolov8x,cate8-00159,34,35,open,19,20,0,19,19,20.0,20.0
yolov8x,cate8-00159,34,35,half,19,20,10,19,19,20.0,20.0
yolov8x,cate8-00159,34,35,closed,19,20,19,19,19,20.0,19.0
yolov8x,cate8-00174,41,42,open,24,25,0,15,25,25.0,
yolov8x,cate8-00174,41,42,half,24,25,8,15,25,25.0,25.0
yolov8x,cate8-00174,41,42,closed,24,25,15,15,25,25.0,25.0
yolov8x,cate8-00174,22,23,open,9,10,0,20,10,10.0,10.0
yolov8x,cate8-00174,22,23,half,9,10,10,20,10,10.0,10.0
yolov8x,cate8-00174,22,23,closed,9,10,20,20,9,10.0,
yolov8x,cate8-00174,31,32,open,16,17,0,18,17,17.0,17.0
yolov8x,cate8-00174,31,32,half,16,17,9,18,16,17.0,16.0
yolov8x,cate8-00174,31,32,closed,16,17,18,18,16,17.0,16.0
yolov8x,cate8-00210,42,43,open,25,26,0,16,26,26.0,26.0
yolov8x,cate8-00210,42,43,half,25,26,8,16,26,26.0,26.0
yolov8x,cate8-00210,42,43,closed,25,26,16,16,26,26.0,26.0
yolov8x,cate8-00210,23,24,open,10,11,0,19,11,11.0,11.0
yolov8x,cate8-00210,23,24,half,10,11,10,19,10,11.0,11.0
yolov8x,cate8-00210,23,24,closed,10,11,19,19,10,11.0,10.0
yolov8x,cate8-00210,25,26,open,12,13,0,19,13,13.0,13.0
yolov8x,cate8-00210,25,26,half,12,13,10,19,13,13.0,13.0
yolov8x,cate8-00210,25,26,closed,12,13,19,19,13,13.0,13.0
yolov8x,cate8-00221,42,43,open,25,26,0,13,26,26.0,26.0
yolov8x,cate8-00221,42,43,half,25,26,6,13,26,26.0,26.0
yolov8x,cate8-00221,42,43,closed,25,26,13,13,25,26.0,26.0
yolov8x,cate8-00221,16,17,open,5,6,0,27,6,6.0,6.0
yolov8x,cate8-00221,16,17,half,5,6,14,27,6,6.0,6.0
yolov8x,cate8-00221,16,17,closed,5,6,27,27,5,6.0,6.0
yolov8x,cate8-00221,43,44,open,26,27,0,16,27,27.0,27.0
yolov8x,cate8-00221,43,44,half,26,27,8,16,26,27.0,27.0
yolov8x,cate8-00221,43,44,closed,26,27,16,16,26,27.0,27.0
yolov8x,cate8-00260,33,34,open,18,19,0,14,19,19.0,19.0
yolov8x,cate8-00260,33,34,half,18,19,7,14,19,19.0,19.0
yolov8x,cate8-00260,33,34,closed,18,19,14,14,18,19.0,19.0
yolov8x,cate8-00260,34,35,open,19,20,0,18,20,21.0,21.0
yolov8x,cate8-00260,34,35,half,19,20,9,18,20,21.0,21.0
yolov8x,cate8-00260,34,35,closed,19,20,18,18,20,21.0,21.0
yolov8x,cate8-00260,12,13,open,1,2,0,12,2,2.0,2.0
yolov8x,cate8-00260,12,13,half,1,2,6,12,2,2.0,2.0
yolov8x,cate8-00260,12,13,closed,1,2,12,12,2,2.0,2.0
yolov8x,cate8-00281,43,44,open,26,27,0,13,26,27.0,27.0
yolov8x,cate8-00281,43,44,half,26,27,6,13,26,27.0,27.0
yolov8x,cate8-00281,43,44,closed,26,27,13,13,26,27.0,27.0
yolov8x,cate8-00281,33,34,open,18,19,0,11,19,19.0,19.0
yolov8x,cate8-00281,33,34,half,18,19,6,11,19,19.0,19.0
yolov8x,cate8-00281,33,34,closed,18,19,11,11,18,19.0,19.0
yolov8x,cate8-00281,45,46,open,28,29,0,19,29,29.0,29.0
yolov8x,cate8-00281,45,46,half,28,29,10,19,28,29.0,29.0
yolov8x,cate8-00281,45,46,closed,28,29,19,19,28,29.0,29.0
yolov8x,cate8-00289,17,18,open,6,7,0,25,7,7.0,7.0
yolov8x,cate8-00289,17,18,half,6,7,12,25,7,7.0,7.0
yolov8x,cate8-00289,17,18,closed,6,7,25,25,7,7.0,7.0
yolov8x,cate8-00289,44,45,open,27,28,0,16,28,28.0,28.0
yolov8x,cate8-00289,44,45,half,27,28,8,16,28,28.0,28.0
yolov8x,cate8-00289,44,45,closed,27,28,16,16,28,28.0,27.0
yolov8x,cate8-00289,41,42,open,24,25,0,14,25,25.0,25.0
yolov8x,cate8-00289,41,42,half,24,25,7,14,25,25.0,25.0
yolov8x,cate8-00289,41,42,closed,24,25,14,14,24,25.0,24.0
yolov8x,cate8-00310,22,23,open,9,10,0,17,10,10.0,10.0
yolov8x,cate8-00310,22,23,half,9,10,8,17,10,10.0,10.0
yolov8x,cate8-00310,22,23,closed,9,10,17,17,10,10.0,10.0
yolov8x,cate8-00310,41,42,open,24,25,0,12,25,25.0,25.0
yolov8x,cate8-00310,41,42,half,24,25,6,12,24,25.0,25.0
yolov8x,cate8-00310,41,42,closed,24,25,12,12,24,25.0,24.0
yolov8x,cate8-00310,26,27,open,13,14,0,31,14,14.0,15.0
yolov8x,cate8-00310,26,27,half,13,14,16,31,14,14.0,14.0
yolov8x,cate8-00310,26,27,closed,13,14,31,31,13,14.0,14.0
yolov8x,cate8-00318,14,15,open,3,4,0,11,4,4.0,4.0
yolov8x,cate8-00318,14,15,half,3,4,6,11,4,4.0,3.0
yolov8x,cate8-00318,14,15,closed,3,4,11,11,3,4.0,3.0
yolov8x,cate8-00318,32,33,open,17,18,0,14,18,18.0,18.0
yolov8x,cate8-00318,32,33,half,17,18,7,14,18,18.0,18.0
yolov8x,cate8-00318,32,33,closed,17,18,14,14,18,18.0,
yolov8x,cate8-00318,34,35,open,19,20,0,20,20,20.0,20.0
yolov8x,cate8-00318,34,35,half,19,20,10,20,19,20.0,19.0
yolov8x,cate8-00318,34,35,closed,19,20,20,20,19,20.0,19.0
yolov8x,cate8-00332,41,42,open,24,25,0,12,25,25.0,25.0
yolov8x,cate8-00332,41,42,half,24,25,6,12,25,25.0,25.0
yolov8x,cate8-00332,41,42,closed,24,25,12,12,0,25.0,25.0
yolov8x,cate8-00332,11,12,open,0,1,0,18,1,1.0,
yolov8x,cate8-00332,11,12,half,0,1,9,18,1,1.0,0.0
yolov8x,cate8-00332,11,12,closed,0,1,18,18,1,1.0,0.0
yolov8x,cate8-00332,43,44,open,26,27,0,19,27,27.0,27.0
yolov8x,cate8-00332,43,44,half,26,27,10,19,27,27.0,27.0
yolov8x,cate8-00332,43,44,closed,26,27,19,19,27,27.0,26.0
yolov8x,cate8-00339,33,34,open,18,19,0,16,20,19.0,20.0
yolov8x,cate8-00339,33,34,half,18,19,8,16,19,19.0,19.0
yolov8x,cate8-00339,33,34,closed,18,19,16,16,19,19.0,19.0
yolov8x,cate8-00339,42,43,open,25,26,0,15,26,26.0,
yolov8x,cate8-00339,42,43,half,25,26,8,15,26,26.0,26.0
yolov8x,cate8-00339,42,43,closed,25,26,15,15,25,26.0,26.0
yolov8x,cate8-00339,43,44,open,26,27,0,10,26,27.0,27.0
yolov8x,cate8-00339,43,44,half,26,27,5,10,26,27.0,27.0
yolov8x,cate8-00339,43,44,closed,26,27,10,10,26,27.0,27.0
yolov8x,cate8-00375,26,27,open,13,14,0,29,14,14.0,14.0
yolov8x,cate8-00375,26,27,half,13,14,14,29,13,14.0,14.0
yolov8x,cate8-00375,26,27,closed,13,14,29,29,13,14.0,13.0
yolov8x,cate8-00375,46,47,open,29,30,0,36,30,30.0,30.0
yolov8x,cate8-00375,46,47,half,29,30,18,36,30,30.0,30.0
yolov8x,cate8-00375,46,47,closed,29,30,36,36,29,30.0,30.0
yolov8x,cate8-00375,23,24,open,10,11,0,13,11,11.0,
yolov8x,cate8-00375,23,24,half,10,11,6,13,11,11.0,11.0
yolov8x,cate8-00375,23,24,closed,10,11,13,13,10,11.0,10.0
yolov8x,cate8-00390,44,45,open,27,28,0,21,28,28.0,28.0
yolov8x,cate8-00390,44,45,half,27,28,10,21,28,28.0,28.0
yolov8x,cate8-00390,44,45,closed,27,28,21,21,28,28.0,28.0
yolov8x,cate8-00390,15,16,open,4,5,0,21,5,5.0,5.0
yolov8x,cate8-00390,15,16,half,4,5,10,21,5,5.0,5.0
yolov8x,cate8-00390,15,16,closed,4,5,21,21,5,5.0,5.0
yolov8x,cate8-00390,14,15,open,3,4,0,21,4,4.0,4.0
yolov8x,cate8-00390,14,15,half,3,4,10,21,4,4.0,4.0
yolov8x,cate8-00390,14,15,closed,3,4,21,21,3,4.0,3.0
yolov8x,cate8-00404,27,28,open,14,15,0,23,15,15.0,15.0
yolov8x,cate8-00404,27,28,half,14,15,12,23,15,15.0,15.0
yolov8x,cate8-00404,27,28,closed,14,15,23,23,14,15.0,15.0
yolov8x,cate8-00404,15,16,open,4,5,0,14,5,5.0,5.0
yolov8x,cate8-00404,15,16,half,4,5,7,14,5,5.0,5.0
yolov8x,cate8-00404,15,16,closed,4,5,14,14,5,5.0,5.0
yolov8x,cate8-00404,16,17,open,5,6,0,30,6,6.0,6.0
yolov8x,cate8-00404,16,17,half,5,6,15,30,5,6.0,5.0
yolov8x,cate8-00404,16,17,closed,5,6,30,30,5,6.0,5.0
yolov8x,cate8-00407,36,37,open,21,22,0,44,22,22.0,22.0
yolov8x,cate8-00407,36,37,half,21,22,22,44,22,22.0,22.0
yolov8x,cate8-00407,36,37,closed,21,22,44,44,21,22.0,22.0
yolov8x,cate8-00407,31,32,open,16,17,0,13,16,17.0,17.0
yolov8x,cate8-00407,31,32,half,16,17,6,13,16,17.0,17.0
yolov8x,cate8-00407,31,32,closed,16,17,13,13,16,17.0,16.0
yolov8x,cate8-00407,32,33,open,17,18,0,13,18,18.0,18.0
yolov8x,cate8-00407,32,33,half,17,18,6,13,18,18.0,18.0
yolov8x,cate8-00407,32,33,closed,17,18,13,13,18,18.0,18.0
yolov8x,cate8-00418,15,16,open,4,5,0,21,5,5.0,5.0
yolov8x,cate8-00418,15,16,half,4,5,10,21,5,5.0,5.0
yolov8x,cate8-00418,15,16,closed,4,5,21,21,4,5.0,5.0
yolov8x,cate8-00418,34,35,open,19,20,0,22,20,20.0,20.0
yolov8x,cate8-00418,34,35,half,19,20,11,22,19,20.0,20.0
yolov8x,cate8-00418,34,35,closed,19,20,22,22,19,20.0,20.0
yolov8x,cate8-00418,23,24,open,10,11,0,17,11,11.0,11.0
yolov8x,cate8-00418,23,24,half,10,11,8,17,11,11.0,11.0
yolov8x,cate8-00418,23,24,closed,10,11,17,17,10,11.0,10.0
yolov8x,cate8-00419,33,34,open,18,19,0,2,18,19.0,19.0
yolov8x,cate8-00419,33,34,half,18,19,1,2,18,19.0,19.0
yolov8x,cate8-00419,33,34,closed,18,19,2,2,18,19.0,19.0
yolov8x,cate8-00419,41,42,open,24,25,0,13,25,25.0,25.0
yolov8x,cate8-00419,41,42,half,24,25,6,13,25,25.0,25.0
yolov8x,cate8-00419,41,42,closed,24,25,13,13,24,25.0,24.0
yolov8x,cate8-00419,36,37,open,21,22,0,35,22,22.0,22.0
yolov8x,cate8-00419,36,37,half,21,22,18,35,21,22.0,22.0
yolov8x,cate8-00419,36,37,closed,21,22,35,35,21,22.0,21.0
yolov8x,cate8-00443,43,44,open,26,27,0,15,27,27.0,27.0
yolov8x,cate8-00443,43,44,half,26,27,8,15,26,27.0,27.0
yolov8x,cate8-00443,43,44,closed,26,27,15,15,26,27.0,26.0
yolov8x,cate8-00443,24,25,open,11,12,0,18,12,12.0,12.0
yolov8x,cate8-00443,24,25,half,11,12,9,18,11,12.0,12.0
yolov8x,cate8-00443,24,25,closed,11,12,18,18,11,12.0,11.0
yolov8x,cate8-00443,42,43,open,25,26,0,13,26,26.0,26.0
yolov8x,cate8-00443,42,43,half,25,26,6,13,26,26.0,26.0
yolov8x,cate8-00443,42,43,closed,25,26,13,13,26,26.0,26.0
yolov8x,cate8-00447,16,17,open,5,6,0,22,6,6.0,6.0
yolov8x,cate8-00447,16,17,half,5,6,11,22,5,6.0,6.0
yolov8x,cate8-00447,16,17,closed,5,6,22,22,5,6.0,
yolov8x,cate8-00447,23,24,open,10,11,0,16,11,11.0,11.0
yolov8x,cate8-00447,23,24,half,10,11,8,16,10,11.0,11.0
yolov8x,cate8-00447,23,24,closed,10,11,16,16,10,11.0,10.0
yolov8x,cate8-00447,24,25,open,11,12,0,11,12,12.0,12.0
yolov8x,cate8-00447,24,25,half,11,12,6,11,12,12.0,12.0
yolov8x,cate8-00447,24,25,closed,11,12,11,11,11,12.0,12.0
yolov8x,cate8-00449,34,35,open,19,20,0,17,19,20.0,20.0
yolov8x,cate8-00449,34,35,half,19,20,8,17,19,20.0,20.0
yolov8x,cate8-00449,34,35,closed,19,20,17,17,19,20.0,19.0
yolov8x,cate8-00449,31,32,open,16,17,0,10,17,17.0,
yolov8x,cate8-00449,31,32,half,16,17,5,10,17,17.0,17.0
yolov8x,cate8-00449,31,32,closed,16,17,10,10,17,17.0,
yolov8x,cate8-00449,32,33,open,17,18,0,11,17,18.0,18.0
yolov8x,cate8-00449,32,33,half,17,18,6,11,17,18.0,17.0
yolov8x,cate8-00449,32,33,closed,17,18,11,11,17,18.0,17.0
yolov8x,cate9-00022,25,26,open,12,13,0,17,13,13.0,13.0
yolov8x,cate9-00022,25,26,half,12,13,8,17,13,13.0,13.0
yolov8x,cate9-00022,25,26,closed,12,13,17,17,13,13.0,13.0
yolov8x,cate9-00022,24,25,open,11,12,0,20,12,12.0,12.0
yolov8x,cate9-00022,24,25,half,11,12,10,20,12,12.0,12.0
yolov8x,cate9-00022,24,25,closed,11,12,20,20,11,12.0,11.0
yolov8x,cate9-00022,47,48,open,30,31,0,31,31,31.0,31.0
yolov8x,cate9-00022,47,48,half,30,31,16,31,31,31.0,31.0
yolov8x,cate9-00022,47,48,closed,30,31,31,31,31,31.0,30.0
yolov8x,cate1-00011,35,36,open,20,21,0,17,21,21.0,21.0
yolov8x,cate1-00011,35,36,half,20,21,8,17,21,21.0,21.0
yolov8x,cate1-00011,35,36,closed,20,21,17,17,21,21.0,21.0
yolov8x,cate1-00011,32,33,open,17,18,0,17,19,18.0,18.0
yolov8x,cate1-00011,32,33,half,17,18,8,17,18,18.0,18.0
yolov8x,cate1-00011,32,33,closed,17,18,17,17,17,18.0,18.0
yolov8x,cate1-00011,34,35,open,19,20,0,21,20,20.0,20.0
yolov8x,cate1-00011,34,35,half,19,20,10,21,20,20.0,20.0
yolov8x,cate1-00011,34,35,closed,19,20,21,21,19,20.0,19.0
yolov8x,cate1-00035,45,46,open,28,29,0,23,29,29.0,29.0
yolov8x,cate1-00035,45,46,half,28,29,12,23,29,29.0,29.0
yolov8x,cate1-00035,45,46,closed,28,29,23,23,29,29.0,29.0
yolov8x,cate1-00035,24,25,open,11,12,0,18,12,12.0,12.0
yolov8x,cate1-00035,24,25,half,11,12,9,18,12,12.0,
yolov8x,cate1-00035,24,25,closed,11,12,18,18,12,12.0,11.0
yolov8x,cate1-00035,36,37,open,21,22,0,36,22,22.0,22.0
yolov8x,cate1-00035,36,37,half,21,22,18,36,22,22.0,22.0
yolov8x,cate1-00035,36,37,closed,21,22,36,36,21,22.0,22.0
yolov8x,cate1-00038,41,42,open,24,25,0,11,24,25.0,25.0
yolov8x,cate1-00038,41,42,half,24,25,6,11,24,25.0,25.0
yolov8x,cate1-00038,41,42,closed,24,25,11,11,24,25.0,25.0
yolov8x,cate1-00038,36,37,open,21,22,0,27,22,22.0,22.0
yolov8x,cate1-00038,36,37,half,21,22,14,27,21,22.0,21.0
yolov8x,cate1-00038,36,37,closed,21,22,27,27,21,22.0,21.0
yolov8x,cate1-00038,35,36,open,20,21,0,17,21,21.0,21.0
yolov8x,cate1-00038,35,36,half,20,21,8,17,20,21.0,21.0
yolov8x,cate1-00038,35,36,closed,20,21,17,17,20,21.0,21.0
yolov8x,cate1-00053,27,28,open,14,15,0,26,15,15.0,15.0
yolov8x,cate1-00053,27,28,half,14,15,13,26,15,15.0,
yolov8x,cate1-00053,27,28,closed,14,15,26,26,15,15.0,14.0
yolov8x,cate1-00053,32,33,open,17,18,0,24,19,18.0,18.0
yolov8x,cate1-00053,32,33,half,17,18,12,24,18,18.0,18.0
yolov8x,cate1-00053,32,33,closed,17,18,24,24,18,18.0,18.0
yolov8x,cate1-00053,23,24,open,10,11,0,24,13,11.0,11.0
yolov8x,cate1-00053,23,24,half,10,11,12,24,12,11.0,10.0
yolov8x,cate1-00053,23,24,closed,10,11,24,24,11,11.0,10.0
yolov8x,cate10-00013,23,24,open,10,11,0,14,11,11.0,11.0
yolov8x,cate10-00013,23,24,half,10,11,7,14,11,11.0,11.0
yolov8x,cate10-00013,23,24,closed,10,11,14,14,11,11.0,11.0
yolov8x,cate10-00013,42,43,open,25,26,0,11,26,26.0,26.0
yolov8x,cate10-00013,42,43,half,25,26,6,11,26,26.0,26.0
yolov8x,cate10-00013,42,43,closed,25,26,11,11,26,26.0,26.0
yolov8x,cate10-00013,12,13,open,1,2,0,18,2,2.0,2.0
yolov8x,cate10-00013,12,13,half,1,2,9,18,2,2.0,2.0
yolov8x,cate10-00013,12,13,closed,1,2,18,18,2,2.0,2.0
yolov8x,cate10-00036,17,18,open,6,7,0,30,7,7.0,7.0
yolov8x,cate10-00036,17,18,half,6,7,15,30,7,7.0,6.0
yolov8x,cate10-00036,17,18,closed,6,7,30,30,7,7.0,6.0
yolov8x,cate10-00036,33,34,open,18,19,0,27,20,19.0,19.0
yolov8x,cate10-00036,33,34,half,18,19,14,27,19,19.0,18.0
yolov8x,cate10-00036,33,34,closed,18,19,27,27,18,19.0,18.0
yolov8x,cate10-00036,34,35,open,19,20,0,19,20,20.0,20.0
yolov8x,cate10-00036,34,35,half,19,20,10,19,20,20.0,19.0
yolov8x,cate10-00036,34,35,closed,19,20,19,19,19,20.0,19.0
yolov8x,cate10-00054,42,43,open,25,26,0,11,26,26.0,26.0
yolov8x,cate10-00054,42,43,half,25,26,6,11,26,26.0,26.0
yolov8x,cate10-00054,42,43,closed,25,26,11,11,26,26.0,26.0
yolov8x,cate10-00054,44,45,open,27,28,0,17,28,28.0,27.0
yolov8x,cate10-00054,44,45,half,27,28,8,17,28,28.0,27.0
yolov8x,cate10-00054,44,45,closed,27,28,17,17,27,28.0,27.0
yolov8x,cate10-00054,33,34,open,18,19,0,16,18,19.0,19.0
yolov8x,cate10-00054,33,34,half,18,19,8,16,18,19.0,19.0
yolov8x,cate10-00054,33,34,closed,18,19,16,16,18,19.0,18.0
yolov8x,cate10-00056,42,43,open,25,26,0,18,26,26.0,26.0
yolov8x,cate10-00056,42,43,half,25,26,9,18,26,26.0,26.0
yolov8x,cate10-00056,42,43,closed,25,26,18,18,26,26.0,26.0
yolov8x,cate10-00056,32,33,open,17,18,0,14,18,18.0,18.0
yolov8x,cate10-00056,32,33,half,17,18,7,14,18,18.0,18.0
yolov8x,cate10-00056,32,33,closed,17,18,14,14,18,18.0,18.0
yolov8x,cate10-00056,31,32,open,16,17,0,8,18,17.0,17.0
yolov8x,cate10-00056,31,32,half,16,17,4,8,18,17.0,17.0
yolov8x,cate10-00056,31,32,closed,16,17,8,8,17,17.0,17.0
yolov8x,cate10-00077,36,37,open,21,22,0,30,22,22.0,22.0
yolov8x,cate10-00077,36,37,half,21,22,15,30,22,22.0,22.0
yolov8x,cate10-00077,36,37,closed,21,22,30,30,22,22.0,21.0
yolov8x,cate10-00077,13,14,open,2,3,0,25,3,3.0,3.0
yolov8x,cate10-00077,13,14,half,2,3,12,25,3,3.0,2.0
yolov8x,cate10-00077,13,14,closed,2,3,25,25,2,3.0,2.0
yolov8x,cate10-00077,33,34,open,18,19,0,23,19,19.0,19.0
yolov8x,cate10-00077,33,34,half,18,19,12,23,19,19.0,19.0
yolov8x,cate10-00077,33,34,closed,18,19,23,23,19,19.0,18.0
yolov8x,cate10-00102,12,13,open,1,2,0,20,2,2.0,2.0
yolov8x,cate10-00102,12,13,half,1,2,10,20,2,2.0,2.0
yolov8x,cate10-00102,12,13,closed,1,2,20,20,1,2.0,1.0
yolov8x,cate10-00102,23,24,open,10,11,0,19,11,11.0,11.0
yolov8x,cate10-00102,23,24,half,10,11,10,19,11,11.0,10.0
yolov8x,cate10-00102,23,24,closed,10,11,19,19,11,11.0,10.0
yolov8x,cate10-00102,14,15,open,3,4,0,25,4,4.0,4.0
yolov8x,cate10-00102,14,15,half,3,4,12,25,4,4.0,4.0
yolov8x,cate10-00102,14,15,closed,3,4,25,25,3,4.0,3.0
yolov8x,cate10-00106,12,13,open,1,2,0,18,2,2.0,2.0
yolov8x,cate10-00106,12,13,half,1,2,9,18,2,2.0,2.0
yolov8x,cate10-00106,12,13,closed,1,2,18,18,2,2.0,2.0
yolov8x,cate10-00106,37,38,open,22,23,0,28,23,23.0,23.0
yolov8x,cate10-00106,37,38,half,22,23,14,28,23,23.0,23.0
yolov8x,cate10-00106,37,38,closed,22,23,28,28,23,23.0,23.0
yolov8x,cate10-00106,42,43,open,25,26,0,16,26,26.0,26.0
yolov8x,cate10-00106,42,43,half,25,26,8,16,25,26.0,26.0
yolov8x,cate10-00106,42,43,closed,25,26,16,16,25,26.0,
yolov8x,cate2-00003,12,13,open,1,2,0,15,2,2.0,2.0
yolov8x,cate2-00003,12,13,half,1,2,8,15,1,2.0,2.0
yolov8x,cate2-00003,12,13,closed,1,2,15,15,1,2.0,2.0
yolov8x,cate2-00003,24,25,open,11,12,0,15,12,12.0,12.0
yolov8x,cate2-00003,24,25,half,11,12,8,15,12,12.0,12.0
yolov8x,cate2-00003,24,25,closed,11,12,15,15,12,12.0,11.0
yolov8x,cate2-00003,45,46,open,28,29,0,20,30,29.0,29.0
yolov8x,cate2-00003,45,46,half,28,29,10,20,29,29.0,29.0
yolov8x,cate2-00003,45,46,closed,28,29,20,20,29,29.0,29.0
yolov8x,cate2-00014,22,23,open,9,10,0,11,10,10.0,10.0
yolov8x,cate2-00014,22,23,half,9,10,6,11,10,10.0,10.0
yolov8x,cate2-00014,22,23,closed,9,10,11,11,10,10.0,
yolov8x,cate2-00014,12,13,open,1,2,0,12,3,,
yolov8x,cate2-00014,12,13,half,1,2,6,12,1,,2.0
yolov8x,cate2-00014,12,13,closed,1,2,12,12,1,,2.0
yolov8x,cate2-00014,36,37,open,21,22,0,28,22,22.0,22.0
yolov8x,cate2-00014,36,37,half,21,22,14,28,21,22.0,21.0
yolov8x,cate2-00014,36,37,closed,21,22,28,28,21,22.0,21.0
yolov8x,cate2-00020,43,44,open,26,27,0,17,27,27.0,27.0
yolov8x,cate2-00020,43,44,half,26,27,8,17,26,27.0,27.0
yolov8x,cate2-00020,43,44,closed,26,27,17,17,26,27.0,27.0
yolov8x,cate2-00020,33,34,open,18,19,0,15,19,19.0,19.0
yolov8x,cate2-00020,33,34,half,18,19,8,15,19,19.0,19.0
yolov8x,cate2-00020,33,34,closed,18,19,15,15,18,19.0,19.0
yolov8x,cate2-00020,44,45,open,27,28,0,7,28,28.0,28.0
yolov8x,cate2-00020,44,45,half,27,28,4,7,28,28.0,28.0
yolov8x,cate2-00020,44,45,closed,27,28,7,7,28,28.0,28.0
yolov8x,cate2-00025,46,47,open,29,30,0,34,29,30.0,30.0
yolov8x,cate2-00025,46,47,half,29,30,17,34,29,30.0,29.0
yolov8x,cate2-00025,46,47,closed,29,30,34,34,28,30.0,29.0
yolov8x,cate2-00025,32,33,open,17,18,0,11,18,18.0,18.0
yolov8x,cate2-00025,32,33,half,17,18,6,11,18,18.0,18.0
yolov8x,cate2-00025,32,33,closed,17,18,11,11,17,18.0,18.0
yolov8x,cate2-00025,22,23,open,9,10,0,6,10,10.0,10.0
yolov8x,cate2-00025,22,23,half,9,10,3,6,10,10.0,10.0
yolov8x,cate2-00025,22,23,closed,9,10,6,6,10,10.0,10.0
yolov8x,cate2-00026,33,34,open,18,19,0,10,19,19.0,19.0
yolov8x,cate2-00026,33,34,half,18,19,5,10,18,19.0,19.0
yolov8x,cate2-00026,33,34,closed,18,19,10,10,17,19.0,19.0
yolov8x,cate2-00026,35,36,open,20,21,0,18,20,21.0,21.0
yolov8x,cate2-00026,35,36,half,20,21,9,18,20,21.0,21.0
yolov8x,cate2-00026,35,36,closed,20,21,18,18,20,21.0,21.0
yolov8x,cate2-00026,23,24,open,10,11,0,14,9,11.0,11.0
yolov8x,cate2-00026,23,24,half,10,11,7,14,9,11.0,11.0
yolov8x,cate2-00026,23,24,closed,10,11,14,14,9,11.0,10.0
yolov8x,cate2-00029,22,23,open,9,10,0,20,10,10.0,10.0
yolov8x,cate2-00029,22,23,half,9,10,10,20,10,10.0,10.0
yolov8x,cate2-00029,22,23,closed,9,10,20,20,9,10.0,10.0
yolov8x,cate2-00029,36,37,open,21,22,0,35,22,22.0,22.0
yolov8x,cate2-00029,36,37,half,21,22,18,35,22,22.0,22.0
yolov8x,cate2-00029,36,37,closed,21,22,35,35,21,22.0,21.0
yolov8x,cate2-00029,15,16,open,4,5,0,17,5,5.0,5.0
yolov8x,cate2-00029,15,16,half,4,5,8,17,5,5.0,5.0
yolov8x,cate2-00029,15,16,closed,4,5,17,17,5,5.0,5.0
yolov8x,cate2-00035,35,36,open,20,21,0,18,21,21.0,21.0
yolov8x,cate2-00035,35,36,half,20,21,9,18,21,21.0,21.0
yolov8x,cate2-00035,35,36,closed,20,21,18,18,21,21.0,21.0
yolov8x,cate2-00035,42,43,open,25,26,0,10,26,26.0,26.0
yolov8x,cate2-00035,42,43,half,25,26,5,10,26,26.0,26.0
yolov8x,cate2-00035,42,43,closed,25,26,10,10,26,26.0,26.0
yolov8x,cate2-00035,34,35,open,19,20,0,19,20,20.0,20.0
yolov8x,cate2-00035,34,35,half,19,20,10,19,19,20.0,20.0
yolov8x,cate2-00035,34,35,closed,19,20,19,19,19,20.0,19.0
yolov8x,cate2-00036,15,16,open,4,5,0,16,5,5.0,5.0
yolov8x,cate2-00036,15,16,half,4,5,8,16,5,5.0,5.0
yolov8x,cate2-00036,15,16,closed,4,5,16,16,3,5.0,5.0
yolov8x,cate2-00036,12,13,open,1,2,0,10,1,2.0,2.0
yolov8x,cate2-00036,12,13,half,1,2,5,10,1,2.0,2.0
yolov8x,cate2-00036,12,13,closed,1,2,10,10,1,2.0,2.0
yolov8x,cate2-00036,21,22,open,8,9,0,22,9,9.0,9.0
yolov8x,cate2-00036,21,22,half,8,9,11,22,9,9.0,9.0
yolov8x,cate2-00036,21,22,closed,8,9,22,22,8,9.0,8.0
yolov8x,cate2-00039,12,13,open,1,2,0,15,2,2.0,2.0
yolov8x,cate2-00039,12,13,half,1,2,8,15,1,2.0,2.0
yolov8x,cate2-00039,12,13,closed,1,2,15,15,1,2.0,2.0
yolov8x,cate2-00039,33,34,open,18,19,0,15,19,19.0,19.0
yolov8x,cate2-00039,33,34,half,18,19,8,15,19,19.0,19.0
yolov8x,cate2-00039,33,34,closed,18,19,15,15,18,19.0,19.0
yolov8x,cate2-00039,13,14,open,2,3,0,15,3,3.0,3.0
yolov8x,cate2-00039,13,14,half,2,3,8,15,3,3.0,3.0
yolov8x,cate2-00039,13,14,closed,2,3,15,15,2,3.0,3.0
yolov8x,cate2-00105,24,25,open,11,12,0,16,12,12.0,12.0
yolov8x,cate2-00105,24,25,half,11,12,8,16,11,12.0,12.0
yolov8x,cate2-00105,24,25,closed,11,12,16,16,11,12.0,11.0
yolov8x,cate2-00105,41,42,open,24,25,0,8,25,25.0,25.0
yolov8x,cate2-00105,41,42,half,24,25,4,8,25,25.0,25.0
yolov8x,cate2-00105,41,42,closed,24,25,8,8,25,25.0,25.0
yolov8x,cate2-00105,13,14,open,2,3,0,13,3,3.0,3.0
yolov8x,cate2-00105,13,14,half,2,3,6,13,3,3.0,2.0
yolov8x,cate2-00105,13,14,closed,2,3,13,13,2,3.0,2.0
yolov8x,cate2-00106,46,47,open,29,30,0,39,30,30.0,30.0
yolov8x,cate2-00106,46,47,half,29,30,20,39,30,30.0,30.0
yolov8x,cate2-00106,46,47,closed,29,30,39,39,29,30.0,29.0
yolov8x,cate2-00106,35,36,open,20,21,0,21,21,21.0,21.0
yolov8x,cate2-00106,35,36,half,20,21,10,21,21,21.0,21.0
yolov8x,cate2-00106,35,36,closed,20,21,21,21,21,21.0,21.0
yolov8x,cate2-00106,24,25,open,11,12,0,9,11,12.0,11.0
yolov8x,cate2-00106,24,25,half,11,12,4,9,11,12.0,12.0
yolov8x,cate2-00106,24,25,closed,11,12,9,9,11,12.0,
yolov8x,cate2-00113,37,38,open,22,23,0,33,23,23.0,23.0
yolov8x,cate2-00113,37,38,half,22,23,16,33,23,23.0,23.0
yolov8x,cate2-00113,37,38,closed,22,23,33,33,23,23.0,22.0
yolov8x,cate2-00113,25,26,open,12,13,0,20,13,13.0,13.0
yolov8x,cate2-00113,25,26,half,12,13,10,20,13,13.0,13.0
yolov8x,cate2-00113,25,26,closed,12,13,20,20,13,13.0,13.0
yolov8x,cate2-00113,11,12,open,0,1,0,17,1,1.0,1.0
yolov8x,cate2-00113,11,12,half,0,1,8,17,1,1.0,1.0
yolov8x,cate2-00113,11,12,closed,0,1,17,17,0,1.0,0.0
yolov8x,cate2-00129,31,32,open,16,17,0,12,17,17.0,17.0
yolov8x,cate2-00129,31,32,half,16,17,6,12,17,17.0,17.0
yolov8x,cate2-00129,31,32,closed,16,17,12,12,16,17.0,17.0
yolov8x,cate2-00129,14,15,open,3,4,0,16,4,4.0,4.0
yolov8x,cate2-00129,14,15,half,3,4,8,16,4,4.0,4.0
yolov8x,cate2-00129,14,15,closed,3,4,16,16,4,4.0,3.0
yolov8x,cate2-00129,43,44,open,26,27,0,17,27,27.0,27.0
yolov8x,cate2-00129,43,44,half,26,27,8,17,26,27.0,27.0
yolov8x,cate2-00129,43,44,closed,26,27,17,17,26,27.0,27.0
yolov8x,cate2-00130,41,42,open,24,25,0,13,25,25.0,25.0
yolov8x,cate2-00130,41,42,half,24,25,6,13,25,25.0,25.0
yolov8x,cate2-00130,41,42,closed,24,25,13,13,25,25.0,
yolov8x,cate2-00130,17,18,open,6,7,0,27,7,7.0,7.0
yolov8x,cate2-00130,17,18,half,6,7,14,27,6,7.0,6.0
yolov8x,cate2-00130,17,18,closed,6,7,27,27,6,7.0,6.0
yolov8x,cate2-00130,31,32,open,16,17,0,12,24,17.0,17.0
yolov8x,cate2-00130,31,32,half,16,17,6,12,24,17.0,17.0
yolov8x,cate2-00130,31,32,closed,16,17,12,12,24,17.0,
yolov8x,cate2-00136,47,48,open,30,31,0,30,31,31.0,31.0
yolov8x,cate2-00136,47,48,half,30,31,15,30,31,31.0,31.0
yolov8x,cate2-00136,47,48,closed,30,31,30,30,30,31.0,30.0
yolov8x,cate2-00136,21,22,open,8,9,0,19,9,9.0,9.0
yolov8x,cate2-00136,21,22,half,8,9,10,19,8,9.0,8.0
yolov8x,cate2-00136,21,22,closed,8,9,19,19,0,9.0,8.0
yolov8x,cate2-00136,16,17,open,5,6,0,28,6,6.0,6.0
yolov8x,cate2-00136,16,17,half,5,6,14,28,6,6.0,6.0
yolov8x,cate2-00136,16,17,closed,5,6,28,28,4,6.0,5.0
yolov8x,cate3-00006,44,45,open,27,28,0,19,28,28.0,28.0
yolov8x,cate3-00006,44,45,half,27,28,10,19,26,28.0,28.0
yolov8x,cate3-00006,44,45,closed,27,28,19,19,26,28.0,27.0
yolov8x,cate3-00006,46,47,open,29,30,0,35,30,30.0,30.0
yolov8x,cate3-00006,46,47,half,29,30,18,35,29,30.0,29.0
yolov8x,cate3-00006,46,47,closed,29,30,35,35,29,30.0,29.0
yolov8x,cate3-00006,32,33,open,17,18,0,13,18,18.0,18.0
yolov8x,cate3-00006,32,33,half,17,18,6,13,18,18.0,18.0
yolov8x,cate3-00006,32,33,closed,17,18,13,13,18,18.0,18.0
yolov8x,cate3-00016,35,36,open,20,21,0,17,21,21.0,21.0
yolov8x,cate3-00016,35,36,half,20,21,8,17,21,21.0,21.0
yolov8x,cate3-00016,35,36,closed,20,21,17,17,21,21.0,21.0
yolov8x,cate3-00016,32,33,open,17,18,0,17,18,18.0,18.0
yolov8x,cate3-00016,32,33,half,17,18,8,17,17,18.0,18.0
yolov8x,cate3-00016,32,33,closed,17,18,17,17,17,18.0,18.0
yolov8x,cate3-00016,11,12,open,0,1,0,20,1,1.0,1.0
yolov8x,cate3-00016,11,12,half,0,1,10,20,1,1.0,1.0
yolov8x,cate3-00016,11,12,closed,0,1,20,20,0,1.0,0.0
yolov8x,cate3-00020,13,14,open,2,3,0,19,3,3.0,3.0
yolov8x,cate3-00020,13,14,half,2,3,10,19,2,3.0,3.0
yolov8x,cate3-00020,13,14,closed,2,3,19,19,2,3.0,2.0
yolov8x,cate3-00020,32,33,open,17,18,0,17,19,18.0,18.0
yolov8x,cate3-00020,32,33,half,17,18,8,17,18,18.0,18.0
yolov8x,cate3-00020,32,33,closed,17,18,17,17,18,18.0,18.0
yolov8x,cate3-00020,22,23,open,9,10,0,15,10,10.0,10.0
yolov8x,cate3-00020,22,23,half,9,10,8,15,9,10.0,10.0
yolov8x,cate3-00020,22,23,closed,9,10,15,15,9,10.0,
yolov8x,cate4-00077,26,27,open,13,14,0,27,14,14.0,14.0
yolov8x,cate4-00077,26,27,half,13,14,14,27,13,14.0,14.0
yolov8x,cate4-00077,26,27,closed,13,14,27,27,13,14.0,13.0
yolov8x,cate4-00077,13,14,open,2,3,0,14,3,3.0,3.0
yolov8x,cate4-00077,13,14,half,2,3,7,14,3,3.0,3.0
yolov8x,cate4-00077,13,14,closed,2,3,14,14,2,3.0,2.0
yolov8x,cate4-00077,37,38,open,22,23,0,34,23,23.0,23.0
yolov8x,cate4-00077,37,38,half,22,23,17,34,23,23.0,23.0
yolov8x,cate4-00077,37,38,closed,22,23,34,34,23,23.0,22.0
yolov8x,cate4-00079,17,18,open,6,7,0,22,7,7.0,7.0
yolov8x,cate4-00079,17,18,half,6,7,11,22,7,7.0,7.0
yolov8x,cate4-00079,17,18,closed,6,7,22,22,6,7.0,7.0
yolov8x,cate4-00079,41,42,open,24,25,0,12,25,25.0,25.0
yolov8x,cate4-00079,41,42,half,24,25,6,12,25,25.0,25.0
yolov8x,cate4-00079,41,42,closed,24,25,12,12,24,25.0,25.0
yolov8x,cate4-00079,33,34,open,18,19,0,13,19,19.0,19.0
yolov8x,cate4-00079,33,34,half,18,19,6,13,19,19.0,19.0
yolov8x,cate4-00079,33,34,closed,18,19,13,13,18,19.0,19.0
yolov8x,cate4-00095,41,42,open,24,25,0,17,25,25.0,25.0
yolov8x,cate4-00095,41,42,half,24,25,8,17,25,25.0,25.0
yolov8x,cate4-00095,41,42,closed,24,25,17,17,25,25.0,25.0
yolov8x,cate4-00095,16,17,open,5,6,0,28,7,6.0,6.0
yolov8x,cate4-00095,16,17,half,5,6,14,28,6,6.0,6.0
yolov8x,cate4-00095,16,17,closed,5,6,28,28,5,6.0,5.0
yolov8x,cate4-00095,13,14,open,2,3,0,23,3,3.0,3.0
yolov8x,cate4-00095,13,14,half,2,3,12,23,3,3.0,2.0
yolov8x,cate4-00095,13,14,closed,2,3,23,23,2,3.0,2.0
yolov8x,cate4-00104,32,33,open,17,18,0,14,18,18.0,18.0
yolov8x,cate4-00104,32,33,half,17,18,7,14,18,18.0,18.0
yolov8x,cate4-00104,32,33,closed,17,18,14,14,18,18.0,18.0
yolov8x,cate4-00104,46,47,open,29,30,0,36,31,30.0,30.0
yolov8x,cate4-00104,46,47,half,29,30,18,36,30,30.0,30.0
yolov8x,cate4-00104,46,47,closed,29,30,36,36,30,30.0,29.0
yolov8x,cate4-00104,37,38,open,22,23,0,32,23,23.0,23.0
yolov8x,cate4-00104,37,38,half,22,23,16,32,23,23.0,23.0
yolov8x,cate4-00104,37,38,closed,22,23,32,32,23,23.0,23.0
yolov8x,cate4-00113,35,36,open,20,21,0,18,21,21.0,21.0
yolov8x,cate4-00113,35,36,half,20,21,9,18,21,21.0,21.0
yolov8x,cate4-00113,35,36,closed,20,21,18,18,21,21.0,21.0
yolov8x,cate4-00113,37,38,open,22,23,0,30,23,23.0,23.0
yolov8x,cate4-00113,37,38,half,22,23,15,30,23,23.0,23.0
yolov8x,cate4-00113,37,38,closed,22,23,30,30,23,23.0,23.0
yolov8x,cate4-00113,21,22,open,8,9,0,17,9,9.0,9.0
yolov8x,cate4-00113,21,22,half,8,9,8,17,8,9.0,9.0
yolov8x,cate4-00113,21,22,closed,8,9,17,17,8,9.0,8.0
yolov8x,cate4-00116,36,37,open,21,22,0,32,22,22.0,22.0
yolov8x,cate4-00116,36,37,half,21,22,16,32,22,22.0,22.0
yolov8x,cate4-00116,36,37,closed,21,22,32,32,22,22.0,22.0
yolov8x,cate4-00116,22,23,open,9,10,0,19,11,10.0,10.0
yolov8x,cate4-00116,22,23,half,9,10,10,19,10,10.0,10.0
yolov8x,cate4-00116,22,23,closed,9,10,19,19,10,10.0,10.0
yolov8x,cate4-00116,35,36,open,20,21,0,17,21,21.0,21.0
yolov8x,cate4-00116,35,36,half,20,21,8,17,21,21.0,21.0
yolov8x,cate4-00116,35,36,closed,20,21,17,17,21,21.0,21.0
yolov8x,cate5-00018,22,23,open,9,10,0,16,10,10.0,10.0
yolov8x,cate5-00018,22,23,half,9,10,8,16,10,10.0,10.0
yolov8x,cate5-00018,22,23,closed,9,10,16,16,9,10.0,10.0
yolov8x,cate5-00018,11,12,open,0,1,0,27,1,1.0,1.0
yolov8x,cate5-00018,11,12,half,0,1,14,27,1,1.0,1.0
yolov8x,cate5-00018,11,12,closed,0,1,27,27,0,1.0,0.0
yolov8x,cate5-00018,41,42,open,24,25,0,10,25,25.0,25.0
yolov8x,cate5-00018,41,42,half,24,25,5,10,24,25.0,25.0
yolov8x,cate5-00018,41,42,closed,24,25,10,10,24,25.0,25.0
yolov8x,cate5-00037,31,32,open,16,17,0,16,16,17.0,17.0
yolov8x,cate5-00037,31,32,half,16,17,8,16,24,17.0,16.0
yolov8x,cate5-00037,31,32,closed,16,17,16,16,24,17.0,16.0
yolov8x,cate5-00037,13,14,open,2,3,0,19,3,3.0,3.0
yolov8x,cate5-00037,13,14,half,2,3,10,19,3,3.0,2.0
yolov8x,cate5-00037,13,14,closed,2,3,19,19,2,3.0,
yolov8x,cate5-00037,33,34,open,18,19,0,24,19,19.0,19.0
yolov8x,cate5-00037,33,34,half,18,19,12,24,19,19.0,19.0
yolov8x,cate5-00037,33,34,closed,18,19,24,24,17,19.0,18.0
yolov8x,cate5-00042,13,14,open,2,3,0,15,3,3.0,3.0
yolov8x,cate5-00042,13,14,half,2,3,8,15,1,3.0,2.0
yolov8x,cate5-00042,13,14,closed,2,3,15,15,1,3.0,2.0
yolov8x,cate5-00042,43,44,open,26,27,0,18,27,27.0,27.0
yolov8x,cate5-00042,43,44,half,26,27,9,18,27,27.0,27.0
yolov8x,cate5-00042,43,44,closed,26,27,18,18,26,27.0,26.0
yolov8x,cate5-00042,46,47,open,29,30,0,34,30,30.0,30.0
yolov8x,cate5-00042,46,47,half,29,30,17,34,30,30.0,30.0
yolov8x,cate5-00042,46,47,closed,29,30,34,34,29,30.0,29.0
yolov8x,cate5-00043,33,34,open,18,19,0,20,19,19.0,19.0
yolov8x,cate5-00043,33,34,half,18,19,10,20,17,19.0,18.0
yolov8x,cate5-00043,33,34,closed,18,19,20,20,17,19.0,18.0
yolov8x,cate5-00043,16,17,open,5,6,0,20,6,6.0,6.0
yolov8x,cate5-00043,16,17,half,5,6,10,20,6,6.0,6.0
yolov8x,cate5-00043,16,17,closed,5,6,20,20,6,6.0,6.0
yolov8x,cate5-00043,11,12,open,0,1,0,22,1,,
yolov8x,cate5-00043,11,12,half,0,1,11,22,1,,
yolov8x,cate5-00043,11,12,closed,0,1,22,22,0,,
yolov8x,cate5-00048,13,14,open,2,3,0,20,3,3.0,3.0
yolov8x,cate5-00048,13,14,half,2,3,10,20,2,3.0,3.0
yolov8x,cate5-00048,13,14,closed,2,3,20,20,1,3.0,2.0
yolov8x,cate5-00048,31,32,open,16,17,0,18,17,17.0,17.0
yolov8x,cate5-00048,31,32,half,16,17,9,18,16,17.0,
yolov8x,cate5-00048,31,32,closed,16,17,18,18,16,17.0,16.0
yolov8x,cate5-00048,32,33,open,17,18,0,15,18,18.0,18.0
yolov8x,cate5-00048,32,33,half,17,18,8,15,18,18.0,18.0
yolov8x,cate5-00048,32,33,closed,17,18,15,15,18,18.0,18.0
yolov8x,cate5-00054,44,45,open,27,28,0,33,29,28.0,28.0
yolov8x,cate5-00054,44,45,half,27,28,16,33,29,28.0,28.0
yolov8x,cate5-00054,44,45,closed,27,28,33,33,28,28.0,28.0
yolov8x,cate5-00054,34,35,open,19,20,0,19,20,20.0,20.0
yolov8x,cate5-00054,34,35,half,19,20,10,19,20,20.0,20.0
yolov8x,cate5-00054,34,35,closed,19,20,19,19,20,20.0,19.0
yolov8x,cate5-00096,42,43,open,25,26,0,12,25,26.0,26.0
yolov8x,cate5-00096,42,43,half,25,26,6,12,24,26.0,26.0
yolov8x,cate5-00096,42,43,closed,25,26,12,12,24,26.0,25.0
yolov8x,cate5-00096,34,35,open,19,20,0,15,19,20.0,20.0
yolov8x,cate5-00096,34,35,half,19,20,8,15,19,20.0,20.0
yolov8x,cate5-00096,34,35,closed,19,20,15,15,19,20.0,19.0
yolov8x,cate5-00096,22,23,open,9,10,0,13,10,10.0,10.0
yolov8x,cate5-00096,22,23,half,9,10,6,13,10,10.0,10.0
yolov8x,cate5-00096,22,23,closed,9,10,13,13,9,10.0,10.0
yolov8x,cate6-00065,22,23,open,9,10,0,12,10,10.0,10.0
yolov8x,cate6-00065,22,23,half,9,10,6,12,10,10.0,10.0
yolov8x,cate6-00065,22,23,closed,9,10,12,12,10,10.0,10.0
yolov8x,cate6-00065,31,32,open,16,17,0,15,17,17.0,17.0
yolov8x,cate6-00065,31,32,half,16,17,8,15,17,17.0,17.0
yolov8x,cate6-00065,31,32,closed,16,17,15,15,17,17.0,17.0
yolov8x,cate6-00065,23,24,open,10,11,0,13,11,11.0,11.0
yolov8x,cate6-00065,23,24,half,10,11,6,13,11,11.0,11.0
yolov8x,cate6-00065,23,24,closed,10,11,13,13,11,11.0,11.0
yolov8x,cate6-00069,36,37,open,21,22,0,32,22,22.0,22.0
yolov8x,cate6-00069,36,37,half,21,22,16,32,22,22.0,22.0
yolov8x,cate6-00069,36,37,closed,21,22,32,32,22,22.0,21.0
yolov8x,cate6-00069,47,48,open,30,31,0,36,31,31.0,31.0
yolov8x,cate6-00069,47,48,half,30,31,18,36,31,31.0,31.0
yolov8x,cate6-00069,47,48,closed,30,31,36,36,30,31.0,30.0
yolov8x,cate6-00069,23,24,open,10,11,0,20,11,11.0,11.0
yolov8x,cate6-00069,23,24,half,10,11,10,20,11,11.0,11.0
yolov8x,cate6-00069,23,24,closed,10,11,20,20,11,11.0,10.0
yolov8x,cate6-00075,21,22,open,8,9,0,22,10,9.0,9.0
yolov8x,cate6-00075,21,22,half,8,9,11,22,9,9.0,
yolov8x,cate6-00075,21,22,closed,8,9,22,22,9,9.0,8.0
yolov8x,cate6-00075,16,17,open,5,6,0,2,5,6.0,6.0
yolov8x,cate6-00075,16,17,half,5,6,1,2,5,6.0,6.0
yolov8x,cate6-00075,16,17,closed,5,6,2,2,5,6.0,6.0
yolov8x,cate6-00075,37,38,open,22,23,0,30,23,23.0,23.0
yolov8x,cate6-00075,37,38,half,22,23,15,30,23,23.0,23.0
yolov8x,cate6-00075,37,38,closed,22,23,30,30,21,23.0,22.0
yolov8x,cate6-00086,45,46,open,28,29,0,31,29,29.0,29.0
yolov8x,cate6-00086,45,46,half,28,29,16,31,29,29.0,29.0
yolov8x,cate6-00086,45,46,closed,28,29,31,31,28,29.0,29.0
yolov8x,cate6-00086,47,48,open,30,31,0,33,31,31.0,31.0
yolov8x,cate6-00086,47,48,half,30,31,16,33,31,31.0,31.0
yolov8x,cate6-00086,47,48,closed,30,31,33,33,31,31.0,31.0
yolov8x,cate6-00086,44,45,open,27,28,0,24,28,,
yolov8x,cate6-00086,44,45,half,27,28,12,24,28,,27.0
yolov8x,cate6-00086,44,45,closed,27,28,24,24,27,,27.0
yolov8x,cate6-00093,25,26,open,12,13,0,3,13,13.0,13.0
yolov8x,cate6-00093,25,26,half,12,13,2,3,13,13.0,13.0
yolov8x,cate6-00093,25,26,closed,12,13,3,3,13,13.0,13.0
yolov8x,cate6-00093,13,14,open,2,3,0,6,3,3.0,3.0
yolov8x,cate6-00093,13,14,half,2,3,3,6,3,3.0,3.0
yolov8x,cate6-00093,13,14,closed,2,3,6,6,2,3.0,
yolov8x,cate6-00115,15,16,open,4,5,0,0,5,,
yolov8x,cate6-00115,15,16,half,4,5,0,0,5,,
yolov8x,cate6-00115,15,16,closed,4,5,0,0,5,,
yolov8x,cate6-00115,32,33,open,17,18,0,13,19,18.0,18.0
yolov8x,cate6-00115,32,33,half,17,18,6,13,19,18.0,18.0
yolov8x,cate6-00115,32,33,closed,17,18,13,13,18,18.0,18.0
yolov8x,cate7-00002,25,26,open,12,13,0,16,13,13.0,13.0
yolov8x,cate7-00002,25,26,half,12,13,8,16,13,13.0,13.0
yolov8x,cate7-00002,25,26,closed,12,13,16,16,11,13.0,13.0
yolov8x,cate7-00002,43,44,open,26,27,0,17,27,27.0,27.0
yolov8x,cate7-00002,43,44,half,26,27,8,17,27,27.0,27.0
yolov8x,cate7-00002,43,44,closed,26,27,17,17,26,27.0,27.0
yolov8x,cate7-00002,22,23,open,9,10,0,16,10,10.0,10.0
yolov8x,cate7-00002,22,23,half,9,10,8,16,10,10.0,10.0
yolov8x,cate7-00002,22,23,closed,9,10,16,16,9,10.0,10.0
yolov8x,cate7-00020,45,46,open,28,29,0,14,29,29.0,29.0
yolov8x,cate7-00020,45,46,half,28,29,7,14,29,29.0,29.0
yolov8x,cate7-00020,45,46,closed,28,29,14,14,29,29.0,29.0
yolov8x,cate7-00020,13,14,open,2,3,0,11,3,3.0,3.0
yolov8x,cate7-00020,13,14,half,2,3,6,11,3,3.0,2.0
yolov8x,cate7-00020,13,14,closed,2,3,11,11,2,3.0,2.0
yolov8x,cate7-00020,35,36,open,20,21,0,16,21,21.0,21.0
yolov8x,cate7-00020,35,36,half,20,21,8,16,21,21.0,21.0
yolov8x,cate7-00020,35,36,closed,20,21,16,16,20,21.0,21.0
yolov8x,cate7-00044,14,15,open,3,4,0,16,5,4.0,4.0
yolov8x,cate7-00044,14,15,half,3,4,8,16,3,4.0,4.0
yolov8x,cate7-00044,14,15,closed,3,4,16,16,3,4.0,4.0
yolov8x,cate7-00044,25,26,open,12,13,0,16,13,13.0,13.0
yolov8x,cate7-00044,25,26,half,12,13,8,16,13,13.0,13.0
yolov8x,cate7-00044,25,26,closed,12,13,16,16,13,13.0,13.0
yolov8x,cate7-00044,24,25,open,11,12,0,13,13,12.0,12.0
yolov8x,cate7-00044,24,25,half,11,12,6,13,13,12.0,12.0
yolov8x,cate7-00044,24,25,closed,11,12,13,13,11,12.0,11.0
yolov8x,cate7-00061,16,17,open,5,6,0,27,6,6.0,6.0
yolov8x,cate7-00061,16,17,half,5,6,14,27,6,6.0,5.0
yolov8x,cate7-00061,16,17,closed,5,6,27,27,5,6.0,5.0
yolov8x,cate7-00061,43,44,open,26,27,0,10,27,27.0,26.0
yolov8x,cate7-00061,43,44,half,26,27,5,10,26,27.0,27.0
yolov8x,cate7-00061,43,44,closed,26,27,10,10,26,27.0,26.0
yolov8x,cate7-00061,14,15,open,3,4,0,10,3,4.0,4.0
yolov8x,cate7-00061,14,15,half,3,4,5,10,3,4.0,4.0
yolov8x,cate7-00061,14,15,closed,3,4,10,10,3,4.0,4.0
yolov8x,cate7-00062,43,44,open,26,27,0,14,28,27.0,27.0
yolov8x,cate7-00062,43,44,half,26,27,7,14,27,27.0,27.0
yolov8x,cate7-00062,43,44,closed,26,27,14,14,26,27.0,27.0
yolov8x,cate7-00062,44,45,open,27,28,0,22,28,28.0,28.0
yolov8x,cate7-00062,44,45,half,27,28,11,22,28,28.0,28.0
yolov8x,cate7-00062,44,45,closed,27,28,22,22,28,28.0,27.0
yolov8x,cate7-00062,24,25,open,11,12,0,22,12,12.0,12.0
yolov8x,cate7-00062,24,25,half,11,12,11,22,12,12.0,12.0
yolov8x,cate7-00062,24,25,closed,11,12,22,22,11,12.0,11.0
yolov8x,cate7-00086,15,16,open,4,5,0,18,5,5.0,5.0
yolov8x,cate7-00086,15,16,half,4,5,9,18,5,5.0,5.0
yolov8x,cate7-00086,15,16,closed,4,5,18,18,5,5.0,5.0
yolov8x,cate7-00086,34,35,open,19,20,0,17,20,20.0,20.0
yolov8x,cate7-00086,34,35,half,19,20,8,17,20,20.0,20.0
yolov8x,cate7-00086,34,35,closed,19,20,17,17,19,20.0,19.0
yolov8x,cate7-00086,42,43,open,25,26,0,17,26,,26.0
yolov8x,cate7-00086,42,43,half,25,26,8,17,25,,26.0
yolov8x,cate7-00086,42,43,closed,25,26,17,17,25,,26.0
yolov8x,cate7-00090,31,32,open,16,17,0,9,18,17.0,17.0
yolov8x,cate7-00090,31,32,half,16,17,4,9,18,17.0,17.0
yolov8x,cate7-00090,31,32,closed,16,17,9,9,17,17.0,16.0
yolov8x,cate7-00090,44,45,open,27,28,0,16,28,28.0,27.0
yolov8x,cate7-00090,44,45,half,27,28,8,16,28,28.0,27.0
yolov8x,cate7-00090,44,45,closed,27,28,16,16,26,28.0,27.0
yolov8x,cate7-00090,11,12,open,0,1,0,15,1,1.0,0.0
yolov8x,cate7-00090,11,12,half,0,1,8,15,1,1.0,
yolov8x,cate7-00090,11,12,closed,0,1,15,15,0,1.0,
yolov8x,cate8-00001,12,13,open,1,2,0,19,2,2.0,2.0
yolov8x,cate8-00001,12,13,half,1,2,10,19,2,2.0,2.0
yolov8x,cate8-00001,12,13,closed,1,2,19,19,1,2.0,2.0
yolov8x,cate8-00001,23,24,open,10,11,0,18,11,11.0,11.0
yolov8x,cate8-00001,23,24,half,10,11,9,18,10,11.0,11.0
yolov8x,cate8-00001,23,24,closed,10,11,18,18,10,11.0,10.0
yolov8x,cate8-00001,24,25,open,11,12,0,19,12,12.0,12.0
yolov8x,cate8-00001,24,25,half,11,12,10,19,12,12.0,12.0
yolov8x,cate8-00001,24,25,closed,11,12,19,19,11,12.0,11.0
yolov8x,cate8-00008,45,46,open,28,29,0,23,30,30.0,30.0
yolov8x,cate8-00008,45,46,half,28,29,12,23,29,30.0,30.0
yolov8x,cate8-00008,45,46,closed,28,29,23,23,29,30.0,29.0
yolov8x,cate8-00008,36,37,open,21,22,0,36,22,22.0,22.0
yolov8x,cate8-00008,36,37,half,21,22,18,36,22,22.0,22.0
yolov8x,cate8-00008,36,37,closed,21,22,36,36,21,22.0,21.0
yolov8x,cate8-00008,35,36,open,20,21,0,19,21,21.0,21.0
yolov8x,cate8-00008,35,36,half,20,21,10,19,21,21.0,21.0
yolov8x,cate8-00008,35,36,closed,20,21,19,19,20,21.0,21.0
yolov8x,cate8-00015,13,14,open,2,3,0,19,3,3.0,3.0
yolov8x,cate8-00015,13,14,half,2,3,10,19,2,3.0,2.0
yolov8x,cate8-00015,13,14,closed,2,3,19,19,2,3.0,2.0
yolov8x,cate8-00015,42,43,open,25,26,0,16,27,26.0,26.0
yolov8x,cate8-00015,42,43,half,25,26,8,16,26,26.0,26.0
yolov8x,cate8-00015,42,43,closed,25,26,16,16,26,26.0,26.0
yolov8x,cate8-00015,32,33,open,17,18,0,15,18,18.0,18.0
yolov8x,cate8-00015,32,33,half,17,18,8,15,18,18.0,18.0
yolov8x,cate8-00015,32,33,closed,17,18,15,15,18,18.0,18.0
yolov8x,cate8-00030,24,25,open,11,12,0,20,12,12.0,12.0
yolov8x,cate8-00030,24,25,half,11,12,10,20,12,12.0,11.0
yolov8x,cate8-00030,24,25,closed,11,12,20,20,11,12.0,10.0
yolov8x,cate8-00030,22,23,open,9,10,0,16,9,10.0,10.0
yolov8x,cate8-00030,22,23,half,9,10,8,16,9,10.0,10.0
yolov8x,cate8-00030,22,23,closed,9,10,16,16,9,10.0,10.0
yolov8x,cate8-00030,33,34,open,18,19,0,18,19,19.0,19.0
yolov8x,cate8-00030,33,34,half,18,19,9,18,19,19.0,19.0
yolov8x,cate8-00030,33,34,closed,18,19,18,18,18,19.0,18.0
yolov8x,cate8-00035,42,43,open,25,26,0,14,26,26.0,
yolov8x,cate8-00035,42,43,half,25,26,7,14,25,26.0,27.0
yolov8x,cate8-00035,42,43,closed,25,26,14,14,25,26.0,26.0
yolov8x,cate8-00035,32,33,open,17,18,0,11,17,18.0,18.0
yolov8x,cate8-00035,32,33,half,17,18,6,11,17,18.0,18.0
yolov8x,cate8-00035,32,33,closed,17,18,11,11,17,18.0,18.0
yolov8x,cate8-00035,43,44,open,26,27,0,16,27,27.0,27.0
yolov8x,cate8-00035,43,44,half,26,27,8,16,27,27.0,27.0
yolov8x,cate8-00035,43,44,closed,26,27,16,16,26,27.0,27.0
yolov8x,cate8-00047,32,33,open,17,18,0,21,19,18.0,18.0
yolov8x,cate8-00047,32,33,half,17,18,10,21,18,18.0,18.0
yolov8x,cate8-00047,32,33,closed,17,18,21,21,18,18.0,18.0
yolov8x,cate8-00047,33,34,open,18,19,0,23,20,19.0,19.0
yolov8x,cate8-00047,33,34,half,18,19,12,23,19,19.0,19.0
yolov8x,cate8-00047,33,34,closed,18,19,23,23,19,19.0,18.0
yolov8x,cate8-00047,35,36,open,20,21,0,23,22,21.0,21.0
yolov8x,cate8-00047,35,36,half,20,21,12,23,21,21.0,21.0
yolov8x,cate8-00047,35,36,closed,20,21,23,23,21,21.0,21.0
yolov8x,cate8-00066,32,33,open,17,18,0,12,18,18.0,18.0
yolov8x,cate8-00066,32,33,half,17,18,6,12,18,18.0,18.0
yolov8x,cate8-00066,32,33,closed,17,18,12,12,16,18.0,
yolov8x,cate8-00066,14,15,open,3,4,0,14,4,4.0,4.0
yolov8x,cate8-00066,14,15,half,3,4,7,14,4,4.0,4.0
yolov8x,cate8-00066,14,15,closed,3,4,14,14,4,4.0,3.0
yolov8x,cate8-00066,42,43,open,25,26,0,11,26,26.0,26.0
yolov8x,cate8-00066,42,43,half,25,26,6,11,26,26.0,26.0
yolov8x,cate8-00066,42,43,closed,25,26,11,11,26,26.0,26.0
yolov8x,cate8-00071,42,43,open,25,26,0,17,26,26.0,26.0
yolov8x,cate8-00071,42,43,half,25,26,8,17,26,26.0,26.0
yolov8x,cate8-00071,42,43,closed,25,26,17,17,25,26.0,26.0
yolov8x,cate8-00071,46,47,open,29,30,0,31,30,30.0,30.0
yolov8x,cate8-00071,46,47,half,29,30,16,31,30,30.0,30.0
yolov8x,cate8-00071,46,47,closed,29,30,31,31,29,30.0,30.0
yolov8x,cate8-00071,14,15,open,3,4,0,15,4,4.0,4.0
yolov8x,cate8-00071,14,15,half,3,4,8,15,3,4.0,4.0
yolov8x,cate8-00071,14,15,closed,3,4,15,15,3,4.0,
yolov8x,cate8-00089,34,35,open,19,20,0,16,20,20.0,20.0
yolov8x,cate8-00089,34,35,half,19,20,8,16,20,20.0,20.0
yolov8x,cate8-00089,34,35,closed,19,20,16,16,20,20.0,19.0
yolov8x,cate8-00089,32,33,open,17,18,0,20,19,18.0,18.0
yolov8x,cate8-00089,32,33,half,17,18,10,20,19,18.0,18.0
yolov8x,cate8-00089,32,33,closed,17,18,20,20,17,18.0,17.0
yolov8x,cate8-00089,41,42,open,24,25,0,15,24,25.0,25.0
yolov8x,cate8-00089,41,42,half,24,25,8,15,24,25.0,
yolov8x,cate8-00089,41,42,closed,24,25,15,15,24,25.0,
yolov8x,cate8-00116,34,35,open,19,20,0,14,19,19.0,19.0
yolov8x,cate8-00116,34,35,half,19,20,7,14,19,19.0,19.0
yolov8x,cate8-00116,34,35,closed,19,20,14,14,19,19.0,19.0
yolov8x,cate8-00116,44,45,open,27,28,0,17,28,28.0,27.0
yolov8x,cate8-00116,44,45,half,27,28,8,17,27,28.0,27.0
yolov8x,cate8-00116,44,45,closed,27,28,17,17,27,28.0,27.0
yolov8x,cate8-00116,43,44,open,26,27,0,19,27,27.0,27.0
yolov8x,cate8-00116,43,44,half,26,27,10,19,26,27.0,27.0
yolov8x,cate8-00116,43,44,closed,26,27,19,19,26,27.0,
yolov8x,cate8-00119,17,18,open,6,7,0,18,7,7.0,7.0
yolov8x,cate8-00119,17,18,half,6,7,9,18,7,7.0,7.0
yolov8x,cate8-00119,17,18,closed,6,7,18,18,7,7.0,7.0
yolov8x,cate8-00119,24,25,open,11,12,0,18,12,12.0,12.0
yolov8x,cate8-00119,24,25,half,11,12,9,18,12,12.0,12.0
yolov8x,cate8-00119,24,25,closed,11,12,18,18,11,12.0,11.0
yolov8x,cate8-00119,16,17,open,5,6,0,27,6,6.0,6.0
yolov8x,cate8-00119,16,17,half,5,6,14,27,6,6.0,6.0
yolov8x,cate8-00119,16,17,closed,5,6,27,27,5,6.0,6.0
yolov8x,cate8-00130,32,33,open,17,18,0,11,18,18.0,18.0
yolov8x,cate8-00130,32,33,half,17,18,6,11,17,18.0,18.0
yolov8x,cate8-00130,32,33,closed,17,18,11,11,17,18.0,18.0
yolov8x,cate8-00130,25,26,open,12,13,0,18,13,13.0,13.0
yolov8x,cate8-00130,25,26,half,12,13,9,18,13,13.0,13.0
yolov8x,cate8-00130,25,26,closed,12,13,18,18,13,13.0,13.0
yolov8x,cate8-00130,31,32,open,16,17,0,10,16,17.0,17.0
yolov8x,cate8-00130,31,32,half,16,17,5,10,16,17.0,17.0
yolov8x,cate8-00130,31,32,closed,16,17,10,10,24,17.0,17.0
yolov8x,cate8-00149,24,25,open,11,12,0,18,12,12.0,12.0
yolov8x,cate8-00149,24,25,half,11,12,9,18,12,12.0,
yolov8x,cate8-00149,24,25,closed,11,12,18,18,12,12.0,11.0
yolov8x,cate8-00149,41,42,open,24,25,0,17,26,25.0,25.0
yolov8x,cate8-00149,41,42,half,24,25,8,17,25,25.0,25.0
yolov8x,cate8-00149,41,42,closed,24,25,17,17,25,25.0,24.0
yolov8x,cate8-00149,36,37,open,21,22,0,34,22,22.0,22.0
yolov8x,cate8-00149,36,37,half,21,22,17,34,22,22.0,22.0
yolov8x,cate8-00149,36,37,closed,21,22,34,34,22,22.0,21.0
yolov8x,cate8-00152,11,12,open,0,1,0,24,2,1.0,1.0
yolov8x,cate8-00152,11,12,half,0,1,12,24,1,1.0,1.0
yolov8x,cate8-00152,11,12,closed,0,1,24,24,0,1.0,0.0
yolov8x,cate8-00152,17,18,open,6,7,0,22,7,7.0,7.0
yolov8x,cate8-00152,17,18,half,6,7,11,22,7,7.0,7.0
yolov8x,cate8-00152,17,18,closed,6,7,22,22,7,7.0,7.0
yolov8x,cate8-00152,24,25,open,11,12,0,19,12,12.0,12.0
yolov8x,cate8-00152,24,25,half,11,12,10,19,12,12.0,12.0
yolov8x,cate8-00152,24,25,closed,11,12,19,19,11,12.0,11.0
yolov8x,cate8-00166,16,17,open,5,6,0,25,6,6.0,6.0
yolov8x,cate8-00166,16,17,half,5,6,12,25,5,6.0,6.0
yolov8x,cate8-00166,16,17,closed,5,6,25,25,5,6.0,5.0
yolov8x,cate8-00166,45,46,open,28,29,0,16,29,29.0,29.0
yolov8x,cate8-00166,45,46,half,28,29,8,16,29,29.0,29.0
yolov8x,cate8-00166,45,46,closed,28,29,16,16,28,29.0,29.0
yolov8x,cate8-00166,46,47,open,29,30,0,30,30,30.0,30.0
yolov8x,cate8-00166,46,47,half,29,30,15,30,29,30.0,29.0
yolov8x,cate8-00166,46,47,closed,29,30,30,30,29,30.0,29.0
yolov8x,cate8-00167,26,27,open,13,14,0,26,14,14.0,14.0
yolov8x,cate8-00167,26,27,half,13,14,13,26,14,14.0,14.0
yolov8x,cate8-00167,26,27,closed,13,14,26,26,14,14.0,13.0
yolov8x,cate8-00167,14,15,open,3,4,0,16,4,4.0,4.0
yolov8x,cate8-00167,14,15,half,3,4,8,16,3,4.0,3.0
yolov8x,cate8-00167,14,15,closed,3,4,16,16,3,4.0,3.0
yolov8x,cate8-00167,44,45,open,27,28,0,15,27,28.0,27.0
yolov8x,cate8-00167,44,45,half,27,28,8,15,27,28.0,27.0
yolov8x,cate8-00167,44,45,closed,27,28,15,15,27,28.0,27.0
yolov8x,cate8-00181,34,35,open,19,20,0,25,20,20.0,20.0
yolov8x,cate8-00181,34,35,half,19,20,12,25,20,20.0,19.0
yolov8x,cate8-00181,34,35,closed,19,20,25,25,19,20.0,19.0
yolov8x,cate8-00181,43,44,open,26,27,0,20,28,27.0,27.0
yolov8x,cate8-00181,43,44,half,26,27,10,20,27,27.0,27.0
yolov8x,cate8-00181,43,44,closed,26,27,20,20,27,27.0,27.0
yolov8x,cate8-00181,21,22,open,8,9,0,26,9,9.0,9.0
yolov8x,cate8-00181,21,22,half,8,9,13,26,8,9.0,9.0
yolov8x,cate8-00181,21,22,closed,8,9,26,26,8,9.0,9.0
yolov8x,cate8-00185,42,43,open,25,26,0,13,26,26.0,26.0
yolov8x,cate8-00185,42,43,half,25,26,6,13,26,26.0,26.0
yolov8x,cate8-00185,42,43,closed,25,26,13,13,26,26.0,
yolov8x,cate8-00185,45,46,open,28,29,0,13,29,29.0,29.0
yolov8x,cate8-00185,45,46,half,28,29,6,13,29,29.0,29.0
yolov8x,cate8-00185,45,46,closed,28,29,13,13,29,29.0,29.0
yolov8x,cate8-00185,21,22,open,8,9,0,16,9,9.0,9.0
yolov8x,cate8-00185,21,22,half,8,9,8,16,9,9.0,9.0
yolov8x,cate8-00185,21,22,closed,8,9,16,16,9,9.0,9.0
yolov8x,cate8-00188,22,23,open,9,10,0,19,9,10.0,10.0
yolov8x,cate8-00188,22,23,half,9,10,10,19,9,10.0,10.0
yolov8x,cate8-00188,22,23,closed,9,10,19,19,9,10.0,10.0
yolov8x,cate8-00188,43,44,open,26,27,0,19,27,27.0,27.0
yolov8x,cate8-00188,43,44,half,26,27,10,19,26,27.0,27.0
yolov8x,cate8-00188,43,44,closed,26,27,19,19,26,27.0,27.0
yolov8x,cate8-00188,32,33,open,17,18,0,15,18,18.0,18.0
yolov8x,cate8-00188,32,33,half,17,18,8,15,17,18.0,18.0
yolov8x,cate8-00188,32,33,closed,17,18,15,15,17,18.0,18.0
yolov8x,cate8-00197,22,23,open,9,10,0,16,10,10.0,10.0
yolov8x,cate8-00197,22,23,half,9,10,8,16,10,10.0,10.0
yolov8x,cate8-00197,22,23,closed,9,10,16,16,9,10.0,10.0
yolov8x,cate8-00197,13,14,open,2,3,0,21,3,3.0,4.0
yolov8x,cate8-00197,13,14,half,2,3,10,21,2,3.0,3.0
yolov8x,cate8-00197,13,14,closed,2,3,21,21,2,3.0,2.0
yolov8x,cate8-00197,11,12,open,0,1,0,18,1,1.0,1.0
yolov8x,cate8-00197,11,12,half,0,1,9,18,0,1.0,1.0
yolov8x,cate8-00197,11,12,closed,0,1,18,18,0,1.0,
yolov8x,cate8-00215,15,16,open,4,5,0,18,5,5.0,5.0
yolov8x,cate8-00215,15,16,half,4,5,9,18,5,5.0,5.0
yolov8x,cate8-00215,15,16,closed,4,5,18,18,5,5.0,5.0
yolov8x,cate8-00215,45,46,open,28,29,0,22,29,29.0,29.0
yolov8x,cate8-00215,45,46,half,28,29,11,22,29,29.0,29.0
yolov8x,cate8-00215,45,46,closed,28,29,22,22,29,29.0,29.0
yolov8x,cate8-00215,11,12,open,0,1,0,25,1,1.0,1.0
yolov8x,cate8-00215,11,12,half,0,1,12,25,1,1.0,0.0
yolov8x,cate8-00215,11,12,closed,0,1,25,25,0,1.0,0.0
yolov8x,cate8-00233,42,43,open,25,26,0,22,27,26.0,26.0
yolov8x,cate8-00233,42,43,half,25,26,11,22,26,26.0,26.0
yolov8x,cate8-00233,42,43,closed,25,26,22,22,26,26.0,25.0
yolov8x,cate8-00233,22,23,open,9,10,0,19,10,10.0,10.0
yolov8x,cate8-00233,22,23,half,9,10,10,19,10,10.0,10.0
yolov8x,cate8-00233,22,23,closed,9,10,19,19,9,10.0,10.0
yolov8x,cate8-00233,33,34,open,18,19,0,33,19,19.0,19.0
yolov8x,cate8-00233,33,34,half,18,19,16,33,19,19.0,18.0
yolov8x,cate8-00233,33,34,closed,18,19,33,33,17,19.0,18.0
yolov8x,cate8-00245,44,45,open,27,28,0,23,28,28.0,28.0
yolov8x,cate8-00245,44,45,half,27,28,12,23,28,28.0,27.0
yolov8x,cate8-00245,44,45,closed,27,28,23,23,27,28.0,27.0
yolov8x,cate8-00245,34,35,open,19,20,0,24,20,20.0,20.0
yolov8x,cate8-00245,34,35,half,19,20,12,24,20,20.0,20.0
yolov8x,cate8-00245,34,35,closed,19,20,24,24,19,20.0,19.0
yolov8x,cate8-00245,21,22,open,8,9,0,24,9,9.0,9.0
yolov8x,cate8-00245,21,22,half,8,9,12,24,8,9.0,9.0
yolov8x,cate8-00245,21,22,closed,8,9,24,24,8,9.0,8.0
yolov8x,cate8-00287,41,42,open,24,25,0,9,24,25.0,25.0
yolov8x,cate8-00287,41,42,half,24,25,4,9,24,25.0,25.0
yolov8x,cate8-00287,41,42,closed,24,25,9,9,24,25.0,24.0
yolov8x,cate8-00287,31,32,open,16,17,0,10,17,17.0,17.0
yolov8x,cate8-00287,31,32,half,16,17,5,10,17,17.0,17.0
yolov8x,cate8-00287,31,32,closed,16,17,10,10,16,17.0,17.0
yolov8x,cate8-00287,44,45,open,27,28,0,15,27,28.0,27.0
yolov8x,cate8-00287,44,45,half,27,28,8,15,27,28.0,27.0
yolov8x,cate8-00287,44,45,closed,27,28,15,15,27,28.0,27.0
yolov8x,cate8-00296,31,32,open,16,17,0,15,16,17.0,17.0
yolov8x,cate8-00296,31,32,half,16,17,8,15,16,17.0,17.0
yolov8x,cate8-00296,31,32,closed,16,17,15,15,16,17.0,16.0
yolov8x,cate8-00296,42,43,open,25,26,0,20,27,26.0,26.0
yolov8x,cate8-00296,42,43,half,25,26,10,20,26,26.0,26.0
yolov8x,cate8-00296,42,43,closed,25,26,20,20,25,26.0,26.0
yolov8x,cate8-00296,21,22,open,8,9,0,19,9,9.0,9.0
yolov8x,cate8-00296,21,22,half,8,9,10,19,8,9.0,8.0
yolov8x,cate8-00296,21,22,closed,8,9,19,19,8,9.0,8.0
yolov8x,cate8-00359,44,45,open,27,28,0,17,28,28.0,28.0
yolov8x,cate8-00359,44,45,half,27,28,8,17,28,28.0,
yolov8x,cate8-00359,44,45,closed,27,28,17,17,28,28.0,27.0
yolov8x,cate8-00359,42,43,open,25,26,0,14,27,26.0,26.0
yolov8x,cate8-00359,42,43,half,25,26,7,14,26,26.0,26.0
yolov8x,cate8-00359,42,43,closed,25,26,14,14,26,26.0,26.0
yolov8x,cate8-00359,32,33,open,17,18,0,17,18,18.0,18.0
yolov8x,cate8-00359,32,33,half,17,18,8,17,18,18.0,18.0
yolov8x,cate8-00359,32,33,closed,17,18,17,17,16,18.0,18.0
yolov8x,cate8-00382,27,28,open,14,15,0,22,15,15.0,15.0
yolov8x,cate8-00382,27,28,half,14,15,11,22,15,15.0,15.0
yolov8x,cate8-00382,27,28,closed,14,15,22,22,15,15.0,14.0
yolov8x,cate8-00382,22,23,open,9,10,0,16,9,10.0,10.0
yolov8x,cate8-00382,22,23,half,9,10,8,16,9,10.0,9.0
yolov8x,cate8-00382,22,23,closed,9,10,16,16,9,10.0,9.0
yolov8x,cate8-00382,44,45,open,27,28,0,36,29,,
yolov8x,cate8-00382,44,45,half,27,28,18,36,28,,28.0
yolov8x,cate8-00382,44,45,closed,27,28,36,36,27,,28.0
yolov8x,cate8-00383,23,24,open,10,11,0,17,11,11.0,
yolov8x,cate8-00383,23,24,half,10,11,8,17,11,11.0,10.0
yolov8x,cate8-00383,23,24,closed,10,11,17,17,10,11.0,10.0
yolov8x,cate8-00383,33,34,open,18,19,0,12,19,19.0,
yolov8x,cate8-00383,33,34,half,18,19,6,12,19,19.0,19.0
yolov8x,cate8-00383,33,34,closed,18,19,12,12,18,19.0,19.0
yolov8x,cate8-00383,46,47,open,29,30,0,37,29,30.0,29.0
yolov8x,cate8-00383,46,47,half,29,30,18,37,29,30.0,29.0
yolov8x,cate8-00383,46,47,closed,29,30,37,37,29,30.0,29.0
yolov8x,cate9-00028,23,24,open,10,11,0,19,11,12.0,12.0
yolov8x,cate9-00028,23,24,half,10,11,10,19,10,12.0,
yolov8x,cate9-00028,23,24,closed,10,11,19,19,10,12.0,10.0
yolov8x,cate9-00028,41,42,open,24,25,0,12,25,,
yolov8x,cate9-00028,41,42,half,24,25,6,12,25,,
yolov8x,cate9-00028,41,42,closed,24,25,12,12,24,,25.0
yolov8x,cate9-00028,16,17,open,5,6,0,30,5,6.0,6.0
yolov8x,cate9-00028,16,17,half,5,6,15,30,5,6.0,6.0
yolov8x,cate9-00028,16,17,closed,5,6,30,30,4,6.0,5.0
yolov8x,cate1-00008,33,34,open,18,19,0,16,19,19.0,19.0
yolov8x,cate1-00008,33,34,half,18,19,8,16,19,19.0,19.0
yolov8x,cate1-00008,33,34,closed,18,19,16,16,18,19.0,19.0
yolov8x,cate1-00008,31,32,open,16,17,0,16,17,17.0,17.0
yolov8x,cate1-00008,31,32,half,16,17,8,16,17,17.0,17.0
yolov8x,cate1-00008,31,32,closed,16,17,16,16,16,17.0,
yolov8x,cate1-00008,44,45,open,27,28,0,22,28,28.0,28.0
yolov8x,cate1-00008,44,45,half,27,28,11,22,27,28.0,28.0
yolov8x,cate1-00008,44,45,closed,27,28,22,22,27,28.0,27.0
yolov8x,cate1-00044,23,24,open,10,11,0,19,12,11.0,11.0
yolov8x,cate1-00044,23,24,half,10,11,10,19,11,11.0,11.0
yolov8x,cate1-00044,23,24,closed,10,11,19,19,11,11.0,10.0
yolov8x,cate1-00044,25,26,open,12,13,0,18,13,13.0,13.0
yolov8x,cate1-00044,25,26,half,12,13,9,18,13,13.0,13.0
yolov8x,cate1-00044,25,26,closed,12,13,18,18,13,13.0,13.0
yolov8x,cate1-00044,22,23,open,9,10,0,18,10,10.0,10.0
yolov8x,cate1-00044,22,23,half,9,10,9,18,10,10.0,10.0
yolov8x,cate1-00044,22,23,closed,9,10,18,18,9,10.0,10.0
yolov8x,cate1-00056,21,22,open,8,9,0,15,17,9.0,9.0
yolov8x,cate1-00056,21,22,half,8,9,8,15,17,9.0,8.0
yolov8x,cate1-00056,21,22,closed,8,9,15,15,16,9.0,8.0
yolov8x,cate1-00056,44,45,open,27,28,0,17,28,28.0,28.0
yolov8x,cate1-00056,44,45,half,27,28,8,17,27,28.0,28.0
yolov8x,cate1-00056,44,45,closed,27,28,17,17,27,28.0,28.0
yolov8x,cate1-00056,22,23,open,9,10,0,14,9,10.0,10.0
yolov8x,cate1-00056,22,23,half,9,10,7,14,9,10.0,10.0
yolov8x,cate1-00056,22,23,closed,9,10,14,14,9,10.0,10.0
yolov8x,cate1-00059,33,34,open,18,19,0,18,18,19.0,19.0
yolov8x,cate1-00059,33,34,half,18,19,9,18,18,19.0,18.0
yolov8x,cate1-00059,33,34,closed,18,19,18,18,18,19.0,18.0
yolov8x,cate1-00059,13,14,open,2,3,0,20,3,3.0,3.0
yolov8x,cate1-00059,13,14,half,2,3,10,20,2,3.0,2.0
yolov8x,cate1-00059,13,14,closed,2,3,20,20,2,3.0,2.0
yolov8x,cate1-00059,12,13,open,1,2,0,17,2,2.0,2.0
yolov8x,cate1-00059,12,13,half,1,2,8,17,1,2.0,2.0
yolov8x,cate1-00059,12,13,closed,1,2,17,17,1,2.0,1.0
yolov8x,cate1-00062,22,23,open,9,10,0,18,10,10.0,10.0
yolov8x,cate1-00062,22,23,half,9,10,9,18,10,10.0,10.0
yolov8x,cate1-00062,22,23,closed,9,10,18,18,9,10.0,9.0
yolov8x,cate1-00062,41,42,open,24,25,0,15,25,25.0,25.0
yolov8x,cate1-00062,41,42,half,24,25,8,15,24,25.0,25.0
yolov8x,cate1-00062,41,42,closed,24,25,15,15,24,25.0,24.0
yolov8x,cate1-00062,24,25,open,11,12,0,19,12,12.0,12.0
yolov8x,cate1-00062,24,25,half,11,12,10,19,12,12.0,11.0
yolov8x,cate1-00062,24,25,closed,11,12,19,19,11,12.0,11.0
yolov8x,cate10-00005,47,48,open,30,31,0,34,31,31.0,31.0
yolov8x,cate10-00005,47,48,half,30,31,17,34,31,31.0,31.0
yolov8x,cate10-00005,47,48,closed,30,31,34,34,30,31.0,30.0
yolov8x,cate10-00005,23,24,open,10,11,0,19,12,11.0,11.0
yolov8x,cate10-00005,23,24,half,10,11,10,19,12,11.0,11.0
yolov8x,cate10-00005,23,24,closed,10,11,19,19,12,11.0,
yolov8x,cate10-00005,33,34,open,18,19,0,19,20,19.0,19.0
yolov8x,cate10-00005,33,34,half,18,19,10,19,19,19.0,19.0
yolov8x,cate10-00005,33,34,closed,18,19,19,19,19,19.0,19.0
yolov8x,cate10-00006,27,28,open,14,15,0,26,15,15.0,15.0
yolov8x,cate10-00006,27,28,half,14,15,13,26,15,15.0,15.0
yolov8x,cate10-00006,27,28,closed,14,15,26,26,14,15.0,14.0
yolov8x,cate10-00006,12,13,open,1,2,0,16,2,2.0,2.0
yolov8x,cate10-00006,12,13,half,1,2,8,16,2,2.0,2.0
yolov8x,cate10-00006,12,13,closed,1,2,16,16,1,2.0,2.0
yolov8x,cate10-00006,44,45,open,27,28,0,23,28,28.0,28.0
yolov8x,cate10-00006,44,45,half,27,28,12,23,27,28.0,28.0
yolov8x,cate10-00006,44,45,closed,27,28,23,23,27,28.0,27.0
yolov8x,cate10-00012,45,46,open,28,29,0,17,29,29.0,29.0
yolov8x,cate10-00012,45,46,half,28,29,8,17,29,29.0,29.0
yolov8x,cate10-00012,45,46,closed,28,29,17,17,29,29.0,29.0
yolov8x,cate10-00012,34,35,open,19,20,0,19,20,20.0,20.0
yolov8x,cate10-00012,34,35,half,19,20,10,19,19,20.0,
yolov8x,cate10-00012,34,35,closed,19,20,19,19,19,20.0,19.0
yolov8x,cate10-00012,44,45,open,27,28,0,13,28,28.0,28.0
yolov8x,cate10-00012,44,45,half,27,28,6,13,28,28.0,28.0
yolov8x,cate10-00012,44,45,closed,27,28,13,13,28,28.0,28.0
yolov8x,cate10-00020,25,26,open,12,13,0,15,13,13.0,13.0
yolov8x,cate10-00020,25,26,half,12,13,8,15,13,13.0,13.0
yolov8x,cate10-00020,25,26,closed,12,13,15,15,13,13.0,13.0
yolov8x,cate10-00020,45,46,open,28,29,0,20,29,29.0,29.0
yolov8x,cate10-00020,45,46,half,28,29,10,20,29,29.0,29.0
yolov8x,cate10-00020,45,46,closed,28,29,20,20,29,29.0,29.0
yolov8x,cate10-00020,24,25,open,11,12,0,22,12,12.0,12.0
yolov8x,cate10-00020,24,25,half,11,12,11,22,12,12.0,
yolov8x,cate10-00020,24,25,closed,11,12,22,22,11,12.0,11.0
yolov8x,cate10-00041,13,14,open,2,3,0,9,2,3.0,3.0
yolov8x,cate10-00041,13,14,half,2,3,4,9,2,3.0,3.0
yolov8x,cate10-00041,13,14,closed,2,3,9,9,2,3.0,2.0
yolov8x,cate10-00041,15,16,open,4,5,0,20,5,5.0,5.0
yolov8x,cate10-00041,15,16,half,4,5,10,20,5,5.0,5.0
yolov8x,cate10-00041,15,16,closed,4,5,20,20,3,5.0,5.0
yolov8x,cate10-00041,44,45,open,27,28,0,16,28,28.0,28.0
yolov8x,cate10-00041,44,45,half,27,28,8,16,28,28.0,28.0
yolov8x,cate10-00041,44,45,closed,27,28,16,16,28,28.0,28.0
yolov8x,cate10-00099,42,43,open,25,26,0,12,27,27.0,26.0
yolov8x,cate10-00099,42,43,half,25,26,6,12,27,27.0,27.0
yolov8x,cate10-00099,42,43,closed,25,26,12,12,27,27.0,27.0
yolov8x,cate2-00005,14,15,open,3,4,0,19,4,4.0,4.0
yolov8x,cate2-00005,14,15,half,3,4,10,19,4,4.0,4.0
yolov8x,cate2-00005,14,15,closed,3,4,19,19,4,4.0,3.0
yolov8x,cate2-00005,11,12,open,0,1,0,20,2,1.0,1.0
yolov8x,cate2-00005,11,12,half,0,1,10,20,1,1.0,1.0
yolov8x,cate2-00005,11,12,closed,0,1,20,20,0,1.0,0.0
yolov8x,cate2-00005,41,42,open,24,25,0,5,25,25.0,25.0
yolov8x,cate2-00005,41,42,half,24,25,2,5,25,25.0,25.0
yolov8x,cate2-00005,41,42,closed,24,25,5,5,25,25.0,
yolov8x,cate2-00008,14,15,open,3,4,0,7,4,4.0,
yolov8x,cate2-00008,14,15,half,3,4,4,7,3,4.0,4.0
yolov8x,cate2-00008,14,15,closed,3,4,7,7,3,4.0,3.0
yolov8x,cate2-00008,37,38,open,22,23,0,29,23,23.0,23.0
yolov8x,cate2-00008,37,38,half,22,23,14,29,23,23.0,23.0
yolov8x,cate2-00008,37,38,closed,22,23,29,29,22,23.0,23.0
yolov8x,cate2-00008,12,13,open,1,2,0,18,3,2.0,2.0
yolov8x,cate2-00008,12,13,half,1,2,9,18,1,2.0,2.0
yolov8x,cate2-00008,12,13,closed,1,2,18,18,1,2.0,
yolov8x,cate2-00010,22,23,open,9,10,0,19,9,10.0,10.0
yolov8x,cate2-00010,22,23,half,9,10,10,19,9,10.0,10.0
yolov8x,cate2-00010,22,23,closed,9,10,19,19,9,10.0,10.0
yolov8x,cate2-00010,27,28,open,14,15,0,29,15,15.0,15.0
yolov8x,cate2-00010,27,28,half,14,15,14,29,15,15.0,15.0
yolov8x,cate2-00010,27,28,closed,14,15,29,29,15,15.0,15.0
yolov8x,cate2-00010,47,48,open,30,31,0,31,31,31.0,31.0
yolov8x,cate2-00010,47,48,half,30,31,16,31,30,31.0,31.0
yolov8x,cate2-00010,47,48,closed,30,31,31,31,30,31.0,30.0
yolov8x,cate2-00011,11,12,open,0,1,0,15,1,1.0,1.0
yolov8x,cate2-00011,11,12,half,0,1,8,15,1,1.0,1.0
yolov8x,cate2-00011,11,12,closed,0,1,15,15,0,1.0,0.0
yolov8x,cate2-00011,37,38,open,22,23,0,35,23,23.0,23.0
yolov8x,cate2-00011,37,38,half,22,23,18,35,23,23.0,23.0
yolov8x,cate2-00011,37,38,closed,22,23,35,35,23,23.0,
yolov8x,cate2-00011,22,23,open,9,10,0,19,9,10.0,10.0
yolov8x,cate2-00011,22,23,half,9,10,10,19,9,10.0,10.0
yolov8x,cate2-00011,22,23,closed,9,10,19,19,9,10.0,10.0
yolov8x,cate2-00013,27,28,open,14,15,0,26,14,15.0,15.0
yolov8x,cate2-00013,27,28,half,14,15,13,26,14,15.0,15.0
yolov8x,cate2-00013,27,28,closed,14,15,26,26,14,15.0,15.0
yolov8x,cate2-00013,23,24,open,10,11,0,15,11,11.0,11.0
yolov8x,cate2-00013,23,24,half,10,11,8,15,11,11.0,11.0
yolov8x,cate2-00013,23,24,closed,10,11,15,15,10,11.0,11.0
yolov8x,cate2-00013,34,35,open,19,20,0,17,21,20.0,20.0
yolov8x,cate2-00013,34,35,half,19,20,8,17,20,20.0,20.0
yolov8x,cate2-00013,34,35,closed,19,20,17,17,20,20.0,20.0
yolov8x,cate2-00015,47,48,open,30,31,0,35,31,31.0,31.0
yolov8x,cate2-00015,47,48,half,30,31,18,35,30,31.0,31.0
yolov8x,cate2-00015,47,48,closed,30,31,35,35,30,31.0,30.0
yolov8x,cate2-00015,21,22,open,8,9,0,25,9,9.0,9.0
yolov8x,cate2-00015,21,22,half,8,9,12,25,8,9.0,8.0
yolov8x,cate2-00015,21,22,closed,8,9,25,25,8,9.0,8.0
yolov8x,cate2-00015,42,43,open,25,26,0,15,26,26.0,26.0
yolov8x,cate2-00015,42,43,half,25,26,8,15,26,26.0,26.0
yolov8x,cate2-00015,42,43,closed,25,26,15,15,26,26.0,26.0
yolov8x,cate2-00034,12,13,open,1,2,0,15,2,2.0,2.0
yolov8x,cate2-00034,12,13,half,1,2,8,15,2,2.0,2.0
yolov8x,cate2-00034,12,13,closed,1,2,15,15,2,2.0,2.0
yolov8x,cate2-00034,14,15,open,3,4,0,18,4,4.0,4.0
yolov8x,cate2-00034,14,15,half,3,4,9,18,4,4.0,
yolov8x,cate2-00034,14,15,closed,3,4,18,18,3,4.0,3.0
yolov8x,cate2-00034,32,33,open,17,18,0,19,18,18.0,18.0
yolov8x,cate2-00034,32,33,half,17,18,10,19,18,18.0,18.0
yolov8x,cate2-00034,32,33,closed,17,18,19,19,17,18.0,18.0
yolov8x,cate2-00037,14,15,open,3,4,0,18,5,4.0,4.0
yolov8x,cate2-00037,14,15,half,3,4,9,18,4,4.0,4.0
yolov8x,cate2-00037,14,15,closed,3,4,18,18,4,4.0,3.0
yolov8x,cate2-00037,36,37,open,21,22,0,38,22,22.0,22.0
yolov8x,cate2-00037,36,37,half,21,22,19,38,22,22.0,22.0
yolov8x,cate2-00037,36,37,closed,21,22,38,38,22,22.0,22.0
yolov8x,cate2-00037,22,23,open,9,10,0,17,10,10.0,10.0
yolov8x,cate2-00037,22,23,half,9,10,8,17,10,10.0,10.0
yolov8x,cate2-00037,22,23,closed,9,10,17,17,10,10.0,10.0
yolov8x,cate2-00104,47,48,open,30,31,0,36,31,31.0,31.0
yolov8x,cate2-00104,47,48,half,30,31,18,36,31,31.0,31.0
yolov8x,cate2-00104,47,48,closed,30,31,36,36,31,31.0,30.0
yolov8x,cate2-00104,44,45,open,27,28,0,26,28,28.0,28.0
yolov8x,cate2-00104,44,45,half,27,28,13,26,28,28.0,28.0
yolov8x,cate2-00104,44,45,closed,27,28,26,26,28,28.0,27.0
yolov8x,cate2-00104,26,27,open,13,14,0,31,14,14.0,14.0
yolov8x,cate2-00104,26,27,half,13,14,16,31,13,14.0,14.0
yolov8x,cate2-00104,26,27,closed,13,14,31,31,13,14.0,13.0
yolov8x,cate2-00114,14,15,open,3,4,0,15,4,4.0,4.0
yolov8x,cate2-00114,14,15,half,3,4,8,15,4,4.0,4.0
yolov8x,cate2-00114,14,15,closed,3,4,15,15,3,4.0,3.0
yolov8x,cate2-00114,16,17,open,5,6,0,27,6,6.0,6.0
yolov8x,cate2-00114,16,17,half,5,6,14,27,6,6.0,6.0
yolov8x,cate2-00114,16,17,closed,5,6,27,27,6,6.0,5.0
yolov8x,cate2-00114,24,25,open,11,12,0,16,12,12.0,12.0
yolov8x,cate2-00114,24,25,half,11,12,8,16,11,12.0,
yolov8x,cate2-00114,24,25,closed,11,12,16,16,11,12.0,11.0
yolov8x,cate2-00116,11,12,open,0,1,0,23,1,1.0,1.0
yolov8x,cate2-00116,11,12,half,0,1,12,23,1,1.0,0.0
yolov8x,cate2-00116,11,12,closed,0,1,23,23,0,1.0,0.0
yolov8x,cate2-00116,25,26,open,12,13,0,17,13,13.0,13.0
yolov8x,cate2-00116,25,26,half,12,13,8,17,13,13.0,13.0
yolov8x,cate2-00116,25,26,closed,12,13,17,17,13,13.0,13.0
yolov8x,cate2-00116,22,23,open,9,10,0,16,10,10.0,10.0
yolov8x,cate2-00116,22,23,half,9,10,8,16,10,10.0,10.0
yolov8x,cate2-00116,22,23,closed,9,10,16,16,9,10.0,10.0
yolov8x,cate2-00117,45,46,open,28,29,0,16,29,29.0,29.0
yolov8x,cate2-00117,45,46,half,28,29,8,16,29,29.0,29.0
yolov8x,cate2-00117,45,46,closed,28,29,16,16,29,29.0,29.0
yolov8x,cate2-00117,31,32,open,16,17,0,13,17,17.0,17.0
yolov8x,cate2-00117,31,32,half,16,17,6,13,16,17.0,17.0
yolov8x,cate2-00117,31,32,closed,16,17,13,13,16,17.0,16.0
yolov8x,cate2-00117,25,26,open,12,13,0,17,13,13.0,13.0
yolov8x,cate2-00117,25,26,half,12,13,8,17,13,13.0,13.0
yolov8x,cate2-00117,25,26,closed,12,13,17,17,12,13.0,13.0
yolov8x,cate2-00124,22,23,open,9,10,0,9,9,10.0,10.0
yolov8x,cate2-00124,22,23,half,9,10,4,9,9,10.0,10.0
yolov8x,cate2-00124,22,23,closed,9,10,9,9,9,10.0,10.0
yolov8x,cate2-00124,25,26,open,12,13,0,11,13,13.0,13.0
yolov8x,cate2-00124,25,26,half,12,13,6,11,13,13.0,13.0
yolov8x,cate2-00124,25,26,closed,12,13,11,11,13,13.0,13.0
yolov8x,cate2-00124,33,34,open,18,19,0,15,19,19.0,19.0
yolov8x,cate2-00124,33,34,half,18,19,8,15,18,19.0,19.0
yolov8x,cate2-00124,33,34,closed,18,19,15,15,18,19.0,19.0
yolov8x,cate2-00126,45,46,open,28,29,0,25,29,29.0,29.0
yolov8x,cate2-00126,45,46,half,28,29,12,25,29,29.0,29.0
yolov8x,cate2-00126,45,46,closed,28,29,25,25,29,29.0,29.0
yolov8x,cate2-00126,21,22,open,8,9,0,27,19,9.0,9.0
yolov8x,cate2-00126,21,22,half,8,9,14,27,16,9.0,9.0
yolov8x,cate2-00126,21,22,closed,8,9,27,27,16,9.0,8.0
yolov8x,cate2-00126,22,23,open,9,10,0,16,11,10.0,
yolov8x,cate2-00126,22,23,half,9,10,8,16,9,10.0,10.0
yolov8x,cate2-00126,22,23,closed,9,10,16,16,9,10.0,9.0
yolov8x,cate2-00127,41,42,open,24,25,0,11,25,25.0,25.0
yolov8x,cate2-00127,41,42,half,24,25,6,11,25,25.0,25.0
yolov8x,cate2-00127,41,42,closed,24,25,11,11,25,25.0,25.0
yolov8x,cate2-00127,45,46,open,28,29,0,19,29,29.0,29.0
yolov8x,cate2-00127,45,46,half,28,29,10,19,29,29.0,29.0
yolov8x,cate2-00127,45,46,closed,28,29,19,19,29,29.0,29.0
yolov8x,cate2-00127,32,33,open,17,18,0,15,18,18.0,18.0
yolov8x,cate2-00127,32,33,half,17,18,8,15,18,18.0,18.0
yolov8x,cate2-00127,32,33,closed,17,18,15,15,18,18.0,18.0
yolov8x,cate3-00008,45,46,open,28,29,0,20,29,29.0,29.0
yolov8x,cate3-00008,45,46,half,28,29,10,20,29,29.0,29.0
yolov8x,cate3-00008,45,46,closed,28,29,20,20,29,29.0,29.0
yolov8x,cate3-00008,17,18,open,6,7,0,26,7,7.0,7.0
yolov8x,cate3-00008,17,18,half,6,7,13,26,7,7.0,7.0
yolov8x,cate3-00008,17,18,closed,6,7,26,26,7,7.0,7.0
yolov8x,cate3-00008,35,36,open,20,21,0,28,22,21.0,21.0
yolov8x,cate3-00008,35,36,half,20,21,14,28,21,21.0,21.0
yolov8x,cate3-00008,35,36,closed,20,21,28,28,21,21.0,21.0
yolov8x,cate3-00009,46,47,open,29,30,0,35,30,30.0,30.0
yolov8x,cate3-00009,46,47,half,29,30,18,35,29,30.0,30.0
yolov8x,cate3-00009,46,47,closed,29,30,35,35,29,30.0,29.0
yolov8x,cate3-00009,22,23,open,9,10,0,20,10,10.0,
yolov8x,cate3-00009,22,23,half,9,10,10,20,9,10.0,10.0
yolov8x,cate3-00009,22,23,closed,9,10,20,20,9,10.0,10.0
yolov8x,cate3-00009,33,34,open,18,19,0,15,19,19.0,19.0
yolov8x,cate3-00009,33,34,half,18,19,8,15,18,19.0,19.0
yolov8x,cate3-00009,33,34,closed,18,19,15,15,18,19.0,18.0
yolov8x,cate3-00026,23,24,open,10,11,0,20,12,11.0,11.0
yolov8x,cate3-00026,23,24,half,10,11,10,20,11,11.0,10.0
yolov8x,cate3-00026,23,24,closed,10,11,20,20,10,11.0,10.0
yolov8x,cate3-00026,32,33,open,17,18,0,18,18,18.0,18.0
yolov8x,cate3-00026,32,33,half,17,18,9,18,18,18.0,18.0
yolov8x,cate3-00026,32,33,closed,17,18,18,18,18,18.0,18.0
yolov8x,cate3-00026,36,37,open,21,22,0,42,22,22.0,22.0
yolov8x,cate3-00026,36,37,half,21,22,21,42,22,22.0,22.0
yolov8x,cate3-00026,36,37,closed,21,22,42,42,21,22.0,21.0
yolov8x,cate4-00085,21,22,open,8,9,0,19,9,9.0,9.0
yolov8x,cate4-00085,21,22,half,8,9,10,19,8,9.0,9.0
yolov8x,cate4-00085,21,22,closed,8,9,19,19,8,9.0,8.0
yolov8x,cate4-00085,35,36,open,20,21,0,17,21,21.0,21.0
yolov8x,cate4-00085,35,36,half,20,21,8,17,21,21.0,21.0
yolov8x,cate4-00085,35,36,closed,20,21,17,17,21,21.0,21.0
yolov8x,cate4-00085,23,24,open,10,11,0,6,11,,
yolov8x,cate4-00085,23,24,half,10,11,3,6,11,,
yolov8x,cate4-00085,23,24,closed,10,11,6,6,11,,
yolov8x,cate4-00086,43,44,open,26,27,0,11,26,27.0,27.0
yolov8x,cate4-00086,43,44,half,26,27,6,11,26,27.0,27.0
yolov8x,cate4-00086,43,44,closed,26,27,11,11,26,27.0,27.0
yolov8x,cate4-00086,12,13,open,1,2,0,14,1,2.0,2.0
yolov8x,cate4-00086,12,13,half,1,2,7,14,1,2.0,2.0
yolov8x,cate4-00086,12,13,closed,1,2,14,14,0,2.0,2.0
yolov8x,cate4-00086,25,26,open,12,13,0,17,13,13.0,13.0
yolov8x,cate4-00086,25,26,half,12,13,8,17,13,13.0,13.0
yolov8x,cate4-00086,25,26,closed,12,13,17,17,13,13.0,13.0
yolov8x,cate4-00091,34,35,open,19,20,0,19,20,20.0,20.0
yolov8x,cate4-00091,34,35,half,19,20,10,19,20,20.0,20.0
yolov8x,cate4-00091,34,35,closed,19,20,19,19,20,20.0,19.0
yolov8x,cate4-00091,31,32,open,16,17,0,13,18,17.0,17.0
yolov8x,cate4-00091,31,32,half,16,17,6,13,17,17.0,17.0
yolov8x,cate4-00091,31,32,closed,16,17,13,13,17,17.0,16.0
yolov8x,cate4-00091,43,44,open,26,27,0,14,27,27.0,27.0
yolov8x,cate4-00091,43,44,half,26,27,7,14,27,27.0,27.0
yolov8x,cate4-00091,43,44,closed,26,27,14,14,27,27.0,27.0
yolov8x,cate4-00103,27,28,open,14,15,0,15,15,15.0,15.0
yolov8x,cate4-00103,27,28,half,14,15,8,15,15,15.0,15.0
yolov8x,cate4-00103,27,28,closed,14,15,15,15,15,15.0,15.0
yolov8x,cate4-00103,42,43,open,25,26,0,11,26,26.0,26.0
yolov8x,cate4-00103,42,43,half,25,26,6,11,26,26.0,26.0
yolov8x,cate4-00103,42,43,closed,25,26,11,11,26,26.0,26.0
yolov8x,cate4-00103,23,24,open,10,11,0,17,11,11.0,11.0
yolov8x,cate4-00103,23,24,half,10,11,8,17,11,11.0,11.0
yolov8x,cate4-00103,23,24,closed,10,11,17,17,11,11.0,10.0
yolov8x,cate4-00105,42,43,open,25,26,0,9,26,26.0,26.0
yolov8x,cate4-00105,42,43,half,25,26,4,9,26,26.0,26.0
yolov8x,cate4-00105,42,43,closed,25,26,9,9,25,26.0,26.0
yolov8x,cate4-00105,32,33,open,17,18,0,10,18,18.0,18.0
yolov8x,cate4-00105,32,33,half,17,18,5,10,18,18.0,18.0
yolov8x,cate4-00105,32,33,closed,17,18,10,10,18,18.0,18.0
yolov8x,cate4-00105,46,47,open,29,30,0,35,30,30.0,30.0
yolov8x,cate4-00105,46,47,half,29,30,18,35,29,30.0,30.0
yolov8x,cate4-00105,46,47,closed,29,30,35,35,29,30.0,29.0
yolov8x,cate4-00108,13,14,open,2,3,0,12,3,3.0,3.0
yolov8x,cate4-00108,13,14,half,2,3,6,12,3,3.0,3.0
yolov8x,cate4-00108,13,14,closed,2,3,12,12,3,3.0,3.0
yolov8x,cate4-00108,23,24,open,10,11,0,14,11,11.0,11.0
yolov8x,cate4-00108,23,24,half,10,11,7,14,11,11.0,11.0
yolov8x,cate4-00108,23,24,closed,10,11,14,14,11,11.0,11.0
yolov8x,cate4-00108,31,32,open,16,17,0,10,17,17.0,17.0
yolov8x,cate4-00108,31,32,half,16,17,5,10,17,17.0,17.0
yolov8x,cate4-00108,31,32,closed,16,17,10,10,17,17.0,17.0
yolov8x,cate4-00112,47,48,open,30,31,0,33,31,31.0,31.0
yolov8x,cate4-00112,47,48,half,30,31,16,33,30,31.0,30.0
yolov8x,cate4-00112,47,48,closed,30,31,33,33,30,31.0,30.0
yolov8x,cate4-00112,27,28,open,14,15,0,25,15,15.0,15.0
yolov8x,cate4-00112,27,28,half,14,15,12,25,14,15.0,15.0
yolov8x,cate4-00112,27,28,closed,14,15,25,25,14,15.0,14.0
yolov8x,cate4-00112,32,33,open,17,18,0,13,19,18.0,18.0
yolov8x,cate4-00112,32,33,half,17,18,6,13,19,18.0,18.0
yolov8x,cate4-00112,32,33,closed,17,18,13,13,18,18.0,18.0
yolov8x,cate5-00012,34,35,open,19,20,0,21,20,20.0,20.0
yolov8x,cate5-00012,34,35,half,19,20,10,21,20,20.0,20.0
yolov8x,cate5-00012,34,35,closed,19,20,21,21,19,20.0,19.0
yolov8x,cate5-00012,44,45,open,27,28,0,22,28,28.0,28.0
yolov8x,cate5-00012,44,45,half,27,28,11,22,28,28.0,28.0
yolov8x,cate5-00012,44,45,closed,27,28,22,22,28,28.0,27.0
yolov8x,cate5-00012,12,13,open,1,2,0,16,3,2.0,2.0
yolov8x,cate5-00012,12,13,half,1,2,8,16,2,2.0,2.0
yolov8x,cate5-00012,12,13,closed,1,2,16,16,2,2.0,2.0
yolov8x,cate5-00031,12,13,open,1,2,0,17,3,2.0,2.0
yolov8x,cate5-00031,12,13,half,1,2,8,17,2,2.0,2.0
yolov8x,cate5-00031,12,13,closed,1,2,17,17,2,2.0,2.0
yolov8x,cate5-00031,31,32,open,16,17,0,19,17,18.0,18.0
yolov8x,cate5-00031,31,32,half,16,17,10,19,16,18.0,18.0
yolov8x,cate5-00031,31,32,closed,16,17,19,19,24,18.0,17.0
yolov8x,cate5-00031,13,14,open,2,3,0,18,4,4.0,4.0
yolov8x,cate5-00031,13,14,half,2,3,9,18,4,4.0,3.0
yolov8x,cate5-00031,13,14,closed,2,3,18,18,3,4.0,2.0
yolov8x,cate5-00085,44,45,open,27,28,0,20,28,28.0,
yolov8x,cate5-00085,44,45,half,27,28,10,20,27,28.0,27.0
yolov8x,cate5-00085,44,45,closed,27,28,20,20,27,28.0,27.0
yolov8x,cate5-00085,16,17,open,5,6,0,26,6,6.0,6.0
yolov8x,cate5-00085,16,17,half,5,6,13,26,5,6.0,6.0
yolov8x,cate5-00085,16,17,closed,5,6,26,26,5,6.0,6.0
yolov8x,cate5-00085,24,25,open,11,12,0,24,12,12.0,12.0
yolov8x,cate5-00085,24,25,half,11,12,12,24,12,12.0,11.0
yolov8x,cate5-00085,24,25,closed,11,12,24,24,11,12.0,11.0
yolov8x,cate5-00097,32,33,open,17,18,0,17,18,18.0,18.0
yolov8x,cate5-00097,32,33,half,17,18,8,17,18,18.0,18.0
yolov8x,cate5-00097,32,33,closed,17,18,17,17,17,18.0,18.0
yolov8x,cate5-00097,43,44,open,26,27,0,17,27,27.0,27.0
yolov8x,cate5-00097,43,44,half,26,27,8,17,26,27.0,27.0
yolov8x,cate5-00097,43,44,closed,26,27,17,17,26,27.0,27.0
yolov8x,cate5-00097,41,42,open,24,25,0,15,25,25.0,25.0
yolov8x,cate5-00097,41,42,half,24,25,8,15,24,25.0,24.0
yolov8x,cate5-00097,41,42,closed,24,25,15,15,24,25.0,24.0
yolov8x,cate5-00103,21,22,open,8,9,0,26,9,9.0,9.0
yolov8x,cate5-00103,21,22,half,8,9,13,26,8,9.0,9.0
yolov8x,cate5-00103,21,22,closed,8,9,26,26,0,9.0,8.0
yolov8x,cate5-00103,44,45,open,27,28,0,21,28,28.0,28.0
yolov8x,cate5-00103,44,45,half,27,28,10,21,28,28.0,27.0
yolov8x,cate5-00103,44,45,closed,27,28,21,21,27,28.0,27.0
yolov8x,cate5-00103,42,43,open,25,26,0,11,26,26.0,26.0
yolov8x,cate5-00103,42,43,half,25,26,6,11,25,26.0,26.0
yolov8x,cate5-00103,42,43,closed,25,26,11,11,25,26.0,26.0
yolov8x,cate5-00108,31,32,open,16,17,0,10,17,17.0,
yolov8x,cate5-00108,31,32,half,16,17,5,10,17,17.0,17.0
yolov8x,cate5-00108,31,32,closed,16,17,10,10,24,17.0,17.0
yolov8x,cate5-00108,32,33,open,17,18,0,14,18,18.0,18.0
yolov8x,cate5-00108,32,33,half,17,18,7,14,18,18.0,18.0
yolov8x,cate5-00108,32,33,closed,17,18,14,14,18,18.0,18.0
yolov8x,cate5-00108,42,43,open,25,26,0,15,26,26.0,27.0
yolov8x,cate5-00108,42,43,half,25,26,8,15,26,26.0,26.0
yolov8x,cate5-00108,42,43,closed,25,26,15,15,26,26.0,26.0
yolov8x,cate6-00003,25,26,open,12,13,0,0,13,13.0,13.0
yolov8x,cate6-00003,25,26,half,12,13,0,0,13,13.0,13.0
yolov8x,cate6-00003,25,26,closed,12,13,0,0,13,13.0,13.0
yolov8x,cate6-00003,41,42,open,24,25,0,18,25,25.0,25.0
yolov8x,cate6-00003,41,42,half,24,25,9,18,25,25.0,25.0
yolov8x,cate6-00003,41,42,closed,24,25,18,18,24,25.0,24.0
yolov8x,cate6-00003,16,17,open,5,6,0,0,5,6.0,6.0
yolov8x,cate6-00003,16,17,half,5,6,0,0,5,6.0,6.0
yolov8x,cate6-00003,16,17,closed,5,6,0,0,5,6.0,6.0
yolov8x,cate6-00014,47,48,open,30,31,0,39,31,31.0,31.0
yolov8x,cate6-00014,47,48,half,30,31,20,39,30,31.0,31.0
yolov8x,cate6-00014,47,48,closed,30,31,39,39,29,31.0,30.0
yolov8x,cate6-00014,25,26,open,12,13,0,9,12,13.0,
yolov8x,cate6-00014,25,26,half,12,13,4,9,13,13.0,13.0
yolov8x,cate6-00014,25,26,closed,12,13,9,9,12,13.0,13.0
yolov8x,cate6-00014,14,15,open,3,4,0,17,3,4.0,4.0
yolov8x,cate6-00014,14,15,half,3,4,8,17,3,4.0,4.0
yolov8x,cate6-00014,14,15,closed,3,4,17,17,2,4.0,4.0
yolov8x,cate6-00022,26,27,open,13,14,0,0,14,14.0,14.0
yolov8x,cate6-00022,26,27,half,13,14,0,0,14,14.0,14.0
yolov8x,cate6-00022,26,27,closed,13,14,0,0,14,14.0,14.0
yolov8x,cate6-00022,21,22,open,8,9,0,23,9,9.0,9.0
yolov8x,cate6-00022,21,22,half,8,9,12,23,8,9.0,9.0
yolov8x,cate6-00022,21,22,closed,8,9,23,23,8,9.0,9.0
yolov8x,cate6-00022,15,16,open,4,5,0,0,5,5.0,5.0
yolov8x,cate6-00022,15,16,half,4,5,0,0,5,5.0,5.0
yolov8x,cate6-00022,15,16,closed,4,5,0,0,5,5.0,5.0
yolov8x,cate6-00039,15,16,open,4,5,0,0,4,,
yolov8x,cate6-00039,15,16,half,4,5,0,0,4,,
yolov8x,cate6-00039,15,16,closed,4,5,0,0,4,,
yolov8x,cate6-00039,33,34,open,18,19,0,21,19,19.0,19.0
yolov8x,cate6-00039,33,34,half,18,19,10,21,18,19.0,19.0
yolov8x,cate6-00039,33,34,closed,18,19,21,21,18,19.0,19.0
yolov8x,cate6-00039,37,38,open,22,23,0,28,23,23.0,23.0
yolov8x,cate6-00039,37,38,half,22,23,14,28,23,23.0,23.0
yolov8x,cate6-00039,37,38,closed,22,23,28,28,23,23.0,23.0
yolov8x,cate6-00099,42,43,open,25,26,0,11,26,26.0,26.0
yolov8x,cate6-00099,42,43,half,25,26,6,11,26,26.0,26.0
yolov8x,cate6-00099,42,43,closed,25,26,11,11,26,26.0,26.0
yolov8x,cate6-00099,21,22,open,8,9,0,19,9,9.0,9.0
yolov8x,cate6-00099,21,22,half,8,9,10,19,9,9.0,9.0
yolov8x,cate6-00099,21,22,closed,8,9,19,19,8,9.0,9.0
yolov8x,cate6-00099,12,13,open,1,2,0,20,2,2.0,2.0
yolov8x,cate6-00099,12,13,half,1,2,10,20,1,2.0,2.0
yolov8x,cate6-00099,12,13,closed,1,2,20,20,1,2.0,2.0
yolov8x,cate6-00159,36,37,open,21,22,0,24,21,22.0,22.0
yolov8x,cate6-00159,36,37,half,21,22,12,24,21,22.0,22.0
yolov8x,cate6-00159,36,37,closed,21,22,24,24,21,22.0,22.0
yolov8x,cate6-00159,22,23,open,9,10,0,16,10,10.0,10.0
yolov8x,cate6-00159,22,23,half,9,10,8,16,10,10.0,10.0
yolov8x,cate6-00159,22,23,closed,9,10,16,16,10,10.0,10.0
yolov8x,cate6-00159,41,42,open,24,25,0,7,25,25.0,25.0
yolov8x,cate6-00159,41,42,half,24,25,4,7,24,25.0,24.0
yolov8x,cate6-00159,41,42,closed,24,25,7,7,24,25.0,24.0
yolov8x,cate7-00026,44,45,open,27,28,0,21,28,28.0,28.0
yolov8x,cate7-00026,44,45,half,27,28,10,21,28,28.0,28.0
yolov8x,cate7-00026,44,45,closed,27,28,21,21,27,28.0,27.0
yolov8x,cate7-00026,13,14,open,2,3,0,17,3,3.0,3.0
yolov8x,cate7-00026,13,14,half,2,3,8,17,3,3.0,2.0
yolov8x,cate7-00026,13,14,closed,2,3,17,17,3,3.0,2.0
yolov8x,cate7-00026,22,23,open,9,10,0,19,10,10.0,10.0
yolov8x,cate7-00026,22,23,half,9,10,10,19,10,10.0,10.0
yolov8x,cate7-00026,22,23,closed,9,10,19,19,9,10.0,9.0
yolov8x,cate7-00038,12,13,open,1,2,0,10,2,2.0,2.0
yolov8x,cate7-00038,12,13,half,1,2,5,10,2,2.0,2.0
yolov8x,cate7-00038,12,13,closed,1,2,10,10,1,2.0,2.0
yolov8x,cate7-00038,32,33,open,17,18,0,12,18,18.0,18.0
yolov8x,cate7-00038,32,33,half,17,18,6,12,18,18.0,18.0
yolov8x,cate7-00038,32,33,closed,17,18,12,12,18,18.0,18.0
yolov8x,cate7-00038,16,17,open,5,6,0,24,6,6.0,6.0
yolov8x,cate7-00038,16,17,half,5,6,12,24,6,6.0,6.0
yolov8x,cate7-00038,16,17,closed,5,6,24,24,5,6.0,
yolov8x,cate7-00080,34,35,open,19,20,0,17,20,20.0,20.0
yolov8x,cate7-00080,34,35,half,19,20,8,17,19,20.0,20.0
yolov8x,cate7-00080,34,35,closed,19,20,17,17,19,20.0,20.0
yolov8x,cate7-00080,46,47,open,29,30,0,24,30,30.0,30.0
yolov8x,cate7-00080,46,47,half,29,30,12,24,30,30.0,30.0
yolov8x,cate7-00080,46,47,closed,29,30,24,24,29,30.0,29.0
yolov8x,cate7-00080,23,24,open,10,11,0,16,11,11.0,11.0
yolov8x,cate7-00080,23,24,half,10,11,8,16,10,11.0,
yolov8x,cate7-00080,23,24,closed,10,11,16,16,10,11.0,10.0
yolov8x,cate7-00083,41,42,open,24,25,0,13,25,25.0,25.0
yolov8x,cate7-00083,41,42,half,24,25,6,13,25,25.0,25.0
yolov8x,cate7-00083,41,42,closed,24,25,13,13,25,25.0,24.0
yolov8x,cate7-00083,24,25,open,11,12,0,14,11,12.0,11.0
yolov8x,cate7-00083,24,25,half,11,12,7,14,11,12.0,12.0
yolov8x,cate7-00083,24,25,closed,11,12,14,14,11,12.0,12.0
yolov8x,cate7-00083,42,43,open,25,26,0,7,26,26.0,26.0
yolov8x,cate7-00083,42,43,half,25,26,4,7,26,26.0,26.0
yolov8x,cate7-00083,42,43,closed,25,26,7,7,26,26.0,26.0
yolov8x,cate7-00110,25,26,open,12,13,0,15,14,13.0,13.0
yolov8x,cate7-00110,25,26,half,12,13,8,15,14,13.0,13.0
yolov8x,cate7-00110,25,26,closed,12,13,15,15,14,13.0,13.0
yolov8x,cate7-00110,45,46,open,28,29,0,21,29,29.0,29.0
yolov8x,cate7-00110,45,46,half,28,29,10,21,29,29.0,29.0
yolov8x,cate7-00110,45,46,closed,28,29,21,21,28,29.0,29.0
yolov8x,cate7-00110,24,25,open,11,12,0,15,12,12.0,12.0
yolov8x,cate7-00110,24,25,half,11,12,8,15,12,12.0,12.0
yolov8x,cate7-00110,24,25,closed,11,12,15,15,12,12.0,11.0
yolov8x,cate7-00112,34,35,open,19,20,0,17,20,20.0,20.0
yolov8x,cate7-00112,34,35,half,19,20,8,17,20,20.0,20.0
yolov8x,cate7-00112,34,35,closed,19,20,17,17,19,20.0,19.0
yolov8x,cate7-00112,24,25,open,11,12,0,14,12,12.0,12.0
yolov8x,cate7-00112,24,25,half,11,12,7,14,12,12.0,11.0
yolov8x,cate7-00112,24,25,closed,11,12,14,14,11,12.0,11.0
yolov8x,cate7-00112,47,48,open,30,31,0,31,31,31.0,31.0
yolov8x,cate7-00112,47,48,half,30,31,16,31,31,31.0,31.0
yolov8x,cate7-00112,47,48,closed,30,31,31,31,31,31.0,31.0
yolov8x,cate8-00044,41,42,open,24,25,0,12,25,25.0,25.0
yolov8x,cate8-00044,41,42,half,24,25,6,12,25,25.0,24.0
yolov8x,cate8-00044,41,42,closed,24,25,12,12,16,25.0,24.0
yolov8x,cate8-00044,16,17,open,5,6,0,32,6,6.0,6.0
yolov8x,cate8-00044,16,17,half,5,6,16,32,5,6.0,5.0
yolov8x,cate8-00044,16,17,closed,5,6,32,32,5,6.0,5.0
yolov8x,cate8-00044,15,16,open,4,5,0,14,5,5.0,5.0
yolov8x,cate8-00044,15,16,half,4,5,7,14,5,5.0,5.0
yolov8x,cate8-00044,15,16,closed,4,5,14,14,5,5.0,5.0
yolov8x,cate8-00073,22,23,open,9,10,0,10,10,10.0,10.0
yolov8x,cate8-00073,22,23,half,9,10,5,10,9,10.0,10.0
yolov8x,cate8-00073,22,23,closed,9,10,10,10,9,10.0,10.0
yolov8x,cate8-00073,33,34,open,18,19,0,17,19,19.0,19.0
yolov8x,cate8-00073,33,34,half,18,19,8,17,19,19.0,19.0
yolov8x,cate8-00073,33,34,closed,18,19,17,17,18,19.0,18.0
yolov8x,cate8-00073,12,13,open,1,2,0,19,2,2.0,2.0
yolov8x,cate8-00073,12,13,half,1,2,10,19,2,2.0,2.0
yolov8x,cate8-00073,12,13,closed,1,2,19,19,2,2.0,2.0
yolov8x,cate8-00101,21,22,open,8,9,0,23,9,9.0,9.0
yolov8x,cate8-00101,21,22,half,8,9,12,23,8,9.0,8.0
yolov8x,cate8-00101,21,22,closed,8,9,23,23,8,9.0,8.0
yolov8x,cate8-00101,41,42,open,24,25,0,11,25,25.0,25.0
yolov8x,cate8-00101,41,42,half,24,25,6,11,24,25.0,25.0
yolov8x,cate8-00101,41,42,closed,24,25,11,11,24,25.0,24.0
yolov8x,cate8-00101,34,35,open,19,20,0,17,20,20.0,20.0
yolov8x,cate8-00101,34,35,half,19,20,8,17,20,20.0,20.0
yolov8x,cate8-00101,34,35,closed,19,20,17,17,19,20.0,19.0
yolov8x,cate8-00109,25,26,open,12,13,0,17,13,13.0,13.0
yolov8x,cate8-00109,25,26,half,12,13,8,17,13,13.0,13.0
yolov8x,cate8-00109,25,26,closed,12,13,17,17,13,13.0,13.0
yolov8x,cate8-00109,23,24,open,10,11,0,20,11,11.0,11.0
yolov8x,cate8-00109,23,24,half,10,11,10,20,10,11.0,11.0
yolov8x,cate8-00109,23,24,closed,10,11,20,20,10,11.0,10.0
yolov8x,cate8-00109,21,22,open,8,9,0,23,9,9.0,9.0
yolov8x,cate8-00109,21,22,half,8,9,12,23,8,9.0,8.0
yolov8x,cate8-00109,21,22,closed,8,9,23,23,8,9.0,8.0
yolov8x,cate8-00123,45,46,open,28,29,0,16,29,29.0,29.0
yolov8x,cate8-00123,45,46,half,28,29,8,16,29,29.0,29.0
yolov8x,cate8-00123,45,46,closed,28,29,16,16,29,29.0,29.0
yolov8x,cate8-00123,34,35,open,19,20,0,18,20,20.0,20.0
yolov8x,cate8-00123,34,35,half,19,20,9,18,20,20.0,20.0
yolov8x,cate8-00123,34,35,closed,19,20,18,18,19,20.0,20.0
yolov8x,cate8-00123,13,14,open,2,3,0,20,4,3.0,
yolov8x,cate8-00123,13,14,half,2,3,10,20,3,3.0,3.0
yolov8x,cate8-00123,13,14,closed,2,3,20,20,2,3.0,
yolov8x,cate8-00125,34,35,open,19,20,0,15,19,20.0,20.0
yolov8x,cate8-00125,34,35,half,19,20,8,15,19,20.0,20.0
yolov8x,cate8-00125,34,35,closed,19,20,15,15,19,20.0,19.0
yolov8x,cate8-00125,13,14,open,2,3,0,14,3,3.0,3.0
yolov8x,cate8-00125,13,14,half,2,3,7,14,3,3.0,3.0
yolov8x,cate8-00125,13,14,closed,2,3,14,14,2,3.0,2.0
yolov8x,cate8-00125,32,33,open,17,18,0,12,18,18.0,18.0
yolov8x,cate8-00125,32,33,half,17,18,6,12,17,18.0,18.0
yolov8x,cate8-00125,32,33,closed,17,18,12,12,17,18.0,18.0
yolov8x,cate8-00143,24,25,open,11,12,0,16,13,13.0,13.0
yolov8x,cate8-00143,24,25,half,11,12,8,16,20,13.0,13.0
yolov8x,cate8-00143,24,25,closed,11,12,16,16,19,13.0,13.0
yolov8x,cate8-00143,14,15,open,3,4,0,9,3,4.0,
yolov8x,cate8-00143,14,15,half,3,4,4,9,3,4.0,4.0
yolov8x,cate8-00143,14,15,closed,3,4,9,9,3,4.0,3.0
yolov8x,cate8-00143,44,45,open,27,28,0,18,28,28.0,28.0
yolov8x,cate8-00143,44,45,half,27,28,9,18,28,28.0,28.0
yolov8x,cate8-00143,44,45,closed,27,28,18,18,28,28.0,28.0
yolov8x,cate8-00179,31,32,open,16,17,0,15,17,17.0,17.0
yolov8x,cate8-00179,31,32,half,16,17,8,15,17,17.0,17.0
yolov8x,cate8-00179,31,32,closed,16,17,15,15,16,17.0,16.0
yolov8x,cate8-00179,11,12,open,0,1,0,20,1,1.0,0.0
yolov8x,cate8-00179,11,12,half,0,1,10,20,1,1.0,0.0
yolov8x,cate8-00179,11,12,closed,0,1,20,20,0,1.0,0.0
yolov8x,cate8-00179,22,23,open,9,10,0,18,10,10.0,10.0
yolov8x,cate8-00179,22,23,half,9,10,9,18,10,10.0,10.0
yolov8x,cate8-00179,22,23,closed,9,10,18,18,9,10.0,10.0
yolov8x,cate8-00191,32,33,open,17,18,0,13,17,18.0,18.0
yolov8x,cate8-00191,32,33,half,17,18,6,13,17,18.0,18.0
yolov8x,cate8-00191,32,33,closed,17,18,13,13,16,18.0,18.0
yolov8x,cate8-00191,34,35,open,19,20,0,18,19,20.0,20.0
yolov8x,cate8-00191,34,35,half,19,20,9,18,18,20.0,20.0
yolov8x,cate8-00191,34,35,closed,19,20,18,18,18,20.0,19.0
yolov8x,cate8-00191,33,34,open,18,19,0,15,18,19.0,19.0
yolov8x,cate8-00191,33,34,half,18,19,8,15,17,19.0,18.0
yolov8x,cate8-00191,33,34,closed,18,19,15,15,16,19.0,18.0
yolov8x,cate8-00238,25,26,open,12,13,0,13,12,13.0,12.0
yolov8x,cate8-00238,25,26,half,12,13,6,13,12,13.0,13.0
yolov8x,cate8-00238,25,26,closed,12,13,13,13,12,13.0,12.0
yolov8x,cate8-00238,32,33,open,17,18,0,13,17,18.0,18.0
yolov8x,cate8-00238,32,33,half,17,18,6,13,17,18.0,
yolov8x,cate8-00238,32,33,closed,17,18,13,13,16,18.0,17.0
yolov8x,cate8-00238,21,22,open,8,9,0,15,9,9.0,9.0
yolov8x,cate8-00238,21,22,half,8,9,8,15,8,9.0,9.0
yolov8x,cate8-00238,21,22,closed,8,9,15,15,8,9.0,
yolov8x,cate8-00253,42,43,open,25,26,0,15,27,26.0,26.0
yolov8x,cate8-00253,42,43,half,25,26,8,15,26,26.0,26.0
yolov8x,cate8-00253,42,43,closed,25,26,15,15,26,26.0,26.0
yolov8x,cate8-00253,21,22,open,8,9,0,16,8,9.0,9.0
yolov8x,cate8-00253,21,22,half,8,9,8,16,8,9.0,9.0
yolov8x,cate8-00253,21,22,closed,8,9,16,16,8,9.0,8.0
yolov8x,cate8-00253,33,34,open,18,19,0,17,19,19.0,20.0
yolov8x,cate8-00253,33,34,half,18,19,8,17,18,19.0,19.0
yolov8x,cate8-00253,33,34,closed,18,19,17,17,18,19.0,19.0
yolov8x,cate8-00257,24,25,open,11,12,0,14,11,12.0,11.0
yolov8x,cate8-00257,24,25,half,11,12,7,14,11,12.0,12.0
yolov8x,cate8-00257,24,25,closed,11,12,14,14,11,12.0,11.0
yolov8x,cate8-00257,46,47,open,29,30,0,33,30,30.0,31.0
yolov8x,cate8-00257,46,47,half,29,30,16,33,29,30.0,30.0
yolov8x,cate8-00257,46,47,closed,29,30,33,33,29,30.0,30.0
yolov8x,cate8-00257,34,35,open,19,20,0,19,20,20.0,20.0
yolov8x,cate8-00257,34,35,half,19,20,10,19,20,20.0,20.0
yolov8x,cate8-00257,34,35,closed,19,20,19,19,19,20.0,19.0
yolov8x,cate8-00282,24,25,open,11,12,0,22,13,12.0,13.0
yolov8x,cate8-00282,24,25,half,11,12,11,22,12,12.0,12.0
yolov8x,cate8-00282,24,25,closed,11,12,22,22,11,12.0,11.0
yolov8x,cate8-00282,41,42,open,24,25,0,14,26,26.0,26.0
yolov8x,cate8-00282,41,42,half,24,25,7,14,25,26.0,26.0
yolov8x,cate8-00282,41,42,closed,24,25,14,14,25,26.0,26.0
yolov8x,cate8-00282,31,32,open,16,17,0,14,16,16.0,17.0
yolov8x,cate8-00282,31,32,half,16,17,7,14,16,16.0,16.0
yolov8x,cate8-00282,31,32,closed,16,17,14,14,16,16.0,16.0
yolov8x,cate8-00293,26,27,open,13,14,0,19,13,14.0,14.0
yolov8x,cate8-00293,26,27,half,13,14,10,19,13,14.0,13.0
yolov8x,cate8-00293,26,27,closed,13,14,19,19,13,14.0,13.0
yolov8x,cate8-00293,11,12,open,0,1,0,17,1,1.0,1.0
yolov8x,cate8-00293,11,12,half,0,1,8,17,0,1.0,1.0
yolov8x,cate8-00293,11,12,closed,0,1,17,17,0,1.0,
yolov8x,cate8-00293,12,13,open,1,2,0,13,1,2.0,2.0
yolov8x,cate8-00293,12,13,half,1,2,6,13,1,2.0,2.0
yolov8x,cate8-00293,12,13,closed,1,2,13,13,1,2.0,2.0
yolov8x,cate8-00305,33,34,open,18,19,0,14,19,19.0,19.0
yolov8x,cate8-00305,33,34,half,18,19,7,14,18,19.0,19.0
yolov8x,cate8-00305,33,34,closed,18,19,14,14,18,19.0,19.0
yolov8x,cate8-00305,41,42,open,24,25,0,10,25,25.0,25.0
yolov8x,cate8-00305,41,42,half,24,25,5,10,24,25.0,25.0
yolov8x,cate8-00305,41,42,closed,24,25,10,10,24,25.0,
yolov8x,cate8-00305,26,27,open,13,14,0,24,13,14.0,14.0
yolov8x,cate8-00305,26,27,half,13,14,12,24,13,14.0,14.0
yolov8x,cate8-00305,26,27,closed,13,14,24,24,13,14.0,14.0
yolov8x,cate8-00323,22,23,open,9,10,0,18,10,10.0,10.0
yolov8x,cate8-00323,22,23,half,9,10,9,18,10,10.0,10.0
yolov8x,cate8-00323,22,23,closed,9,10,18,18,10,10.0,10.0
yolov8x,cate8-00323,26,27,open,13,14,0,28,15,14.0,14.0
yolov8x,cate8-00323,26,27,half,13,14,14,28,14,14.0,14.0
yolov8x,cate8-00323,26,27,closed,13,14,28,28,13,14.0,13.0
yolov8x,cate8-00323,31,32,open,16,17,0,16,18,17.0,17.0
yolov8x,cate8-00323,31,32,half,16,17,8,16,18,17.0,17.0
yolov8x,cate8-00323,31,32,closed,16,17,16,16,17,17.0,17.0
yolov8x,cate8-00325,31,32,open,16,17,0,12,16,17.0,17.0
yolov8x,cate8-00325,31,32,half,16,17,6,12,24,17.0,17.0
yolov8x,cate8-00325,31,32,closed,16,17,12,12,24,17.0,16.0
yolov8x,cate8-00325,17,18,open,6,7,0,18,7,7.0,
yolov8x,cate8-00325,17,18,half,6,7,9,18,6,7.0,7.0
yolov8x,cate8-00325,17,18,closed,6,7,18,18,6,7.0,6.0
yolov8x,cate8-00325,22,23,open,9,10,0,12,10,10.0,10.0
yolov8x,cate8-00325,22,23,half,9,10,6,12,10,10.0,10.0
yolov8x,cate8-00325,22,23,closed,9,10,12,12,9,10.0,10.0
yolov8x,cate8-00329,35,36,open,20,21,0,18,21,21.0,21.0
yolov8x,cate8-00329,35,36,half,20,21,9,18,21,21.0,21.0
yolov8x,cate8-00329,35,36,closed,20,21,18,18,21,21.0,21.0
yolov8x,cate8-00329,11,12,open,0,1,0,23,1,1.0,1.0
yolov8x,cate8-00329,11,12,half,0,1,12,23,0,1.0,1.0
yolov8x,cate8-00329,11,12,closed,0,1,23,23,0,1.0,0.0
yolov8x,cate8-00329,27,28,open,14,15,0,13,15,15.0,15.0
yolov8x,cate8-00329,27,28,half,14,15,6,13,15,15.0,15.0
yolov8x,cate8-00329,27,28,closed,14,15,13,13,15,15.0,15.0
yolov8x,cate8-00335,42,43,open,25,26,0,14,26,26.0,26.0
yolov8x,cate8-00335,42,43,half,25,26,7,14,26,26.0,26.0
yolov8x,cate8-00335,42,43,closed,25,26,14,14,25,26.0,26.0
yolov8x,cate8-00335,34,35,open,19,20,0,15,20,20.0,20.0
yolov8x,cate8-00335,34,35,half,19,20,8,15,20,20.0,20.0
yolov8x,cate8-00335,34,35,closed,19,20,15,15,19,20.0,19.0
yolov8x,cate8-00335,15,16,open,4,5,0,19,5,5.0,5.0
yolov8x,cate8-00335,15,16,half,4,5,10,19,5,5.0,5.0
yolov8x,cate8-00335,15,16,closed,4,5,19,19,4,5.0,5.0
yolov8x,cate8-00341,21,22,open,8,9,0,30,10,9.0,9.0
yolov8x,cate8-00341,21,22,half,8,9,15,30,9,9.0,9.0
yolov8x,cate8-00341,21,22,closed,8,9,30,30,9,9.0,
yolov8x,cate8-00341,43,44,open,26,27,0,13,26,27.0,27.0
yolov8x,cate8-00341,43,44,half,26,27,6,13,26,27.0,27.0
yolov8x,cate8-00341,43,44,closed,26,27,13,13,25,27.0,26.0
yolov8x,cate8-00341,23,24,open,10,11,0,17,11,11.0,11.0
yolov8x,cate8-00341,23,24,half,10,11,8,17,11,11.0,11.0
yolov8x,cate8-00341,23,24,closed,10,11,17,17,11,11.0,10.0
yolov8x,cate8-00346,17,18,open,6,7,0,24,7,7.0,7.0
yolov8x,cate8-00346,17,18,half,6,7,12,24,6,7.0,7.0
yolov8x,cate8-00346,17,18,closed,6,7,24,24,6,7.0,7.0
yolov8x,cate8-00346,47,48,open,30,31,0,32,31,31.0,31.0
yolov8x,cate8-00346,47,48,half,30,31,16,32,30,31.0,30.0
yolov8x,cate8-00346,47,48,closed,30,31,32,32,30,31.0,30.0
yolov8x,cate8-00346,36,37,open,21,22,0,30,22,22.0,22.0
yolov8x,cate8-00346,36,37,half,21,22,15,30,22,22.0,22.0
yolov8x,cate8-00346,36,37,closed,21,22,30,30,21,22.0,22.0
yolov8x,cate8-00354,34,35,open,19,20,0,19,20,20.0,20.0
yolov8x,cate8-00354,34,35,half,19,20,10,19,19,20.0,20.0
yolov8x,cate8-00354,34,35,closed,19,20,19,19,19,20.0,19.0
yolov8x,cate8-00354,16,17,open,5,6,0,27,6,6.0,6.0
yolov8x,cate8-00354,16,17,half,5,6,14,27,5,6.0,6.0
yolov8x,cate8-00354,16,17,closed,5,6,27,27,5,6.0,5.0
yolov8x,cate8-00354,32,33,open,17,18,0,13,18,18.0,18.0
yolov8x,cate8-00354,32,33,half,17,18,6,13,17,18.0,18.0
yolov8x,cate8-00354,32,33,closed,17,18,13,13,17,18.0,18.0
yolov8x,cate8-00377,22,23,open,9,10,0,15,10,10.0,10.0
yolov8x,cate8-00377,22,23,half,9,10,8,15,10,10.0,10.0
yolov8x,cate8-00377,22,23,closed,9,10,15,15,9,10.0,10.0
yolov8x,cate8-00377,43,44,open,26,27,0,14,27,27.0,27.0
yolov8x,cate8-00377,43,44,half,26,27,7,14,26,27.0,27.0
yolov8x,cate8-00377,43,44,closed,26,27,14,14,26,27.0,27.0
yolov8x,cate8-00377,44,45,open,27,28,0,23,28,28.0,28.0
yolov8x,cate8-00377,44,45,half,27,28,12,23,27,28.0,28.0
yolov8x,cate8-00377,44,45,closed,27,28,23,23,27,28.0,27.0
yolov8x,cate8-00401,16,17,open,5,6,0,29,6,6.0,6.0
yolov8x,cate8-00401,16,17,half,5,6,14,29,6,6.0,6.0
yolov8x,cate8-00401,16,17,closed,5,6,29,29,5,6.0,5.0
yolov8x,cate8-00401,32,33,open,17,18,0,16,18,18.0,18.0
yolov8x,cate8-00401,32,33,half,17,18,8,16,18,18.0,18.0
yolov8x,cate8-00401,32,33,closed,17,18,16,16,18,18.0,18.0
yolov8x,cate8-00401,33,34,open,18,19,0,19,20,19.0,19.0
yolov8x,cate8-00401,33,34,half,18,19,10,19,19,19.0,19.0
yolov8x,cate8-00401,33,34,closed,18,19,19,19,18,19.0,18.0
yolov8x,cate8-00431,43,44,open,26,27,0,9,28,27.0,27.0
yolov8x,cate8-00431,43,44,half,26,27,4,9,27,27.0,27.0
yolov8x,cate8-00431,43,44,closed,26,27,9,9,27,27.0,27.0
yolov8x,cate8-00431,32,33,open,17,18,0,18,18,20.0,20.0
yolov8x,cate8-00431,32,33,half,17,18,9,18,17,20.0,19.0
yolov8x,cate8-00431,32,33,closed,17,18,18,18,17,20.0,
yolov8x,cate8-00437,23,24,open,10,11,0,23,12,11.0,12.0
yolov8x,cate8-00437,23,24,half,10,11,12,23,11,11.0,10.0
yolov8x,cate8-00437,23,24,closed,10,11,23,23,10,11.0,10.0
yolov8x,cate8-00437,11,12,open,0,1,0,25,1,1.0,1.0
yolov8x,cate8-00437,11,12,half,0,1,12,25,1,1.0,1.0
yolov8x,cate8-00437,11,12,closed,0,1,25,25,8,1.0,0.0
yolov8x,cate8-00437,36,37,open,21,22,0,34,23,22.0,22.0
yolov8x,cate8-00437,36,37,half,21,22,17,34,23,22.0,22.0
yolov8x,cate8-00437,36,37,closed,21,22,34,34,21,22.0,22.0
yolov8x,cate8-00440,34,35,open,19,20,0,15,19,20.0,20.0
yolov8x,cate8-00440,34,35,half,19,20,8,15,18,20.0,20.0
yolov8x,cate8-00440,34,35,closed,19,20,15,15,18,20.0,20.0
yolov8x,cate8-00440,22,23,open,9,10,0,15,8,10.0,10.0
yolov8x,cate8-00440,22,23,half,9,10,8,15,8,10.0,10.0
yolov8x,cate8-00440,22,23,closed,9,10,15,15,8,10.0,10.0
yolov8x,cate8-00440,25,26,open,12,13,0,17,12,13.0,13.0
yolov8x,cate8-00440,25,26,half,12,13,8,17,11,13.0,13.0
yolov8x,cate8-00440,25,26,closed,12,13,17,17,11,13.0,13.0
yolov8x,cate8-00454,21,22,open,8,9,0,22,9,9.0,9.0
yolov8x,cate8-00454,21,22,half,8,9,11,22,9,9.0,8.0
yolov8x,cate8-00454,21,22,closed,8,9,22,22,8,9.0,8.0
yolov8x,cate8-00454,33,34,open,18,19,0,17,19,19.0,19.0
yolov8x,cate8-00454,33,34,half,18,19,8,17,19,19.0,19.0
yolov8x,cate8-00454,33,34,closed,18,19,17,17,18,19.0,19.0
yolov8x,cate8-00454,13,14,open,2,3,0,21,4,4.0,4.0
yolov8x,cate8-00454,13,14,half,2,3,10,21,3,4.0,3.0
yolov8x,cate8-00454,13,14,closed,2,3,21,21,3,4.0,2.0
yolov8x,cate9-00010,37,38,open,22,23,0,35,23,23.0,23.0
yolov8x,cate9-00010,37,38,half,22,23,18,35,23,23.0,23.0
yolov8x,cate9-00010,37,38,closed,22,23,35,35,15,23.0,23.0
yolov8x,cate9-00010,42,43,open,25,26,0,16,27,26.0,26.0
yolov8x,cate9-00010,42,43,half,25,26,8,16,26,26.0,26.0
yolov8x,cate9-00010,42,43,closed,25,26,16,16,26,26.0,26.0
yolov8x,cate9-00010,35,36,open,20,21,0,23,21,21.0,21.0
yolov8x,cate9-00010,35,36,half,20,21,12,23,20,21.0,21.0
yolov8x,cate9-00010,35,36,closed,20,21,23,23,20,21.0,21.0
yolov8x,cate9-00040,31,32,open,16,17,0,12,17,17.0,17.0
yolov8x,cate9-00040,31,32,half,16,17,6,12,17,17.0,17.0
yolov8x,cate9-00040,31,32,closed,16,17,12,12,17,17.0,17.0
yolov8x,cate9-00040,27,28,open,14,15,0,30,15,15.0,15.0
yolov8x,cate9-00040,27,28,half,14,15,15,30,15,15.0,15.0
yolov8x,cate9-00040,27,28,closed,14,15,30,30,15,15.0,14.0
yolov8x,cate9-00040,42,43,open,25,26,0,16,25,26.0,26.0
yolov8x,cate9-00040,42,43,half,25,26,8,16,25,26.0,26.0
yolov8x,cate9-00040,42,43,closed,25,26,16,16,24,26.0,26.0
yolov8x,cate1-00014,42,43,open,25,26,0,18,26,26.0,26.0
yolov8x,cate1-00014,42,43,half,25,26,9,18,25,26.0,26.0
yolov8x,cate1-00014,42,43,closed,25,26,18,18,24,26.0,26.0
yolov8x,cate1-00014,35,36,open,20,21,0,15,21,21.0,21.0
yolov8x,cate1-00014,35,36,half,20,21,8,15,21,21.0,21.0
yolov8x,cate1-00014,35,36,closed,20,21,15,15,21,21.0,21.0
yolov8x,cate1-00014,21,22,open,8,9,0,22,9,9.0,9.0
yolov8x,cate1-00014,21,22,half,8,9,11,22,9,9.0,8.0
yolov8x,cate1-00014,21,22,closed,8,9,22,22,8,9.0,8.0
yolov8x,cate1-00026,11,12,open,0,1,0,22,1,1.0,1.0
yolov8x,cate1-00026,11,12,half,0,1,11,22,0,1.0,0.0
yolov8x,cate1-00026,11,12,closed,0,1,22,22,0,1.0,0.0
yolov8x,cate1-00026,47,48,open,30,31,0,29,31,31.0,31.0
yolov8x,cate1-00026,47,48,half,30,31,14,29,31,31.0,31.0
yolov8x,cate1-00026,47,48,closed,30,31,29,29,31,31.0,31.0
yolov8x,cate1-00026,24,25,open,11,12,0,16,12,12.0,12.0
yolov8x,cate1-00026,24,25,half,11,12,8,16,12,12.0,12.0
yolov8x,cate1-00026,24,25,closed,11,12,16,16,11,12.0,11.0
yolov8x,cate1-00029,35,36,open,20,21,0,16,21,21.0,21.0
yolov8x,cate1-00029,35,36,half,20,21,8,16,21,21.0,21.0
yolov8x,cate1-00029,35,36,closed,20,21,16,16,20,21.0,21.0
yolov8x,cate1-00029,31,32,open,16,17,0,15,17,17.0,17.0
yolov8x,cate1-00029,31,32,half,16,17,8,15,16,17.0,17.0
yolov8x,cate1-00029,31,32,closed,16,17,15,15,16,17.0,16.0
yolov8x,cate1-00029,34,35,open,19,20,0,20,20,20.0,20.0
yolov8x,cate1-00029,34,35,half,19,20,10,20,19,20.0,19.0
yolov8x,cate1-00029,34,35,closed,19,20,20,20,19,20.0,19.0
yolov8x,cate1-00041,14,15,open,3,4,0,22,4,4.0,4.0
yolov8x,cate1-00041,14,15,half,3,4,11,22,4,4.0,
yolov8x,cate1-00041,14,15,closed,3,4,22,22,3,4.0,3.0
yolov8x,cate1-00041,32,33,open,17,18,0,18,18,18.0,18.0
yolov8x,cate1-00041,32,33,half,17,18,9,18,18,18.0,18.0
yolov8x,cate1-00041,32,33,closed,17,18,18,18,18,18.0,18.0
yolov8x,cate1-00041,37,38,open,22,23,0,31,23,23.0,23.0
yolov8x,cate1-00041,37,38,half,22,23,16,31,23,23.0,23.0
yolov8x,cate1-00041,37,38,closed,22,23,31,31,22,23.0,22.0
yolov8x,cate1-00068,31,32,open,16,17,0,15,17,17.0,17.0
yolov8x,cate1-00068,31,32,half,16,17,8,15,16,17.0,17.0
yolov8x,cate1-00068,31,32,closed,16,17,15,15,16,17.0,16.0
yolov8x,cate1-00068,44,45,open,27,28,0,21,28,28.0,28.0
yolov8x,cate1-00068,44,45,half,27,28,10,21,28,28.0,27.0
yolov8x,cate1-00068,44,45,closed,27,28,21,21,27,28.0,27.0
yolov8x,cate1-00068,15,16,open,4,5,0,19,5,5.0,5.0
yolov8x,cate1-00068,15,16,half,4,5,10,19,5,5.0,5.0
yolov8x,cate1-00068,15,16,closed,4,5,19,19,5,5.0,5.0
yolov8x,cate10-00018,36,37,open,21,22,0,30,22,22.0,22.0
yolov8x,cate10-00018,36,37,half,21,22,15,30,22,22.0,22.0
yolov8x,cate10-00018,36,37,closed,21,22,30,30,21,22.0,21.0
yolov8x,cate10-00018,33,34,open,18,19,0,11,19,19.0,19.0
yolov8x,cate10-00018,33,34,half,18,19,6,11,18,19.0,19.0
yolov8x,cate10-00018,33,34,closed,18,19,11,11,18,19.0,18.0
yolov8x,cate10-00018,42,43,open,25,26,0,7,26,26.0,26.0
yolov8x,cate10-00018,42,43,half,25,26,4,7,26,26.0,26.0
yolov8x,cate10-00018,42,43,closed,25,26,7,7,25,26.0,26.0
yolov8x,cate10-00024,42,43,open,25,26,0,16,26,27.0,27.0
yolov8x,cate10-00024,42,43,half,25,26,8,16,26,27.0,27.0
yolov8x,cate10-00024,42,43,closed,25,26,16,16,26,27.0,26.0
yolov8x,cate10-00024,11,12,open,0,1,0,20,1,1.0,0.0
yolov8x,cate10-00024,11,12,half,0,1,10,20,1,1.0,0.0
yolov8x,cate10-00024,11,12,closed,0,1,20,20,0,1.0,0.0
yolov8x,cate10-00024,23,24,open,10,11,0,16,11,11.0,11.0
yolov8x,cate10-00024,23,24,half,10,11,8,16,10,11.0,10.0
yolov8x,cate10-00024,23,24,closed,10,11,16,16,10,11.0,10.0
yolov8x,cate10-00034,31,32,open,16,17,0,9,0,17.0,17.0
yolov8x,cate10-00034,31,32,half,16,17,4,9,0,17.0,16.0
yolov8x,cate10-00034,31,32,closed,16,17,9,9,0,17.0,16.0
yolov8x,cate10-00034,42,43,open,25,26,0,13,3,26.0,26.0
yolov8x,cate10-00034,42,43,half,25,26,6,13,3,26.0,26.0
yolov8x,cate10-00034,42,43,closed,25,26,13,13,2,26.0,26.0
yolov8x,cate10-00034,33,34,open,18,19,0,23,9,19.0,19.0
yolov8x,cate10-00034,33,34,half,18,19,12,23,9,19.0,19.0
yolov8x,cate10-00034,33,34,closed,18,19,23,23,8,19.0,19.0
yolov8x,cate10-00084,17,18,open,6,7,0,14,7,7.0,7.0
yolov8x,cate10-00084,17,18,half,6,7,7,14,7,7.0,7.0
yolov8x,cate10-00084,17,18,closed,6,7,14,14,7,7.0,7.0
yolov8x,cate10-00084,12,13,open,1,2,0,9,2,2.0,2.0
yolov8x,cate10-00084,12,13,half,1,2,4,9,2,2.0,2.0
yolov8x,cate10-00084,12,13,closed,1,2,9,9,1,2.0,2.0
yolov8x,cate10-00084,26,27,open,13,14,0,29,14,14.0,14.0
yolov8x,cate10-00084,26,27,half,13,14,14,29,14,14.0,14.0
yolov8x,cate10-00084,26,27,closed,13,14,29,29,13,14.0,14.0
yolov8x,cate10-00090,34,35,open,19,20,0,30,20,20.0,20.0
yolov8x,cate10-00090,34,35,half,19,20,15,30,20,20.0,
yolov8x,cate10-00090,34,35,closed,19,20,30,30,20,20.0,19.0
yolov8x,cate10-00090,14,15,open,3,4,0,17,4,4.0,4.0
yolov8x,cate10-00090,14,15,half,3,4,8,17,4,4.0,
yolov8x,cate10-00090,14,15,closed,3,4,17,17,4,4.0,3.0
yolov8x,cate10-00090,43,44,open,26,27,0,21,27,27.0,27.0
yolov8x,cate10-00090,43,44,half,26,27,10,21,27,27.0,27.0
yolov8x,cate10-00090,43,44,closed,26,27,21,21,26,27.0,27.0
yolov8x,cate10-00096,14,15,open,3,4,0,5,2,4.0,4.0
yolov8x,cate10-00096,14,15,half,3,4,2,5,2,4.0,
yolov8x,cate10-00096,14,15,closed,3,4,5,5,2,4.0,
yolov8x,cate10-00096,46,47,open,29,30,0,31,30,30.0,30.0
yolov8x,cate10-00096,46,47,half,29,30,16,31,29,30.0,30.0
yolov8x,cate10-00096,46,47,closed,29,30,31,31,29,30.0,29.0
yolov8x,cate10-00096,16,17,open,5,6,0,30,6,6.0,6.0
yolov8x,cate10-00096,16,17,half,5,6,15,30,5,6.0,6.0
yolov8x,cate10-00096,16,17,closed,5,6,30,30,4,6.0,6.0
yolov8x,cate10-00114,34,35,open,19,20,0,13,20,20.0,20.0
yolov8x,cate10-00114,34,35,half,19,20,6,13,19,20.0,19.0
yolov8x,cate10-00114,34,35,closed,19,20,13,13,18,20.0,19.0
yolov8x,cate10-00114,31,32,open,16,17,0,9,18,17.0,17.0
yolov8x,cate10-00114,31,32,half,16,17,4,9,18,17.0,17.0
yolov8x,cate10-00114,31,32,closed,16,17,9,9,17,17.0,16.0
yolov8x,cate10-00114,45,46,open,28,29,0,13,29,29.0,29.0
yolov8x,cate10-00114,45,46,half,28,29,6,13,29,29.0,29.0
yolov8x,cate10-00114,45,46,closed,28,29,13,13,29,29.0,29.0
yolov8x,cate2-00007,21,22,open,8,9,0,17,9,9.0,9.0
yolov8x,cate2-00007,21,22,half,8,9,8,17,9,9.0,9.0
yolov8x,cate2-00007,21,22,closed,8,9,17,17,8,9.0,8.0
yolov8x,cate2-00007,36,37,open,21,22,0,33,22,22.0,22.0
yolov8x,cate2-00007,36,37,half,21,22,16,33,21,22.0,22.0
yolov8x,cate2-00007,36,37,closed,21,22,33,33,21,22.0,22.0
yolov8x,cate2-00007,45,46,open,28,29,0,21,29,29.0,29.0
yolov8x,cate2-00007,45,46,half,28,29,10,21,29,29.0,29.0
yolov8x,cate2-00007,45,46,closed,28,29,21,21,29,29.0,29.0
yolov8x,cate2-00012,43,44,open,26,27,0,16,27,27.0,27.0
yolov8x,cate2-00012,43,44,half,26,27,8,16,27,27.0,27.0
yolov8x,cate2-00012,43,44,closed,26,27,16,16,26,27.0,27.0
yolov8x,cate2-00012,27,28,open,14,15,0,28,15,15.0,15.0
yolov8x,cate2-00012,27,28,half,14,15,14,28,14,15.0,15.0
yolov8x,cate2-00012,27,28,closed,14,15,28,28,14,15.0,15.0
yolov8x,cate2-00012,34,35,open,19,20,0,14,20,20.0,20.0
yolov8x,cate2-00012,34,35,half,19,20,7,14,20,20.0,20.0
yolov8x,cate2-00012,34,35,closed,19,20,14,14,19,20.0,20.0
yolov8x,cate2-00017,33,34,open,18,19,0,20,19,19.0,19.0
yolov8x,cate2-00017,33,34,half,18,19,10,20,19,19.0,19.0
yolov8x,cate2-00017,33,34,closed,18,19,20,20,19,19.0,19.0
yolov8x,cate2-00017,36,37,open,21,22,0,32,22,22.0,22.0
yolov8x,cate2-00017,36,37,half,21,22,16,32,21,22.0,22.0
yolov8x,cate2-00017,36,37,closed,21,22,32,32,21,22.0,21.0
yolov8x,cate2-00017,44,45,open,27,28,0,13,28,28.0,28.0
yolov8x,cate2-00017,44,45,half,27,28,6,13,28,28.0,28.0
yolov8x,cate2-00017,44,45,closed,27,28,13,13,27,28.0,27.0
yolov8x,cate2-00024,31,32,open,16,17,0,15,17,17.0,17.0
yolov8x,cate2-00024,31,32,half,16,17,8,15,17,17.0,
yolov8x,cate2-00024,31,32,closed,16,17,15,15,16,17.0,16.0
yolov8x,cate2-00024,37,38,open,22,23,0,30,23,23.0,23.0
yolov8x,cate2-00024,37,38,half,22,23,15,30,23,23.0,23.0
yolov8x,cate2-00024,37,38,closed,22,23,30,30,23,23.0,22.0
yolov8x,cate2-00024,47,48,open,30,31,0,35,31,31.0,31.0
yolov8x,cate2-00024,47,48,half,30,31,18,35,31,31.0,31.0
yolov8x,cate2-00024,47,48,closed,30,31,35,35,31,31.0,31.0
yolov8x,cate2-00027,32,33,open,17,18,0,14,18,18.0,18.0
yolov8x,cate2-00027,32,33,half,17,18,7,14,18,18.0,18.0
yolov8x,cate2-00027,32,33,closed,17,18,14,14,18,18.0,18.0
yolov8x,cate2-00027,44,45,open,27,28,0,12,28,28.0,28.0
yolov8x,cate2-00027,44,45,half,27,28,6,12,27,28.0,28.0
yolov8x,cate2-00027,44,45,closed,27,28,12,12,27,28.0,27.0
yolov8x,cate2-00027,33,34,open,18,19,0,15,19,19.0,19.0
yolov8x,cate2-00027,33,34,half,18,19,8,15,18,19.0,19.0
yolov8x,cate2-00027,33,34,closed,18,19,15,15,18,19.0,19.0
yolov8x,cate2-00028,13,14,open,2,3,0,16,3,3.0,3.0
yolov8x,cate2-00028,13,14,half,2,3,8,16,3,3.0,3.0
yolov8x,cate2-00028,13,14,closed,2,3,16,16,3,3.0,2.0
yolov8x,cate2-00028,31,32,open,16,17,0,13,17,17.0,17.0
yolov8x,cate2-00028,31,32,half,16,17,6,13,17,17.0,
yolov8x,cate2-00028,31,32,closed,16,17,13,13,16,17.0,16.0
yolov8x,cate2-00028,12,13,open,1,2,0,16,2,2.0,2.0
yolov8x,cate2-00028,12,13,half,1,2,8,16,2,2.0,2.0
yolov8x,cate2-00028,12,13,closed,1,2,16,16,2,2.0,2.0
yolov8x,cate2-00030,12,13,open,1,2,0,16,2,2.0,2.0
yolov8x,cate2-00030,12,13,half,1,2,8,16,2,2.0,2.0
yolov8x,cate2-00030,12,13,closed,1,2,16,16,2,2.0,2.0
yolov8x,cate2-00030,44,45,open,27,28,0,16,28,28.0,28.0
yolov8x,cate2-00030,44,45,half,27,28,8,16,28,28.0,28.0
yolov8x,cate2-00030,44,45,closed,27,28,16,16,28,28.0,27.0
yolov8x,cate2-00030,36,37,open,21,22,0,31,22,22.0,22.0
yolov8x,cate2-00030,36,37,half,21,22,16,31,21,22.0,22.0
yolov8x,cate2-00030,36,37,closed,21,22,31,31,21,22.0,22.0
yolov8x,cate2-00102,12,13,open,1,2,0,15,2,2.0,2.0
yolov8x,cate2-00102,12,13,half,1,2,8,15,2,2.0,2.0
yolov8x,cate2-00102,12,13,closed,1,2,15,15,2,2.0,2.0
yolov8x,cate2-00102,35,36,open,20,21,0,21,22,21.0,21.0
yolov8x,cate2-00102,35,36,half,20,21,10,21,21,21.0,21.0
yolov8x,cate2-00102,35,36,closed,20,21,21,21,21,21.0,21.0
yolov8x,cate2-00102,41,42,open,24,25,0,14,25,25.0,
yolov8x,cate2-00102,41,42,half,24,25,7,14,25,25.0,25.0
yolov8x,cate2-00102,41,42,closed,24,25,14,14,25,25.0,25.0
yolov8x,cate2-00108,13,14,open,2,3,0,19,3,3.0,3.0
yolov8x,cate2-00108,13,14,half,2,3,10,19,3,3.0,2.0
yolov8x,cate2-00108,13,14,closed,2,3,19,19,2,3.0,2.0
yolov8x,cate2-00108,45,46,open,28,29,0,17,29,29.0,29.0
yolov8x,cate2-00108,45,46,half,28,29,8,17,29,29.0,29.0
yolov8x,cate2-00108,45,46,closed,28,29,17,17,28,29.0,29.0
yolov8x,cate2-00108,42,43,open,25,26,0,12,26,26.0,26.0
yolov8x,cate2-00108,42,43,half,25,26,6,12,26,26.0,26.0
yolov8x,cate2-00108,42,43,closed,25,26,12,12,26,26.0,25.0
yolov8x,cate2-00112,45,46,open,28,29,0,16,29,29.0,29.0
yolov8x,cate2-00112,45,46,half,28,29,8,16,29,29.0,29.0
yolov8x,cate2-00112,45,46,closed,28,29,16,16,29,29.0,29.0
yolov8x,cate2-00112,32,33,open,17,18,0,13,17,18.0,18.0
yolov8x,cate2-00112,32,33,half,17,18,6,13,17,18.0,18.0
yolov8x,cate2-00112,32,33,closed,17,18,13,13,17,18.0,18.0
yolov8x,cate2-00112,14,15,open,3,4,0,19,4,4.0,4.0
yolov8x,cate2-00112,14,15,half,3,4,10,19,4,4.0,4.0
yolov8x,cate2-00112,14,15,closed,3,4,19,19,3,4.0,3.0
yolov8x,cate2-00115,47,48,open,30,31,0,33,31,31.0,31.0
yolov8x,cate2-00115,47,48,half,30,31,16,33,31,31.0,31.0
yolov8x,cate2-00115,47,48,closed,30,31,33,33,31,31.0,31.0
yolov8x,cate2-00115,11,12,open,0,1,0,23,1,1.0,1.0
yolov8x,cate2-00115,11,12,half,0,1,12,23,1,1.0,1.0
yolov8x,cate2-00115,11,12,closed,0,1,23,23,0,1.0,1.0
yolov8x,cate2-00115,41,42,open,24,25,0,14,25,25.0,25.0
yolov8x,cate2-00115,41,42,half,24,25,7,14,25,25.0,24.0
yolov8x,cate2-00115,41,42,closed,24,25,14,14,25,25.0,24.0
yolov8x,cate2-00119,14,15,open,3,4,0,18,4,4.0,4.0
yolov8x,cate2-00119,14,15,half,3,4,9,18,4,4.0,4.0
yolov8x,cate2-00119,14,15,closed,3,4,18,18,3,4.0,3.0
yolov8x,cate2-00119,42,43,open,25,26,0,16,27,26.0,26.0
yolov8x,cate2-00119,42,43,half,25,26,8,16,26,26.0,26.0
yolov8x,cate2-00119,42,43,closed,25,26,16,16,26,26.0,26.0
yolov8x,cate2-00119,36,37,open,21,22,0,32,22,22.0,22.0
yolov8x,cate2-00119,36,37,half,21,22,16,32,22,22.0,22.0
yolov8x,cate2-00119,36,37,closed,21,22,32,32,21,22.0,22.0
yolov8x,cate2-00133,41,42,open,24,25,0,13,25,25.0,25.0
yolov8x,cate2-00133,41,42,half,24,25,6,13,24,25.0,25.0
yolov8x,cate2-00133,41,42,closed,24,25,13,13,24,25.0,24.0
yolov8x,cate2-00133,15,16,open,4,5,0,16,5,5.0,5.0
yolov8x,cate2-00133,15,16,half,4,5,8,16,5,5.0,5.0
yolov8x,cate2-00133,15,16,closed,4,5,16,16,5,5.0,5.0
yolov8x,cate2-00133,23,24,open,10,11,0,15,11,11.0,11.0
yolov8x,cate2-00133,23,24,half,10,11,8,15,10,11.0,11.0
yolov8x,cate2-00133,23,24,closed,10,11,15,15,10,11.0,11.0
yolov8x,cate2-00134,35,36,open,20,21,0,18,21,21.0,21.0
yolov8x,cate2-00134,35,36,half,20,21,9,18,21,21.0,21.0
yolov8x,cate2-00134,35,36,closed,20,21,18,18,21,21.0,21.0
yolov8x,cate2-00134,42,43,open,25,26,0,13,25,26.0,26.0
yolov8x,cate2-00134,42,43,half,25,26,6,13,25,26.0,26.0
yolov8x,cate2-00134,42,43,closed,25,26,13,13,24,26.0,26.0
yolov8x,cate2-00134,37,38,open,22,23,0,31,23,23.0,23.0
yolov8x,cate2-00134,37,38,half,22,23,16,31,23,23.0,23.0
yolov8x,cate2-00134,37,38,closed,22,23,31,31,23,23.0,22.0
yolov8x,cate3-00013,32,33,open,17,18,0,13,18,18.0,18.0
yolov8x,cate3-00013,32,33,half,17,18,6,13,18,18.0,18.0
yolov8x,cate3-00013,32,33,closed,17,18,13,13,17,18.0,18.0
yolov8x,cate3-00013,27,28,open,14,15,0,24,15,15.0,15.0
yolov8x,cate3-00013,27,28,half,14,15,12,24,15,15.0,15.0
yolov8x,cate3-00013,27,28,closed,14,15,24,24,14,15.0,14.0
yolov8x,cate3-00013,21,22,open,8,9,0,18,9,9.0,9.0
yolov8x,cate3-00013,21,22,half,8,9,9,18,8,9.0,8.0
yolov8x,cate3-00013,21,22,closed,8,9,18,18,8,9.0,8.0
yolov8x,cate3-00018,11,12,open,0,1,0,21,1,1.0,1.0
yolov8x,cate3-00018,11,12,half,0,1,10,21,0,1.0,1.0
yolov8x,cate3-00018,11,12,closed,0,1,21,21,0,1.0,0.0
yolov8x,cate3-00018,25,26,open,12,13,0,16,14,13.0,13.0
yolov8x,cate3-00018,25,26,half,12,13,8,16,13,13.0,13.0
yolov8x,cate3-00018,25,26,closed,12,13,16,16,13,13.0,13.0
yolov8x,cate3-00018,31,32,open,16,17,0,16,17,17.0,17.0
yolov8x,cate3-00018,31,32,half,16,17,8,16,17,17.0,17.0
yolov8x,cate3-00018,31,32,closed,16,17,16,16,16,17.0,16.0
yolov8x,cate3-00021,14,15,open,3,4,0,17,4,4.0,4.0
yolov8x,cate3-00021,14,15,half,3,4,8,17,4,4.0,4.0
yolov8x,cate3-00021,14,15,closed,3,4,17,17,4,4.0,3.0
yolov8x,cate3-00021,34,35,open,19,20,0,22,20,20.0,20.0
yolov8x,cate3-00021,34,35,half,19,20,11,22,20,20.0,20.0
yolov8x,cate3-00021,34,35,closed,19,20,22,22,19,20.0,19.0
yolov8x,cate3-00021,32,33,open,17,18,0,19,18,18.0,18.0
yolov8x,cate3-00021,32,33,half,17,18,10,19,18,18.0,18.0
yolov8x,cate3-00021,32,33,closed,17,18,19,19,18,18.0,18.0
yolov8x,cate4-00070,43,44,open,26,27,0,15,27,27.0,27.0
yolov8x,cate4-00070,43,44,half,26,27,8,15,27,27.0,27.0
yolov8x,cate4-00070,43,44,closed,26,27,15,15,26,27.0,26.0
yolov8x,cate4-00070,42,43,open,25,26,0,13,26,26.0,26.0
yolov8x,cate4-00070,42,43,half,25,26,6,13,25,26.0,26.0
yolov8x,cate4-00070,42,43,closed,25,26,13,13,25,26.0,26.0
yolov8x,cate4-00070,17,18,open,6,7,0,23,7,7.0,7.0
yolov8x,cate4-00070,17,18,half,6,7,12,23,7,7.0,7.0
yolov8x,cate4-00070,17,18,closed,6,7,23,23,7,7.0,7.0
yolov8x,cate4-00072,26,27,open,13,14,0,28,14,14.0,14.0
yolov8x,cate4-00072,26,27,half,13,14,14,28,14,14.0,14.0
yolov8x,cate4-00072,26,27,closed,13,14,28,28,14,14.0,13.0
yolov8x,cate4-00072,45,46,open,28,29,0,24,29,29.0,29.0
yolov8x,cate4-00072,45,46,half,28,29,12,24,29,29.0,29.0
yolov8x,cate4-00072,45,46,closed,28,29,24,24,29,29.0,29.0
yolov8x,cate4-00072,42,43,open,25,26,0,8,26,26.0,26.0
yolov8x,cate4-00072,42,43,half,25,26,4,8,25,26.0,26.0
yolov8x,cate4-00072,42,43,closed,25,26,8,8,25,26.0,26.0
yolov8x,cate4-00075,25,26,open,12,13,0,17,13,13.0,13.0
yolov8x,cate4-00075,25,26,half,12,13,8,17,13,13.0,13.0
yolov8x,cate4-00075,25,26,closed,12,13,17,17,13,13.0,13.0
yolov8x,cate4-00075,16,17,open,5,6,0,25,6,6.0,6.0
yolov8x,cate4-00075,16,17,half,5,6,12,25,6,6.0,6.0
yolov8x,cate4-00075,16,17,closed,5,6,25,25,6,6.0,
yolov8x,cate4-00075,31,32,open,16,17,0,12,17,17.0,17.0
yolov8x,cate4-00075,31,32,half,16,17,6,12,16,17.0,17.0
yolov8x,cate4-00075,31,32,closed,16,17,12,12,16,17.0,16.0
yolov8x,cate4-00088,11,12,open,0,1,0,11,1,1.0,1.0
yolov8x,cate4-00088,11,12,half,0,1,6,11,1,1.0,1.0
yolov8x,cate4-00088,11,12,closed,0,1,11,11,0,1.0,1.0
yolov8x,cate4-00088,42,43,open,25,26,0,8,26,26.0,26.0
yolov8x,cate4-00088,42,43,half,25,26,4,8,26,26.0,26.0
yolov8x,cate4-00088,42,43,closed,25,26,8,8,26,26.0,26.0
yolov8x,cate4-00088,43,44,open,26,27,0,11,26,27.0,27.0
yolov8x,cate4-00088,43,44,half,26,27,6,11,26,27.0,27.0
yolov8x,cate4-00088,43,44,closed,26,27,11,11,25,27.0,27.0
yolov8x,cate4-00100,24,25,open,11,12,0,13,12,12.0,12.0
yolov8x,cate4-00100,24,25,half,11,12,6,13,12,12.0,12.0
yolov8x,cate4-00100,24,25,closed,11,12,13,13,12,12.0,11.0
yolov8x,cate4-00100,16,17,open,5,6,0,29,6,6.0,6.0
yolov8x,cate4-00100,16,17,half,5,6,14,29,6,6.0,6.0
yolov8x,cate4-00100,16,17,closed,5,6,29,29,5,6.0,5.0
yolov8x,cate4-00100,44,45,open,27,28,0,17,28,28.0,28.0
yolov8x,cate4-00100,44,45,half,27,28,8,17,28,28.0,28.0
yolov8x,cate4-00100,44,45,closed,27,28,17,17,28,28.0,27.0
yolov8x,cate4-00102,31,32,open,16,17,0,8,17,17.0,17.0
yolov8x,cate4-00102,31,32,half,16,17,4,8,17,17.0,17.0
yolov8x,cate4-00102,31,32,closed,16,17,8,8,16,17.0,17.0
yolov8x,cate4-00102,22,23,open,9,10,0,15,10,10.0,10.0
yolov8x,cate4-00102,22,23,half,9,10,8,15,10,10.0,10.0
yolov8x,cate4-00102,22,23,closed,9,10,15,15,10,10.0,10.0
yolov8x,cate4-00102,47,48,open,30,31,0,40,31,31.0,31.0
yolov8x,cate4-00102,47,48,half,30,31,20,40,31,31.0,31.0
yolov8x,cate4-00102,47,48,closed,30,31,40,40,31,31.0,31.0
yolov8x,cate4-00107,23,24,open,10,11,0,16,11,11.0,11.0
yolov8x,cate4-00107,23,24,half,10,11,8,16,11,11.0,11.0
yolov8x,cate4-00107,23,24,closed,10,11,16,16,10,11.0,11.0
yolov8x,cate4-00107,13,14,open,2,3,0,16,3,3.0,3.0
yolov8x,cate4-00107,13,14,half,2,3,8,16,3,3.0,2.0
yolov8x,cate4-00107,13,14,closed,2,3,16,16,2,3.0,3.0
yolov8x,cate4-00107,43,44,open,26,27,0,20,27,27.0,27.0
yolov8x,cate4-00107,43,44,half,26,27,10,20,27,27.0,27.0
yolov8x,cate4-00107,43,44,closed,26,27,20,20,26,27.0,27.0
yolov8x,cate5-00030,44,45,open,27,28,0,17,27,28.0,28.0
yolov8x,cate5-00030,44,45,half,27,28,8,17,27,28.0,27.0
yolov8x,cate5-00030,44,45,closed,27,28,17,17,27,28.0,27.0
yolov8x,cate5-00030,42,43,open,25,26,0,15,26,26.0,26.0
yolov8x,cate5-00030,42,43,half,25,26,8,15,25,26.0,26.0
yolov8x,cate5-00030,42,43,closed,25,26,15,15,25,26.0,26.0
yolov8x,cate5-00030,37,38,open,22,23,0,26,23,23.0,23.0
yolov8x,cate5-00030,37,38,half,22,23,13,26,23,23.0,23.0
yolov8x,cate5-00030,37,38,closed,22,23,26,26,22,23.0,22.0
yolov8x,cate5-00036,11,12,open,0,1,0,28,1,1.0,1.0
yolov8x,cate5-00036,11,12,half,0,1,14,28,1,1.0,
yolov8x,cate5-00036,11,12,closed,0,1,28,28,0,1.0,0.0
yolov8x,cate5-00036,22,23,open,9,10,0,17,10,10.0,10.0
yolov8x,cate5-00036,22,23,half,9,10,8,17,9,10.0,10.0
yolov8x,cate5-00036,22,23,closed,9,10,17,17,9,10.0,10.0
yolov8x,cate5-00036,46,47,open,29,30,0,28,30,30.0,30.0
yolov8x,cate5-00036,46,47,half,29,30,14,28,30,30.0,30.0
yolov8x,cate5-00036,46,47,closed,29,30,28,28,5,30.0,29.0
yolov8x,cate5-00049,41,42,open,24,25,0,14,26,,
yolov8x,cate5-00049,41,42,half,24,25,7,14,25,,25.0
yolov8x,cate5-00049,41,42,closed,24,25,14,14,25,,25.0
yolov8x,cate5-00049,32,33,open,17,18,0,22,18,18.0,18.0
yolov8x,cate5-00049,32,33,half,17,18,11,22,18,18.0,18.0
yolov8x,cate5-00049,32,33,closed,17,18,22,22,18,18.0,18.0
yolov8x,cate5-00049,12,13,open,1,2,0,24,2,2.0,2.0
yolov8x,cate5-00049,12,13,half,1,2,12,24,2,2.0,2.0
yolov8x,cate5-00049,12,13,closed,1,2,24,24,2,2.0,2.0
yolov8x,cate5-00066,31,32,open,16,17,0,10,17,17.0,17.0
yolov8x,cate5-00066,31,32,half,16,17,5,10,16,17.0,17.0
yolov8x,cate5-00066,31,32,closed,16,17,10,10,16,17.0,17.0
yolov8x,cate5-00066,32,33,open,17,18,0,11,17,18.0,18.0
yolov8x,cate5-00066,32,33,half,17,18,6,11,17,18.0,18.0
yolov8x,cate5-00066,32,33,closed,17,18,11,11,17,18.0,18.0
yolov8x,cate5-00066,41,42,open,24,25,0,11,25,,
yolov8x,cate5-00066,41,42,half,24,25,6,11,24,,
yolov8x,cate5-00066,41,42,closed,24,25,11,11,24,,
yolov8x,cate5-00079,15,16,open,4,5,0,19,5,5.0,5.0
yolov8x,cate5-00079,15,16,half,4,5,10,19,5,5.0,5.0
yolov8x,cate5-00079,15,16,closed,4,5,19,19,4,5.0,5.0
yolov8x,cate5-00079,22,23,open,9,10,0,17,10,10.0,10.0
yolov8x,cate5-00079,22,23,half,9,10,8,17,9,10.0,10.0
yolov8x,cate5-00079,22,23,closed,9,10,17,17,9,10.0,9.0
yolov8x,cate5-00079,31,32,open,16,17,0,14,16,17.0,17.0
yolov8x,cate5-00079,31,32,half,16,17,7,14,16,17.0,
yolov8x,cate5-00079,31,32,closed,16,17,14,14,16,17.0,16.0
yolov8x,cate5-00090,32,33,open,17,18,0,18,18,18.0,18.0
yolov8x,cate5-00090,32,33,half,17,18,9,18,18,18.0,18.0
yolov8x,cate5-00090,32,33,closed,17,18,18,18,18,18.0,18.0
yolov8x,cate5-00090,43,44,open,26,27,0,19,27,27.0,27.0
yolov8x,cate5-00090,43,44,half,26,27,10,19,27,27.0,27.0
yolov8x,cate5-00090,43,44,closed,26,27,19,19,26,27.0,26.0
yolov8x,cate5-00090,31,32,open,16,17,0,15,17,17.0,17.0
yolov8x,cate5-00090,31,32,half,16,17,8,15,16,17.0,17.0
yolov8x,cate5-00090,31,32,closed,16,17,15,15,16,17.0,16.0
yolov8x,cate6-00009,16,17,open,5,6,0,23,5,6.0,6.0
yolov8x,cate6-00009,16,17,half,5,6,12,23,5,6.0,6.0
yolov8x,cate6-00009,16,17,closed,5,6,23,23,5,6.0,6.0
yolov8x,cate6-00009,46,47,open,29,30,0,29,30,30.0,30.0
yolov8x,cate6-00009,46,47,half,29,30,14,29,29,30.0,29.0
yolov8x,cate6-00009,46,47,closed,29,30,29,29,29,30.0,29.0
yolov8x,cate6-00009,32,33,open,17,18,0,14,17,17.0,17.0
yolov8x,cate6-00009,32,33,half,17,18,7,14,16,17.0,17.0
yolov8x,cate6-00009,32,33,closed,17,18,14,14,16,17.0,17.0
yolov8x,cate6-00063,41,42,open,24,25,0,11,25,25.0,25.0
yolov8x,cate6-00063,41,42,half,24,25,6,11,25,25.0,24.0
yolov8x,cate6-00063,41,42,closed,24,25,11,11,24,25.0,24.0
yolov8x,cate6-00063,13,14,open,2,3,0,6,3,3.0,3.0
yolov8x,cate6-00063,13,14,half,2,3,3,6,3,3.0,2.0
yolov8x,cate6-00063,13,14,closed,2,3,6,6,3,3.0,2.0
yolov8x,cate6-00063,12,13,open,1,2,0,19,2,2.0,2.0
yolov8x,cate6-00063,12,13,half,1,2,10,19,2,2.0,2.0
yolov8x,cate6-00063,12,13,closed,1,2,19,19,1,2.0,1.0
yolov8x,cate6-00101,31,32,open,16,17,0,15,17,17.0,17.0
yolov8x,cate6-00101,31,32,half,16,17,8,15,17,17.0,17.0
yolov8x,cate6-00101,31,32,closed,16,17,15,15,17,17.0,16.0
yolov8x,cate6-00101,41,42,open,24,25,0,14,25,25.0,25.0
yolov8x,cate6-00101,41,42,half,24,25,7,14,25,25.0,25.0
yolov8x,cate6-00101,41,42,closed,24,25,14,14,24,25.0,25.0
yolov8x,cate6-00101,32,33,open,17,18,0,16,18,18.0,18.0
yolov8x,cate6-00101,32,33,half,17,18,8,16,18,18.0,18.0
yolov8x,cate6-00101,32,33,closed,17,18,16,16,18,18.0,18.0
yolov8x,cate6-00105,37,38,open,22,23,0,33,23,23.0,23.0
yolov8x,cate6-00105,37,38,half,22,23,16,33,23,23.0,23.0
yolov8x,cate6-00105,37,38,closed,22,23,33,33,23,23.0,23.0
yolov8x,cate6-00105,43,44,open,26,27,0,21,27,27.0,27.0
yolov8x,cate6-00105,43,44,half,26,27,10,21,27,27.0,27.0
yolov8x,cate6-00105,43,44,closed,26,27,21,21,27,27.0,27.0
yolov8x,cate6-00105,15,16,open,4,5,0,23,5,5.0,5.0
yolov8x,cate6-00105,15,16,half,4,5,12,23,5,5.0,5.0
yolov8x,cate6-00105,15,16,closed,4,5,23,23,5,5.0,5.0
yolov8x,cate6-00151,13,14,open,2,3,0,15,4,3.0,3.0
yolov8x,cate6-00151,13,14,half,2,3,8,15,3,3.0,3.0
yolov8x,cate6-00151,13,14,closed,2,3,15,15,2,3.0,3.0
yolov8x,cate6-00151,21,22,open,8,9,0,30,9,9.0,8.0
yolov8x,cate6-00151,21,22,half,8,9,15,30,9,9.0,8.0
yolov8x,cate6-00151,21,22,closed,8,9,30,30,8,9.0,8.0
yolov8x,cate6-00153,43,44,open,26,27,0,2,28,27.0,
yolov8x,cate6-00153,43,44,half,26,27,1,2,28,27.0,27.0
yolov8x,cate6-00153,43,44,closed,26,27,2,2,27,27.0,27.0
yolov8x,cate6-00153,36,37,open,21,22,0,29,22,22.0,22.0
yolov8x,cate6-00153,36,37,half,21,22,14,29,22,22.0,22.0
yolov8x,cate6-00153,36,37,closed,21,22,29,29,21,22.0,21.0
yolov8x,cate6-00153,22,23,open,9,10,0,17,11,10.0,10.0
yolov8x,cate6-00153,22,23,half,9,10,8,17,10,10.0,10.0
yolov8x,cate6-00153,22,23,closed,9,10,17,17,10,10.0,10.0
yolov8x,cate7-00011,21,22,open,8,9,0,20,9,9.0,8.0
yolov8x,cate7-00011,21,22,half,8,9,10,20,9,9.0,8.0
yolov8x,cate7-00011,21,22,closed,8,9,20,20,8,9.0,8.0
yolov8x,cate7-00011,34,35,open,19,20,0,20,20,20.0,20.0
yolov8x,cate7-00011,34,35,half,19,20,10,20,20,20.0,19.0
yolov8x,cate7-00011,34,35,closed,19,20,20,20,19,20.0,19.0
yolov8x,cate7-00011,31,32,open,16,17,0,13,17,17.0,17.0
yolov8x,cate7-00011,31,32,half,16,17,6,13,16,17.0,17.0
yolov8x,cate7-00011,31,32,closed,16,17,13,13,24,17.0,17.0
yolov8x,cate7-00025,24,25,open,11,12,0,11,13,12.0,12.0
yolov8x,cate7-00025,24,25,half,11,12,6,11,13,12.0,12.0
yolov8x,cate7-00025,24,25,closed,11,12,11,11,11,12.0,11.0
yolov8x,cate7-00025,43,44,open,26,27,0,18,27,27.0,27.0
yolov8x,cate7-00025,43,44,half,26,27,9,18,27,27.0,27.0
yolov8x,cate7-00025,43,44,closed,26,27,18,18,26,27.0,27.0
yolov8x,cate7-00025,13,14,open,2,3,0,17,3,3.0,3.0
yolov8x,cate7-00025,13,14,half,2,3,8,17,3,3.0,3.0
yolov8x,cate7-00025,13,14,closed,2,3,17,17,2,3.0,3.0
yolov8x,cate7-00074,44,45,open,27,28,0,17,28,28.0,28.0
yolov8x,cate7-00074,44,45,half,27,28,8,17,28,28.0,28.0
yolov8x,cate7-00074,44,45,closed,27,28,17,17,28,28.0,27.0
yolov8x,cate7-00074,22,23,open,9,10,0,18,10,10.0,10.0
yolov8x,cate7-00074,22,23,half,9,10,9,18,10,10.0,10.0
yolov8x,cate7-00074,22,23,closed,9,10,18,18,10,10.0,10.0
yolov8x,cate7-00074,43,44,open,26,27,0,17,27,27.0,27.0
yolov8x,cate7-00074,43,44,half,26,27,8,17,27,27.0,27.0
yolov8x,cate7-00074,43,44,closed,26,27,17,17,27,27.0,27.0
yolov8x,cate7-00076,26,27,open,13,14,0,28,14,14.0,14.0
yolov8x,cate7-00076,26,27,half,13,14,14,28,14,14.0,14.0
yolov8x,cate7-00076,26,27,closed,13,14,28,28,13,14.0,13.0
yolov8x,cate7-00076,41,42,open,24,25,0,11,25,25.0,25.0
yolov8x,cate7-00076,41,42,half,24,25,6,11,25,25.0,25.0
yolov8x,cate7-00076,41,42,closed,24,25,11,11,24,25.0,25.0
yolov8x,cate7-00076,21,22,open,8,9,0,16,9,9.0,9.0
yolov8x,cate7-00076,21,22,half,8,9,8,16,9,9.0,9.0
yolov8x,cate7-00076,21,22,closed,8,9,16,16,8,9.0,8.0
yolov8x,cate7-00097,34,35,open,19,20,0,18,20,20.0,20.0
yolov8x,cate7-00097,34,35,half,19,20,9,18,20,20.0,19.0
yolov8x,cate7-00097,34,35,closed,19,20,18,18,19,20.0,19.0
yolov8x,cate7-00097,11,12,open,0,1,0,23,2,1.0,1.0
yolov8x,cate7-00097,11,12,half,0,1,12,23,0,1.0,1.0
yolov8x,cate7-00097,11,12,closed,0,1,23,23,0,1.0,0.0
yolov8x,cate7-00097,21,22,open,8,9,0,24,9,9.0,9.0
yolov8x,cate7-00097,21,22,half,8,9,12,24,9,9.0,
yolov8x,cate7-00097,21,22,closed,8,9,24,24,8,9.0,8.0
yolov8x,cate7-00105,11,12,open,0,1,0,21,1,1.0,1.0
yolov8x,cate7-00105,11,12,half,0,1,10,21,0,1.0,1.0
yolov8x,cate7-00105,11,12,closed,0,1,21,21,0,1.0,
yolov8x,cate7-00105,22,23,open,9,10,0,18,10,10.0,10.0
yolov8x,cate7-00105,22,23,half,9,10,9,18,10,10.0,10.0
yolov8x,cate7-00105,22,23,closed,9,10,18,18,10,10.0,10.0
yolov8x,cate7-00105,17,18,open,6,7,0,22,6,7.0,7.0
yolov8x,cate7-00105,17,18,half,6,7,11,22,6,7.0,7.0
yolov8x,cate7-00105,17,18,closed,6,7,22,22,6,7.0,6.0
yolov8x,cate8-00017,41,42,open,24,25,0,8,24,25.0,25.0
yolov8x,cate8-00017,41,42,half,24,25,4,8,24,25.0,25.0
yolov8x,cate8-00017,41,42,closed,24,25,8,8,24,25.0,24.0
yolov8x,cate8-00017,23,24,open,10,11,0,19,11,11.0,11.0
yolov8x,cate8-00017,23,24,half,10,11,10,19,10,11.0,11.0
yolov8x,cate8-00017,23,24,closed,10,11,19,19,10,11.0,10.0
yolov8x,cate8-00017,45,46,open,28,29,0,24,29,29.0,29.0
yolov8x,cate8-00017,45,46,half,28,29,12,24,29,29.0,29.0
yolov8x,cate8-00017,45,46,closed,28,29,24,24,28,29.0,29.0
yolov8x,cate8-00029,32,33,open,17,18,0,13,18,18.0,18.0
yolov8x,cate8-00029,32,33,half,17,18,6,13,18,18.0,18.0
yolov8x,cate8-00029,32,33,closed,17,18,13,13,18,18.0,18.0
yolov8x,cate8-00029,22,23,open,9,10,0,20,12,11.0,
yolov8x,cate8-00029,22,23,half,9,10,10,20,9,11.0,11.0
yolov8x,cate8-00029,22,23,closed,9,10,20,20,9,11.0,11.0
yolov8x,cate8-00029,34,35,open,19,20,0,17,19,20.0,20.0
yolov8x,cate8-00029,34,35,half,19,20,8,17,19,20.0,20.0
yolov8x,cate8-00029,34,35,closed,19,20,17,17,19,20.0,19.0
yolov8x,cate8-00053,45,46,open,28,29,0,21,29,29.0,29.0
yolov8x,cate8-00053,45,46,half,28,29,10,21,29,29.0,29.0
yolov8x,cate8-00053,45,46,closed,28,29,21,21,29,29.0,29.0
yolov8x,cate8-00053,21,22,open,8,9,0,29,9,9.0,9.0
yolov8x,cate8-00053,21,22,half,8,9,14,29,9,9.0,9.0
yolov8x,cate8-00053,21,22,closed,8,9,29,29,8,9.0,8.0
yolov8x,cate8-00053,46,47,open,29,30,0,32,30,30.0,30.0
yolov8x,cate8-00053,46,47,half,29,30,16,32,30,30.0,30.0
yolov8x,cate8-00053,46,47,closed,29,30,32,32,29,30.0,29.0
yolov8x,cate8-00059,47,48,open,30,31,0,32,31,31.0,31.0
yolov8x,cate8-00059,47,48,half,30,31,16,32,31,31.0,31.0
yolov8x,cate8-00059,47,48,closed,30,31,32,32,31,31.0,31.0
yolov8x,cate8-00059,13,14,open,2,3,0,21,3,3.0,3.0
yolov8x,cate8-00059,13,14,half,2,3,10,21,3,3.0,3.0
yolov8x,cate8-00059,13,14,closed,2,3,21,21,2,3.0,2.0
yolov8x,cate8-00059,31,32,open,16,17,0,16,17,17.0,17.0
yolov8x,cate8-00059,31,32,half,16,17,8,16,17,17.0,17.0
yolov8x,cate8-00059,31,32,closed,16,17,16,16,16,17.0,16.0
yolov8x,cate8-00065,22,23,open,9,10,0,15,10,10.0,10.0
yolov8x,cate8-00065,22,23,half,9,10,8,15,9,10.0,10.0
yolov8x,cate8-00065,22,23,closed,9,10,15,15,9,10.0,10.0
yolov8x,cate8-00065,33,34,open,18,19,0,13,19,19.0,19.0
yolov8x,cate8-00065,33,34,half,18,19,6,13,18,19.0,19.0
yolov8x,cate8-00065,33,34,closed,18,19,13,13,17,19.0,
yolov8x,cate8-00065,44,45,open,27,28,0,15,28,28.0,28.0
yolov8x,cate8-00065,44,45,half,27,28,8,15,27,28.0,27.0
yolov8x,cate8-00065,44,45,closed,27,28,15,15,27,28.0,27.0
yolov8x,cate8-00107,33,34,open,18,19,0,19,19,19.0,19.0
yolov8x,cate8-00107,33,34,half,18,19,10,19,19,19.0,19.0
yolov8x,cate8-00107,33,34,closed,18,19,19,19,19,19.0,18.0
yolov8x,cate8-00107,13,14,open,2,3,0,21,3,3.0,3.0
yolov8x,cate8-00107,13,14,half,2,3,10,21,3,3.0,3.0
yolov8x,cate8-00107,13,14,closed,2,3,21,21,2,3.0,3.0
yolov8x,cate8-00107,25,26,open,12,13,0,16,13,13.0,13.0
yolov8x,cate8-00107,25,26,half,12,13,8,16,13,13.0,13.0
yolov8x,cate8-00107,25,26,closed,12,13,16,16,13,13.0,13.0
yolov8x,cate8-00155,31,32,open,16,17,0,14,16,17.0,17.0
yolov8x,cate8-00155,31,32,half,16,17,7,14,16,17.0,17.0
yolov8x,cate8-00155,31,32,closed,16,17,14,14,16,17.0,16.0
yolov8x,cate8-00155,45,46,open,28,29,0,24,30,29.0,30.0
yolov8x,cate8-00155,45,46,half,28,29,12,24,29,29.0,29.0
yolov8x,cate8-00155,45,46,closed,28,29,24,24,29,29.0,28.0
yolov8x,cate8-00155,12,13,open,1,2,0,19,3,2.0,2.0
yolov8x,cate8-00155,12,13,half,1,2,10,19,3,2.0,2.0
yolov8x,cate8-00155,12,13,closed,1,2,19,19,2,2.0,2.0
yolov8x,cate8-00161,33,34,open,18,19,0,17,19,19.0,19.0
yolov8x,cate8-00161,33,34,half,18,19,8,17,18,19.0,18.0
yolov8x,cate8-00161,33,34,closed,18,19,17,17,17,19.0,18.0
yolov8x,cate8-00161,31,32,open,16,17,0,12,17,17.0,17.0
yolov8x,cate8-00161,31,32,half,16,17,6,12,16,17.0,
yolov8x,cate8-00161,31,32,closed,16,17,12,12,16,17.0,
yolov8x,cate8-00161,42,43,open,25,26,0,12,26,27.0,
yolov8x,cate8-00161,42,43,half,25,26,6,12,26,27.0,
yolov8x,cate8-00161,42,43,closed,25,26,12,12,25,27.0,
yolov8x,cate8-00173,13,14,open,2,3,0,16,3,3.0,4.0
yolov8x,cate8-00173,13,14,half,2,3,8,16,3,3.0,3.0
yolov8x,cate8-00173,13,14,closed,2,3,16,16,3,3.0,2.0
yolov8x,cate8-00173,35,36,open,20,21,0,17,22,21.0,21.0
yolov8x,cate8-00173,35,36,half,20,21,8,17,21,21.0,21.0
yolov8x,cate8-00173,35,36,closed,20,21,17,17,21,21.0,21.0
yolov8x,cate8-00173,27,28,open,14,15,0,28,15,15.0,15.0
yolov8x,cate8-00173,27,28,half,14,15,14,28,15,15.0,15.0
yolov8x,cate8-00173,27,28,closed,14,15,28,28,15,15.0,15.0
yolov8x,cate8-00195,15,16,open,4,5,0,17,5,5.0,5.0
yolov8x,cate8-00195,15,16,half,4,5,8,17,5,5.0,5.0
yolov8x,cate8-00195,15,16,closed,4,5,17,17,5,5.0,5.0
yolov8x,cate8-00202,36,37,open,21,22,0,36,22,22.0,22.0
yolov8x,cate8-00202,36,37,half,21,22,18,36,22,22.0,22.0
yolov8x,cate8-00202,36,37,closed,21,22,36,36,21,22.0,22.0
yolov8x,cate8-00202,41,42,open,24,25,0,10,25,25.0,25.0
yolov8x,cate8-00202,41,42,half,24,25,5,10,25,25.0,25.0
yolov8x,cate8-00202,41,42,closed,24,25,10,10,24,25.0,25.0
yolov8x,cate8-00202,44,45,open,27,28,0,25,28,28.0,28.0
yolov8x,cate8-00202,44,45,half,27,28,12,25,28,28.0,27.0
yolov8x,cate8-00202,44,45,closed,27,28,25,25,27,28.0,27.0
yolov8x,cate8-00203,14,15,open,3,4,0,19,4,4.0,4.0
yolov8x,cate8-00203,14,15,half,3,4,10,19,4,4.0,
yolov8x,cate8-00203,14,15,closed,3,4,19,19,4,4.0,3.0
yolov8x,cate8-00203,25,26,open,12,13,0,20,13,13.0,13.0
yolov8x,cate8-00203,25,26,half,12,13,10,20,13,13.0,13.0
yolov8x,cate8-00203,25,26,closed,12,13,20,20,13,13.0,13.0
yolov8x,cate8-00203,26,27,open,13,14,0,29,14,14.0,14.0
yolov8x,cate8-00203,26,27,half,13,14,14,29,14,14.0,14.0
yolov8x,cate8-00203,26,27,closed,13,14,29,29,13,14.0,13.0
yolov8x,cate8-00209,43,44,open,26,27,0,21,27,27.0,27.0
yolov8x,cate8-00209,43,44,half,26,27,10,21,26,27.0,27.0
yolov8x,cate8-00209,43,44,closed,26,27,21,21,26,27.0,27.0
yolov8x,cate8-00209,25,26,open,12,13,0,16,13,,
yolov8x,cate8-00209,25,26,half,12,13,8,16,13,,
yolov8x,cate8-00209,25,26,closed,12,13,16,16,13,,
yolov8x,cate8-00209,26,27,open,13,14,0,26,14,14.0,14.0
yolov8x,cate8-00209,26,27,half,13,14,13,26,14,14.0,14.0
yolov8x,cate8-00209,26,27,closed,13,14,26,26,14,14.0,13.0
yolov8x,cate8-00231,44,45,open,27,28,0,22,28,28.0,28.0
yolov8x,cate8-00231,44,45,half,27,28,11,22,28,28.0,28.0
yolov8x,cate8-00231,44,45,closed,27,28,22,22,27,28.0,27.0
yolov8x,cate8-00231,12,13,open,1,2,0,15,2,2.0,2.0
yolov8x,cate8-00231,12,13,half,1,2,8,15,1,2.0,2.0
yolov8x,cate8-00231,12,13,closed,1,2,15,15,1,2.0,2.0
yolov8x,cate8-00231,34,35,open,19,20,0,21,20,20.0,20.0
yolov8x,cate8-00231,34,35,half,19,20,10,21,19,20.0,19.0
yolov8x,cate8-00231,34,35,closed,19,20,21,21,18,20.0,19.0
yolov8x,cate8-00251,16,17,open,5,6,0,25,5,6.0,6.0
yolov8x,cate8-00251,16,17,half,5,6,12,25,5,6.0,6.0
yolov8x,cate8-00251,16,17,closed,5,6,25,25,5,6.0,5.0
yolov8x,cate8-00251,26,27,open,13,14,0,26,14,14.0,14.0
yolov8x,cate8-00251,26,27,half,13,14,13,26,14,14.0,14.0
yolov8x,cate8-00251,26,27,closed,13,14,26,26,12,14.0,13.0
yolov8x,cate8-00251,21,22,open,8,9,0,16,9,9.0,9.0
yolov8x,cate8-00251,21,22,half,8,9,8,16,9,9.0,9.0
yolov8x,cate8-00251,21,22,closed,8,9,16,16,8,9.0,
yolov8x,cate8-00263,34,35,open,19,20,0,16,19,20.0,20.0
yolov8x,cate8-00263,34,35,half,19,20,8,16,19,20.0,20.0
yolov8x,cate8-00263,34,35,closed,19,20,16,16,19,20.0,19.0
yolov8x,cate8-00263,44,45,open,27,28,0,10,27,28.0,28.0
yolov8x,cate8-00263,44,45,half,27,28,5,10,27,28.0,27.0
yolov8x,cate8-00263,44,45,closed,27,28,10,10,27,28.0,28.0
yolov8x,cate8-00263,41,42,open,24,25,0,12,25,25.0,25.0
yolov8x,cate8-00263,41,42,half,24,25,6,12,24,25.0,25.0
yolov8x,cate8-00263,41,42,closed,24,25,12,12,24,25.0,
yolov8x,cate8-00269,32,33,open,17,18,0,23,18,18.0,18.0
yolov8x,cate8-00269,32,33,half,17,18,12,23,18,18.0,18.0
yolov8x,cate8-00269,32,33,closed,17,18,23,23,17,18.0,18.0
yolov8x,cate8-00269,27,28,open,14,15,0,20,15,15.0,15.0
yolov8x,cate8-00269,27,28,half,14,15,10,20,14,15.0,15.0
yolov8x,cate8-00269,27,28,closed,14,15,20,20,14,15.0,15.0
yolov8x,cate8-00269,11,12,open,0,1,0,19,1,1.0,1.0
yolov8x,cate8-00269,11,12,half,0,1,10,19,0,1.0,1.0
yolov8x,cate8-00269,11,12,closed,0,1,19,19,0,1.0,0.0
yolov8x,cate8-00275,31,32,open,16,17,0,21,16,17.0,17.0
yolov8x,cate8-00275,31,32,half,16,17,10,21,16,17.0,17.0
yolov8x,cate8-00275,31,32,closed,16,17,21,21,24,17.0,16.0
yolov8x,cate8-00275,25,26,open,12,13,0,14,12,13.0,13.0
yolov8x,cate8-00275,25,26,half,12,13,7,14,12,13.0,13.0
yolov8x,cate8-00275,25,26,closed,12,13,14,14,12,13.0,13.0
yolov8x,cate8-00275,15,16,open,4,5,0,15,6,5.0,5.0
yolov8x,cate8-00275,15,16,half,4,5,8,15,6,5.0,5.0
yolov8x,cate8-00275,15,16,closed,4,5,15,15,6,5.0,5.0
yolov8x,cate8-00303,42,43,open,25,26,0,20,26,26.0,26.0
yolov8x,cate8-00303,42,43,half,25,26,10,20,26,26.0,26.0
yolov8x,cate8-00303,42,43,closed,25,26,20,20,25,26.0,26.0
yolov8x,cate8-00303,34,35,open,19,20,0,24,20,20.0,20.0
yolov8x,cate8-00303,34,35,half,19,20,12,24,20,20.0,20.0
yolov8x,cate8-00303,34,35,closed,19,20,24,24,20,20.0,19.0
yolov8x,cate8-00303,32,33,open,17,18,0,19,19,18.0,18.0
yolov8x,cate8-00303,32,33,half,17,18,10,19,18,18.0,18.0
yolov8x,cate8-00303,32,33,closed,17,18,19,19,17,18.0,18.0
yolov8x,cate8-00311,32,33,open,17,18,0,20,19,18.0,18.0
yolov8x,cate8-00311,32,33,half,17,18,10,20,18,18.0,18.0
yolov8x,cate8-00311,32,33,closed,17,18,20,20,18,18.0,18.0
yolov8x,cate8-00311,46,47,open,29,30,0,45,31,30.0,30.0
yolov8x,cate8-00311,46,47,half,29,30,22,45,30,30.0,30.0
yolov8x,cate8-00311,46,47,closed,29,30,45,45,30,30.0,29.0
yolov8x,cate8-00311,22,23,open,9,10,0,21,10,10.0,10.0
yolov8x,cate8-00311,22,23,half,9,10,10,21,10,10.0,10.0
yolov8x,cate8-00311,22,23,closed,9,10,21,21,9,10.0,10.0
yolov8x,cate8-00365,31,32,open,16,17,0,12,17,17.0,17.0
yolov8x,cate8-00365,31,32,half,16,17,6,12,17,17.0,17.0
yolov8x,cate8-00365,31,32,closed,16,17,12,12,17,17.0,16.0
yolov8x,cate8-00365,12,13,open,1,2,0,19,2,2.0,2.0
yolov8x,cate8-00365,12,13,half,1,2,10,19,2,2.0,2.0
yolov8x,cate8-00365,12,13,closed,1,2,19,19,1,2.0,2.0
yolov8x,cate8-00365,27,28,open,14,15,0,20,15,15.0,15.0
yolov8x,cate8-00365,27,28,half,14,15,10,20,15,15.0,15.0
yolov8x,cate8-00365,27,28,closed,14,15,20,20,15,15.0,14.0
yolov8x,cate8-00368,12,13,open,1,2,0,15,1,2.0,2.0
yolov8x,cate8-00368,12,13,half,1,2,8,15,1,2.0,2.0
yolov8x,cate8-00368,12,13,closed,1,2,15,15,1,2.0,2.0
yolov8x,cate8-00368,21,22,open,8,9,0,20,9,9.0,9.0
yolov8x,cate8-00368,21,22,half,8,9,10,20,8,9.0,9.0
yolov8x,cate8-00368,21,22,closed,8,9,20,20,8,9.0,8.0
yolov8x,cate8-00368,32,33,open,17,18,0,13,18,18.0,18.0
yolov8x,cate8-00368,32,33,half,17,18,6,13,18,18.0,18.0
yolov8x,cate8-00368,32,33,closed,17,18,13,13,17,18.0,18.0
yolov8x,cate8-00389,21,22,open,8,9,0,25,9,9.0,9.0
yolov8x,cate8-00389,21,22,half,8,9,12,25,9,9.0,9.0
yolov8x,cate8-00389,21,22,closed,8,9,25,25,8,9.0,8.0
yolov8x,cate8-00389,11,12,open,0,1,0,25,1,1.0,1.0
yolov8x,cate8-00389,11,12,half,0,1,12,25,0,1.0,1.0
yolov8x,cate8-00389,11,12,closed,0,1,25,25,8,1.0,0.0
yolov8x,cate8-00389,32,33,open,17,18,0,13,18,18.0,18.0
yolov8x,cate8-00389,32,33,half,17,18,6,13,18,18.0,18.0
yolov8x,cate8-00389,32,33,closed,17,18,13,13,17,18.0,18.0
yolov8x,cate8-00395,26,27,open,13,14,0,26,13,14.0,14.0
yolov8x,cate8-00395,26,27,half,13,14,13,26,13,14.0,14.0
yolov8x,cate8-00395,26,27,closed,13,14,26,26,13,14.0,
yolov8x,cate8-00395,42,43,open,25,26,0,15,26,26.0,26.0
yolov8x,cate8-00395,42,43,half,25,26,8,15,25,26.0,26.0
yolov8x,cate8-00395,42,43,closed,25,26,15,15,25,26.0,26.0
yolov8x,cate8-00395,16,17,open,5,6,0,28,5,6.0,6.0
yolov8x,cate8-00395,16,17,half,5,6,14,28,5,6.0,6.0
yolov8x,cate8-00395,16,17,closed,5,6,28,28,5,6.0,6.0
yolov8x,cate8-00397,42,43,open,25,26,0,19,26,26.0,26.0
yolov8x,cate8-00397,42,43,half,25,26,10,19,26,26.0,26.0
yolov8x,cate8-00397,42,43,closed,25,26,19,19,26,26.0,26.0
yolov8x,cate8-00397,32,33,open,17,18,0,18,18,18.0,18.0
yolov8x,cate8-00397,32,33,half,17,18,9,18,18,18.0,18.0
yolov8x,cate8-00397,32,33,closed,17,18,18,18,18,18.0,18.0
yolov8x,cate8-00397,15,16,open,4,5,0,12,5,5.0,5.0
yolov8x,cate8-00397,15,16,half,4,5,6,12,5,5.0,5.0
yolov8x,cate8-00397,15,16,closed,4,5,12,12,5,5.0,5.0
yolov8x,cate8-00413,17,18,open,6,7,0,26,7,7.0,7.0
yolov8x,cate8-00413,17,18,half,6,7,13,26,7,7.0,7.0
yolov8x,cate8-00413,17,18,closed,6,7,26,26,7,7.0,7.0
yolov8x,cate8-00413,15,16,open,4,5,0,20,4,5.0,5.0
yolov8x,cate8-00413,15,16,half,4,5,10,20,4,5.0,5.0
yolov8x,cate8-00413,15,16,closed,4,5,20,20,4,5.0,5.0
yolov8x,cate8-00413,13,14,open,2,3,0,19,3,3.0,3.0
yolov8x,cate8-00413,13,14,half,2,3,10,19,3,3.0,2.0
yolov8x,cate8-00413,13,14,closed,2,3,19,19,1,3.0,2.0
yolov8x,cate8-00426,11,12,open,0,1,0,22,1,1.0,1.0
yolov8x,cate8-00426,11,12,half,0,1,11,22,1,1.0,1.0
yolov8x,cate8-00426,11,12,closed,0,1,22,22,0,1.0,0.0
yolov8x,cate8-00426,22,23,open,9,10,0,15,9,,
yolov8x,cate8-00426,22,23,half,9,10,8,15,9,,9.0
yolov8x,cate8-00426,22,23,closed,9,10,15,15,9,,9.0
yolov8x,cate8-00426,15,16,open,4,5,0,19,4,5.0,5.0
yolov8x,cate8-00426,15,16,half,4,5,10,19,3,5.0,5.0
yolov8x,cate8-00426,15,16,closed,4,5,19,19,3,5.0,5.0
yolov8x,cate8-00455,14,15,open,3,4,0,17,4,4.0,3.0
yolov8x,cate8-00455,14,15,half,3,4,8,17,4,4.0,3.0
yolov8x,cate8-00455,14,15,closed,3,4,17,17,3,4.0,3.0
yolov8x,cate8-00455,12,13,open,1,2,0,15,2,2.0,2.0
yolov8x,cate8-00455,12,13,half,1,2,8,15,2,2.0,2.0
yolov8x,cate8-00455,12,13,closed,1,2,15,15,1,2.0,2.0
yolov8x,cate8-00455,45,46,open,28,29,0,16,29,29.0,29.0
yolov8x,cate8-00455,45,46,half,28,29,8,16,29,29.0,29.0
yolov8x,cate8-00455,45,46,closed,28,29,16,16,29,29.0,29.0
yolov8x,cate9-00004,15,16,open,4,5,0,12,5,5.0,5.0
yolov8x,cate9-00004,15,16,half,4,5,6,12,5,5.0,5.0
yolov8x,cate9-00004,15,16,closed,4,5,12,12,5,5.0,5.0
yolov8x,cate9-00004,42,43,open,25,26,0,15,27,26.0,26.0
yolov8x,cate9-00004,42,43,half,25,26,8,15,26,26.0,26.0
yolov8x,cate9-00004,42,43,closed,25,26,15,15,26,26.0,26.0
yolov8x,cate9-00004,33,34,open,18,19,0,16,19,19.0,
yolov8x,cate9-00004,33,34,half,18,19,8,16,18,19.0,18.0
yolov8x,cate9-00004,33,34,closed,18,19,16,16,17,19.0,19.0
yolov8x,cate9-00034,46,47,open,29,30,0,36,30,30.0,30.0
yolov8x,cate9-00034,46,47,half,29,30,18,36,29,30.0,30.0
yolov8x,cate9-00034,46,47,closed,29,30,36,36,29,30.0,30.0
yolov8x,cate9-00034,11,12,open,0,1,0,17,1,1.0,
yolov8x,cate9-00034,11,12,half,0,1,8,17,0,1.0,1.0
yolov8x,cate9-00034,11,12,closed,0,1,17,17,0,1.0,1.0
yolov8x,cate9-00034,27,28,open,14,15,0,38,15,15.0,15.0
yolov8x,cate9-00034,27,28,half,14,15,19,38,12,15.0,15.0
yolov8x,cate9-00034,27,28,closed,14,15,38,38,12,15.0,
yolov8x,cate1-00002,34,35,open,19,20,0,23,20,20.0,20.0
yolov8x,cate1-00002,34,35,half,19,20,12,23,19,20.0,
yolov8x,cate1-00002,34,35,closed,19,20,23,23,19,20.0,
yolov8x,cate1-00002,31,32,open,16,17,0,12,17,17.0,17.0
yolov8x,cate1-00002,31,32,half,16,17,6,12,17,17.0,17.0
yolov8x,cate1-00002,31,32,closed,16,17,12,12,17,17.0,
yolov8x,cate1-00002,42,43,open,25,26,0,17,26,26.0,26.0
yolov8x,cate1-00002,42,43,half,25,26,8,17,26,26.0,26.0
yolov8x,cate1-00002,42,43,closed,25,26,17,17,26,26.0,26.0
yolov8x,cate1-00005,11,12,open,0,1,0,21,1,1.0,1.0
yolov8x,cate1-00005,11,12,half,0,1,10,21,0,1.0,1.0
yolov8x,cate1-00005,11,12,closed,0,1,21,21,0,1.0,0.0
yolov8x,cate1-00005,13,14,open,2,3,0,17,3,3.0,3.0
yolov8x,cate1-00005,13,14,half,2,3,8,17,3,3.0,3.0
yolov8x,cate1-00005,13,14,closed,2,3,17,17,2,3.0,3.0
yolov8x,cate1-00005,12,13,open,1,2,0,18,2,2.0,2.0
yolov8x,cate1-00005,12,13,half,1,2,9,18,1,2.0,2.0
yolov8x,cate1-00005,12,13,closed,1,2,18,18,1,2.0,2.0
yolov8x,cate1-00020,15,16,open,4,5,0,12,5,5.0,5.0
yolov8x,cate1-00020,15,16,half,4,5,6,12,5,5.0,5.0
yolov8x,cate1-00020,15,16,closed,4,5,12,12,5,5.0,5.0
yolov8x,cate1-00020,42,43,open,25,26,0,13,26,26.0,26.0
yolov8x,cate1-00020,42,43,half,25,26,6,13,25,26.0,26.0
yolov8x,cate1-00020,42,43,closed,25,26,13,13,25,26.0,26.0
yolov8x,cate1-00020,13,14,open,2,3,0,20,3,3.0,3.0
yolov8x,cate1-00020,13,14,half,2,3,10,20,3,3.0,3.0
yolov8x,cate1-00020,13,14,closed,2,3,20,20,1,3.0,2.0
yolov8x,cate1-00023,22,23,open,9,10,0,16,10,10.0,10.0
yolov8x,cate1-00023,22,23,half,9,10,8,16,10,10.0,10.0
yolov8x,cate1-00023,22,23,closed,9,10,16,16,9,10.0,9.0
yolov8x,cate1-00023,31,32,open,16,17,0,14,17,17.0,17.0
yolov8x,cate1-00023,31,32,half,16,17,7,14,17,17.0,17.0
yolov8x,cate1-00023,31,32,closed,16,17,14,14,17,17.0,
yolov8x,cate1-00023,13,14,open,2,3,0,16,3,3.0,
yolov8x,cate1-00023,13,14,half,2,3,8,16,3,3.0,
yolov8x,cate1-00023,13,14,closed,2,3,16,16,1,3.0,
yolov8x,cate1-00065,13,14,open,2,3,0,20,3,3.0,3.0
yolov8x,cate1-00065,13,14,half,2,3,10,20,2,3.0,3.0
yolov8x,cate1-00065,13,14,closed,2,3,20,20,2,3.0,2.0
yolov8x,cate1-00065,42,43,open,25,26,0,17,26,26.0,26.0
yolov8x,cate1-00065,42,43,half,25,26,8,17,26,26.0,26.0
yolov8x,cate1-00065,42,43,closed,25,26,17,17,25,26.0,26.0
yolov8x,cate1-00065,12,13,open,1,2,0,14,2,2.0,2.0
yolov8x,cate1-00065,12,13,half,1,2,7,14,1,2.0,2.0
yolov8x,cate1-00065,12,13,closed,1,2,14,14,1,2.0,2.0
yolov8x,cate10-00030,31,32,open,16,17,0,14,17,17.0,17.0
yolov8x,cate10-00030,31,32,half,16,17,7,14,16,17.0,17.0
yolov8x,cate10-00030,31,32,closed,16,17,14,14,16,17.0,17.0
yolov8x,cate10-00030,32,33,open,17,18,0,14,18,18.0,18.0
yolov8x,cate10-00030,32,33,half,17,18,7,14,17,18.0,18.0
yolov8x,cate10-00030,32,33,closed,17,18,14,14,17,18.0,18.0
yolov8x,cate10-00030,41,42,open,24,25,0,9,25,25.0,25.0
yolov8x,cate10-00030,41,42,half,24,25,4,9,25,25.0,25.0
yolov8x,cate10-00030,41,42,closed,24,25,9,9,25,25.0,25.0
yolov8x,cate10-00049,31,32,open,16,17,0,13,17,17.0,17.0
yolov8x,cate10-00049,31,32,half,16,17,6,13,16,17.0,17.0
yolov8x,cate10-00049,31,32,closed,16,17,13,13,16,17.0,16.0
yolov8x,cate10-00049,44,45,open,27,28,0,17,28,28.0,28.0
yolov8x,cate10-00049,44,45,half,27,28,8,17,27,28.0,27.0
yolov8x,cate10-00049,44,45,closed,27,28,17,17,27,28.0,27.0
yolov8x,cate10-00049,42,43,open,25,26,0,13,26,26.0,26.0
yolov8x,cate10-00049,42,43,half,25,26,6,13,26,26.0,26.0
yolov8x,cate10-00049,42,43,closed,25,26,13,13,25,26.0,26.0
yolov8x,cate10-00060,13,14,open,2,3,0,17,3,,3.0
yolov8x,cate10-00060,13,14,half,2,3,8,17,3,,
yolov8x,cate10-00060,13,14,closed,2,3,17,17,3,,
yolov8x,cate10-00060,34,35,open,19,20,0,29,21,20.0,20.0
yolov8x,cate10-00060,34,35,half,19,20,14,29,20,20.0,20.0
yolov8x,cate10-00060,34,35,closed,19,20,29,29,20,20.0,20.0
yolov8x,cate10-00060,43,44,open,26,27,0,26,27,28.0,28.0
yolov8x,cate10-00060,43,44,half,26,27,13,26,27,28.0,27.0
yolov8x,cate10-00060,43,44,closed,26,27,26,26,26,28.0,26.0
yolov8x,cate10-00063,35,36,open,20,21,0,19,21,21.0,21.0
yolov8x,cate10-00063,35,36,half,20,21,10,19,21,21.0,21.0
yolov8x,cate10-00063,35,36,closed,20,21,19,19,20,21.0,21.0
yolov8x,cate10-00063,25,26,open,12,13,0,19,13,13.0,13.0
yolov8x,cate10-00063,25,26,half,12,13,10,19,13,13.0,13.0
yolov8x,cate10-00063,25,26,closed,12,13,19,19,13,13.0,13.0
yolov8x,cate10-00063,32,33,open,17,18,0,17,18,18.0,18.0
yolov8x,cate10-00063,32,33,half,17,18,8,17,18,18.0,18.0
yolov8x,cate10-00063,32,33,closed,17,18,17,17,16,18.0,17.0
yolov8x,cate10-00066,34,35,open,19,20,0,11,18,20.0,19.0
yolov8x,cate10-00066,34,35,half,19,20,6,11,18,20.0,
yolov8x,cate10-00066,34,35,closed,19,20,11,11,18,20.0,
yolov8x,cate10-00066,33,34,open,18,19,0,16,18,,19.0
yolov8x,cate10-00066,33,34,half,18,19,8,16,18,,18.0
yolov8x,cate10-00066,33,34,closed,18,19,16,16,16,,27.0
yolov8x,cate10-00066,32,33,open,17,18,0,11,16,17.0,
yolov8x,cate10-00066,32,33,half,17,18,6,11,16,17.0,
yolov8x,cate10-00066,32,33,closed,17,18,11,11,16,17.0,
yolov8x,cate10-00070,36,37,open,21,22,0,27,21,21.0,21.0
yolov8x,cate10-00070,36,37,half,21,22,14,27,21,21.0,21.0
yolov8x,cate10-00070,36,37,closed,21,22,27,27,21,21.0,21.0
yolov8x,cate10-00070,37,38,open,22,23,0,35,22,22.0,22.0
yolov8x,cate10-00070,37,38,half,22,23,18,35,22,22.0,22.0
yolov8x,cate10-00070,37,38,closed,22,23,35,35,21,22.0,22.0
yolov8x,cate10-00070,13,14,open,2,3,0,13,3,2.0,2.0
yolov8x,cate10-00070,13,14,half,2,3,6,13,3,2.0,2.0
yolov8x,cate10-00070,13,14,closed,2,3,13,13,2,2.0,2.0
yolov8x,cate10-00108,16,17,open,5,6,0,30,6,6.0,6.0
yolov8x,cate10-00108,16,17,half,5,6,15,30,6,6.0,6.0
yolov8x,cate10-00108,16,17,closed,5,6,30,30,6,6.0,5.0
yolov8x,cate10-00108,44,45,open,27,28,0,18,28,28.0,28.0
yolov8x,cate10-00108,44,45,half,27,28,9,18,28,28.0,28.0
yolov8x,cate10-00108,44,45,closed,27,28,18,18,27,28.0,27.0
yolov8x,cate10-00108,23,24,open,10,11,0,17,12,11.0,11.0
yolov8x,cate10-00108,23,24,half,10,11,8,17,12,11.0,10.0
yolov8x,cate10-00108,23,24,closed,10,11,17,17,11,11.0,10.0
yolov8x,cate2-00002,46,47,open,29,30,0,30,30,30.0,30.0
yolov8x,cate2-00002,46,47,half,29,30,15,30,30,30.0,30.0
yolov8x,cate2-00002,46,47,closed,29,30,30,30,29,30.0,29.0
yolov8x,cate2-00002,42,43,open,25,26,0,17,26,26.0,26.0
yolov8x,cate2-00002,42,43,half,25,26,8,17,26,26.0,26.0
yolov8x,cate2-00002,42,43,closed,25,26,17,17,26,26.0,26.0
yolov8x,cate2-00002,11,12,open,0,1,0,21,1,1.0,1.0
yolov8x,cate2-00002,11,12,half,0,1,10,21,0,1.0,0.0
yolov8x,cate2-00002,11,12,closed,0,1,21,21,0,1.0,0.0
yolov8x,cate2-00009,24,25,open,11,12,0,13,12,12.0,12.0
yolov8x,cate2-00009,24,25,half,11,12,6,13,11,12.0,11.0
yolov8x,cate2-00009,24,25,closed,11,12,13,13,11,12.0,11.0
yolov8x,cate2-00009,12,13,open,1,2,0,17,1,2.0,2.0
yolov8x,cate2-00009,12,13,half,1,2,8,17,1,2.0,2.0
yolov8x,cate2-00009,12,13,closed,1,2,17,17,1,2.0,1.0
yolov8x,cate2-00009,26,27,open,13,14,0,25,15,14.0,14.0
yolov8x,cate2-00009,26,27,half,13,14,12,25,13,14.0,14.0
yolov8x,cate2-00009,26,27,closed,13,14,25,25,13,14.0,
yolov8x,cate2-00018,14,15,open,3,4,0,11,3,,3.0
yolov8x,cate2-00018,14,15,half,3,4,6,11,3,,3.0
yolov8x,cate2-00018,14,15,closed,3,4,11,11,3,,3.0
yolov8x,cate2-00018,26,27,open,13,14,0,24,14,14.0,14.0
yolov8x,cate2-00018,26,27,half,13,14,12,24,13,14.0,
yolov8x,cate2-00018,26,27,closed,13,14,24,24,13,14.0,13.0
yolov8x,cate2-00018,13,14,open,2,3,0,16,3,3.0,3.0
yolov8x,cate2-00018,13,14,half,2,3,8,16,2,3.0,3.0
yolov8x,cate2-00018,13,14,closed,2,3,16,16,2,3.0,3.0
yolov8x,cate2-00021,32,33,open,17,18,0,12,17,18.0,18.0
yolov8x,cate2-00021,32,33,half,17,18,6,12,17,18.0,18.0
yolov8x,cate2-00021,32,33,closed,17,18,12,12,17,18.0,18.0
yolov8x,cate2-00021,37,38,open,22,23,0,32,23,23.0,23.0
yolov8x,cate2-00021,37,38,half,22,23,16,32,23,23.0,23.0
yolov8x,cate2-00021,37,38,closed,22,23,32,32,23,23.0,22.0
yolov8x,cate2-00021,16,17,open,5,6,0,30,6,6.0,6.0
yolov8x,cate2-00021,16,17,half,5,6,15,30,6,6.0,6.0
yolov8x,cate2-00021,16,17,closed,5,6,30,30,5,6.0,5.0
yolov8x,cate2-00022,22,23,open,9,10,0,15,10,10.0,10.0
yolov8x,cate2-00022,22,23,half,9,10,8,15,10,10.0,10.0
yolov8x,cate2-00022,22,23,closed,9,10,15,15,10,10.0,10.0
yolov8x,cate2-00022,31,32,open,16,17,0,16,18,17.0,17.0
yolov8x,cate2-00022,31,32,half,16,17,8,16,17,17.0,17.0
yolov8x,cate2-00022,31,32,closed,16,17,16,16,17,17.0,16.0
yolov8x,cate2-00022,36,37,open,21,22,0,34,22,22.0,22.0
yolov8x,cate2-00022,36,37,half,21,22,17,34,22,22.0,22.0
yolov8x,cate2-00022,36,37,closed,21,22,34,34,21,22.0,21.0
yolov8x,cate2-00031,13,14,open,2,3,0,15,3,3.0,3.0
yolov8x,cate2-00031,13,14,half,2,3,8,15,3,3.0,3.0
yolov8x,cate2-00031,13,14,closed,2,3,15,15,3,3.0,3.0
yolov8x,cate2-00031,22,23,open,9,10,0,20,11,10.0,10.0
yolov8x,cate2-00031,22,23,half,9,10,10,20,9,10.0,10.0
yolov8x,cate2-00031,22,23,closed,9,10,20,20,8,10.0,10.0
yolov8x,cate2-00031,25,26,open,12,13,0,16,13,13.0,13.0
yolov8x,cate2-00031,25,26,half,12,13,8,16,13,13.0,13.0
yolov8x,cate2-00031,25,26,closed,12,13,16,16,13,13.0,13.0
yolov8x,cate2-00038,27,28,open,14,15,0,14,15,15.0,15.0
yolov8x,cate2-00038,27,28,half,14,15,7,14,15,15.0,15.0
yolov8x,cate2-00038,27,28,closed,14,15,14,14,15,15.0,15.0
yolov8x,cate2-00038,36,37,open,21,22,0,34,22,22.0,22.0
yolov8x,cate2-00038,36,37,half,21,22,17,34,21,22.0,22.0
yolov8x,cate2-00038,36,37,closed,21,22,34,34,21,22.0,21.0
yolov8x,cate2-00038,47,48,open,30,31,0,33,31,31.0,31.0
yolov8x,cate2-00038,47,48,half,30,31,16,33,31,31.0,31.0
yolov8x,cate2-00038,47,48,closed,30,31,33,33,30,31.0,31.0
yolov8x,cate2-00040,36,37,open,21,22,0,35,22,22.0,22.0
yolov8x,cate2-00040,36,37,half,21,22,18,35,22,22.0,22.0
yolov8x,cate2-00040,36,37,closed,21,22,35,35,21,22.0,22.0
yolov8x,cate2-00040,46,47,open,29,30,0,29,30,30.0,30.0
yolov8x,cate2-00040,46,47,half,29,30,14,29,30,30.0,30.0
yolov8x,cate2-00040,46,47,closed,29,30,29,29,29,30.0,
yolov8x,cate2-00040,41,42,open,24,25,0,13,25,25.0,25.0
yolov8x,cate2-00040,41,42,half,24,25,6,13,25,25.0,25.0
yolov8x,cate2-00040,41,42,closed,24,25,13,13,24,25.0,
yolov8x,cate2-00107,25,26,open,12,13,0,19,13,13.0,13.0
yolov8x,cate2-00107,25,26,half,12,13,10,19,13,13.0,13.0
yolov8x,cate2-00107,25,26,closed,12,13,19,19,13,13.0,13.0
yolov8x,cate2-00107,11,12,open,0,1,0,17,1,1.0,1.0
yolov8x,cate2-00107,11,12,half,0,1,8,17,0,1.0,
yolov8x,cate2-00107,11,12,closed,0,1,17,17,0,1.0,0.0
yolov8x,cate2-00107,26,27,open,13,14,0,30,14,14.0,14.0
yolov8x,cate2-00107,26,27,half,13,14,15,30,14,14.0,14.0
yolov8x,cate2-00107,26,27,closed,13,14,30,30,14,14.0,13.0
yolov8x,cate2-00111,23,24,open,10,11,0,18,11,11.0,11.0
yolov8x,cate2-00111,23,24,half,10,11,9,18,11,11.0,11.0
yolov8x,cate2-00111,23,24,closed,10,11,18,18,11,11.0,10.0
yolov8x,cate2-00111,25,26,open,12,13,0,18,13,13.0,13.0
yolov8x,cate2-00111,25,26,half,12,13,9,18,13,13.0,13.0
yolov8x,cate2-00111,25,26,closed,12,13,18,18,13,13.0,13.0
yolov8x,cate2-00111,35,36,open,20,21,0,23,22,21.0,21.0
yolov8x,cate2-00111,35,36,half,20,21,12,23,21,21.0,21.0
yolov8x,cate2-00111,35,36,closed,20,21,23,23,21,21.0,21.0
yolov8x,cate2-00118,16,17,open,5,6,0,32,6,6.0,6.0
yolov8x,cate2-00118,16,17,half,5,6,16,32,5,6.0,6.0
yolov8x,cate2-00118,16,17,closed,5,6,32,32,5,6.0,6.0
yolov8x,cate2-00118,27,28,open,14,15,0,30,15,15.0,15.0
yolov8x,cate2-00118,27,28,half,14,15,15,30,15,15.0,15.0
yolov8x,cate2-00118,27,28,closed,14,15,30,30,15,15.0,
yolov8x,cate2-00118,44,45,open,27,28,0,18,28,28.0,28.0
yolov8x,cate2-00118,44,45,half,27,28,9,18,27,28.0,28.0
yolov8x,cate2-00118,44,45,closed,27,28,18,18,27,28.0,28.0
yolov8x,cate2-00120,21,22,open,8,9,0,24,9,9.0,9.0
yolov8x,cate2-00120,21,22,half,8,9,12,24,9,9.0,9.0
yolov8x,cate2-00120,21,22,closed,8,9,24,24,8,9.0,
yolov8x,cate2-00120,33,34,open,18,19,0,13,19,19.0,19.0
yolov8x,cate2-00120,33,34,half,18,19,6,13,19,19.0,19.0
yolov8x,cate2-00120,33,34,closed,18,19,13,13,19,19.0,18.0
yolov8x,cate2-00120,37,38,open,22,23,0,32,23,23.0,23.0
yolov8x,cate2-00120,37,38,half,22,23,16,32,23,23.0,23.0
yolov8x,cate2-00120,37,38,closed,22,23,32,32,23,23.0,22.0
yolov8x,cate2-00128,26,27,open,13,14,0,31,14,14.0,14.0
yolov8x,cate2-00128,26,27,half,13,14,16,31,14,14.0,14.0
yolov8x,cate2-00128,26,27,closed,13,14,31,31,14,14.0,13.0
yolov8x,cate2-00128,12,13,open,1,2,0,16,2,2.0,2.0
yolov8x,cate2-00128,12,13,half,1,2,8,16,2,2.0,2.0
yolov8x,cate2-00128,12,13,closed,1,2,16,16,1,2.0,2.0
yolov8x,cate2-00128,14,15,open,3,4,0,15,4,4.0,4.0
yolov8x,cate2-00128,14,15,half,3,4,8,15,3,4.0,3.0
yolov8x,cate2-00128,14,15,closed,3,4,15,15,3,4.0,3.0
yolov8x,cate2-00135,14,15,open,3,4,0,13,3,4.0,4.0
yolov8x,cate2-00135,14,15,half,3,4,6,13,3,4.0,
yolov8x,cate2-00135,14,15,closed,3,4,13,13,3,4.0,3.0
yolov8x,cate2-00135,37,38,open,22,23,0,26,23,23.0,23.0
yolov8x,cate2-00135,37,38,half,22,23,13,26,23,23.0,23.0
yolov8x,cate2-00135,37,38,closed,22,23,26,26,23,23.0,22.0
yolov8x,cate2-00135,32,33,open,17,18,0,15,18,18.0,18.0
yolov8x,cate2-00135,32,33,half,17,18,8,15,18,18.0,18.0
yolov8x,cate2-00135,32,33,closed,17,18,15,15,17,18.0,17.0
yolov8x,cate3-00014,44,45,open,27,28,0,17,28,28.0,28.0
yolov8x,cate3-00014,44,45,half,27,28,8,17,27,28.0,27.0
yolov8x,cate3-00014,44,45,closed,27,28,17,17,26,28.0,27.0
yolov8x,cate3-00014,34,35,open,19,20,0,19,20,20.0,20.0
yolov8x,cate3-00014,34,35,half,19,20,10,19,19,20.0,20.0
yolov8x,cate3-00014,34,35,closed,19,20,19,19,18,20.0,19.0
yolov8x,cate3-00014,15,16,open,4,5,0,15,5,5.0,5.0
yolov8x,cate3-00014,15,16,half,4,5,8,15,5,5.0,5.0
yolov8x,cate3-00014,15,16,closed,4,5,15,15,3,5.0,5.0
yolov8x,cate3-00019,24,25,open,11,12,0,18,11,12.0,12.0
yolov8x,cate3-00019,24,25,half,11,12,9,18,11,12.0,
yolov8x,cate3-00019,24,25,closed,11,12,18,18,11,12.0,11.0
yolov8x,cate3-00019,46,47,open,29,30,0,29,30,30.0,30.0
yolov8x,cate3-00019,46,47,half,29,30,14,29,29,30.0,30.0
yolov8x,cate3-00019,46,47,closed,29,30,29,29,29,30.0,29.0
yolov8x,cate3-00019,36,37,open,21,22,0,26,22,22.0,22.0
yolov8x,cate3-00019,36,37,half,21,22,13,26,22,22.0,22.0
yolov8x,cate3-00019,36,37,closed,21,22,26,26,21,22.0,22.0
yolov8x,cate3-00023,37,38,open,22,23,0,25,23,23.0,23.0
yolov8x,cate3-00023,37,38,half,22,23,12,25,23,23.0,23.0
yolov8x,cate3-00023,37,38,closed,22,23,25,25,23,23.0,22.0
yolov8x,cate3-00023,47,48,open,30,31,0,34,31,31.0,31.0
yolov8x,cate3-00023,47,48,half,30,31,17,34,31,31.0,31.0
yolov8x,cate3-00023,47,48,closed,30,31,34,34,7,31.0,
yolov8x,cate3-00023,45,46,open,28,29,0,18,29,29.0,29.0
yolov8x,cate3-00023,45,46,half,28,29,9,18,29,29.0,29.0
yolov8x,cate3-00023,45,46,closed,28,29,18,18,28,29.0,29.0
yolov8x,cate4-00073,11,12,open,0,1,0,20,1,1.0,1.0
yolov8x,cate4-00073,11,12,half,0,1,10,20,1,1.0,0.0
yolov8x,cate4-00073,11,12,closed,0,1,20,20,0,1.0,0.0
yolov8x,cate4-00073,34,35,open,19,20,0,16,20,20.0,20.0
yolov8x,cate4-00073,34,35,half,19,20,8,16,19,20.0,20.0
yolov8x,cate4-00073,34,35,closed,19,20,16,16,19,20.0,19.0
yolov8x,cate4-00073,12,13,open,1,2,0,17,2,2.0,2.0
yolov8x,cate4-00073,12,13,half,1,2,8,17,2,2.0,2.0
yolov8x,cate4-00073,12,13,closed,1,2,17,17,1,2.0,2.0
yolov8x,cate4-00082,14,15,open,3,4,0,4,2,3.0,3.0
yolov8x,cate4-00082,14,15,half,3,4,2,4,2,3.0,3.0
yolov8x,cate4-00082,14,15,closed,3,4,4,4,2,3.0,3.0
yolov8x,cate4-00082,37,38,open,22,23,0,28,23,23.0,23.0
yolov8x,cate4-00082,37,38,half,22,23,14,28,23,23.0,23.0
yolov8x,cate4-00082,37,38,closed,22,23,28,28,23,23.0,
yolov8x,cate4-00082,33,34,open,18,19,0,14,19,19.0,19.0
yolov8x,cate4-00082,33,34,half,18,19,7,14,19,19.0,19.0
yolov8x,cate4-00082,33,34,closed,18,19,14,14,18,19.0,19.0
yolov8x,cate4-00101,15,16,open,4,5,0,19,5,5.0,5.0
yolov8x,cate4-00101,15,16,half,4,5,10,19,5,5.0,5.0
yolov8x,cate4-00101,15,16,closed,4,5,19,19,5,5.0,5.0
yolov8x,cate4-00101,13,14,open,2,3,0,16,3,3.0,3.0
yolov8x,cate4-00101,13,14,half,2,3,8,16,3,3.0,3.0
yolov8x,cate4-00101,13,14,closed,2,3,16,16,2,3.0,2.0
yolov8x,cate4-00101,45,46,open,28,29,0,19,29,29.0,29.0
yolov8x,cate4-00101,45,46,half,28,29,10,19,29,29.0,29.0
yolov8x,cate4-00101,45,46,closed,28,29,19,19,29,29.0,29.0
yolov8x,cate4-00106,43,44,open,26,27,0,16,27,27.0,27.0
yolov8x,cate4-00106,43,44,half,26,27,8,16,27,27.0,27.0
yolov8x,cate4-00106,43,44,closed,26,27,16,16,27,27.0,27.0
yolov8x,cate4-00106,26,27,open,13,14,0,27,14,14.0,14.0
yolov8x,cate4-00106,26,27,half,13,14,14,27,14,14.0,14.0
yolov8x,cate4-00106,26,27,closed,13,14,27,27,13,14.0,13.0
yolov8x,cate4-00106,45,46,open,28,29,0,13,29,29.0,29.0
yolov8x,cate4-00106,45,46,half,28,29,6,13,29,29.0,29.0
yolov8x,cate4-00106,45,46,closed,28,29,13,13,29,29.0,29.0
yolov8x,cate4-00114,33,34,open,18,19,0,18,19,19.0,19.0
yolov8x,cate4-00114,33,34,half,18,19,9,18,19,19.0,19.0
yolov8x,cate4-00114,33,34,closed,18,19,18,18,19,19.0,19.0
yolov8x,cate4-00114,25,26,open,12,13,0,17,13,13.0,13.0
yolov8x,cate4-00114,25,26,half,12,13,8,17,13,13.0,13.0
yolov8x,cate4-00114,25,26,closed,12,13,17,17,13,13.0,13.0
yolov8x,cate4-00114,15,16,open,4,5,0,19,5,5.0,5.0
yolov8x,cate4-00114,15,16,half,4,5,10,19,5,5.0,5.0
yolov8x,cate4-00114,15,16,closed,4,5,19,19,4,5.0,5.0
yolov8x,cate4-00131,31,32,open,16,17,0,13,17,17.0,17.0
yolov8x,cate4-00131,31,32,half,16,17,6,13,17,17.0,
yolov8x,cate4-00131,31,32,closed,16,17,13,13,16,17.0,16.0
yolov8x,cate4-00131,36,37,open,21,22,0,34,22,22.0,22.0
yolov8x,cate4-00131,36,37,half,21,22,17,34,21,22.0,22.0
yolov8x,cate4-00131,36,37,closed,21,22,34,34,21,22.0,22.0
yolov8x,cate4-00131,41,42,open,24,25,0,14,25,25.0,25.0
yolov8x,cate4-00131,41,42,half,24,25,7,14,25,25.0,25.0
yolov8x,cate4-00131,41,42,closed,24,25,14,14,24,25.0,25.0
yolov8x,cate5-00006,32,33,open,17,18,0,15,18,18.0,18.0
yolov8x,cate5-00006,32,33,half,17,18,8,15,18,18.0,18.0
yolov8x,cate5-00006,32,33,closed,17,18,15,15,18,18.0,18.0
yolov8x,cate5-00006,42,43,open,25,26,0,17,26,26.0,26.0
yolov8x,cate5-00006,42,43,half,25,26,8,17,26,26.0,26.0
yolov8x,cate5-00006,42,43,closed,25,26,17,17,25,26.0,26.0
yolov8x,cate5-00006,41,42,open,24,25,0,14,25,25.0,25.0
yolov8x,cate5-00006,41,42,half,24,25,7,14,24,25.0,24.0
yolov8x,cate5-00006,41,42,closed,24,25,14,14,24,25.0,25.0
yolov8x,cate5-00061,32,33,open,17,18,0,14,18,18.0,18.0
yolov8x,cate5-00061,32,33,half,17,18,7,14,17,18.0,18.0
yolov8x,cate5-00061,32,33,closed,17,18,14,14,17,18.0,18.0
yolov8x,cate5-00061,22,23,open,9,10,0,19,10,10.0,10.0
yolov8x,cate5-00061,22,23,half,9,10,10,19,10,10.0,10.0
yolov8x,cate5-00061,22,23,closed,9,10,19,19,9,10.0,10.0
yolov8x,cate5-00061,42,43,open,25,26,0,12,27,26.0,26.0
yolov8x,cate5-00061,42,43,half,25,26,6,12,26,26.0,26.0
yolov8x,cate5-00061,42,43,closed,25,26,12,12,26,26.0,26.0
yolov8x,cate5-00073,22,23,open,9,10,0,13,11,10.0,10.0
yolov8x,cate5-00073,22,23,half,9,10,6,13,11,10.0,10.0
yolov8x,cate5-00073,22,23,closed,9,10,13,13,11,10.0,10.0
yolov8x,cate5-00073,34,35,open,19,20,0,18,20,20.0,20.0
yolov8x,cate5-00073,34,35,half,19,20,9,18,19,20.0,19.0
yolov8x,cate5-00073,34,35,closed,19,20,18,18,19,20.0,19.0
yolov8x,cate5-00073,42,43,open,25,26,0,21,27,27.0,27.0
yolov8x,cate5-00073,42,43,half,25,26,10,21,25,27.0,27.0
yolov8x,cate5-00073,42,43,closed,25,26,21,21,25,27.0,26.0
yolov8x,cate5-00078,44,45,open,27,28,0,18,28,28.0,28.0
yolov8x,cate5-00078,44,45,half,27,28,9,18,27,28.0,27.0
yolov8x,cate5-00078,44,45,closed,27,28,18,18,27,28.0,27.0
yolov8x,cate5-00078,31,32,open,16,17,0,17,17,17.0,18.0
yolov8x,cate5-00078,31,32,half,16,17,8,17,16,17.0,
yolov8x,cate5-00078,31,32,closed,16,17,17,17,16,17.0,16.0
yolov8x,cate5-00078,34,35,open,19,20,0,14,20,20.0,20.0
yolov8x,cate5-00078,34,35,half,19,20,7,14,20,20.0,
yolov8x,cate5-00078,34,35,closed,19,20,14,14,19,20.0,
yolov8x,cate5-00102,44,45,open,27,28,0,17,4,28.0,28.0
yolov8x,cate5-00102,44,45,half,27,28,8,17,4,28.0,28.0
yolov8x,cate5-00102,44,45,closed,27,28,17,17,4,28.0,27.0
yolov8x,cate5-00102,34,35,open,19,20,0,17,18,20.0,20.0
yolov8x,cate5-00102,34,35,half,19,20,8,17,18,20.0,20.0
yolov8x,cate5-00102,34,35,closed,19,20,17,17,18,20.0,19.0
yolov8x,cate5-00102,31,32,open,16,17,0,12,0,17.0,17.0
yolov8x,cate5-00102,31,32,half,16,17,6,12,0,17.0,17.0
yolov8x,cate5-00102,31,32,closed,16,17,12,12,0,17.0,16.0
yolov8x,cate5-00115,31,32,open,16,17,0,10,16,17.0,
yolov8x,cate5-00115,31,32,half,16,17,5,10,16,17.0,17.0
yolov8x,cate5-00115,31,32,closed,16,17,10,10,24,17.0,16.0
yolov8x,cate5-00115,43,44,open,26,27,0,18,26,26.0,27.0
yolov8x,cate5-00115,43,44,half,26,27,9,18,26,26.0,27.0
yolov8x,cate5-00115,43,44,closed,26,27,18,18,26,26.0,26.0
yolov8x,cate5-00115,33,34,open,18,19,0,19,19,19.0,19.0
yolov8x,cate5-00115,33,34,half,18,19,10,19,17,19.0,19.0
yolov8x,cate5-00115,33,34,closed,18,19,19,19,17,19.0,18.0
yolov8x,cate6-00036,43,44,open,26,27,0,1,25,27.0,27.0
yolov8x,cate6-00036,43,44,half,26,27,0,1,25,27.0,27.0
yolov8x,cate6-00036,43,44,closed,26,27,1,1,25,27.0,27.0
yolov8x,cate6-00036,37,38,open,22,23,0,37,23,23.0,23.0
yolov8x,cate6-00036,37,38,half,22,23,18,37,23,23.0,23.0
yolov8x,cate6-00036,37,38,closed,22,23,37,37,20,23.0,22.0
yolov8x,cate6-00036,21,22,open,8,9,0,15,9,9.0,
yolov8x,cate6-00036,21,22,half,8,9,8,15,9,9.0,9.0
yolov8x,cate6-00036,21,22,closed,8,9,15,15,9,9.0,8.0
yolov8x,cate6-00087,21,22,open,8,9,0,30,9,9.0,9.0
yolov8x,cate6-00087,21,22,half,8,9,15,30,9,9.0,9.0
yolov8x,cate6-00087,21,22,closed,8,9,30,30,8,9.0,8.0
yolov8x,cate6-00087,24,25,open,11,12,0,8,13,12.0,
yolov8x,cate6-00087,24,25,half,11,12,4,8,13,12.0,
yolov8x,cate6-00087,24,25,closed,11,12,8,8,13,12.0,12.0
yolov8x,cate6-00087,22,23,open,9,10,0,25,10,10.0,10.0
yolov8x,cate6-00087,22,23,half,9,10,12,25,10,10.0,10.0
yolov8x,cate6-00087,22,23,closed,9,10,25,25,10,10.0,10.0
yolov8x,cate6-00108,47,48,open,30,31,0,29,31,31.0,31.0
yolov8x,cate6-00108,47,48,half,30,31,14,29,31,31.0,31.0
yolov8x,cate6-00108,47,48,closed,30,31,29,29,31,31.0,31.0
yolov8x,cate6-00108,14,15,open,3,4,0,11,3,4.0,
yolov8x,cate6-00108,14,15,half,3,4,6,11,3,4.0,
yolov8x,cate6-00108,14,15,closed,3,4,11,11,3,4.0,3.0
yolov8x,cate6-00108,44,45,open,27,28,0,13,28,28.0,28.0
yolov8x,cate6-00108,44,45,half,27,28,6,13,27,28.0,28.0
yolov8x,cate6-00108,44,45,closed,27,28,13,13,27,28.0,27.0
yolov8x,cate6-00122,26,27,open,13,14,0,32,14,14.0,14.0
yolov8x,cate6-00122,26,27,half,13,14,16,32,13,14.0,14.0
yolov8x,cate6-00122,26,27,closed,13,14,32,32,13,14.0,14.0
yolov8x,cate6-00122,11,12,open,0,1,0,17,1,1.0,0.0
yolov8x,cate6-00122,11,12,half,0,1,8,17,0,1.0,0.0
yolov8x,cate6-00122,11,12,closed,0,1,17,17,0,1.0,0.0
yolov8x,cate6-00141,17,18,open,6,7,0,28,7,7.0,7.0
yolov8x,cate6-00141,17,18,half,6,7,14,28,7,7.0,7.0
yolov8x,cate6-00141,17,18,closed,6,7,28,28,7,7.0,
yolov8x,cate6-00141,42,43,open,25,26,0,13,26,26.0,26.0
yolov8x,cate6-00141,42,43,half,25,26,6,13,26,26.0,26.0
yolov8x,cate6-00141,42,43,closed,25,26,13,13,26,26.0,26.0
yolov8x,cate6-00141,25,26,open,12,13,0,23,13,13.0,13.0
yolov8x,cate6-00141,25,26,half,12,13,12,23,13,13.0,13.0
yolov8x,cate6-00141,25,26,closed,12,13,23,23,13,13.0,13.0
yolov8x,cate6-00158,14,15,open,3,4,0,14,3,4.0,
yolov8x,cate6-00158,14,15,half,3,4,7,14,3,4.0,4.0
yolov8x,cate6-00158,14,15,closed,3,4,14,14,3,4.0,4.0
yolov8x,cate6-00158,32,33,open,17,18,0,16,19,18.0,18.0
yolov8x,cate6-00158,32,33,half,17,18,8,16,17,18.0,18.0
yolov8x,cate6-00158,32,33,closed,17,18,16,16,17,18.0,18.0
yolov8x,cate6-00158,43,44,open,26,27,0,22,27,,27.0
yolov8x,cate6-00158,43,44,half,26,27,11,22,26,,26.0
yolov8x,cate6-00158,43,44,closed,26,27,22,22,26,,26.0
yolov8x,cate7-00014,46,47,open,29,30,0,35,30,31.0,31.0
yolov8x,cate7-00014,46,47,half,29,30,18,35,30,31.0,31.0
yolov8x,cate7-00014,46,47,closed,29,30,35,35,29,31.0,31.0
yolov8x,cate7-00014,45,46,open,28,29,0,17,29,29.0,30.0
yolov8x,cate7-00014,45,46,half,28,29,8,17,29,29.0,30.0
yolov8x,cate7-00014,45,46,closed,28,29,17,17,29,29.0,29.0
yolov8x,cate7-00014,35,36,open,20,21,0,13,21,21.0,21.0
yolov8x,cate7-00014,35,36,half,20,21,6,13,21,21.0,21.0
yolov8x,cate7-00014,35,36,closed,20,21,13,13,21,21.0,21.0
yolov8x,cate7-00018,14,15,open,3,4,0,7,4,4.0,
yolov8x,cate7-00018,14,15,half,3,4,4,7,4,4.0,
yolov8x,cate7-00018,14,15,closed,3,4,7,7,4,4.0,
yolov8x,cate7-00018,33,34,open,18,19,0,14,18,19.0,19.0
yolov8x,cate7-00018,33,34,half,18,19,7,14,18,19.0,19.0
yolov8x,cate7-00018,33,34,closed,18,19,14,14,17,19.0,18.0
yolov8x,cate7-00018,46,47,open,29,30,0,22,30,30.0,29.0
yolov8x,cate7-00018,46,47,half,29,30,11,22,29,30.0,29.0
yolov8x,cate7-00018,46,47,closed,29,30,22,22,29,30.0,29.0
yolov8x,cate7-00032,25,26,open,12,13,0,13,13,13.0,13.0
yolov8x,cate7-00032,25,26,half,12,13,6,13,13,13.0,13.0
yolov8x,cate7-00032,25,26,closed,12,13,13,13,12,13.0,13.0
yolov8x,cate7-00032,42,43,open,25,26,0,11,26,26.0,
yolov8x,cate7-00032,42,43,half,25,26,6,11,26,26.0,26.0
yolov8x,cate7-00032,42,43,closed,25,26,11,11,25,26.0,26.0
yolov8x,cate7-00032,27,28,open,14,15,0,26,15,15.0,15.0
yolov8x,cate7-00032,27,28,half,14,15,13,26,14,15.0,15.0
yolov8x,cate7-00032,27,28,closed,14,15,26,26,14,15.0,14.0
yolov8x,cate7-00047,32,33,open,17,18,0,14,18,18.0,18.0
yolov8x,cate7-00047,32,33,half,17,18,7,14,17,18.0,18.0
yolov8x,cate7-00047,32,33,closed,17,18,14,14,17,18.0,18.0
yolov8x,cate7-00047,44,45,open,27,28,0,16,28,28.0,28.0
yolov8x,cate7-00047,44,45,half,27,28,8,16,28,28.0,27.0
yolov8x,cate7-00047,44,45,closed,27,28,16,16,27,28.0,27.0
yolov8x,cate7-00047,22,23,open,9,10,0,13,9,10.0,10.0
yolov8x,cate7-00047,22,23,half,9,10,6,13,9,10.0,10.0
yolov8x,cate7-00047,22,23,closed,9,10,13,13,8,10.0,10.0
yolov8x,cate7-00068,46,47,open,29,30,0,36,30,30.0,30.0
yolov8x,cate7-00068,46,47,half,29,30,18,36,29,30.0,30.0
yolov8x,cate7-00068,46,47,closed,29,30,36,36,29,30.0,30.0
yolov8x,cate7-00068,36,37,open,21,22,0,32,22,22.0,22.0
yolov8x,cate7-00068,36,37,half,21,22,16,32,22,22.0,22.0
yolov8x,cate7-00068,36,37,closed,21,22,32,32,21,22.0,21.0
yolov8x,cate7-00068,25,26,open,12,13,0,14,13,13.0,13.0
yolov8x,cate7-00068,25,26,half,12,13,7,14,13,13.0,13.0
yolov8x,cate7-00068,25,26,closed,12,13,14,14,13,13.0,13.0
yolov8x,cate7-00069,16,17,open,5,6,0,33,7,6.0,6.0
yolov8x,cate7-00069,16,17,half,5,6,16,33,6,6.0,6.0
yolov8x,cate7-00069,16,17,closed,5,6,33,33,5,6.0,5.0
yolov8x,cate7-00069,14,15,open,3,4,0,15,4,4.0,4.0
yolov8x,cate7-00069,14,15,half,3,4,8,15,4,4.0,3.0
yolov8x,cate7-00069,14,15,closed,3,4,15,15,3,4.0,3.0
yolov8x,cate7-00069,41,42,open,24,25,0,14,25,25.0,25.0
yolov8x,cate7-00069,41,42,half,24,25,7,14,16,25.0,24.0
yolov8x,cate7-00069,41,42,closed,24,25,14,14,16,25.0,24.0
yolov8x,cate7-00092,27,28,open,14,15,0,15,15,15.0,15.0
yolov8x,cate7-00092,27,28,half,14,15,8,15,15,15.0,15.0
yolov8x,cate7-00092,27,28,closed,14,15,15,15,13,15.0,15.0
yolov8x,cate7-00092,23,24,open,10,11,0,15,11,11.0,11.0
yolov8x,cate7-00092,23,24,half,10,11,8,15,10,11.0,11.0
yolov8x,cate7-00092,23,24,closed,10,11,15,15,10,11.0,10.0
yolov8x,cate7-00092,24,25,open,11,12,0,14,12,12.0,11.0
yolov8x,cate7-00092,24,25,half,11,12,7,14,11,12.0,12.0
yolov8x,cate7-00092,24,25,closed,11,12,14,14,11,12.0,11.0
yolov8x,cate8-00005,27,28,open,14,15,0,20,15,15.0,15.0
yolov8x,cate8-00005,27,28,half,14,15,10,20,15,15.0,15.0
yolov8x,cate8-00005,27,28,closed,14,15,20,20,15,15.0,15.0
yolov8x,cate8-00005,15,16,open,4,5,0,20,6,5.0,5.0
yolov8x,cate8-00005,15,16,half,4,5,10,20,5,5.0,5.0
yolov8x,cate8-00005,15,16,closed,4,5,20,20,5,5.0,5.0
yolov8x,cate8-00005,34,35,open,19,20,0,23,20,20.0,20.0
yolov8x,cate8-00005,34,35,half,19,20,12,23,20,20.0,20.0
yolov8x,cate8-00005,34,35,closed,19,20,23,23,19,20.0,19.0
yolov8x,cate8-00023,15,16,open,4,5,0,13,5,5.0,5.0
yolov8x,cate8-00023,15,16,half,4,5,6,13,5,5.0,5.0
yolov8x,cate8-00023,15,16,closed,4,5,13,13,4,5.0,5.0
yolov8x,cate8-00023,23,24,open,10,11,0,14,11,11.0,10.0
yolov8x,cate8-00023,23,24,half,10,11,7,14,10,11.0,10.0
yolov8x,cate8-00023,23,24,closed,10,11,14,14,10,11.0,10.0
yolov8x,cate8-00023,17,18,open,6,7,0,20,7,7.0,7.0
yolov8x,cate8-00023,17,18,half,6,7,10,20,7,7.0,7.0
yolov8x,cate8-00023,17,18,closed,6,7,20,20,5,7.0,6.0
yolov8x,cate8-00037,41,42,open,24,25,0,12,25,25.0,25.0
yolov8x,cate8-00037,41,42,half,24,25,6,12,24,25.0,25.0
yolov8x,cate8-00037,41,42,closed,24,25,12,12,24,25.0,
yolov8x,cate8-00037,11,12,open,0,1,0,20,1,1.0,1.0
yolov8x,cate8-00037,11,12,half,0,1,10,20,0,1.0,0.0
yolov8x,cate8-00037,11,12,closed,0,1,20,20,0,1.0,0.0
yolov8x,cate8-00037,35,36,open,20,21,0,20,21,21.0,21.0
yolov8x,cate8-00037,35,36,half,20,21,10,20,21,21.0,21.0
yolov8x,cate8-00037,35,36,closed,20,21,20,20,21,21.0,21.0
yolov8x,cate8-00058,36,37,open,21,22,0,42,22,23.0,23.0
yolov8x,cate8-00058,36,37,half,21,22,21,42,22,23.0,22.0
yolov8x,cate8-00058,36,37,closed,21,22,42,42,21,23.0,22.0
yolov8x,cate8-00058,17,18,open,6,7,0,23,6,7.0,7.0
yolov8x,cate8-00058,17,18,half,6,7,12,23,6,7.0,7.0
yolov8x,cate8-00058,17,18,closed,6,7,23,23,6,7.0,7.0
yolov8x,cate8-00058,42,43,open,25,26,0,12,26,26.0,27.0
yolov8x,cate8-00058,42,43,half,25,26,6,12,26,26.0,26.0
yolov8x,cate8-00058,42,43,closed,25,26,12,12,26,26.0,26.0
yolov8x,cate8-00077,42,43,open,25,26,0,17,26,26.0,26.0
yolov8x,cate8-00077,42,43,half,25,26,8,17,26,26.0,26.0
yolov8x,cate8-00077,42,43,closed,25,26,17,17,25,26.0,26.0
yolov8x,cate8-00077,41,42,open,24,25,0,12,25,25.0,25.0
yolov8x,cate8-00077,41,42,half,24,25,6,12,25,25.0,24.0
yolov8x,cate8-00077,41,42,closed,24,25,12,12,25,25.0,24.0
yolov8x,cate8-00077,32,33,open,17,18,0,13,18,18.0,18.0
yolov8x,cate8-00077,32,33,half,17,18,6,13,17,18.0,18.0
yolov8x,cate8-00077,32,33,closed,17,18,13,13,17,18.0,18.0
yolov8x,cate8-00080,32,33,open,17,18,0,15,18,18.0,18.0
yolov8x,cate8-00080,32,33,half,17,18,8,15,18,18.0,18.0
yolov8x,cate8-00080,32,33,closed,17,18,15,15,18,18.0,18.0
yolov8x,cate8-00080,12,13,open,1,2,0,12,2,2.0,2.0
yolov8x,cate8-00080,12,13,half,1,2,6,12,2,2.0,2.0
yolov8x,cate8-00080,12,13,closed,1,2,12,12,1,2.0,2.0
yolov8x,cate8-00080,43,44,open,26,27,0,24,27,27.0,27.0
yolov8x,cate8-00080,43,44,half,26,27,12,24,26,27.0,26.0
yolov8x,cate8-00080,43,44,closed,26,27,24,24,26,27.0,26.0
yolov8x,cate8-00083,35,36,open,20,21,0,18,21,21.0,21.0
yolov8x,cate8-00083,35,36,half,20,21,9,18,21,21.0,21.0
yolov8x,cate8-00083,35,36,closed,20,21,18,18,21,21.0,21.0
yolov8x,cate8-00083,42,43,open,25,26,0,14,26,26.0,26.0
yolov8x,cate8-00083,42,43,half,25,26,7,14,26,26.0,26.0
yolov8x,cate8-00083,42,43,closed,25,26,14,14,25,26.0,26.0
yolov8x,cate8-00083,31,32,open,16,17,0,12,16,17.0,17.0
yolov8x,cate8-00083,31,32,half,16,17,6,12,16,17.0,17.0
yolov8x,cate8-00083,31,32,closed,16,17,12,12,16,17.0,17.0
yolov8x,cate8-00113,47,48,open,30,31,0,41,31,31.0,31.0
yolov8x,cate8-00113,47,48,half,30,31,20,41,31,31.0,31.0
yolov8x,cate8-00113,47,48,closed,30,31,41,41,29,31.0,
yolov8x,cate8-00113,42,43,open,25,26,0,14,26,26.0,26.0
yolov8x,cate8-00113,42,43,half,25,26,7,14,25,26.0,26.0
yolov8x,cate8-00113,42,43,closed,25,26,14,14,25,26.0,26.0
yolov8x,cate8-00113,14,15,open,3,4,0,16,4,4.0,4.0
yolov8x,cate8-00113,14,15,half,3,4,8,16,3,4.0,
yolov8x,cate8-00113,14,15,closed,3,4,16,16,3,4.0,3.0
yolov8x,cate8-00131,12,13,open,1,2,0,15,1,,4.0
yolov8x,cate8-00131,12,13,half,1,2,8,15,1,,2.0
yolov8x,cate8-00131,12,13,closed,1,2,15,15,1,,2.0
yolov8x,cate8-00131,33,34,open,18,19,0,19,20,20.0,20.0
yolov8x,cate8-00131,33,34,half,18,19,10,19,20,20.0,20.0
yolov8x,cate8-00131,33,34,closed,18,19,19,19,19,20.0,19.0
yolov8x,cate8-00131,21,22,open,8,9,0,13,9,9.0,9.0
yolov8x,cate8-00131,21,22,half,8,9,6,13,9,9.0,9.0
yolov8x,cate8-00131,21,22,closed,8,9,13,13,9,9.0,9.0
yolov8x,cate8-00137,45,46,open,28,29,0,17,29,29.0,29.0
yolov8x,cate8-00137,45,46,half,28,29,8,17,29,29.0,29.0
yolov8x,cate8-00137,45,46,closed,28,29,17,17,28,29.0,29.0
yolov8x,cate8-00137,11,12,open,0,1,0,17,1,1.0,1.0
yolov8x,cate8-00137,11,12,half,0,1,8,17,0,1.0,0.0
yolov8x,cate8-00137,11,12,closed,0,1,17,17,0,1.0,0.0
yolov8x,cate8-00137,31,32,open,16,17,0,10,17,17.0,17.0
yolov8x,cate8-00137,31,32,half,16,17,5,10,17,17.0,17.0
yolov8x,cate8-00137,31,32,closed,16,17,10,10,17,17.0,
yolov8x,cate8-00138,21,22,open,8,9,0,18,10,9.0,9.0
yolov8x,cate8-00138,21,22,half,8,9,9,18,8,9.0,9.0
yolov8x,cate8-00138,21,22,closed,8,9,18,18,8,9.0,
yolov8x,cate8-00138,25,26,open,12,13,0,16,13,13.0,13.0
yolov8x,cate8-00138,25,26,half,12,13,8,16,12,13.0,13.0
yolov8x,cate8-00138,25,26,closed,12,13,16,16,12,13.0,13.0
yolov8x,cate8-00138,15,16,open,4,5,0,15,5,5.0,5.0
yolov8x,cate8-00138,15,16,half,4,5,8,15,5,5.0,5.0
yolov8x,cate8-00138,15,16,closed,4,5,15,15,5,5.0,5.0
yolov8x,cate8-00145,44,45,open,27,28,0,29,29,28.0,28.0
yolov8x,cate8-00145,44,45,half,27,28,14,29,29,28.0,28.0
yolov8x,cate8-00145,44,45,closed,27,28,29,29,29,28.0,28.0
yolov8x,cate8-00145,15,16,open,4,5,0,12,5,5.0,5.0
yolov8x,cate8-00145,15,16,half,4,5,6,12,4,5.0,5.0
yolov8x,cate8-00145,15,16,closed,4,5,12,12,4,5.0,5.0
yolov8x,cate8-00145,17,18,open,6,7,0,25,6,7.0,7.0
yolov8x,cate8-00145,17,18,half,6,7,12,25,6,7.0,7.0
yolov8x,cate8-00145,17,18,closed,6,7,25,25,6,7.0,7.0
yolov8x,cate8-00217,26,27,open,13,14,0,31,14,14.0,14.0
yolov8x,cate8-00217,26,27,half,13,14,16,31,14,14.0,14.0
yolov8x,cate8-00217,26,27,closed,13,14,31,31,13,14.0,13.0
yolov8x,cate8-00217,25,26,open,12,13,0,16,13,13.0,13.0
yolov8x,cate8-00217,25,26,half,12,13,8,16,13,13.0,13.0
yolov8x,cate8-00217,25,26,closed,12,13,16,16,13,13.0,13.0
yolov8x,cate8-00217,11,12,open,0,1,0,21,1,1.0,1.0
yolov8x,cate8-00217,11,12,half,0,1,10,21,1,1.0,1.0
yolov8x,cate8-00217,11,12,closed,0,1,21,21,0,1.0,1.0
yolov8x,cate8-00224,31,32,open,16,17,0,12,17,17.0,18.0
yolov8x,cate8-00224,31,32,half,16,17,6,12,17,17.0,17.0
yolov8x,cate8-00224,31,32,closed,16,17,12,12,17,17.0,17.0
yolov8x,cate8-00224,42,43,open,25,26,0,9,26,26.0,
yolov8x,cate8-00224,42,43,half,25,26,4,9,26,26.0,26.0
yolov8x,cate8-00224,42,43,closed,25,26,9,9,26,26.0,26.0
yolov8x,cate8-00224,16,17,open,5,6,0,26,6,6.0,6.0
yolov8x,cate8-00224,16,17,half,5,6,13,26,5,6.0,6.0
yolov8x,cate8-00224,16,17,closed,5,6,26,26,5,6.0,5.0
yolov8x,cate8-00227,24,25,open,11,12,0,11,11,12.0,12.0
yolov8x,cate8-00227,24,25,half,11,12,6,11,11,12.0,12.0
yolov8x,cate8-00227,24,25,closed,11,12,11,11,11,12.0,11.0
yolov8x,cate8-00227,11,12,open,0,1,0,20,1,1.0,1.0
yolov8x,cate8-00227,11,12,half,0,1,10,20,1,1.0,0.0
yolov8x,cate8-00227,11,12,closed,0,1,20,20,0,1.0,0.0
yolov8x,cate8-00227,32,33,open,17,18,0,13,18,18.0,18.0
yolov8x,cate8-00227,32,33,half,17,18,6,13,17,18.0,18.0
yolov8x,cate8-00227,32,33,closed,17,18,13,13,17,18.0,18.0
yolov8x,cate8-00239,14,15,open,3,4,0,5,3,4.0,
yolov8x,cate8-00239,14,15,half,3,4,2,5,3,4.0,4.0
yolov8x,cate8-00239,14,15,closed,3,4,5,5,3,4.0,
yolov8x,cate8-00239,15,16,open,4,5,0,16,5,5.0,5.0
yolov8x,cate8-00239,15,16,half,4,5,8,16,4,5.0,4.0
yolov8x,cate8-00239,15,16,closed,4,5,16,16,3,5.0,4.0
yolov8x,cate8-00239,42,43,open,25,26,0,14,26,26.0,26.0
yolov8x,cate8-00239,42,43,half,25,26,7,14,25,26.0,26.0
yolov8x,cate8-00239,42,43,closed,25,26,14,14,25,26.0,
yolov8x,cate8-00246,26,27,open,13,14,0,26,13,14.0,14.0
yolov8x,cate8-00246,26,27,half,13,14,13,26,13,14.0,14.0
yolov8x,cate8-00246,26,27,closed,13,14,26,26,12,14.0,
yolov8x,cate8-00267,34,35,open,19,20,0,27,20,20.0,20.0
yolov8x,cate8-00267,34,35,half,19,20,14,27,20,20.0,20.0
yolov8x,cate8-00267,34,35,closed,19,20,27,27,19,20.0,19.0
yolov8x,cate8-00267,33,34,open,18,19,0,25,19,19.0,19.0
yolov8x,cate8-00267,33,34,half,18,19,12,25,19,19.0,19.0
yolov8x,cate8-00267,33,34,closed,18,19,25,25,18,19.0,
yolov8x,cate8-00267,21,22,open,8,9,0,24,9,9.0,9.0
yolov8x,cate8-00267,21,22,half,8,9,12,24,9,9.0,8.0
yolov8x,cate8-00267,21,22,closed,8,9,24,24,8,9.0,8.0
yolov8x,cate8-00274,42,43,open,25,26,0,14,26,26.0,26.0
yolov8x,cate8-00274,42,43,half,25,26,7,14,26,26.0,26.0
yolov8x,cate8-00274,42,43,closed,25,26,14,14,26,26.0,26.0
yolov8x,cate8-00274,44,45,open,27,28,0,17,28,28.0,28.0
yolov8x,cate8-00274,44,45,half,27,28,8,17,27,28.0,28.0
yolov8x,cate8-00274,44,45,closed,27,28,17,17,27,28.0,27.0
yolov8x,cate8-00274,24,25,open,11,12,0,18,12,12.0,12.0
yolov8x,cate8-00274,24,25,half,11,12,9,18,12,12.0,11.0
yolov8x,cate8-00274,24,25,closed,11,12,18,18,11,12.0,11.0
yolov8x,cate8-00299,34,35,open,19,20,0,31,20,20.0,20.0
yolov8x,cate8-00299,34,35,half,19,20,16,31,20,20.0,20.0
yolov8x,cate8-00299,34,35,closed,19,20,31,31,20,20.0,20.0
yolov8x,cate8-00299,32,33,open,17,18,0,19,18,18.0,18.0
yolov8x,cate8-00299,32,33,half,17,18,10,19,18,18.0,18.0
yolov8x,cate8-00299,32,33,closed,17,18,19,19,18,18.0,18.0
yolov8x,cate8-00299,22,23,open,9,10,0,19,10,10.0,10.0
yolov8x,cate8-00299,22,23,half,9,10,10,19,10,10.0,10.0
yolov8x,cate8-00299,22,23,closed,9,10,19,19,10,10.0,10.0
yolov8x,cate8-00317,23,24,open,10,11,0,16,11,11.0,11.0
yolov8x,cate8-00317,23,24,half,10,11,8,16,11,11.0,11.0
yolov8x,cate8-00317,23,24,closed,10,11,16,16,10,11.0,10.0
yolov8x,cate8-00317,43,44,open,26,27,0,18,27,27.0,27.0
yolov8x,cate8-00317,43,44,half,26,27,9,18,26,27.0,27.0
yolov8x,cate8-00317,43,44,closed,26,27,18,18,26,27.0,26.0
yolov8x,cate8-00317,21,22,open,8,9,0,18,9,9.0,9.0
yolov8x,cate8-00317,21,22,half,8,9,9,18,9,9.0,8.0
yolov8x,cate8-00317,21,22,closed,8,9,18,18,8,9.0,8.0
yolov8x,cate8-00347,41,42,open,24,25,0,13,24,25.0,25.0
yolov8x,cate8-00347,41,42,half,24,25,6,13,24,25.0,24.0
yolov8x,cate8-00347,41,42,closed,24,25,13,13,24,25.0,24.0
yolov8x,cate8-00347,21,22,open,8,9,0,17,9,9.0,9.0
yolov8x,cate8-00347,21,22,half,8,9,8,17,8,9.0,8.0
yolov8x,cate8-00347,21,22,closed,8,9,17,17,8,9.0,8.0
yolov8x,cate8-00347,32,33,open,17,18,0,17,18,18.0,18.0
yolov8x,cate8-00347,32,33,half,17,18,8,17,18,18.0,18.0
yolov8x,cate8-00347,32,33,closed,17,18,17,17,18,18.0,18.0
yolov8x,cate8-00353,22,23,open,9,10,0,11,9,10.0,10.0
yolov8x,cate8-00353,22,23,half,9,10,6,11,9,10.0,10.0
yolov8x,cate8-00353,22,23,closed,9,10,11,11,9,10.0,10.0
yolov8x,cate8-00353,12,13,open,1,2,0,7,2,2.0,1.0
yolov8x,cate8-00353,12,13,half,1,2,4,7,0,2.0,2.0
yolov8x,cate8-00353,12,13,closed,1,2,7,7,0,2.0,1.0
yolov8x,cate8-00353,33,34,open,18,19,0,16,18,19.0,
yolov8x,cate8-00353,33,34,half,18,19,8,16,18,19.0,19.0
yolov8x,cate8-00353,33,34,closed,18,19,16,16,17,19.0,19.0
yolov8x,cate8-00361,45,46,open,28,29,0,23,29,29.0,29.0
yolov8x,cate8-00361,45,46,half,28,29,12,23,29,29.0,29.0
yolov8x,cate8-00361,45,46,closed,28,29,23,23,29,29.0,29.0
yolov8x,cate8-00361,13,14,open,2,3,0,14,3,3.0,3.0
yolov8x,cate8-00361,13,14,half,2,3,7,14,3,3.0,3.0
yolov8x,cate8-00361,13,14,closed,2,3,14,14,3,3.0,3.0
yolov8x,cate8-00361,44,45,open,27,28,0,19,28,28.0,28.0
yolov8x,cate8-00361,44,45,half,27,28,10,19,28,28.0,28.0
yolov8x,cate8-00361,44,45,closed,27,28,19,19,27,28.0,27.0
yolov8x,cate8-00371,13,14,open,2,3,0,27,4,3.0,3.0
yolov8x,cate8-00371,13,14,half,2,3,14,27,4,3.0,3.0
yolov8x,cate8-00371,13,14,closed,2,3,27,27,2,3.0,2.0
yolov8x,cate8-00371,34,35,open,19,20,0,23,20,20.0,20.0
yolov8x,cate8-00371,34,35,half,19,20,12,23,20,20.0,20.0
yolov8x,cate8-00371,34,35,closed,19,20,23,23,20,20.0,19.0
yolov8x,cate8-00371,43,44,open,26,27,0,24,27,27.0,27.0
yolov8x,cate8-00371,43,44,half,26,27,12,24,27,27.0,27.0
yolov8x,cate8-00371,43,44,closed,26,27,24,24,27,27.0,26.0
yolov8x,cate8-00411,14,15,open,3,4,0,18,4,4.0,4.0
yolov8x,cate8-00411,14,15,half,3,4,9,18,4,4.0,3.0
yolov8x,cate8-00411,14,15,closed,3,4,18,18,3,4.0,3.0
yolov8x,cate8-00411,42,43,open,25,26,0,13,26,26.0,26.0
yolov8x,cate8-00411,42,43,half,25,26,6,13,25,26.0,26.0
yolov8x,cate8-00411,42,43,closed,25,26,13,13,26,26.0,26.0
yolov8x,cate8-00411,24,25,open,11,12,0,18,12,12.0,12.0
yolov8x,cate8-00411,24,25,half,11,12,9,18,11,12.0,12.0
yolov8x,cate8-00411,24,25,closed,11,12,18,18,11,12.0,11.0
yolov8x,cate8-00425,24,25,open,11,12,0,10,11,12.0,11.0
yolov8x,cate8-00425,24,25,half,11,12,5,10,11,12.0,11.0
yolov8x,cate8-00425,24,25,closed,11,12,10,10,11,12.0,11.0
yolov8x,cate8-00425,45,46,open,28,29,0,15,29,29.0,29.0
yolov8x,cate8-00425,45,46,half,28,29,8,15,29,29.0,29.0
yolov8x,cate8-00425,45,46,closed,28,29,15,15,28,29.0,29.0
yolov8x,cate8-00425,26,27,open,13,14,0,22,13,14.0,
yolov8x,cate8-00425,26,27,half,13,14,11,22,13,14.0,
yolov8x,cate8-00425,26,27,closed,13,14,22,22,12,14.0,13.0
yolov8x,cate8-00433,24,25,open,11,12,0,16,12,12.0,12.0
yolov8x,cate8-00433,24,25,half,11,12,8,16,11,12.0,
yolov8x,cate8-00433,24,25,closed,11,12,16,16,11,12.0,11.0
yolov8x,cate8-00433,12,13,open,1,2,0,17,2,2.0,2.0
yolov8x,cate8-00433,12,13,half,1,2,8,17,2,2.0,2.0
yolov8x,cate8-00433,12,13,closed,1,2,17,17,1,2.0,2.0
yolov8x,cate8-00433,13,14,open,2,3,0,17,3,3.0,3.0
yolov8x,cate8-00433,13,14,half,2,3,8,17,3,3.0,3.0
yolov8x,cate8-00433,13,14,closed,2,3,17,17,2,3.0,2.0
yolov8x,cate9-00016,13,14,open,2,3,0,22,2,3.0,3.0
yolov8x,cate9-00016,13,14,half,2,3,11,22,1,3.0,3.0
yolov8x,cate9-00016,13,14,closed,2,3,22,22,1,3.0,2.0
yolov8x,cate9-00016,12,13,open,1,2,0,13,1,2.0,2.0
yolov8x,cate9-00016,12,13,half,1,2,6,13,1,2.0,2.0
yolov8x,cate9-00016,12,13,closed,1,2,13,13,1,2.0,2.0
yolov8x,cate9-00016,37,38,open,22,23,0,23,23,23.0,23.0
yolov8x,cate9-00016,37,38,half,22,23,12,23,23,23.0,23.0
yolov8x,cate9-00016,37,38,closed,22,23,23,23,15,23.0,23.0
rtdetr_l,cate1-00017,42,43,open,25,26,0,11,25,26.0,26.0
rtdetr_l,cate1-00017,42,43,half,25,26,6,11,24,26.0,26.0
rtdetr_l,cate1-00017,42,43,closed,25,26,11,11,24,26.0,26.0
rtdetr_l,cate1-00017,31,32,open,16,17,0,15,17,,
rtdetr_l,cate1-00017,31,32,half,16,17,8,15,17,,17.0
rtdetr_l,cate1-00017,31,32,closed,16,17,15,15,16,,17.0
rtdetr_l,cate1-00017,11,12,open,0,1,0,20,0,1.0,1.0
rtdetr_l,cate1-00017,11,12,half,0,1,10,20,0,1.0,1.0
rtdetr_l,cate1-00017,11,12,closed,0,1,20,20,8,1.0,0.0
rtdetr_l,cate1-00032,36,37,open,21,22,0,32,22,22.0,22.0
rtdetr_l,cate1-00032,36,37,half,21,22,16,32,21,22.0,22.0
rtdetr_l,cate1-00032,36,37,closed,21,22,32,32,21,22.0,21.0
rtdetr_l,cate1-00032,24,25,open,11,12,0,16,12,12.0,12.0
rtdetr_l,cate1-00032,24,25,half,11,12,8,16,12,12.0,12.0
rtdetr_l,cate1-00032,24,25,closed,11,12,16,16,12,12.0,11.0
rtdetr_l,cate1-00032,26,27,open,13,14,0,25,14,14.0,14.0
rtdetr_l,cate1-00032,26,27,half,13,14,12,25,14,14.0,14.0
rtdetr_l,cate1-00032,26,27,closed,13,14,25,25,14,14.0,14.0
rtdetr_l,cate1-00047,46,47,open,29,30,0,33,30,30.0,30.0
rtdetr_l,cate1-00047,46,47,half,29,30,16,33,30,30.0,30.0
rtdetr_l,cate1-00047,46,47,closed,29,30,33,33,29,30.0,30.0
rtdetr_l,cate1-00047,43,44,open,26,27,0,11,28,27.0,27.0
rtdetr_l,cate1-00047,43,44,half,26,27,6,11,28,27.0,27.0
rtdetr_l,cate1-00047,43,44,closed,26,27,11,11,27,27.0,27.0
rtdetr_l,cate1-00047,12,13,open,1,2,0,20,2,2.0,2.0
rtdetr_l,cate1-00047,12,13,half,1,2,10,20,2,2.0,2.0
rtdetr_l,cate1-00047,12,13,closed,1,2,20,20,1,2.0,2.0
rtdetr_l,cate1-00050,21,22,open,8,9,0,20,9,9.0,9.0
rtdetr_l,cate1-00050,21,22,half,8,9,10,20,8,9.0,8.0
rtdetr_l,cate1-00050,21,22,closed,8,9,20,20,8,9.0,8.0
rtdetr_l,cate1-00050,32,33,open,17,18,0,20,19,18.0,18.0
rtdetr_l,cate1-00050,32,33,half,17,18,10,20,18,18.0,18.0
rtdetr_l,cate1-00050,32,33,closed,17,18,20,20,17,18.0,18.0
rtdetr_l,cate1-00050,34,35,open,19,20,0,22,20,20.0,20.0
rtdetr_l,cate1-00050,34,35,half,19,20,11,22,20,20.0,20.0
rtdetr_l,cate1-00050,34,35,closed,19,20,22,22,19,20.0,19.0
rtdetr_l,cate1-00071,36,37,open,21,22,0,30,22,22.0,22.0
rtdetr_l,cate1-00071,36,37,half,21,22,15,30,22,22.0,22.0
rtdetr_l,cate1-00071,36,37,closed,21,22,30,30,21,22.0,22.0
rtdetr_l,cate1-00071,37,38,open,22,23,0,32,23,23.0,23.0
rtdetr_l,cate1-00071,37,38,half,22,23,16,32,14,23.0,23.0
rtdetr_l,cate1-00071,37,38,closed,22,23,32,32,14,23.0,22.0
rtdetr_l,cate1-00071,17,18,open,6,7,0,19,7,7.0,7.0
rtdetr_l,cate1-00071,17,18,half,6,7,10,19,6,7.0,7.0
rtdetr_l,cate1-00071,17,18,closed,6,7,19,19,6,7.0,6.0
rtdetr_l,cate10-00027,26,27,open,13,14,0,30,14,14.0,14.0
rtdetr_l,cate10-00027,26,27,half,13,14,15,30,14,14.0,14.0
rtdetr_l,cate10-00027,26,27,closed,13,14,30,30,13,14.0,13.0
rtdetr_l,cate10-00027,43,44,open,26,27,0,9,27,27.0,27.0
rtdetr_l,cate10-00027,43,44,half,26,27,4,9,26,27.0,27.0
rtdetr_l,cate10-00027,43,44,closed,26,27,9,9,26,27.0,27.0
rtdetr_l,cate10-00027,42,43,open,25,26,0,5,25,26.0,26.0
rtdetr_l,cate10-00027,42,43,half,25,26,2,5,25,26.0,26.0
rtdetr_l,cate10-00027,42,43,closed,25,26,5,5,25,26.0,26.0
rtdetr_l,cate10-00042,45,46,open,28,29,0,17,29,29.0,29.0
rtdetr_l,cate10-00042,45,46,half,28,29,8,17,29,29.0,29.0
rtdetr_l,cate10-00042,45,46,closed,28,29,17,17,29,29.0,29.0
rtdetr_l,cate10-00042,46,47,open,29,30,0,32,30,30.0,30.0
rtdetr_l,cate10-00042,46,47,half,29,30,16,32,30,30.0,30.0
rtdetr_l,cate10-00042,46,47,closed,29,30,32,32,29,30.0,30.0
rtdetr_l,cate10-00042,36,37,open,21,22,0,33,22,22.0,22.0
rtdetr_l,cate10-00042,36,37,half,21,22,16,33,22,22.0,22.0
rtdetr_l,cate10-00042,36,37,closed,21,22,33,33,21,22.0,22.0
rtdetr_l,cate10-00048,42,43,open,25,26,0,13,26,27.0,26.0
rtdetr_l,cate10-00048,42,43,half,25,26,6,13,26,27.0,
rtdetr_l,cate10-00048,42,43,closed,25,26,13,13,26,27.0,26.0
rtdetr_l,cate10-00048,41,42,open,24,25,0,8,26,25.0,25.0
rtdetr_l,cate10-00048,41,42,half,24,25,4,8,25,25.0,25.0
rtdetr_l,cate10-00048,41,42,closed,24,25,8,8,25,25.0,25.0
rtdetr_l,cate10-00048,31,32,open,16,17,0,12,17,17.0,17.0
rtdetr_l,cate10-00048,31,32,half,16,17,6,12,16,17.0,17.0
rtdetr_l,cate10-00048,31,32,closed,16,17,12,12,24,17.0,17.0
rtdetr_l,cate10-00072,41,42,open,24,25,0,14,25,25.0,25.0
rtdetr_l,cate10-00072,41,42,half,24,25,7,14,24,25.0,24.0
rtdetr_l,cate10-00072,41,42,closed,24,25,14,14,24,25.0,24.0
rtdetr_l,cate10-00072,23,24,open,10,11,0,18,11,11.0,11.0
rtdetr_l,cate10-00072,23,24,half,10,11,9,18,11,11.0,11.0
rtdetr_l,cate10-00072,23,24,closed,10,11,18,18,10,11.0,10.0
rtdetr_l,cate10-00072,44,45,open,27,28,0,18,28,28.0,28.0
rtdetr_l,cate10-00072,44,45,half,27,28,9,18,27,28.0,28.0
rtdetr_l,cate10-00072,44,45,closed,27,28,18,18,27,28.0,27.0
rtdetr_l,cate10-00085,41,42,open,24,25,0,11,25,24.0,24.0
rtdetr_l,cate10-00085,41,42,half,24,25,6,11,25,24.0,24.0
rtdetr_l,cate10-00085,41,42,closed,24,25,11,11,25,24.0,24.0
rtdetr_l,cate10-00085,33,34,open,18,19,0,18,20,19.0,20.0
rtdetr_l,cate10-00085,33,34,half,18,19,9,18,18,19.0,19.0
rtdetr_l,cate10-00085,33,34,closed,18,19,18,18,18,19.0,19.0
rtdetr_l,cate10-00085,31,32,open,16,17,0,12,18,17.0,17.0
rtdetr_l,cate10-00085,31,32,half,16,17,6,12,17,17.0,17.0
rtdetr_l,cate10-00085,31,32,closed,16,17,12,12,17,17.0,17.0
rtdetr_l,cate10-00092,47,48,open,30,31,0,30,30,31.0,31.0
rtdetr_l,cate10-00092,47,48,half,30,31,15,30,30,31.0,31.0
rtdetr_l,cate10-00092,47,48,closed,30,31,30,30,5,31.0,31.0
rtdetr_l,cate10-00092,46,47,open,29,30,0,31,29,30.0,30.0
rtdetr_l,cate10-00092,46,47,half,29,30,16,31,29,30.0,30.0
rtdetr_l,cate10-00092,46,47,closed,29,30,31,31,29,30.0,30.0
rtdetr_l,cate10-00092,21,22,open,8,9,0,13,9,9.0,9.0
rtdetr_l,cate10-00092,21,22,half,8,9,6,13,9,9.0,9.0
rtdetr_l,cate10-00092,21,22,closed,8,9,13,13,8,9.0,9.0
rtdetr_l,cate2-00001,32,33,open,17,18,0,14,19,18.0,18.0
rtdetr_l,cate2-00001,32,33,half,17,18,7,14,18,18.0,18.0
rtdetr_l,cate2-00001,32,33,closed,17,18,14,14,18,18.0,18.0
rtdetr_l,cate2-00001,13,14,open,2,3,0,20,3,3.0,
rtdetr_l,cate2-00001,13,14,half,2,3,10,20,2,3.0,3.0
rtdetr_l,cate2-00001,13,14,closed,2,3,20,20,1,3.0,2.0
rtdetr_l,cate2-00001,23,24,open,10,11,0,18,12,11.0,
rtdetr_l,cate2-00001,23,24,half,10,11,9,18,11,11.0,11.0
rtdetr_l,cate2-00001,23,24,closed,10,11,18,18,11,11.0,11.0
rtdetr_l,cate2-00004,33,34,open,18,19,0,12,19,19.0,19.0
rtdetr_l,cate2-00004,33,34,half,18,19,6,12,18,19.0,19.0
rtdetr_l,cate2-00004,33,34,closed,18,19,12,12,18,19.0,19.0
rtdetr_l,cate2-00004,47,48,open,30,31,0,35,31,31.0,31.0
rtdetr_l,cate2-00004,47,48,half,30,31,18,35,31,31.0,31.0
rtdetr_l,cate2-00004,47,48,closed,30,31,35,35,31,31.0,31.0
rtdetr_l,cate2-00004,42,43,open,25,26,0,15,26,26.0,26.0
rtdetr_l,cate2-00004,42,43,half,25,26,8,15,26,26.0,26.0
rtdetr_l,cate2-00004,42,43,closed,25,26,15,15,26,26.0,26.0
rtdetr_l,cate2-00006,13,14,open,2,3,0,17,4,3.0,3.0
rtdetr_l,cate2-00006,13,14,half,2,3,8,17,3,3.0,3.0
rtdetr_l,cate2-00006,13,14,closed,2,3,17,17,3,3.0,2.0
rtdetr_l,cate2-00006,21,22,open,8,9,0,25,9,9.0,9.0
rtdetr_l,cate2-00006,21,22,half,8,9,12,25,8,9.0,9.0
rtdetr_l,cate2-00006,21,22,closed,8,9,25,25,0,9.0,9.0
rtdetr_l,cate2-00006,46,47,open,29,30,0,32,30,30.0,30.0
rtdetr_l,cate2-00006,46,47,half,29,30,16,32,30,30.0,30.0
rtdetr_l,cate2-00006,46,47,closed,29,30,32,32,29,30.0,29.0
rtdetr_l,cate2-00016,27,28,open,14,15,0,30,15,15.0,15.0
rtdetr_l,cate2-00016,27,28,half,14,15,15,30,15,15.0,15.0
rtdetr_l,cate2-00016,27,28,closed,14,15,30,30,15,15.0,15.0
rtdetr_l,cate2-00016,45,46,open,28,29,0,17,29,29.0,29.0
rtdetr_l,cate2-00016,45,46,half,28,29,8,17,28,29.0,29.0
rtdetr_l,cate2-00016,45,46,closed,28,29,17,17,28,29.0,29.0
rtdetr_l,cate2-00016,32,33,open,17,18,0,13,19,18.0,18.0
rtdetr_l,cate2-00016,32,33,half,17,18,6,13,18,18.0,18.0
rtdetr_l,cate2-00016,32,33,closed,17,18,13,13,18,18.0,18.0
rtdetr_l,cate2-00019,42,43,open,25,26,0,12,26,26.0,26.0
rtdetr_l,cate2-00019,42,43,half,25,26,6,12,25,26.0,26.0
rtdetr_l,cate2-00019,42,43,closed,25,26,12,12,25,26.0,26.0
rtdetr_l,cate2-00019,35,36,open,20,21,0,20,21,21.0,21.0
rtdetr_l,cate2-00019,35,36,half,20,21,10,20,21,21.0,21.0
rtdetr_l,cate2-00019,35,36,closed,20,21,20,20,20,21.0,21.0
rtdetr_l,cate2-00019,15,16,open,4,5,0,16,5,5.0,5.0
rtdetr_l,cate2-00019,15,16,half,4,5,8,16,5,5.0,5.0
rtdetr_l,cate2-00019,15,16,closed,4,5,16,16,5,5.0,5.0
rtdetr_l,cate2-00023,32,33,open,17,18,0,14,18,18.0,18.0
rtdetr_l,cate2-00023,32,33,half,17,18,7,14,18,18.0,18.0
rtdetr_l,cate2-00023,32,33,closed,17,18,14,14,18,18.0,18.0
rtdetr_l,cate2-00023,45,46,open,28,29,0,2,29,29.0,29.0
rtdetr_l,cate2-00023,45,46,half,28,29,1,2,29,29.0,29.0
rtdetr_l,cate2-00023,45,46,closed,28,29,2,2,29,29.0,29.0
rtdetr_l,cate2-00023,11,12,open,0,1,0,21,1,1.0,
rtdetr_l,cate2-00023,11,12,half,0,1,10,21,1,1.0,1.0
rtdetr_l,cate2-00023,11,12,closed,0,1,21,21,0,1.0,0.0
rtdetr_l,cate2-00032,26,27,open,13,14,0,31,14,14.0,14.0
rtdetr_l,cate2-00032,26,27,half,13,14,16,31,14,14.0,14.0
rtdetr_l,cate2-00032,26,27,closed,13,14,31,31,13,14.0,14.0
rtdetr_l,cate2-00032,33,34,open,18,19,0,14,19,19.0,19.0
rtdetr_l,cate2-00032,33,34,half,18,19,7,14,19,19.0,19.0
rtdetr_l,cate2-00032,33,34,closed,18,19,14,14,18,19.0,19.0
rtdetr_l,cate2-00033,44,45,open,27,28,0,15,28,28.0,28.0
rtdetr_l,cate2-00033,44,45,half,27,28,8,15,28,28.0,28.0
rtdetr_l,cate2-00033,44,45,closed,27,28,15,15,27,28.0,28.0
rtdetr_l,cate2-00033,45,46,open,28,29,0,16,29,29.0,29.0
rtdetr_l,cate2-00033,45,46,half,28,29,8,16,29,29.0,29.0
rtdetr_l,cate2-00033,45,46,closed,28,29,16,16,29,29.0,29.0
rtdetr_l,cate2-00033,36,37,open,21,22,0,40,22,22.0,22.0
rtdetr_l,cate2-00033,36,37,half,21,22,20,40,21,22.0,22.0
rtdetr_l,cate2-00033,36,37,closed,21,22,40,40,21,22.0,22.0
rtdetr_l,cate2-00101,16,17,open,5,6,0,26,7,6.0,6.0
rtdetr_l,cate2-00101,16,17,half,5,6,13,26,4,6.0,6.0
rtdetr_l,cate2-00101,16,17,closed,5,6,26,26,4,6.0,6.0
rtdetr_l,cate2-00101,27,28,open,14,15,0,23,15,15.0,15.0
rtdetr_l,cate2-00101,27,28,half,14,15,12,23,15,15.0,15.0
rtdetr_l,cate2-00101,27,28,closed,14,15,23,23,13,15.0,15.0
rtdetr_l,cate2-00101,45,46,open,28,29,0,19,29,29.0,29.0
rtdetr_l,cate2-00101,45,46,half,28,29,10,19,29,29.0,29.0
rtdetr_l,cate2-00101,45,46,closed,28,29,19,19,28,29.0,29.0
rtdetr_l,cate2-00103,41,42,open,24,25,0,8,25,25.0,25.0
rtdetr_l,cate2-00103,41,42,half,24,25,4,8,25,25.0,25.0
rtdetr_l,cate2-00103,41,42,closed,24,25,8,8,25,25.0,25.0
rtdetr_l,cate2-00103,25,26,open,12,13,0,18,13,13.0,13.0
rtdetr_l,cate2-00103,25,26,half,12,13,9,18,13,13.0,13.0
rtdetr_l,cate2-00103,25,26,closed,12,13,18,18,13,13.0,13.0
rtdetr_l,cate2-00103,33,34,open,18,19,0,11,19,19.0,
rtdetr_l,cate2-00103,33,34,half,18,19,6,11,18,19.0,19.0
rtdetr_l,cate2-00103,33,34,closed,18,19,11,11,18,19.0,19.0
rtdetr_l,cate2-00109,45,46,open,28,29,0,16,29,29.0,29.0
rtdetr_l,cate2-00109,45,46,half,28,29,8,16,29,29.0,29.0
rtdetr_l,cate2-00109,45,46,closed,28,29,16,16,29,29.0,29.0
rtdetr_l,cate2-00109,37,38,open,22,23,0,32,23,23.0,23.0
rtdetr_l,cate2-00109,37,38,half,22,23,16,32,22,23.0,23.0
rtdetr_l,cate2-00109,37,38,closed,22,23,32,32,22,23.0,22.0
rtdetr_l,cate2-00109,42,43,open,25,26,0,14,26,26.0,26.0
rtdetr_l,cate2-00109,42,43,half,25,26,7,14,26,26.0,26.0
rtdetr_l,cate2-00109,42,43,closed,25,26,14,14,26,26.0,26.0
rtdetr_l,cate2-00110,41,42,open,24,25,0,9,24,25.0,25.0
rtdetr_l,cate2-00110,41,42,half,24,25,4,9,24,25.0,25.0
rtdetr_l,cate2-00110,41,42,closed,24,25,9,9,16,25.0,24.0
rtdetr_l,cate2-00110,37,38,open,22,23,0,26,23,23.0,23.0
rtdetr_l,cate2-00110,37,38,half,22,23,13,26,23,23.0,23.0
rtdetr_l,cate2-00110,37,38,closed,22,23,26,26,22,23.0,22.0
rtdetr_l,cate2-00110,32,33,open,17,18,0,13,18,18.0,18.0
rtdetr_l,cate2-00110,32,33,half,17,18,6,13,18,18.0,18.0
rtdetr_l,cate2-00110,32,33,closed,17,18,13,13,18,18.0,18.0
rtdetr_l,cate2-00122,21,22,open,8,9,0,20,9,9.0,9.0
rtdetr_l,cate2-00122,21,22,half,8,9,10,20,8,9.0,9.0
rtdetr_l,cate2-00122,21,22,closed,8,9,20,20,8,9.0,8.0
rtdetr_l,cate2-00122,13,14,open,2,3,0,14,4,3.0,2.0
rtdetr_l,cate2-00122,13,14,half,2,3,7,14,4,3.0,3.0
rtdetr_l,cate2-00122,13,14,closed,2,3,14,14,3,3.0,3.0
rtdetr_l,cate2-00122,24,25,open,11,12,0,19,12,12.0,11.0
rtdetr_l,cate2-00122,24,25,half,11,12,10,19,11,12.0,11.0
rtdetr_l,cate2-00122,24,25,closed,11,12,19,19,11,12.0,11.0
rtdetr_l,cate2-00123,25,26,open,12,13,0,16,13,13.0,13.0
rtdetr_l,cate2-00123,25,26,half,12,13,8,16,13,13.0,13.0
rtdetr_l,cate2-00123,25,26,closed,12,13,16,16,13,13.0,13.0
rtdetr_l,cate2-00123,11,12,open,0,1,0,20,1,1.0,1.0
rtdetr_l,cate2-00123,11,12,half,0,1,10,20,1,1.0,0.0
rtdetr_l,cate2-00123,11,12,closed,0,1,20,20,0,1.0,0.0
rtdetr_l,cate2-00123,26,27,open,13,14,0,27,15,14.0,14.0
rtdetr_l,cate2-00123,26,27,half,13,14,14,27,14,14.0,13.0
rtdetr_l,cate2-00123,26,27,closed,13,14,27,27,13,14.0,13.0
rtdetr_l,cate3-00003,15,16,open,4,5,0,16,5,5.0,5.0
rtdetr_l,cate3-00003,15,16,half,4,5,8,16,5,5.0,5.0
rtdetr_l,cate3-00003,15,16,closed,4,5,16,16,5,5.0,5.0
rtdetr_l,cate3-00003,32,33,open,17,18,0,19,18,18.0,18.0
rtdetr_l,cate3-00003,32,33,half,17,18,10,19,18,18.0,18.0
rtdetr_l,cate3-00003,32,33,closed,17,18,19,19,17,18.0,18.0
rtdetr_l,cate3-00003,42,43,open,25,26,0,15,26,26.0,26.0
rtdetr_l,cate3-00003,42,43,half,25,26,8,15,26,26.0,26.0
rtdetr_l,cate3-00003,42,43,closed,25,26,15,15,26,26.0,26.0
rtdetr_l,cate3-00007,23,24,open,10,11,0,16,11,11.0,11.0
rtdetr_l,cate3-00007,23,24,half,10,11,8,16,11,11.0,11.0
rtdetr_l,cate3-00007,23,24,closed,10,11,16,16,11,11.0,11.0
rtdetr_l,cate3-00007,35,36,open,20,21,0,19,21,21.0,21.0
rtdetr_l,cate3-00007,35,36,half,20,21,10,19,21,21.0,21.0
rtdetr_l,cate3-00007,35,36,closed,20,21,19,19,21,21.0,21.0
rtdetr_l,cate3-00007,16,17,open,5,6,0,29,7,6.0,6.0
rtdetr_l,cate3-00007,16,17,half,5,6,14,29,6,6.0,6.0
rtdetr_l,cate3-00007,16,17,closed,5,6,29,29,6,6.0,6.0
rtdetr_l,cate3-00027,22,23,open,9,10,0,21,10,10.0,10.0
rtdetr_l,cate3-00027,22,23,half,9,10,10,21,10,10.0,10.0
rtdetr_l,cate3-00027,22,23,closed,9,10,21,21,10,10.0,10.0
rtdetr_l,cate3-00027,15,16,open,4,5,0,20,5,5.0,5.0
rtdetr_l,cate3-00027,15,16,half,4,5,10,20,5,5.0,5.0
rtdetr_l,cate3-00027,15,16,closed,4,5,20,20,5,5.0,5.0
rtdetr_l,cate3-00027,14,15,open,3,4,0,23,5,4.0,4.0
rtdetr_l,cate3-00027,14,15,half,3,4,12,23,4,4.0,4.0
rtdetr_l,cate3-00027,14,15,closed,3,4,23,23,3,4.0,3.0
rtdetr_l,cate4-00069,21,22,open,8,9,0,19,9,9.0,9.0
rtdetr_l,cate4-00069,21,22,half,8,9,10,19,9,9.0,9.0
rtdetr_l,cate4-00069,21,22,closed,8,9,19,19,8,9.0,9.0
rtdetr_l,cate4-00069,24,25,open,11,12,0,20,12,12.0,12.0
rtdetr_l,cate4-00069,24,25,half,11,12,10,20,12,12.0,12.0
rtdetr_l,cate4-00069,24,25,closed,11,12,20,20,12,12.0,12.0
rtdetr_l,cate4-00069,44,45,open,27,28,0,23,28,28.0,28.0
rtdetr_l,cate4-00069,44,45,half,27,28,12,23,27,28.0,28.0
rtdetr_l,cate4-00069,44,45,closed,27,28,23,23,27,28.0,27.0
rtdetr_l,cate4-00087,45,46,open,28,29,0,20,29,29.0,29.0
rtdetr_l,cate4-00087,45,46,half,28,29,10,20,29,29.0,29.0
rtdetr_l,cate4-00087,45,46,closed,28,29,20,20,29,29.0,29.0
rtdetr_l,cate4-00087,14,15,open,3,4,0,16,4,4.0,4.0
rtdetr_l,cate4-00087,14,15,half,3,4,8,16,4,4.0,4.0
rtdetr_l,cate4-00087,14,15,closed,3,4,16,16,3,4.0,3.0
rtdetr_l,cate4-00087,23,24,open,10,11,0,20,11,11.0,11.0
rtdetr_l,cate4-00087,23,24,half,10,11,10,20,10,11.0,10.0
rtdetr_l,cate4-00087,23,24,closed,10,11,20,20,10,11.0,10.0
rtdetr_l,cate4-00089,26,27,open,13,14,0,26,14,14.0,14.0
rtdetr_l,cate4-00089,26,27,half,13,14,13,26,14,14.0,14.0
rtdetr_l,cate4-00089,26,27,closed,13,14,26,26,13,14.0,13.0
rtdetr_l,cate4-00089,12,13,open,1,2,0,9,2,2.0,2.0
rtdetr_l,cate4-00089,12,13,half,1,2,4,9,1,2.0,2.0
rtdetr_l,cate4-00089,12,13,closed,1,2,9,9,1,2.0,2.0
rtdetr_l,cate4-00089,36,37,open,21,22,0,32,22,22.0,22.0
rtdetr_l,cate4-00089,36,37,half,21,22,16,32,22,22.0,22.0
rtdetr_l,cate4-00089,36,37,closed,21,22,32,32,22,22.0,22.0
rtdetr_l,cate4-00094,42,43,open,25,26,0,16,26,26.0,26.0
rtdetr_l,cate4-00094,42,43,half,25,26,8,16,26,26.0,26.0
rtdetr_l,cate4-00094,42,43,closed,25,26,16,16,26,26.0,26.0
rtdetr_l,cate4-00094,35,36,open,20,21,0,21,21,21.0,21.0
rtdetr_l,cate4-00094,35,36,half,20,21,10,21,21,21.0,21.0
rtdetr_l,cate4-00094,35,36,closed,20,21,21,21,21,21.0,21.0
rtdetr_l,cate4-00094,25,26,open,12,13,0,20,13,13.0,13.0
rtdetr_l,cate4-00094,25,26,half,12,13,10,20,13,13.0,13.0
rtdetr_l,cate4-00094,25,26,closed,12,13,20,20,13,13.0,13.0
rtdetr_l,cate4-00099,44,45,open,27,28,0,20,28,28.0,28.0
rtdetr_l,cate4-00099,44,45,half,27,28,10,20,28,28.0,28.0
rtdetr_l,cate4-00099,44,45,closed,27,28,20,20,27,28.0,27.0
rtdetr_l,cate4-00099,47,48,open,30,31,0,38,31,31.0,31.0
rtdetr_l,cate4-00099,47,48,half,30,31,19,38,31,31.0,31.0
rtdetr_l,cate4-00099,47,48,closed,30,31,38,38,31,31.0,31.0
rtdetr_l,cate4-00099,13,14,open,2,3,0,13,3,3.0,3.0
rtdetr_l,cate4-00099,13,14,half,2,3,6,13,3,3.0,3.0
rtdetr_l,cate4-00099,13,14,closed,2,3,13,13,3,3.0,3.0
rtdetr_l,cate4-00111,37,38,open,22,23,0,33,23,23.0,23.0
rtdetr_l,cate4-00111,37,38,half,22,23,16,33,23,23.0,23.0
rtdetr_l,cate4-00111,37,38,closed,22,23,33,33,23,23.0,22.0
rtdetr_l,cate4-00111,16,17,open,5,6,0,24,6,6.0,6.0
rtdetr_l,cate4-00111,16,17,half,5,6,12,24,6,6.0,6.0
rtdetr_l,cate4-00111,16,17,closed,5,6,24,24,6,6.0,6.0
rtdetr_l,cate4-00111,17,18,open,6,7,0,24,7,7.0,
rtdetr_l,cate4-00111,17,18,half,6,7,12,24,7,7.0,7.0
rtdetr_l,cate4-00111,17,18,closed,6,7,24,24,7,7.0,7.0
rtdetr_l,cate5-00001,33,34,open,18,19,0,13,19,19.0,
rtdetr_l,cate5-00001,33,34,half,18,19,6,13,19,19.0,18.0
rtdetr_l,cate5-00001,33,34,closed,18,19,13,13,18,19.0,18.0
rtdetr_l,cate5-00001,32,33,open,17,18,0,15,18,18.0,18.0
rtdetr_l,cate5-00001,32,33,half,17,18,8,15,18,18.0,18.0
rtdetr_l,cate5-00001,32,33,closed,17,18,15,15,17,18.0,17.0
rtdetr_l,cate5-00024,41,42,open,24,25,0,12,24,25.0,25.0
rtdetr_l,cate5-00024,41,42,half,24,25,6,12,16,25.0,24.0
rtdetr_l,cate5-00024,41,42,closed,24,25,12,12,16,25.0,24.0
rtdetr_l,cate5-00024,36,37,open,21,22,0,31,23,22.0,22.0
rtdetr_l,cate5-00024,36,37,half,21,22,16,31,22,22.0,22.0
rtdetr_l,cate5-00024,36,37,closed,21,22,31,31,21,22.0,21.0
rtdetr_l,cate5-00024,31,32,open,16,17,0,7,18,17.0,17.0
rtdetr_l,cate5-00024,31,32,half,16,17,4,7,17,17.0,17.0
rtdetr_l,cate5-00024,31,32,closed,16,17,7,7,17,17.0,17.0
rtdetr_l,cate5-00025,31,32,open,16,17,0,9,17,17.0,17.0
rtdetr_l,cate5-00025,31,32,half,16,17,4,9,16,17.0,16.0
rtdetr_l,cate5-00025,31,32,closed,16,17,9,9,16,17.0,16.0
rtdetr_l,cate5-00025,42,43,open,25,26,0,11,25,26.0,26.0
rtdetr_l,cate5-00025,42,43,half,25,26,6,11,25,26.0,26.0
rtdetr_l,cate5-00025,42,43,closed,25,26,11,11,25,26.0,26.0
rtdetr_l,cate5-00025,32,33,open,17,18,0,14,17,18.0,18.0
rtdetr_l,cate5-00025,32,33,half,17,18,7,14,17,18.0,18.0
rtdetr_l,cate5-00025,32,33,closed,17,18,14,14,16,18.0,18.0
rtdetr_l,cate5-00060,33,34,open,18,19,0,11,19,19.0,19.0
rtdetr_l,cate5-00060,33,34,half,18,19,6,11,19,19.0,19.0
rtdetr_l,cate5-00060,33,34,closed,18,19,11,11,18,19.0,19.0
rtdetr_l,cate5-00060,34,35,open,19,20,0,17,19,20.0,21.0
rtdetr_l,cate5-00060,34,35,half,19,20,8,17,19,20.0,20.0
rtdetr_l,cate5-00060,34,35,closed,19,20,17,17,19,20.0,19.0
rtdetr_l,cate5-00060,31,32,open,16,17,0,14,17,17.0,17.0
rtdetr_l,cate5-00060,31,32,half,16,17,7,14,17,17.0,16.0
rtdetr_l,cate5-00060,31,32,closed,16,17,14,14,16,17.0,16.0
rtdetr_l,cate5-00067,12,13,open,1,2,0,16,2,2.0,2.0
rtdetr_l,cate5-00067,12,13,half,1,2,8,16,2,2.0,2.0
rtdetr_l,cate5-00067,12,13,closed,1,2,16,16,2,2.0,2.0
rtdetr_l,cate5-00067,41,42,open,24,25,0,13,25,25.0,25.0
rtdetr_l,cate5-00067,41,42,half,24,25,6,13,25,25.0,25.0
rtdetr_l,cate5-00067,41,42,closed,24,25,13,13,24,25.0,25.0
rtdetr_l,cate5-00067,22,23,open,9,10,0,15,10,10.0,10.0
rtdetr_l,cate5-00067,22,23,half,9,10,8,15,10,10.0,10.0
rtdetr_l,cate5-00067,22,23,closed,9,10,15,15,10,10.0,10.0
rtdetr_l,cate5-00072,31,32,open,16,17,0,15,16,17.0,17.0
rtdetr_l,cate5-00072,31,32,half,16,17,8,15,16,17.0,17.0
rtdetr_l,cate5-00072,31,32,closed,16,17,15,15,24,17.0,16.0
rtdetr_l,cate5-00072,24,25,open,11,12,0,16,11,13.0,13.0
rtdetr_l,cate5-00072,24,25,half,11,12,8,16,11,13.0,13.0
rtdetr_l,cate5-00072,24,25,closed,11,12,16,16,11,13.0,12.0
rtdetr_l,cate5-00072,25,26,open,12,13,0,22,13,14.0,13.0
rtdetr_l,cate5-00072,25,26,half,12,13,11,22,13,14.0,13.0
rtdetr_l,cate5-00072,25,26,closed,12,13,22,22,11,14.0,13.0
rtdetr_l,cate5-00084,31,32,open,16,17,0,13,17,17.0,17.0
rtdetr_l,cate5-00084,31,32,half,16,17,6,13,16,17.0,17.0
rtdetr_l,cate5-00084,31,32,closed,16,17,13,13,24,17.0,17.0
rtdetr_l,cate5-00084,26,27,open,13,14,0,29,14,14.0,14.0
rtdetr_l,cate5-00084,26,27,half,13,14,14,29,14,14.0,14.0
rtdetr_l,cate5-00084,26,27,closed,13,14,29,29,13,14.0,13.0
rtdetr_l,cate5-00084,34,35,open,19,20,0,19,20,20.0,20.0
rtdetr_l,cate5-00084,34,35,half,19,20,10,19,19,20.0,20.0
rtdetr_l,cate5-00084,34,35,closed,19,20,19,19,19,20.0,19.0
rtdetr_l,cate5-00109,42,43,open,25,26,0,13,26,26.0,26.0
rtdetr_l,cate5-00109,42,43,half,25,26,6,13,25,26.0,26.0
rtdetr_l,cate5-00109,42,43,closed,25,26,13,13,24,26.0,26.0
rtdetr_l,cate5-00109,41,42,open,24,25,0,11,24,25.0,25.0
rtdetr_l,cate5-00109,41,42,half,24,25,6,11,24,25.0,25.0
rtdetr_l,cate5-00109,41,42,closed,24,25,11,11,24,25.0,25.0
rtdetr_l,cate5-00109,32,33,open,17,18,0,13,18,18.0,18.0
rtdetr_l,cate5-00109,32,33,half,17,18,6,13,18,18.0,18.0
rtdetr_l,cate5-00109,32,33,closed,17,18,13,13,18,18.0,18.0
rtdetr_l,cate6-00021,25,26,open,12,13,0,19,14,13.0,13.0
rtdetr_l,cate6-00021,25,26,half,12,13,10,19,13,13.0,13.0
rtdetr_l,cate6-00021,25,26,closed,12,13,19,19,13,13.0,13.0
rtdetr_l,cate6-00021,32,33,open,17,18,0,12,18,18.0,18.0
rtdetr_l,cate6-00021,32,33,half,17,18,6,12,17,18.0,18.0
rtdetr_l,cate6-00021,32,33,closed,17,18,12,12,17,18.0,18.0
rtdetr_l,cate6-00027,33,34,open,18,19,0,19,19,19.0,19.0
rtdetr_l,cate6-00027,33,34,half,18,19,10,19,19,19.0,19.0
rtdetr_l,cate6-00027,33,34,closed,18,19,19,19,18,19.0,19.0
rtdetr_l,cate6-00027,27,28,open,14,15,0,21,15,15.0,15.0
rtdetr_l,cate6-00027,27,28,half,14,15,10,21,15,15.0,15.0
rtdetr_l,cate6-00027,27,28,closed,14,15,21,21,15,15.0,15.0
rtdetr_l,cate6-00027,21,22,open,8,9,0,22,9,9.0,9.0
rtdetr_l,cate6-00027,21,22,half,8,9,11,22,9,9.0,9.0
rtdetr_l,cate6-00027,21,22,closed,8,9,22,22,8,9.0,8.0
rtdetr_l,cate6-00051,26,27,open,13,14,0,30,15,14.0,14.0
rtdetr_l,cate6-00051,26,27,half,13,14,15,30,14,14.0,14.0
rtdetr_l,cate6-00051,26,27,closed,13,14,30,30,12,14.0,14.0
rtdetr_l,cate6-00051,31,32,open,16,17,0,7,17,17.0,
rtdetr_l,cate6-00051,31,32,half,16,17,4,7,17,17.0,17.0
rtdetr_l,cate6-00051,31,32,closed,16,17,7,7,16,17.0,17.0
rtdetr_l,cate6-00051,25,26,open,12,13,0,23,14,13.0,13.0
rtdetr_l,cate6-00051,25,26,half,12,13,12,23,13,13.0,13.0
rtdetr_l,cate6-00051,25,26,closed,12,13,23,23,11,13.0,13.0
rtdetr_l,cate6-00123,12,13,open,1,2,0,26,2,2.0,2.0
rtdetr_l,cate6-00123,12,13,half,1,2,13,26,2,2.0,2.0
rtdetr_l,cate6-00123,12,13,closed,1,2,26,26,0,2.0,2.0
rtdetr_l,cate6-00123,26,27,open,13,14,0,0,14,14.0,14.0
rtdetr_l,cate6-00123,26,27,half,13,14,0,0,14,14.0,14.0
rtdetr_l,cate6-00123,26,27,closed,13,14,0,0,14,14.0,14.0
rtdetr_l,cate6-00144,25,26,open,12,13,0,1,12,13.0,13.0
rtdetr_l,cate6-00144,25,26,half,12,13,0,1,12,13.0,13.0
rtdetr_l,cate6-00144,25,26,closed,12,13,1,1,13,13.0,13.0
rtdetr_l,cate6-00144,46,47,open,29,30,0,29,29,30.0,30.0
rtdetr_l,cate6-00144,46,47,half,29,30,14,29,29,30.0,29.0
rtdetr_l,cate6-00144,46,47,closed,29,30,29,29,29,30.0,29.0
rtdetr_l,cate6-00147,23,24,open,10,11,0,5,10,11.0,11.0
rtdetr_l,cate6-00147,23,24,half,10,11,2,5,10,11.0,11.0
rtdetr_l,cate6-00147,23,24,closed,10,11,5,5,10,11.0,11.0
rtdetr_l,cate6-00147,33,34,open,18,19,0,0,19,19.0,19.0
rtdetr_l,cate6-00147,33,34,half,18,19,0,0,19,19.0,19.0
rtdetr_l,cate6-00147,33,34,closed,18,19,0,0,19,19.0,19.0
rtdetr_l,cate7-00004,44,45,open,27,28,0,19,28,28.0,28.0
rtdetr_l,cate7-00004,44,45,half,27,28,10,19,28,28.0,28.0
rtdetr_l,cate7-00004,44,45,closed,27,28,19,19,28,28.0,27.0
rtdetr_l,cate7-00004,14,15,open,3,4,0,17,4,4.0,3.0
rtdetr_l,cate7-00004,14,15,half,3,4,8,17,4,4.0,4.0
rtdetr_l,cate7-00004,14,15,closed,3,4,17,17,3,4.0,3.0
rtdetr_l,cate7-00004,41,42,open,24,25,0,12,25,25.0,25.0
rtdetr_l,cate7-00004,41,42,half,24,25,6,12,25,25.0,25.0
rtdetr_l,cate7-00004,41,42,closed,24,25,12,12,24,25.0,25.0
rtdetr_l,cate7-00008,31,32,open,16,17,0,12,17,17.0,17.0
rtdetr_l,cate7-00008,31,32,half,16,17,6,12,17,17.0,17.0
rtdetr_l,cate7-00008,31,32,closed,16,17,12,12,16,17.0,17.0
rtdetr_l,cate7-00008,22,23,open,9,10,0,18,11,10.0,10.0
rtdetr_l,cate7-00008,22,23,half,9,10,9,18,10,10.0,10.0
rtdetr_l,cate7-00008,22,23,closed,9,10,18,18,10,10.0,10.0
rtdetr_l,cate7-00008,37,38,open,22,23,0,26,23,23.0,23.0
rtdetr_l,cate7-00008,37,38,half,22,23,13,26,23,23.0,23.0
rtdetr_l,cate7-00008,37,38,closed,22,23,26,26,23,23.0,23.0
rtdetr_l,cate7-00033,32,33,open,17,18,0,17,18,18.0,18.0
rtdetr_l,cate7-00033,32,33,half,17,18,8,17,18,18.0,18.0
rtdetr_l,cate7-00033,32,33,closed,17,18,17,17,18,18.0,17.0
rtdetr_l,cate7-00033,34,35,open,19,20,0,16,20,20.0,20.0
rtdetr_l,cate7-00033,34,35,half,19,20,8,16,20,20.0,20.0
rtdetr_l,cate7-00033,34,35,closed,19,20,16,16,20,20.0,19.0
rtdetr_l,cate7-00033,21,22,open,8,9,0,20,9,9.0,9.0
rtdetr_l,cate7-00033,21,22,half,8,9,10,20,8,9.0,9.0
rtdetr_l,cate7-00033,21,22,closed,8,9,20,20,8,9.0,8.0
rtdetr_l,cate7-00050,24,25,open,11,12,0,14,12,12.0,12.0
rtdetr_l,cate7-00050,24,25,half,11,12,7,14,12,12.0,11.0
rtdetr_l,cate7-00050,24,25,closed,11,12,14,14,12,12.0,11.0
rtdetr_l,cate7-00050,17,18,open,6,7,0,34,6,6.0,6.0
rtdetr_l,cate7-00050,17,18,half,6,7,17,34,6,6.0,6.0
rtdetr_l,cate7-00050,17,18,closed,6,7,34,34,4,6.0,5.0
rtdetr_l,cate7-00050,22,23,open,9,10,0,12,10,10.0,10.0
rtdetr_l,cate7-00050,22,23,half,9,10,6,12,10,10.0,10.0
rtdetr_l,cate7-00050,22,23,closed,9,10,12,12,9,10.0,10.0
rtdetr_l,cate7-00054,11,12,open,0,1,0,16,1,1.0,0.0
rtdetr_l,cate7-00054,11,12,half,0,1,8,16,0,1.0,1.0
rtdetr_l,cate7-00054,11,12,closed,0,1,16,16,0,1.0,0.0
rtdetr_l,cate7-00054,36,37,open,21,22,0,37,22,22.0,22.0
rtdetr_l,cate7-00054,36,37,half,21,22,18,37,22,22.0,22.0
rtdetr_l,cate7-00054,36,37,closed,21,22,37,37,21,22.0,22.0
rtdetr_l,cate7-00054,41,42,open,24,25,0,11,25,25.0,25.0
rtdetr_l,cate7-00054,41,42,half,24,25,6,11,25,25.0,25.0
rtdetr_l,cate7-00054,41,42,closed,24,25,11,11,25,25.0,25.0
rtdetr_l,cate7-00056,22,23,open,9,10,0,16,11,10.0,10.0
rtdetr_l,cate7-00056,22,23,half,9,10,8,16,10,10.0,10.0
rtdetr_l,cate7-00056,22,23,closed,9,10,16,16,10,10.0,10.0
rtdetr_l,cate7-00056,44,45,open,27,28,0,16,28,28.0,28.0
rtdetr_l,cate7-00056,44,45,half,27,28,8,16,28,28.0,28.0
rtdetr_l,cate7-00056,44,45,closed,27,28,16,16,28,28.0,28.0
rtdetr_l,cate7-00056,11,12,open,0,1,0,22,0,1.0,1.0
rtdetr_l,cate7-00056,11,12,half,0,1,11,22,0,1.0,0.0
rtdetr_l,cate7-00056,11,12,closed,0,1,22,22,8,1.0,0.0
rtdetr_l,cate7-00098,25,26,open,12,13,0,12,13,13.0,13.0
rtdetr_l,cate7-00098,25,26,half,12,13,6,12,13,13.0,13.0
rtdetr_l,cate7-00098,25,26,closed,12,13,12,12,13,13.0,13.0
rtdetr_l,cate7-00098,26,27,open,13,14,0,28,14,14.0,14.0
rtdetr_l,cate7-00098,26,27,half,13,14,14,28,13,14.0,14.0
rtdetr_l,cate7-00098,26,27,closed,13,14,28,28,13,14.0,14.0
rtdetr_l,cate7-00098,13,14,open,2,3,0,6,3,3.0,2.0
rtdetr_l,cate7-00098,13,14,half,2,3,3,6,3,3.0,3.0
rtdetr_l,cate7-00098,13,14,closed,2,3,6,6,3,3.0,3.0
rtdetr_l,cate8-00011,32,33,open,17,18,0,18,18,18.0,18.0
rtdetr_l,cate8-00011,32,33,half,17,18,9,18,17,18.0,18.0
rtdetr_l,cate8-00011,32,33,closed,17,18,18,18,17,18.0,18.0
rtdetr_l,cate8-00011,15,16,open,4,5,0,20,6,5.0,5.0
rtdetr_l,cate8-00011,15,16,half,4,5,10,20,5,5.0,5.0
rtdetr_l,cate8-00011,15,16,closed,4,5,20,20,5,5.0,5.0
rtdetr_l,cate8-00011,11,12,open,0,1,0,24,1,1.0,1.0
rtdetr_l,cate8-00011,11,12,half,0,1,12,24,1,1.0,1.0
rtdetr_l,cate8-00011,11,12,closed,0,1,24,24,0,1.0,1.0
rtdetr_l,cate8-00022,43,44,open,26,27,0,15,26,27.0,27.0
rtdetr_l,cate8-00022,43,44,half,26,27,8,15,26,27.0,27.0
rtdetr_l,cate8-00022,43,44,closed,26,27,15,15,26,27.0,26.0
rtdetr_l,cate8-00022,26,27,open,13,14,0,30,14,14.0,14.0
rtdetr_l,cate8-00022,26,27,half,13,14,15,30,14,14.0,14.0
rtdetr_l,cate8-00022,26,27,closed,13,14,30,30,13,14.0,14.0
rtdetr_l,cate8-00022,15,16,open,4,5,0,17,5,5.0,5.0
rtdetr_l,cate8-00022,15,16,half,4,5,8,17,5,5.0,5.0
rtdetr_l,cate8-00022,15,16,closed,4,5,17,17,5,5.0,5.0
rtdetr_l,cate8-00041,15,16,open,4,5,0,21,5,5.0,5.0
rtdetr_l,cate8-00041,15,16,half,4,5,10,21,5,5.0,5.0
rtdetr_l,cate8-00041,15,16,closed,4,5,21,21,5,5.0,5.0
rtdetr_l,cate8-00041,26,27,open,13,14,0,25,14,14.0,14.0
rtdetr_l,cate8-00041,26,27,half,13,14,12,25,14,14.0,14.0
rtdetr_l,cate8-00041,26,27,closed,13,14,25,25,14,14.0,14.0
rtdetr_l,cate8-00041,16,17,open,5,6,0,26,6,6.0,6.0
rtdetr_l,cate8-00041,16,17,half,5,6,13,26,6,6.0,6.0
rtdetr_l,cate8-00041,16,17,closed,5,6,26,26,6,6.0,6.0
rtdetr_l,cate8-00051,24,25,open,11,12,0,26,13,12.0,12.0
rtdetr_l,cate8-00051,24,25,half,11,12,13,26,12,12.0,12.0
rtdetr_l,cate8-00051,24,25,closed,11,12,26,26,12,12.0,12.0
rtdetr_l,cate8-00051,36,37,open,21,22,0,35,22,22.0,22.0
rtdetr_l,cate8-00051,36,37,half,21,22,18,35,22,22.0,22.0
rtdetr_l,cate8-00051,36,37,closed,21,22,35,35,22,22.0,21.0
rtdetr_l,cate8-00051,37,38,open,22,23,0,34,23,23.0,23.0
rtdetr_l,cate8-00051,37,38,half,22,23,17,34,14,23.0,23.0
rtdetr_l,cate8-00051,37,38,closed,22,23,34,34,14,23.0,22.0
rtdetr_l,cate8-00087,33,34,open,18,19,0,18,19,19.0,19.0
rtdetr_l,cate8-00087,33,34,half,18,19,9,18,19,19.0,18.0
rtdetr_l,cate8-00087,33,34,closed,18,19,18,18,18,19.0,18.0
rtdetr_l,cate8-00087,34,35,open,19,20,0,22,20,20.0,20.0
rtdetr_l,cate8-00087,34,35,half,19,20,11,22,19,20.0,20.0
rtdetr_l,cate8-00087,34,35,closed,19,20,22,22,19,20.0,19.0
rtdetr_l,cate8-00087,21,22,open,8,9,0,20,9,9.0,9.0
rtdetr_l,cate8-00087,21,22,half,8,9,10,20,9,9.0,9.0
rtdetr_l,cate8-00087,21,22,closed,8,9,20,20,8,9.0,9.0
rtdetr_l,cate8-00094,23,24,open,10,11,0,19,11,11.0,
rtdetr_l,cate8-00094,23,24,half,10,11,10,19,11,11.0,10.0
rtdetr_l,cate8-00094,23,24,closed,10,11,19,19,10,11.0,10.0
rtdetr_l,cate8-00094,11,12,open,0,1,0,14,1,1.0,0.0
rtdetr_l,cate8-00094,11,12,half,0,1,7,14,0,1.0,0.0
rtdetr_l,cate8-00094,11,12,closed,0,1,14,14,0,1.0,0.0
rtdetr_l,cate8-00094,31,32,open,16,17,0,13,17,17.0,17.0
rtdetr_l,cate8-00094,31,32,half,16,17,6,13,17,17.0,16.0
rtdetr_l,cate8-00094,31,32,closed,16,17,13,13,16,17.0,16.0
rtdetr_l,cate8-00095,41,42,open,24,25,0,11,26,25.0,25.0
rtdetr_l,cate8-00095,41,42,half,24,25,6,11,25,25.0,25.0
rtdetr_l,cate8-00095,41,42,closed,24,25,11,11,25,25.0,25.0
rtdetr_l,cate8-00095,12,13,open,1,2,0,12,3,2.0,2.0
rtdetr_l,cate8-00095,12,13,half,1,2,6,12,2,2.0,2.0
rtdetr_l,cate8-00095,12,13,closed,1,2,12,12,2,2.0,2.0
rtdetr_l,cate8-00095,31,32,open,16,17,0,11,16,17.0,17.0
rtdetr_l,cate8-00095,31,32,half,16,17,6,11,16,17.0,17.0
rtdetr_l,cate8-00095,31,32,closed,16,17,11,11,24,17.0,16.0
rtdetr_l,cate8-00102,35,36,open,20,21,0,20,21,21.0,21.0
rtdetr_l,cate8-00102,35,36,half,20,21,10,20,21,21.0,21.0
rtdetr_l,cate8-00102,35,36,closed,20,21,20,20,20,21.0,21.0
rtdetr_l,cate8-00102,22,23,open,9,10,0,16,10,10.0,10.0
rtdetr_l,cate8-00102,22,23,half,9,10,8,16,10,10.0,10.0
rtdetr_l,cate8-00102,22,23,closed,9,10,16,16,9,10.0,10.0
rtdetr_l,cate8-00102,41,42,open,24,25,0,13,25,25.0,25.0
rtdetr_l,cate8-00102,41,42,half,24,25,6,13,25,25.0,25.0
rtdetr_l,cate8-00102,41,42,closed,24,25,13,13,24,25.0,25.0
rtdetr_l,cate8-00159,32,33,open,17,18,0,16,18,18.0,18.0
rtdetr_l,cate8-00159,32,33,half,17,18,8,16,18,18.0,18.0
rtdetr_l,cate8-00159,32,33,closed,17,18,16,16,17,18.0,17.0
rtdetr_l,cate8-00159,15,16,open,4,5,0,17,5,5.0,5.0
rtdetr_l,cate8-00159,15,16,half,4,5,8,17,5,5.0,5.0
rtdetr_l,cate8-00159,15,16,closed,4,5,17,17,5,5.0,5.0
rtdetr_l,cate8-00159,34,35,open,19,20,0,19,19,20.0,20.0
rtdetr_l,cate8-00159,34,35,half,19,20,10,19,19,20.0,20.0
rtdetr_l,cate8-00159,34,35,closed,19,20,19,19,19,20.0,19.0
rtdetr_l,cate8-00174,41,42,open,24,25,0,15,25,26.0,26.0
rtdetr_l,cate8-00174,41,42,half,24,25,8,15,25,26.0,26.0
rtdetr_l,cate8-00174,41,42,closed,24,25,15,15,25,26.0,25.0
rtdetr_l,cate8-00174,22,23,open,9,10,0,20,10,10.0,10.0
rtdetr_l,cate8-00174,22,23,half,9,10,10,20,10,10.0,10.0
rtdetr_l,cate8-00174,22,23,closed,9,10,20,20,9,10.0,9.0
rtdetr_l,cate8-00174,31,32,open,16,17,0,18,17,17.0,17.0
rtdetr_l,cate8-00174,31,32,half,16,17,9,18,16,17.0,16.0
rtdetr_l,cate8-00174,31,32,closed,16,17,18,18,16,17.0,16.0
rtdetr_l,cate8-00210,42,43,open,25,26,0,16,26,26.0,26.0
rtdetr_l,cate8-00210,42,43,half,25,26,8,16,26,26.0,26.0
rtdetr_l,cate8-00210,42,43,closed,25,26,16,16,26,26.0,26.0
rtdetr_l,cate8-00210,23,24,open,10,11,0,19,11,11.0,10.0
rtdetr_l,cate8-00210,23,24,half,10,11,10,19,10,11.0,10.0
rtdetr_l,cate8-00210,23,24,closed,10,11,19,19,10,11.0,10.0
rtdetr_l,cate8-00210,25,26,open,12,13,0,19,13,13.0,13.0
rtdetr_l,cate8-00210,25,26,half,12,13,10,19,13,13.0,13.0
rtdetr_l,cate8-00210,25,26,closed,12,13,19,19,13,13.0,13.0
rtdetr_l,cate8-00221,42,43,open,25,26,0,13,26,26.0,26.0
rtdetr_l,cate8-00221,42,43,half,25,26,6,13,26,26.0,26.0
rtdetr_l,cate8-00221,42,43,closed,25,26,13,13,25,26.0,26.0
rtdetr_l,cate8-00221,16,17,open,5,6,0,27,6,6.0,6.0
rtdetr_l,cate8-00221,16,17,half,5,6,14,27,6,6.0,6.0
rtdetr_l,cate8-00221,16,17,closed,5,6,27,27,5,6.0,6.0
rtdetr_l,cate8-00221,43,44,open,26,27,0,16,27,27.0,27.0
rtdetr_l,cate8-00221,43,44,half,26,27,8,16,26,27.0,27.0
rtdetr_l,cate8-00221,43,44,closed,26,27,16,16,26,27.0,27.0
rtdetr_l,cate8-00260,33,34,open,18,19,0,14,19,19.0,19.0
rtdetr_l,cate8-00260,33,34,half,18,19,7,14,19,19.0,19.0
rtdetr_l,cate8-00260,33,34,closed,18,19,14,14,18,19.0,19.0
rtdetr_l,cate8-00260,34,35,open,19,20,0,18,20,21.0,21.0
rtdetr_l,cate8-00260,34,35,half,19,20,9,18,20,21.0,21.0
rtdetr_l,cate8-00260,34,35,closed,19,20,18,18,20,21.0,20.0
rtdetr_l,cate8-00260,12,13,open,1,2,0,12,2,2.0,2.0
rtdetr_l,cate8-00260,12,13,half,1,2,6,12,2,2.0,2.0
rtdetr_l,cate8-00260,12,13,closed,1,2,12,12,2,2.0,2.0
rtdetr_l,cate8-00281,43,44,open,26,27,0,13,26,27.0,27.0
rtdetr_l,cate8-00281,43,44,half,26,27,6,13,26,27.0,27.0
rtdetr_l,cate8-00281,43,44,closed,26,27,13,13,26,27.0,27.0
rtdetr_l,cate8-00281,33,34,open,18,19,0,11,19,19.0,19.0
rtdetr_l,cate8-00281,33,34,half,18,19,6,11,19,19.0,19.0
rtdetr_l,cate8-00281,33,34,closed,18,19,11,11,18,19.0,18.0
rtdetr_l,cate8-00281,45,46,open,28,29,0,19,29,29.0,29.0
rtdetr_l,cate8-00281,45,46,half,28,29,10,19,28,29.0,29.0
rtdetr_l,cate8-00281,45,46,closed,28,29,19,19,28,29.0,29.0
rtdetr_l,cate8-00289,17,18,open,6,7,0,25,7,7.0,7.0
rtdetr_l,cate8-00289,17,18,half,6,7,12,25,7,7.0,7.0
rtdetr_l,cate8-00289,17,18,closed,6,7,25,25,7,7.0,7.0
rtdetr_l,cate8-00289,44,45,open,27,28,0,16,28,28.0,28.0
rtdetr_l,cate8-00289,44,45,half,27,28,8,16,28,28.0,28.0
rtdetr_l,cate8-00289,44,45,closed,27,28,16,16,28,28.0,28.0
rtdetr_l,cate8-00289,41,42,open,24,25,0,14,25,25.0,25.0
rtdetr_l,cate8-00289,41,42,half,24,25,7,14,25,25.0,25.0
rtdetr_l,cate8-00289,41,42,closed,24,25,14,14,24,25.0,25.0
rtdetr_l,cate8-00310,22,23,open,9,10,0,17,10,10.0,10.0
rtdetr_l,cate8-00310,22,23,half,9,10,8,17,10,10.0,10.0
rtdetr_l,cate8-00310,22,23,closed,9,10,17,17,10,10.0,10.0
rtdetr_l,cate8-00310,41,42,open,24,25,0,12,25,25.0,25.0
rtdetr_l,cate8-00310,41,42,half,24,25,6,12,24,25.0,25.0
rtdetr_l,cate8-00310,41,42,closed,24,25,12,12,24,25.0,25.0
rtdetr_l,cate8-00310,26,27,open,13,14,0,31,14,15.0,15.0
rtdetr_l,cate8-00310,26,27,half,13,14,16,31,14,15.0,14.0
rtdetr_l,cate8-00310,26,27,closed,13,14,31,31,13,15.0,14.0
rtdetr_l,cate8-00318,14,15,open,3,4,0,11,4,4.0,3.0
rtdetr_l,cate8-00318,14,15,half,3,4,6,11,4,4.0,4.0
rtdetr_l,cate8-00318,14,15,closed,3,4,11,11,3,4.0,4.0
rtdetr_l,cate8-00318,32,33,open,17,18,0,14,18,18.0,18.0
rtdetr_l,cate8-00318,32,33,half,17,18,7,14,18,18.0,18.0
rtdetr_l,cate8-00318,32,33,closed,17,18,14,14,18,18.0,17.0
rtdetr_l,cate8-00318,34,35,open,19,20,0,20,20,20.0,20.0
rtdetr_l,cate8-00318,34,35,half,19,20,10,20,19,20.0,20.0
rtdetr_l,cate8-00318,34,35,closed,19,20,20,20,19,20.0,19.0
rtdetr_l,cate8-00332,41,42,open,24,25,0,12,25,25.0,25.0
rtdetr_l,cate8-00332,41,42,half,24,25,6,12,25,25.0,25.0
rtdetr_l,cate8-00332,41,42,closed,24,25,12,12,0,25.0,25.0
rtdetr_l,cate8-00332,11,12,open,0,1,0,18,1,1.0,2.0
rtdetr_l,cate8-00332,11,12,half,0,1,9,18,1,1.0,1.0
rtdetr_l,cate8-00332,11,12,closed,0,1,18,18,1,1.0,1.0
rtdetr_l,cate8-00332,43,44,open,26,27,0,19,27,26.0,26.0
rtdetr_l,cate8-00332,43,44,half,26,27,10,19,27,26.0,26.0
rtdetr_l,cate8-00332,43,44,closed,26,27,19,19,27,26.0,26.0
rtdetr_l,cate8-00339,33,34,open,18,19,0,16,20,19.0,20.0
rtdetr_l,cate8-00339,33,34,half,18,19,8,16,19,19.0,19.0
rtdetr_l,cate8-00339,33,34,closed,18,19,16,16,19,19.0,19.0
rtdetr_l,cate8-00339,42,43,open,25,26,0,15,26,26.0,26.0
rtdetr_l,cate8-00339,42,43,half,25,26,8,15,26,26.0,26.0
rtdetr_l,cate8-00339,42,43,closed,25,26,15,15,25,26.0,26.0
rtdetr_l,cate8-00339,43,44,open,26,27,0,10,26,27.0,27.0
rtdetr_l,cate8-00339,43,44,half,26,27,5,10,26,27.0,27.0
rtdetr_l,cate8-00339,43,44,closed,26,27,10,10,26,27.0,27.0
rtdetr_l,cate8-00375,26,27,open,13,14,0,29,14,14.0,14.0
rtdetr_l,cate8-00375,26,27,half,13,14,14,29,13,14.0,14.0
rtdetr_l,cate8-00375,26,27,closed,13,14,29,29,13,14.0,13.0
rtdetr_l,cate8-00375,46,47,open,29,30,0,36,30,30.0,30.0
rtdetr_l,cate8-00375,46,47,half,29,30,18,36,30,30.0,30.0
rtdetr_l,cate8-00375,46,47,closed,29,30,36,36,29,30.0,29.0
rtdetr_l,cate8-00375,23,24,open,10,11,0,13,11,11.0,10.0
rtdetr_l,cate8-00375,23,24,half,10,11,6,13,11,11.0,10.0
rtdetr_l,cate8-00375,23,24,closed,10,11,13,13,10,11.0,10.0
rtdetr_l,cate8-00390,44,45,open,27,28,0,21,28,28.0,28.0
rtdetr_l,cate8-00390,44,45,half,27,28,10,21,28,28.0,28.0
rtdetr_l,cate8-00390,44,45,closed,27,28,21,21,28,28.0,27.0
rtdetr_l,cate8-00390,15,16,open,4,5,0,21,5,5.0,5.0
rtdetr_l,cate8-00390,15,16,half,4,5,10,21,5,5.0,5.0
rtdetr_l,cate8-00390,15,16,closed,4,5,21,21,5,5.0,5.0
rtdetr_l,cate8-00390,14,15,open,3,4,0,21,4,4.0,4.0
rtdetr_l,cate8-00390,14,15,half,3,4,10,21,4,4.0,4.0
rtdetr_l,cate8-00390,14,15,closed,3,4,21,21,3,4.0,3.0
rtdetr_l,cate8-00404,27,28,open,14,15,0,23,15,15.0,15.0
rtdetr_l,cate8-00404,27,28,half,14,15,12,23,15,15.0,14.0
rtdetr_l,cate8-00404,27,28,closed,14,15,23,23,14,15.0,14.0
rtdetr_l,cate8-00404,15,16,open,4,5,0,14,5,5.0,5.0
rtdetr_l,cate8-00404,15,16,half,4,5,7,14,5,5.0,5.0
rtdetr_l,cate8-00404,15,16,closed,4,5,14,14,5,5.0,5.0
rtdetr_l,cate8-00404,16,17,open,5,6,0,30,6,6.0,6.0
rtdetr_l,cate8-00404,16,17,half,5,6,15,30,5,6.0,5.0
rtdetr_l,cate8-00404,16,17,closed,5,6,30,30,5,6.0,5.0
rtdetr_l,cate8-00407,36,37,open,21,22,0,44,22,22.0,22.0
rtdetr_l,cate8-00407,36,37,half,21,22,22,44,22,22.0,22.0
rtdetr_l,cate8-00407,36,37,closed,21,22,44,44,21,22.0,21.0
rtdetr_l,cate8-00407,31,32,open,16,17,0,13,16,17.0,16.0
rtdetr_l,cate8-00407,31,32,half,16,17,6,13,16,17.0,17.0
rtdetr_l,cate8-00407,31,32,closed,16,17,13,13,16,17.0,17.0
rtdetr_l,cate8-00407,32,33,open,17,18,0,13,18,18.0,18.0
rtdetr_l,cate8-00407,32,33,half,17,18,6,13,18,18.0,18.0
rtdetr_l,cate8-00407,32,33,closed,17,18,13,13,18,18.0,18.0
rtdetr_l,cate8-00418,15,16,open,4,5,0,21,5,5.0,5.0
rtdetr_l,cate8-00418,15,16,half,4,5,10,21,5,5.0,5.0
rtdetr_l,cate8-00418,15,16,closed,4,5,21,21,4,5.0,5.0
rtdetr_l,cate8-00418,34,35,open,19,20,0,22,20,20.0,20.0
rtdetr_l,cate8-00418,34,35,half,19,20,11,22,19,20.0,19.0
rtdetr_l,cate8-00418,34,35,closed,19,20,22,22,19,20.0,19.0
rtdetr_l,cate8-00418,23,24,open,10,11,0,17,11,11.0,11.0
rtdetr_l,cate8-00418,23,24,half,10,11,8,17,11,11.0,11.0
rtdetr_l,cate8-00418,23,24,closed,10,11,17,17,10,11.0,11.0
rtdetr_l,cate8-00419,33,34,open,18,19,0,2,18,19.0,18.0
rtdetr_l,cate8-00419,33,34,half,18,19,1,2,18,19.0,19.0
rtdetr_l,cate8-00419,33,34,closed,18,19,2,2,18,19.0,19.0
rtdetr_l,cate8-00419,41,42,open,24,25,0,13,25,25.0,25.0
rtdetr_l,cate8-00419,41,42,half,24,25,6,13,25,25.0,25.0
rtdetr_l,cate8-00419,41,42,closed,24,25,13,13,24,25.0,25.0
rtdetr_l,cate8-00419,36,37,open,21,22,0,35,22,22.0,21.0
rtdetr_l,cate8-00419,36,37,half,21,22,18,35,21,22.0,22.0
rtdetr_l,cate8-00419,36,37,closed,21,22,35,35,21,22.0,21.0
rtdetr_l,cate8-00443,43,44,open,26,27,0,15,27,27.0,27.0
rtdetr_l,cate8-00443,43,44,half,26,27,8,15,26,27.0,27.0
rtdetr_l,cate8-00443,43,44,closed,26,27,15,15,26,27.0,27.0
rtdetr_l,cate8-00443,24,25,open,11,12,0,18,12,12.0,12.0
rtdetr_l,cate8-00443,24,25,half,11,12,9,18,11,12.0,12.0
rtdetr_l,cate8-00443,24,25,closed,11,12,18,18,11,12.0,11.0
rtdetr_l,cate8-00443,42,43,open,25,26,0,13,26,26.0,26.0
rtdetr_l,cate8-00443,42,43,half,25,26,6,13,26,26.0,26.0
rtdetr_l,cate8-00443,42,43,closed,25,26,13,13,26,26.0,26.0
rtdetr_l,cate8-00447,16,17,open,5,6,0,22,6,6.0,6.0
rtdetr_l,cate8-00447,16,17,half,5,6,11,22,5,6.0,6.0
rtdetr_l,cate8-00447,16,17,closed,5,6,22,22,5,6.0,6.0
rtdetr_l,cate8-00447,23,24,open,10,11,0,16,11,11.0,
rtdetr_l,cate8-00447,23,24,half,10,11,8,16,10,11.0,11.0
rtdetr_l,cate8-00447,23,24,closed,10,11,16,16,10,11.0,10.0
rtdetr_l,cate8-00447,24,25,open,11,12,0,11,12,12.0,12.0
rtdetr_l,cate8-00447,24,25,half,11,12,6,11,12,12.0,12.0
rtdetr_l,cate8-00447,24,25,closed,11,12,11,11,11,12.0,11.0
rtdetr_l,cate8-00449,34,35,open,19,20,0,17,19,20.0,20.0
rtdetr_l,cate8-00449,34,35,half,19,20,8,17,19,20.0,20.0
rtdetr_l,cate8-00449,34,35,closed,19,20,17,17,19,20.0,20.0
rtdetr_l,cate8-00449,31,32,open,16,17,0,10,17,17.0,17.0
rtdetr_l,cate8-00449,31,32,half,16,17,5,10,17,17.0,17.0
rtdetr_l,cate8-00449,31,32,closed,16,17,10,10,17,17.0,17.0
rtdetr_l,cate8-00449,32,33,open,17,18,0,11,17,18.0,18.0
rtdetr_l,cate8-00449,32,33,half,17,18,6,11,17,18.0,18.0
rtdetr_l,cate8-00449,32,33,closed,17,18,11,11,17,18.0,17.0
rtdetr_l,cate9-00022,25,26,open,12,13,0,17,13,13.0,13.0
rtdetr_l,cate9-00022,25,26,half,12,13,8,17,13,13.0,13.0
rtdetr_l,cate9-00022,25,26,closed,12,13,17,17,13,13.0,13.0
rtdetr_l,cate9-00022,24,25,open,11,12,0,20,12,12.0,12.0
rtdetr_l,cate9-00022,24,25,half,11,12,10,20,12,12.0,12.0
rtdetr_l,cate9-00022,24,25,closed,11,12,20,20,11,12.0,11.0
rtdetr_l,cate9-00022,47,48,open,30,31,0,31,31,31.0,31.0
rtdetr_l,cate9-00022,47,48,half,30,31,16,31,31,31.0,31.0
rtdetr_l,cate9-00022,47,48,closed,30,31,31,31,31,31.0,31.0
rtdetr_l,cate1-00011,35,36,open,20,21,0,17,21,21.0,21.0
rtdetr_l,cate1-00011,35,36,half,20,21,8,17,21,21.0,21.0
rtdetr_l,cate1-00011,35,36,closed,20,21,17,17,21,21.0,21.0
rtdetr_l,cate1-00011,32,33,open,17,18,0,17,19,18.0,18.0
rtdetr_l,cate1-00011,32,33,half,17,18,8,17,18,18.0,18.0
rtdetr_l,cate1-00011,32,33,closed,17,18,17,17,17,18.0,18.0
rtdetr_l,cate1-00011,34,35,open,19,20,0,21,20,20.0,20.0
rtdetr_l,cate1-00011,34,35,half,19,20,10,21,20,20.0,20.0
rtdetr_l,cate1-00011,34,35,closed,19,20,21,21,19,20.0,19.0
rtdetr_l,cate1-00035,45,46,open,28,29,0,23,29,29.0,29.0
rtdetr_l,cate1-00035,45,46,half,28,29,12,23,29,29.0,29.0
rtdetr_l,cate1-00035,45,46,closed,28,29,23,23,29,29.0,29.0
rtdetr_l,cate1-00035,24,25,open,11,12,0,18,12,12.0,13.0
rtdetr_l,cate1-00035,24,25,half,11,12,9,18,12,12.0,12.0
rtdetr_l,cate1-00035,24,25,closed,11,12,18,18,12,12.0,11.0
rtdetr_l,cate1-00035,36,37,open,21,22,0,36,22,22.0,22.0
rtdetr_l,cate1-00035,36,37,half,21,22,18,36,22,22.0,22.0
rtdetr_l,cate1-00035,36,37,closed,21,22,36,36,21,22.0,22.0
rtdetr_l,cate1-00038,41,42,open,24,25,0,11,24,25.0,25.0
rtdetr_l,cate1-00038,41,42,half,24,25,6,11,24,25.0,25.0
rtdetr_l,cate1-00038,41,42,closed,24,25,11,11,24,25.0,25.0
rtdetr_l,cate1-00038,36,37,open,21,22,0,27,22,22.0,22.0
rtdetr_l,cate1-00038,36,37,half,21,22,14,27,21,22.0,21.0
rtdetr_l,cate1-00038,36,37,closed,21,22,27,27,21,22.0,21.0
rtdetr_l,cate1-00038,35,36,open,20,21,0,17,21,21.0,21.0
rtdetr_l,cate1-00038,35,36,half,20,21,8,17,20,21.0,21.0
rtdetr_l,cate1-00038,35,36,closed,20,21,17,17,20,21.0,21.0
rtdetr_l,cate1-00053,27,28,open,14,15,0,26,15,15.0,14.0
rtdetr_l,cate1-00053,27,28,half,14,15,13,26,15,15.0,14.0
rtdetr_l,cate1-00053,27,28,closed,14,15,26,26,15,15.0,14.0
rtdetr_l,cate1-00053,32,33,open,17,18,0,24,19,18.0,18.0
rtdetr_l,cate1-00053,32,33,half,17,18,12,24,18,18.0,18.0
rtdetr_l,cate1-00053,32,33,closed,17,18,24,24,18,18.0,18.0
rtdetr_l,cate1-00053,23,24,open,10,11,0,24,13,11.0,11.0
rtdetr_l,cate1-00053,23,24,half,10,11,12,24,12,11.0,11.0
rtdetr_l,cate1-00053,23,24,closed,10,11,24,24,11,11.0,10.0
rtdetr_l,cate10-00013,23,24,open,10,11,0,14,11,11.0,11.0
rtdetr_l,cate10-00013,23,24,half,10,11,7,14,11,11.0,11.0
rtdetr_l,cate10-00013,23,24,closed,10,11,14,14,11,11.0,11.0
rtdetr_l,cate10-00013,42,43,open,25,26,0,11,26,26.0,26.0
rtdetr_l,cate10-00013,42,43,half,25,26,6,11,26,26.0,26.0
rtdetr_l,cate10-00013,42,43,closed,25,26,11,11,26,26.0,26.0
rtdetr_l,cate10-00013,12,13,open,1,2,0,18,2,2.0,2.0
rtdetr_l,cate10-00013,12,13,half,1,2,9,18,2,2.0,2.0
rtdetr_l,cate10-00013,12,13,closed,1,2,18,18,2,2.0,1.0
rtdetr_l,cate10-00036,17,18,open,6,7,0,30,7,7.0,7.0
rtdetr_l,cate10-00036,17,18,half,6,7,15,30,7,7.0,7.0
rtdetr_l,cate10-00036,17,18,closed,6,7,30,30,7,7.0,6.0
rtdetr_l,cate10-00036,33,34,open,18,19,0,27,20,19.0,19.0
rtdetr_l,cate10-00036,33,34,half,18,19,14,27,19,19.0,18.0
rtdetr_l,cate10-00036,33,34,closed,18,19,27,27,18,19.0,18.0
rtdetr_l,cate10-00036,34,35,open,19,20,0,19,20,20.0,20.0
rtdetr_l,cate10-00036,34,35,half,19,20,10,19,20,20.0,20.0
rtdetr_l,cate10-00036,34,35,closed,19,20,19,19,19,20.0,20.0
rtdetr_l,cate10-00054,42,43,open,25,26,0,11,26,26.0,26.0
rtdetr_l,cate10-00054,42,43,half,25,26,6,11,26,26.0,26.0
rtdetr_l,cate10-00054,42,43,closed,25,26,11,11,26,26.0,26.0
rtdetr_l,cate10-00054,44,45,open,27,28,0,17,28,28.0,28.0
rtdetr_l,cate10-00054,44,45,half,27,28,8,17,28,28.0,27.0
rtdetr_l,cate10-00054,44,45,closed,27,28,17,17,27,28.0,27.0
rtdetr_l,cate10-00054,33,34,open,18,19,0,16,18,19.0,19.0
rtdetr_l,cate10-00054,33,34,half,18,19,8,16,18,19.0,19.0
rtdetr_l,cate10-00054,33,34,closed,18,19,16,16,18,19.0,18.0
rtdetr_l,cate10-00056,42,43,open,25,26,0,18,26,26.0,26.0
rtdetr_l,cate10-00056,42,43,half,25,26,9,18,26,26.0,26.0
rtdetr_l,cate10-00056,42,43,closed,25,26,18,18,26,26.0,26.0
rtdetr_l,cate10-00056,32,33,open,17,18,0,14,18,18.0,18.0
rtdetr_l,cate10-00056,32,33,half,17,18,7,14,18,18.0,18.0
rtdetr_l,cate10-00056,32,33,closed,17,18,14,14,18,18.0,18.0
rtdetr_l,cate10-00056,31,32,open,16,17,0,8,18,17.0,
rtdetr_l,cate10-00056,31,32,half,16,17,4,8,18,17.0,17.0
rtdetr_l,cate10-00056,31,32,closed,16,17,8,8,17,17.0,17.0
rtdetr_l,cate10-00077,36,37,open,21,22,0,30,22,23.0,23.0
rtdetr_l,cate10-00077,36,37,half,21,22,15,30,22,23.0,22.0
rtdetr_l,cate10-00077,36,37,closed,21,22,30,30,22,23.0,22.0
rtdetr_l,cate10-00077,13,14,open,2,3,0,25,3,3.0,3.0
rtdetr_l,cate10-00077,13,14,half,2,3,12,25,3,3.0,2.0
rtdetr_l,cate10-00077,13,14,closed,2,3,25,25,2,3.0,2.0
rtdetr_l,cate10-00077,33,34,open,18,19,0,23,19,19.0,19.0
rtdetr_l,cate10-00077,33,34,half,18,19,12,23,19,19.0,19.0
rtdetr_l,cate10-00077,33,34,closed,18,19,23,23,19,19.0,19.0
rtdetr_l,cate10-00102,12,13,open,1,2,0,20,2,2.0,2.0
rtdetr_l,cate10-00102,12,13,half,1,2,10,20,2,2.0,2.0
rtdetr_l,cate10-00102,12,13,closed,1,2,20,20,1,2.0,2.0
rtdetr_l,cate10-00102,23,24,open,10,11,0,19,11,11.0,12.0
rtdetr_l,cate10-00102,23,24,half,10,11,10,19,11,11.0,11.0
rtdetr_l,cate10-00102,23,24,closed,10,11,19,19,11,11.0,11.0
rtdetr_l,cate10-00102,14,15,open,3,4,0,25,4,4.0,4.0
rtdetr_l,cate10-00102,14,15,half,3,4,12,25,4,4.0,4.0
rtdetr_l,cate10-00102,14,15,closed,3,4,25,25,3,4.0,4.0
rtdetr_l,cate10-00106,12,13,open,1,2,0,18,2,2.0,2.0
rtdetr_l,cate10-00106,12,13,half,1,2,9,18,2,2.0,2.0
rtdetr_l,cate10-00106,12,13,closed,1,2,18,18,2,2.0,2.0
rtdetr_l,cate10-00106,37,38,open,22,23,0,28,23,23.0,23.0
rtdetr_l,cate10-00106,37,38,half,22,23,14,28,23,23.0,23.0
rtdetr_l,cate10-00106,37,38,closed,22,23,28,28,23,23.0,23.0
rtdetr_l,cate10-00106,42,43,open,25,26,0,16,26,26.0,26.0
rtdetr_l,cate10-00106,42,43,half,25,26,8,16,25,26.0,26.0
rtdetr_l,cate10-00106,42,43,closed,25,26,16,16,25,26.0,26.0
rtdetr_l,cate2-00003,12,13,open,1,2,0,15,2,2.0,2.0
rtdetr_l,cate2-00003,12,13,half,1,2,8,15,1,2.0,2.0
rtdetr_l,cate2-00003,12,13,closed,1,2,15,15,1,2.0,2.0
rtdetr_l,cate2-00003,24,25,open,11,12,0,15,12,12.0,12.0
rtdetr_l,cate2-00003,24,25,half,11,12,8,15,12,12.0,11.0
rtdetr_l,cate2-00003,24,25,closed,11,12,15,15,12,12.0,11.0
rtdetr_l,cate2-00003,45,46,open,28,29,0,20,30,29.0,29.0
rtdetr_l,cate2-00003,45,46,half,28,29,10,20,29,29.0,29.0
rtdetr_l,cate2-00003,45,46,closed,28,29,20,20,29,29.0,29.0
rtdetr_l,cate2-00014,22,23,open,9,10,0,11,10,10.0,10.0
rtdetr_l,cate2-00014,22,23,half,9,10,6,11,10,10.0,10.0
rtdetr_l,cate2-00014,22,23,closed,9,10,11,11,10,10.0,10.0
rtdetr_l,cate2-00014,12,13,open,1,2,0,12,3,,
rtdetr_l,cate2-00014,12,13,half,1,2,6,12,1,,2.0
rtdetr_l,cate2-00014,12,13,closed,1,2,12,12,1,,1.0
rtdetr_l,cate2-00014,36,37,open,21,22,0,28,22,22.0,22.0
rtdetr_l,cate2-00014,36,37,half,21,22,14,28,21,22.0,21.0
rtdetr_l,cate2-00014,36,37,closed,21,22,28,28,21,22.0,21.0
rtdetr_l,cate2-00020,43,44,open,26,27,0,17,27,27.0,27.0
rtdetr_l,cate2-00020,43,44,half,26,27,8,17,26,27.0,27.0
rtdetr_l,cate2-00020,43,44,closed,26,27,17,17,26,27.0,27.0
rtdetr_l,cate2-00020,33,34,open,18,19,0,15,19,19.0,19.0
rtdetr_l,cate2-00020,33,34,half,18,19,8,15,19,19.0,19.0
rtdetr_l,cate2-00020,33,34,closed,18,19,15,15,18,19.0,19.0
rtdetr_l,cate2-00020,44,45,open,27,28,0,7,28,28.0,28.0
rtdetr_l,cate2-00020,44,45,half,27,28,4,7,28,28.0,28.0
rtdetr_l,cate2-00020,44,45,closed,27,28,7,7,28,28.0,28.0
rtdetr_l,cate2-00025,46,47,open,29,30,0,34,29,30.0,30.0
rtdetr_l,cate2-00025,46,47,half,29,30,17,34,29,30.0,30.0
rtdetr_l,cate2-00025,46,47,closed,29,30,34,34,28,30.0,29.0
rtdetr_l,cate2-00025,32,33,open,17,18,0,11,18,18.0,18.0
rtdetr_l,cate2-00025,32,33,half,17,18,6,11,18,18.0,18.0
rtdetr_l,cate2-00025,32,33,closed,17,18,11,11,17,18.0,18.0
rtdetr_l,cate2-00025,22,23,open,9,10,0,6,10,10.0,10.0
rtdetr_l,cate2-00025,22,23,half,9,10,3,6,10,10.0,10.0
rtdetr_l,cate2-00025,22,23,closed,9,10,6,6,10,10.0,10.0
rtdetr_l,cate2-00026,33,34,open,18,19,0,10,19,19.0,19.0
rtdetr_l,cate2-00026,33,34,half,18,19,5,10,18,19.0,19.0
rtdetr_l,cate2-00026,33,34,closed,18,19,10,10,17,19.0,19.0
rtdetr_l,cate2-00026,35,36,open,20,21,0,18,20,21.0,21.0
rtdetr_l,cate2-00026,35,36,half,20,21,9,18,20,21.0,21.0
rtdetr_l,cate2-00026,35,36,closed,20,21,18,18,20,21.0,21.0
rtdetr_l,cate2-00026,23,24,open,10,11,0,14,9,11.0,
rtdetr_l,cate2-00026,23,24,half,10,11,7,14,9,11.0,11.0
rtdetr_l,cate2-00026,23,24,closed,10,11,14,14,9,11.0,11.0
rtdetr_l,cate2-00029,22,23,open,9,10,0,20,10,10.0,10.0
rtdetr_l,cate2-00029,22,23,half,9,10,10,20,10,10.0,10.0
rtdetr_l,cate2-00029,22,23,closed,9,10,20,20,9,10.0,10.0
rtdetr_l,cate2-00029,36,37,open,21,22,0,35,22,22.0,22.0
rtdetr_l,cate2-00029,36,37,half,21,22,18,35,22,22.0,22.0
rtdetr_l,cate2-00029,36,37,closed,21,22,35,35,21,22.0,22.0
rtdetr_l,cate2-00029,15,16,open,4,5,0,17,5,5.0,5.0
rtdetr_l,cate2-00029,15,16,half,4,5,8,17,5,5.0,5.0
rtdetr_l,cate2-00029,15,16,closed,4,5,17,17,5,5.0,5.0
rtdetr_l,cate2-00035,35,36,open,20,21,0,18,21,21.0,21.0
rtdetr_l,cate2-00035,35,36,half,20,21,9,18,21,21.0,21.0
rtdetr_l,cate2-00035,35,36,closed,20,21,18,18,21,21.0,21.0
rtdetr_l,cate2-00035,42,43,open,25,26,0,10,26,26.0,26.0
rtdetr_l,cate2-00035,42,43,half,25,26,5,10,26,26.0,26.0
rtdetr_l,cate2-00035,42,43,closed,25,26,10,10,26,26.0,26.0
rtdetr_l,cate2-00035,34,35,open,19,20,0,19,20,20.0,20.0
rtdetr_l,cate2-00035,34,35,half,19,20,10,19,19,20.0,20.0
rtdetr_l,cate2-00035,34,35,closed,19,20,19,19,19,20.0,19.0
rtdetr_l,cate2-00036,15,16,open,4,5,0,16,5,5.0,5.0
rtdetr_l,cate2-00036,15,16,half,4,5,8,16,5,5.0,5.0
rtdetr_l,cate2-00036,15,16,closed,4,5,16,16,3,5.0,5.0
rtdetr_l,cate2-00036,12,13,open,1,2,0,10,1,2.0,1.0
rtdetr_l,cate2-00036,12,13,half,1,2,5,10,1,2.0,2.0
rtdetr_l,cate2-00036,12,13,closed,1,2,10,10,1,2.0,1.0
rtdetr_l,cate2-00036,21,22,open,8,9,0,22,9,9.0,9.0
rtdetr_l,cate2-00036,21,22,half,8,9,11,22,9,9.0,9.0
rtdetr_l,cate2-00036,21,22,closed,8,9,22,22,8,9.0,9.0
rtdetr_l,cate2-00039,12,13,open,1,2,0,15,2,2.0,2.0
rtdetr_l,cate2-00039,12,13,half,1,2,8,15,1,2.0,2.0
rtdetr_l,cate2-00039,12,13,closed,1,2,15,15,1,2.0,1.0
rtdetr_l,cate2-00039,33,34,open,18,19,0,15,19,19.0,19.0
rtdetr_l,cate2-00039,33,34,half,18,19,8,15,19,19.0,19.0
rtdetr_l,cate2-00039,33,34,closed,18,19,15,15,18,19.0,19.0
rtdetr_l,cate2-00039,13,14,open,2,3,0,15,3,3.0,3.0
rtdetr_l,cate2-00039,13,14,half,2,3,8,15,3,3.0,3.0
rtdetr_l,cate2-00039,13,14,closed,2,3,15,15,2,3.0,2.0
rtdetr_l,cate2-00105,24,25,open,11,12,0,16,12,12.0,12.0
rtdetr_l,cate2-00105,24,25,half,11,12,8,16,11,12.0,12.0
rtdetr_l,cate2-00105,24,25,closed,11,12,16,16,11,12.0,11.0
rtdetr_l,cate2-00105,41,42,open,24,25,0,8,25,25.0,25.0
rtdetr_l,cate2-00105,41,42,half,24,25,4,8,25,25.0,25.0
rtdetr_l,cate2-00105,41,42,closed,24,25,8,8,25,25.0,25.0
rtdetr_l,cate2-00105,13,14,open,2,3,0,13,3,3.0,3.0
rtdetr_l,cate2-00105,13,14,half,2,3,6,13,3,3.0,3.0
rtdetr_l,cate2-00105,13,14,closed,2,3,13,13,2,3.0,3.0
rtdetr_l,cate2-00106,46,47,open,29,30,0,39,30,30.0,30.0
rtdetr_l,cate2-00106,46,47,half,29,30,20,39,30,30.0,30.0
rtdetr_l,cate2-00106,46,47,closed,29,30,39,39,29,30.0,30.0
rtdetr_l,cate2-00106,35,36,open,20,21,0,21,21,21.0,21.0
rtdetr_l,cate2-00106,35,36,half,20,21,10,21,21,21.0,21.0
rtdetr_l,cate2-00106,35,36,closed,20,21,21,21,21,21.0,21.0
rtdetr_l,cate2-00106,24,25,open,11,12,0,9,11,12.0,12.0
rtdetr_l,cate2-00106,24,25,half,11,12,4,9,11,12.0,12.0
rtdetr_l,cate2-00106,24,25,closed,11,12,9,9,11,12.0,11.0
rtdetr_l,cate2-00113,37,38,open,22,23,0,33,23,23.0,23.0
rtdetr_l,cate2-00113,37,38,half,22,23,16,33,23,23.0,23.0
rtdetr_l,cate2-00113,37,38,closed,22,23,33,33,23,23.0,23.0
rtdetr_l,cate2-00113,25,26,open,12,13,0,20,13,13.0,13.0
rtdetr_l,cate2-00113,25,26,half,12,13,10,20,13,13.0,13.0
rtdetr_l,cate2-00113,25,26,closed,12,13,20,20,13,13.0,13.0
rtdetr_l,cate2-00113,11,12,open,0,1,0,17,1,1.0,1.0
rtdetr_l,cate2-00113,11,12,half,0,1,8,17,1,1.0,1.0
rtdetr_l,cate2-00113,11,12,closed,0,1,17,17,0,1.0,0.0
rtdetr_l,cate2-00129,31,32,open,16,17,0,12,17,17.0,17.0
rtdetr_l,cate2-00129,31,32,half,16,17,6,12,17,17.0,17.0
rtdetr_l,cate2-00129,31,32,closed,16,17,12,12,16,17.0,17.0
rtdetr_l,cate2-00129,14,15,open,3,4,0,16,4,4.0,4.0
rtdetr_l,cate2-00129,14,15,half,3,4,8,16,4,4.0,4.0
rtdetr_l,cate2-00129,14,15,closed,3,4,16,16,4,4.0,4.0
rtdetr_l,cate2-00129,43,44,open,26,27,0,17,27,27.0,27.0
rtdetr_l,cate2-00129,43,44,half,26,27,8,17,26,27.0,27.0
rtdetr_l,cate2-00129,43,44,closed,26,27,17,17,26,27.0,27.0
rtdetr_l,cate2-00130,41,42,open,24,25,0,13,25,25.0,25.0
rtdetr_l,cate2-00130,41,42,half,24,25,6,13,25,25.0,25.0
rtdetr_l,cate2-00130,41,42,closed,24,25,13,13,25,25.0,24.0
rtdetr_l,cate2-00130,17,18,open,6,7,0,27,7,7.0,6.0
rtdetr_l,cate2-00130,17,18,half,6,7,14,27,6,7.0,6.0
rtdetr_l,cate2-00130,17,18,closed,6,7,27,27,6,7.0,6.0
rtdetr_l,cate2-00130,31,32,open,16,17,0,12,24,17.0,17.0
rtdetr_l,cate2-00130,31,32,half,16,17,6,12,24,17.0,17.0
rtdetr_l,cate2-00130,31,32,closed,16,17,12,12,24,17.0,17.0
rtdetr_l,cate2-00136,47,48,open,30,31,0,30,31,31.0,31.0
rtdetr_l,cate2-00136,47,48,half,30,31,15,30,31,31.0,31.0
rtdetr_l,cate2-00136,47,48,closed,30,31,30,30,30,31.0,30.0
rtdetr_l,cate2-00136,21,22,open,8,9,0,19,9,9.0,9.0
rtdetr_l,cate2-00136,21,22,half,8,9,10,19,8,9.0,9.0
rtdetr_l,cate2-00136,21,22,closed,8,9,19,19,0,9.0,8.0
rtdetr_l,cate2-00136,16,17,open,5,6,0,28,6,6.0,6.0
rtdetr_l,cate2-00136,16,17,half,5,6,14,28,6,6.0,6.0
rtdetr_l,cate2-00136,16,17,closed,5,6,28,28,4,6.0,5.0
rtdetr_l,cate3-00006,44,45,open,27,28,0,19,28,28.0,28.0
rtdetr_l,cate3-00006,44,45,half,27,28,10,19,26,28.0,28.0
rtdetr_l,cate3-00006,44,45,closed,27,28,19,19,26,28.0,27.0
rtdetr_l,cate3-00006,46,47,open,29,30,0,35,30,30.0,30.0
rtdetr_l,cate3-00006,46,47,half,29,30,18,35,29,30.0,30.0
rtdetr_l,cate3-00006,46,47,closed,29,30,35,35,29,30.0,29.0
rtdetr_l,cate3-00006,32,33,open,17,18,0,13,18,18.0,18.0
rtdetr_l,cate3-00006,32,33,half,17,18,6,13,18,18.0,18.0
rtdetr_l,cate3-00006,32,33,closed,17,18,13,13,18,18.0,18.0
rtdetr_l,cate3-00016,35,36,open,20,21,0,17,21,21.0,21.0
rtdetr_l,cate3-00016,35,36,half,20,21,8,17,21,21.0,21.0
rtdetr_l,cate3-00016,35,36,closed,20,21,17,17,21,21.0,21.0
rtdetr_l,cate3-00016,32,33,open,17,18,0,17,18,18.0,18.0
rtdetr_l,cate3-00016,32,33,half,17,18,8,17,17,18.0,18.0
rtdetr_l,cate3-00016,32,33,closed,17,18,17,17,17,18.0,18.0
rtdetr_l,cate3-00016,11,12,open,0,1,0,20,1,1.0,1.0
rtdetr_l,cate3-00016,11,12,half,0,1,10,20,1,1.0,0.0
rtdetr_l,cate3-00016,11,12,closed,0,1,20,20,0,1.0,0.0
rtdetr_l,cate3-00020,13,14,open,2,3,0,19,3,3.0,2.0
rtdetr_l,cate3-00020,13,14,half,2,3,10,19,2,3.0,2.0
rtdetr_l,cate3-00020,13,14,closed,2,3,19,19,2,3.0,2.0
rtdetr_l,cate3-00020,32,33,open,17,18,0,17,19,18.0,18.0
rtdetr_l,cate3-00020,32,33,half,17,18,8,17,18,18.0,18.0
rtdetr_l,cate3-00020,32,33,closed,17,18,17,17,18,18.0,18.0
rtdetr_l,cate3-00020,22,23,open,9,10,0,15,10,10.0,10.0
rtdetr_l,cate3-00020,22,23,half,9,10,8,15,9,10.0,10.0
rtdetr_l,cate3-00020,22,23,closed,9,10,15,15,9,10.0,10.0
rtdetr_l,cate4-00077,26,27,open,13,14,0,27,14,14.0,14.0
rtdetr_l,cate4-00077,26,27,half,13,14,14,27,13,14.0,14.0
rtdetr_l,cate4-00077,26,27,closed,13,14,27,27,13,14.0,13.0
rtdetr_l,cate4-00077,13,14,open,2,3,0,14,3,3.0,2.0
rtdetr_l,cate4-00077,13,14,half,2,3,7,14,3,3.0,3.0
rtdetr_l,cate4-00077,13,14,closed,2,3,14,14,2,3.0,2.0
rtdetr_l,cate4-00077,37,38,open,22,23,0,34,23,23.0,23.0
rtdetr_l,cate4-00077,37,38,half,22,23,17,34,23,23.0,23.0
rtdetr_l,cate4-00077,37,38,closed,22,23,34,34,23,23.0,23.0
rtdetr_l,cate4-00079,17,18,open,6,7,0,22,7,7.0,7.0
rtdetr_l,cate4-00079,17,18,half,6,7,11,22,7,7.0,7.0
rtdetr_l,cate4-00079,17,18,closed,6,7,22,22,6,7.0,6.0
rtdetr_l,cate4-00079,41,42,open,24,25,0,12,25,25.0,25.0
rtdetr_l,cate4-00079,41,42,half,24,25,6,12,25,25.0,25.0
rtdetr_l,cate4-00079,41,42,closed,24,25,12,12,24,25.0,25.0
rtdetr_l,cate4-00079,33,34,open,18,19,0,13,19,19.0,19.0
rtdetr_l,cate4-00079,33,34,half,18,19,6,13,19,19.0,19.0
rtdetr_l,cate4-00079,33,34,closed,18,19,13,13,18,19.0,19.0
rtdetr_l,cate4-00095,41,42,open,24,25,0,17,25,25.0,25.0
rtdetr_l,cate4-00095,41,42,half,24,25,8,17,25,25.0,25.0
rtdetr_l,cate4-00095,41,42,closed,24,25,17,17,25,25.0,25.0
rtdetr_l,cate4-00095,16,17,open,5,6,0,28,7,6.0,5.0
rtdetr_l,cate4-00095,16,17,half,5,6,14,28,6,6.0,5.0
rtdetr_l,cate4-00095,16,17,closed,5,6,28,28,5,6.0,5.0
rtdetr_l,cate4-00095,13,14,open,2,3,0,23,3,3.0,3.0
rtdetr_l,cate4-00095,13,14,half,2,3,12,23,3,3.0,2.0
rtdetr_l,cate4-00095,13,14,closed,2,3,23,23,2,3.0,2.0
rtdetr_l,cate4-00104,32,33,open,17,18,0,14,18,18.0,18.0
rtdetr_l,cate4-00104,32,33,half,17,18,7,14,18,18.0,18.0
rtdetr_l,cate4-00104,32,33,closed,17,18,14,14,18,18.0,18.0
rtdetr_l,cate4-00104,46,47,open,29,30,0,36,31,30.0,30.0
rtdetr_l,cate4-00104,46,47,half,29,30,18,36,30,30.0,30.0
rtdetr_l,cate4-00104,46,47,closed,29,30,36,36,30,30.0,29.0
rtdetr_l,cate4-00104,37,38,open,22,23,0,32,23,23.0,23.0
rtdetr_l,cate4-00104,37,38,half,22,23,16,32,23,23.0,23.0
rtdetr_l,cate4-00104,37,38,closed,22,23,32,32,23,23.0,23.0
rtdetr_l,cate4-00113,35,36,open,20,21,0,18,21,21.0,21.0
rtdetr_l,cate4-00113,35,36,half,20,21,9,18,21,21.0,21.0
rtdetr_l,cate4-00113,35,36,closed,20,21,18,18,21,21.0,21.0
rtdetr_l,cate4-00113,37,38,open,22,23,0,30,23,23.0,23.0
rtdetr_l,cate4-00113,37,38,half,22,23,15,30,23,23.0,23.0
rtdetr_l,cate4-00113,37,38,closed,22,23,30,30,23,23.0,23.0
rtdetr_l,cate4-00113,21,22,open,8,9,0,17,9,9.0,
rtdetr_l,cate4-00113,21,22,half,8,9,8,17,8,9.0,9.0
rtdetr_l,cate4-00113,21,22,closed,8,9,17,17,8,9.0,9.0
rtdetr_l,cate4-00116,36,37,open,21,22,0,32,22,22.0,22.0
rtdetr_l,cate4-00116,36,37,half,21,22,16,32,22,22.0,22.0
rtdetr_l,cate4-00116,36,37,closed,21,22,32,32,22,22.0,22.0
rtdetr_l,cate4-00116,22,23,open,9,10,0,19,11,10.0,10.0
rtdetr_l,cate4-00116,22,23,half,9,10,10,19,10,10.0,10.0
rtdetr_l,cate4-00116,22,23,closed,9,10,19,19,10,10.0,10.0
rtdetr_l,cate4-00116,35,36,open,20,21,0,17,21,21.0,21.0
rtdetr_l,cate4-00116,35,36,half,20,21,8,17,21,21.0,21.0
rtdetr_l,cate4-00116,35,36,closed,20,21,17,17,21,21.0,21.0
rtdetr_l,cate5-00018,22,23,open,9,10,0,16,10,10.0,10.0
rtdetr_l,cate5-00018,22,23,half,9,10,8,16,10,10.0,10.0
rtdetr_l,cate5-00018,22,23,closed,9,10,16,16,9,10.0,10.0
rtdetr_l,cate5-00018,11,12,open,0,1,0,27,1,1.0,1.0
rtdetr_l,cate5-00018,11,12,half,0,1,14,27,1,1.0,1.0
rtdetr_l,cate5-00018,11,12,closed,0,1,27,27,0,1.0,0.0
rtdetr_l,cate5-00018,41,42,open,24,25,0,10,25,25.0,25.0
rtdetr_l,cate5-00018,41,42,half,24,25,5,10,24,25.0,25.0
rtdetr_l,cate5-00018,41,42,closed,24,25,10,10,24,25.0,25.0
rtdetr_l,cate5-00037,31,32,open,16,17,0,16,16,17.0,17.0
rtdetr_l,cate5-00037,31,32,half,16,17,8,16,24,17.0,16.0
rtdetr_l,cate5-00037,31,32,closed,16,17,16,16,24,17.0,16.0
rtdetr_l,cate5-00037,13,14,open,2,3,0,19,3,3.0,3.0
rtdetr_l,cate5-00037,13,14,half,2,3,10,19,3,3.0,3.0
rtdetr_l,cate5-00037,13,14,closed,2,3,19,19,2,3.0,2.0
rtdetr_l,cate5-00037,33,34,open,18,19,0,24,19,19.0,19.0
rtdetr_l,cate5-00037,33,34,half,18,19,12,24,19,19.0,19.0
rtdetr_l,cate5-00037,33,34,closed,18,19,24,24,17,19.0,19.0
rtdetr_l,cate5-00042,13,14,open,2,3,0,15,3,2.0,3.0
rtdetr_l,cate5-00042,13,14,half,2,3,8,15,1,2.0,2.0
rtdetr_l,cate5-00042,13,14,closed,2,3,15,15,1,2.0,2.0
rtdetr_l,cate5-00042,43,44,open,26,27,0,18,27,27.0,27.0
rtdetr_l,cate5-00042,43,44,half,26,27,9,18,27,27.0,27.0
rtdetr_l,cate5-00042,43,44,closed,26,27,18,18,26,27.0,27.0
rtdetr_l,cate5-00042,46,47,open,29,30,0,34,30,30.0,31.0
rtdetr_l,cate5-00042,46,47,half,29,30,17,34,30,30.0,30.0
rtdetr_l,cate5-00042,46,47,closed,29,30,34,34,29,30.0,29.0
rtdetr_l,cate5-00043,33,34,open,18,19,0,20,19,,
rtdetr_l,cate5-00043,33,34,half,18,19,10,20,17,,
rtdetr_l,cate5-00043,33,34,closed,18,19,20,20,17,,18.0
rtdetr_l,cate5-00043,16,17,open,5,6,0,20,6,6.0,
rtdetr_l,cate5-00043,16,17,half,5,6,10,20,6,6.0,
rtdetr_l,cate5-00043,16,17,closed,5,6,20,20,6,6.0,
rtdetr_l,cate5-00043,11,12,open,0,1,0,22,1,1.0,
rtdetr_l,cate5-00043,11,12,half,0,1,11,22,1,1.0,
rtdetr_l,cate5-00043,11,12,closed,0,1,22,22,0,1.0,
rtdetr_l,cate5-00048,13,14,open,2,3,0,20,3,3.0,2.0
rtdetr_l,cate5-00048,13,14,half,2,3,10,20,2,3.0,2.0
rtdetr_l,cate5-00048,13,14,closed,2,3,20,20,1,3.0,2.0
rtdetr_l,cate5-00048,31,32,open,16,17,0,18,17,17.0,17.0
rtdetr_l,cate5-00048,31,32,half,16,17,9,18,16,17.0,17.0
rtdetr_l,cate5-00048,31,32,closed,16,17,18,18,16,17.0,16.0
rtdetr_l,cate5-00048,32,33,open,17,18,0,15,18,18.0,18.0
rtdetr_l,cate5-00048,32,33,half,17,18,8,15,18,18.0,18.0
rtdetr_l,cate5-00048,32,33,closed,17,18,15,15,18,18.0,17.0
rtdetr_l,cate5-00054,44,45,open,27,28,0,33,29,28.0,28.0
rtdetr_l,cate5-00054,44,45,half,27,28,16,33,29,28.0,28.0
rtdetr_l,cate5-00054,44,45,closed,27,28,33,33,28,28.0,27.0
rtdetr_l,cate5-00054,34,35,open,19,20,0,19,20,20.0,20.0
rtdetr_l,cate5-00054,34,35,half,19,20,10,19,20,20.0,20.0
rtdetr_l,cate5-00054,34,35,closed,19,20,19,19,20,20.0,19.0
rtdetr_l,cate5-00096,42,43,open,25,26,0,12,25,26.0,25.0
rtdetr_l,cate5-00096,42,43,half,25,26,6,12,24,26.0,26.0
rtdetr_l,cate5-00096,42,43,closed,25,26,12,12,24,26.0,26.0
rtdetr_l,cate5-00096,34,35,open,19,20,0,15,19,20.0,20.0
rtdetr_l,cate5-00096,34,35,half,19,20,8,15,19,20.0,20.0
rtdetr_l,cate5-00096,34,35,closed,19,20,15,15,19,20.0,19.0
rtdetr_l,cate5-00096,22,23,open,9,10,0,13,10,10.0,
rtdetr_l,cate5-00096,22,23,half,9,10,6,13,10,10.0,10.0
rtdetr_l,cate5-00096,22,23,closed,9,10,13,13,9,10.0,10.0
rtdetr_l,cate6-00065,22,23,open,9,10,0,12,10,10.0,10.0
rtdetr_l,cate6-00065,22,23,half,9,10,6,12,10,10.0,10.0
rtdetr_l,cate6-00065,22,23,closed,9,10,12,12,10,10.0,10.0
rtdetr_l,cate6-00065,31,32,open,16,17,0,15,17,17.0,17.0
rtdetr_l,cate6-00065,31,32,half,16,17,8,15,17,17.0,17.0
rtdetr_l,cate6-00065,31,32,closed,16,17,15,15,17,17.0,17.0
rtdetr_l,cate6-00065,23,24,open,10,11,0,13,11,11.0,11.0
rtdetr_l,cate6-00065,23,24,half,10,11,6,13,11,11.0,11.0
rtdetr_l,cate6-00065,23,24,closed,10,11,13,13,11,11.0,11.0
rtdetr_l,cate6-00069,36,37,open,21,22,0,32,22,22.0,22.0
rtdetr_l,cate6-00069,36,37,half,21,22,16,32,22,22.0,22.0
rtdetr_l,cate6-00069,36,37,closed,21,22,32,32,22,22.0,22.0
rtdetr_l,cate6-00069,47,48,open,30,31,0,36,31,31.0,31.0
rtdetr_l,cate6-00069,47,48,half,30,31,18,36,31,31.0,31.0
rtdetr_l,cate6-00069,47,48,closed,30,31,36,36,30,31.0,31.0
rtdetr_l,cate6-00069,23,24,open,10,11,0,20,11,11.0,
rtdetr_l,cate6-00069,23,24,half,10,11,10,20,11,11.0,11.0
rtdetr_l,cate6-00069,23,24,closed,10,11,20,20,11,11.0,11.0
rtdetr_l,cate6-00075,21,22,open,8,9,0,22,10,9.0,
rtdetr_l,cate6-00075,21,22,half,8,9,11,22,9,9.0,9.0
rtdetr_l,cate6-00075,21,22,closed,8,9,22,22,9,9.0,8.0
rtdetr_l,cate6-00075,16,17,open,5,6,0,2,5,6.0,6.0
rtdetr_l,cate6-00075,16,17,half,5,6,1,2,5,6.0,6.0
rtdetr_l,cate6-00075,16,17,closed,5,6,2,2,5,6.0,6.0
rtdetr_l,cate6-00075,37,38,open,22,23,0,30,23,23.0,23.0
rtdetr_l,cate6-00075,37,38,half,22,23,15,30,23,23.0,
rtdetr_l,cate6-00075,37,38,closed,22,23,30,30,21,23.0,22.0
rtdetr_l,cate6-00086,45,46,open,28,29,0,31,29,29.0,29.0
rtdetr_l,cate6-00086,45,46,half,28,29,16,31,29,29.0,29.0
rtdetr_l,cate6-00086,45,46,closed,28,29,31,31,28,29.0,29.0
rtdetr_l,cate6-00086,47,48,open,30,31,0,33,31,31.0,31.0
rtdetr_l,cate6-00086,47,48,half,30,31,16,33,31,31.0,31.0
rtdetr_l,cate6-00086,47,48,closed,30,31,33,33,31,31.0,31.0
rtdetr_l,cate6-00086,44,45,open,27,28,0,24,28,28.0,28.0
rtdetr_l,cate6-00086,44,45,half,27,28,12,24,28,28.0,27.0
rtdetr_l,cate6-00086,44,45,closed,27,28,24,24,27,28.0,27.0
rtdetr_l,cate6-00093,25,26,open,12,13,0,3,13,13.0,13.0
rtdetr_l,cate6-00093,25,26,half,12,13,2,3,13,13.0,13.0
rtdetr_l,cate6-00093,25,26,closed,12,13,3,3,13,13.0,13.0
rtdetr_l,cate6-00093,13,14,open,2,3,0,6,3,3.0,4.0
rtdetr_l,cate6-00093,13,14,half,2,3,3,6,3,3.0,3.0
rtdetr_l,cate6-00093,13,14,closed,2,3,6,6,2,3.0,3.0
rtdetr_l,cate6-00115,15,16,open,4,5,0,0,5,5.0,
rtdetr_l,cate6-00115,15,16,half,4,5,0,0,5,5.0,
rtdetr_l,cate6-00115,15,16,closed,4,5,0,0,5,5.0,
rtdetr_l,cate6-00115,32,33,open,17,18,0,13,19,18.0,18.0
rtdetr_l,cate6-00115,32,33,half,17,18,6,13,19,18.0,18.0
rtdetr_l,cate6-00115,32,33,closed,17,18,13,13,18,18.0,18.0
rtdetr_l,cate7-00002,25,26,open,12,13,0,16,13,13.0,13.0
rtdetr_l,cate7-00002,25,26,half,12,13,8,16,13,13.0,13.0
rtdetr_l,cate7-00002,25,26,closed,12,13,16,16,11,13.0,13.0
rtdetr_l,cate7-00002,43,44,open,26,27,0,17,27,27.0,27.0
rtdetr_l,cate7-00002,43,44,half,26,27,8,17,27,27.0,27.0
rtdetr_l,cate7-00002,43,44,closed,26,27,17,17,26,27.0,27.0
rtdetr_l,cate7-00002,22,23,open,9,10,0,16,10,10.0,10.0
rtdetr_l,cate7-00002,22,23,half,9,10,8,16,10,10.0,10.0
rtdetr_l,cate7-00002,22,23,closed,9,10,16,16,9,10.0,10.0
rtdetr_l,cate7-00020,45,46,open,28,29,0,14,29,29.0,29.0
rtdetr_l,cate7-00020,45,46,half,28,29,7,14,29,29.0,29.0
rtdetr_l,cate7-00020,45,46,closed,28,29,14,14,29,29.0,29.0
rtdetr_l,cate7-00020,13,14,open,2,3,0,11,3,3.0,2.0
rtdetr_l,cate7-00020,13,14,half,2,3,6,11,3,3.0,2.0
rtdetr_l,cate7-00020,13,14,closed,2,3,11,11,2,3.0,2.0
rtdetr_l,cate7-00020,35,36,open,20,21,0,16,21,21.0,21.0
rtdetr_l,cate7-00020,35,36,half,20,21,8,16,21,21.0,21.0
rtdetr_l,cate7-00020,35,36,closed,20,21,16,16,20,21.0,21.0
rtdetr_l,cate7-00044,14,15,open,3,4,0,16,5,4.0,4.0
rtdetr_l,cate7-00044,14,15,half,3,4,8,16,3,4.0,4.0
rtdetr_l,cate7-00044,14,15,closed,3,4,16,16,3,4.0,3.0
rtdetr_l,cate7-00044,25,26,open,12,13,0,16,13,13.0,13.0
rtdetr_l,cate7-00044,25,26,half,12,13,8,16,13,13.0,13.0
rtdetr_l,cate7-00044,25,26,closed,12,13,16,16,13,13.0,13.0
rtdetr_l,cate7-00044,24,25,open,11,12,0,13,13,12.0,12.0
rtdetr_l,cate7-00044,24,25,half,11,12,6,13,13,12.0,12.0
rtdetr_l,cate7-00044,24,25,closed,11,12,13,13,11,12.0,11.0
rtdetr_l,cate7-00061,16,17,open,5,6,0,27,6,6.0,5.0
rtdetr_l,cate7-00061,16,17,half,5,6,14,27,6,6.0,6.0
rtdetr_l,cate7-00061,16,17,closed,5,6,27,27,5,6.0,5.0
rtdetr_l,cate7-00061,43,44,open,26,27,0,10,27,27.0,
rtdetr_l,cate7-00061,43,44,half,26,27,5,10,26,27.0,27.0
rtdetr_l,cate7-00061,43,44,closed,26,27,10,10,26,27.0,27.0
rtdetr_l,cate7-00061,14,15,open,3,4,0,10,3,4.0,
rtdetr_l,cate7-00061,14,15,half,3,4,5,10,3,4.0,4.0
rtdetr_l,cate7-00061,14,15,closed,3,4,10,10,3,4.0,4.0
rtdetr_l,cate7-00062,43,44,open,26,27,0,14,28,27.0,27.0
rtdetr_l,cate7-00062,43,44,half,26,27,7,14,27,27.0,27.0
rtdetr_l,cate7-00062,43,44,closed,26,27,14,14,26,27.0,27.0
rtdetr_l,cate7-00062,44,45,open,27,28,0,22,28,28.0,28.0
rtdetr_l,cate7-00062,44,45,half,27,28,11,22,28,28.0,28.0
rtdetr_l,cate7-00062,44,45,closed,27,28,22,22,28,28.0,28.0
rtdetr_l,cate7-00062,24,25,open,11,12,0,22,12,12.0,11.0
rtdetr_l,cate7-00062,24,25,half,11,12,11,22,12,12.0,12.0
rtdetr_l,cate7-00062,24,25,closed,11,12,22,22,11,12.0,11.0
rtdetr_l,cate7-00086,15,16,open,4,5,0,18,5,5.0,5.0
rtdetr_l,cate7-00086,15,16,half,4,5,9,18,5,5.0,5.0
rtdetr_l,cate7-00086,15,16,closed,4,5,18,18,5,5.0,5.0
rtdetr_l,cate7-00086,34,35,open,19,20,0,17,20,20.0,20.0
rtdetr_l,cate7-00086,34,35,half,19,20,8,17,20,20.0,20.0
rtdetr_l,cate7-00086,34,35,closed,19,20,17,17,19,20.0,19.0
rtdetr_l,cate7-00086,42,43,open,25,26,0,17,26,26.0,26.0
rtdetr_l,cate7-00086,42,43,half,25,26,8,17,25,26.0,25.0
rtdetr_l,cate7-00086,42,43,closed,25,26,17,17,25,26.0,26.0
rtdetr_l,cate7-00090,31,32,open,16,17,0,9,18,17.0,17.0
rtdetr_l,cate7-00090,31,32,half,16,17,4,9,18,17.0,17.0
rtdetr_l,cate7-00090,31,32,closed,16,17,9,9,17,17.0,17.0
rtdetr_l,cate7-00090,44,45,open,27,28,0,16,28,28.0,27.0
rtdetr_l,cate7-00090,44,45,half,27,28,8,16,28,28.0,27.0
rtdetr_l,cate7-00090,44,45,closed,27,28,16,16,26,28.0,27.0
rtdetr_l,cate7-00090,11,12,open,0,1,0,15,1,1.0,1.0
rtdetr_l,cate7-00090,11,12,half,0,1,8,15,1,1.0,1.0
rtdetr_l,cate7-00090,11,12,closed,0,1,15,15,0,1.0,1.0
rtdetr_l,cate8-00001,12,13,open,1,2,0,19,2,2.0,2.0
rtdetr_l,cate8-00001,12,13,half,1,2,10,19,2,2.0,2.0
rtdetr_l,cate8-00001,12,13,closed,1,2,19,19,1,2.0,2.0
rtdetr_l,cate8-00001,23,24,open,10,11,0,18,11,11.0,11.0
rtdetr_l,cate8-00001,23,24,half,10,11,9,18,10,11.0,10.0
rtdetr_l,cate8-00001,23,24,closed,10,11,18,18,10,11.0,10.0
rtdetr_l,cate8-00001,24,25,open,11,12,0,19,12,12.0,12.0
rtdetr_l,cate8-00001,24,25,half,11,12,10,19,12,12.0,11.0
rtdetr_l,cate8-00001,24,25,closed,11,12,19,19,11,12.0,11.0
rtdetr_l,cate8-00008,45,46,open,28,29,0,23,30,30.0,30.0
rtdetr_l,cate8-00008,45,46,half,28,29,12,23,29,30.0,30.0
rtdetr_l,cate8-00008,45,46,closed,28,29,23,23,29,30.0,30.0
rtdetr_l,cate8-00008,36,37,open,21,22,0,36,22,22.0,22.0
rtdetr_l,cate8-00008,36,37,half,21,22,18,36,22,22.0,22.0
rtdetr_l,cate8-00008,36,37,closed,21,22,36,36,21,22.0,21.0
rtdetr_l,cate8-00008,35,36,open,20,21,0,19,21,21.0,21.0
rtdetr_l,cate8-00008,35,36,half,20,21,10,19,21,21.0,21.0
rtdetr_l,cate8-00008,35,36,closed,20,21,19,19,20,21.0,21.0
rtdetr_l,cate8-00015,13,14,open,2,3,0,19,3,3.0,3.0
rtdetr_l,cate8-00015,13,14,half,2,3,10,19,2,3.0,2.0
rtdetr_l,cate8-00015,13,14,closed,2,3,19,19,2,3.0,2.0
rtdetr_l,cate8-00015,42,43,open,25,26,0,16,27,26.0,26.0
rtdetr_l,cate8-00015,42,43,half,25,26,8,16,26,26.0,26.0
rtdetr_l,cate8-00015,42,43,closed,25,26,16,16,26,26.0,26.0
rtdetr_l,cate8-00015,32,33,open,17,18,0,15,18,18.0,18.0
rtdetr_l,cate8-00015,32,33,half,17,18,8,15,18,18.0,18.0
rtdetr_l,cate8-00015,32,33,closed,17,18,15,15,18,18.0,18.0
rtdetr_l,cate8-00030,24,25,open,11,12,0,20,12,12.0,12.0
rtdetr_l,cate8-00030,24,25,half,11,12,10,20,12,12.0,11.0
rtdetr_l,cate8-00030,24,25,closed,11,12,20,20,11,12.0,11.0
rtdetr_l,cate8-00030,22,23,open,9,10,0,16,9,10.0,10.0
rtdetr_l,cate8-00030,22,23,half,9,10,8,16,9,10.0,10.0
rtdetr_l,cate8-00030,22,23,closed,9,10,16,16,9,10.0,10.0
rtdetr_l,cate8-00030,33,34,open,18,19,0,18,19,19.0,19.0
rtdetr_l,cate8-00030,33,34,half,18,19,9,18,19,19.0,19.0
rtdetr_l,cate8-00030,33,34,closed,18,19,18,18,18,19.0,19.0
rtdetr_l,cate8-00035,42,43,open,25,26,0,14,26,26.0,26.0
rtdetr_l,cate8-00035,42,43,half,25,26,7,14,25,26.0,26.0
rtdetr_l,cate8-00035,42,43,closed,25,26,14,14,25,26.0,26.0
rtdetr_l,cate8-00035,32,33,open,17,18,0,11,17,18.0,18.0
rtdetr_l,cate8-00035,32,33,half,17,18,6,11,17,18.0,19.0
rtdetr_l,cate8-00035,32,33,closed,17,18,11,11,17,18.0,18.0
rtdetr_l,cate8-00035,43,44,open,26,27,0,16,27,27.0,27.0
rtdetr_l,cate8-00035,43,44,half,26,27,8,16,27,27.0,27.0
rtdetr_l,cate8-00035,43,44,closed,26,27,16,16,26,27.0,27.0
rtdetr_l,cate8-00047,32,33,open,17,18,0,21,19,18.0,18.0
rtdetr_l,cate8-00047,32,33,half,17,18,10,21,18,18.0,18.0
rtdetr_l,cate8-00047,32,33,closed,17,18,21,21,18,18.0,18.0
rtdetr_l,cate8-00047,33,34,open,18,19,0,23,20,19.0,19.0
rtdetr_l,cate8-00047,33,34,half,18,19,12,23,19,19.0,19.0
rtdetr_l,cate8-00047,33,34,closed,18,19,23,23,19,19.0,19.0
rtdetr_l,cate8-00047,35,36,open,20,21,0,23,22,21.0,21.0
rtdetr_l,cate8-00047,35,36,half,20,21,12,23,21,21.0,21.0
rtdetr_l,cate8-00047,35,36,closed,20,21,23,23,21,21.0,21.0
rtdetr_l,cate8-00066,32,33,open,17,18,0,12,18,18.0,18.0
rtdetr_l,cate8-00066,32,33,half,17,18,6,12,18,18.0,18.0
rtdetr_l,cate8-00066,32,33,closed,17,18,12,12,16,18.0,18.0
rtdetr_l,cate8-00066,14,15,open,3,4,0,14,4,4.0,4.0
rtdetr_l,cate8-00066,14,15,half,3,4,7,14,4,4.0,4.0
rtdetr_l,cate8-00066,14,15,closed,3,4,14,14,4,4.0,4.0
rtdetr_l,cate8-00066,42,43,open,25,26,0,11,26,26.0,26.0
rtdetr_l,cate8-00066,42,43,half,25,26,6,11,26,26.0,26.0
rtdetr_l,cate8-00066,42,43,closed,25,26,11,11,26,26.0,26.0
rtdetr_l,cate8-00071,42,43,open,25,26,0,17,26,26.0,26.0
rtdetr_l,cate8-00071,42,43,half,25,26,8,17,26,26.0,26.0
rtdetr_l,cate8-00071,42,43,closed,25,26,17,17,25,26.0,26.0
rtdetr_l,cate8-00071,46,47,open,29,30,0,31,30,30.0,30.0
rtdetr_l,cate8-00071,46,47,half,29,30,16,31,30,30.0,30.0
rtdetr_l,cate8-00071,46,47,closed,29,30,31,31,29,30.0,29.0
rtdetr_l,cate8-00071,14,15,open,3,4,0,15,4,4.0,4.0
rtdetr_l,cate8-00071,14,15,half,3,4,8,15,3,4.0,4.0
rtdetr_l,cate8-00071,14,15,closed,3,4,15,15,3,4.0,3.0
rtdetr_l,cate8-00089,34,35,open,19,20,0,16,20,20.0,20.0
rtdetr_l,cate8-00089,34,35,half,19,20,8,16,20,20.0,20.0
rtdetr_l,cate8-00089,34,35,closed,19,20,16,16,20,20.0,19.0
rtdetr_l,cate8-00089,32,33,open,17,18,0,20,19,18.0,18.0
rtdetr_l,cate8-00089,32,33,half,17,18,10,20,19,18.0,18.0
rtdetr_l,cate8-00089,32,33,closed,17,18,20,20,17,18.0,18.0
rtdetr_l,cate8-00089,41,42,open,24,25,0,15,24,25.0,25.0
rtdetr_l,cate8-00089,41,42,half,24,25,8,15,24,25.0,25.0
rtdetr_l,cate8-00089,41,42,closed,24,25,15,15,24,25.0,24.0
rtdetr_l,cate8-00116,34,35,open,19,20,0,14,19,19.0,20.0
rtdetr_l,cate8-00116,34,35,half,19,20,7,14,19,19.0,19.0
rtdetr_l,cate8-00116,34,35,closed,19,20,14,14,19,19.0,19.0
rtdetr_l,cate8-00116,44,45,open,27,28,0,17,28,28.0,27.0
rtdetr_l,cate8-00116,44,45,half,27,28,8,17,27,28.0,27.0
rtdetr_l,cate8-00116,44,45,closed,27,28,17,17,27,28.0,27.0
rtdetr_l,cate8-00116,43,44,open,26,27,0,19,27,27.0,27.0
rtdetr_l,cate8-00116,43,44,half,26,27,10,19,26,27.0,26.0
rtdetr_l,cate8-00116,43,44,closed,26,27,19,19,26,27.0,26.0
rtdetr_l,cate8-00119,17,18,open,6,7,0,18,7,7.0,7.0
rtdetr_l,cate8-00119,17,18,half,6,7,9,18,7,7.0,7.0
rtdetr_l,cate8-00119,17,18,closed,6,7,18,18,7,7.0,7.0
rtdetr_l,cate8-00119,24,25,open,11,12,0,18,12,12.0,12.0
rtdetr_l,cate8-00119,24,25,half,11,12,9,18,12,12.0,12.0
rtdetr_l,cate8-00119,24,25,closed,11,12,18,18,11,12.0,11.0
rtdetr_l,cate8-00119,16,17,open,5,6,0,27,6,6.0,6.0
rtdetr_l,cate8-00119,16,17,half,5,6,14,27,6,6.0,6.0
rtdetr_l,cate8-00119,16,17,closed,5,6,27,27,5,6.0,6.0
rtdetr_l,cate8-00130,32,33,open,17,18,0,11,18,18.0,18.0
rtdetr_l,cate8-00130,32,33,half,17,18,6,11,17,18.0,18.0
rtdetr_l,cate8-00130,32,33,closed,17,18,11,11,17,18.0,17.0
rtdetr_l,cate8-00130,25,26,open,12,13,0,18,13,13.0,13.0
rtdetr_l,cate8-00130,25,26,half,12,13,9,18,13,13.0,13.0
rtdetr_l,cate8-00130,25,26,closed,12,13,18,18,13,13.0,13.0
rtdetr_l,cate8-00130,31,32,open,16,17,0,10,16,17.0,
rtdetr_l,cate8-00130,31,32,half,16,17,5,10,16,17.0,17.0
rtdetr_l,cate8-00130,31,32,closed,16,17,10,10,24,17.0,16.0
rtdetr_l,cate8-00149,24,25,open,11,12,0,18,12,12.0,12.0
rtdetr_l,cate8-00149,24,25,half,11,12,9,18,12,12.0,12.0
rtdetr_l,cate8-00149,24,25,closed,11,12,18,18,12,12.0,11.0
rtdetr_l,cate8-00149,41,42,open,24,25,0,17,26,25.0,25.0
rtdetr_l,cate8-00149,41,42,half,24,25,8,17,25,25.0,25.0
rtdetr_l,cate8-00149,41,42,closed,24,25,17,17,25,25.0,25.0
rtdetr_l,cate8-00149,36,37,open,21,22,0,34,22,22.0,22.0
rtdetr_l,cate8-00149,36,37,half,21,22,17,34,22,22.0,22.0
rtdetr_l,cate8-00149,36,37,closed,21,22,34,34,22,22.0,22.0
rtdetr_l,cate8-00152,11,12,open,0,1,0,24,2,1.0,
rtdetr_l,cate8-00152,11,12,half,0,1,12,24,1,1.0,1.0
rtdetr_l,cate8-00152,11,12,closed,0,1,24,24,0,1.0,0.0
rtdetr_l,cate8-00152,17,18,open,6,7,0,22,7,7.0,7.0
rtdetr_l,cate8-00152,17,18,half,6,7,11,22,7,7.0,7.0
rtdetr_l,cate8-00152,17,18,closed,6,7,22,22,7,7.0,7.0
rtdetr_l,cate8-00152,24,25,open,11,12,0,19,12,12.0,12.0
rtdetr_l,cate8-00152,24,25,half,11,12,10,19,12,12.0,12.0
rtdetr_l,cate8-00152,24,25,closed,11,12,19,19,11,12.0,11.0
rtdetr_l,cate8-00166,16,17,open,5,6,0,25,6,6.0,6.0
rtdetr_l,cate8-00166,16,17,half,5,6,12,25,5,6.0,6.0
rtdetr_l,cate8-00166,16,17,closed,5,6,25,25,5,6.0,6.0
rtdetr_l,cate8-00166,45,46,open,28,29,0,16,29,29.0,29.0
rtdetr_l,cate8-00166,45,46,half,28,29,8,16,29,29.0,29.0
rtdetr_l,cate8-00166,45,46,closed,28,29,16,16,28,29.0,29.0
rtdetr_l,cate8-00166,46,47,open,29,30,0,30,30,30.0,30.0
rtdetr_l,cate8-00166,46,47,half,29,30,15,30,29,30.0,30.0
rtdetr_l,cate8-00166,46,47,closed,29,30,30,30,29,30.0,29.0
rtdetr_l,cate8-00167,26,27,open,13,14,0,26,14,14.0,14.0
rtdetr_l,cate8-00167,26,27,half,13,14,13,26,14,14.0,14.0
rtdetr_l,cate8-00167,26,27,closed,13,14,26,26,14,14.0,14.0
rtdetr_l,cate8-00167,14,15,open,3,4,0,16,4,4.0,4.0
rtdetr_l,cate8-00167,14,15,half,3,4,8,16,3,4.0,4.0
rtdetr_l,cate8-00167,14,15,closed,3,4,16,16,3,4.0,4.0
rtdetr_l,cate8-00167,44,45,open,27,28,0,15,27,28.0,28.0
rtdetr_l,cate8-00167,44,45,half,27,28,8,15,27,28.0,27.0
rtdetr_l,cate8-00167,44,45,closed,27,28,15,15,27,28.0,27.0
rtdetr_l,cate8-00181,34,35,open,19,20,0,25,20,20.0,20.0
rtdetr_l,cate8-00181,34,35,half,19,20,12,25,20,20.0,20.0
rtdetr_l,cate8-00181,34,35,closed,19,20,25,25,19,20.0,19.0
rtdetr_l,cate8-00181,43,44,open,26,27,0,20,28,27.0,28.0
rtdetr_l,cate8-00181,43,44,half,26,27,10,20,27,27.0,27.0
rtdetr_l,cate8-00181,43,44,closed,26,27,20,20,27,27.0,27.0
rtdetr_l,cate8-00181,21,22,open,8,9,0,26,9,9.0,9.0
rtdetr_l,cate8-00181,21,22,half,8,9,13,26,8,9.0,9.0
rtdetr_l,cate8-00181,21,22,closed,8,9,26,26,8,9.0,9.0
rtdetr_l,cate8-00185,42,43,open,25,26,0,13,26,26.0,26.0
rtdetr_l,cate8-00185,42,43,half,25,26,6,13,26,26.0,26.0
rtdetr_l,cate8-00185,42,43,closed,25,26,13,13,26,26.0,25.0
rtdetr_l,cate8-00185,45,46,open,28,29,0,13,29,29.0,29.0
rtdetr_l,cate8-00185,45,46,half,28,29,6,13,29,29.0,29.0
rtdetr_l,cate8-00185,45,46,closed,28,29,13,13,29,29.0,29.0
rtdetr_l,cate8-00185,21,22,open,8,9,0,16,9,9.0,9.0
rtdetr_l,cate8-00185,21,22,half,8,9,8,16,9,9.0,9.0
rtdetr_l,cate8-00185,21,22,closed,8,9,16,16,9,9.0,9.0
rtdetr_l,cate8-00188,22,23,open,9,10,0,19,9,10.0,10.0
rtdetr_l,cate8-00188,22,23,half,9,10,10,19,9,10.0,10.0
rtdetr_l,cate8-00188,22,23,closed,9,10,19,19,9,10.0,10.0
rtdetr_l,cate8-00188,43,44,open,26,27,0,19,27,27.0,27.0
rtdetr_l,cate8-00188,43,44,half,26,27,10,19,26,27.0,27.0
rtdetr_l,cate8-00188,43,44,closed,26,27,19,19,26,27.0,27.0
rtdetr_l,cate8-00188,32,33,open,17,18,0,15,18,18.0,18.0
rtdetr_l,cate8-00188,32,33,half,17,18,8,15,17,18.0,18.0
rtdetr_l,cate8-00188,32,33,closed,17,18,15,15,17,18.0,18.0
rtdetr_l,cate8-00197,22,23,open,9,10,0,16,10,10.0,10.0
rtdetr_l,cate8-00197,22,23,half,9,10,8,16,10,10.0,10.0
rtdetr_l,cate8-00197,22,23,closed,9,10,16,16,9,10.0,10.0
rtdetr_l,cate8-00197,13,14,open,2,3,0,21,3,4.0,4.0
rtdetr_l,cate8-00197,13,14,half,2,3,10,21,2,4.0,2.0
rtdetr_l,cate8-00197,13,14,closed,2,3,21,21,2,4.0,2.0
rtdetr_l,cate8-00197,11,12,open,0,1,0,18,1,1.0,1.0
rtdetr_l,cate8-00197,11,12,half,0,1,9,18,0,1.0,0.0
rtdetr_l,cate8-00197,11,12,closed,0,1,18,18,0,1.0,0.0
rtdetr_l,cate8-00215,15,16,open,4,5,0,18,5,5.0,5.0
rtdetr_l,cate8-00215,15,16,half,4,5,9,18,5,5.0,5.0
rtdetr_l,cate8-00215,15,16,closed,4,5,18,18,5,5.0,5.0
rtdetr_l,cate8-00215,45,46,open,28,29,0,22,29,29.0,29.0
rtdetr_l,cate8-00215,45,46,half,28,29,11,22,29,29.0,29.0
rtdetr_l,cate8-00215,45,46,closed,28,29,22,22,29,29.0,29.0
rtdetr_l,cate8-00215,11,12,open,0,1,0,25,1,1.0,1.0
rtdetr_l,cate8-00215,11,12,half,0,1,12,25,1,1.0,0.0
rtdetr_l,cate8-00215,11,12,closed,0,1,25,25,0,1.0,0.0
rtdetr_l,cate8-00233,42,43,open,25,26,0,22,27,26.0,26.0
rtdetr_l,cate8-00233,42,43,half,25,26,11,22,26,26.0,25.0
rtdetr_l,cate8-00233,42,43,closed,25,26,22,22,26,26.0,25.0
rtdetr_l,cate8-00233,22,23,open,9,10,0,19,10,10.0,10.0
rtdetr_l,cate8-00233,22,23,half,9,10,10,19,10,10.0,10.0
rtdetr_l,cate8-00233,22,23,closed,9,10,19,19,9,10.0,10.0
rtdetr_l,cate8-00233,33,34,open,18,19,0,33,19,19.0,19.0
rtdetr_l,cate8-00233,33,34,half,18,19,16,33,19,19.0,18.0
rtdetr_l,cate8-00233,33,34,closed,18,19,33,33,17,19.0,18.0
rtdetr_l,cate8-00245,44,45,open,27,28,0,23,28,28.0,28.0
rtdetr_l,cate8-00245,44,45,half,27,28,12,23,28,28.0,27.0
rtdetr_l,cate8-00245,44,45,closed,27,28,23,23,27,28.0,27.0
rtdetr_l,cate8-00245,34,35,open,19,20,0,24,20,20.0,20.0
rtdetr_l,cate8-00245,34,35,half,19,20,12,24,20,20.0,20.0
rtdetr_l,cate8-00245,34,35,closed,19,20,24,24,19,20.0,20.0
rtdetr_l,cate8-00245,21,22,open,8,9,0,24,9,9.0,9.0
rtdetr_l,cate8-00245,21,22,half,8,9,12,24,8,9.0,9.0
rtdetr_l,cate8-00245,21,22,closed,8,9,24,24,8,9.0,8.0
rtdetr_l,cate8-00287,41,42,open,24,25,0,9,24,25.0,25.0
rtdetr_l,cate8-00287,41,42,half,24,25,4,9,24,25.0,24.0
rtdetr_l,cate8-00287,41,42,closed,24,25,9,9,24,25.0,24.0
rtdetr_l,cate8-00287,31,32,open,16,17,0,10,17,17.0,17.0
rtdetr_l,cate8-00287,31,32,half,16,17,5,10,17,17.0,17.0
rtdetr_l,cate8-00287,31,32,closed,16,17,10,10,16,17.0,17.0
rtdetr_l,cate8-00287,44,45,open,27,28,0,15,27,28.0,28.0
rtdetr_l,cate8-00287,44,45,half,27,28,8,15,27,28.0,27.0
rtdetr_l,cate8-00287,44,45,closed,27,28,15,15,27,28.0,27.0
rtdetr_l,cate8-00296,31,32,open,16,17,0,15,16,17.0,17.0
rtdetr_l,cate8-00296,31,32,half,16,17,8,15,16,17.0,17.0
rtdetr_l,cate8-00296,31,32,closed,16,17,15,15,16,17.0,17.0
rtdetr_l,cate8-00296,42,43,open,25,26,0,20,27,26.0,26.0
rtdetr_l,cate8-00296,42,43,half,25,26,10,20,26,26.0,26.0
rtdetr_l,cate8-00296,42,43,closed,25,26,20,20,25,26.0,26.0
rtdetr_l,cate8-00296,21,22,open,8,9,0,19,9,9.0,9.0
rtdetr_l,cate8-00296,21,22,half,8,9,10,19,8,9.0,9.0
rtdetr_l,cate8-00296,21,22,closed,8,9,19,19,8,9.0,8.0
rtdetr_l,cate8-00359,44,45,open,27,28,0,17,28,28.0,28.0
rtdetr_l,cate8-00359,44,45,half,27,28,8,17,28,28.0,28.0
rtdetr_l,cate8-00359,44,45,closed,27,28,17,17,28,28.0,27.0
rtdetr_l,cate8-00359,42,43,open,25,26,0,14,27,26.0,26.0
rtdetr_l,cate8-00359,42,43,half,25,26,7,14,26,26.0,26.0
rtdetr_l,cate8-00359,42,43,closed,25,26,14,14,26,26.0,26.0
rtdetr_l,cate8-00359,32,33,open,17,18,0,17,18,18.0,18.0
rtdetr_l,cate8-00359,32,33,half,17,18,8,17,18,18.0,18.0
rtdetr_l,cate8-00359,32,33,closed,17,18,17,17,16,18.0,18.0
rtdetr_l,cate8-00382,27,28,open,14,15,0,22,15,15.0,15.0
rtdetr_l,cate8-00382,27,28,half,14,15,11,22,15,15.0,15.0
rtdetr_l,cate8-00382,27,28,closed,14,15,22,22,15,15.0,14.0
rtdetr_l,cate8-00382,22,23,open,9,10,0,16,9,10.0,10.0
rtdetr_l,cate8-00382,22,23,half,9,10,8,16,9,10.0,10.0
rtdetr_l,cate8-00382,22,23,closed,9,10,16,16,9,10.0,9.0
rtdetr_l,cate8-00382,44,45,open,27,28,0,36,29,28.0,28.0
rtdetr_l,cate8-00382,44,45,half,27,28,18,36,28,28.0,28.0
rtdetr_l,cate8-00382,44,45,closed,27,28,36,36,27,28.0,28.0
rtdetr_l,cate8-00383,23,24,open,10,11,0,17,11,11.0,11.0
rtdetr_l,cate8-00383,23,24,half,10,11,8,17,11,11.0,11.0
rtdetr_l,cate8-00383,23,24,closed,10,11,17,17,10,11.0,10.0
rtdetr_l,cate8-00383,33,34,open,18,19,0,12,19,,
rtdetr_l,cate8-00383,33,34,half,18,19,6,12,19,,
rtdetr_l,cate8-00383,33,34,closed,18,19,12,12,18,,19.0
rtdetr_l,cate8-00383,46,47,open,29,30,0,37,29,30.0,29.0
rtdetr_l,cate8-00383,46,47,half,29,30,18,37,29,30.0,29.0
rtdetr_l,cate8-00383,46,47,closed,29,30,37,37,29,30.0,29.0
rtdetr_l,cate9-00028,23,24,open,10,11,0,19,11,11.0,
rtdetr_l,cate9-00028,23,24,half,10,11,10,19,10,11.0,11.0
rtdetr_l,cate9-00028,23,24,closed,10,11,19,19,10,11.0,10.0
rtdetr_l,cate9-00028,41,42,open,24,25,0,12,25,,
rtdetr_l,cate9-00028,41,42,half,24,25,6,12,25,,
rtdetr_l,cate9-00028,41,42,closed,24,25,12,12,24,,25.0
rtdetr_l,cate9-00028,16,17,open,5,6,0,30,5,6.0,6.0
rtdetr_l,cate9-00028,16,17,half,5,6,15,30,5,6.0,5.0
rtdetr_l,cate9-00028,16,17,closed,5,6,30,30,4,6.0,5.0
rtdetr_l,cate1-00008,33,34,open,18,19,0,16,19,19.0,19.0
rtdetr_l,cate1-00008,33,34,half,18,19,8,16,19,19.0,19.0
rtdetr_l,cate1-00008,33,34,closed,18,19,16,16,18,19.0,19.0
rtdetr_l,cate1-00008,31,32,open,16,17,0,16,17,17.0,17.0
rtdetr_l,cate1-00008,31,32,half,16,17,8,16,17,17.0,17.0
rtdetr_l,cate1-00008,31,32,closed,16,17,16,16,16,17.0,17.0
rtdetr_l,cate1-00008,44,45,open,27,28,0,22,28,28.0,28.0
rtdetr_l,cate1-00008,44,45,half,27,28,11,22,27,28.0,28.0
rtdetr_l,cate1-00008,44,45,closed,27,28,22,22,27,28.0,27.0
rtdetr_l,cate1-00044,23,24,open,10,11,0,19,12,11.0,11.0
rtdetr_l,cate1-00044,23,24,half,10,11,10,19,11,11.0,11.0
rtdetr_l,cate1-00044,23,24,closed,10,11,19,19,11,11.0,10.0
rtdetr_l,cate1-00044,25,26,open,12,13,0,18,13,13.0,13.0
rtdetr_l,cate1-00044,25,26,half,12,13,9,18,13,13.0,13.0
rtdetr_l,cate1-00044,25,26,closed,12,13,18,18,13,13.0,13.0
rtdetr_l,cate1-00044,22,23,open,9,10,0,18,10,10.0,10.0
rtdetr_l,cate1-00044,22,23,half,9,10,9,18,10,10.0,10.0
rtdetr_l,cate1-00044,22,23,closed,9,10,18,18,9,10.0,10.0
rtdetr_l,cate1-00056,21,22,open,8,9,0,15,17,9.0,9.0
rtdetr_l,cate1-00056,21,22,half,8,9,8,15,17,9.0,8.0
rtdetr_l,cate1-00056,21,22,closed,8,9,15,15,16,9.0,8.0
rtdetr_l,cate1-00056,44,45,open,27,28,0,17,28,28.0,28.0
rtdetr_l,cate1-00056,44,45,half,27,28,8,17,27,28.0,28.0
rtdetr_l,cate1-00056,44,45,closed,27,28,17,17,27,28.0,27.0
rtdetr_l,cate1-00056,22,23,open,9,10,0,14,9,10.0,10.0
rtdetr_l,cate1-00056,22,23,half,9,10,7,14,9,10.0,10.0
rtdetr_l,cate1-00056,22,23,closed,9,10,14,14,9,10.0,10.0
rtdetr_l,cate1-00059,33,34,open,18,19,0,18,18,19.0,19.0
rtdetr_l,cate1-00059,33,34,half,18,19,9,18,18,19.0,18.0
rtdetr_l,cate1-00059,33,34,closed,18,19,18,18,18,19.0,18.0
rtdetr_l,cate1-00059,13,14,open,2,3,0,20,3,3.0,3.0
rtdetr_l,cate1-00059,13,14,half,2,3,10,20,2,3.0,2.0
rtdetr_l,cate1-00059,13,14,closed,2,3,20,20,2,3.0,2.0
rtdetr_l,cate1-00059,12,13,open,1,2,0,17,2,2.0,2.0
rtdetr_l,cate1-00059,12,13,half,1,2,8,17,1,2.0,2.0
rtdetr_l,cate1-00059,12,13,closed,1,2,17,17,1,2.0,1.0
rtdetr_l,cate1-00062,22,23,open,9,10,0,18,10,10.0,10.0
rtdetr_l,cate1-00062,22,23,half,9,10,9,18,10,10.0,10.0
rtdetr_l,cate1-00062,22,23,closed,9,10,18,18,9,10.0,10.0
rtdetr_l,cate1-00062,41,42,open,24,25,0,15,25,25.0,25.0
rtdetr_l,cate1-00062,41,42,half,24,25,8,15,24,25.0,25.0
rtdetr_l,cate1-00062,41,42,closed,24,25,15,15,24,25.0,24.0
rtdetr_l,cate1-00062,24,25,open,11,12,0,19,12,12.0,12.0
rtdetr_l,cate1-00062,24,25,half,11,12,10,19,12,12.0,11.0
rtdetr_l,cate1-00062,24,25,closed,11,12,19,19,11,12.0,
rtdetr_l,cate10-00005,47,48,open,30,31,0,34,31,31.0,31.0
rtdetr_l,cate10-00005,47,48,half,30,31,17,34,31,31.0,31.0
rtdetr_l,cate10-00005,47,48,closed,30,31,34,34,30,31.0,30.0
rtdetr_l,cate10-00005,23,24,open,10,11,0,19,12,11.0,11.0
rtdetr_l,cate10-00005,23,24,half,10,11,10,19,12,11.0,10.0
rtdetr_l,cate10-00005,23,24,closed,10,11,19,19,12,11.0,11.0
rtdetr_l,cate10-00005,33,34,open,18,19,0,19,20,19.0,19.0
rtdetr_l,cate10-00005,33,34,half,18,19,10,19,19,19.0,19.0
rtdetr_l,cate10-00005,33,34,closed,18,19,19,19,19,19.0,18.0
rtdetr_l,cate10-00006,27,28,open,14,15,0,26,15,15.0,15.0
rtdetr_l,cate10-00006,27,28,half,14,15,13,26,15,15.0,14.0
rtdetr_l,cate10-00006,27,28,closed,14,15,26,26,14,15.0,14.0
rtdetr_l,cate10-00006,12,13,open,1,2,0,16,2,2.0,2.0
rtdetr_l,cate10-00006,12,13,half,1,2,8,16,2,2.0,2.0
rtdetr_l,cate10-00006,12,13,closed,1,2,16,16,1,2.0,2.0
rtdetr_l,cate10-00006,44,45,open,27,28,0,23,28,28.0,28.0
rtdetr_l,cate10-00006,44,45,half,27,28,12,23,27,28.0,28.0
rtdetr_l,cate10-00006,44,45,closed,27,28,23,23,27,28.0,27.0
rtdetr_l,cate10-00012,45,46,open,28,29,0,17,29,29.0,29.0
rtdetr_l,cate10-00012,45,46,half,28,29,8,17,29,29.0,29.0
rtdetr_l,cate10-00012,45,46,closed,28,29,17,17,29,29.0,29.0
rtdetr_l,cate10-00012,34,35,open,19,20,0,19,20,20.0,20.0
rtdetr_l,cate10-00012,34,35,half,19,20,10,19,19,20.0,20.0
rtdetr_l,cate10-00012,34,35,closed,19,20,19,19,19,20.0,19.0
rtdetr_l,cate10-00012,44,45,open,27,28,0,13,28,28.0,28.0
rtdetr_l,cate10-00012,44,45,half,27,28,6,13,28,28.0,28.0
rtdetr_l,cate10-00012,44,45,closed,27,28,13,13,28,28.0,27.0
rtdetr_l,cate10-00020,25,26,open,12,13,0,15,13,13.0,13.0
rtdetr_l,cate10-00020,25,26,half,12,13,8,15,13,13.0,13.0
rtdetr_l,cate10-00020,25,26,closed,12,13,15,15,13,13.0,13.0
rtdetr_l,cate10-00020,45,46,open,28,29,0,20,29,29.0,29.0
rtdetr_l,cate10-00020,45,46,half,28,29,10,20,29,29.0,29.0
rtdetr_l,cate10-00020,45,46,closed,28,29,20,20,29,29.0,29.0
rtdetr_l,cate10-00020,24,25,open,11,12,0,22,12,12.0,12.0
rtdetr_l,cate10-00020,24,25,half,11,12,11,22,12,12.0,12.0
rtdetr_l,cate10-00020,24,25,closed,11,12,22,22,11,12.0,11.0
rtdetr_l,cate10-00041,13,14,open,2,3,0,9,2,3.0,3.0
rtdetr_l,cate10-00041,13,14,half,2,3,4,9,2,3.0,3.0
rtdetr_l,cate10-00041,13,14,closed,2,3,9,9,2,3.0,3.0
rtdetr_l,cate10-00041,15,16,open,4,5,0,20,5,5.0,5.0
rtdetr_l,cate10-00041,15,16,half,4,5,10,20,5,5.0,5.0
rtdetr_l,cate10-00041,15,16,closed,4,5,20,20,3,5.0,4.0
rtdetr_l,cate10-00041,44,45,open,27,28,0,16,28,28.0,28.0
rtdetr_l,cate10-00041,44,45,half,27,28,8,16,28,28.0,28.0
rtdetr_l,cate10-00041,44,45,closed,27,28,16,16,28,28.0,28.0
rtdetr_l,cate10-00099,42,43,open,25,26,0,12,27,,
rtdetr_l,cate10-00099,42,43,half,25,26,6,12,27,,
rtdetr_l,cate10-00099,42,43,closed,25,26,12,12,27,,
rtdetr_l,cate2-00005,14,15,open,3,4,0,19,4,4.0,4.0
rtdetr_l,cate2-00005,14,15,half,3,4,10,19,4,4.0,4.0
rtdetr_l,cate2-00005,14,15,closed,3,4,19,19,4,4.0,4.0
rtdetr_l,cate2-00005,11,12,open,0,1,0,20,2,1.0,1.0
rtdetr_l,cate2-00005,11,12,half,0,1,10,20,1,1.0,1.0
rtdetr_l,cate2-00005,11,12,closed,0,1,20,20,0,1.0,1.0
rtdetr_l,cate2-00005,41,42,open,24,25,0,5,25,25.0,25.0
rtdetr_l,cate2-00005,41,42,half,24,25,2,5,25,25.0,25.0
rtdetr_l,cate2-00005,41,42,closed,24,25,5,5,25,25.0,25.0
rtdetr_l,cate2-00008,14,15,open,3,4,0,7,4,4.0,4.0
rtdetr_l,cate2-00008,14,15,half,3,4,4,7,3,4.0,4.0
rtdetr_l,cate2-00008,14,15,closed,3,4,7,7,3,4.0,3.0
rtdetr_l,cate2-00008,37,38,open,22,23,0,29,23,23.0,23.0
rtdetr_l,cate2-00008,37,38,half,22,23,14,29,23,23.0,23.0
rtdetr_l,cate2-00008,37,38,closed,22,23,29,29,22,23.0,22.0
rtdetr_l,cate2-00008,12,13,open,1,2,0,18,3,2.0,2.0
rtdetr_l,cate2-00008,12,13,half,1,2,9,18,1,2.0,2.0
rtdetr_l,cate2-00008,12,13,closed,1,2,18,18,1,2.0,1.0
rtdetr_l,cate2-00010,22,23,open,9,10,0,19,9,10.0,10.0
rtdetr_l,cate2-00010,22,23,half,9,10,10,19,9,10.0,10.0
rtdetr_l,cate2-00010,22,23,closed,9,10,19,19,9,10.0,10.0
rtdetr_l,cate2-00010,27,28,open,14,15,0,29,15,15.0,15.0
rtdetr_l,cate2-00010,27,28,half,14,15,14,29,15,15.0,15.0
rtdetr_l,cate2-00010,27,28,closed,14,15,29,29,15,15.0,15.0
rtdetr_l,cate2-00010,47,48,open,30,31,0,31,31,31.0,31.0
rtdetr_l,cate2-00010,47,48,half,30,31,16,31,30,31.0,31.0
rtdetr_l,cate2-00010,47,48,closed,30,31,31,31,30,31.0,30.0
rtdetr_l,cate2-00011,11,12,open,0,1,0,15,1,1.0,1.0
rtdetr_l,cate2-00011,11,12,half,0,1,8,15,1,1.0,1.0
rtdetr_l,cate2-00011,11,12,closed,0,1,15,15,0,1.0,1.0
rtdetr_l,cate2-00011,37,38,open,22,23,0,35,23,23.0,23.0
rtdetr_l,cate2-00011,37,38,half,22,23,18,35,23,23.0,23.0
rtdetr_l,cate2-00011,37,38,closed,22,23,35,35,23,23.0,23.0
rtdetr_l,cate2-00011,22,23,open,9,10,0,19,9,10.0,10.0
rtdetr_l,cate2-00011,22,23,half,9,10,10,19,9,10.0,10.0
rtdetr_l,cate2-00011,22,23,closed,9,10,19,19,9,10.0,10.0
rtdetr_l,cate2-00013,27,28,open,14,15,0,26,14,15.0,15.0
rtdetr_l,cate2-00013,27,28,half,14,15,13,26,14,15.0,15.0
rtdetr_l,cate2-00013,27,28,closed,14,15,26,26,14,15.0,15.0
rtdetr_l,cate2-00013,23,24,open,10,11,0,15,11,11.0,11.0
rtdetr_l,cate2-00013,23,24,half,10,11,8,15,11,11.0,11.0
rtdetr_l,cate2-00013,23,24,closed,10,11,15,15,10,11.0,11.0
rtdetr_l,cate2-00013,34,35,open,19,20,0,17,21,20.0,20.0
rtdetr_l,cate2-00013,34,35,half,19,20,8,17,20,20.0,20.0
rtdetr_l,cate2-00013,34,35,closed,19,20,17,17,20,20.0,20.0
rtdetr_l,cate2-00015,47,48,open,30,31,0,35,31,31.0,31.0
rtdetr_l,cate2-00015,47,48,half,30,31,18,35,30,31.0,30.0
rtdetr_l,cate2-00015,47,48,closed,30,31,35,35,30,31.0,30.0
rtdetr_l,cate2-00015,21,22,open,8,9,0,25,9,9.0,9.0
rtdetr_l,cate2-00015,21,22,half,8,9,12,25,8,9.0,8.0
rtdetr_l,cate2-00015,21,22,closed,8,9,25,25,8,9.0,8.0
rtdetr_l,cate2-00015,42,43,open,25,26,0,15,26,26.0,26.0
rtdetr_l,cate2-00015,42,43,half,25,26,8,15,26,26.0,26.0
rtdetr_l,cate2-00015,42,43,closed,25,26,15,15,26,26.0,26.0
rtdetr_l,cate2-00034,12,13,open,1,2,0,15,2,2.0,2.0
rtdetr_l,cate2-00034,12,13,half,1,2,8,15,2,2.0,2.0
rtdetr_l,cate2-00034,12,13,closed,1,2,15,15,2,2.0,2.0
rtdetr_l,cate2-00034,14,15,open,3,4,0,18,4,4.0,4.0
rtdetr_l,cate2-00034,14,15,half,3,4,9,18,4,4.0,4.0
rtdetr_l,cate2-00034,14,15,closed,3,4,18,18,3,4.0,3.0
rtdetr_l,cate2-00034,32,33,open,17,18,0,19,18,18.0,18.0
rtdetr_l,cate2-00034,32,33,half,17,18,10,19,18,18.0,18.0
rtdetr_l,cate2-00034,32,33,closed,17,18,19,19,17,18.0,18.0
rtdetr_l,cate2-00037,14,15,open,3,4,0,18,5,4.0,4.0
rtdetr_l,cate2-00037,14,15,half,3,4,9,18,4,4.0,4.0
rtdetr_l,cate2-00037,14,15,closed,3,4,18,18,4,4.0,4.0
rtdetr_l,cate2-00037,36,37,open,21,22,0,38,22,22.0,22.0
rtdetr_l,cate2-00037,36,37,half,21,22,19,38,22,22.0,22.0
rtdetr_l,cate2-00037,36,37,closed,21,22,38,38,22,22.0,22.0
rtdetr_l,cate2-00037,22,23,open,9,10,0,17,10,10.0,10.0
rtdetr_l,cate2-00037,22,23,half,9,10,8,17,10,10.0,10.0
rtdetr_l,cate2-00037,22,23,closed,9,10,17,17,10,10.0,10.0
rtdetr_l,cate2-00104,47,48,open,30,31,0,36,31,31.0,31.0
rtdetr_l,cate2-00104,47,48,half,30,31,18,36,31,31.0,31.0
rtdetr_l,cate2-00104,47,48,closed,30,31,36,36,31,31.0,30.0
rtdetr_l,cate2-00104,44,45,open,27,28,0,26,28,28.0,28.0
rtdetr_l,cate2-00104,44,45,half,27,28,13,26,28,28.0,28.0
rtdetr_l,cate2-00104,44,45,closed,27,28,26,26,28,28.0,27.0
rtdetr_l,cate2-00104,26,27,open,13,14,0,31,14,14.0,14.0
rtdetr_l,cate2-00104,26,27,half,13,14,16,31,13,14.0,14.0
rtdetr_l,cate2-00104,26,27,closed,13,14,31,31,13,14.0,14.0
rtdetr_l,cate2-00114,14,15,open,3,4,0,15,4,4.0,4.0
rtdetr_l,cate2-00114,14,15,half,3,4,8,15,4,4.0,4.0
rtdetr_l,cate2-00114,14,15,closed,3,4,15,15,3,4.0,4.0
rtdetr_l,cate2-00114,16,17,open,5,6,0,27,6,6.0,6.0
rtdetr_l,cate2-00114,16,17,half,5,6,14,27,6,6.0,6.0
rtdetr_l,cate2-00114,16,17,closed,5,6,27,27,6,6.0,5.0
rtdetr_l,cate2-00114,24,25,open,11,12,0,16,12,12.0,12.0
rtdetr_l,cate2-00114,24,25,half,11,12,8,16,11,12.0,11.0
rtdetr_l,cate2-00114,24,25,closed,11,12,16,16,11,12.0,11.0
rtdetr_l,cate2-00116,11,12,open,0,1,0,23,1,1.0,1.0
rtdetr_l,cate2-00116,11,12,half,0,1,12,23,1,1.0,1.0
rtdetr_l,cate2-00116,11,12,closed,0,1,23,23,0,1.0,0.0
rtdetr_l,cate2-00116,25,26,open,12,13,0,17,13,13.0,13.0
rtdetr_l,cate2-00116,25,26,half,12,13,8,17,13,13.0,13.0
rtdetr_l,cate2-00116,25,26,closed,12,13,17,17,13,13.0,13.0
rtdetr_l,cate2-00116,22,23,open,9,10,0,16,10,10.0,10.0
rtdetr_l,cate2-00116,22,23,half,9,10,8,16,10,10.0,10.0
rtdetr_l,cate2-00116,22,23,closed,9,10,16,16,9,10.0,10.0
rtdetr_l,cate2-00117,45,46,open,28,29,0,16,29,29.0,29.0
rtdetr_l,cate2-00117,45,46,half,28,29,8,16,29,29.0,29.0
rtdetr_l,cate2-00117,45,46,closed,28,29,16,16,29,29.0,29.0
rtdetr_l,cate2-00117,31,32,open,16,17,0,13,17,17.0,17.0
rtdetr_l,cate2-00117,31,32,half,16,17,6,13,16,17.0,17.0
rtdetr_l,cate2-00117,31,32,closed,16,17,13,13,16,17.0,16.0
rtdetr_l,cate2-00117,25,26,open,12,13,0,17,13,13.0,13.0
rtdetr_l,cate2-00117,25,26,half,12,13,8,17,13,13.0,13.0
rtdetr_l,cate2-00117,25,26,closed,12,13,17,17,12,13.0,13.0
rtdetr_l,cate2-00124,22,23,open,9,10,0,9,9,10.0,10.0
rtdetr_l,cate2-00124,22,23,half,9,10,4,9,9,10.0,10.0
rtdetr_l,cate2-00124,22,23,closed,9,10,9,9,9,10.0,10.0
rtdetr_l,cate2-00124,25,26,open,12,13,0,11,13,13.0,13.0
rtdetr_l,cate2-00124,25,26,half,12,13,6,11,13,13.0,13.0
rtdetr_l,cate2-00124,25,26,closed,12,13,11,11,13,13.0,13.0
rtdetr_l,cate2-00124,33,34,open,18,19,0,15,19,19.0,19.0
rtdetr_l,cate2-00124,33,34,half,18,19,8,15,18,19.0,18.0
rtdetr_l,cate2-00124,33,34,closed,18,19,15,15,18,19.0,18.0
rtdetr_l,cate2-00126,45,46,open,28,29,0,25,29,29.0,29.0
rtdetr_l,cate2-00126,45,46,half,28,29,12,25,29,29.0,29.0
rtdetr_l,cate2-00126,45,46,closed,28,29,25,25,29,29.0,29.0
rtdetr_l,cate2-00126,21,22,open,8,9,0,27,19,,
rtdetr_l,cate2-00126,21,22,half,8,9,14,27,16,,
rtdetr_l,cate2-00126,21,22,closed,8,9,27,27,16,,8.0
rtdetr_l,cate2-00126,22,23,open,9,10,0,16,11,9.0,9.0
rtdetr_l,cate2-00126,22,23,half,9,10,8,16,9,9.0,9.0
rtdetr_l,cate2-00126,22,23,closed,9,10,16,16,9,9.0,9.0
rtdetr_l,cate2-00127,41,42,open,24,25,0,11,25,25.0,25.0
rtdetr_l,cate2-00127,41,42,half,24,25,6,11,25,25.0,25.0
rtdetr_l,cate2-00127,41,42,closed,24,25,11,11,25,25.0,25.0
rtdetr_l,cate2-00127,45,46,open,28,29,0,19,29,29.0,29.0
rtdetr_l,cate2-00127,45,46,half,28,29,10,19,29,29.0,29.0
rtdetr_l,cate2-00127,45,46,closed,28,29,19,19,29,29.0,29.0
rtdetr_l,cate2-00127,32,33,open,17,18,0,15,18,18.0,18.0
rtdetr_l,cate2-00127,32,33,half,17,18,8,15,18,18.0,18.0
rtdetr_l,cate2-00127,32,33,closed,17,18,15,15,18,18.0,18.0
rtdetr_l,cate3-00008,45,46,open,28,29,0,20,29,29.0,29.0
rtdetr_l,cate3-00008,45,46,half,28,29,10,20,29,29.0,29.0
rtdetr_l,cate3-00008,45,46,closed,28,29,20,20,29,29.0,29.0
rtdetr_l,cate3-00008,17,18,open,6,7,0,26,7,7.0,7.0
rtdetr_l,cate3-00008,17,18,half,6,7,13,26,7,7.0,7.0
rtdetr_l,cate3-00008,17,18,closed,6,7,26,26,7,7.0,7.0
rtdetr_l,cate3-00008,35,36,open,20,21,0,28,22,21.0,21.0
rtdetr_l,cate3-00008,35,36,half,20,21,14,28,21,21.0,21.0
rtdetr_l,cate3-00008,35,36,closed,20,21,28,28,21,21.0,21.0
rtdetr_l,cate3-00009,46,47,open,29,30,0,35,30,30.0,30.0
rtdetr_l,cate3-00009,46,47,half,29,30,18,35,29,30.0,30.0
rtdetr_l,cate3-00009,46,47,closed,29,30,35,35,29,30.0,29.0
rtdetr_l,cate3-00009,22,23,open,9,10,0,20,10,10.0,
rtdetr_l,cate3-00009,22,23,half,9,10,10,20,9,10.0,10.0
rtdetr_l,cate3-00009,22,23,closed,9,10,20,20,9,10.0,10.0
rtdetr_l,cate3-00009,33,34,open,18,19,0,15,19,19.0,19.0
rtdetr_l,cate3-00009,33,34,half,18,19,8,15,18,19.0,18.0
rtdetr_l,cate3-00009,33,34,closed,18,19,15,15,18,19.0,18.0
rtdetr_l,cate3-00026,23,24,open,10,11,0,20,12,11.0,11.0
rtdetr_l,cate3-00026,23,24,half,10,11,10,20,11,11.0,10.0
rtdetr_l,cate3-00026,23,24,closed,10,11,20,20,10,11.0,10.0
rtdetr_l,cate3-00026,32,33,open,17,18,0,18,18,18.0,18.0
rtdetr_l,cate3-00026,32,33,half,17,18,9,18,18,18.0,18.0
rtdetr_l,cate3-00026,32,33,closed,17,18,18,18,18,18.0,18.0
rtdetr_l,cate3-00026,36,37,open,21,22,0,42,22,22.0,22.0
rtdetr_l,cate3-00026,36,37,half,21,22,21,42,22,22.0,22.0
rtdetr_l,cate3-00026,36,37,closed,21,22,42,42,21,22.0,21.0
rtdetr_l,cate4-00085,21,22,open,8,9,0,19,9,9.0,9.0
rtdetr_l,cate4-00085,21,22,half,8,9,10,19,8,9.0,9.0
rtdetr_l,cate4-00085,21,22,closed,8,9,19,19,8,9.0,9.0
rtdetr_l,cate4-00085,35,36,open,20,21,0,17,21,21.0,21.0
rtdetr_l,cate4-00085,35,36,half,20,21,8,17,21,21.0,21.0
rtdetr_l,cate4-00085,35,36,closed,20,21,17,17,21,21.0,21.0
rtdetr_l,cate4-00085,23,24,open,10,11,0,6,11,,
rtdetr_l,cate4-00085,23,24,half,10,11,3,6,11,,11.0
rtdetr_l,cate4-00085,23,24,closed,10,11,6,6,11,,10.0
rtdetr_l,cate4-00086,43,44,open,26,27,0,11,26,27.0,27.0
rtdetr_l,cate4-00086,43,44,half,26,27,6,11,26,27.0,27.0
rtdetr_l,cate4-00086,43,44,closed,26,27,11,11,26,27.0,27.0
rtdetr_l,cate4-00086,12,13,open,1,2,0,14,1,2.0,
rtdetr_l,cate4-00086,12,13,half,1,2,7,14,1,2.0,2.0
rtdetr_l,cate4-00086,12,13,closed,1,2,14,14,0,2.0,2.0
rtdetr_l,cate4-00086,25,26,open,12,13,0,17,13,13.0,13.0
rtdetr_l,cate4-00086,25,26,half,12,13,8,17,13,13.0,13.0
rtdetr_l,cate4-00086,25,26,closed,12,13,17,17,13,13.0,13.0
rtdetr_l,cate4-00091,34,35,open,19,20,0,19,20,20.0,20.0
rtdetr_l,cate4-00091,34,35,half,19,20,10,19,20,20.0,20.0
rtdetr_l,cate4-00091,34,35,closed,19,20,19,19,20,20.0,19.0
rtdetr_l,cate4-00091,31,32,open,16,17,0,13,18,17.0,17.0
rtdetr_l,cate4-00091,31,32,half,16,17,6,13,17,17.0,17.0
rtdetr_l,cate4-00091,31,32,closed,16,17,13,13,17,17.0,17.0
rtdetr_l,cate4-00091,43,44,open,26,27,0,14,27,27.0,27.0
rtdetr_l,cate4-00091,43,44,half,26,27,7,14,27,27.0,27.0
rtdetr_l,cate4-00091,43,44,closed,26,27,14,14,27,27.0,27.0
rtdetr_l,cate4-00103,27,28,open,14,15,0,15,15,15.0,
rtdetr_l,cate4-00103,27,28,half,14,15,8,15,15,15.0,15.0
rtdetr_l,cate4-00103,27,28,closed,14,15,15,15,15,15.0,15.0
rtdetr_l,cate4-00103,42,43,open,25,26,0,11,26,26.0,
rtdetr_l,cate4-00103,42,43,half,25,26,6,11,26,26.0,26.0
rtdetr_l,cate4-00103,42,43,closed,25,26,11,11,26,26.0,26.0
rtdetr_l,cate4-00103,23,24,open,10,11,0,17,11,11.0,11.0
rtdetr_l,cate4-00103,23,24,half,10,11,8,17,11,11.0,11.0
rtdetr_l,cate4-00103,23,24,closed,10,11,17,17,11,11.0,11.0
rtdetr_l,cate4-00105,42,43,open,25,26,0,9,26,26.0,26.0
rtdetr_l,cate4-00105,42,43,half,25,26,4,9,26,26.0,26.0
rtdetr_l,cate4-00105,42,43,closed,25,26,9,9,25,26.0,26.0
rtdetr_l,cate4-00105,32,33,open,17,18,0,10,18,18.0,18.0
rtdetr_l,cate4-00105,32,33,half,17,18,5,10,18,18.0,18.0
rtdetr_l,cate4-00105,32,33,closed,17,18,10,10,18,18.0,18.0
rtdetr_l,cate4-00105,46,47,open,29,30,0,35,30,30.0,30.0
rtdetr_l,cate4-00105,46,47,half,29,30,18,35,29,30.0,30.0
rtdetr_l,cate4-00105,46,47,closed,29,30,35,35,29,30.0,29.0
rtdetr_l,cate4-00108,13,14,open,2,3,0,12,3,3.0,3.0
rtdetr_l,cate4-00108,13,14,half,2,3,6,12,3,3.0,3.0
rtdetr_l,cate4-00108,13,14,closed,2,3,12,12,3,3.0,3.0
rtdetr_l,cate4-00108,23,24,open,10,11,0,14,11,11.0,11.0
rtdetr_l,cate4-00108,23,24,half,10,11,7,14,11,11.0,11.0
rtdetr_l,cate4-00108,23,24,closed,10,11,14,14,11,11.0,11.0
rtdetr_l,cate4-00108,31,32,open,16,17,0,10,17,17.0,17.0
rtdetr_l,cate4-00108,31,32,half,16,17,5,10,17,17.0,17.0
rtdetr_l,cate4-00108,31,32,closed,16,17,10,10,17,17.0,17.0
rtdetr_l,cate4-00112,47,48,open,30,31,0,33,31,31.0,31.0
rtdetr_l,cate4-00112,47,48,half,30,31,16,33,30,31.0,30.0
rtdetr_l,cate4-00112,47,48,closed,30,31,33,33,30,31.0,30.0
rtdetr_l,cate4-00112,27,28,open,14,15,0,25,15,15.0,15.0
rtdetr_l,cate4-00112,27,28,half,14,15,12,25,14,15.0,15.0
rtdetr_l,cate4-00112,27,28,closed,14,15,25,25,14,15.0,14.0
rtdetr_l,cate4-00112,32,33,open,17,18,0,13,19,18.0,18.0
rtdetr_l,cate4-00112,32,33,half,17,18,6,13,19,18.0,18.0
rtdetr_l,cate4-00112,32,33,closed,17,18,13,13,18,18.0,18.0
rtdetr_l,cate5-00012,34,35,open,19,20,0,21,20,20.0,20.0
rtdetr_l,cate5-00012,34,35,half,19,20,10,21,20,20.0,20.0
rtdetr_l,cate5-00012,34,35,closed,19,20,21,21,19,20.0,19.0
rtdetr_l,cate5-00012,44,45,open,27,28,0,22,28,28.0,28.0
rtdetr_l,cate5-00012,44,45,half,27,28,11,22,28,28.0,28.0
rtdetr_l,cate5-00012,44,45,closed,27,28,22,22,28,28.0,27.0
rtdetr_l,cate5-00012,12,13,open,1,2,0,16,3,2.0,2.0
rtdetr_l,cate5-00012,12,13,half,1,2,8,16,2,2.0,2.0
rtdetr_l,cate5-00012,12,13,closed,1,2,16,16,2,2.0,2.0
rtdetr_l,cate5-00031,12,13,open,1,2,0,17,3,2.0,2.0
rtdetr_l,cate5-00031,12,13,half,1,2,8,17,2,2.0,2.0
rtdetr_l,cate5-00031,12,13,closed,1,2,17,17,2,2.0,2.0
rtdetr_l,cate5-00031,31,32,open,16,17,0,19,17,18.0,18.0
rtdetr_l,cate5-00031,31,32,half,16,17,10,19,16,18.0,18.0
rtdetr_l,cate5-00031,31,32,closed,16,17,19,19,24,18.0,17.0
rtdetr_l,cate5-00031,13,14,open,2,3,0,18,4,3.0,3.0
rtdetr_l,cate5-00031,13,14,half,2,3,9,18,4,3.0,3.0
rtdetr_l,cate5-00031,13,14,closed,2,3,18,18,3,3.0,3.0
rtdetr_l,cate5-00085,44,45,open,27,28,0,20,28,28.0,27.0
rtdetr_l,cate5-00085,44,45,half,27,28,10,20,27,28.0,27.0
rtdetr_l,cate5-00085,44,45,closed,27,28,20,20,27,28.0,27.0
rtdetr_l,cate5-00085,16,17,open,5,6,0,26,6,6.0,6.0
rtdetr_l,cate5-00085,16,17,half,5,6,13,26,5,6.0,6.0
rtdetr_l,cate5-00085,16,17,closed,5,6,26,26,5,6.0,5.0
rtdetr_l,cate5-00085,24,25,open,11,12,0,24,12,12.0,12.0
rtdetr_l,cate5-00085,24,25,half,11,12,12,24,12,12.0,11.0
rtdetr_l,cate5-00085,24,25,closed,11,12,24,24,11,12.0,11.0
rtdetr_l,cate5-00097,32,33,open,17,18,0,17,18,18.0,19.0
rtdetr_l,cate5-00097,32,33,half,17,18,8,17,18,18.0,18.0
rtdetr_l,cate5-00097,32,33,closed,17,18,17,17,17,18.0,18.0
rtdetr_l,cate5-00097,43,44,open,26,27,0,17,27,27.0,27.0
rtdetr_l,cate5-00097,43,44,half,26,27,8,17,26,27.0,26.0
rtdetr_l,cate5-00097,43,44,closed,26,27,17,17,26,27.0,26.0
rtdetr_l,cate5-00097,41,42,open,24,25,0,15,25,25.0,
rtdetr_l,cate5-00097,41,42,half,24,25,8,15,24,25.0,24.0
rtdetr_l,cate5-00097,41,42,closed,24,25,15,15,24,25.0,24.0
rtdetr_l,cate5-00103,21,22,open,8,9,0,26,9,9.0,9.0
rtdetr_l,cate5-00103,21,22,half,8,9,13,26,8,9.0,9.0
rtdetr_l,cate5-00103,21,22,closed,8,9,26,26,0,9.0,9.0
rtdetr_l,cate5-00103,44,45,open,27,28,0,21,28,28.0,28.0
rtdetr_l,cate5-00103,44,45,half,27,28,10,21,28,28.0,27.0
rtdetr_l,cate5-00103,44,45,closed,27,28,21,21,27,28.0,27.0
rtdetr_l,cate5-00103,42,43,open,25,26,0,11,26,26.0,27.0
rtdetr_l,cate5-00103,42,43,half,25,26,6,11,25,26.0,26.0
rtdetr_l,cate5-00103,42,43,closed,25,26,11,11,25,26.0,25.0
rtdetr_l,cate5-00108,31,32,open,16,17,0,10,17,17.0,17.0
rtdetr_l,cate5-00108,31,32,half,16,17,5,10,17,17.0,17.0
rtdetr_l,cate5-00108,31,32,closed,16,17,10,10,24,17.0,17.0
rtdetr_l,cate5-00108,32,33,open,17,18,0,14,18,18.0,18.0
rtdetr_l,cate5-00108,32,33,half,17,18,7,14,18,18.0,18.0
rtdetr_l,cate5-00108,32,33,closed,17,18,14,14,18,18.0,18.0
rtdetr_l,cate5-00108,42,43,open,25,26,0,15,26,26.0,27.0
rtdetr_l,cate5-00108,42,43,half,25,26,8,15,26,26.0,26.0
rtdetr_l,cate5-00108,42,43,closed,25,26,15,15,26,26.0,26.0
rtdetr_l,cate6-00003,25,26,open,12,13,0,0,13,13.0,13.0
rtdetr_l,cate6-00003,25,26,half,12,13,0,0,13,13.0,13.0
rtdetr_l,cate6-00003,25,26,closed,12,13,0,0,13,13.0,13.0
rtdetr_l,cate6-00003,41,42,open,24,25,0,18,25,25.0,25.0
rtdetr_l,cate6-00003,41,42,half,24,25,9,18,25,25.0,25.0
rtdetr_l,cate6-00003,41,42,closed,24,25,18,18,24,25.0,25.0
rtdetr_l,cate6-00003,16,17,open,5,6,0,0,5,6.0,6.0
rtdetr_l,cate6-00003,16,17,half,5,6,0,0,5,6.0,6.0
rtdetr_l,cate6-00003,16,17,closed,5,6,0,0,5,6.0,6.0
rtdetr_l,cate6-00014,47,48,open,30,31,0,39,31,31.0,31.0
rtdetr_l,cate6-00014,47,48,half,30,31,20,39,30,31.0,30.0
rtdetr_l,cate6-00014,47,48,closed,30,31,39,39,29,31.0,30.0
rtdetr_l,cate6-00014,25,26,open,12,13,0,9,12,13.0,13.0
rtdetr_l,cate6-00014,25,26,half,12,13,4,9,13,13.0,13.0
rtdetr_l,cate6-00014,25,26,closed,12,13,9,9,12,13.0,13.0
rtdetr_l,cate6-00014,14,15,open,3,4,0,17,3,4.0,
rtdetr_l,cate6-00014,14,15,half,3,4,8,17,3,4.0,4.0
rtdetr_l,cate6-00014,14,15,closed,3,4,17,17,2,4.0,3.0
rtdetr_l,cate6-00022,26,27,open,13,14,0,0,14,14.0,14.0
rtdetr_l,cate6-00022,26,27,half,13,14,0,0,14,14.0,14.0
rtdetr_l,cate6-00022,26,27,closed,13,14,0,0,14,14.0,14.0
rtdetr_l,cate6-00022,21,22,open,8,9,0,23,9,9.0,9.0
rtdetr_l,cate6-00022,21,22,half,8,9,12,23,8,9.0,9.0
rtdetr_l,cate6-00022,21,22,closed,8,9,23,23,8,9.0,8.0
rtdetr_l,cate6-00022,15,16,open,4,5,0,0,5,5.0,5.0
rtdetr_l,cate6-00022,15,16,half,4,5,0,0,5,5.0,5.0
rtdetr_l,cate6-00022,15,16,closed,4,5,0,0,5,5.0,5.0
rtdetr_l,cate6-00039,15,16,open,4,5,0,0,4,5.0,
rtdetr_l,cate6-00039,15,16,half,4,5,0,0,4,5.0,
rtdetr_l,cate6-00039,15,16,closed,4,5,0,0,4,5.0,
rtdetr_l,cate6-00039,33,34,open,18,19,0,21,19,19.0,19.0
rtdetr_l,cate6-00039,33,34,half,18,19,10,21,18,19.0,19.0
rtdetr_l,cate6-00039,33,34,closed,18,19,21,21,18,19.0,19.0
rtdetr_l,cate6-00039,37,38,open,22,23,0,28,23,23.0,23.0
rtdetr_l,cate6-00039,37,38,half,22,23,14,28,23,23.0,23.0
rtdetr_l,cate6-00039,37,38,closed,22,23,28,28,23,23.0,23.0
rtdetr_l,cate6-00099,42,43,open,25,26,0,11,26,26.0,26.0
rtdetr_l,cate6-00099,42,43,half,25,26,6,11,26,26.0,26.0
rtdetr_l,cate6-00099,42,43,closed,25,26,11,11,26,26.0,26.0
rtdetr_l,cate6-00099,21,22,open,8,9,0,19,9,9.0,9.0
rtdetr_l,cate6-00099,21,22,half,8,9,10,19,9,9.0,9.0
rtdetr_l,cate6-00099,21,22,closed,8,9,19,19,8,9.0,9.0
rtdetr_l,cate6-00099,12,13,open,1,2,0,20,2,2.0,2.0
rtdetr_l,cate6-00099,12,13,half,1,2,10,20,1,2.0,2.0
rtdetr_l,cate6-00099,12,13,closed,1,2,20,20,1,2.0,2.0
rtdetr_l,cate6-00159,36,37,open,21,22,0,24,21,22.0,22.0
rtdetr_l,cate6-00159,36,37,half,21,22,12,24,21,22.0,22.0
rtdetr_l,cate6-00159,36,37,closed,21,22,24,24,21,22.0,21.0
rtdetr_l,cate6-00159,22,23,open,9,10,0,16,10,10.0,10.0
rtdetr_l,cate6-00159,22,23,half,9,10,8,16,10,10.0,10.0
rtdetr_l,cate6-00159,22,23,closed,9,10,16,16,10,10.0,10.0
rtdetr_l,cate6-00159,41,42,open,24,25,0,7,25,25.0,25.0
rtdetr_l,cate6-00159,41,42,half,24,25,4,7,24,25.0,25.0
rtdetr_l,cate6-00159,41,42,closed,24,25,7,7,24,25.0,25.0
rtdetr_l,cate7-00026,44,45,open,27,28,0,21,28,28.0,28.0
rtdetr_l,cate7-00026,44,45,half,27,28,10,21,28,28.0,28.0
rtdetr_l,cate7-00026,44,45,closed,27,28,21,21,27,28.0,27.0
rtdetr_l,cate7-00026,13,14,open,2,3,0,17,3,3.0,3.0
rtdetr_l,cate7-00026,13,14,half,2,3,8,17,3,3.0,2.0
rtdetr_l,cate7-00026,13,14,closed,2,3,17,17,3,3.0,2.0
rtdetr_l,cate7-00026,22,23,open,9,10,0,19,10,10.0,10.0
rtdetr_l,cate7-00026,22,23,half,9,10,10,19,10,10.0,10.0
rtdetr_l,cate7-00026,22,23,closed,9,10,19,19,9,10.0,10.0
rtdetr_l,cate7-00038,12,13,open,1,2,0,10,2,2.0,2.0
rtdetr_l,cate7-00038,12,13,half,1,2,5,10,2,2.0,2.0
rtdetr_l,cate7-00038,12,13,closed,1,2,10,10,1,2.0,2.0
rtdetr_l,cate7-00038,32,33,open,17,18,0,12,18,18.0,18.0
rtdetr_l,cate7-00038,32,33,half,17,18,6,12,18,18.0,18.0
rtdetr_l,cate7-00038,32,33,closed,17,18,12,12,18,18.0,18.0
rtdetr_l,cate7-00038,16,17,open,5,6,0,24,6,6.0,6.0
rtdetr_l,cate7-00038,16,17,half,5,6,12,24,6,6.0,6.0
rtdetr_l,cate7-00038,16,17,closed,5,6,24,24,5,6.0,6.0
rtdetr_l,cate7-00080,34,35,open,19,20,0,17,20,20.0,20.0
rtdetr_l,cate7-00080,34,35,half,19,20,8,17,19,20.0,20.0
rtdetr_l,cate7-00080,34,35,closed,19,20,17,17,19,20.0,20.0
rtdetr_l,cate7-00080,46,47,open,29,30,0,24,30,30.0,30.0
rtdetr_l,cate7-00080,46,47,half,29,30,12,24,30,30.0,30.0
rtdetr_l,cate7-00080,46,47,closed,29,30,24,24,29,30.0,30.0
rtdetr_l,cate7-00080,23,24,open,10,11,0,16,11,11.0,11.0
rtdetr_l,cate7-00080,23,24,half,10,11,8,16,10,11.0,11.0
rtdetr_l,cate7-00080,23,24,closed,10,11,16,16,10,11.0,10.0
rtdetr_l,cate7-00083,41,42,open,24,25,0,13,25,25.0,
rtdetr_l,cate7-00083,41,42,half,24,25,6,13,25,25.0,25.0
rtdetr_l,cate7-00083,41,42,closed,24,25,13,13,25,25.0,25.0
rtdetr_l,cate7-00083,24,25,open,11,12,0,14,11,12.0,11.0
rtdetr_l,cate7-00083,24,25,half,11,12,7,14,11,12.0,11.0
rtdetr_l,cate7-00083,24,25,closed,11,12,14,14,11,12.0,11.0
rtdetr_l,cate7-00083,42,43,open,25,26,0,7,26,26.0,27.0
rtdetr_l,cate7-00083,42,43,half,25,26,4,7,26,26.0,26.0
rtdetr_l,cate7-00083,42,43,closed,25,26,7,7,26,26.0,26.0
rtdetr_l,cate7-00110,25,26,open,12,13,0,15,14,13.0,13.0
rtdetr_l,cate7-00110,25,26,half,12,13,8,15,14,13.0,13.0
rtdetr_l,cate7-00110,25,26,closed,12,13,15,15,14,13.0,13.0
rtdetr_l,cate7-00110,45,46,open,28,29,0,21,29,29.0,29.0
rtdetr_l,cate7-00110,45,46,half,28,29,10,21,29,29.0,29.0
rtdetr_l,cate7-00110,45,46,closed,28,29,21,21,28,29.0,29.0
rtdetr_l,cate7-00110,24,25,open,11,12,0,15,12,12.0,12.0
rtdetr_l,cate7-00110,24,25,half,11,12,8,15,12,12.0,12.0
rtdetr_l,cate7-00110,24,25,closed,11,12,15,15,12,12.0,11.0
rtdetr_l,cate7-00112,34,35,open,19,20,0,17,20,20.0,20.0
rtdetr_l,cate7-00112,34,35,half,19,20,8,17,20,20.0,20.0
rtdetr_l,cate7-00112,34,35,closed,19,20,17,17,19,20.0,20.0
rtdetr_l,cate7-00112,24,25,open,11,12,0,14,12,12.0,12.0
rtdetr_l,cate7-00112,24,25,half,11,12,7,14,12,12.0,12.0
rtdetr_l,cate7-00112,24,25,closed,11,12,14,14,11,12.0,12.0
rtdetr_l,cate7-00112,47,48,open,30,31,0,31,31,31.0,31.0
rtdetr_l,cate7-00112,47,48,half,30,31,16,31,31,31.0,31.0
rtdetr_l,cate7-00112,47,48,closed,30,31,31,31,31,31.0,31.0
rtdetr_l,cate8-00044,41,42,open,24,25,0,12,25,25.0,25.0
rtdetr_l,cate8-00044,41,42,half,24,25,6,12,25,25.0,25.0
rtdetr_l,cate8-00044,41,42,closed,24,25,12,12,16,25.0,24.0
rtdetr_l,cate8-00044,16,17,open,5,6,0,32,6,6.0,6.0
rtdetr_l,cate8-00044,16,17,half,5,6,16,32,5,6.0,6.0
rtdetr_l,cate8-00044,16,17,closed,5,6,32,32,5,6.0,6.0
rtdetr_l,cate8-00044,15,16,open,4,5,0,14,5,5.0,5.0
rtdetr_l,cate8-00044,15,16,half,4,5,7,14,5,5.0,5.0
rtdetr_l,cate8-00044,15,16,closed,4,5,14,14,5,5.0,5.0
rtdetr_l,cate8-00073,22,23,open,9,10,0,10,10,10.0,10.0
rtdetr_l,cate8-00073,22,23,half,9,10,5,10,9,10.0,10.0
rtdetr_l,cate8-00073,22,23,closed,9,10,10,10,9,10.0,10.0
rtdetr_l,cate8-00073,33,34,open,18,19,0,17,19,19.0,19.0
rtdetr_l,cate8-00073,33,34,half,18,19,8,17,19,19.0,19.0
rtdetr_l,cate8-00073,33,34,closed,18,19,17,17,18,19.0,18.0
rtdetr_l,cate8-00073,12,13,open,1,2,0,19,2,2.0,2.0
rtdetr_l,cate8-00073,12,13,half,1,2,10,19,2,2.0,2.0
rtdetr_l,cate8-00073,12,13,closed,1,2,19,19,2,2.0,2.0
rtdetr_l,cate8-00101,21,22,open,8,9,0,23,9,9.0,9.0
rtdetr_l,cate8-00101,21,22,half,8,9,12,23,8,9.0,9.0
rtdetr_l,cate8-00101,21,22,closed,8,9,23,23,8,9.0,8.0
rtdetr_l,cate8-00101,41,42,open,24,25,0,11,25,25.0,25.0
rtdetr_l,cate8-00101,41,42,half,24,25,6,11,24,25.0,25.0
rtdetr_l,cate8-00101,41,42,closed,24,25,11,11,24,25.0,24.0
rtdetr_l,cate8-00101,34,35,open,19,20,0,17,20,20.0,20.0
rtdetr_l,cate8-00101,34,35,half,19,20,8,17,20,20.0,20.0
rtdetr_l,cate8-00101,34,35,closed,19,20,17,17,19,20.0,20.0
rtdetr_l,cate8-00109,25,26,open,12,13,0,17,13,13.0,13.0
rtdetr_l,cate8-00109,25,26,half,12,13,8,17,13,13.0,13.0
rtdetr_l,cate8-00109,25,26,closed,12,13,17,17,13,13.0,13.0
rtdetr_l,cate8-00109,23,24,open,10,11,0,20,11,11.0,11.0
rtdetr_l,cate8-00109,23,24,half,10,11,10,20,10,11.0,10.0
rtdetr_l,cate8-00109,23,24,closed,10,11,20,20,10,11.0,10.0
rtdetr_l,cate8-00109,21,22,open,8,9,0,23,9,9.0,9.0
rtdetr_l,cate8-00109,21,22,half,8,9,12,23,8,9.0,8.0
rtdetr_l,cate8-00109,21,22,closed,8,9,23,23,8,9.0,8.0
rtdetr_l,cate8-00123,45,46,open,28,29,0,16,29,29.0,29.0
rtdetr_l,cate8-00123,45,46,half,28,29,8,16,29,29.0,29.0
rtdetr_l,cate8-00123,45,46,closed,28,29,16,16,29,29.0,29.0
rtdetr_l,cate8-00123,34,35,open,19,20,0,18,20,20.0,20.0
rtdetr_l,cate8-00123,34,35,half,19,20,9,18,20,20.0,20.0
rtdetr_l,cate8-00123,34,35,closed,19,20,18,18,19,20.0,20.0
rtdetr_l,cate8-00123,13,14,open,2,3,0,20,4,3.0,3.0
rtdetr_l,cate8-00123,13,14,half,2,3,10,20,3,3.0,3.0
rtdetr_l,cate8-00123,13,14,closed,2,3,20,20,2,3.0,3.0
rtdetr_l,cate8-00125,34,35,open,19,20,0,15,19,20.0,20.0
rtdetr_l,cate8-00125,34,35,half,19,20,8,15,19,20.0,20.0
rtdetr_l,cate8-00125,34,35,closed,19,20,15,15,19,20.0,19.0
rtdetr_l,cate8-00125,13,14,open,2,3,0,14,3,3.0,2.0
rtdetr_l,cate8-00125,13,14,half,2,3,7,14,3,3.0,3.0
rtdetr_l,cate8-00125,13,14,closed,2,3,14,14,2,3.0,2.0
rtdetr_l,cate8-00125,32,33,open,17,18,0,12,18,18.0,18.0
rtdetr_l,cate8-00125,32,33,half,17,18,6,12,17,18.0,18.0
rtdetr_l,cate8-00125,32,33,closed,17,18,12,12,17,18.0,17.0
rtdetr_l,cate8-00143,24,25,open,11,12,0,16,13,13.0,13.0
rtdetr_l,cate8-00143,24,25,half,11,12,8,16,20,13.0,13.0
rtdetr_l,cate8-00143,24,25,closed,11,12,16,16,19,13.0,13.0
rtdetr_l,cate8-00143,14,15,open,3,4,0,9,3,4.0,3.0
rtdetr_l,cate8-00143,14,15,half,3,4,4,9,3,4.0,3.0
rtdetr_l,cate8-00143,14,15,closed,3,4,9,9,3,4.0,3.0
rtdetr_l,cate8-00143,44,45,open,27,28,0,18,28,28.0,28.0
rtdetr_l,cate8-00143,44,45,half,27,28,9,18,28,28.0,28.0
rtdetr_l,cate8-00143,44,45,closed,27,28,18,18,28,28.0,27.0
rtdetr_l,cate8-00179,31,32,open,16,17,0,15,17,17.0,17.0
rtdetr_l,cate8-00179,31,32,half,16,17,8,15,17,17.0,17.0
rtdetr_l,cate8-00179,31,32,closed,16,17,15,15,16,17.0,17.0
rtdetr_l,cate8-00179,11,12,open,0,1,0,20,1,1.0,0.0
rtdetr_l,cate8-00179,11,12,half,0,1,10,20,1,1.0,1.0
rtdetr_l,cate8-00179,11,12,closed,0,1,20,20,0,1.0,0.0
rtdetr_l,cate8-00179,22,23,open,9,10,0,18,10,10.0,10.0
rtdetr_l,cate8-00179,22,23,half,9,10,9,18,10,10.0,10.0
rtdetr_l,cate8-00179,22,23,closed,9,10,18,18,9,10.0,10.0
rtdetr_l,cate8-00191,32,33,open,17,18,0,13,17,18.0,18.0
rtdetr_l,cate8-00191,32,33,half,17,18,6,13,17,18.0,18.0
rtdetr_l,cate8-00191,32,33,closed,17,18,13,13,16,18.0,18.0
rtdetr_l,cate8-00191,34,35,open,19,20,0,18,19,20.0,20.0
rtdetr_l,cate8-00191,34,35,half,19,20,9,18,18,20.0,20.0
rtdetr_l,cate8-00191,34,35,closed,19,20,18,18,18,20.0,19.0
rtdetr_l,cate8-00191,33,34,open,18,19,0,15,18,19.0,19.0
rtdetr_l,cate8-00191,33,34,half,18,19,8,15,17,19.0,19.0
rtdetr_l,cate8-00191,33,34,closed,18,19,15,15,16,19.0,18.0
rtdetr_l,cate8-00238,25,26,open,12,13,0,13,12,13.0,13.0
rtdetr_l,cate8-00238,25,26,half,12,13,6,13,12,13.0,13.0
rtdetr_l,cate8-00238,25,26,closed,12,13,13,13,12,13.0,13.0
rtdetr_l,cate8-00238,32,33,open,17,18,0,13,17,18.0,17.0
rtdetr_l,cate8-00238,32,33,half,17,18,6,13,17,18.0,18.0
rtdetr_l,cate8-00238,32,33,closed,17,18,13,13,16,18.0,17.0
rtdetr_l,cate8-00238,21,22,open,8,9,0,15,9,9.0,
rtdetr_l,cate8-00238,21,22,half,8,9,8,15,8,9.0,9.0
rtdetr_l,cate8-00238,21,22,closed,8,9,15,15,8,9.0,9.0
rtdetr_l,cate8-00253,42,43,open,25,26,0,15,27,26.0,26.0
rtdetr_l,cate8-00253,42,43,half,25,26,8,15,26,26.0,26.0
rtdetr_l,cate8-00253,42,43,closed,25,26,15,15,26,26.0,26.0
rtdetr_l,cate8-00253,21,22,open,8,9,0,16,8,9.0,9.0
rtdetr_l,cate8-00253,21,22,half,8,9,8,16,8,9.0,8.0
rtdetr_l,cate8-00253,21,22,closed,8,9,16,16,8,9.0,8.0
rtdetr_l,cate8-00253,33,34,open,18,19,0,17,19,19.0,19.0
rtdetr_l,cate8-00253,33,34,half,18,19,8,17,18,19.0,19.0
rtdetr_l,cate8-00253,33,34,closed,18,19,17,17,18,19.0,18.0
rtdetr_l,cate8-00257,24,25,open,11,12,0,14,11,12.0,11.0
rtdetr_l,cate8-00257,24,25,half,11,12,7,14,11,12.0,12.0
rtdetr_l,cate8-00257,24,25,closed,11,12,14,14,11,12.0,11.0
rtdetr_l,cate8-00257,46,47,open,29,30,0,33,30,31.0,31.0
rtdetr_l,cate8-00257,46,47,half,29,30,16,33,29,31.0,30.0
rtdetr_l,cate8-00257,46,47,closed,29,30,33,33,29,31.0,30.0
rtdetr_l,cate8-00257,34,35,open,19,20,0,19,20,20.0,20.0
rtdetr_l,cate8-00257,34,35,half,19,20,10,19,20,20.0,20.0
rtdetr_l,cate8-00257,34,35,closed,19,20,19,19,19,20.0,19.0
rtdetr_l,cate8-00282,24,25,open,11,12,0,22,13,12.0,13.0
rtdetr_l,cate8-00282,24,25,half,11,12,11,22,12,12.0,12.0
rtdetr_l,cate8-00282,24,25,closed,11,12,22,22,11,12.0,11.0
rtdetr_l,cate8-00282,41,42,open,24,25,0,14,26,26.0,26.0
rtdetr_l,cate8-00282,41,42,half,24,25,7,14,25,26.0,26.0
rtdetr_l,cate8-00282,41,42,closed,24,25,14,14,25,26.0,26.0
rtdetr_l,cate8-00282,31,32,open,16,17,0,14,16,17.0,17.0
rtdetr_l,cate8-00282,31,32,half,16,17,7,14,16,17.0,16.0
rtdetr_l,cate8-00282,31,32,closed,16,17,14,14,16,17.0,16.0
rtdetr_l,cate8-00293,26,27,open,13,14,0,19,13,14.0,14.0
rtdetr_l,cate8-00293,26,27,half,13,14,10,19,13,14.0,14.0
rtdetr_l,cate8-00293,26,27,closed,13,14,19,19,13,14.0,13.0
rtdetr_l,cate8-00293,11,12,open,0,1,0,17,1,1.0,1.0
rtdetr_l,cate8-00293,11,12,half,0,1,8,17,0,1.0,1.0
rtdetr_l,cate8-00293,11,12,closed,0,1,17,17,0,1.0,1.0
rtdetr_l,cate8-00293,12,13,open,1,2,0,13,1,2.0,1.0
rtdetr_l,cate8-00293,12,13,half,1,2,6,13,1,2.0,2.0
rtdetr_l,cate8-00293,12,13,closed,1,2,13,13,1,2.0,2.0
rtdetr_l,cate8-00305,33,34,open,18,19,0,14,19,19.0,19.0
rtdetr_l,cate8-00305,33,34,half,18,19,7,14,18,19.0,19.0
rtdetr_l,cate8-00305,33,34,closed,18,19,14,14,18,19.0,18.0
rtdetr_l,cate8-00305,41,42,open,24,25,0,10,25,25.0,25.0
rtdetr_l,cate8-00305,41,42,half,24,25,5,10,24,25.0,25.0
rtdetr_l,cate8-00305,41,42,closed,24,25,10,10,24,25.0,24.0
rtdetr_l,cate8-00305,26,27,open,13,14,0,24,13,14.0,14.0
rtdetr_l,cate8-00305,26,27,half,13,14,12,24,13,14.0,14.0
rtdetr_l,cate8-00305,26,27,closed,13,14,24,24,13,14.0,14.0
rtdetr_l,cate8-00323,22,23,open,9,10,0,18,10,10.0,10.0
rtdetr_l,cate8-00323,22,23,half,9,10,9,18,10,10.0,10.0
rtdetr_l,cate8-00323,22,23,closed,9,10,18,18,10,10.0,10.0
rtdetr_l,cate8-00323,26,27,open,13,14,0,28,15,14.0,14.0
rtdetr_l,cate8-00323,26,27,half,13,14,14,28,14,14.0,14.0
rtdetr_l,cate8-00323,26,27,closed,13,14,28,28,13,14.0,13.0
rtdetr_l,cate8-00323,31,32,open,16,17,0,16,18,17.0,17.0
rtdetr_l,cate8-00323,31,32,half,16,17,8,16,18,17.0,17.0
rtdetr_l,cate8-00323,31,32,closed,16,17,16,16,17,17.0,17.0
rtdetr_l,cate8-00325,31,32,open,16,17,0,12,16,17.0,17.0
rtdetr_l,cate8-00325,31,32,half,16,17,6,12,24,17.0,17.0
rtdetr_l,cate8-00325,31,32,closed,16,17,12,12,24,17.0,17.0
rtdetr_l,cate8-00325,17,18,open,6,7,0,18,7,7.0,7.0
rtdetr_l,cate8-00325,17,18,half,6,7,9,18,6,7.0,7.0
rtdetr_l,cate8-00325,17,18,closed,6,7,18,18,6,7.0,7.0
rtdetr_l,cate8-00325,22,23,open,9,10,0,12,10,10.0,10.0
rtdetr_l,cate8-00325,22,23,half,9,10,6,12,10,10.0,10.0
rtdetr_l,cate8-00325,22,23,closed,9,10,12,12,9,10.0,10.0
rtdetr_l,cate8-00329,35,36,open,20,21,0,18,21,21.0,21.0
rtdetr_l,cate8-00329,35,36,half,20,21,9,18,21,21.0,21.0
rtdetr_l,cate8-00329,35,36,closed,20,21,18,18,21,21.0,21.0
rtdetr_l,cate8-00329,11,12,open,0,1,0,23,1,1.0,1.0
rtdetr_l,cate8-00329,11,12,half,0,1,12,23,0,1.0,1.0
rtdetr_l,cate8-00329,11,12,closed,0,1,23,23,0,1.0,1.0
rtdetr_l,cate8-00329,27,28,open,14,15,0,13,15,15.0,15.0
rtdetr_l,cate8-00329,27,28,half,14,15,6,13,15,15.0,15.0
rtdetr_l,cate8-00329,27,28,closed,14,15,13,13,15,15.0,15.0
rtdetr_l,cate8-00335,42,43,open,25,26,0,14,26,26.0,26.0
rtdetr_l,cate8-00335,42,43,half,25,26,7,14,26,26.0,26.0
rtdetr_l,cate8-00335,42,43,closed,25,26,14,14,25,26.0,26.0
rtdetr_l,cate8-00335,34,35,open,19,20,0,15,20,20.0,20.0
rtdetr_l,cate8-00335,34,35,half,19,20,8,15,20,20.0,20.0
rtdetr_l,cate8-00335,34,35,closed,19,20,15,15,19,20.0,19.0
rtdetr_l,cate8-00335,15,16,open,4,5,0,19,5,5.0,5.0
rtdetr_l,cate8-00335,15,16,half,4,5,10,19,5,5.0,5.0
rtdetr_l,cate8-00335,15,16,closed,4,5,19,19,4,5.0,5.0
rtdetr_l,cate8-00341,21,22,open,8,9,0,30,10,9.0,9.0
rtdetr_l,cate8-00341,21,22,half,8,9,15,30,9,9.0,9.0
rtdetr_l,cate8-00341,21,22,closed,8,9,30,30,9,9.0,9.0
rtdetr_l,cate8-00341,43,44,open,26,27,0,13,26,27.0,27.0
rtdetr_l,cate8-00341,43,44,half,26,27,6,13,26,27.0,27.0
rtdetr_l,cate8-00341,43,44,closed,26,27,13,13,25,27.0,27.0
rtdetr_l,cate8-00341,23,24,open,10,11,0,17,11,11.0,11.0
rtdetr_l,cate8-00341,23,24,half,10,11,8,17,11,11.0,11.0
rtdetr_l,cate8-00341,23,24,closed,10,11,17,17,11,11.0,10.0
rtdetr_l,cate8-00346,17,18,open,6,7,0,24,7,7.0,7.0
rtdetr_l,cate8-00346,17,18,half,6,7,12,24,6,7.0,7.0
rtdetr_l,cate8-00346,17,18,closed,6,7,24,24,6,7.0,6.0
rtdetr_l,cate8-00346,47,48,open,30,31,0,32,31,31.0,31.0
rtdetr_l,cate8-00346,47,48,half,30,31,16,32,30,31.0,31.0
rtdetr_l,cate8-00346,47,48,closed,30,31,32,32,30,31.0,30.0
rtdetr_l,cate8-00346,36,37,open,21,22,0,30,22,22.0,22.0
rtdetr_l,cate8-00346,36,37,half,21,22,15,30,22,22.0,22.0
rtdetr_l,cate8-00346,36,37,closed,21,22,30,30,21,22.0,21.0
rtdetr_l,cate8-00354,34,35,open,19,20,0,19,20,19.0,20.0
rtdetr_l,cate8-00354,34,35,half,19,20,10,19,19,19.0,19.0
rtdetr_l,cate8-00354,34,35,closed,19,20,19,19,19,19.0,19.0
rtdetr_l,cate8-00354,16,17,open,5,6,0,27,6,6.0,6.0
rtdetr_l,cate8-00354,16,17,half,5,6,14,27,5,6.0,5.0
rtdetr_l,cate8-00354,16,17,closed,5,6,27,27,5,6.0,5.0
rtdetr_l,cate8-00354,32,33,open,17,18,0,13,18,18.0,18.0
rtdetr_l,cate8-00354,32,33,half,17,18,6,13,17,18.0,18.0
rtdetr_l,cate8-00354,32,33,closed,17,18,13,13,17,18.0,18.0
rtdetr_l,cate8-00377,22,23,open,9,10,0,15,10,10.0,10.0
rtdetr_l,cate8-00377,22,23,half,9,10,8,15,10,10.0,10.0
rtdetr_l,cate8-00377,22,23,closed,9,10,15,15,9,10.0,10.0
rtdetr_l,cate8-00377,43,44,open,26,27,0,14,27,27.0,27.0
rtdetr_l,cate8-00377,43,44,half,26,27,7,14,26,27.0,27.0
rtdetr_l,cate8-00377,43,44,closed,26,27,14,14,26,27.0,27.0
rtdetr_l,cate8-00377,44,45,open,27,28,0,23,28,28.0,28.0
rtdetr_l,cate8-00377,44,45,half,27,28,12,23,27,28.0,27.0
rtdetr_l,cate8-00377,44,45,closed,27,28,23,23,27,28.0,27.0
rtdetr_l,cate8-00401,16,17,open,5,6,0,29,6,6.0,6.0
rtdetr_l,cate8-00401,16,17,half,5,6,14,29,6,6.0,6.0
rtdetr_l,cate8-00401,16,17,closed,5,6,29,29,5,6.0,6.0
rtdetr_l,cate8-00401,32,33,open,17,18,0,16,18,18.0,18.0
rtdetr_l,cate8-00401,32,33,half,17,18,8,16,18,18.0,18.0
rtdetr_l,cate8-00401,32,33,closed,17,18,16,16,18,18.0,18.0
rtdetr_l,cate8-00401,33,34,open,18,19,0,19,20,19.0,19.0
rtdetr_l,cate8-00401,33,34,half,18,19,10,19,19,19.0,19.0
rtdetr_l,cate8-00401,33,34,closed,18,19,19,19,18,19.0,18.0
rtdetr_l,cate8-00431,43,44,open,26,27,0,9,28,27.0,27.0
rtdetr_l,cate8-00431,43,44,half,26,27,4,9,27,27.0,27.0
rtdetr_l,cate8-00431,43,44,closed,26,27,9,9,27,27.0,27.0
rtdetr_l,cate8-00431,32,33,open,17,18,0,18,18,19.0,19.0
rtdetr_l,cate8-00431,32,33,half,17,18,9,18,17,19.0,19.0
rtdetr_l,cate8-00431,32,33,closed,17,18,18,18,17,19.0,19.0
rtdetr_l,cate8-00437,23,24,open,10,11,0,23,12,11.0,11.0
rtdetr_l,cate8-00437,23,24,half,10,11,12,23,11,11.0,10.0
rtdetr_l,cate8-00437,23,24,closed,10,11,23,23,10,11.0,10.0
rtdetr_l,cate8-00437,11,12,open,0,1,0,25,1,1.0,1.0
rtdetr_l,cate8-00437,11,12,half,0,1,12,25,1,1.0,1.0
rtdetr_l,cate8-00437,11,12,closed,0,1,25,25,8,1.0,0.0
rtdetr_l,cate8-00437,36,37,open,21,22,0,34,23,22.0,22.0
rtdetr_l,cate8-00437,36,37,half,21,22,17,34,23,22.0,22.0
rtdetr_l,cate8-00437,36,37,closed,21,22,34,34,21,22.0,22.0
rtdetr_l,cate8-00440,34,35,open,19,20,0,15,19,20.0,20.0
rtdetr_l,cate8-00440,34,35,half,19,20,8,15,18,20.0,20.0
rtdetr_l,cate8-00440,34,35,closed,19,20,15,15,18,20.0,19.0
rtdetr_l,cate8-00440,22,23,open,9,10,0,15,8,10.0,10.0
rtdetr_l,cate8-00440,22,23,half,9,10,8,15,8,10.0,10.0
rtdetr_l,cate8-00440,22,23,closed,9,10,15,15,8,10.0,9.0
rtdetr_l,cate8-00440,25,26,open,12,13,0,17,12,13.0,13.0
rtdetr_l,cate8-00440,25,26,half,12,13,8,17,11,13.0,13.0
rtdetr_l,cate8-00440,25,26,closed,12,13,17,17,11,13.0,13.0
rtdetr_l,cate8-00454,21,22,open,8,9,0,22,9,9.0,9.0
rtdetr_l,cate8-00454,21,22,half,8,9,11,22,9,9.0,9.0
rtdetr_l,cate8-00454,21,22,closed,8,9,22,22,8,9.0,8.0
rtdetr_l,cate8-00454,33,34,open,18,19,0,17,19,19.0,19.0
rtdetr_l,cate8-00454,33,34,half,18,19,8,17,19,19.0,19.0
rtdetr_l,cate8-00454,33,34,closed,18,19,17,17,18,19.0,19.0
rtdetr_l,cate8-00454,13,14,open,2,3,0,21,4,4.0,4.0
rtdetr_l,cate8-00454,13,14,half,2,3,10,21,3,4.0,3.0
rtdetr_l,cate8-00454,13,14,closed,2,3,21,21,3,4.0,2.0
rtdetr_l,cate9-00010,37,38,open,22,23,0,35,23,23.0,23.0
rtdetr_l,cate9-00010,37,38,half,22,23,18,35,23,23.0,23.0
rtdetr_l,cate9-00010,37,38,closed,22,23,35,35,15,23.0,
rtdetr_l,cate9-00010,42,43,open,25,26,0,16,27,26.0,26.0
rtdetr_l,cate9-00010,42,43,half,25,26,8,16,26,26.0,26.0
rtdetr_l,cate9-00010,42,43,closed,25,26,16,16,26,26.0,26.0
rtdetr_l,cate9-00010,35,36,open,20,21,0,23,21,21.0,21.0
rtdetr_l,cate9-00010,35,36,half,20,21,12,23,20,21.0,21.0
rtdetr_l,cate9-00010,35,36,closed,20,21,23,23,20,21.0,21.0
rtdetr_l,cate9-00040,31,32,open,16,17,0,12,17,17.0,17.0
rtdetr_l,cate9-00040,31,32,half,16,17,6,12,17,17.0,17.0
rtdetr_l,cate9-00040,31,32,closed,16,17,12,12,17,17.0,17.0
rtdetr_l,cate9-00040,27,28,open,14,15,0,30,15,15.0,15.0
rtdetr_l,cate9-00040,27,28,half,14,15,15,30,15,15.0,14.0
rtdetr_l,cate9-00040,27,28,closed,14,15,30,30,15,15.0,14.0
rtdetr_l,cate9-00040,42,43,open,25,26,0,16,25,26.0,26.0
rtdetr_l,cate9-00040,42,43,half,25,26,8,16,25,26.0,26.0
rtdetr_l,cate9-00040,42,43,closed,25,26,16,16,24,26.0,26.0
rtdetr_l,cate1-00014,42,43,open,25,26,0,18,26,26.0,26.0
rtdetr_l,cate1-00014,42,43,half,25,26,9,18,25,26.0,26.0
rtdetr_l,cate1-00014,42,43,closed,25,26,18,18,24,26.0,26.0
rtdetr_l,cate1-00014,35,36,open,20,21,0,15,21,21.0,21.0
rtdetr_l,cate1-00014,35,36,half,20,21,8,15,21,21.0,21.0
rtdetr_l,cate1-00014,35,36,closed,20,21,15,15,21,21.0,21.0
rtdetr_l,cate1-00014,21,22,open,8,9,0,22,9,9.0,9.0
rtdetr_l,cate1-00014,21,22,half,8,9,11,22,9,9.0,8.0
rtdetr_l,cate1-00014,21,22,closed,8,9,22,22,8,9.0,8.0
rtdetr_l,cate1-00026,11,12,open,0,1,0,22,1,1.0,1.0
rtdetr_l,cate1-00026,11,12,half,0,1,11,22,0,1.0,0.0
rtdetr_l,cate1-00026,11,12,closed,0,1,22,22,0,1.0,0.0
rtdetr_l,cate1-00026,47,48,open,30,31,0,29,31,31.0,31.0
rtdetr_l,cate1-00026,47,48,half,30,31,14,29,31,31.0,31.0
rtdetr_l,cate1-00026,47,48,closed,30,31,29,29,31,31.0,31.0
rtdetr_l,cate1-00026,24,25,open,11,12,0,16,12,12.0,12.0
rtdetr_l,cate1-00026,24,25,half,11,12,8,16,12,12.0,12.0
rtdetr_l,cate1-00026,24,25,closed,11,12,16,16,11,12.0,12.0
rtdetr_l,cate1-00029,35,36,open,20,21,0,16,21,21.0,21.0
rtdetr_l,cate1-00029,35,36,half,20,21,8,16,21,21.0,21.0
rtdetr_l,cate1-00029,35,36,closed,20,21,16,16,20,21.0,21.0
rtdetr_l,cate1-00029,31,32,open,16,17,0,15,17,17.0,17.0
rtdetr_l,cate1-00029,31,32,half,16,17,8,15,16,17.0,17.0
rtdetr_l,cate1-00029,31,32,closed,16,17,15,15,16,17.0,16.0
rtdetr_l,cate1-00029,34,35,open,19,20,0,20,20,20.0,20.0
rtdetr_l,cate1-00029,34,35,half,19,20,10,20,19,20.0,19.0
rtdetr_l,cate1-00029,34,35,closed,19,20,20,20,19,20.0,19.0
rtdetr_l,cate1-00041,14,15,open,3,4,0,22,4,4.0,4.0
rtdetr_l,cate1-00041,14,15,half,3,4,11,22,4,4.0,3.0
rtdetr_l,cate1-00041,14,15,closed,3,4,22,22,3,4.0,3.0
rtdetr_l,cate1-00041,32,33,open,17,18,0,18,18,18.0,18.0
rtdetr_l,cate1-00041,32,33,half,17,18,9,18,18,18.0,18.0
rtdetr_l,cate1-00041,32,33,closed,17,18,18,18,18,18.0,18.0
rtdetr_l,cate1-00041,37,38,open,22,23,0,31,23,23.0,23.0
rtdetr_l,cate1-00041,37,38,half,22,23,16,31,23,23.0,22.0
rtdetr_l,cate1-00041,37,38,closed,22,23,31,31,22,23.0,22.0
rtdetr_l,cate1-00068,31,32,open,16,17,0,15,17,17.0,17.0
rtdetr_l,cate1-00068,31,32,half,16,17,8,15,16,17.0,17.0
rtdetr_l,cate1-00068,31,32,closed,16,17,15,15,16,17.0,16.0
rtdetr_l,cate1-00068,44,45,open,27,28,0,21,28,28.0,28.0
rtdetr_l,cate1-00068,44,45,half,27,28,10,21,28,28.0,27.0
rtdetr_l,cate1-00068,44,45,closed,27,28,21,21,27,28.0,27.0
rtdetr_l,cate1-00068,15,16,open,4,5,0,19,5,5.0,5.0
rtdetr_l,cate1-00068,15,16,half,4,5,10,19,5,5.0,5.0
rtdetr_l,cate1-00068,15,16,closed,4,5,19,19,5,5.0,5.0
rtdetr_l,cate10-00018,36,37,open,21,22,0,30,22,22.0,22.0
rtdetr_l,cate10-00018,36,37,half,21,22,15,30,22,22.0,22.0
rtdetr_l,cate10-00018,36,37,closed,21,22,30,30,21,22.0,22.0
rtdetr_l,cate10-00018,33,34,open,18,19,0,11,19,19.0,18.0
rtdetr_l,cate10-00018,33,34,half,18,19,6,11,18,19.0,19.0
rtdetr_l,cate10-00018,33,34,closed,18,19,11,11,18,19.0,18.0
rtdetr_l,cate10-00018,42,43,open,25,26,0,7,26,26.0,26.0
rtdetr_l,cate10-00018,42,43,half,25,26,4,7,26,26.0,26.0
rtdetr_l,cate10-00018,42,43,closed,25,26,7,7,25,26.0,26.0
rtdetr_l,cate10-00024,42,43,open,25,26,0,16,26,27.0,27.0
rtdetr_l,cate10-00024,42,43,half,25,26,8,16,26,27.0,27.0
rtdetr_l,cate10-00024,42,43,closed,25,26,16,16,26,27.0,26.0
rtdetr_l,cate10-00024,11,12,open,0,1,0,20,1,1.0,
rtdetr_l,cate10-00024,11,12,half,0,1,10,20,1,1.0,1.0
rtdetr_l,cate10-00024,11,12,closed,0,1,20,20,0,1.0,0.0
rtdetr_l,cate10-00024,23,24,open,10,11,0,16,11,11.0,11.0
rtdetr_l,cate10-00024,23,24,half,10,11,8,16,10,11.0,10.0
rtdetr_l,cate10-00024,23,24,closed,10,11,16,16,10,11.0,10.0
rtdetr_l,cate10-00034,31,32,open,16,17,0,9,0,17.0,16.0
rtdetr_l,cate10-00034,31,32,half,16,17,4,9,0,17.0,16.0
rtdetr_l,cate10-00034,31,32,closed,16,17,9,9,0,17.0,16.0
rtdetr_l,cate10-00034,42,43,open,25,26,0,13,3,26.0,26.0
rtdetr_l,cate10-00034,42,43,half,25,26,6,13,3,26.0,26.0
rtdetr_l,cate10-00034,42,43,closed,25,26,13,13,2,26.0,26.0
rtdetr_l,cate10-00034,33,34,open,18,19,0,23,9,19.0,19.0
rtdetr_l,cate10-00034,33,34,half,18,19,12,23,9,19.0,19.0
rtdetr_l,cate10-00034,33,34,closed,18,19,23,23,8,19.0,19.0
rtdetr_l,cate10-00084,17,18,open,6,7,0,14,7,7.0,7.0
rtdetr_l,cate10-00084,17,18,half,6,7,7,14,7,7.0,7.0
rtdetr_l,cate10-00084,17,18,closed,6,7,14,14,7,7.0,7.0
rtdetr_l,cate10-00084,12,13,open,1,2,0,9,2,2.0,2.0
rtdetr_l,cate10-00084,12,13,half,1,2,4,9,2,2.0,2.0
rtdetr_l,cate10-00084,12,13,closed,1,2,9,9,1,2.0,2.0
rtdetr_l,cate10-00084,26,27,open,13,14,0,29,14,14.0,14.0
rtdetr_l,cate10-00084,26,27,half,13,14,14,29,14,14.0,14.0
rtdetr_l,cate10-00084,26,27,closed,13,14,29,29,13,14.0,14.0
rtdetr_l,cate10-00090,34,35,open,19,20,0,30,20,20.0,20.0
rtdetr_l,cate10-00090,34,35,half,19,20,15,30,20,20.0,20.0
rtdetr_l,cate10-00090,34,35,closed,19,20,30,30,20,20.0,19.0
rtdetr_l,cate10-00090,14,15,open,3,4,0,17,4,3.0,3.0
rtdetr_l,cate10-00090,14,15,half,3,4,8,17,4,3.0,3.0
rtdetr_l,cate10-00090,14,15,closed,3,4,17,17,4,3.0,3.0
rtdetr_l,cate10-00090,43,44,open,26,27,0,21,27,27.0,27.0
rtdetr_l,cate10-00090,43,44,half,26,27,10,21,27,27.0,27.0
rtdetr_l,cate10-00090,43,44,closed,26,27,21,21,26,27.0,26.0
rtdetr_l,cate10-00096,14,15,open,3,4,0,5,2,4.0,4.0
rtdetr_l,cate10-00096,14,15,half,3,4,2,5,2,4.0,4.0
rtdetr_l,cate10-00096,14,15,closed,3,4,5,5,2,4.0,4.0
rtdetr_l,cate10-00096,46,47,open,29,30,0,31,30,30.0,30.0
rtdetr_l,cate10-00096,46,47,half,29,30,16,31,29,30.0,30.0
rtdetr_l,cate10-00096,46,47,closed,29,30,31,31,29,30.0,30.0
rtdetr_l,cate10-00096,16,17,open,5,6,0,30,6,6.0,6.0
rtdetr_l,cate10-00096,16,17,half,5,6,15,30,5,6.0,6.0
rtdetr_l,cate10-00096,16,17,closed,5,6,30,30,4,6.0,5.0
rtdetr_l,cate10-00114,34,35,open,19,20,0,13,20,20.0,20.0
rtdetr_l,cate10-00114,34,35,half,19,20,6,13,19,20.0,20.0
rtdetr_l,cate10-00114,34,35,closed,19,20,13,13,18,20.0,19.0
rtdetr_l,cate10-00114,31,32,open,16,17,0,9,18,17.0,17.0
rtdetr_l,cate10-00114,31,32,half,16,17,4,9,18,17.0,16.0
rtdetr_l,cate10-00114,31,32,closed,16,17,9,9,17,17.0,16.0
rtdetr_l,cate10-00114,45,46,open,28,29,0,13,29,29.0,29.0
rtdetr_l,cate10-00114,45,46,half,28,29,6,13,29,29.0,29.0
rtdetr_l,cate10-00114,45,46,closed,28,29,13,13,29,29.0,29.0
rtdetr_l,cate2-00007,21,22,open,8,9,0,17,9,9.0,9.0
rtdetr_l,cate2-00007,21,22,half,8,9,8,17,9,9.0,9.0
rtdetr_l,cate2-00007,21,22,closed,8,9,17,17,8,9.0,8.0
rtdetr_l,cate2-00007,36,37,open,21,22,0,33,22,22.0,22.0
rtdetr_l,cate2-00007,36,37,half,21,22,16,33,21,22.0,22.0
rtdetr_l,cate2-00007,36,37,closed,21,22,33,33,21,22.0,22.0
rtdetr_l,cate2-00007,45,46,open,28,29,0,21,29,29.0,29.0
rtdetr_l,cate2-00007,45,46,half,28,29,10,21,29,29.0,29.0
rtdetr_l,cate2-00007,45,46,closed,28,29,21,21,29,29.0,29.0
rtdetr_l,cate2-00012,43,44,open,26,27,0,16,27,27.0,27.0
rtdetr_l,cate2-00012,43,44,half,26,27,8,16,27,27.0,27.0
rtdetr_l,cate2-00012,43,44,closed,26,27,16,16,26,27.0,27.0
rtdetr_l,cate2-00012,27,28,open,14,15,0,28,15,15.0,15.0
rtdetr_l,cate2-00012,27,28,half,14,15,14,28,14,15.0,15.0
rtdetr_l,cate2-00012,27,28,closed,14,15,28,28,14,15.0,15.0
rtdetr_l,cate2-00012,34,35,open,19,20,0,14,20,20.0,20.0
rtdetr_l,cate2-00012,34,35,half,19,20,7,14,20,20.0,20.0
rtdetr_l,cate2-00012,34,35,closed,19,20,14,14,19,20.0,20.0
rtdetr_l,cate2-00017,33,34,open,18,19,0,20,19,19.0,19.0
rtdetr_l,cate2-00017,33,34,half,18,19,10,20,19,19.0,19.0
rtdetr_l,cate2-00017,33,34,closed,18,19,20,20,19,19.0,18.0
rtdetr_l,cate2-00017,36,37,open,21,22,0,32,22,22.0,22.0
rtdetr_l,cate2-00017,36,37,half,21,22,16,32,21,22.0,22.0
rtdetr_l,cate2-00017,36,37,closed,21,22,32,32,21,22.0,21.0
rtdetr_l,cate2-00017,44,45,open,27,28,0,13,28,28.0,28.0
rtdetr_l,cate2-00017,44,45,half,27,28,6,13,28,28.0,28.0
rtdetr_l,cate2-00017,44,45,closed,27,28,13,13,27,28.0,28.0
rtdetr_l,cate2-00024,31,32,open,16,17,0,15,17,17.0,17.0
rtdetr_l,cate2-00024,31,32,half,16,17,8,15,17,17.0,17.0
rtdetr_l,cate2-00024,31,32,closed,16,17,15,15,16,17.0,17.0
rtdetr_l,cate2-00024,37,38,open,22,23,0,30,23,23.0,23.0
rtdetr_l,cate2-00024,37,38,half,22,23,15,30,23,23.0,23.0
rtdetr_l,cate2-00024,37,38,closed,22,23,30,30,23,23.0,23.0
rtdetr_l,cate2-00024,47,48,open,30,31,0,35,31,31.0,31.0
rtdetr_l,cate2-00024,47,48,half,30,31,18,35,31,31.0,31.0
rtdetr_l,cate2-00024,47,48,closed,30,31,35,35,31,31.0,31.0
rtdetr_l,cate2-00027,32,33,open,17,18,0,14,18,18.0,18.0
rtdetr_l,cate2-00027,32,33,half,17,18,7,14,18,18.0,18.0
rtdetr_l,cate2-00027,32,33,closed,17,18,14,14,18,18.0,18.0
rtdetr_l,cate2-00027,44,45,open,27,28,0,12,28,28.0,28.0
rtdetr_l,cate2-00027,44,45,half,27,28,6,12,27,28.0,28.0
rtdetr_l,cate2-00027,44,45,closed,27,28,12,12,27,28.0,28.0
rtdetr_l,cate2-00027,33,34,open,18,19,0,15,19,19.0,19.0
rtdetr_l,cate2-00027,33,34,half,18,19,8,15,18,19.0,19.0
rtdetr_l,cate2-00027,33,34,closed,18,19,15,15,18,19.0,18.0
rtdetr_l,cate2-00028,13,14,open,2,3,0,16,3,3.0,2.0
rtdetr_l,cate2-00028,13,14,half,2,3,8,16,3,3.0,2.0
rtdetr_l,cate2-00028,13,14,closed,2,3,16,16,3,3.0,2.0
rtdetr_l,cate2-00028,31,32,open,16,17,0,13,17,17.0,17.0
rtdetr_l,cate2-00028,31,32,half,16,17,6,13,17,17.0,17.0
rtdetr_l,cate2-00028,31,32,closed,16,17,13,13,16,17.0,17.0
rtdetr_l,cate2-00028,12,13,open,1,2,0,16,2,2.0,2.0
rtdetr_l,cate2-00028,12,13,half,1,2,8,16,2,2.0,2.0
rtdetr_l,cate2-00028,12,13,closed,1,2,16,16,2,2.0,2.0
rtdetr_l,cate2-00030,12,13,open,1,2,0,16,2,2.0,2.0
rtdetr_l,cate2-00030,12,13,half,1,2,8,16,2,2.0,2.0
rtdetr_l,cate2-00030,12,13,closed,1,2,16,16,2,2.0,2.0
rtdetr_l,cate2-00030,44,45,open,27,28,0,16,28,28.0,28.0
rtdetr_l,cate2-00030,44,45,half,27,28,8,16,28,28.0,28.0
rtdetr_l,cate2-00030,44,45,closed,27,28,16,16,28,28.0,28.0
rtdetr_l,cate2-00030,36,37,open,21,22,0,31,22,22.0,22.0
rtdetr_l,cate2-00030,36,37,half,21,22,16,31,21,22.0,
rtdetr_l,cate2-00030,36,37,closed,21,22,31,31,21,22.0,21.0
rtdetr_l,cate2-00102,12,13,open,1,2,0,15,2,2.0,2.0
rtdetr_l,cate2-00102,12,13,half,1,2,8,15,2,2.0,2.0
rtdetr_l,cate2-00102,12,13,closed,1,2,15,15,2,2.0,2.0
rtdetr_l,cate2-00102,35,36,open,20,21,0,21,22,21.0,21.0
rtdetr_l,cate2-00102,35,36,half,20,21,10,21,21,21.0,21.0
rtdetr_l,cate2-00102,35,36,closed,20,21,21,21,21,21.0,21.0
rtdetr_l,cate2-00102,41,42,open,24,25,0,14,25,25.0,25.0
rtdetr_l,cate2-00102,41,42,half,24,25,7,14,25,25.0,25.0
rtdetr_l,cate2-00102,41,42,closed,24,25,14,14,25,25.0,25.0
rtdetr_l,cate2-00108,13,14,open,2,3,0,19,3,3.0,3.0
rtdetr_l,cate2-00108,13,14,half,2,3,10,19,3,3.0,2.0
rtdetr_l,cate2-00108,13,14,closed,2,3,19,19,2,3.0,2.0
rtdetr_l,cate2-00108,45,46,open,28,29,0,17,29,29.0,29.0
rtdetr_l,cate2-00108,45,46,half,28,29,8,17,29,29.0,29.0
rtdetr_l,cate2-00108,45,46,closed,28,29,17,17,28,29.0,29.0
rtdetr_l,cate2-00108,42,43,open,25,26,0,12,26,26.0,26.0
rtdetr_l,cate2-00108,42,43,half,25,26,6,12,26,26.0,26.0
rtdetr_l,cate2-00108,42,43,closed,25,26,12,12,26,26.0,26.0
rtdetr_l,cate2-00112,45,46,open,28,29,0,16,29,29.0,29.0
rtdetr_l,cate2-00112,45,46,half,28,29,8,16,29,29.0,29.0
rtdetr_l,cate2-00112,45,46,closed,28,29,16,16,29,29.0,29.0
rtdetr_l,cate2-00112,32,33,open,17,18,0,13,17,18.0,17.0
rtdetr_l,cate2-00112,32,33,half,17,18,6,13,17,18.0,18.0
rtdetr_l,cate2-00112,32,33,closed,17,18,13,13,17,18.0,18.0
rtdetr_l,cate2-00112,14,15,open,3,4,0,19,4,4.0,4.0
rtdetr_l,cate2-00112,14,15,half,3,4,10,19,4,4.0,4.0
rtdetr_l,cate2-00112,14,15,closed,3,4,19,19,3,4.0,3.0
rtdetr_l,cate2-00115,47,48,open,30,31,0,33,31,31.0,31.0
rtdetr_l,cate2-00115,47,48,half,30,31,16,33,31,31.0,31.0
rtdetr_l,cate2-00115,47,48,closed,30,31,33,33,31,31.0,30.0
rtdetr_l,cate2-00115,11,12,open,0,1,0,23,1,1.0,1.0
rtdetr_l,cate2-00115,11,12,half,0,1,12,23,1,1.0,1.0
rtdetr_l,cate2-00115,11,12,closed,0,1,23,23,0,1.0,0.0
rtdetr_l,cate2-00115,41,42,open,24,25,0,14,25,25.0,25.0
rtdetr_l,cate2-00115,41,42,half,24,25,7,14,25,25.0,25.0
rtdetr_l,cate2-00115,41,42,closed,24,25,14,14,25,25.0,25.0
rtdetr_l,cate2-00119,14,15,open,3,4,0,18,4,4.0,4.0
rtdetr_l,cate2-00119,14,15,half,3,4,9,18,4,4.0,4.0
rtdetr_l,cate2-00119,14,15,closed,3,4,18,18,3,4.0,3.0
rtdetr_l,cate2-00119,42,43,open,25,26,0,16,27,26.0,26.0
rtdetr_l,cate2-00119,42,43,half,25,26,8,16,26,26.0,26.0
rtdetr_l,cate2-00119,42,43,closed,25,26,16,16,26,26.0,26.0
rtdetr_l,cate2-00119,36,37,open,21,22,0,32,22,22.0,22.0
rtdetr_l,cate2-00119,36,37,half,21,22,16,32,22,22.0,22.0
rtdetr_l,cate2-00119,36,37,closed,21,22,32,32,21,22.0,22.0
rtdetr_l,cate2-00133,41,42,open,24,25,0,13,25,25.0,25.0
rtdetr_l,cate2-00133,41,42,half,24,25,6,13,24,25.0,25.0
rtdetr_l,cate2-00133,41,42,closed,24,25,13,13,24,25.0,24.0
rtdetr_l,cate2-00133,15,16,open,4,5,0,16,5,5.0,5.0
rtdetr_l,cate2-00133,15,16,half,4,5,8,16,5,5.0,5.0
rtdetr_l,cate2-00133,15,16,closed,4,5,16,16,5,5.0,5.0
rtdetr_l,cate2-00133,23,24,open,10,11,0,15,11,11.0,11.0
rtdetr_l,cate2-00133,23,24,half,10,11,8,15,10,11.0,11.0
rtdetr_l,cate2-00133,23,24,closed,10,11,15,15,10,11.0,10.0
rtdetr_l,cate2-00134,35,36,open,20,21,0,18,21,21.0,21.0
rtdetr_l,cate2-00134,35,36,half,20,21,9,18,21,21.0,21.0
rtdetr_l,cate2-00134,35,36,closed,20,21,18,18,21,21.0,21.0
rtdetr_l,cate2-00134,42,43,open,25,26,0,13,25,26.0,26.0
rtdetr_l,cate2-00134,42,43,half,25,26,6,13,25,26.0,26.0
rtdetr_l,cate2-00134,42,43,closed,25,26,13,13,24,26.0,26.0
rtdetr_l,cate2-00134,37,38,open,22,23,0,31,23,23.0,23.0
rtdetr_l,cate2-00134,37,38,half,22,23,16,31,23,23.0,23.0
rtdetr_l,cate2-00134,37,38,closed,22,23,31,31,23,23.0,23.0
rtdetr_l,cate3-00013,32,33,open,17,18,0,13,18,18.0,18.0
rtdetr_l,cate3-00013,32,33,half,17,18,6,13,18,18.0,18.0
rtdetr_l,cate3-00013,32,33,closed,17,18,13,13,17,18.0,18.0
rtdetr_l,cate3-00013,27,28,open,14,15,0,24,15,15.0,15.0
rtdetr_l,cate3-00013,27,28,half,14,15,12,24,15,15.0,15.0
rtdetr_l,cate3-00013,27,28,closed,14,15,24,24,14,15.0,15.0
rtdetr_l,cate3-00013,21,22,open,8,9,0,18,9,9.0,9.0
rtdetr_l,cate3-00013,21,22,half,8,9,9,18,8,9.0,9.0
rtdetr_l,cate3-00013,21,22,closed,8,9,18,18,8,9.0,9.0
rtdetr_l,cate3-00018,11,12,open,0,1,0,21,1,1.0,1.0
rtdetr_l,cate3-00018,11,12,half,0,1,10,21,0,1.0,0.0
rtdetr_l,cate3-00018,11,12,closed,0,1,21,21,0,1.0,0.0
rtdetr_l,cate3-00018,25,26,open,12,13,0,16,14,13.0,13.0
rtdetr_l,cate3-00018,25,26,half,12,13,8,16,13,13.0,13.0
rtdetr_l,cate3-00018,25,26,closed,12,13,16,16,13,13.0,13.0
rtdetr_l,cate3-00018,31,32,open,16,17,0,16,17,17.0,17.0
rtdetr_l,cate3-00018,31,32,half,16,17,8,16,17,17.0,17.0
rtdetr_l,cate3-00018,31,32,closed,16,17,16,16,16,17.0,17.0
rtdetr_l,cate3-00021,14,15,open,3,4,0,17,4,4.0,4.0
rtdetr_l,cate3-00021,14,15,half,3,4,8,17,4,4.0,4.0
rtdetr_l,cate3-00021,14,15,closed,3,4,17,17,4,4.0,3.0
rtdetr_l,cate3-00021,34,35,open,19,20,0,22,20,20.0,20.0
rtdetr_l,cate3-00021,34,35,half,19,20,11,22,20,20.0,20.0
rtdetr_l,cate3-00021,34,35,closed,19,20,22,22,19,20.0,20.0
rtdetr_l,cate3-00021,32,33,open,17,18,0,19,18,18.0,18.0
rtdetr_l,cate3-00021,32,33,half,17,18,10,19,18,18.0,18.0
rtdetr_l,cate3-00021,32,33,closed,17,18,19,19,18,18.0,18.0
rtdetr_l,cate4-00070,43,44,open,26,27,0,15,27,27.0,27.0
rtdetr_l,cate4-00070,43,44,half,26,27,8,15,27,27.0,27.0
rtdetr_l,cate4-00070,43,44,closed,26,27,15,15,26,27.0,27.0
rtdetr_l,cate4-00070,42,43,open,25,26,0,13,26,26.0,26.0
rtdetr_l,cate4-00070,42,43,half,25,26,6,13,25,26.0,26.0
rtdetr_l,cate4-00070,42,43,closed,25,26,13,13,25,26.0,26.0
rtdetr_l,cate4-00070,17,18,open,6,7,0,23,7,7.0,7.0
rtdetr_l,cate4-00070,17,18,half,6,7,12,23,7,7.0,7.0
rtdetr_l,cate4-00070,17,18,closed,6,7,23,23,7,7.0,7.0
rtdetr_l,cate4-00072,26,27,open,13,14,0,28,14,14.0,14.0
rtdetr_l,cate4-00072,26,27,half,13,14,14,28,14,14.0,14.0
rtdetr_l,cate4-00072,26,27,closed,13,14,28,28,14,14.0,13.0
rtdetr_l,cate4-00072,45,46,open,28,29,0,24,29,29.0,29.0
rtdetr_l,cate4-00072,45,46,half,28,29,12,24,29,29.0,29.0
rtdetr_l,cate4-00072,45,46,closed,28,29,24,24,29,29.0,29.0
rtdetr_l,cate4-00072,42,43,open,25,26,0,8,26,26.0,26.0
rtdetr_l,cate4-00072,42,43,half,25,26,4,8,25,26.0,26.0
rtdetr_l,cate4-00072,42,43,closed,25,26,8,8,25,26.0,26.0
rtdetr_l,cate4-00075,25,26,open,12,13,0,17,13,13.0,13.0
rtdetr_l,cate4-00075,25,26,half,12,13,8,17,13,13.0,13.0
rtdetr_l,cate4-00075,25,26,closed,12,13,17,17,13,13.0,12.0
rtdetr_l,cate4-00075,16,17,open,5,6,0,25,6,6.0,6.0
rtdetr_l,cate4-00075,16,17,half,5,6,12,25,6,6.0,5.0
rtdetr_l,cate4-00075,16,17,closed,5,6,25,25,6,6.0,5.0
rtdetr_l,cate4-00075,31,32,open,16,17,0,12,17,17.0,17.0
rtdetr_l,cate4-00075,31,32,half,16,17,6,12,16,17.0,17.0
rtdetr_l,cate4-00075,31,32,closed,16,17,12,12,16,17.0,16.0
rtdetr_l,cate4-00088,11,12,open,0,1,0,11,1,1.0,1.0
rtdetr_l,cate4-00088,11,12,half,0,1,6,11,1,1.0,1.0
rtdetr_l,cate4-00088,11,12,closed,0,1,11,11,0,1.0,1.0
rtdetr_l,cate4-00088,42,43,open,25,26,0,8,26,26.0,26.0
rtdetr_l,cate4-00088,42,43,half,25,26,4,8,26,26.0,26.0
rtdetr_l,cate4-00088,42,43,closed,25,26,8,8,26,26.0,26.0
rtdetr_l,cate4-00088,43,44,open,26,27,0,11,26,27.0,27.0
rtdetr_l,cate4-00088,43,44,half,26,27,6,11,26,27.0,27.0
rtdetr_l,cate4-00088,43,44,closed,26,27,11,11,25,27.0,27.0
rtdetr_l,cate4-00100,24,25,open,11,12,0,13,12,12.0,12.0
rtdetr_l,cate4-00100,24,25,half,11,12,6,13,12,12.0,12.0
rtdetr_l,cate4-00100,24,25,closed,11,12,13,13,12,12.0,12.0
rtdetr_l,cate4-00100,16,17,open,5,6,0,29,6,6.0,6.0
rtdetr_l,cate4-00100,16,17,half,5,6,14,29,6,6.0,6.0
rtdetr_l,cate4-00100,16,17,closed,5,6,29,29,5,6.0,6.0
rtdetr_l,cate4-00100,44,45,open,27,28,0,17,28,28.0,28.0
rtdetr_l,cate4-00100,44,45,half,27,28,8,17,28,28.0,28.0
rtdetr_l,cate4-00100,44,45,closed,27,28,17,17,28,28.0,28.0
rtdetr_l,cate4-00102,31,32,open,16,17,0,8,17,17.0,17.0
rtdetr_l,cate4-00102,31,32,half,16,17,4,8,17,17.0,17.0
rtdetr_l,cate4-00102,31,32,closed,16,17,8,8,16,17.0,17.0
rtdetr_l,cate4-00102,22,23,open,9,10,0,15,10,10.0,10.0
rtdetr_l,cate4-00102,22,23,half,9,10,8,15,10,10.0,10.0
rtdetr_l,cate4-00102,22,23,closed,9,10,15,15,10,10.0,10.0
rtdetr_l,cate4-00102,47,48,open,30,31,0,40,31,31.0,31.0
rtdetr_l,cate4-00102,47,48,half,30,31,20,40,31,31.0,31.0
rtdetr_l,cate4-00102,47,48,closed,30,31,40,40,31,31.0,31.0
rtdetr_l,cate4-00107,23,24,open,10,11,0,16,11,11.0,11.0
rtdetr_l,cate4-00107,23,24,half,10,11,8,16,11,11.0,11.0
rtdetr_l,cate4-00107,23,24,closed,10,11,16,16,10,11.0,11.0
rtdetr_l,cate4-00107,13,14,open,2,3,0,16,3,3.0,2.0
rtdetr_l,cate4-00107,13,14,half,2,3,8,16,3,3.0,3.0
rtdetr_l,cate4-00107,13,14,closed,2,3,16,16,2,3.0,2.0
rtdetr_l,cate4-00107,43,44,open,26,27,0,20,27,27.0,27.0
rtdetr_l,cate4-00107,43,44,half,26,27,10,20,27,27.0,27.0
rtdetr_l,cate4-00107,43,44,closed,26,27,20,20,26,27.0,26.0
rtdetr_l,cate5-00030,44,45,open,27,28,0,17,27,28.0,28.0
rtdetr_l,cate5-00030,44,45,half,27,28,8,17,27,28.0,28.0
rtdetr_l,cate5-00030,44,45,closed,27,28,17,17,27,28.0,27.0
rtdetr_l,cate5-00030,42,43,open,25,26,0,15,26,26.0,26.0
rtdetr_l,cate5-00030,42,43,half,25,26,8,15,25,26.0,26.0
rtdetr_l,cate5-00030,42,43,closed,25,26,15,15,25,26.0,26.0
rtdetr_l,cate5-00030,37,38,open,22,23,0,26,23,23.0,23.0
rtdetr_l,cate5-00030,37,38,half,22,23,13,26,23,23.0,23.0
rtdetr_l,cate5-00030,37,38,closed,22,23,26,26,22,23.0,22.0
rtdetr_l,cate5-00036,11,12,open,0,1,0,28,1,1.0,1.0
rtdetr_l,cate5-00036,11,12,half,0,1,14,28,1,1.0,1.0
rtdetr_l,cate5-00036,11,12,closed,0,1,28,28,0,1.0,0.0
rtdetr_l,cate5-00036,22,23,open,9,10,0,17,10,10.0,10.0
rtdetr_l,cate5-00036,22,23,half,9,10,8,17,9,10.0,10.0
rtdetr_l,cate5-00036,22,23,closed,9,10,17,17,9,10.0,10.0
rtdetr_l,cate5-00036,46,47,open,29,30,0,28,30,30.0,30.0
rtdetr_l,cate5-00036,46,47,half,29,30,14,28,30,30.0,30.0
rtdetr_l,cate5-00036,46,47,closed,29,30,28,28,5,30.0,30.0
rtdetr_l,cate5-00049,41,42,open,24,25,0,14,26,25.0,25.0
rtdetr_l,cate5-00049,41,42,half,24,25,7,14,25,25.0,25.0
rtdetr_l,cate5-00049,41,42,closed,24,25,14,14,25,25.0,25.0
rtdetr_l,cate5-00049,32,33,open,17,18,0,22,18,18.0,18.0
rtdetr_l,cate5-00049,32,33,half,17,18,11,22,18,18.0,18.0
rtdetr_l,cate5-00049,32,33,closed,17,18,22,22,18,18.0,18.0
rtdetr_l,cate5-00049,12,13,open,1,2,0,24,2,2.0,2.0
rtdetr_l,cate5-00049,12,13,half,1,2,12,24,2,2.0,2.0
rtdetr_l,cate5-00049,12,13,closed,1,2,24,24,2,2.0,2.0
rtdetr_l,cate5-00066,31,32,open,16,17,0,10,17,17.0,17.0
rtdetr_l,cate5-00066,31,32,half,16,17,5,10,16,17.0,17.0
rtdetr_l,cate5-00066,31,32,closed,16,17,10,10,16,17.0,17.0
rtdetr_l,cate5-00066,32,33,open,17,18,0,11,17,18.0,19.0
rtdetr_l,cate5-00066,32,33,half,17,18,6,11,17,18.0,18.0
rtdetr_l,cate5-00066,32,33,closed,17,18,11,11,17,18.0,18.0
rtdetr_l,cate5-00066,41,42,open,24,25,0,11,25,,
rtdetr_l,cate5-00066,41,42,half,24,25,6,11,24,,25.0
rtdetr_l,cate5-00066,41,42,closed,24,25,11,11,24,,
rtdetr_l,cate5-00079,15,16,open,4,5,0,19,5,5.0,5.0
rtdetr_l,cate5-00079,15,16,half,4,5,10,19,5,5.0,5.0
rtdetr_l,cate5-00079,15,16,closed,4,5,19,19,4,5.0,5.0
rtdetr_l,cate5-00079,22,23,open,9,10,0,17,10,10.0,10.0
rtdetr_l,cate5-00079,22,23,half,9,10,8,17,9,10.0,10.0
rtdetr_l,cate5-00079,22,23,closed,9,10,17,17,9,10.0,10.0
rtdetr_l,cate5-00079,31,32,open,16,17,0,14,16,17.0,17.0
rtdetr_l,cate5-00079,31,32,half,16,17,7,14,16,17.0,17.0
rtdetr_l,cate5-00079,31,32,closed,16,17,14,14,16,17.0,17.0
rtdetr_l,cate5-00090,32,33,open,17,18,0,18,18,18.0,18.0
rtdetr_l,cate5-00090,32,33,half,17,18,9,18,18,18.0,18.0
rtdetr_l,cate5-00090,32,33,closed,17,18,18,18,18,18.0,18.0
rtdetr_l,cate5-00090,43,44,open,26,27,0,19,27,27.0,27.0
rtdetr_l,cate5-00090,43,44,half,26,27,10,19,27,27.0,27.0
rtdetr_l,cate5-00090,43,44,closed,26,27,19,19,26,27.0,26.0
rtdetr_l,cate5-00090,31,32,open,16,17,0,15,17,17.0,17.0
rtdetr_l,cate5-00090,31,32,half,16,17,8,15,16,17.0,16.0
rtdetr_l,cate5-00090,31,32,closed,16,17,15,15,16,17.0,16.0
rtdetr_l,cate6-00009,16,17,open,5,6,0,23,5,6.0,6.0
rtdetr_l,cate6-00009,16,17,half,5,6,12,23,5,6.0,5.0
rtdetr_l,cate6-00009,16,17,closed,5,6,23,23,5,6.0,5.0
rtdetr_l,cate6-00009,46,47,open,29,30,0,29,30,30.0,30.0
rtdetr_l,cate6-00009,46,47,half,29,30,14,29,29,30.0,30.0
rtdetr_l,cate6-00009,46,47,closed,29,30,29,29,29,30.0,29.0
rtdetr_l,cate6-00009,32,33,open,17,18,0,14,17,17.0,17.0
rtdetr_l,cate6-00009,32,33,half,17,18,7,14,16,17.0,17.0
rtdetr_l,cate6-00009,32,33,closed,17,18,14,14,16,17.0,17.0
rtdetr_l,cate6-00063,41,42,open,24,25,0,11,25,25.0,25.0
rtdetr_l,cate6-00063,41,42,half,24,25,6,11,25,25.0,25.0
rtdetr_l,cate6-00063,41,42,closed,24,25,11,11,24,25.0,24.0
rtdetr_l,cate6-00063,13,14,open,2,3,0,6,3,3.0,3.0
rtdetr_l,cate6-00063,13,14,half,2,3,3,6,3,3.0,3.0
rtdetr_l,cate6-00063,13,14,closed,2,3,6,6,3,3.0,3.0
rtdetr_l,cate6-00063,12,13,open,1,2,0,19,2,2.0,2.0
rtdetr_l,cate6-00063,12,13,half,1,2,10,19,2,2.0,2.0
rtdetr_l,cate6-00063,12,13,closed,1,2,19,19,1,2.0,2.0
rtdetr_l,cate6-00101,31,32,open,16,17,0,15,17,17.0,17.0
rtdetr_l,cate6-00101,31,32,half,16,17,8,15,17,17.0,17.0
rtdetr_l,cate6-00101,31,32,closed,16,17,15,15,17,17.0,17.0
rtdetr_l,cate6-00101,41,42,open,24,25,0,14,25,25.0,25.0
rtdetr_l,cate6-00101,41,42,half,24,25,7,14,25,25.0,25.0
rtdetr_l,cate6-00101,41,42,closed,24,25,14,14,24,25.0,25.0
rtdetr_l,cate6-00101,32,33,open,17,18,0,16,18,18.0,18.0
rtdetr_l,cate6-00101,32,33,half,17,18,8,16,18,18.0,18.0
rtdetr_l,cate6-00101,32,33,closed,17,18,16,16,18,18.0,18.0
rtdetr_l,cate6-00105,37,38,open,22,23,0,33,23,23.0,23.0
rtdetr_l,cate6-00105,37,38,half,22,23,16,33,23,23.0,23.0
rtdetr_l,cate6-00105,37,38,closed,22,23,33,33,23,23.0,23.0
rtdetr_l,cate6-00105,43,44,open,26,27,0,21,27,27.0,27.0
rtdetr_l,cate6-00105,43,44,half,26,27,10,21,27,27.0,27.0
rtdetr_l,cate6-00105,43,44,closed,26,27,21,21,27,27.0,27.0
rtdetr_l,cate6-00105,15,16,open,4,5,0,23,5,5.0,5.0
rtdetr_l,cate6-00105,15,16,half,4,5,12,23,5,5.0,5.0
rtdetr_l,cate6-00105,15,16,closed,4,5,23,23,5,5.0,5.0
rtdetr_l,cate6-00151,13,14,open,2,3,0,15,4,3.0,3.0
rtdetr_l,cate6-00151,13,14,half,2,3,8,15,3,3.0,2.0
rtdetr_l,cate6-00151,13,14,closed,2,3,15,15,2,3.0,2.0
rtdetr_l,cate6-00151,21,22,open,8,9,0,30,9,9.0,9.0
rtdetr_l,cate6-00151,21,22,half,8,9,15,30,9,9.0,9.0
rtdetr_l,cate6-00151,21,22,closed,8,9,30,30,8,9.0,8.0
rtdetr_l,cate6-00153,43,44,open,26,27,0,2,28,27.0,27.0
rtdetr_l,cate6-00153,43,44,half,26,27,1,2,28,27.0,27.0
rtdetr_l,cate6-00153,43,44,closed,26,27,2,2,27,27.0,27.0
rtdetr_l,cate6-00153,36,37,open,21,22,0,29,22,22.0,22.0
rtdetr_l,cate6-00153,36,37,half,21,22,14,29,22,22.0,22.0
rtdetr_l,cate6-00153,36,37,closed,21,22,29,29,21,22.0,21.0
rtdetr_l,cate6-00153,22,23,open,9,10,0,17,11,10.0,10.0
rtdetr_l,cate6-00153,22,23,half,9,10,8,17,10,10.0,10.0
rtdetr_l,cate6-00153,22,23,closed,9,10,17,17,10,10.0,
rtdetr_l,cate7-00011,21,22,open,8,9,0,20,9,9.0,9.0
rtdetr_l,cate7-00011,21,22,half,8,9,10,20,9,9.0,8.0
rtdetr_l,cate7-00011,21,22,closed,8,9,20,20,8,9.0,8.0
rtdetr_l,cate7-00011,34,35,open,19,20,0,20,20,20.0,20.0
rtdetr_l,cate7-00011,34,35,half,19,20,10,20,20,20.0,19.0
rtdetr_l,cate7-00011,34,35,closed,19,20,20,20,19,20.0,19.0
rtdetr_l,cate7-00011,31,32,open,16,17,0,13,17,17.0,16.0
rtdetr_l,cate7-00011,31,32,half,16,17,6,13,16,17.0,17.0
rtdetr_l,cate7-00011,31,32,closed,16,17,13,13,24,17.0,17.0
rtdetr_l,cate7-00025,24,25,open,11,12,0,11,13,12.0,12.0
rtdetr_l,cate7-00025,24,25,half,11,12,6,11,13,12.0,12.0
rtdetr_l,cate7-00025,24,25,closed,11,12,11,11,11,12.0,12.0
rtdetr_l,cate7-00025,43,44,open,26,27,0,18,27,27.0,27.0
rtdetr_l,cate7-00025,43,44,half,26,27,9,18,27,27.0,27.0
rtdetr_l,cate7-00025,43,44,closed,26,27,18,18,26,27.0,27.0
rtdetr_l,cate7-00025,13,14,open,2,3,0,17,3,3.0,3.0
rtdetr_l,cate7-00025,13,14,half,2,3,8,17,3,3.0,3.0
rtdetr_l,cate7-00025,13,14,closed,2,3,17,17,2,3.0,3.0
rtdetr_l,cate7-00074,44,45,open,27,28,0,17,28,28.0,28.0
rtdetr_l,cate7-00074,44,45,half,27,28,8,17,28,28.0,28.0
rtdetr_l,cate7-00074,44,45,closed,27,28,17,17,28,28.0,28.0
rtdetr_l,cate7-00074,22,23,open,9,10,0,18,10,10.0,10.0
rtdetr_l,cate7-00074,22,23,half,9,10,9,18,10,10.0,10.0
rtdetr_l,cate7-00074,22,23,closed,9,10,18,18,10,10.0,10.0
rtdetr_l,cate7-00074,43,44,open,26,27,0,17,27,27.0,27.0
rtdetr_l,cate7-00074,43,44,half,26,27,8,17,27,27.0,27.0
rtdetr_l,cate7-00074,43,44,closed,26,27,17,17,27,27.0,27.0
rtdetr_l,cate7-00076,26,27,open,13,14,0,28,14,14.0,14.0
rtdetr_l,cate7-00076,26,27,half,13,14,14,28,14,14.0,14.0
rtdetr_l,cate7-00076,26,27,closed,13,14,28,28,13,14.0,13.0
rtdetr_l,cate7-00076,41,42,open,24,25,0,11,25,25.0,25.0
rtdetr_l,cate7-00076,41,42,half,24,25,6,11,25,25.0,25.0
rtdetr_l,cate7-00076,41,42,closed,24,25,11,11,24,25.0,25.0
rtdetr_l,cate7-00076,21,22,open,8,9,0,16,9,9.0,
rtdetr_l,cate7-00076,21,22,half,8,9,8,16,9,9.0,9.0
rtdetr_l,cate7-00076,21,22,closed,8,9,16,16,8,9.0,9.0
rtdetr_l,cate7-00097,34,35,open,19,20,0,18,20,20.0,20.0
rtdetr_l,cate7-00097,34,35,half,19,20,9,18,20,20.0,20.0
rtdetr_l,cate7-00097,34,35,closed,19,20,18,18,19,20.0,19.0
rtdetr_l,cate7-00097,11,12,open,0,1,0,23,2,1.0,1.0
rtdetr_l,cate7-00097,11,12,half,0,1,12,23,0,1.0,1.0
rtdetr_l,cate7-00097,11,12,closed,0,1,23,23,0,1.0,0.0
rtdetr_l,cate7-00097,21,22,open,8,9,0,24,9,9.0,9.0
rtdetr_l,cate7-00097,21,22,half,8,9,12,24,9,9.0,9.0
rtdetr_l,cate7-00097,21,22,closed,8,9,24,24,8,9.0,8.0
rtdetr_l,cate7-00105,11,12,open,0,1,0,21,1,1.0,1.0
rtdetr_l,cate7-00105,11,12,half,0,1,10,21,0,1.0,1.0
rtdetr_l,cate7-00105,11,12,closed,0,1,21,21,0,1.0,1.0
rtdetr_l,cate7-00105,22,23,open,9,10,0,18,10,10.0,10.0
rtdetr_l,cate7-00105,22,23,half,9,10,9,18,10,10.0,10.0
rtdetr_l,cate7-00105,22,23,closed,9,10,18,18,10,10.0,10.0
rtdetr_l,cate7-00105,17,18,open,6,7,0,22,6,7.0,7.0
rtdetr_l,cate7-00105,17,18,half,6,7,11,22,6,7.0,6.0
rtdetr_l,cate7-00105,17,18,closed,6,7,22,22,6,7.0,6.0
rtdetr_l,cate8-00017,41,42,open,24,25,0,8,24,25.0,25.0
rtdetr_l,cate8-00017,41,42,half,24,25,4,8,24,25.0,25.0
rtdetr_l,cate8-00017,41,42,closed,24,25,8,8,24,25.0,24.0
rtdetr_l,cate8-00017,23,24,open,10,11,0,19,11,11.0,11.0
rtdetr_l,cate8-00017,23,24,half,10,11,10,19,10,11.0,11.0
rtdetr_l,cate8-00017,23,24,closed,10,11,19,19,10,11.0,10.0
rtdetr_l,cate8-00017,45,46,open,28,29,0,24,29,29.0,29.0
rtdetr_l,cate8-00017,45,46,half,28,29,12,24,29,29.0,29.0
rtdetr_l,cate8-00017,45,46,closed,28,29,24,24,28,29.0,29.0
rtdetr_l,cate8-00029,32,33,open,17,18,0,13,18,18.0,18.0
rtdetr_l,cate8-00029,32,33,half,17,18,6,13,18,18.0,18.0
rtdetr_l,cate8-00029,32,33,closed,17,18,13,13,18,18.0,18.0
rtdetr_l,cate8-00029,22,23,open,9,10,0,20,12,11.0,11.0
rtdetr_l,cate8-00029,22,23,half,9,10,10,20,9,11.0,10.0
rtdetr_l,cate8-00029,22,23,closed,9,10,20,20,9,11.0,10.0
rtdetr_l,cate8-00029,34,35,open,19,20,0,17,19,20.0,20.0
rtdetr_l,cate8-00029,34,35,half,19,20,8,17,19,20.0,20.0
rtdetr_l,cate8-00029,34,35,closed,19,20,17,17,19,20.0,19.0
rtdetr_l,cate8-00053,45,46,open,28,29,0,21,29,29.0,29.0
rtdetr_l,cate8-00053,45,46,half,28,29,10,21,29,29.0,29.0
rtdetr_l,cate8-00053,45,46,closed,28,29,21,21,29,29.0,29.0
rtdetr_l,cate8-00053,21,22,open,8,9,0,29,9,9.0,9.0
rtdetr_l,cate8-00053,21,22,half,8,9,14,29,9,9.0,9.0
rtdetr_l,cate8-00053,21,22,closed,8,9,29,29,8,9.0,8.0
rtdetr_l,cate8-00053,46,47,open,29,30,0,32,30,30.0,30.0
rtdetr_l,cate8-00053,46,47,half,29,30,16,32,30,30.0,30.0
rtdetr_l,cate8-00053,46,47,closed,29,30,32,32,29,30.0,30.0
rtdetr_l,cate8-00059,47,48,open,30,31,0,32,31,31.0,31.0
rtdetr_l,cate8-00059,47,48,half,30,31,16,32,31,31.0,31.0
rtdetr_l,cate8-00059,47,48,closed,30,31,32,32,31,31.0,31.0
rtdetr_l,cate8-00059,13,14,open,2,3,0,21,3,3.0,2.0
rtdetr_l,cate8-00059,13,14,half,2,3,10,21,3,3.0,2.0
rtdetr_l,cate8-00059,13,14,closed,2,3,21,21,2,3.0,2.0
rtdetr_l,cate8-00059,31,32,open,16,17,0,16,17,17.0,17.0
rtdetr_l,cate8-00059,31,32,half,16,17,8,16,17,17.0,17.0
rtdetr_l,cate8-00059,31,32,closed,16,17,16,16,16,17.0,16.0
rtdetr_l,cate8-00065,22,23,open,9,10,0,15,10,10.0,10.0
rtdetr_l,cate8-00065,22,23,half,9,10,8,15,9,10.0,10.0
rtdetr_l,cate8-00065,22,23,closed,9,10,15,15,9,10.0,10.0
rtdetr_l,cate8-00065,33,34,open,18,19,0,13,19,19.0,19.0
rtdetr_l,cate8-00065,33,34,half,18,19,6,13,18,19.0,19.0
rtdetr_l,cate8-00065,33,34,closed,18,19,13,13,17,19.0,19.0
rtdetr_l,cate8-00065,44,45,open,27,28,0,15,28,28.0,28.0
rtdetr_l,cate8-00065,44,45,half,27,28,8,15,27,28.0,28.0
rtdetr_l,cate8-00065,44,45,closed,27,28,15,15,27,28.0,27.0
rtdetr_l,cate8-00107,33,34,open,18,19,0,19,19,19.0,19.0
rtdetr_l,cate8-00107,33,34,half,18,19,10,19,19,19.0,19.0
rtdetr_l,cate8-00107,33,34,closed,18,19,19,19,19,19.0,18.0
rtdetr_l,cate8-00107,13,14,open,2,3,0,21,3,3.0,3.0
rtdetr_l,cate8-00107,13,14,half,2,3,10,21,3,3.0,3.0
rtdetr_l,cate8-00107,13,14,closed,2,3,21,21,2,3.0,2.0
rtdetr_l,cate8-00107,25,26,open,12,13,0,16,13,13.0,13.0
rtdetr_l,cate8-00107,25,26,half,12,13,8,16,13,13.0,13.0
rtdetr_l,cate8-00107,25,26,closed,12,13,16,16,13,13.0,13.0
rtdetr_l,cate8-00155,31,32,open,16,17,0,14,16,17.0,17.0
rtdetr_l,cate8-00155,31,32,half,16,17,7,14,16,17.0,17.0
rtdetr_l,cate8-00155,31,32,closed,16,17,14,14,16,17.0,17.0
rtdetr_l,cate8-00155,45,46,open,28,29,0,24,30,29.0,30.0
rtdetr_l,cate8-00155,45,46,half,28,29,12,24,29,29.0,29.0
rtdetr_l,cate8-00155,45,46,closed,28,29,24,24,29,29.0,29.0
rtdetr_l,cate8-00155,12,13,open,1,2,0,19,3,2.0,2.0
rtdetr_l,cate8-00155,12,13,half,1,2,10,19,3,2.0,2.0
rtdetr_l,cate8-00155,12,13,closed,1,2,19,19,2,2.0,2.0
rtdetr_l,cate8-00161,33,34,open,18,19,0,17,19,19.0,
rtdetr_l,cate8-00161,33,34,half,18,19,8,17,18,19.0,18.0
rtdetr_l,cate8-00161,33,34,closed,18,19,17,17,17,19.0,18.0
rtdetr_l,cate8-00161,31,32,open,16,17,0,12,17,17.0,17.0
rtdetr_l,cate8-00161,31,32,half,16,17,6,12,16,17.0,16.0
rtdetr_l,cate8-00161,31,32,closed,16,17,12,12,16,17.0,16.0
rtdetr_l,cate8-00161,42,43,open,25,26,0,12,26,,
rtdetr_l,cate8-00161,42,43,half,25,26,6,12,26,,26.0
rtdetr_l,cate8-00161,42,43,closed,25,26,12,12,25,,26.0
rtdetr_l,cate8-00173,13,14,open,2,3,0,16,3,3.0,3.0
rtdetr_l,cate8-00173,13,14,half,2,3,8,16,3,3.0,3.0
rtdetr_l,cate8-00173,13,14,closed,2,3,16,16,3,3.0,2.0
rtdetr_l,cate8-00173,35,36,open,20,21,0,17,22,21.0,21.0
rtdetr_l,cate8-00173,35,36,half,20,21,8,17,21,21.0,21.0
rtdetr_l,cate8-00173,35,36,closed,20,21,17,17,21,21.0,21.0
rtdetr_l,cate8-00173,27,28,open,14,15,0,28,15,15.0,15.0
rtdetr_l,cate8-00173,27,28,half,14,15,14,28,15,15.0,15.0
rtdetr_l,cate8-00173,27,28,closed,14,15,28,28,15,15.0,15.0
rtdetr_l,cate8-00195,15,16,open,4,5,0,17,5,5.0,
rtdetr_l,cate8-00195,15,16,half,4,5,8,17,5,5.0,6.0
rtdetr_l,cate8-00195,15,16,closed,4,5,17,17,5,5.0,5.0
rtdetr_l,cate8-00202,36,37,open,21,22,0,36,22,22.0,22.0
rtdetr_l,cate8-00202,36,37,half,21,22,18,36,22,22.0,22.0
rtdetr_l,cate8-00202,36,37,closed,21,22,36,36,21,22.0,22.0
rtdetr_l,cate8-00202,41,42,open,24,25,0,10,25,25.0,25.0
rtdetr_l,cate8-00202,41,42,half,24,25,5,10,25,25.0,25.0
rtdetr_l,cate8-00202,41,42,closed,24,25,10,10,24,25.0,25.0
rtdetr_l,cate8-00202,44,45,open,27,28,0,25,28,28.0,28.0
rtdetr_l,cate8-00202,44,45,half,27,28,12,25,28,28.0,28.0
rtdetr_l,cate8-00202,44,45,closed,27,28,25,25,27,28.0,28.0
rtdetr_l,cate8-00203,14,15,open,3,4,0,19,4,4.0,4.0
rtdetr_l,cate8-00203,14,15,half,3,4,10,19,4,4.0,4.0
rtdetr_l,cate8-00203,14,15,closed,3,4,19,19,4,4.0,3.0
rtdetr_l,cate8-00203,25,26,open,12,13,0,20,13,13.0,13.0
rtdetr_l,cate8-00203,25,26,half,12,13,10,20,13,13.0,13.0
rtdetr_l,cate8-00203,25,26,closed,12,13,20,20,13,13.0,13.0
rtdetr_l,cate8-00203,26,27,open,13,14,0,29,14,14.0,14.0
rtdetr_l,cate8-00203,26,27,half,13,14,14,29,14,14.0,14.0
rtdetr_l,cate8-00203,26,27,closed,13,14,29,29,13,14.0,13.0
rtdetr_l,cate8-00209,43,44,open,26,27,0,21,27,27.0,27.0
rtdetr_l,cate8-00209,43,44,half,26,27,10,21,26,27.0,27.0
rtdetr_l,cate8-00209,43,44,closed,26,27,21,21,26,27.0,27.0
rtdetr_l,cate8-00209,25,26,open,12,13,0,16,13,,13.0
rtdetr_l,cate8-00209,25,26,half,12,13,8,16,13,,
rtdetr_l,cate8-00209,25,26,closed,12,13,16,16,13,,
rtdetr_l,cate8-00209,26,27,open,13,14,0,26,14,14.0,14.0
rtdetr_l,cate8-00209,26,27,half,13,14,13,26,14,14.0,14.0
rtdetr_l,cate8-00209,26,27,closed,13,14,26,26,14,14.0,14.0
rtdetr_l,cate8-00231,44,45,open,27,28,0,22,28,28.0,28.0
rtdetr_l,cate8-00231,44,45,half,27,28,11,22,28,28.0,28.0
rtdetr_l,cate8-00231,44,45,closed,27,28,22,22,27,28.0,27.0
rtdetr_l,cate8-00231,12,13,open,1,2,0,15,2,2.0,2.0
rtdetr_l,cate8-00231,12,13,half,1,2,8,15,1,2.0,2.0
rtdetr_l,cate8-00231,12,13,closed,1,2,15,15,1,2.0,2.0
rtdetr_l,cate8-00231,34,35,open,19,20,0,21,20,20.0,20.0
rtdetr_l,cate8-00231,34,35,half,19,20,10,21,19,20.0,19.0
rtdetr_l,cate8-00231,34,35,closed,19,20,21,21,18,20.0,19.0
rtdetr_l,cate8-00251,16,17,open,5,6,0,25,5,6.0,6.0
rtdetr_l,cate8-00251,16,17,half,5,6,12,25,5,6.0,6.0
rtdetr_l,cate8-00251,16,17,closed,5,6,25,25,5,6.0,5.0
rtdetr_l,cate8-00251,26,27,open,13,14,0,26,14,14.0,14.0
rtdetr_l,cate8-00251,26,27,half,13,14,13,26,14,14.0,14.0
rtdetr_l,cate8-00251,26,27,closed,13,14,26,26,12,14.0,13.0
rtdetr_l,cate8-00251,21,22,open,8,9,0,16,9,9.0,9.0
rtdetr_l,cate8-00251,21,22,half,8,9,8,16,9,9.0,9.0
rtdetr_l,cate8-00251,21,22,closed,8,9,16,16,8,9.0,9.0
rtdetr_l,cate8-00263,34,35,open,19,20,0,16,19,20.0,20.0
rtdetr_l,cate8-00263,34,35,half,19,20,8,16,19,20.0,20.0
rtdetr_l,cate8-00263,34,35,closed,19,20,16,16,19,20.0,19.0
rtdetr_l,cate8-00263,44,45,open,27,28,0,10,27,28.0,28.0
rtdetr_l,cate8-00263,44,45,half,27,28,5,10,27,28.0,28.0
rtdetr_l,cate8-00263,44,45,closed,27,28,10,10,27,28.0,27.0
rtdetr_l,cate8-00263,41,42,open,24,25,0,12,25,25.0,25.0
rtdetr_l,cate8-00263,41,42,half,24,25,6,12,24,25.0,25.0
rtdetr_l,cate8-00263,41,42,closed,24,25,12,12,24,25.0,25.0
rtdetr_l,cate8-00269,32,33,open,17,18,0,23,18,18.0,18.0
rtdetr_l,cate8-00269,32,33,half,17,18,12,23,18,18.0,18.0
rtdetr_l,cate8-00269,32,33,closed,17,18,23,23,17,18.0,18.0
rtdetr_l,cate8-00269,27,28,open,14,15,0,20,15,15.0,15.0
rtdetr_l,cate8-00269,27,28,half,14,15,10,20,14,15.0,15.0
rtdetr_l,cate8-00269,27,28,closed,14,15,20,20,14,15.0,15.0
rtdetr_l,cate8-00269,11,12,open,0,1,0,19,1,1.0,1.0
rtdetr_l,cate8-00269,11,12,half,0,1,10,19,0,1.0,0.0
rtdetr_l,cate8-00269,11,12,closed,0,1,19,19,0,1.0,0.0
rtdetr_l,cate8-00275,31,32,open,16,17,0,21,16,17.0,17.0
rtdetr_l,cate8-00275,31,32,half,16,17,10,21,16,17.0,17.0
rtdetr_l,cate8-00275,31,32,closed,16,17,21,21,24,17.0,17.0
rtdetr_l,cate8-00275,25,26,open,12,13,0,14,12,14.0,14.0
rtdetr_l,cate8-00275,25,26,half,12,13,7,14,12,14.0,13.0
rtdetr_l,cate8-00275,25,26,closed,12,13,14,14,12,14.0,13.0
rtdetr_l,cate8-00275,15,16,open,4,5,0,15,6,5.0,5.0
rtdetr_l,cate8-00275,15,16,half,4,5,8,15,6,5.0,5.0
rtdetr_l,cate8-00275,15,16,closed,4,5,15,15,6,5.0,5.0
rtdetr_l,cate8-00303,42,43,open,25,26,0,20,26,26.0,26.0
rtdetr_l,cate8-00303,42,43,half,25,26,10,20,26,26.0,26.0
rtdetr_l,cate8-00303,42,43,closed,25,26,20,20,25,26.0,26.0
rtdetr_l,cate8-00303,34,35,open,19,20,0,24,20,20.0,20.0
rtdetr_l,cate8-00303,34,35,half,19,20,12,24,20,20.0,20.0
rtdetr_l,cate8-00303,34,35,closed,19,20,24,24,20,20.0,19.0
rtdetr_l,cate8-00303,32,33,open,17,18,0,19,19,18.0,18.0
rtdetr_l,cate8-00303,32,33,half,17,18,10,19,18,18.0,18.0
rtdetr_l,cate8-00303,32,33,closed,17,18,19,19,17,18.0,18.0
rtdetr_l,cate8-00311,32,33,open,17,18,0,20,19,18.0,18.0
rtdetr_l,cate8-00311,32,33,half,17,18,10,20,18,18.0,18.0
rtdetr_l,cate8-00311,32,33,closed,17,18,20,20,18,18.0,18.0
rtdetr_l,cate8-00311,46,47,open,29,30,0,45,31,30.0,30.0
rtdetr_l,cate8-00311,46,47,half,29,30,22,45,30,30.0,30.0
rtdetr_l,cate8-00311,46,47,closed,29,30,45,45,30,30.0,30.0
rtdetr_l,cate8-00311,22,23,open,9,10,0,21,10,10.0,10.0
rtdetr_l,cate8-00311,22,23,half,9,10,10,21,10,10.0,10.0
rtdetr_l,cate8-00311,22,23,closed,9,10,21,21,9,10.0,10.0
rtdetr_l,cate8-00365,31,32,open,16,17,0,12,17,17.0,17.0
rtdetr_l,cate8-00365,31,32,half,16,17,6,12,17,17.0,17.0
rtdetr_l,cate8-00365,31,32,closed,16,17,12,12,17,17.0,17.0
rtdetr_l,cate8-00365,12,13,open,1,2,0,19,2,2.0,2.0
rtdetr_l,cate8-00365,12,13,half,1,2,10,19,2,2.0,2.0
rtdetr_l,cate8-00365,12,13,closed,1,2,19,19,1,2.0,2.0
rtdetr_l,cate8-00365,27,28,open,14,15,0,20,15,15.0,15.0
rtdetr_l,cate8-00365,27,28,half,14,15,10,20,15,15.0,15.0
rtdetr_l,cate8-00365,27,28,closed,14,15,20,20,15,15.0,15.0
rtdetr_l,cate8-00368,12,13,open,1,2,0,15,1,2.0,2.0
rtdetr_l,cate8-00368,12,13,half,1,2,8,15,1,2.0,2.0
rtdetr_l,cate8-00368,12,13,closed,1,2,15,15,1,2.0,2.0
rtdetr_l,cate8-00368,21,22,open,8,9,0,20,9,9.0,9.0
rtdetr_l,cate8-00368,21,22,half,8,9,10,20,8,9.0,9.0
rtdetr_l,cate8-00368,21,22,closed,8,9,20,20,8,9.0,8.0
rtdetr_l,cate8-00368,32,33,open,17,18,0,13,18,18.0,18.0
rtdetr_l,cate8-00368,32,33,half,17,18,6,13,18,18.0,18.0
rtdetr_l,cate8-00368,32,33,closed,17,18,13,13,17,18.0,17.0
rtdetr_l,cate8-00389,21,22,open,8,9,0,25,9,9.0,9.0
rtdetr_l,cate8-00389,21,22,half,8,9,12,25,9,9.0,9.0
rtdetr_l,cate8-00389,21,22,closed,8,9,25,25,8,9.0,8.0
rtdetr_l,cate8-00389,11,12,open,0,1,0,25,1,,2.0
rtdetr_l,cate8-00389,11,12,half,0,1,12,25,0,,
rtdetr_l,cate8-00389,11,12,closed,0,1,25,25,8,,0.0
rtdetr_l,cate8-00389,32,33,open,17,18,0,13,18,18.0,18.0
rtdetr_l,cate8-00389,32,33,half,17,18,6,13,18,18.0,18.0
rtdetr_l,cate8-00389,32,33,closed,17,18,13,13,17,18.0,17.0
rtdetr_l,cate8-00395,26,27,open,13,14,0,26,13,14.0,14.0
rtdetr_l,cate8-00395,26,27,half,13,14,13,26,13,14.0,14.0
rtdetr_l,cate8-00395,26,27,closed,13,14,26,26,13,14.0,14.0
rtdetr_l,cate8-00395,42,43,open,25,26,0,15,26,26.0,26.0
rtdetr_l,cate8-00395,42,43,half,25,26,8,15,25,26.0,26.0
rtdetr_l,cate8-00395,42,43,closed,25,26,15,15,25,26.0,26.0
rtdetr_l,cate8-00395,16,17,open,5,6,0,28,5,6.0,6.0
rtdetr_l,cate8-00395,16,17,half,5,6,14,28,5,6.0,6.0
rtdetr_l,cate8-00395,16,17,closed,5,6,28,28,5,6.0,6.0
rtdetr_l,cate8-00397,42,43,open,25,26,0,19,26,26.0,26.0
rtdetr_l,cate8-00397,42,43,half,25,26,10,19,26,26.0,26.0
rtdetr_l,cate8-00397,42,43,closed,25,26,19,19,26,26.0,26.0
rtdetr_l,cate8-00397,32,33,open,17,18,0,18,18,18.0,18.0
rtdetr_l,cate8-00397,32,33,half,17,18,9,18,18,18.0,18.0
rtdetr_l,cate8-00397,32,33,closed,17,18,18,18,18,18.0,18.0
rtdetr_l,cate8-00397,15,16,open,4,5,0,12,5,5.0,5.0
rtdetr_l,cate8-00397,15,16,half,4,5,6,12,5,5.0,5.0
rtdetr_l,cate8-00397,15,16,closed,4,5,12,12,5,5.0,5.0
rtdetr_l,cate8-00413,17,18,open,6,7,0,26,7,7.0,7.0
rtdetr_l,cate8-00413,17,18,half,6,7,13,26,7,7.0,7.0
rtdetr_l,cate8-00413,17,18,closed,6,7,26,26,7,7.0,7.0
rtdetr_l,cate8-00413,15,16,open,4,5,0,20,4,5.0,5.0
rtdetr_l,cate8-00413,15,16,half,4,5,10,20,4,5.0,5.0
rtdetr_l,cate8-00413,15,16,closed,4,5,20,20,4,5.0,5.0
rtdetr_l,cate8-00413,13,14,open,2,3,0,19,3,3.0,2.0
rtdetr_l,cate8-00413,13,14,half,2,3,10,19,3,3.0,2.0
rtdetr_l,cate8-00413,13,14,closed,2,3,19,19,1,3.0,2.0
rtdetr_l,cate8-00426,11,12,open,0,1,0,22,1,1.0,1.0
rtdetr_l,cate8-00426,11,12,half,0,1,11,22,1,1.0,0.0
rtdetr_l,cate8-00426,11,12,closed,0,1,22,22,0,1.0,0.0
rtdetr_l,cate8-00426,22,23,open,9,10,0,15,9,11.0,11.0
rtdetr_l,cate8-00426,22,23,half,9,10,8,15,9,11.0,10.0
rtdetr_l,cate8-00426,22,23,closed,9,10,15,15,9,11.0,9.0
rtdetr_l,cate8-00426,15,16,open,4,5,0,19,4,5.0,5.0
rtdetr_l,cate8-00426,15,16,half,4,5,10,19,3,5.0,5.0
rtdetr_l,cate8-00426,15,16,closed,4,5,19,19,3,5.0,5.0
rtdetr_l,cate8-00455,14,15,open,3,4,0,17,4,4.0,4.0
rtdetr_l,cate8-00455,14,15,half,3,4,8,17,4,4.0,3.0
rtdetr_l,cate8-00455,14,15,closed,3,4,17,17,3,4.0,3.0
rtdetr_l,cate8-00455,12,13,open,1,2,0,15,2,2.0,2.0
rtdetr_l,cate8-00455,12,13,half,1,2,8,15,2,2.0,2.0
rtdetr_l,cate8-00455,12,13,closed,1,2,15,15,1,2.0,2.0
rtdetr_l,cate8-00455,45,46,open,28,29,0,16,29,29.0,29.0
rtdetr_l,cate8-00455,45,46,half,28,29,8,16,29,29.0,29.0
rtdetr_l,cate8-00455,45,46,closed,28,29,16,16,29,29.0,29.0
rtdetr_l,cate9-00004,15,16,open,4,5,0,12,5,5.0,5.0
rtdetr_l,cate9-00004,15,16,half,4,5,6,12,5,5.0,5.0
rtdetr_l,cate9-00004,15,16,closed,4,5,12,12,5,5.0,5.0
rtdetr_l,cate9-00004,42,43,open,25,26,0,15,27,26.0,26.0
rtdetr_l,cate9-00004,42,43,half,25,26,8,15,26,26.0,26.0
rtdetr_l,cate9-00004,42,43,closed,25,26,15,15,26,26.0,26.0
rtdetr_l,cate9-00004,33,34,open,18,19,0,16,19,19.0,19.0
rtdetr_l,cate9-00004,33,34,half,18,19,8,16,18,19.0,19.0
rtdetr_l,cate9-00004,33,34,closed,18,19,16,16,17,19.0,18.0
rtdetr_l,cate9-00034,46,47,open,29,30,0,36,30,30.0,30.0
rtdetr_l,cate9-00034,46,47,half,29,30,18,36,29,30.0,30.0
rtdetr_l,cate9-00034,46,47,closed,29,30,36,36,29,30.0,30.0
rtdetr_l,cate9-00034,11,12,open,0,1,0,17,1,1.0,1.0
rtdetr_l,cate9-00034,11,12,half,0,1,8,17,0,1.0,1.0
rtdetr_l,cate9-00034,11,12,closed,0,1,17,17,0,1.0,0.0
rtdetr_l,cate9-00034,27,28,open,14,15,0,38,15,15.0,15.0
rtdetr_l,cate9-00034,27,28,half,14,15,19,38,12,15.0,15.0
rtdetr_l,cate9-00034,27,28,closed,14,15,38,38,12,15.0,15.0
rtdetr_l,cate1-00002,34,35,open,19,20,0,23,20,20.0,20.0
rtdetr_l,cate1-00002,34,35,half,19,20,12,23,19,20.0,20.0
rtdetr_l,cate1-00002,34,35,closed,19,20,23,23,19,20.0,19.0
rtdetr_l,cate1-00002,31,32,open,16,17,0,12,17,17.0,17.0
rtdetr_l,cate1-00002,31,32,half,16,17,6,12,17,17.0,17.0
rtdetr_l,cate1-00002,31,32,closed,16,17,12,12,17,17.0,17.0
rtdetr_l,cate1-00002,42,43,open,25,26,0,17,26,26.0,26.0
rtdetr_l,cate1-00002,42,43,half,25,26,8,17,26,26.0,26.0
rtdetr_l,cate1-00002,42,43,closed,25,26,17,17,26,26.0,26.0
rtdetr_l,cate1-00005,11,12,open,0,1,0,21,1,1.0,1.0
rtdetr_l,cate1-00005,11,12,half,0,1,10,21,0,1.0,1.0
rtdetr_l,cate1-00005,11,12,closed,0,1,21,21,0,1.0,1.0
rtdetr_l,cate1-00005,13,14,open,2,3,0,17,3,3.0,3.0
rtdetr_l,cate1-00005,13,14,half,2,3,8,17,3,3.0,3.0
rtdetr_l,cate1-00005,13,14,closed,2,3,17,17,2,3.0,2.0
rtdetr_l,cate1-00005,12,13,open,1,2,0,18,2,2.0,2.0
rtdetr_l,cate1-00005,12,13,half,1,2,9,18,1,2.0,2.0
rtdetr_l,cate1-00005,12,13,closed,1,2,18,18,1,2.0,2.0
rtdetr_l,cate1-00020,15,16,open,4,5,0,12,5,5.0,5.0
rtdetr_l,cate1-00020,15,16,half,4,5,6,12,5,5.0,5.0
rtdetr_l,cate1-00020,15,16,closed,4,5,12,12,5,5.0,5.0
rtdetr_l,cate1-00020,42,43,open,25,26,0,13,26,26.0,26.0
rtdetr_l,cate1-00020,42,43,half,25,26,6,13,25,26.0,26.0
rtdetr_l,cate1-00020,42,43,closed,25,26,13,13,25,26.0,26.0
rtdetr_l,cate1-00020,13,14,open,2,3,0,20,3,3.0,2.0
rtdetr_l,cate1-00020,13,14,half,2,3,10,20,3,3.0,3.0
rtdetr_l,cate1-00020,13,14,closed,2,3,20,20,1,3.0,2.0
rtdetr_l,cate1-00023,22,23,open,9,10,0,16,10,10.0,10.0
rtdetr_l,cate1-00023,22,23,half,9,10,8,16,10,10.0,10.0
rtdetr_l,cate1-00023,22,23,closed,9,10,16,16,9,10.0,10.0
rtdetr_l,cate1-00023,31,32,open,16,17,0,14,17,17.0,17.0
rtdetr_l,cate1-00023,31,32,half,16,17,7,14,17,17.0,17.0
rtdetr_l,cate1-00023,31,32,closed,16,17,14,14,17,17.0,16.0
rtdetr_l,cate1-00023,13,14,open,2,3,0,16,3,,
rtdetr_l,cate1-00023,13,14,half,2,3,8,16,3,,
rtdetr_l,cate1-00023,13,14,closed,2,3,16,16,1,,
rtdetr_l,cate1-00065,13,14,open,2,3,0,20,3,3.0,3.0
rtdetr_l,cate1-00065,13,14,half,2,3,10,20,2,3.0,3.0
rtdetr_l,cate1-00065,13,14,closed,2,3,20,20,2,3.0,2.0
rtdetr_l,cate1-00065,42,43,open,25,26,0,17,26,26.0,26.0
rtdetr_l,cate1-00065,42,43,half,25,26,8,17,26,26.0,26.0
rtdetr_l,cate1-00065,42,43,closed,25,26,17,17,25,26.0,26.0
rtdetr_l,cate1-00065,12,13,open,1,2,0,14,2,2.0,2.0
rtdetr_l,cate1-00065,12,13,half,1,2,7,14,1,2.0,2.0
rtdetr_l,cate1-00065,12,13,closed,1,2,14,14,1,2.0,2.0
rtdetr_l,cate10-00030,31,32,open,16,17,0,14,17,17.0,17.0
rtdetr_l,cate10-00030,31,32,half,16,17,7,14,16,17.0,17.0
rtdetr_l,cate10-00030,31,32,closed,16,17,14,14,16,17.0,17.0
rtdetr_l,cate10-00030,32,33,open,17,18,0,14,18,18.0,18.0
rtdetr_l,cate10-00030,32,33,half,17,18,7,14,17,18.0,18.0
rtdetr_l,cate10-00030,32,33,closed,17,18,14,14,17,18.0,18.0
rtdetr_l,cate10-00030,41,42,open,24,25,0,9,25,25.0,25.0
rtdetr_l,cate10-00030,41,42,half,24,25,4,9,25,25.0,25.0
rtdetr_l,cate10-00030,41,42,closed,24,25,9,9,25,25.0,24.0
rtdetr_l,cate10-00049,31,32,open,16,17,0,13,17,17.0,17.0
rtdetr_l,cate10-00049,31,32,half,16,17,6,13,16,17.0,17.0
rtdetr_l,cate10-00049,31,32,closed,16,17,13,13,16,17.0,16.0
rtdetr_l,cate10-00049,44,45,open,27,28,0,17,28,28.0,28.0
rtdetr_l,cate10-00049,44,45,half,27,28,8,17,27,28.0,28.0
rtdetr_l,cate10-00049,44,45,closed,27,28,17,17,27,28.0,27.0
rtdetr_l,cate10-00049,42,43,open,25,26,0,13,26,26.0,26.0
rtdetr_l,cate10-00049,42,43,half,25,26,6,13,26,26.0,26.0
rtdetr_l,cate10-00049,42,43,closed,25,26,13,13,25,26.0,26.0
rtdetr_l,cate10-00060,13,14,open,2,3,0,17,3,3.0,3.0
rtdetr_l,cate10-00060,13,14,half,2,3,8,17,3,3.0,3.0
rtdetr_l,cate10-00060,13,14,closed,2,3,17,17,3,3.0,3.0
rtdetr_l,cate10-00060,34,35,open,19,20,0,29,21,20.0,20.0
rtdetr_l,cate10-00060,34,35,half,19,20,14,29,20,20.0,20.0
rtdetr_l,cate10-00060,34,35,closed,19,20,29,29,20,20.0,20.0
rtdetr_l,cate10-00060,43,44,open,26,27,0,26,27,27.0,27.0
rtdetr_l,cate10-00060,43,44,half,26,27,13,26,27,27.0,27.0
rtdetr_l,cate10-00060,43,44,closed,26,27,26,26,26,27.0,26.0
rtdetr_l,cate10-00063,35,36,open,20,21,0,19,21,21.0,21.0
rtdetr_l,cate10-00063,35,36,half,20,21,10,19,21,21.0,21.0
rtdetr_l,cate10-00063,35,36,closed,20,21,19,19,20,21.0,21.0
rtdetr_l,cate10-00063,25,26,open,12,13,0,19,13,13.0,13.0
rtdetr_l,cate10-00063,25,26,half,12,13,10,19,13,13.0,13.0
rtdetr_l,cate10-00063,25,26,closed,12,13,19,19,13,13.0,13.0
rtdetr_l,cate10-00063,32,33,open,17,18,0,17,18,18.0,18.0
rtdetr_l,cate10-00063,32,33,half,17,18,8,17,18,18.0,18.0
rtdetr_l,cate10-00063,32,33,closed,17,18,17,17,16,18.0,17.0
rtdetr_l,cate10-00066,34,35,open,19,20,0,11,18,19.0,
rtdetr_l,cate10-00066,34,35,half,19,20,6,11,18,19.0,19.0
rtdetr_l,cate10-00066,34,35,closed,19,20,11,11,18,19.0,19.0
rtdetr_l,cate10-00066,33,34,open,18,19,0,16,18,18.0,18.0
rtdetr_l,cate10-00066,33,34,half,18,19,8,16,18,18.0,17.0
rtdetr_l,cate10-00066,33,34,closed,18,19,16,16,16,18.0,17.0
rtdetr_l,cate10-00066,32,33,open,17,18,0,11,16,16.0,
rtdetr_l,cate10-00066,32,33,half,17,18,6,11,16,16.0,16.0
rtdetr_l,cate10-00066,32,33,closed,17,18,11,11,16,16.0,16.0
rtdetr_l,cate10-00070,36,37,open,21,22,0,27,21,21.0,21.0
rtdetr_l,cate10-00070,36,37,half,21,22,14,27,21,21.0,21.0
rtdetr_l,cate10-00070,36,37,closed,21,22,27,27,21,21.0,21.0
rtdetr_l,cate10-00070,37,38,open,22,23,0,35,22,22.0,22.0
rtdetr_l,cate10-00070,37,38,half,22,23,18,35,22,22.0,22.0
rtdetr_l,cate10-00070,37,38,closed,22,23,35,35,21,22.0,22.0
rtdetr_l,cate10-00070,13,14,open,2,3,0,13,3,2.0,2.0
rtdetr_l,cate10-00070,13,14,half,2,3,6,13,3,2.0,2.0
rtdetr_l,cate10-00070,13,14,closed,2,3,13,13,2,2.0,2.0
rtdetr_l,cate10-00108,16,17,open,5,6,0,30,6,6.0,6.0
rtdetr_l,cate10-00108,16,17,half,5,6,15,30,6,6.0,6.0
rtdetr_l,cate10-00108,16,17,closed,5,6,30,30,6,6.0,5.0
rtdetr_l,cate10-00108,44,45,open,27,28,0,18,28,28.0,28.0
rtdetr_l,cate10-00108,44,45,half,27,28,9,18,28,28.0,28.0
rtdetr_l,cate10-00108,44,45,closed,27,28,18,18,27,28.0,27.0
rtdetr_l,cate10-00108,23,24,open,10,11,0,17,12,11.0,11.0
rtdetr_l,cate10-00108,23,24,half,10,11,8,17,12,11.0,11.0
rtdetr_l,cate10-00108,23,24,closed,10,11,17,17,11,11.0,11.0
rtdetr_l,cate2-00002,46,47,open,29,30,0,30,30,30.0,30.0
rtdetr_l,cate2-00002,46,47,half,29,30,15,30,30,30.0,30.0
rtdetr_l,cate2-00002,46,47,closed,29,30,30,30,29,30.0,29.0
rtdetr_l,cate2-00002,42,43,open,25,26,0,17,26,26.0,26.0
rtdetr_l,cate2-00002,42,43,half,25,26,8,17,26,26.0,26.0
rtdetr_l,cate2-00002,42,43,closed,25,26,17,17,26,26.0,26.0
rtdetr_l,cate2-00002,11,12,open,0,1,0,21,1,1.0,
rtdetr_l,cate2-00002,11,12,half,0,1,10,21,0,1.0,0.0
rtdetr_l,cate2-00002,11,12,closed,0,1,21,21,0,1.0,0.0
rtdetr_l,cate2-00009,24,25,open,11,12,0,13,12,12.0,11.0
rtdetr_l,cate2-00009,24,25,half,11,12,6,13,11,12.0,12.0
rtdetr_l,cate2-00009,24,25,closed,11,12,13,13,11,12.0,11.0
rtdetr_l,cate2-00009,12,13,open,1,2,0,17,1,2.0,2.0
rtdetr_l,cate2-00009,12,13,half,1,2,8,17,1,2.0,2.0
rtdetr_l,cate2-00009,12,13,closed,1,2,17,17,1,2.0,1.0
rtdetr_l,cate2-00009,26,27,open,13,14,0,25,15,14.0,14.0
rtdetr_l,cate2-00009,26,27,half,13,14,12,25,13,14.0,14.0
rtdetr_l,cate2-00009,26,27,closed,13,14,25,25,13,14.0,13.0
rtdetr_l,cate2-00018,14,15,open,3,4,0,11,3,4.0,3.0
rtdetr_l,cate2-00018,14,15,half,3,4,6,11,3,4.0,4.0
rtdetr_l,cate2-00018,14,15,closed,3,4,11,11,3,4.0,3.0
rtdetr_l,cate2-00018,26,27,open,13,14,0,24,14,14.0,14.0
rtdetr_l,cate2-00018,26,27,half,13,14,12,24,13,14.0,14.0
rtdetr_l,cate2-00018,26,27,closed,13,14,24,24,13,14.0,13.0
rtdetr_l,cate2-00018,13,14,open,2,3,0,16,3,,3.0
rtdetr_l,cate2-00018,13,14,half,2,3,8,16,2,,3.0
rtdetr_l,cate2-00018,13,14,closed,2,3,16,16,2,,3.0
rtdetr_l,cate2-00021,32,33,open,17,18,0,12,17,18.0,18.0
rtdetr_l,cate2-00021,32,33,half,17,18,6,12,17,18.0,18.0
rtdetr_l,cate2-00021,32,33,closed,17,18,12,12,17,18.0,18.0
rtdetr_l,cate2-00021,37,38,open,22,23,0,32,23,23.0,23.0
rtdetr_l,cate2-00021,37,38,half,22,23,16,32,23,23.0,23.0
rtdetr_l,cate2-00021,37,38,closed,22,23,32,32,23,23.0,22.0
rtdetr_l,cate2-00021,16,17,open,5,6,0,30,6,6.0,6.0
rtdetr_l,cate2-00021,16,17,half,5,6,15,30,6,6.0,6.0
rtdetr_l,cate2-00021,16,17,closed,5,6,30,30,5,6.0,6.0
rtdetr_l,cate2-00022,22,23,open,9,10,0,15,10,10.0,10.0
rtdetr_l,cate2-00022,22,23,half,9,10,8,15,10,10.0,10.0
rtdetr_l,cate2-00022,22,23,closed,9,10,15,15,10,10.0,10.0
rtdetr_l,cate2-00022,31,32,open,16,17,0,16,18,17.0,17.0
rtdetr_l,cate2-00022,31,32,half,16,17,8,16,17,17.0,17.0
rtdetr_l,cate2-00022,31,32,closed,16,17,16,16,17,17.0,17.0
rtdetr_l,cate2-00022,36,37,open,21,22,0,34,22,22.0,22.0
rtdetr_l,cate2-00022,36,37,half,21,22,17,34,22,22.0,22.0
rtdetr_l,cate2-00022,36,37,closed,21,22,34,34,21,22.0,22.0
rtdetr_l,cate2-00031,13,14,open,2,3,0,15,3,3.0,3.0
rtdetr_l,cate2-00031,13,14,half,2,3,8,15,3,3.0,3.0
rtdetr_l,cate2-00031,13,14,closed,2,3,15,15,3,3.0,2.0
rtdetr_l,cate2-00031,22,23,open,9,10,0,20,11,10.0,10.0
rtdetr_l,cate2-00031,22,23,half,9,10,10,20,9,10.0,10.0
rtdetr_l,cate2-00031,22,23,closed,9,10,20,20,8,10.0,10.0
rtdetr_l,cate2-00031,25,26,open,12,13,0,16,13,13.0,13.0
rtdetr_l,cate2-00031,25,26,half,12,13,8,16,13,13.0,13.0
rtdetr_l,cate2-00031,25,26,closed,12,13,16,16,13,13.0,13.0
rtdetr_l,cate2-00038,27,28,open,14,15,0,14,15,15.0,15.0
rtdetr_l,cate2-00038,27,28,half,14,15,7,14,15,15.0,15.0
rtdetr_l,cate2-00038,27,28,closed,14,15,14,14,15,15.0,15.0
rtdetr_l,cate2-00038,36,37,open,21,22,0,34,22,22.0,22.0
rtdetr_l,cate2-00038,36,37,half,21,22,17,34,21,22.0,22.0
rtdetr_l,cate2-00038,36,37,closed,21,22,34,34,21,22.0,21.0
rtdetr_l,cate2-00038,47,48,open,30,31,0,33,31,31.0,31.0
rtdetr_l,cate2-00038,47,48,half,30,31,16,33,31,31.0,31.0
rtdetr_l,cate2-00038,47,48,closed,30,31,33,33,30,31.0,31.0
rtdetr_l,cate2-00040,36,37,open,21,22,0,35,22,22.0,22.0
rtdetr_l,cate2-00040,36,37,half,21,22,18,35,22,22.0,22.0
rtdetr_l,cate2-00040,36,37,closed,21,22,35,35,21,22.0,21.0
rtdetr_l,cate2-00040,46,47,open,29,30,0,29,30,30.0,30.0
rtdetr_l,cate2-00040,46,47,half,29,30,14,29,30,30.0,30.0
rtdetr_l,cate2-00040,46,47,closed,29,30,29,29,29,30.0,29.0
rtdetr_l,cate2-00040,41,42,open,24,25,0,13,25,25.0,25.0
rtdetr_l,cate2-00040,41,42,half,24,25,6,13,25,25.0,24.0
rtdetr_l,cate2-00040,41,42,closed,24,25,13,13,24,25.0,24.0
rtdetr_l,cate2-00107,25,26,open,12,13,0,19,13,13.0,13.0
rtdetr_l,cate2-00107,25,26,half,12,13,10,19,13,13.0,13.0
rtdetr_l,cate2-00107,25,26,closed,12,13,19,19,13,13.0,13.0
rtdetr_l,cate2-00107,11,12,open,0,1,0,17,1,1.0,1.0
rtdetr_l,cate2-00107,11,12,half,0,1,8,17,0,1.0,1.0
rtdetr_l,cate2-00107,11,12,closed,0,1,17,17,0,1.0,0.0
rtdetr_l,cate2-00107,26,27,open,13,14,0,30,14,14.0,14.0
rtdetr_l,cate2-00107,26,27,half,13,14,15,30,14,14.0,14.0
rtdetr_l,cate2-00107,26,27,closed,13,14,30,30,14,14.0,13.0
rtdetr_l,cate2-00111,23,24,open,10,11,0,18,11,11.0,11.0
rtdetr_l,cate2-00111,23,24,half,10,11,9,18,11,11.0,11.0
rtdetr_l,cate2-00111,23,24,closed,10,11,18,18,11,11.0,11.0
rtdetr_l,cate2-00111,25,26,open,12,13,0,18,13,13.0,13.0
rtdetr_l,cate2-00111,25,26,half,12,13,9,18,13,13.0,13.0
rtdetr_l,cate2-00111,25,26,closed,12,13,18,18,13,13.0,13.0
rtdetr_l,cate2-00111,35,36,open,20,21,0,23,22,21.0,21.0
rtdetr_l,cate2-00111,35,36,half,20,21,12,23,21,21.0,21.0
rtdetr_l,cate2-00111,35,36,closed,20,21,23,23,21,21.0,21.0
rtdetr_l,cate2-00118,16,17,open,5,6,0,32,6,6.0,6.0
rtdetr_l,cate2-00118,16,17,half,5,6,16,32,5,6.0,6.0
rtdetr_l,cate2-00118,16,17,closed,5,6,32,32,5,6.0,5.0
rtdetr_l,cate2-00118,27,28,open,14,15,0,30,15,15.0,15.0
rtdetr_l,cate2-00118,27,28,half,14,15,15,30,15,15.0,15.0
rtdetr_l,cate2-00118,27,28,closed,14,15,30,30,15,15.0,15.0
rtdetr_l,cate2-00118,44,45,open,27,28,0,18,28,28.0,28.0
rtdetr_l,cate2-00118,44,45,half,27,28,9,18,27,28.0,28.0
rtdetr_l,cate2-00118,44,45,closed,27,28,18,18,27,28.0,28.0
rtdetr_l,cate2-00120,21,22,open,8,9,0,24,9,9.0,9.0
rtdetr_l,cate2-00120,21,22,half,8,9,12,24,9,9.0,9.0
rtdetr_l,cate2-00120,21,22,closed,8,9,24,24,8,9.0,9.0
rtdetr_l,cate2-00120,33,34,open,18,19,0,13,19,19.0,19.0
rtdetr_l,cate2-00120,33,34,half,18,19,6,13,19,19.0,19.0
rtdetr_l,cate2-00120,33,34,closed,18,19,13,13,19,19.0,19.0
rtdetr_l,cate2-00120,37,38,open,22,23,0,32,23,23.0,23.0
rtdetr_l,cate2-00120,37,38,half,22,23,16,32,23,23.0,23.0
rtdetr_l,cate2-00120,37,38,closed,22,23,32,32,23,23.0,23.0
rtdetr_l,cate2-00128,26,27,open,13,14,0,31,14,14.0,14.0
rtdetr_l,cate2-00128,26,27,half,13,14,16,31,14,14.0,14.0
rtdetr_l,cate2-00128,26,27,closed,13,14,31,31,14,14.0,13.0
rtdetr_l,cate2-00128,12,13,open,1,2,0,16,2,2.0,2.0
rtdetr_l,cate2-00128,12,13,half,1,2,8,16,2,2.0,2.0
rtdetr_l,cate2-00128,12,13,closed,1,2,16,16,1,2.0,2.0
rtdetr_l,cate2-00128,14,15,open,3,4,0,15,4,4.0,4.0
rtdetr_l,cate2-00128,14,15,half,3,4,8,15,3,4.0,4.0
rtdetr_l,cate2-00128,14,15,closed,3,4,15,15,3,4.0,3.0
rtdetr_l,cate2-00135,14,15,open,3,4,0,13,3,4.0,4.0
rtdetr_l,cate2-00135,14,15,half,3,4,6,13,3,4.0,4.0
rtdetr_l,cate2-00135,14,15,closed,3,4,13,13,3,4.0,3.0
rtdetr_l,cate2-00135,37,38,open,22,23,0,26,23,23.0,23.0
rtdetr_l,cate2-00135,37,38,half,22,23,13,26,23,23.0,23.0
rtdetr_l,cate2-00135,37,38,closed,22,23,26,26,23,23.0,22.0
rtdetr_l,cate2-00135,32,33,open,17,18,0,15,18,18.0,18.0
rtdetr_l,cate2-00135,32,33,half,17,18,8,15,18,18.0,18.0
rtdetr_l,cate2-00135,32,33,closed,17,18,15,15,17,18.0,18.0
rtdetr_l,cate3-00014,44,45,open,27,28,0,17,28,28.0,28.0
rtdetr_l,cate3-00014,44,45,half,27,28,8,17,27,28.0,28.0
rtdetr_l,cate3-00014,44,45,closed,27,28,17,17,26,28.0,27.0
rtdetr_l,cate3-00014,34,35,open,19,20,0,19,20,20.0,20.0
rtdetr_l,cate3-00014,34,35,half,19,20,10,19,19,20.0,20.0
rtdetr_l,cate3-00014,34,35,closed,19,20,19,19,18,20.0,20.0
rtdetr_l,cate3-00014,15,16,open,4,5,0,15,5,5.0,5.0
rtdetr_l,cate3-00014,15,16,half,4,5,8,15,5,5.0,5.0
rtdetr_l,cate3-00014,15,16,closed,4,5,15,15,3,5.0,5.0
rtdetr_l,cate3-00019,24,25,open,11,12,0,18,11,12.0,12.0
rtdetr_l,cate3-00019,24,25,half,11,12,9,18,11,12.0,11.0
rtdetr_l,cate3-00019,24,25,closed,11,12,18,18,11,12.0,11.0
rtdetr_l,cate3-00019,46,47,open,29,30,0,29,30,30.0,30.0
rtdetr_l,cate3-00019,46,47,half,29,30,14,29,29,30.0,30.0
rtdetr_l,cate3-00019,46,47,closed,29,30,29,29,29,30.0,30.0
rtdetr_l,cate3-00019,36,37,open,21,22,0,26,22,22.0,22.0
rtdetr_l,cate3-00019,36,37,half,21,22,13,26,22,22.0,22.0
rtdetr_l,cate3-00019,36,37,closed,21,22,26,26,21,22.0,22.0
rtdetr_l,cate3-00023,37,38,open,22,23,0,25,23,23.0,23.0
rtdetr_l,cate3-00023,37,38,half,22,23,12,25,23,23.0,23.0
rtdetr_l,cate3-00023,37,38,closed,22,23,25,25,23,23.0,23.0
rtdetr_l,cate3-00023,47,48,open,30,31,0,34,31,31.0,31.0
rtdetr_l,cate3-00023,47,48,half,30,31,17,34,31,31.0,31.0
rtdetr_l,cate3-00023,47,48,closed,30,31,34,34,7,31.0,
rtdetr_l,cate3-00023,45,46,open,28,29,0,18,29,29.0,29.0
rtdetr_l,cate3-00023,45,46,half,28,29,9,18,29,29.0,29.0
rtdetr_l,cate3-00023,45,46,closed,28,29,18,18,28,29.0,29.0
rtdetr_l,cate4-00073,11,12,open,0,1,0,20,1,1.0,1.0
rtdetr_l,cate4-00073,11,12,half,0,1,10,20,1,1.0,0.0
rtdetr_l,cate4-00073,11,12,closed,0,1,20,20,0,1.0,0.0
rtdetr_l,cate4-00073,34,35,open,19,20,0,16,20,20.0,20.0
rtdetr_l,cate4-00073,34,35,half,19,20,8,16,19,20.0,20.0
rtdetr_l,cate4-00073,34,35,closed,19,20,16,16,19,20.0,19.0
rtdetr_l,cate4-00073,12,13,open,1,2,0,17,2,2.0,2.0
rtdetr_l,cate4-00073,12,13,half,1,2,8,17,2,2.0,2.0
rtdetr_l,cate4-00073,12,13,closed,1,2,17,17,1,2.0,2.0
rtdetr_l,cate4-00082,14,15,open,3,4,0,4,2,3.0,3.0
rtdetr_l,cate4-00082,14,15,half,3,4,2,4,2,3.0,3.0
rtdetr_l,cate4-00082,14,15,closed,3,4,4,4,2,3.0,3.0
rtdetr_l,cate4-00082,37,38,open,22,23,0,28,23,23.0,23.0
rtdetr_l,cate4-00082,37,38,half,22,23,14,28,23,23.0,23.0
rtdetr_l,cate4-00082,37,38,closed,22,23,28,28,23,23.0,23.0
rtdetr_l,cate4-00082,33,34,open,18,19,0,14,19,19.0,19.0
rtdetr_l,cate4-00082,33,34,half,18,19,7,14,19,19.0,19.0
rtdetr_l,cate4-00082,33,34,closed,18,19,14,14,18,19.0,19.0
rtdetr_l,cate4-00101,15,16,open,4,5,0,19,5,5.0,5.0
rtdetr_l,cate4-00101,15,16,half,4,5,10,19,5,5.0,5.0
rtdetr_l,cate4-00101,15,16,closed,4,5,19,19,5,5.0,5.0
rtdetr_l,cate4-00101,13,14,open,2,3,0,16,3,3.0,2.0
rtdetr_l,cate4-00101,13,14,half,2,3,8,16,3,3.0,3.0
rtdetr_l,cate4-00101,13,14,closed,2,3,16,16,2,3.0,2.0
rtdetr_l,cate4-00101,45,46,open,28,29,0,19,29,29.0,29.0
rtdetr_l,cate4-00101,45,46,half,28,29,10,19,29,29.0,29.0
rtdetr_l,cate4-00101,45,46,closed,28,29,19,19,29,29.0,29.0
rtdetr_l,cate4-00106,43,44,open,26,27,0,16,27,27.0,27.0
rtdetr_l,cate4-00106,43,44,half,26,27,8,16,27,27.0,27.0
rtdetr_l,cate4-00106,43,44,closed,26,27,16,16,27,27.0,27.0
rtdetr_l,cate4-00106,26,27,open,13,14,0,27,14,14.0,14.0
rtdetr_l,cate4-00106,26,27,half,13,14,14,27,14,14.0,14.0
rtdetr_l,cate4-00106,26,27,closed,13,14,27,27,13,14.0,14.0
rtdetr_l,cate4-00106,45,46,open,28,29,0,13,29,29.0,29.0
rtdetr_l,cate4-00106,45,46,half,28,29,6,13,29,29.0,29.0
rtdetr_l,cate4-00106,45,46,closed,28,29,13,13,29,29.0,29.0
rtdetr_l,cate4-00114,33,34,open,18,19,0,18,19,19.0,19.0
rtdetr_l,cate4-00114,33,34,half,18,19,9,18,19,19.0,19.0
rtdetr_l,cate4-00114,33,34,closed,18,19,18,18,19,19.0,19.0
rtdetr_l,cate4-00114,25,26,open,12,13,0,17,13,13.0,13.0
rtdetr_l,cate4-00114,25,26,half,12,13,8,17,13,13.0,13.0
rtdetr_l,cate4-00114,25,26,closed,12,13,17,17,13,13.0,13.0
rtdetr_l,cate4-00114,15,16,open,4,5,0,19,5,5.0,5.0
rtdetr_l,cate4-00114,15,16,half,4,5,10,19,5,5.0,5.0
rtdetr_l,cate4-00114,15,16,closed,4,5,19,19,4,5.0,5.0
rtdetr_l,cate4-00131,31,32,open,16,17,0,13,17,17.0,17.0
rtdetr_l,cate4-00131,31,32,half,16,17,6,13,17,17.0,17.0
rtdetr_l,cate4-00131,31,32,closed,16,17,13,13,16,17.0,17.0
rtdetr_l,cate4-00131,36,37,open,21,22,0,34,22,22.0,22.0
rtdetr_l,cate4-00131,36,37,half,21,22,17,34,21,22.0,22.0
rtdetr_l,cate4-00131,36,37,closed,21,22,34,34,21,22.0,21.0
rtdetr_l,cate4-00131,41,42,open,24,25,0,14,25,25.0,25.0
rtdetr_l,cate4-00131,41,42,half,24,25,7,14,25,25.0,25.0
rtdetr_l,cate4-00131,41,42,closed,24,25,14,14,24,25.0,25.0
rtdetr_l,cate5-00006,32,33,open,17,18,0,15,18,18.0,19.0
rtdetr_l,cate5-00006,32,33,half,17,18,8,15,18,18.0,18.0
rtdetr_l,cate5-00006,32,33,closed,17,18,15,15,18,18.0,18.0
rtdetr_l,cate5-00006,42,43,open,25,26,0,17,26,26.0,26.0
rtdetr_l,cate5-00006,42,43,half,25,26,8,17,26,26.0,26.0
rtdetr_l,cate5-00006,42,43,closed,25,26,17,17,25,26.0,26.0
rtdetr_l,cate5-00006,41,42,open,24,25,0,14,25,25.0,25.0
rtdetr_l,cate5-00006,41,42,half,24,25,7,14,24,25.0,24.0
rtdetr_l,cate5-00006,41,42,closed,24,25,14,14,24,25.0,25.0
rtdetr_l,cate5-00061,32,33,open,17,18,0,14,18,18.0,18.0
rtdetr_l,cate5-00061,32,33,half,17,18,7,14,17,18.0,18.0
rtdetr_l,cate5-00061,32,33,closed,17,18,14,14,17,18.0,18.0
rtdetr_l,cate5-00061,22,23,open,9,10,0,19,10,10.0,10.0
rtdetr_l,cate5-00061,22,23,half,9,10,10,19,10,10.0,10.0
rtdetr_l,cate5-00061,22,23,closed,9,10,19,19,9,10.0,10.0
rtdetr_l,cate5-00061,42,43,open,25,26,0,12,27,26.0,
rtdetr_l,cate5-00061,42,43,half,25,26,6,12,26,26.0,26.0
rtdetr_l,cate5-00061,42,43,closed,25,26,12,12,26,26.0,26.0
rtdetr_l,cate5-00073,22,23,open,9,10,0,13,11,10.0,10.0
rtdetr_l,cate5-00073,22,23,half,9,10,6,13,11,10.0,10.0
rtdetr_l,cate5-00073,22,23,closed,9,10,13,13,11,10.0,10.0
rtdetr_l,cate5-00073,34,35,open,19,20,0,18,20,20.0,20.0
rtdetr_l,cate5-00073,34,35,half,19,20,9,18,19,20.0,20.0
rtdetr_l,cate5-00073,34,35,closed,19,20,18,18,19,20.0,19.0
rtdetr_l,cate5-00073,42,43,open,25,26,0,21,27,27.0,27.0
rtdetr_l,cate5-00073,42,43,half,25,26,10,21,25,27.0,27.0
rtdetr_l,cate5-00073,42,43,closed,25,26,21,21,25,27.0,26.0
rtdetr_l,cate5-00078,44,45,open,27,28,0,18,28,28.0,28.0
rtdetr_l,cate5-00078,44,45,half,27,28,9,18,27,28.0,28.0
rtdetr_l,cate5-00078,44,45,closed,27,28,18,18,27,28.0,27.0
rtdetr_l,cate5-00078,31,32,open,16,17,0,17,17,17.0,17.0
rtdetr_l,cate5-00078,31,32,half,16,17,8,17,16,17.0,17.0
rtdetr_l,cate5-00078,31,32,closed,16,17,17,17,16,17.0,16.0
rtdetr_l,cate5-00078,34,35,open,19,20,0,14,20,20.0,20.0
rtdetr_l,cate5-00078,34,35,half,19,20,7,14,20,20.0,20.0
rtdetr_l,cate5-00078,34,35,closed,19,20,14,14,19,20.0,19.0
rtdetr_l,cate5-00102,44,45,open,27,28,0,17,4,28.0,28.0
rtdetr_l,cate5-00102,44,45,half,27,28,8,17,4,28.0,28.0
rtdetr_l,cate5-00102,44,45,closed,27,28,17,17,4,28.0,27.0
rtdetr_l,cate5-00102,34,35,open,19,20,0,17,18,20.0,20.0
rtdetr_l,cate5-00102,34,35,half,19,20,8,17,18,20.0,20.0
rtdetr_l,cate5-00102,34,35,closed,19,20,17,17,18,20.0,19.0
rtdetr_l,cate5-00102,31,32,open,16,17,0,12,0,17.0,17.0
rtdetr_l,cate5-00102,31,32,half,16,17,6,12,0,17.0,17.0
rtdetr_l,cate5-00102,31,32,closed,16,17,12,12,0,17.0,17.0
rtdetr_l,cate5-00115,31,32,open,16,17,0,10,16,17.0,17.0
rtdetr_l,cate5-00115,31,32,half,16,17,5,10,16,17.0,16.0
rtdetr_l,cate5-00115,31,32,closed,16,17,10,10,24,17.0,16.0
rtdetr_l,cate5-00115,43,44,open,26,27,0,18,26,27.0,27.0
rtdetr_l,cate5-00115,43,44,half,26,27,9,18,26,27.0,27.0
rtdetr_l,cate5-00115,43,44,closed,26,27,18,18,26,27.0,26.0
rtdetr_l,cate5-00115,33,34,open,18,19,0,19,19,19.0,19.0
rtdetr_l,cate5-00115,33,34,half,18,19,10,19,17,19.0,19.0
rtdetr_l,cate5-00115,33,34,closed,18,19,19,19,17,19.0,18.0
rtdetr_l,cate6-00036,43,44,open,26,27,0,1,25,27.0,26.0
rtdetr_l,cate6-00036,43,44,half,26,27,0,1,25,27.0,26.0
rtdetr_l,cate6-00036,43,44,closed,26,27,1,1,25,27.0,27.0
rtdetr_l,cate6-00036,37,38,open,22,23,0,37,23,23.0,23.0
rtdetr_l,cate6-00036,37,38,half,22,23,18,37,23,23.0,23.0
rtdetr_l,cate6-00036,37,38,closed,22,23,37,37,20,23.0,23.0
rtdetr_l,cate6-00036,21,22,open,8,9,0,15,9,9.0,
rtdetr_l,cate6-00036,21,22,half,8,9,8,15,9,9.0,9.0
rtdetr_l,cate6-00036,21,22,closed,8,9,15,15,9,9.0,9.0
rtdetr_l,cate6-00087,21,22,open,8,9,0,30,9,9.0,10.0
rtdetr_l,cate6-00087,21,22,half,8,9,15,30,9,9.0,8.0
rtdetr_l,cate6-00087,21,22,closed,8,9,30,30,8,9.0,8.0
rtdetr_l,cate6-00087,24,25,open,11,12,0,8,13,12.0,12.0
rtdetr_l,cate6-00087,24,25,half,11,12,4,8,13,12.0,12.0
rtdetr_l,cate6-00087,24,25,closed,11,12,8,8,13,12.0,12.0
rtdetr_l,cate6-00087,22,23,open,9,10,0,25,10,10.0,10.0
rtdetr_l,cate6-00087,22,23,half,9,10,12,25,10,10.0,10.0
rtdetr_l,cate6-00087,22,23,closed,9,10,25,25,10,10.0,10.0
rtdetr_l,cate6-00108,47,48,open,30,31,0,29,31,31.0,31.0
rtdetr_l,cate6-00108,47,48,half,30,31,14,29,31,31.0,31.0
rtdetr_l,cate6-00108,47,48,closed,30,31,29,29,31,31.0,31.0
rtdetr_l,cate6-00108,14,15,open,3,4,0,11,3,4.0,3.0
rtdetr_l,cate6-00108,14,15,half,3,4,6,11,3,4.0,4.0
rtdetr_l,cate6-00108,14,15,closed,3,4,11,11,3,4.0,3.0
rtdetr_l,cate6-00108,44,45,open,27,28,0,13,28,28.0,28.0
rtdetr_l,cate6-00108,44,45,half,27,28,6,13,27,28.0,28.0
rtdetr_l,cate6-00108,44,45,closed,27,28,13,13,27,28.0,28.0
rtdetr_l,cate6-00122,26,27,open,13,14,0,32,14,14.0,14.0
rtdetr_l,cate6-00122,26,27,half,13,14,16,32,13,14.0,14.0
rtdetr_l,cate6-00122,26,27,closed,13,14,32,32,13,14.0,14.0
rtdetr_l,cate6-00122,11,12,open,0,1,0,17,1,1.0,1.0
rtdetr_l,cate6-00122,11,12,half,0,1,8,17,0,1.0,1.0
rtdetr_l,cate6-00122,11,12,closed,0,1,17,17,0,1.0,0.0
rtdetr_l,cate6-00141,17,18,open,6,7,0,28,7,7.0,7.0
rtdetr_l,cate6-00141,17,18,half,6,7,14,28,7,7.0,7.0
rtdetr_l,cate6-00141,17,18,closed,6,7,28,28,7,7.0,7.0
rtdetr_l,cate6-00141,42,43,open,25,26,0,13,26,26.0,26.0
rtdetr_l,cate6-00141,42,43,half,25,26,6,13,26,26.0,26.0
rtdetr_l,cate6-00141,42,43,closed,25,26,13,13,26,26.0,26.0
rtdetr_l,cate6-00141,25,26,open,12,13,0,23,13,13.0,13.0
rtdetr_l,cate6-00141,25,26,half,12,13,12,23,13,13.0,13.0
rtdetr_l,cate6-00141,25,26,closed,12,13,23,23,13,13.0,13.0
rtdetr_l,cate6-00158,14,15,open,3,4,0,14,3,4.0,4.0
rtdetr_l,cate6-00158,14,15,half,3,4,7,14,3,4.0,4.0
rtdetr_l,cate6-00158,14,15,closed,3,4,14,14,3,4.0,3.0
rtdetr_l,cate6-00158,32,33,open,17,18,0,16,19,18.0,18.0
rtdetr_l,cate6-00158,32,33,half,17,18,8,16,17,18.0,18.0
rtdetr_l,cate6-00158,32,33,closed,17,18,16,16,17,18.0,18.0
rtdetr_l,cate6-00158,43,44,open,26,27,0,22,27,26.0,27.0
rtdetr_l,cate6-00158,43,44,half,26,27,11,22,26,26.0,26.0
rtdetr_l,cate6-00158,43,44,closed,26,27,22,22,26,26.0,26.0
rtdetr_l,cate7-00014,46,47,open,29,30,0,35,30,31.0,31.0
rtdetr_l,cate7-00014,46,47,half,29,30,18,35,30,31.0,30.0
rtdetr_l,cate7-00014,46,47,closed,29,30,35,35,29,31.0,30.0
rtdetr_l,cate7-00014,45,46,open,28,29,0,17,29,30.0,30.0
rtdetr_l,cate7-00014,45,46,half,28,29,8,17,29,30.0,30.0
rtdetr_l,cate7-00014,45,46,closed,28,29,17,17,29,30.0,29.0
rtdetr_l,cate7-00014,35,36,open,20,21,0,13,21,21.0,21.0
rtdetr_l,cate7-00014,35,36,half,20,21,6,13,21,21.0,21.0
rtdetr_l,cate7-00014,35,36,closed,20,21,13,13,21,21.0,21.0
rtdetr_l,cate7-00018,14,15,open,3,4,0,7,4,4.0,
rtdetr_l,cate7-00018,14,15,half,3,4,4,7,4,4.0,3.0
rtdetr_l,cate7-00018,14,15,closed,3,4,7,7,4,4.0,3.0
rtdetr_l,cate7-00018,33,34,open,18,19,0,14,18,19.0,19.0
rtdetr_l,cate7-00018,33,34,half,18,19,7,14,18,19.0,19.0
rtdetr_l,cate7-00018,33,34,closed,18,19,14,14,17,19.0,19.0
rtdetr_l,cate7-00018,46,47,open,29,30,0,22,30,30.0,29.0
rtdetr_l,cate7-00018,46,47,half,29,30,11,22,29,30.0,29.0
rtdetr_l,cate7-00018,46,47,closed,29,30,22,22,29,30.0,29.0
rtdetr_l,cate7-00032,25,26,open,12,13,0,13,13,13.0,13.0
rtdetr_l,cate7-00032,25,26,half,12,13,6,13,13,13.0,13.0
rtdetr_l,cate7-00032,25,26,closed,12,13,13,13,12,13.0,13.0
rtdetr_l,cate7-00032,42,43,open,25,26,0,11,26,26.0,26.0
rtdetr_l,cate7-00032,42,43,half,25,26,6,11,26,26.0,26.0
rtdetr_l,cate7-00032,42,43,closed,25,26,11,11,25,26.0,26.0
rtdetr_l,cate7-00032,27,28,open,14,15,0,26,15,15.0,15.0
rtdetr_l,cate7-00032,27,28,half,14,15,13,26,14,15.0,14.0
rtdetr_l,cate7-00032,27,28,closed,14,15,26,26,14,15.0,14.0
rtdetr_l,cate7-00047,32,33,open,17,18,0,14,18,18.0,19.0
rtdetr_l,cate7-00047,32,33,half,17,18,7,14,17,18.0,18.0
rtdetr_l,cate7-00047,32,33,closed,17,18,14,14,17,18.0,18.0
rtdetr_l,cate7-00047,44,45,open,27,28,0,16,28,28.0,28.0
rtdetr_l,cate7-00047,44,45,half,27,28,8,16,28,28.0,28.0
rtdetr_l,cate7-00047,44,45,closed,27,28,16,16,27,28.0,28.0
rtdetr_l,cate7-00047,22,23,open,9,10,0,13,9,10.0,10.0
rtdetr_l,cate7-00047,22,23,half,9,10,6,13,9,10.0,10.0
rtdetr_l,cate7-00047,22,23,closed,9,10,13,13,8,10.0,10.0
rtdetr_l,cate7-00068,46,47,open,29,30,0,36,30,30.0,30.0
rtdetr_l,cate7-00068,46,47,half,29,30,18,36,29,30.0,30.0
rtdetr_l,cate7-00068,46,47,closed,29,30,36,36,29,30.0,30.0
rtdetr_l,cate7-00068,36,37,open,21,22,0,32,22,22.0,22.0
rtdetr_l,cate7-00068,36,37,half,21,22,16,32,22,22.0,22.0
rtdetr_l,cate7-00068,36,37,closed,21,22,32,32,21,22.0,22.0
rtdetr_l,cate7-00068,25,26,open,12,13,0,14,13,13.0,13.0
rtdetr_l,cate7-00068,25,26,half,12,13,7,14,13,13.0,13.0
rtdetr_l,cate7-00068,25,26,closed,12,13,14,14,13,13.0,13.0
rtdetr_l,cate7-00069,16,17,open,5,6,0,33,7,6.0,6.0
rtdetr_l,cate7-00069,16,17,half,5,6,16,33,6,6.0,6.0
rtdetr_l,cate7-00069,16,17,closed,5,6,33,33,5,6.0,5.0
rtdetr_l,cate7-00069,14,15,open,3,4,0,15,4,4.0,4.0
rtdetr_l,cate7-00069,14,15,half,3,4,8,15,4,4.0,4.0
rtdetr_l,cate7-00069,14,15,closed,3,4,15,15,3,4.0,3.0
rtdetr_l,cate7-00069,41,42,open,24,25,0,14,25,25.0,
rtdetr_l,cate7-00069,41,42,half,24,25,7,14,16,25.0,24.0
rtdetr_l,cate7-00069,41,42,closed,24,25,14,14,16,25.0,24.0
rtdetr_l,cate7-00092,27,28,open,14,15,0,15,15,15.0,15.0
rtdetr_l,cate7-00092,27,28,half,14,15,8,15,15,15.0,15.0
rtdetr_l,cate7-00092,27,28,closed,14,15,15,15,13,15.0,15.0
rtdetr_l,cate7-00092,23,24,open,10,11,0,15,11,11.0,11.0
rtdetr_l,cate7-00092,23,24,half,10,11,8,15,10,11.0,11.0
rtdetr_l,cate7-00092,23,24,closed,10,11,15,15,10,11.0,10.0
rtdetr_l,cate7-00092,24,25,open,11,12,0,14,12,12.0,11.0
rtdetr_l,cate7-00092,24,25,half,11,12,7,14,11,12.0,12.0
rtdetr_l,cate7-00092,24,25,closed,11,12,14,14,11,12.0,11.0
rtdetr_l,cate8-00005,27,28,open,14,15,0,20,15,15.0,15.0
rtdetr_l,cate8-00005,27,28,half,14,15,10,20,15,15.0,15.0
rtdetr_l,cate8-00005,27,28,closed,14,15,20,20,15,15.0,15.0
rtdetr_l,cate8-00005,15,16,open,4,5,0,20,6,5.0,5.0
rtdetr_l,cate8-00005,15,16,half,4,5,10,20,5,5.0,5.0
rtdetr_l,cate8-00005,15,16,closed,4,5,20,20,5,5.0,5.0
rtdetr_l,cate8-00005,34,35,open,19,20,0,23,20,20.0,20.0
rtdetr_l,cate8-00005,34,35,half,19,20,12,23,20,20.0,20.0
rtdetr_l,cate8-00005,34,35,closed,19,20,23,23,19,20.0,19.0
rtdetr_l,cate8-00023,15,16,open,4,5,0,13,5,5.0,5.0
rtdetr_l,cate8-00023,15,16,half,4,5,6,13,5,5.0,5.0
rtdetr_l,cate8-00023,15,16,closed,4,5,13,13,4,5.0,5.0
rtdetr_l,cate8-00023,23,24,open,10,11,0,14,11,11.0,11.0
rtdetr_l,cate8-00023,23,24,half,10,11,7,14,10,11.0,11.0
rtdetr_l,cate8-00023,23,24,closed,10,11,14,14,10,11.0,10.0
rtdetr_l,cate8-00023,17,18,open,6,7,0,20,7,7.0,7.0
rtdetr_l,cate8-00023,17,18,half,6,7,10,20,7,7.0,7.0
rtdetr_l,cate8-00023,17,18,closed,6,7,20,20,5,7.0,6.0
rtdetr_l,cate8-00037,41,42,open,24,25,0,12,25,25.0,25.0
rtdetr_l,cate8-00037,41,42,half,24,25,6,12,24,25.0,25.0
rtdetr_l,cate8-00037,41,42,closed,24,25,12,12,24,25.0,25.0
rtdetr_l,cate8-00037,11,12,open,0,1,0,20,1,1.0,1.0
rtdetr_l,cate8-00037,11,12,half,0,1,10,20,0,1.0,1.0
rtdetr_l,cate8-00037,11,12,closed,0,1,20,20,0,1.0,0.0
rtdetr_l,cate8-00037,35,36,open,20,21,0,20,21,21.0,21.0
rtdetr_l,cate8-00037,35,36,half,20,21,10,20,21,21.0,21.0
rtdetr_l,cate8-00037,35,36,closed,20,21,20,20,21,21.0,21.0
rtdetr_l,cate8-00058,36,37,open,21,22,0,42,22,23.0,23.0
rtdetr_l,cate8-00058,36,37,half,21,22,21,42,22,23.0,22.0
rtdetr_l,cate8-00058,36,37,closed,21,22,42,42,21,23.0,22.0
rtdetr_l,cate8-00058,17,18,open,6,7,0,23,6,7.0,7.0
rtdetr_l,cate8-00058,17,18,half,6,7,12,23,6,7.0,6.0
rtdetr_l,cate8-00058,17,18,closed,6,7,23,23,6,7.0,6.0
rtdetr_l,cate8-00058,42,43,open,25,26,0,12,26,26.0,27.0
rtdetr_l,cate8-00058,42,43,half,25,26,6,12,26,26.0,26.0
rtdetr_l,cate8-00058,42,43,closed,25,26,12,12,26,26.0,26.0
rtdetr_l,cate8-00077,42,43,open,25,26,0,17,26,26.0,26.0
rtdetr_l,cate8-00077,42,43,half,25,26,8,17,26,26.0,26.0
rtdetr_l,cate8-00077,42,43,closed,25,26,17,17,25,26.0,26.0
rtdetr_l,cate8-00077,41,42,open,24,25,0,12,25,25.0,25.0
rtdetr_l,cate8-00077,41,42,half,24,25,6,12,25,25.0,24.0
rtdetr_l,cate8-00077,41,42,closed,24,25,12,12,25,25.0,24.0
rtdetr_l,cate8-00077,32,33,open,17,18,0,13,18,18.0,18.0
rtdetr_l,cate8-00077,32,33,half,17,18,6,13,17,18.0,18.0
rtdetr_l,cate8-00077,32,33,closed,17,18,13,13,17,18.0,18.0
rtdetr_l,cate8-00080,32,33,open,17,18,0,15,18,18.0,18.0
rtdetr_l,cate8-00080,32,33,half,17,18,8,15,18,18.0,18.0
rtdetr_l,cate8-00080,32,33,closed,17,18,15,15,18,18.0,18.0
rtdetr_l,cate8-00080,12,13,open,1,2,0,12,2,2.0,2.0
rtdetr_l,cate8-00080,12,13,half,1,2,6,12,2,2.0,2.0
rtdetr_l,cate8-00080,12,13,closed,1,2,12,12,1,2.0,2.0
rtdetr_l,cate8-00080,43,44,open,26,27,0,24,27,27.0,27.0
rtdetr_l,cate8-00080,43,44,half,26,27,12,24,26,27.0,27.0
rtdetr_l,cate8-00080,43,44,closed,26,27,24,24,26,27.0,26.0
rtdetr_l,cate8-00083,35,36,open,20,21,0,18,21,21.0,21.0
rtdetr_l,cate8-00083,35,36,half,20,21,9,18,21,21.0,21.0
rtdetr_l,cate8-00083,35,36,closed,20,21,18,18,21,21.0,21.0
rtdetr_l,cate8-00083,42,43,open,25,26,0,14,26,26.0,26.0
rtdetr_l,cate8-00083,42,43,half,25,26,7,14,26,26.0,26.0
rtdetr_l,cate8-00083,42,43,closed,25,26,14,14,25,26.0,26.0
rtdetr_l,cate8-00083,31,32,open,16,17,0,12,16,17.0,17.0
rtdetr_l,cate8-00083,31,32,half,16,17,6,12,16,17.0,17.0
rtdetr_l,cate8-00083,31,32,closed,16,17,12,12,16,17.0,16.0
rtdetr_l,cate8-00113,47,48,open,30,31,0,41,31,31.0,
rtdetr_l,cate8-00113,47,48,half,30,31,20,41,31,31.0,31.0
rtdetr_l,cate8-00113,47,48,closed,30,31,41,41,29,31.0,30.0
rtdetr_l,cate8-00113,42,43,open,25,26,0,14,26,26.0,26.0
rtdetr_l,cate8-00113,42,43,half,25,26,7,14,25,26.0,26.0
rtdetr_l,cate8-00113,42,43,closed,25,26,14,14,25,26.0,26.0
rtdetr_l,cate8-00113,14,15,open,3,4,0,16,4,4.0,3.0
rtdetr_l,cate8-00113,14,15,half,3,4,8,16,3,4.0,3.0
rtdetr_l,cate8-00113,14,15,closed,3,4,16,16,3,4.0,3.0
rtdetr_l,cate8-00131,12,13,open,1,2,0,15,1,2.0,3.0
rtdetr_l,cate8-00131,12,13,half,1,2,8,15,1,2.0,2.0
rtdetr_l,cate8-00131,12,13,closed,1,2,15,15,1,2.0,2.0
rtdetr_l,cate8-00131,33,34,open,18,19,0,19,20,20.0,20.0
rtdetr_l,cate8-00131,33,34,half,18,19,10,19,20,20.0,20.0
rtdetr_l,cate8-00131,33,34,closed,18,19,19,19,19,20.0,19.0
rtdetr_l,cate8-00131,21,22,open,8,9,0,13,9,9.0,9.0
rtdetr_l,cate8-00131,21,22,half,8,9,6,13,9,9.0,9.0
rtdetr_l,cate8-00131,21,22,closed,8,9,13,13,9,9.0,9.0
rtdetr_l,cate8-00137,45,46,open,28,29,0,17,29,29.0,29.0
rtdetr_l,cate8-00137,45,46,half,28,29,8,17,29,29.0,29.0
rtdetr_l,cate8-00137,45,46,closed,28,29,17,17,28,29.0,29.0
rtdetr_l,cate8-00137,11,12,open,0,1,0,17,1,1.0,1.0
rtdetr_l,cate8-00137,11,12,half,0,1,8,17,0,1.0,0.0
rtdetr_l,cate8-00137,11,12,closed,0,1,17,17,0,1.0,0.0
rtdetr_l,cate8-00137,31,32,open,16,17,0,10,17,17.0,17.0
rtdetr_l,cate8-00137,31,32,half,16,17,5,10,17,17.0,17.0
rtdetr_l,cate8-00137,31,32,closed,16,17,10,10,17,17.0,17.0
rtdetr_l,cate8-00138,21,22,open,8,9,0,18,10,9.0,9.0
rtdetr_l,cate8-00138,21,22,half,8,9,9,18,8,9.0,9.0
rtdetr_l,cate8-00138,21,22,closed,8,9,18,18,8,9.0,8.0
rtdetr_l,cate8-00138,25,26,open,12,13,0,16,13,13.0,13.0
rtdetr_l,cate8-00138,25,26,half,12,13,8,16,12,13.0,12.0
rtdetr_l,cate8-00138,25,26,closed,12,13,16,16,12,13.0,12.0
rtdetr_l,cate8-00138,15,16,open,4,5,0,15,5,5.0,5.0
rtdetr_l,cate8-00138,15,16,half,4,5,8,15,5,5.0,5.0
rtdetr_l,cate8-00138,15,16,closed,4,5,15,15,5,5.0,5.0
rtdetr_l,cate8-00145,44,45,open,27,28,0,29,29,28.0,28.0
rtdetr_l,cate8-00145,44,45,half,27,28,14,29,29,28.0,28.0
rtdetr_l,cate8-00145,44,45,closed,27,28,29,29,29,28.0,28.0
rtdetr_l,cate8-00145,15,16,open,4,5,0,12,5,5.0,5.0
rtdetr_l,cate8-00145,15,16,half,4,5,6,12,4,5.0,5.0
rtdetr_l,cate8-00145,15,16,closed,4,5,12,12,4,5.0,5.0
rtdetr_l,cate8-00145,17,18,open,6,7,0,25,6,7.0,7.0
rtdetr_l,cate8-00145,17,18,half,6,7,12,25,6,7.0,6.0
rtdetr_l,cate8-00145,17,18,closed,6,7,25,25,6,7.0,6.0
rtdetr_l,cate8-00217,26,27,open,13,14,0,31,14,14.0,14.0
rtdetr_l,cate8-00217,26,27,half,13,14,16,31,14,14.0,14.0
rtdetr_l,cate8-00217,26,27,closed,13,14,31,31,13,14.0,13.0
rtdetr_l,cate8-00217,25,26,open,12,13,0,16,13,13.0,13.0
rtdetr_l,cate8-00217,25,26,half,12,13,8,16,13,13.0,13.0
rtdetr_l,cate8-00217,25,26,closed,12,13,16,16,13,13.0,13.0
rtdetr_l,cate8-00217,11,12,open,0,1,0,21,1,1.0,1.0
rtdetr_l,cate8-00217,11,12,half,0,1,10,21,1,1.0,1.0
rtdetr_l,cate8-00217,11,12,closed,0,1,21,21,0,1.0,1.0
rtdetr_l,cate8-00224,31,32,open,16,17,0,12,17,18.0,17.0
rtdetr_l,cate8-00224,31,32,half,16,17,6,12,17,18.0,17.0
rtdetr_l,cate8-00224,31,32,closed,16,17,12,12,17,18.0,17.0
rtdetr_l,cate8-00224,42,43,open,25,26,0,9,26,26.0,25.0
rtdetr_l,cate8-00224,42,43,half,25,26,4,9,26,26.0,26.0
rtdetr_l,cate8-00224,42,43,closed,25,26,9,9,26,26.0,26.0
rtdetr_l,cate8-00224,16,17,open,5,6,0,26,6,6.0,6.0
rtdetr_l,cate8-00224,16,17,half,5,6,13,26,5,6.0,6.0
rtdetr_l,cate8-00224,16,17,closed,5,6,26,26,5,6.0,6.0
rtdetr_l,cate8-00227,24,25,open,11,12,0,11,11,12.0,12.0
rtdetr_l,cate8-00227,24,25,half,11,12,6,11,11,12.0,11.0
rtdetr_l,cate8-00227,24,25,closed,11,12,11,11,11,12.0,11.0
rtdetr_l,cate8-00227,11,12,open,0,1,0,20,1,1.0,0.0
rtdetr_l,cate8-00227,11,12,half,0,1,10,20,1,1.0,0.0
rtdetr_l,cate8-00227,11,12,closed,0,1,20,20,0,1.0,0.0
rtdetr_l,cate8-00227,32,33,open,17,18,0,13,18,18.0,18.0
rtdetr_l,cate8-00227,32,33,half,17,18,6,13,17,18.0,18.0
rtdetr_l,cate8-00227,32,33,closed,17,18,13,13,17,18.0,18.0
rtdetr_l,cate8-00239,14,15,open,3,4,0,5,3,4.0,
rtdetr_l,cate8-00239,14,15,half,3,4,2,5,3,4.0,3.0
rtdetr_l,cate8-00239,14,15,closed,3,4,5,5,3,4.0,3.0
rtdetr_l,cate8-00239,15,16,open,4,5,0,16,5,5.0,5.0
rtdetr_l,cate8-00239,15,16,half,4,5,8,16,4,5.0,5.0
rtdetr_l,cate8-00239,15,16,closed,4,5,16,16,3,5.0,5.0
rtdetr_l,cate8-00239,42,43,open,25,26,0,14,26,26.0,26.0
rtdetr_l,cate8-00239,42,43,half,25,26,7,14,25,26.0,26.0
rtdetr_l,cate8-00239,42,43,closed,25,26,14,14,25,26.0,26.0
rtdetr_l,cate8-00246,26,27,open,13,14,0,26,13,13.0,13.0
rtdetr_l,cate8-00246,26,27,half,13,14,13,26,13,13.0,13.0
rtdetr_l,cate8-00246,26,27,closed,13,14,26,26,12,13.0,13.0
rtdetr_l,cate8-00267,34,35,open,19,20,0,27,20,20.0,20.0
rtdetr_l,cate8-00267,34,35,half,19,20,14,27,20,20.0,20.0
rtdetr_l,cate8-00267,34,35,closed,19,20,27,27,19,20.0,20.0
rtdetr_l,cate8-00267,33,34,open,18,19,0,25,19,19.0,19.0
rtdetr_l,cate8-00267,33,34,half,18,19,12,25,19,19.0,19.0
rtdetr_l,cate8-00267,33,34,closed,18,19,25,25,18,19.0,19.0
rtdetr_l,cate8-00267,21,22,open,8,9,0,24,9,9.0,9.0
rtdetr_l,cate8-00267,21,22,half,8,9,12,24,9,9.0,9.0
rtdetr_l,cate8-00267,21,22,closed,8,9,24,24,8,9.0,8.0
rtdetr_l,cate8-00274,42,43,open,25,26,0,14,26,26.0,26.0
rtdetr_l,cate8-00274,42,43,half,25,26,7,14,26,26.0,26.0
rtdetr_l,cate8-00274,42,43,closed,25,26,14,14,26,26.0,26.0
rtdetr_l,cate8-00274,44,45,open,27,28,0,17,28,28.0,28.0
rtdetr_l,cate8-00274,44,45,half,27,28,8,17,27,28.0,28.0
rtdetr_l,cate8-00274,44,45,closed,27,28,17,17,27,28.0,27.0
rtdetr_l,cate8-00274,24,25,open,11,12,0,18,12,12.0,12.0
rtdetr_l,cate8-00274,24,25,half,11,12,9,18,12,12.0,12.0
rtdetr_l,cate8-00274,24,25,closed,11,12,18,18,11,12.0,11.0
rtdetr_l,cate8-00299,34,35,open,19,20,0,31,20,20.0,20.0
rtdetr_l,cate8-00299,34,35,half,19,20,16,31,20,20.0,20.0
rtdetr_l,cate8-00299,34,35,closed,19,20,31,31,20,20.0,19.0
rtdetr_l,cate8-00299,32,33,open,17,18,0,19,18,18.0,18.0
rtdetr_l,cate8-00299,32,33,half,17,18,10,19,18,18.0,18.0
rtdetr_l,cate8-00299,32,33,closed,17,18,19,19,18,18.0,18.0
rtdetr_l,cate8-00299,22,23,open,9,10,0,19,10,10.0,11.0
rtdetr_l,cate8-00299,22,23,half,9,10,10,19,10,10.0,10.0
rtdetr_l,cate8-00299,22,23,closed,9,10,19,19,10,10.0,10.0
rtdetr_l,cate8-00317,23,24,open,10,11,0,16,11,11.0,11.0
rtdetr_l,cate8-00317,23,24,half,10,11,8,16,11,11.0,11.0
rtdetr_l,cate8-00317,23,24,closed,10,11,16,16,10,11.0,11.0
rtdetr_l,cate8-00317,43,44,open,26,27,0,18,27,27.0,27.0
rtdetr_l,cate8-00317,43,44,half,26,27,9,18,26,27.0,27.0
rtdetr_l,cate8-00317,43,44,closed,26,27,18,18,26,27.0,27.0
rtdetr_l,cate8-00317,21,22,open,8,9,0,18,9,9.0,9.0
rtdetr_l,cate8-00317,21,22,half,8,9,9,18,9,9.0,9.0
rtdetr_l,cate8-00317,21,22,closed,8,9,18,18,8,9.0,9.0
rtdetr_l,cate8-00347,41,42,open,24,25,0,13,24,25.0,25.0
rtdetr_l,cate8-00347,41,42,half,24,25,6,13,24,25.0,24.0
rtdetr_l,cate8-00347,41,42,closed,24,25,13,13,24,25.0,24.0
rtdetr_l,cate8-00347,21,22,open,8,9,0,17,9,9.0,9.0
rtdetr_l,cate8-00347,21,22,half,8,9,8,17,8,9.0,9.0
rtdetr_l,cate8-00347,21,22,closed,8,9,17,17,8,9.0,8.0
rtdetr_l,cate8-00347,32,33,open,17,18,0,17,18,18.0,18.0
rtdetr_l,cate8-00347,32,33,half,17,18,8,17,18,18.0,18.0
rtdetr_l,cate8-00347,32,33,closed,17,18,17,17,18,18.0,18.0
rtdetr_l,cate8-00353,22,23,open,9,10,0,11,9,10.0,10.0
rtdetr_l,cate8-00353,22,23,half,9,10,6,11,9,10.0,10.0
rtdetr_l,cate8-00353,22,23,closed,9,10,11,11,9,10.0,10.0
rtdetr_l,cate8-00353,12,13,open,1,2,0,7,2,2.0,1.0
rtdetr_l,cate8-00353,12,13,half,1,2,4,7,0,2.0,2.0
rtdetr_l,cate8-00353,12,13,closed,1,2,7,7,0,2.0,2.0
rtdetr_l,cate8-00353,33,34,open,18,19,0,16,18,19.0,19.0
rtdetr_l,cate8-00353,33,34,half,18,19,8,16,18,19.0,19.0
rtdetr_l,cate8-00353,33,34,closed,18,19,16,16,17,19.0,18.0
rtdetr_l,cate8-00361,45,46,open,28,29,0,23,29,29.0,29.0
rtdetr_l,cate8-00361,45,46,half,28,29,12,23,29,29.0,29.0
rtdetr_l,cate8-00361,45,46,closed,28,29,23,23,29,29.0,29.0
rtdetr_l,cate8-00361,13,14,open,2,3,0,14,3,3.0,3.0
rtdetr_l,cate8-00361,13,14,half,2,3,7,14,3,3.0,2.0
rtdetr_l,cate8-00361,13,14,closed,2,3,14,14,3,3.0,2.0
rtdetr_l,cate8-00361,44,45,open,27,28,0,19,28,28.0,28.0
rtdetr_l,cate8-00361,44,45,half,27,28,10,19,28,28.0,28.0
rtdetr_l,cate8-00361,44,45,closed,27,28,19,19,27,28.0,28.0
rtdetr_l,cate8-00371,13,14,open,2,3,0,27,4,3.0,3.0
rtdetr_l,cate8-00371,13,14,half,2,3,14,27,4,3.0,2.0
rtdetr_l,cate8-00371,13,14,closed,2,3,27,27,2,3.0,2.0
rtdetr_l,cate8-00371,34,35,open,19,20,0,23,20,20.0,20.0
rtdetr_l,cate8-00371,34,35,half,19,20,12,23,20,20.0,20.0
rtdetr_l,cate8-00371,34,35,closed,19,20,23,23,20,20.0,19.0
rtdetr_l,cate8-00371,43,44,open,26,27,0,24,27,27.0,27.0
rtdetr_l,cate8-00371,43,44,half,26,27,12,24,27,27.0,27.0
rtdetr_l,cate8-00371,43,44,closed,26,27,24,24,27,27.0,26.0
rtdetr_l,cate8-00411,14,15,open,3,4,0,18,4,4.0,4.0
rtdetr_l,cate8-00411,14,15,half,3,4,9,18,4,4.0,4.0
rtdetr_l,cate8-00411,14,15,closed,3,4,18,18,3,4.0,3.0
rtdetr_l,cate8-00411,42,43,open,25,26,0,13,26,26.0,26.0
rtdetr_l,cate8-00411,42,43,half,25,26,6,13,25,26.0,26.0
rtdetr_l,cate8-00411,42,43,closed,25,26,13,13,26,26.0,26.0
rtdetr_l,cate8-00411,24,25,open,11,12,0,18,12,12.0,12.0
rtdetr_l,cate8-00411,24,25,half,11,12,9,18,11,12.0,12.0
rtdetr_l,cate8-00411,24,25,closed,11,12,18,18,11,12.0,11.0
rtdetr_l,cate8-00425,24,25,open,11,12,0,10,11,12.0,12.0
rtdetr_l,cate8-00425,24,25,half,11,12,5,10,11,12.0,12.0
rtdetr_l,cate8-00425,24,25,closed,11,12,10,10,11,12.0,11.0
rtdetr_l,cate8-00425,45,46,open,28,29,0,15,29,29.0,29.0
rtdetr_l,cate8-00425,45,46,half,28,29,8,15,29,29.0,29.0
rtdetr_l,cate8-00425,45,46,closed,28,29,15,15,28,29.0,29.0
rtdetr_l,cate8-00425,26,27,open,13,14,0,22,13,14.0,15.0
rtdetr_l,cate8-00425,26,27,half,13,14,11,22,13,14.0,13.0
rtdetr_l,cate8-00425,26,27,closed,13,14,22,22,12,14.0,13.0
rtdetr_l,cate8-00433,24,25,open,11,12,0,16,12,12.0,12.0
rtdetr_l,cate8-00433,24,25,half,11,12,8,16,11,12.0,12.0
rtdetr_l,cate8-00433,24,25,closed,11,12,16,16,11,12.0,11.0
rtdetr_l,cate8-00433,12,13,open,1,2,0,17,2,2.0,2.0
rtdetr_l,cate8-00433,12,13,half,1,2,8,17,2,2.0,2.0
rtdetr_l,cate8-00433,12,13,closed,1,2,17,17,1,2.0,2.0
rtdetr_l,cate8-00433,13,14,open,2,3,0,17,3,3.0,3.0
rtdetr_l,cate8-00433,13,14,half,2,3,8,17,3,3.0,3.0
rtdetr_l,cate8-00433,13,14,closed,2,3,17,17,2,3.0,2.0
rtdetr_l,cate9-00016,13,14,open,2,3,0,22,2,3.0,3.0
rtdetr_l,cate9-00016,13,14,half,2,3,11,22,1,3.0,3.0
rtdetr_l,cate9-00016,13,14,closed,2,3,22,22,1,3.0,2.0
rtdetr_l,cate9-00016,12,13,open,1,2,0,13,1,2.0,2.0
rtdetr_l,cate9-00016,12,13,half,1,2,6,13,1,2.0,2.0
rtdetr_l,cate9-00016,12,13,closed,1,2,13,13,1,2.0,2.0
rtdetr_l,cate9-00016,37,38,open,22,23,0,23,23,23.0,23.0
rtdetr_l,cate9-00016,37,38,half,22,23,12,23,23,23.0,23.0
rtdetr_l,cate9-00016,37,38,closed,22,23,23,23,15,23.0,22.0
fasterrcnn,cate1-00017,42,43,open,25,26,0,11,25,26.0,26.0
fasterrcnn,cate1-00017,42,43,half,25,26,6,11,24,26.0,26.0
fasterrcnn,cate1-00017,42,43,closed,25,26,11,11,24,26.0,26.0
fasterrcnn,cate1-00017,31,32,open,16,17,0,15,17,,
fasterrcnn,cate1-00017,31,32,half,16,17,8,15,17,,
fasterrcnn,cate1-00017,31,32,closed,16,17,15,15,16,,16.0
fasterrcnn,cate1-00017,11,12,open,0,1,0,20,0,1.0,1.0
fasterrcnn,cate1-00017,11,12,half,0,1,10,20,0,1.0,1.0
fasterrcnn,cate1-00017,11,12,closed,0,1,20,20,8,1.0,0.0
fasterrcnn,cate1-00032,36,37,open,21,22,0,32,22,22.0,22.0
fasterrcnn,cate1-00032,36,37,half,21,22,16,32,21,22.0,21.0
fasterrcnn,cate1-00032,36,37,closed,21,22,32,32,21,22.0,21.0
fasterrcnn,cate1-00032,24,25,open,11,12,0,16,12,12.0,12.0
fasterrcnn,cate1-00032,24,25,half,11,12,8,16,12,12.0,12.0
fasterrcnn,cate1-00032,24,25,closed,11,12,16,16,12,12.0,11.0
fasterrcnn,cate1-00032,26,27,open,13,14,0,25,14,14.0,14.0
fasterrcnn,cate1-00032,26,27,half,13,14,12,25,14,14.0,13.0
fasterrcnn,cate1-00032,26,27,closed,13,14,25,25,14,14.0,13.0
fasterrcnn,cate1-00047,46,47,open,29,30,0,33,30,30.0,30.0
fasterrcnn,cate1-00047,46,47,half,29,30,16,33,30,30.0,30.0
fasterrcnn,cate1-00047,46,47,closed,29,30,33,33,29,30.0,30.0
fasterrcnn,cate1-00047,43,44,open,26,27,0,11,28,27.0,27.0
fasterrcnn,cate1-00047,43,44,half,26,27,6,11,28,27.0,27.0
fasterrcnn,cate1-00047,43,44,closed,26,27,11,11,27,27.0,27.0
fasterrcnn,cate1-00047,12,13,open,1,2,0,20,2,2.0,2.0
fasterrcnn,cate1-00047,12,13,half,1,2,10,20,2,2.0,2.0
fasterrcnn,cate1-00047,12,13,closed,1,2,20,20,1,2.0,2.0
fasterrcnn,cate1-00050,21,22,open,8,9,0,20,9,9.0,8.0
fasterrcnn,cate1-00050,21,22,half,8,9,10,20,8,9.0,8.0
fasterrcnn,cate1-00050,21,22,closed,8,9,20,20,8,9.0,8.0
fasterrcnn,cate1-00050,32,33,open,17,18,0,20,19,18.0,18.0
fasterrcnn,cate1-00050,32,33,half,17,18,10,20,18,18.0,18.0
fasterrcnn,cate1-00050,32,33,closed,17,18,20,20,17,18.0,18.0
fasterrcnn,cate1-00050,34,35,open,19,20,0,22,20,20.0,20.0
fasterrcnn,cate1-00050,34,35,half,19,20,11,22,20,20.0,19.0
fasterrcnn,cate1-00050,34,35,closed,19,20,22,22,19,20.0,19.0
fasterrcnn,cate1-00071,36,37,open,21,22,0,30,22,22.0,22.0
fasterrcnn,cate1-00071,36,37,half,21,22,15,30,22,22.0,22.0
fasterrcnn,cate1-00071,36,37,closed,21,22,30,30,21,22.0,21.0
fasterrcnn,cate1-00071,37,38,open,22,23,0,32,23,23.0,23.0
fasterrcnn,cate1-00071,37,38,half,22,23,16,32,14,23.0,23.0
fasterrcnn,cate1-00071,37,38,closed,22,23,32,32,14,23.0,22.0
fasterrcnn,cate1-00071,17,18,open,6,7,0,19,7,7.0,7.0
fasterrcnn,cate1-00071,17,18,half,6,7,10,19,6,7.0,7.0
fasterrcnn,cate1-00071,17,18,closed,6,7,19,19,6,7.0,6.0
fasterrcnn,cate10-00027,26,27,open,13,14,0,30,14,14.0,14.0
fasterrcnn,cate10-00027,26,27,half,13,14,15,30,14,14.0,13.0
fasterrcnn,cate10-00027,26,27,closed,13,14,30,30,13,14.0,13.0
fasterrcnn,cate10-00027,43,44,open,26,27,0,9,27,27.0,27.0
fasterrcnn,cate10-00027,43,44,half,26,27,4,9,26,27.0,26.0
fasterrcnn,cate10-00027,43,44,closed,26,27,9,9,26,27.0,26.0
fasterrcnn,cate10-00027,42,43,open,25,26,0,5,25,26.0,26.0
fasterrcnn,cate10-00027,42,43,half,25,26,2,5,25,26.0,26.0
fasterrcnn,cate10-00027,42,43,closed,25,26,5,5,25,26.0,26.0
fasterrcnn,cate10-00042,45,46,open,28,29,0,17,29,29.0,29.0
fasterrcnn,cate10-00042,45,46,half,28,29,8,17,29,29.0,29.0
fasterrcnn,cate10-00042,45,46,closed,28,29,17,17,29,29.0,29.0
fasterrcnn,cate10-00042,46,47,open,29,30,0,32,30,30.0,30.0
fasterrcnn,cate10-00042,46,47,half,29,30,16,32,30,30.0,30.0
fasterrcnn,cate10-00042,46,47,closed,29,30,32,32,29,30.0,30.0
fasterrcnn,cate10-00042,36,37,open,21,22,0,33,22,22.0,22.0
fasterrcnn,cate10-00042,36,37,half,21,22,16,33,22,22.0,22.0
fasterrcnn,cate10-00042,36,37,closed,21,22,33,33,21,22.0,22.0
fasterrcnn,cate10-00048,42,43,open,25,26,0,13,26,26.0,26.0
fasterrcnn,cate10-00048,42,43,half,25,26,6,13,26,26.0,26.0
fasterrcnn,cate10-00048,42,43,closed,25,26,13,13,26,26.0,26.0
fasterrcnn,cate10-00048,41,42,open,24,25,0,8,26,25.0,
fasterrcnn,cate10-00048,41,42,half,24,25,4,8,25,25.0,25.0
fasterrcnn,cate10-00048,41,42,closed,24,25,8,8,25,25.0,25.0
fasterrcnn,cate10-00048,31,32,open,16,17,0,12,17,17.0,
fasterrcnn,cate10-00048,31,32,half,16,17,6,12,16,17.0,25.0
fasterrcnn,cate10-00048,31,32,closed,16,17,12,12,24,17.0,
fasterrcnn,cate10-00072,41,42,open,24,25,0,14,25,25.0,25.0
fasterrcnn,cate10-00072,41,42,half,24,25,7,14,24,25.0,24.0
fasterrcnn,cate10-00072,41,42,closed,24,25,14,14,24,25.0,24.0
fasterrcnn,cate10-00072,23,24,open,10,11,0,18,11,11.0,11.0
fasterrcnn,cate10-00072,23,24,half,10,11,9,18,11,11.0,11.0
fasterrcnn,cate10-00072,23,24,closed,10,11,18,18,10,11.0,10.0
fasterrcnn,cate10-00072,44,45,open,27,28,0,18,28,28.0,28.0
fasterrcnn,cate10-00072,44,45,half,27,28,9,18,27,28.0,27.0
fasterrcnn,cate10-00072,44,45,closed,27,28,18,18,27,28.0,27.0
fasterrcnn,cate10-00085,41,42,open,24,25,0,11,25,25.0,25.0
fasterrcnn,cate10-00085,41,42,half,24,25,6,11,25,25.0,25.0
fasterrcnn,cate10-00085,41,42,closed,24,25,11,11,25,25.0,24.0
fasterrcnn,cate10-00085,33,34,open,18,19,0,18,20,19.0,19.0
fasterrcnn,cate10-00085,33,34,half,18,19,9,18,18,19.0,19.0
fasterrcnn,cate10-00085,33,34,closed,18,19,18,18,18,19.0,18.0
fasterrcnn,cate10-00085,31,32,open,16,17,0,12,18,17.0,17.0
fasterrcnn,cate10-00085,31,32,half,16,17,6,12,17,17.0,17.0
fasterrcnn,cate10-00085,31,32,closed,16,17,12,12,17,17.0,17.0
fasterrcnn,cate10-00092,47,48,open,30,31,0,30,30,31.0,31.0
fasterrcnn,cate10-00092,47,48,half,30,31,15,30,30,31.0,31.0
fasterrcnn,cate10-00092,47,48,closed,30,31,30,30,5,31.0,31.0
fasterrcnn,cate10-00092,46,47,open,29,30,0,31,29,30.0,30.0
fasterrcnn,cate10-00092,46,47,half,29,30,16,31,29,30.0,30.0
fasterrcnn,cate10-00092,46,47,closed,29,30,31,31,29,30.0,30.0
fasterrcnn,cate10-00092,21,22,open,8,9,0,13,9,9.0,8.0
fasterrcnn,cate10-00092,21,22,half,8,9,6,13,9,9.0,9.0
fasterrcnn,cate10-00092,21,22,closed,8,9,13,13,8,9.0,8.0
fasterrcnn,cate2-00001,32,33,open,17,18,0,14,19,18.0,18.0
fasterrcnn,cate2-00001,32,33,half,17,18,7,14,18,18.0,18.0
fasterrcnn,cate2-00001,32,33,closed,17,18,14,14,18,18.0,18.0
fasterrcnn,cate2-00001,13,14,open,2,3,0,20,3,3.0,
fasterrcnn,cate2-00001,13,14,half,2,3,10,20,2,3.0,2.0
fasterrcnn,cate2-00001,13,14,closed,2,3,20,20,1,3.0,2.0
fasterrcnn,cate2-00001,23,24,open,10,11,0,18,12,11.0,11.0
fasterrcnn,cate2-00001,23,24,half,10,11,9,18,11,11.0,11.0
fasterrcnn,cate2-00001,23,24,closed,10,11,18,18,11,11.0,11.0
fasterrcnn,cate2-00004,33,34,open,18,19,0,12,19,19.0,19.0
fasterrcnn,cate2-00004,33,34,half,18,19,6,12,18,19.0,19.0
fasterrcnn,cate2-00004,33,34,closed,18,19,12,12,18,19.0,19.0
fasterrcnn,cate2-00004,47,48,open,30,31,0,35,31,31.0,31.0
fasterrcnn,cate2-00004,47,48,half,30,31,18,35,31,31.0,31.0
fasterrcnn,cate2-00004,47,48,closed,30,31,35,35,31,31.0,31.0
fasterrcnn,cate2-00004,42,43,open,25,26,0,15,26,26.0,26.0
fasterrcnn,cate2-00004,42,43,half,25,26,8,15,26,26.0,26.0
fasterrcnn,cate2-00004,42,43,closed,25,26,15,15,26,26.0,26.0
fasterrcnn,cate2-00006,13,14,open,2,3,0,17,4,3.0,3.0
fasterrcnn,cate2-00006,13,14,half,2,3,8,17,3,3.0,3.0
fasterrcnn,cate2-00006,13,14,closed,2,3,17,17,3,3.0,3.0
fasterrcnn,cate2-00006,21,22,open,8,9,0,25,9,9.0,9.0
fasterrcnn,cate2-00006,21,22,half,8,9,12,25,8,9.0,8.0
fasterrcnn,cate2-00006,21,22,closed,8,9,25,25,0,9.0,8.0
fasterrcnn,cate2-00006,46,47,open,29,30,0,32,30,30.0,30.0
fasterrcnn,cate2-00006,46,47,half,29,30,16,32,30,30.0,30.0
fasterrcnn,cate2-00006,46,47,closed,29,30,32,32,29,30.0,29.0
fasterrcnn,cate2-00016,27,28,open,14,15,0,30,15,15.0,15.0
fasterrcnn,cate2-00016,27,28,half,14,15,15,30,15,15.0,15.0
fasterrcnn,cate2-00016,27,28,closed,14,15,30,30,15,15.0,14.0
fasterrcnn,cate2-00016,45,46,open,28,29,0,17,29,29.0,29.0
fasterrcnn,cate2-00016,45,46,half,28,29,8,17,28,29.0,29.0
fasterrcnn,cate2-00016,45,46,closed,28,29,17,17,28,29.0,29.0
fasterrcnn,cate2-00016,32,33,open,17,18,0,13,19,18.0,18.0
fasterrcnn,cate2-00016,32,33,half,17,18,6,13,18,18.0,18.0
fasterrcnn,cate2-00016,32,33,closed,17,18,13,13,18,18.0,18.0
fasterrcnn,cate2-00019,42,43,open,25,26,0,12,26,26.0,26.0
fasterrcnn,cate2-00019,42,43,half,25,26,6,12,25,26.0,26.0
fasterrcnn,cate2-00019,42,43,closed,25,26,12,12,25,26.0,26.0
fasterrcnn,cate2-00019,35,36,open,20,21,0,20,21,21.0,21.0
fasterrcnn,cate2-00019,35,36,half,20,21,10,20,21,21.0,21.0
fasterrcnn,cate2-00019,35,36,closed,20,21,20,20,20,21.0,21.0
fasterrcnn,cate2-00019,15,16,open,4,5,0,16,5,5.0,5.0
fasterrcnn,cate2-00019,15,16,half,4,5,8,16,5,5.0,5.0
fasterrcnn,cate2-00019,15,16,closed,4,5,16,16,5,5.0,5.0
fasterrcnn,cate2-00023,32,33,open,17,18,0,14,18,18.0,18.0
fasterrcnn,cate2-00023,32,33,half,17,18,7,14,18,18.0,18.0
fasterrcnn,cate2-00023,32,33,closed,17,18,14,14,18,18.0,18.0
fasterrcnn,cate2-00023,45,46,open,28,29,0,2,29,29.0,30.0
fasterrcnn,cate2-00023,45,46,half,28,29,1,2,29,29.0,29.0
fasterrcnn,cate2-00023,45,46,closed,28,29,2,2,29,29.0,29.0
fasterrcnn,cate2-00023,11,12,open,0,1,0,21,1,1.0,
fasterrcnn,cate2-00023,11,12,half,0,1,10,21,1,1.0,1.0
fasterrcnn,cate2-00023,11,12,closed,0,1,21,21,0,1.0,0.0
fasterrcnn,cate2-00032,26,27,open,13,14,0,31,14,14.0,14.0
fasterrcnn,cate2-00032,26,27,half,13,14,16,31,14,14.0,14.0
fasterrcnn,cate2-00032,26,27,closed,13,14,31,31,13,14.0,14.0
fasterrcnn,cate2-00032,33,34,open,18,19,0,14,19,19.0,19.0
fasterrcnn,cate2-00032,33,34,half,18,19,7,14,19,19.0,19.0
fasterrcnn,cate2-00032,33,34,closed,18,19,14,14,18,19.0,19.0
fasterrcnn,cate2-00033,44,45,open,27,28,0,15,28,28.0,28.0
fasterrcnn,cate2-00033,44,45,half,27,28,8,15,28,28.0,28.0
fasterrcnn,cate2-00033,44,45,closed,27,28,15,15,27,28.0,28.0
fasterrcnn,cate2-00033,45,46,open,28,29,0,16,29,29.0,29.0
fasterrcnn,cate2-00033,45,46,half,28,29,8,16,29,29.0,29.0
fasterrcnn,cate2-00033,45,46,closed,28,29,16,16,29,29.0,29.0
fasterrcnn,cate2-00033,36,37,open,21,22,0,40,22,22.0,22.0
fasterrcnn,cate2-00033,36,37,half,21,22,20,40,21,22.0,22.0
fasterrcnn,cate2-00033,36,37,closed,21,22,40,40,21,22.0,22.0
fasterrcnn,cate2-00101,16,17,open,5,6,0,26,7,6.0,6.0
fasterrcnn,cate2-00101,16,17,half,5,6,13,26,4,6.0,5.0
fasterrcnn,cate2-00101,16,17,closed,5,6,26,26,4,6.0,5.0
fasterrcnn,cate2-00101,27,28,open,14,15,0,23,15,15.0,15.0
fasterrcnn,cate2-00101,27,28,half,14,15,12,23,15,15.0,15.0
fasterrcnn,cate2-00101,27,28,closed,14,15,23,23,13,15.0,14.0
fasterrcnn,cate2-00101,45,46,open,28,29,0,19,29,29.0,29.0
fasterrcnn,cate2-00101,45,46,half,28,29,10,19,29,29.0,29.0
fasterrcnn,cate2-00101,45,46,closed,28,29,19,19,28,29.0,29.0
fasterrcnn,cate2-00103,41,42,open,24,25,0,8,25,25.0,25.0
fasterrcnn,cate2-00103,41,42,half,24,25,4,8,25,25.0,25.0
fasterrcnn,cate2-00103,41,42,closed,24,25,8,8,25,25.0,25.0
fasterrcnn,cate2-00103,25,26,open,12,13,0,18,13,13.0,13.0
fasterrcnn,cate2-00103,25,26,half,12,13,9,18,13,13.0,13.0
fasterrcnn,cate2-00103,25,26,closed,12,13,18,18,13,13.0,13.0
fasterrcnn,cate2-00103,33,34,open,18,19,0,11,19,19.0,19.0
fasterrcnn,cate2-00103,33,34,half,18,19,6,11,18,19.0,19.0
fasterrcnn,cate2-00103,33,34,closed,18,19,11,11,18,19.0,19.0
fasterrcnn,cate2-00109,45,46,open,28,29,0,16,29,29.0,29.0
fasterrcnn,cate2-00109,45,46,half,28,29,8,16,29,29.0,29.0
fasterrcnn,cate2-00109,45,46,closed,28,29,16,16,29,29.0,29.0
fasterrcnn,cate2-00109,37,38,open,22,23,0,32,23,23.0,23.0
fasterrcnn,cate2-00109,37,38,half,22,23,16,32,22,23.0,23.0
fasterrcnn,cate2-00109,37,38,closed,22,23,32,32,22,23.0,22.0
fasterrcnn,cate2-00109,42,43,open,25,26,0,14,26,26.0,26.0
fasterrcnn,cate2-00109,42,43,half,25,26,7,14,26,26.0,26.0
fasterrcnn,cate2-00109,42,43,closed,25,26,14,14,26,26.0,26.0
fasterrcnn,cate2-00110,41,42,open,24,25,0,9,24,25.0,25.0
fasterrcnn,cate2-00110,41,42,half,24,25,4,9,24,25.0,25.0
fasterrcnn,cate2-00110,41,42,closed,24,25,9,9,16,25.0,25.0
fasterrcnn,cate2-00110,37,38,open,22,23,0,26,23,23.0,23.0
fasterrcnn,cate2-00110,37,38,half,22,23,13,26,23,23.0,23.0
fasterrcnn,cate2-00110,37,38,closed,22,23,26,26,22,23.0,23.0
fasterrcnn,cate2-00110,32,33,open,17,18,0,13,18,18.0,18.0
fasterrcnn,cate2-00110,32,33,half,17,18,6,13,18,18.0,18.0
fasterrcnn,cate2-00110,32,33,closed,17,18,13,13,18,18.0,18.0
fasterrcnn,cate2-00122,21,22,open,8,9,0,20,9,9.0,9.0
fasterrcnn,cate2-00122,21,22,half,8,9,10,20,8,9.0,9.0
fasterrcnn,cate2-00122,21,22,closed,8,9,20,20,8,9.0,8.0
fasterrcnn,cate2-00122,13,14,open,2,3,0,14,4,3.0,3.0
fasterrcnn,cate2-00122,13,14,half,2,3,7,14,4,3.0,4.0
fasterrcnn,cate2-00122,13,14,closed,2,3,14,14,3,3.0,4.0
fasterrcnn,cate2-00122,24,25,open,11,12,0,19,12,12.0,12.0
fasterrcnn,cate2-00122,24,25,half,11,12,10,19,11,12.0,12.0
fasterrcnn,cate2-00122,24,25,closed,11,12,19,19,11,12.0,11.0
fasterrcnn,cate2-00123,25,26,open,12,13,0,16,13,13.0,13.0
fasterrcnn,cate2-00123,25,26,half,12,13,8,16,13,13.0,13.0
fasterrcnn,cate2-00123,25,26,closed,12,13,16,16,13,13.0,13.0
fasterrcnn,cate2-00123,11,12,open,0,1,0,20,1,1.0,1.0
fasterrcnn,cate2-00123,11,12,half,0,1,10,20,1,1.0,0.0
fasterrcnn,cate2-00123,11,12,closed,0,1,20,20,0,1.0,0.0
fasterrcnn,cate2-00123,26,27,open,13,14,0,27,15,14.0,14.0
fasterrcnn,cate2-00123,26,27,half,13,14,14,27,14,14.0,13.0
fasterrcnn,cate2-00123,26,27,closed,13,14,27,27,13,14.0,13.0
fasterrcnn,cate3-00003,15,16,open,4,5,0,16,5,5.0,5.0
fasterrcnn,cate3-00003,15,16,half,4,5,8,16,5,5.0,5.0
fasterrcnn,cate3-00003,15,16,closed,4,5,16,16,5,5.0,5.0
fasterrcnn,cate3-00003,32,33,open,17,18,0,19,18,18.0,18.0
fasterrcnn,cate3-00003,32,33,half,17,18,10,19,18,18.0,18.0
fasterrcnn,cate3-00003,32,33,closed,17,18,19,19,17,18.0,18.0
fasterrcnn,cate3-00003,42,43,open,25,26,0,15,26,26.0,26.0
fasterrcnn,cate3-00003,42,43,half,25,26,8,15,26,26.0,26.0
fasterrcnn,cate3-00003,42,43,closed,25,26,15,15,26,26.0,26.0
fasterrcnn,cate3-00007,23,24,open,10,11,0,16,11,11.0,11.0
fasterrcnn,cate3-00007,23,24,half,10,11,8,16,11,11.0,11.0
fasterrcnn,cate3-00007,23,24,closed,10,11,16,16,11,11.0,10.0
fasterrcnn,cate3-00007,35,36,open,20,21,0,19,21,21.0,21.0
fasterrcnn,cate3-00007,35,36,half,20,21,10,19,21,21.0,21.0
fasterrcnn,cate3-00007,35,36,closed,20,21,19,19,21,21.0,21.0
fasterrcnn,cate3-00007,16,17,open,5,6,0,29,7,6.0,6.0
fasterrcnn,cate3-00007,16,17,half,5,6,14,29,6,6.0,6.0
fasterrcnn,cate3-00007,16,17,closed,5,6,29,29,6,6.0,6.0
fasterrcnn,cate3-00027,22,23,open,9,10,0,21,10,10.0,10.0
fasterrcnn,cate3-00027,22,23,half,9,10,10,21,10,10.0,10.0
fasterrcnn,cate3-00027,22,23,closed,9,10,21,21,10,10.0,10.0
fasterrcnn,cate3-00027,15,16,open,4,5,0,20,5,5.0,5.0
fasterrcnn,cate3-00027,15,16,half,4,5,10,20,5,5.0,5.0
fasterrcnn,cate3-00027,15,16,closed,4,5,20,20,5,5.0,5.0
fasterrcnn,cate3-00027,14,15,open,3,4,0,23,5,4.0,4.0
fasterrcnn,cate3-00027,14,15,half,3,4,12,23,4,4.0,4.0
fasterrcnn,cate3-00027,14,15,closed,3,4,23,23,3,4.0,3.0
fasterrcnn,cate4-00069,21,22,open,8,9,0,19,9,9.0,9.0
fasterrcnn,cate4-00069,21,22,half,8,9,10,19,9,9.0,9.0
fasterrcnn,cate4-00069,21,22,closed,8,9,19,19,8,9.0,9.0
fasterrcnn,cate4-00069,24,25,open,11,12,0,20,12,12.0,12.0
fasterrcnn,cate4-00069,24,25,half,11,12,10,20,12,12.0,12.0
fasterrcnn,cate4-00069,24,25,closed,11,12,20,20,12,12.0,11.0
fasterrcnn,cate4-00069,44,45,open,27,28,0,23,28,28.0,28.0
fasterrcnn,cate4-00069,44,45,half,27,28,12,23,27,28.0,28.0
fasterrcnn,cate4-00069,44,45,closed,27,28,23,23,27,28.0,27.0
fasterrcnn,cate4-00087,45,46,open,28,29,0,20,29,29.0,29.0
fasterrcnn,cate4-00087,45,46,half,28,29,10,20,29,29.0,29.0
fasterrcnn,cate4-00087,45,46,closed,28,29,20,20,29,29.0,29.0
fasterrcnn,cate4-00087,14,15,open,3,4,0,16,4,4.0,4.0
fasterrcnn,cate4-00087,14,15,half,3,4,8,16,4,4.0,4.0
fasterrcnn,cate4-00087,14,15,closed,3,4,16,16,3,4.0,4.0
fasterrcnn,cate4-00087,23,24,open,10,11,0,20,11,11.0,11.0
fasterrcnn,cate4-00087,23,24,half,10,11,10,20,10,11.0,11.0
fasterrcnn,cate4-00087,23,24,closed,10,11,20,20,10,11.0,10.0
fasterrcnn,cate4-00089,26,27,open,13,14,0,26,14,14.0,14.0
fasterrcnn,cate4-00089,26,27,half,13,14,13,26,14,14.0,14.0
fasterrcnn,cate4-00089,26,27,closed,13,14,26,26,13,14.0,13.0
fasterrcnn,cate4-00089,12,13,open,1,2,0,9,2,2.0,2.0
fasterrcnn,cate4-00089,12,13,half,1,2,4,9,1,2.0,2.0
fasterrcnn,cate4-00089,12,13,closed,1,2,9,9,1,2.0,2.0
fasterrcnn,cate4-00089,36,37,open,21,22,0,32,22,22.0,22.0
fasterrcnn,cate4-00089,36,37,half,21,22,16,32,22,22.0,22.0
fasterrcnn,cate4-00089,36,37,closed,21,22,32,32,22,22.0,21.0
fasterrcnn,cate4-00094,42,43,open,25,26,0,16,26,26.0,26.0
fasterrcnn,cate4-00094,42,43,half,25,26,8,16,26,26.0,26.0
fasterrcnn,cate4-00094,42,43,closed,25,26,16,16,26,26.0,26.0
fasterrcnn,cate4-00094,35,36,open,20,21,0,21,21,21.0,21.0
fasterrcnn,cate4-00094,35,36,half,20,21,10,21,21,21.0,21.0
fasterrcnn,cate4-00094,35,36,closed,20,21,21,21,21,21.0,21.0
fasterrcnn,cate4-00094,25,26,open,12,13,0,20,13,13.0,13.0
fasterrcnn,cate4-00094,25,26,half,12,13,10,20,13,13.0,13.0
fasterrcnn,cate4-00094,25,26,closed,12,13,20,20,13,13.0,13.0
fasterrcnn,cate4-00099,44,45,open,27,28,0,20,28,28.0,28.0
fasterrcnn,cate4-00099,44,45,half,27,28,10,20,28,28.0,28.0
fasterrcnn,cate4-00099,44,45,closed,27,28,20,20,27,28.0,27.0
fasterrcnn,cate4-00099,47,48,open,30,31,0,38,31,31.0,31.0
fasterrcnn,cate4-00099,47,48,half,30,31,19,38,31,31.0,31.0
fasterrcnn,cate4-00099,47,48,closed,30,31,38,38,31,31.0,31.0
fasterrcnn,cate4-00099,13,14,open,2,3,0,13,3,4.0,4.0
fasterrcnn,cate4-00099,13,14,half,2,3,6,13,3,4.0,4.0
fasterrcnn,cate4-00099,13,14,closed,2,3,13,13,3,4.0,3.0
fasterrcnn,cate4-00111,37,38,open,22,23,0,33,23,23.0,23.0
fasterrcnn,cate4-00111,37,38,half,22,23,16,33,23,23.0,23.0
fasterrcnn,cate4-00111,37,38,closed,22,23,33,33,23,23.0,23.0
fasterrcnn,cate4-00111,16,17,open,5,6,0,24,6,6.0,6.0
fasterrcnn,cate4-00111,16,17,half,5,6,12,24,6,6.0,6.0
fasterrcnn,cate4-00111,16,17,closed,5,6,24,24,6,6.0,6.0
fasterrcnn,cate4-00111,17,18,open,6,7,0,24,7,7.0,
fasterrcnn,cate4-00111,17,18,half,6,7,12,24,7,7.0,7.0
fasterrcnn,cate4-00111,17,18,closed,6,7,24,24,7,7.0,
fasterrcnn,cate5-00001,33,34,open,18,19,0,13,19,19.0,18.0
fasterrcnn,cate5-00001,33,34,half,18,19,6,13,19,19.0,19.0
fasterrcnn,cate5-00001,33,34,closed,18,19,13,13,18,19.0,18.0
fasterrcnn,cate5-00001,32,33,open,17,18,0,15,18,18.0,18.0
fasterrcnn,cate5-00001,32,33,half,17,18,8,15,18,18.0,18.0
fasterrcnn,cate5-00001,32,33,closed,17,18,15,15,17,18.0,18.0
fasterrcnn,cate5-00024,41,42,open,24,25,0,12,24,25.0,25.0
fasterrcnn,cate5-00024,41,42,half,24,25,6,12,16,25.0,24.0
fasterrcnn,cate5-00024,41,42,closed,24,25,12,12,16,25.0,16.0
fasterrcnn,cate5-00024,36,37,open,21,22,0,31,23,23.0,23.0
fasterrcnn,cate5-00024,36,37,half,21,22,16,31,22,23.0,23.0
fasterrcnn,cate5-00024,36,37,closed,21,22,31,31,21,23.0,20.0
fasterrcnn,cate5-00024,31,32,open,16,17,0,7,18,17.0,17.0
fasterrcnn,cate5-00024,31,32,half,16,17,4,7,17,17.0,17.0
fasterrcnn,cate5-00024,31,32,closed,16,17,7,7,17,17.0,17.0
fasterrcnn,cate5-00025,31,32,open,16,17,0,9,17,17.0,17.0
fasterrcnn,cate5-00025,31,32,half,16,17,4,9,16,17.0,16.0
fasterrcnn,cate5-00025,31,32,closed,16,17,9,9,16,17.0,16.0
fasterrcnn,cate5-00025,42,43,open,25,26,0,11,25,26.0,26.0
fasterrcnn,cate5-00025,42,43,half,25,26,6,11,25,26.0,26.0
fasterrcnn,cate5-00025,42,43,closed,25,26,11,11,25,26.0,26.0
fasterrcnn,cate5-00025,32,33,open,17,18,0,14,17,18.0,19.0
fasterrcnn,cate5-00025,32,33,half,17,18,7,14,17,18.0,19.0
fasterrcnn,cate5-00025,32,33,closed,17,18,14,14,16,18.0,18.0
fasterrcnn,cate5-00060,33,34,open,18,19,0,11,19,19.0,18.0
fasterrcnn,cate5-00060,33,34,half,18,19,6,11,19,19.0,18.0
fasterrcnn,cate5-00060,33,34,closed,18,19,11,11,18,19.0,18.0
fasterrcnn,cate5-00060,34,35,open,19,20,0,17,19,20.0,20.0
fasterrcnn,cate5-00060,34,35,half,19,20,8,17,19,20.0,19.0
fasterrcnn,cate5-00060,34,35,closed,19,20,17,17,19,20.0,19.0
fasterrcnn,cate5-00060,31,32,open,16,17,0,14,17,17.0,16.0
fasterrcnn,cate5-00060,31,32,half,16,17,7,14,17,17.0,16.0
fasterrcnn,cate5-00060,31,32,closed,16,17,14,14,16,17.0,16.0
fasterrcnn,cate5-00067,12,13,open,1,2,0,16,2,2.0,2.0
fasterrcnn,cate5-00067,12,13,half,1,2,8,16,2,2.0,2.0
fasterrcnn,cate5-00067,12,13,closed,1,2,16,16,2,2.0,1.0
fasterrcnn,cate5-00067,41,42,open,24,25,0,13,25,25.0,25.0
fasterrcnn,cate5-00067,41,42,half,24,25,6,13,25,25.0,24.0
fasterrcnn,cate5-00067,41,42,closed,24,25,13,13,24,25.0,24.0
fasterrcnn,cate5-00067,22,23,open,9,10,0,15,10,10.0,10.0
fasterrcnn,cate5-00067,22,23,half,9,10,8,15,10,10.0,10.0
fasterrcnn,cate5-00067,22,23,closed,9,10,15,15,10,10.0,10.0
fasterrcnn,cate5-00072,31,32,open,16,17,0,15,16,17.0,17.0
fasterrcnn,cate5-00072,31,32,half,16,17,8,15,16,17.0,17.0
fasterrcnn,cate5-00072,31,32,closed,16,17,15,15,24,17.0,16.0
fasterrcnn,cate5-00072,24,25,open,11,12,0,16,11,12.0,13.0
fasterrcnn,cate5-00072,24,25,half,11,12,8,16,11,12.0,13.0
fasterrcnn,cate5-00072,24,25,closed,11,12,16,16,11,12.0,12.0
fasterrcnn,cate5-00072,25,26,open,12,13,0,22,13,14.0,14.0
fasterrcnn,cate5-00072,25,26,half,12,13,11,22,13,14.0,14.0
fasterrcnn,cate5-00072,25,26,closed,12,13,22,22,11,14.0,13.0
fasterrcnn,cate5-00084,31,32,open,16,17,0,13,17,17.0,17.0
fasterrcnn,cate5-00084,31,32,half,16,17,6,13,16,17.0,17.0
fasterrcnn,cate5-00084,31,32,closed,16,17,13,13,24,17.0,17.0
fasterrcnn,cate5-00084,26,27,open,13,14,0,29,14,14.0,14.0
fasterrcnn,cate5-00084,26,27,half,13,14,14,29,14,14.0,14.0
fasterrcnn,cate5-00084,26,27,closed,13,14,29,29,13,14.0,14.0
fasterrcnn,cate5-00084,34,35,open,19,20,0,19,20,20.0,20.0
fasterrcnn,cate5-00084,34,35,half,19,20,10,19,19,20.0,20.0
fasterrcnn,cate5-00084,34,35,closed,19,20,19,19,19,20.0,19.0
fasterrcnn,cate5-00109,42,43,open,25,26,0,13,26,26.0,26.0
fasterrcnn,cate5-00109,42,43,half,25,26,6,13,25,26.0,26.0
fasterrcnn,cate5-00109,42,43,closed,25,26,13,13,24,26.0,26.0
fasterrcnn,cate5-00109,41,42,open,24,25,0,11,24,25.0,25.0
fasterrcnn,cate5-00109,41,42,half,24,25,6,11,24,25.0,25.0
fasterrcnn,cate5-00109,41,42,closed,24,25,11,11,24,25.0,25.0
fasterrcnn,cate5-00109,32,33,open,17,18,0,13,18,18.0,18.0
fasterrcnn,cate5-00109,32,33,half,17,18,6,13,18,18.0,18.0
fasterrcnn,cate5-00109,32,33,closed,17,18,13,13,18,18.0,18.0
fasterrcnn,cate6-00021,25,26,open,12,13,0,19,14,13.0,13.0
fasterrcnn,cate6-00021,25,26,half,12,13,10,19,13,13.0,13.0
fasterrcnn,cate6-00021,25,26,closed,12,13,19,19,13,13.0,13.0
fasterrcnn,cate6-00021,32,33,open,17,18,0,12,18,18.0,18.0
fasterrcnn,cate6-00021,32,33,half,17,18,6,12,17,18.0,18.0
fasterrcnn,cate6-00021,32,33,closed,17,18,12,12,17,18.0,18.0
fasterrcnn,cate6-00027,33,34,open,18,19,0,19,19,19.0,19.0
fasterrcnn,cate6-00027,33,34,half,18,19,10,19,19,19.0,19.0
fasterrcnn,cate6-00027,33,34,closed,18,19,19,19,18,19.0,19.0
fasterrcnn,cate6-00027,27,28,open,14,15,0,21,15,15.0,15.0
fasterrcnn,cate6-00027,27,28,half,14,15,10,21,15,15.0,15.0
fasterrcnn,cate6-00027,27,28,closed,14,15,21,21,15,15.0,15.0
fasterrcnn,cate6-00027,21,22,open,8,9,0,22,9,9.0,9.0
fasterrcnn,cate6-00027,21,22,half,8,9,11,22,9,9.0,9.0
fasterrcnn,cate6-00027,21,22,closed,8,9,22,22,8,9.0,8.0
fasterrcnn,cate6-00051,26,27,open,13,14,0,30,15,15.0,14.0
fasterrcnn,cate6-00051,26,27,half,13,14,15,30,14,15.0,14.0
fasterrcnn,cate6-00051,26,27,closed,13,14,30,30,12,15.0,14.0
fasterrcnn,cate6-00051,31,32,open,16,17,0,7,17,17.0,
fasterrcnn,cate6-00051,31,32,half,16,17,4,7,17,17.0,17.0
fasterrcnn,cate6-00051,31,32,closed,16,17,7,7,16,17.0,17.0
fasterrcnn,cate6-00051,25,26,open,12,13,0,23,14,13.0,13.0
fasterrcnn,cate6-00051,25,26,half,12,13,12,23,13,13.0,13.0
fasterrcnn,cate6-00051,25,26,closed,12,13,23,23,11,13.0,13.0
fasterrcnn,cate6-00123,12,13,open,1,2,0,26,2,2.0,2.0
fasterrcnn,cate6-00123,12,13,half,1,2,13,26,2,2.0,14.0
fasterrcnn,cate6-00123,12,13,closed,1,2,26,26,0,2.0,2.0
fasterrcnn,cate6-00123,26,27,open,13,14,0,0,14,14.0,14.0
fasterrcnn,cate6-00123,26,27,half,13,14,0,0,14,14.0,14.0
fasterrcnn,cate6-00123,26,27,closed,13,14,0,0,14,14.0,14.0
fasterrcnn,cate6-00144,25,26,open,12,13,0,1,12,13.0,13.0
fasterrcnn,cate6-00144,25,26,half,12,13,0,1,12,13.0,13.0
fasterrcnn,cate6-00144,25,26,closed,12,13,1,1,13,13.0,13.0
fasterrcnn,cate6-00144,46,47,open,29,30,0,29,29,30.0,30.0
fasterrcnn,cate6-00144,46,47,half,29,30,14,29,29,30.0,30.0
fasterrcnn,cate6-00144,46,47,closed,29,30,29,29,29,30.0,29.0
fasterrcnn,cate6-00147,23,24,open,10,11,0,5,10,11.0,11.0
fasterrcnn,cate6-00147,23,24,half,10,11,2,5,10,11.0,11.0
fasterrcnn,cate6-00147,23,24,closed,10,11,5,5,10,11.0,11.0
fasterrcnn,cate6-00147,33,34,open,18,19,0,0,19,18.0,18.0
fasterrcnn,cate6-00147,33,34,half,18,19,0,0,19,18.0,18.0
fasterrcnn,cate6-00147,33,34,closed,18,19,0,0,19,18.0,18.0
fasterrcnn,cate7-00004,44,45,open,27,28,0,19,28,28.0,28.0
fasterrcnn,cate7-00004,44,45,half,27,28,10,19,28,28.0,28.0
fasterrcnn,cate7-00004,44,45,closed,27,28,19,19,28,28.0,27.0
fasterrcnn,cate7-00004,14,15,open,3,4,0,17,4,4.0,4.0
fasterrcnn,cate7-00004,14,15,half,3,4,8,17,4,4.0,4.0
fasterrcnn,cate7-00004,14,15,closed,3,4,17,17,3,4.0,3.0
fasterrcnn,cate7-00004,41,42,open,24,25,0,12,25,25.0,25.0
fasterrcnn,cate7-00004,41,42,half,24,25,6,12,25,25.0,25.0
fasterrcnn,cate7-00004,41,42,closed,24,25,12,12,24,25.0,25.0
fasterrcnn,cate7-00008,31,32,open,16,17,0,12,17,17.0,17.0
fasterrcnn,cate7-00008,31,32,half,16,17,6,12,17,17.0,17.0
fasterrcnn,cate7-00008,31,32,closed,16,17,12,12,16,17.0,16.0
fasterrcnn,cate7-00008,22,23,open,9,10,0,18,11,10.0,10.0
fasterrcnn,cate7-00008,22,23,half,9,10,9,18,10,10.0,10.0
fasterrcnn,cate7-00008,22,23,closed,9,10,18,18,10,10.0,10.0
fasterrcnn,cate7-00008,37,38,open,22,23,0,26,23,23.0,23.0
fasterrcnn,cate7-00008,37,38,half,22,23,13,26,23,23.0,23.0
fasterrcnn,cate7-00008,37,38,closed,22,23,26,26,23,23.0,23.0
fasterrcnn,cate7-00033,32,33,open,17,18,0,17,18,18.0,18.0
fasterrcnn,cate7-00033,32,33,half,17,18,8,17,18,18.0,18.0
fasterrcnn,cate7-00033,32,33,closed,17,18,17,17,18,18.0,18.0
fasterrcnn,cate7-00033,34,35,open,19,20,0,16,20,20.0,20.0
fasterrcnn,cate7-00033,34,35,half,19,20,8,16,20,20.0,20.0
fasterrcnn,cate7-00033,34,35,closed,19,20,16,16,20,20.0,19.0
fasterrcnn,cate7-00033,21,22,open,8,9,0,20,9,9.0,9.0
fasterrcnn,cate7-00033,21,22,half,8,9,10,20,8,9.0,9.0
fasterrcnn,cate7-00033,21,22,closed,8,9,20,20,8,9.0,8.0
fasterrcnn,cate7-00050,24,25,open,11,12,0,14,12,11.0,12.0
fasterrcnn,cate7-00050,24,25,half,11,12,7,14,12,11.0,12.0
fasterrcnn,cate7-00050,24,25,closed,11,12,14,14,12,11.0,11.0
fasterrcnn,cate7-00050,17,18,open,6,7,0,34,6,6.0,6.0
fasterrcnn,cate7-00050,17,18,half,6,7,17,34,6,6.0,5.0
fasterrcnn,cate7-00050,17,18,closed,6,7,34,34,4,6.0,5.0
fasterrcnn,cate7-00050,22,23,open,9,10,0,12,10,10.0,10.0
fasterrcnn,cate7-00050,22,23,half,9,10,6,12,10,10.0,10.0
fasterrcnn,cate7-00050,22,23,closed,9,10,12,12,9,10.0,9.0
fasterrcnn,cate7-00054,11,12,open,0,1,0,16,1,1.0,
fasterrcnn,cate7-00054,11,12,half,0,1,8,16,0,1.0,1.0
fasterrcnn,cate7-00054,11,12,closed,0,1,16,16,0,1.0,0.0
fasterrcnn,cate7-00054,36,37,open,21,22,0,37,22,23.0,23.0
fasterrcnn,cate7-00054,36,37,half,21,22,18,37,22,23.0,22.0
fasterrcnn,cate7-00054,36,37,closed,21,22,37,37,21,23.0,22.0
fasterrcnn,cate7-00054,41,42,open,24,25,0,11,25,25.0,25.0
fasterrcnn,cate7-00054,41,42,half,24,25,6,11,25,25.0,25.0
fasterrcnn,cate7-00054,41,42,closed,24,25,11,11,25,25.0,25.0
fasterrcnn,cate7-00056,22,23,open,9,10,0,16,11,10.0,10.0
fasterrcnn,cate7-00056,22,23,half,9,10,8,16,10,10.0,10.0
fasterrcnn,cate7-00056,22,23,closed,9,10,16,16,10,10.0,10.0
fasterrcnn,cate7-00056,44,45,open,27,28,0,16,28,28.0,28.0
fasterrcnn,cate7-00056,44,45,half,27,28,8,16,28,28.0,28.0
fasterrcnn,cate7-00056,44,45,closed,27,28,16,16,28,28.0,28.0
fasterrcnn,cate7-00056,11,12,open,0,1,0,22,0,1.0,0.0
fasterrcnn,cate7-00056,11,12,half,0,1,11,22,0,1.0,1.0
fasterrcnn,cate7-00056,11,12,closed,0,1,22,22,8,1.0,0.0
fasterrcnn,cate7-00098,25,26,open,12,13,0,12,13,13.0,13.0
fasterrcnn,cate7-00098,25,26,half,12,13,6,12,13,13.0,13.0
fasterrcnn,cate7-00098,25,26,closed,12,13,12,12,13,13.0,13.0
fasterrcnn,cate7-00098,26,27,open,13,14,0,28,14,14.0,14.0
fasterrcnn,cate7-00098,26,27,half,13,14,14,28,13,14.0,14.0
fasterrcnn,cate7-00098,26,27,closed,13,14,28,28,13,14.0,13.0
fasterrcnn,cate7-00098,13,14,open,2,3,0,6,3,3.0,3.0
fasterrcnn,cate7-00098,13,14,half,2,3,3,6,3,3.0,3.0
fasterrcnn,cate7-00098,13,14,closed,2,3,6,6,3,3.0,3.0
fasterrcnn,cate8-00011,32,33,open,17,18,0,18,18,18.0,18.0
fasterrcnn,cate8-00011,32,33,half,17,18,9,18,17,18.0,18.0
fasterrcnn,cate8-00011,32,33,closed,17,18,18,18,17,18.0,18.0
fasterrcnn,cate8-00011,15,16,open,4,5,0,20,6,5.0,5.0
fasterrcnn,cate8-00011,15,16,half,4,5,10,20,5,5.0,5.0
fasterrcnn,cate8-00011,15,16,closed,4,5,20,20,5,5.0,5.0
fasterrcnn,cate8-00011,11,12,open,0,1,0,24,1,1.0,1.0
fasterrcnn,cate8-00011,11,12,half,0,1,12,24,1,1.0,1.0
fasterrcnn,cate8-00011,11,12,closed,0,1,24,24,0,1.0,0.0
fasterrcnn,cate8-00022,43,44,open,26,27,0,15,26,26.0,26.0
fasterrcnn,cate8-00022,43,44,half,26,27,8,15,26,26.0,26.0
fasterrcnn,cate8-00022,43,44,closed,26,27,15,15,26,26.0,26.0
fasterrcnn,cate8-00022,26,27,open,13,14,0,30,14,14.0,14.0
fasterrcnn,cate8-00022,26,27,half,13,14,15,30,14,14.0,14.0
fasterrcnn,cate8-00022,26,27,closed,13,14,30,30,13,14.0,14.0
fasterrcnn,cate8-00022,15,16,open,4,5,0,17,5,5.0,5.0
fasterrcnn,cate8-00022,15,16,half,4,5,8,17,5,5.0,5.0
fasterrcnn,cate8-00022,15,16,closed,4,5,17,17,5,5.0,5.0
fasterrcnn,cate8-00041,15,16,open,4,5,0,21,5,5.0,5.0
fasterrcnn,cate8-00041,15,16,half,4,5,10,21,5,5.0,5.0
fasterrcnn,cate8-00041,15,16,closed,4,5,21,21,5,5.0,5.0
fasterrcnn,cate8-00041,26,27,open,13,14,0,25,14,14.0,14.0
fasterrcnn,cate8-00041,26,27,half,13,14,12,25,14,14.0,14.0
fasterrcnn,cate8-00041,26,27,closed,13,14,25,25,14,14.0,13.0
fasterrcnn,cate8-00041,16,17,open,5,6,0,26,6,6.0,6.0
fasterrcnn,cate8-00041,16,17,half,5,6,13,26,6,6.0,6.0
fasterrcnn,cate8-00041,16,17,closed,5,6,26,26,6,6.0,5.0
fasterrcnn,cate8-00051,24,25,open,11,12,0,26,13,12.0,12.0
fasterrcnn,cate8-00051,24,25,half,11,12,13,26,12,12.0,12.0
fasterrcnn,cate8-00051,24,25,closed,11,12,26,26,12,12.0,12.0
fasterrcnn,cate8-00051,36,37,open,21,22,0,35,22,22.0,22.0
fasterrcnn,cate8-00051,36,37,half,21,22,18,35,22,22.0,21.0
fasterrcnn,cate8-00051,36,37,closed,21,22,35,35,22,22.0,21.0
fasterrcnn,cate8-00051,37,38,open,22,23,0,34,23,23.0,23.0
fasterrcnn,cate8-00051,37,38,half,22,23,17,34,14,23.0,22.0
fasterrcnn,cate8-00051,37,38,closed,22,23,34,34,14,23.0,22.0
fasterrcnn,cate8-00087,33,34,open,18,19,0,18,19,19.0,19.0
fasterrcnn,cate8-00087,33,34,half,18,19,9,18,19,19.0,19.0
fasterrcnn,cate8-00087,33,34,closed,18,19,18,18,18,19.0,18.0
fasterrcnn,cate8-00087,34,35,open,19,20,0,22,20,20.0,20.0
fasterrcnn,cate8-00087,34,35,half,19,20,11,22,19,20.0,20.0
fasterrcnn,cate8-00087,34,35,closed,19,20,22,22,19,20.0,20.0
fasterrcnn,cate8-00087,21,22,open,8,9,0,20,9,9.0,9.0
fasterrcnn,cate8-00087,21,22,half,8,9,10,20,9,9.0,9.0
fasterrcnn,cate8-00087,21,22,closed,8,9,20,20,8,9.0,9.0
fasterrcnn,cate8-00094,23,24,open,10,11,0,19,11,11.0,11.0
fasterrcnn,cate8-00094,23,24,half,10,11,10,19,11,11.0,11.0
fasterrcnn,cate8-00094,23,24,closed,10,11,19,19,10,11.0,11.0
fasterrcnn,cate8-00094,11,12,open,0,1,0,14,1,1.0,
fasterrcnn,cate8-00094,11,12,half,0,1,7,14,0,1.0,0.0
fasterrcnn,cate8-00094,11,12,closed,0,1,14,14,0,1.0,0.0
fasterrcnn,cate8-00094,31,32,open,16,17,0,13,17,17.0,17.0
fasterrcnn,cate8-00094,31,32,half,16,17,6,13,17,17.0,16.0
fasterrcnn,cate8-00094,31,32,closed,16,17,13,13,16,17.0,16.0
fasterrcnn,cate8-00095,41,42,open,24,25,0,11,26,25.0,25.0
fasterrcnn,cate8-00095,41,42,half,24,25,6,11,25,25.0,24.0
fasterrcnn,cate8-00095,41,42,closed,24,25,11,11,25,25.0,25.0
fasterrcnn,cate8-00095,12,13,open,1,2,0,12,3,2.0,2.0
fasterrcnn,cate8-00095,12,13,half,1,2,6,12,2,2.0,2.0
fasterrcnn,cate8-00095,12,13,closed,1,2,12,12,2,2.0,2.0
fasterrcnn,cate8-00095,31,32,open,16,17,0,11,16,17.0,17.0
fasterrcnn,cate8-00095,31,32,half,16,17,6,11,16,17.0,17.0
fasterrcnn,cate8-00095,31,32,closed,16,17,11,11,24,17.0,16.0
fasterrcnn,cate8-00102,35,36,open,20,21,0,20,21,21.0,21.0
fasterrcnn,cate8-00102,35,36,half,20,21,10,20,21,21.0,21.0
fasterrcnn,cate8-00102,35,36,closed,20,21,20,20,20,21.0,21.0
fasterrcnn,cate8-00102,22,23,open,9,10,0,16,10,10.0,10.0
fasterrcnn,cate8-00102,22,23,half,9,10,8,16,10,10.0,10.0
fasterrcnn,cate8-00102,22,23,closed,9,10,16,16,9,10.0,10.0
fasterrcnn,cate8-00102,41,42,open,24,25,0,13,25,25.0,25.0
fasterrcnn,cate8-00102,41,42,half,24,25,6,13,25,25.0,25.0
fasterrcnn,cate8-00102,41,42,closed,24,25,13,13,24,25.0,25.0
fasterrcnn,cate8-00159,32,33,open,17,18,0,16,18,18.0,18.0
fasterrcnn,cate8-00159,32,33,half,17,18,8,16,18,18.0,17.0
fasterrcnn,cate8-00159,32,33,closed,17,18,16,16,17,18.0,17.0
fasterrcnn,cate8-00159,15,16,open,4,5,0,17,5,5.0,5.0
fasterrcnn,cate8-00159,15,16,half,4,5,8,17,5,5.0,5.0
fasterrcnn,cate8-00159,15,16,closed,4,5,17,17,5,5.0,5.0
fasterrcnn,cate8-00159,34,35,open,19,20,0,19,19,20.0,20.0
fasterrcnn,cate8-00159,34,35,half,19,20,10,19,19,20.0,20.0
fasterrcnn,cate8-00159,34,35,closed,19,20,19,19,19,20.0,19.0
fasterrcnn,cate8-00174,41,42,open,24,25,0,15,25,26.0,26.0
fasterrcnn,cate8-00174,41,42,half,24,25,8,15,25,26.0,27.0
fasterrcnn,cate8-00174,41,42,closed,24,25,15,15,25,26.0,26.0
fasterrcnn,cate8-00174,22,23,open,9,10,0,20,10,,
fasterrcnn,cate8-00174,22,23,half,9,10,10,20,10,,8.0
fasterrcnn,cate8-00174,22,23,closed,9,10,20,20,9,,8.0
fasterrcnn,cate8-00174,31,32,open,16,17,0,18,17,17.0,
fasterrcnn,cate8-00174,31,32,half,16,17,9,18,16,17.0,
fasterrcnn,cate8-00174,31,32,closed,16,17,18,18,16,17.0,25.0
fasterrcnn,cate8-00210,42,43,open,25,26,0,16,26,26.0,26.0
fasterrcnn,cate8-00210,42,43,half,25,26,8,16,26,26.0,26.0
fasterrcnn,cate8-00210,42,43,closed,25,26,16,16,26,26.0,26.0
fasterrcnn,cate8-00210,23,24,open,10,11,0,19,11,11.0,11.0
fasterrcnn,cate8-00210,23,24,half,10,11,10,19,10,11.0,10.0
fasterrcnn,cate8-00210,23,24,closed,10,11,19,19,10,11.0,10.0
fasterrcnn,cate8-00210,25,26,open,12,13,0,19,13,13.0,13.0
fasterrcnn,cate8-00210,25,26,half,12,13,10,19,13,13.0,13.0
fasterrcnn,cate8-00210,25,26,closed,12,13,19,19,13,13.0,13.0
fasterrcnn,cate8-00221,42,43,open,25,26,0,13,26,26.0,26.0
fasterrcnn,cate8-00221,42,43,half,25,26,6,13,26,26.0,26.0
fasterrcnn,cate8-00221,42,43,closed,25,26,13,13,25,26.0,26.0
fasterrcnn,cate8-00221,16,17,open,5,6,0,27,6,7.0,7.0
fasterrcnn,cate8-00221,16,17,half,5,6,14,27,6,7.0,6.0
fasterrcnn,cate8-00221,16,17,closed,5,6,27,27,5,7.0,6.0
fasterrcnn,cate8-00221,43,44,open,26,27,0,16,27,27.0,27.0
fasterrcnn,cate8-00221,43,44,half,26,27,8,16,26,27.0,27.0
fasterrcnn,cate8-00221,43,44,closed,26,27,16,16,26,27.0,27.0
fasterrcnn,cate8-00260,33,34,open,18,19,0,14,19,19.0,19.0
fasterrcnn,cate8-00260,33,34,half,18,19,7,14,19,19.0,19.0
fasterrcnn,cate8-00260,33,34,closed,18,19,14,14,18,19.0,19.0
fasterrcnn,cate8-00260,34,35,open,19,20,0,18,20,21.0,21.0
fasterrcnn,cate8-00260,34,35,half,19,20,9,18,20,21.0,21.0
fasterrcnn,cate8-00260,34,35,closed,19,20,18,18,20,21.0,21.0
fasterrcnn,cate8-00260,12,13,open,1,2,0,12,2,2.0,2.0
fasterrcnn,cate8-00260,12,13,half,1,2,6,12,2,2.0,2.0
fasterrcnn,cate8-00260,12,13,closed,1,2,12,12,2,2.0,2.0
fasterrcnn,cate8-00281,43,44,open,26,27,0,13,26,27.0,26.0
fasterrcnn,cate8-00281,43,44,half,26,27,6,13,26,27.0,27.0
fasterrcnn,cate8-00281,43,44,closed,26,27,13,13,26,27.0,26.0
fasterrcnn,cate8-00281,33,34,open,18,19,0,11,19,19.0,19.0
fasterrcnn,cate8-00281,33,34,half,18,19,6,11,19,19.0,19.0
fasterrcnn,cate8-00281,33,34,closed,18,19,11,11,18,19.0,19.0
fasterrcnn,cate8-00281,45,46,open,28,29,0,19,29,29.0,29.0
fasterrcnn,cate8-00281,45,46,half,28,29,10,19,28,29.0,29.0
fasterrcnn,cate8-00281,45,46,closed,28,29,19,19,28,29.0,29.0
fasterrcnn,cate8-00289,17,18,open,6,7,0,25,7,7.0,7.0
fasterrcnn,cate8-00289,17,18,half,6,7,12,25,7,7.0,7.0
fasterrcnn,cate8-00289,17,18,closed,6,7,25,25,7,7.0,7.0
fasterrcnn,cate8-00289,44,45,open,27,28,0,16,28,28.0,28.0
fasterrcnn,cate8-00289,44,45,half,27,28,8,16,28,28.0,28.0
fasterrcnn,cate8-00289,44,45,closed,27,28,16,16,28,28.0,28.0
fasterrcnn,cate8-00289,41,42,open,24,25,0,14,25,25.0,25.0
fasterrcnn,cate8-00289,41,42,half,24,25,7,14,25,25.0,25.0
fasterrcnn,cate8-00289,41,42,closed,24,25,14,14,24,25.0,25.0
fasterrcnn,cate8-00310,22,23,open,9,10,0,17,10,10.0,10.0
fasterrcnn,cate8-00310,22,23,half,9,10,8,17,10,10.0,10.0
fasterrcnn,cate8-00310,22,23,closed,9,10,17,17,10,10.0,10.0
fasterrcnn,cate8-00310,41,42,open,24,25,0,12,25,25.0,25.0
fasterrcnn,cate8-00310,41,42,half,24,25,6,12,24,25.0,25.0
fasterrcnn,cate8-00310,41,42,closed,24,25,12,12,24,25.0,25.0
fasterrcnn,cate8-00310,26,27,open,13,14,0,31,14,14.0,14.0
fasterrcnn,cate8-00310,26,27,half,13,14,16,31,14,14.0,14.0
fasterrcnn,cate8-00310,26,27,closed,13,14,31,31,13,14.0,14.0
fasterrcnn,cate8-00318,14,15,open,3,4,0,11,4,4.0,4.0
fasterrcnn,cate8-00318,14,15,half,3,4,6,11,4,4.0,3.0
fasterrcnn,cate8-00318,14,15,closed,3,4,11,11,3,4.0,3.0
fasterrcnn,cate8-00318,32,33,open,17,18,0,14,18,18.0,18.0
fasterrcnn,cate8-00318,32,33,half,17,18,7,14,18,18.0,18.0
fasterrcnn,cate8-00318,32,33,closed,17,18,14,14,18,18.0,18.0
fasterrcnn,cate8-00318,34,35,open,19,20,0,20,20,20.0,20.0
fasterrcnn,cate8-00318,34,35,half,19,20,10,20,19,20.0,19.0
fasterrcnn,cate8-00318,34,35,closed,19,20,20,20,19,20.0,19.0
fasterrcnn,cate8-00332,41,42,open,24,25,0,12,25,25.0,25.0
fasterrcnn,cate8-00332,41,42,half,24,25,6,12,25,25.0,
fasterrcnn,cate8-00332,41,42,closed,24,25,12,12,0,25.0,25.0
fasterrcnn,cate8-00332,11,12,open,0,1,0,18,1,1.0,
fasterrcnn,cate8-00332,11,12,half,0,1,9,18,1,1.0,1.0
fasterrcnn,cate8-00332,11,12,closed,0,1,18,18,1,1.0,0.0
fasterrcnn,cate8-00332,43,44,open,26,27,0,19,27,27.0,27.0
fasterrcnn,cate8-00332,43,44,half,26,27,10,19,27,27.0,26.0
fasterrcnn,cate8-00332,43,44,closed,26,27,19,19,27,27.0,26.0
fasterrcnn,cate8-00339,33,34,open,18,19,0,16,20,20.0,20.0
fasterrcnn,cate8-00339,33,34,half,18,19,8,16,19,20.0,19.0
fasterrcnn,cate8-00339,33,34,closed,18,19,16,16,19,20.0,19.0
fasterrcnn,cate8-00339,42,43,open,25,26,0,15,26,26.0,
fasterrcnn,cate8-00339,42,43,half,25,26,8,15,26,26.0,27.0
fasterrcnn,cate8-00339,42,43,closed,25,26,15,15,25,26.0,26.0
fasterrcnn,cate8-00339,43,44,open,26,27,0,10,26,27.0,27.0
fasterrcnn,cate8-00339,43,44,half,26,27,5,10,26,27.0,27.0
fasterrcnn,cate8-00339,43,44,closed,26,27,10,10,26,27.0,27.0
fasterrcnn,cate8-00375,26,27,open,13,14,0,29,14,14.0,14.0
fasterrcnn,cate8-00375,26,27,half,13,14,14,29,13,14.0,14.0
fasterrcnn,cate8-00375,26,27,closed,13,14,29,29,13,14.0,13.0
fasterrcnn,cate8-00375,46,47,open,29,30,0,36,30,30.0,30.0
fasterrcnn,cate8-00375,46,47,half,29,30,18,36,30,30.0,30.0
fasterrcnn,cate8-00375,46,47,closed,29,30,36,36,29,30.0,29.0
fasterrcnn,cate8-00375,23,24,open,10,11,0,13,11,11.0,11.0
fasterrcnn,cate8-00375,23,24,half,10,11,6,13,11,11.0,11.0
fasterrcnn,cate8-00375,23,24,closed,10,11,13,13,10,11.0,11.0
fasterrcnn,cate8-00390,44,45,open,27,28,0,21,28,28.0,28.0
fasterrcnn,cate8-00390,44,45,half,27,28,10,21,28,28.0,28.0
fasterrcnn,cate8-00390,44,45,closed,27,28,21,21,28,28.0,28.0
fasterrcnn,cate8-00390,15,16,open,4,5,0,21,5,5.0,5.0
fasterrcnn,cate8-00390,15,16,half,4,5,10,21,5,5.0,5.0
fasterrcnn,cate8-00390,15,16,closed,4,5,21,21,5,5.0,5.0
fasterrcnn,cate8-00390,14,15,open,3,4,0,21,4,4.0,4.0
fasterrcnn,cate8-00390,14,15,half,3,4,10,21,4,4.0,4.0
fasterrcnn,cate8-00390,14,15,closed,3,4,21,21,3,4.0,4.0
fasterrcnn,cate8-00404,27,28,open,14,15,0,23,15,15.0,
fasterrcnn,cate8-00404,27,28,half,14,15,12,23,15,15.0,14.0
fasterrcnn,cate8-00404,27,28,closed,14,15,23,23,14,15.0,14.0
fasterrcnn,cate8-00404,15,16,open,4,5,0,14,5,5.0,4.0
fasterrcnn,cate8-00404,15,16,half,4,5,7,14,5,5.0,5.0
fasterrcnn,cate8-00404,15,16,closed,4,5,14,14,5,5.0,5.0
fasterrcnn,cate8-00404,16,17,open,5,6,0,30,6,6.0,5.0
fasterrcnn,cate8-00404,16,17,half,5,6,15,30,5,6.0,5.0
fasterrcnn,cate8-00404,16,17,closed,5,6,30,30,5,6.0,5.0
fasterrcnn,cate8-00407,36,37,open,21,22,0,44,22,22.0,22.0
fasterrcnn,cate8-00407,36,37,half,21,22,22,44,22,22.0,22.0
fasterrcnn,cate8-00407,36,37,closed,21,22,44,44,21,22.0,22.0
fasterrcnn,cate8-00407,31,32,open,16,17,0,13,16,17.0,17.0
fasterrcnn,cate8-00407,31,32,half,16,17,6,13,16,17.0,17.0
fasterrcnn,cate8-00407,31,32,closed,16,17,13,13,16,17.0,16.0
fasterrcnn,cate8-00407,32,33,open,17,18,0,13,18,18.0,18.0
fasterrcnn,cate8-00407,32,33,half,17,18,6,13,18,18.0,18.0
fasterrcnn,cate8-00407,32,33,closed,17,18,13,13,18,18.0,18.0
fasterrcnn,cate8-00418,15,16,open,4,5,0,21,5,5.0,5.0
fasterrcnn,cate8-00418,15,16,half,4,5,10,21,5,5.0,5.0
fasterrcnn,cate8-00418,15,16,closed,4,5,21,21,4,5.0,5.0
fasterrcnn,cate8-00418,34,35,open,19,20,0,22,20,19.0,20.0
fasterrcnn,cate8-00418,34,35,half,19,20,11,22,19,19.0,19.0
fasterrcnn,cate8-00418,34,35,closed,19,20,22,22,19,19.0,19.0
fasterrcnn,cate8-00418,23,24,open,10,11,0,17,11,11.0,9.0
fasterrcnn,cate8-00418,23,24,half,10,11,8,17,11,11.0,10.0
fasterrcnn,cate8-00418,23,24,closed,10,11,17,17,10,11.0,10.0
fasterrcnn,cate8-00419,33,34,open,18,19,0,2,18,19.0,19.0
fasterrcnn,cate8-00419,33,34,half,18,19,1,2,18,19.0,19.0
fasterrcnn,cate8-00419,33,34,closed,18,19,2,2,18,19.0,19.0
fasterrcnn,cate8-00419,41,42,open,24,25,0,13,25,25.0,25.0
fasterrcnn,cate8-00419,41,42,half,24,25,6,13,25,25.0,25.0
fasterrcnn,cate8-00419,41,42,closed,24,25,13,13,24,25.0,24.0
fasterrcnn,cate8-00419,36,37,open,21,22,0,35,22,22.0,22.0
fasterrcnn,cate8-00419,36,37,half,21,22,18,35,21,22.0,22.0
fasterrcnn,cate8-00419,36,37,closed,21,22,35,35,21,22.0,21.0
fasterrcnn,cate8-00443,43,44,open,26,27,0,15,27,27.0,27.0
fasterrcnn,cate8-00443,43,44,half,26,27,8,15,26,27.0,26.0
fasterrcnn,cate8-00443,43,44,closed,26,27,15,15,26,27.0,26.0
fasterrcnn,cate8-00443,24,25,open,11,12,0,18,12,12.0,12.0
fasterrcnn,cate8-00443,24,25,half,11,12,9,18,11,12.0,12.0
fasterrcnn,cate8-00443,24,25,closed,11,12,18,18,11,12.0,11.0
fasterrcnn,cate8-00443,42,43,open,25,26,0,13,26,26.0,26.0
fasterrcnn,cate8-00443,42,43,half,25,26,6,13,26,26.0,26.0
fasterrcnn,cate8-00443,42,43,closed,25,26,13,13,26,26.0,26.0
fasterrcnn,cate8-00447,16,17,open,5,6,0,22,6,6.0,6.0
fasterrcnn,cate8-00447,16,17,half,5,6,11,22,5,6.0,5.0
fasterrcnn,cate8-00447,16,17,closed,5,6,22,22,5,6.0,5.0
fasterrcnn,cate8-00447,23,24,open,10,11,0,16,11,11.0,
fasterrcnn,cate8-00447,23,24,half,10,11,8,16,10,11.0,11.0
fasterrcnn,cate8-00447,23,24,closed,10,11,16,16,10,11.0,11.0
fasterrcnn,cate8-00447,24,25,open,11,12,0,11,12,12.0,12.0
fasterrcnn,cate8-00447,24,25,half,11,12,6,11,12,12.0,12.0
fasterrcnn,cate8-00447,24,25,closed,11,12,11,11,11,12.0,11.0
fasterrcnn,cate8-00449,34,35,open,19,20,0,17,19,20.0,20.0
fasterrcnn,cate8-00449,34,35,half,19,20,8,17,19,20.0,20.0
fasterrcnn,cate8-00449,34,35,closed,19,20,17,17,19,20.0,19.0
fasterrcnn,cate8-00449,31,32,open,16,17,0,10,17,17.0,
fasterrcnn,cate8-00449,31,32,half,16,17,5,10,17,17.0,17.0
fasterrcnn,cate8-00449,31,32,closed,16,17,10,10,17,17.0,17.0
fasterrcnn,cate8-00449,32,33,open,17,18,0,11,17,18.0,18.0
fasterrcnn,cate8-00449,32,33,half,17,18,6,11,17,18.0,18.0
fasterrcnn,cate8-00449,32,33,closed,17,18,11,11,17,18.0,18.0
fasterrcnn,cate9-00022,25,26,open,12,13,0,17,13,13.0,13.0
fasterrcnn,cate9-00022,25,26,half,12,13,8,17,13,13.0,13.0
fasterrcnn,cate9-00022,25,26,closed,12,13,17,17,13,13.0,13.0
fasterrcnn,cate9-00022,24,25,open,11,12,0,20,12,12.0,13.0
fasterrcnn,cate9-00022,24,25,half,11,12,10,20,12,12.0,12.0
fasterrcnn,cate9-00022,24,25,closed,11,12,20,20,11,12.0,11.0
fasterrcnn,cate9-00022,47,48,open,30,31,0,31,31,31.0,31.0
fasterrcnn,cate9-00022,47,48,half,30,31,16,31,31,31.0,31.0
fasterrcnn,cate9-00022,47,48,closed,30,31,31,31,31,31.0,31.0
fasterrcnn,cate1-00011,35,36,open,20,21,0,17,21,21.0,21.0
fasterrcnn,cate1-00011,35,36,half,20,21,8,17,21,21.0,21.0
fasterrcnn,cate1-00011,35,36,closed,20,21,17,17,21,21.0,21.0
fasterrcnn,cate1-00011,32,33,open,17,18,0,17,19,18.0,18.0
fasterrcnn,cate1-00011,32,33,half,17,18,8,17,18,18.0,18.0
fasterrcnn,cate1-00011,32,33,closed,17,18,17,17,17,18.0,18.0
fasterrcnn,cate1-00011,34,35,open,19,20,0,21,20,20.0,20.0
fasterrcnn,cate1-00011,34,35,half,19,20,10,21,20,20.0,20.0
fasterrcnn,cate1-00011,34,35,closed,19,20,21,21,19,20.0,19.0
fasterrcnn,cate1-00035,45,46,open,28,29,0,23,29,29.0,29.0
fasterrcnn,cate1-00035,45,46,half,28,29,12,23,29,29.0,29.0
fasterrcnn,cate1-00035,45,46,closed,28,29,23,23,29,29.0,29.0
fasterrcnn,cate1-00035,24,25,open,11,12,0,18,12,12.0,13.0
fasterrcnn,cate1-00035,24,25,half,11,12,9,18,12,12.0,13.0
fasterrcnn,cate1-00035,24,25,closed,11,12,18,18,12,12.0,12.0
fasterrcnn,cate1-00035,36,37,open,21,22,0,36,22,22.0,22.0
fasterrcnn,cate1-00035,36,37,half,21,22,18,36,22,22.0,22.0
fasterrcnn,cate1-00035,36,37,closed,21,22,36,36,21,22.0,22.0
fasterrcnn,cate1-00038,41,42,open,24,25,0,11,24,25.0,25.0
fasterrcnn,cate1-00038,41,42,half,24,25,6,11,24,25.0,25.0
fasterrcnn,cate1-00038,41,42,closed,24,25,11,11,24,25.0,24.0
fasterrcnn,cate1-00038,36,37,open,21,22,0,27,22,22.0,21.0
fasterrcnn,cate1-00038,36,37,half,21,22,14,27,21,22.0,21.0
fasterrcnn,cate1-00038,36,37,closed,21,22,27,27,21,22.0,21.0
fasterrcnn,cate1-00038,35,36,open,20,21,0,17,21,21.0,21.0
fasterrcnn,cate1-00038,35,36,half,20,21,8,17,20,21.0,21.0
fasterrcnn,cate1-00038,35,36,closed,20,21,17,17,20,21.0,21.0
fasterrcnn,cate1-00053,27,28,open,14,15,0,26,15,15.0,15.0
fasterrcnn,cate1-00053,27,28,half,14,15,13,26,15,15.0,14.0
fasterrcnn,cate1-00053,27,28,closed,14,15,26,26,15,15.0,14.0
fasterrcnn,cate1-00053,32,33,open,17,18,0,24,19,18.0,18.0
fasterrcnn,cate1-00053,32,33,half,17,18,12,24,18,18.0,18.0
fasterrcnn,cate1-00053,32,33,closed,17,18,24,24,18,18.0,18.0
fasterrcnn,cate1-00053,23,24,open,10,11,0,24,13,11.0,11.0
fasterrcnn,cate1-00053,23,24,half,10,11,12,24,12,11.0,10.0
fasterrcnn,cate1-00053,23,24,closed,10,11,24,24,11,11.0,10.0
fasterrcnn,cate10-00013,23,24,open,10,11,0,14,11,11.0,11.0
fasterrcnn,cate10-00013,23,24,half,10,11,7,14,11,11.0,11.0
fasterrcnn,cate10-00013,23,24,closed,10,11,14,14,11,11.0,11.0
fasterrcnn,cate10-00013,42,43,open,25,26,0,11,26,26.0,26.0
fasterrcnn,cate10-00013,42,43,half,25,26,6,11,26,26.0,26.0
fasterrcnn,cate10-00013,42,43,closed,25,26,11,11,26,26.0,26.0
fasterrcnn,cate10-00013,12,13,open,1,2,0,18,2,2.0,2.0
fasterrcnn,cate10-00013,12,13,half,1,2,9,18,2,2.0,2.0
fasterrcnn,cate10-00013,12,13,closed,1,2,18,18,2,2.0,2.0
fasterrcnn,cate10-00036,17,18,open,6,7,0,30,7,7.0,7.0
fasterrcnn,cate10-00036,17,18,half,6,7,15,30,7,7.0,7.0
fasterrcnn,cate10-00036,17,18,closed,6,7,30,30,7,7.0,6.0
fasterrcnn,cate10-00036,33,34,open,18,19,0,27,20,19.0,
fasterrcnn,cate10-00036,33,34,half,18,19,14,27,19,19.0,18.0
fasterrcnn,cate10-00036,33,34,closed,18,19,27,27,18,19.0,18.0
fasterrcnn,cate10-00036,34,35,open,19,20,0,19,20,20.0,20.0
fasterrcnn,cate10-00036,34,35,half,19,20,10,19,20,20.0,20.0
fasterrcnn,cate10-00036,34,35,closed,19,20,19,19,19,20.0,20.0
fasterrcnn,cate10-00054,42,43,open,25,26,0,11,26,26.0,25.0
fasterrcnn,cate10-00054,42,43,half,25,26,6,11,26,26.0,26.0
fasterrcnn,cate10-00054,42,43,closed,25,26,11,11,26,26.0,26.0
fasterrcnn,cate10-00054,44,45,open,27,28,0,17,28,27.0,28.0
fasterrcnn,cate10-00054,44,45,half,27,28,8,17,28,27.0,27.0
fasterrcnn,cate10-00054,44,45,closed,27,28,17,17,27,27.0,27.0
fasterrcnn,cate10-00054,33,34,open,18,19,0,16,18,19.0,19.0
fasterrcnn,cate10-00054,33,34,half,18,19,8,16,18,19.0,19.0
fasterrcnn,cate10-00054,33,34,closed,18,19,16,16,18,19.0,18.0
fasterrcnn,cate10-00056,42,43,open,25,26,0,18,26,26.0,26.0
fasterrcnn,cate10-00056,42,43,half,25,26,9,18,26,26.0,26.0
fasterrcnn,cate10-00056,42,43,closed,25,26,18,18,26,26.0,26.0
fasterrcnn,cate10-00056,32,33,open,17,18,0,14,18,19.0,18.0
fasterrcnn,cate10-00056,32,33,half,17,18,7,14,18,19.0,18.0
fasterrcnn,cate10-00056,32,33,closed,17,18,14,14,18,19.0,18.0
fasterrcnn,cate10-00056,31,32,open,16,17,0,8,18,17.0,17.0
fasterrcnn,cate10-00056,31,32,half,16,17,4,8,18,17.0,17.0
fasterrcnn,cate10-00056,31,32,closed,16,17,8,8,17,17.0,17.0
fasterrcnn,cate10-00077,36,37,open,21,22,0,30,22,22.0,22.0
fasterrcnn,cate10-00077,36,37,half,21,22,15,30,22,22.0,22.0
fasterrcnn,cate10-00077,36,37,closed,21,22,30,30,22,22.0,22.0
fasterrcnn,cate10-00077,13,14,open,2,3,0,25,3,3.0,3.0
fasterrcnn,cate10-00077,13,14,half,2,3,12,25,3,3.0,2.0
fasterrcnn,cate10-00077,13,14,closed,2,3,25,25,2,3.0,2.0
fasterrcnn,cate10-00077,33,34,open,18,19,0,23,19,19.0,19.0
fasterrcnn,cate10-00077,33,34,half,18,19,12,23,19,19.0,19.0
fasterrcnn,cate10-00077,33,34,closed,18,19,23,23,19,19.0,18.0
fasterrcnn,cate10-00102,12,13,open,1,2,0,20,2,2.0,2.0
fasterrcnn,cate10-00102,12,13,half,1,2,10,20,2,2.0,2.0
fasterrcnn,cate10-00102,12,13,closed,1,2,20,20,1,2.0,2.0
fasterrcnn,cate10-00102,23,24,open,10,11,0,19,11,11.0,
fasterrcnn,cate10-00102,23,24,half,10,11,10,19,11,11.0,11.0
fasterrcnn,cate10-00102,23,24,closed,10,11,19,19,11,11.0,11.0
fasterrcnn,cate10-00102,14,15,open,3,4,0,25,4,4.0,4.0
fasterrcnn,cate10-00102,14,15,half,3,4,12,25,4,4.0,4.0
fasterrcnn,cate10-00102,14,15,closed,3,4,25,25,3,4.0,3.0
fasterrcnn,cate10-00106,12,13,open,1,2,0,18,2,2.0,2.0
fasterrcnn,cate10-00106,12,13,half,1,2,9,18,2,2.0,2.0
fasterrcnn,cate10-00106,12,13,closed,1,2,18,18,2,2.0,2.0
fasterrcnn,cate10-00106,37,38,open,22,23,0,28,23,23.0,23.0
fasterrcnn,cate10-00106,37,38,half,22,23,14,28,23,23.0,23.0
fasterrcnn,cate10-00106,37,38,closed,22,23,28,28,23,23.0,23.0
fasterrcnn,cate10-00106,42,43,open,25,26,0,16,26,26.0,27.0
fasterrcnn,cate10-00106,42,43,half,25,26,8,16,25,26.0,26.0
fasterrcnn,cate10-00106,42,43,closed,25,26,16,16,25,26.0,26.0
fasterrcnn,cate2-00003,12,13,open,1,2,0,15,2,2.0,2.0
fasterrcnn,cate2-00003,12,13,half,1,2,8,15,1,2.0,2.0
fasterrcnn,cate2-00003,12,13,closed,1,2,15,15,1,2.0,2.0
fasterrcnn,cate2-00003,24,25,open,11,12,0,15,12,12.0,13.0
fasterrcnn,cate2-00003,24,25,half,11,12,8,15,12,12.0,12.0
fasterrcnn,cate2-00003,24,25,closed,11,12,15,15,12,12.0,12.0
fasterrcnn,cate2-00003,45,46,open,28,29,0,20,30,29.0,29.0
fasterrcnn,cate2-00003,45,46,half,28,29,10,20,29,29.0,29.0
fasterrcnn,cate2-00003,45,46,closed,28,29,20,20,29,29.0,29.0
fasterrcnn,cate2-00014,22,23,open,9,10,0,11,10,10.0,10.0
fasterrcnn,cate2-00014,22,23,half,9,10,6,11,10,10.0,10.0
fasterrcnn,cate2-00014,22,23,closed,9,10,11,11,10,10.0,10.0
fasterrcnn,cate2-00014,12,13,open,1,2,0,12,3,,
fasterrcnn,cate2-00014,12,13,half,1,2,6,12,1,,2.0
fasterrcnn,cate2-00014,12,13,closed,1,2,12,12,1,,2.0
fasterrcnn,cate2-00014,36,37,open,21,22,0,28,22,22.0,22.0
fasterrcnn,cate2-00014,36,37,half,21,22,14,28,21,22.0,21.0
fasterrcnn,cate2-00014,36,37,closed,21,22,28,28,21,22.0,21.0
fasterrcnn,cate2-00020,43,44,open,26,27,0,17,27,27.0,27.0
fasterrcnn,cate2-00020,43,44,half,26,27,8,17,26,27.0,27.0
fasterrcnn,cate2-00020,43,44,closed,26,27,17,17,26,27.0,26.0
fasterrcnn,cate2-00020,33,34,open,18,19,0,15,19,19.0,19.0
fasterrcnn,cate2-00020,33,34,half,18,19,8,15,19,19.0,19.0
fasterrcnn,cate2-00020,33,34,closed,18,19,15,15,18,19.0,19.0
fasterrcnn,cate2-00020,44,45,open,27,28,0,7,28,28.0,28.0
fasterrcnn,cate2-00020,44,45,half,27,28,4,7,28,28.0,28.0
fasterrcnn,cate2-00020,44,45,closed,27,28,7,7,28,28.0,28.0
fasterrcnn,cate2-00025,46,47,open,29,30,0,34,29,30.0,30.0
fasterrcnn,cate2-00025,46,47,half,29,30,17,34,29,30.0,30.0
fasterrcnn,cate2-00025,46,47,closed,29,30,34,34,28,30.0,28.0
fasterrcnn,cate2-00025,32,33,open,17,18,0,11,18,18.0,18.0
fasterrcnn,cate2-00025,32,33,half,17,18,6,11,18,18.0,18.0
fasterrcnn,cate2-00025,32,33,closed,17,18,11,11,17,18.0,17.0
fasterrcnn,cate2-00025,22,23,open,9,10,0,6,10,10.0,10.0
fasterrcnn,cate2-00025,22,23,half,9,10,3,6,10,10.0,10.0
fasterrcnn,cate2-00025,22,23,closed,9,10,6,6,10,10.0,10.0
fasterrcnn,cate2-00026,33,34,open,18,19,0,10,19,19.0,19.0
fasterrcnn,cate2-00026,33,34,half,18,19,5,10,18,19.0,19.0
fasterrcnn,cate2-00026,33,34,closed,18,19,10,10,17,19.0,19.0
fasterrcnn,cate2-00026,35,36,open,20,21,0,18,20,21.0,21.0
fasterrcnn,cate2-00026,35,36,half,20,21,9,18,20,21.0,21.0
fasterrcnn,cate2-00026,35,36,closed,20,21,18,18,20,21.0,21.0
fasterrcnn,cate2-00026,23,24,open,10,11,0,14,9,11.0,11.0
fasterrcnn,cate2-00026,23,24,half,10,11,7,14,9,11.0,11.0
fasterrcnn,cate2-00026,23,24,closed,10,11,14,14,9,11.0,11.0
fasterrcnn,cate2-00029,22,23,open,9,10,0,20,10,10.0,10.0
fasterrcnn,cate2-00029,22,23,half,9,10,10,20,10,10.0,10.0
fasterrcnn,cate2-00029,22,23,closed,9,10,20,20,9,10.0,10.0
fasterrcnn,cate2-00029,36,37,open,21,22,0,35,22,22.0,22.0
fasterrcnn,cate2-00029,36,37,half,21,22,18,35,22,22.0,22.0
fasterrcnn,cate2-00029,36,37,closed,21,22,35,35,21,22.0,21.0
fasterrcnn,cate2-00029,15,16,open,4,5,0,17,5,5.0,5.0
fasterrcnn,cate2-00029,15,16,half,4,5,8,17,5,5.0,5.0
fasterrcnn,cate2-00029,15,16,closed,4,5,17,17,5,5.0,5.0
fasterrcnn,cate2-00035,35,36,open,20,21,0,18,21,21.0,21.0
fasterrcnn,cate2-00035,35,36,half,20,21,9,18,21,21.0,21.0
fasterrcnn,cate2-00035,35,36,closed,20,21,18,18,21,21.0,21.0
fasterrcnn,cate2-00035,42,43,open,25,26,0,10,26,26.0,26.0
fasterrcnn,cate2-00035,42,43,half,25,26,5,10,26,26.0,26.0
fasterrcnn,cate2-00035,42,43,closed,25,26,10,10,26,26.0,26.0
fasterrcnn,cate2-00035,34,35,open,19,20,0,19,20,20.0,20.0
fasterrcnn,cate2-00035,34,35,half,19,20,10,19,19,20.0,19.0
fasterrcnn,cate2-00035,34,35,closed,19,20,19,19,19,20.0,19.0
fasterrcnn,cate2-00036,15,16,open,4,5,0,16,5,5.0,5.0
fasterrcnn,cate2-00036,15,16,half,4,5,8,16,5,5.0,5.0
fasterrcnn,cate2-00036,15,16,closed,4,5,16,16,3,5.0,5.0
fasterrcnn,cate2-00036,12,13,open,1,2,0,10,1,2.0,2.0
fasterrcnn,cate2-00036,12,13,half,1,2,5,10,1,2.0,2.0
fasterrcnn,cate2-00036,12,13,closed,1,2,10,10,1,2.0,2.0
fasterrcnn,cate2-00036,21,22,open,8,9,0,22,9,9.0,9.0
fasterrcnn,cate2-00036,21,22,half,8,9,11,22,9,9.0,9.0
fasterrcnn,cate2-00036,21,22,closed,8,9,22,22,8,9.0,8.0
fasterrcnn,cate2-00039,12,13,open,1,2,0,15,2,2.0,2.0
fasterrcnn,cate2-00039,12,13,half,1,2,8,15,1,2.0,2.0
fasterrcnn,cate2-00039,12,13,closed,1,2,15,15,1,2.0,1.0
fasterrcnn,cate2-00039,33,34,open,18,19,0,15,19,19.0,19.0
fasterrcnn,cate2-00039,33,34,half,18,19,8,15,19,19.0,19.0
fasterrcnn,cate2-00039,33,34,closed,18,19,15,15,18,19.0,18.0
fasterrcnn,cate2-00039,13,14,open,2,3,0,15,3,3.0,3.0
fasterrcnn,cate2-00039,13,14,half,2,3,8,15,3,3.0,3.0
fasterrcnn,cate2-00039,13,14,closed,2,3,15,15,2,3.0,3.0
fasterrcnn,cate2-00105,24,25,open,11,12,0,16,12,12.0,12.0
fasterrcnn,cate2-00105,24,25,half,11,12,8,16,11,12.0,12.0
fasterrcnn,cate2-00105,24,25,closed,11,12,16,16,11,12.0,12.0
fasterrcnn,cate2-00105,41,42,open,24,25,0,8,25,25.0,25.0
fasterrcnn,cate2-00105,41,42,half,24,25,4,8,25,25.0,25.0
fasterrcnn,cate2-00105,41,42,closed,24,25,8,8,25,25.0,24.0
fasterrcnn,cate2-00105,13,14,open,2,3,0,13,3,3.0,3.0
fasterrcnn,cate2-00105,13,14,half,2,3,6,13,3,3.0,3.0
fasterrcnn,cate2-00105,13,14,closed,2,3,13,13,2,3.0,2.0
fasterrcnn,cate2-00106,46,47,open,29,30,0,39,30,30.0,30.0
fasterrcnn,cate2-00106,46,47,half,29,30,20,39,30,30.0,30.0
fasterrcnn,cate2-00106,46,47,closed,29,30,39,39,29,30.0,30.0
fasterrcnn,cate2-00106,35,36,open,20,21,0,21,21,21.0,21.0
fasterrcnn,cate2-00106,35,36,half,20,21,10,21,21,21.0,21.0
fasterrcnn,cate2-00106,35,36,closed,20,21,21,21,21,21.0,21.0
fasterrcnn,cate2-00106,24,25,open,11,12,0,9,11,12.0,13.0
fasterrcnn,cate2-00106,24,25,half,11,12,4,9,11,12.0,12.0
fasterrcnn,cate2-00106,24,25,closed,11,12,9,9,11,12.0,12.0
fasterrcnn,cate2-00113,37,38,open,22,23,0,33,23,23.0,23.0
fasterrcnn,cate2-00113,37,38,half,22,23,16,33,23,23.0,23.0
fasterrcnn,cate2-00113,37,38,closed,22,23,33,33,23,23.0,22.0
fasterrcnn,cate2-00113,25,26,open,12,13,0,20,13,13.0,13.0
fasterrcnn,cate2-00113,25,26,half,12,13,10,20,13,13.0,13.0
fasterrcnn,cate2-00113,25,26,closed,12,13,20,20,13,13.0,13.0
fasterrcnn,cate2-00113,11,12,open,0,1,0,17,1,1.0,1.0
fasterrcnn,cate2-00113,11,12,half,0,1,8,17,1,1.0,1.0
fasterrcnn,cate2-00113,11,12,closed,0,1,17,17,0,1.0,0.0
fasterrcnn,cate2-00129,31,32,open,16,17,0,12,17,17.0,17.0
fasterrcnn,cate2-00129,31,32,half,16,17,6,12,17,17.0,17.0
fasterrcnn,cate2-00129,31,32,closed,16,17,12,12,16,17.0,17.0
fasterrcnn,cate2-00129,14,15,open,3,4,0,16,4,4.0,5.0
fasterrcnn,cate2-00129,14,15,half,3,4,8,16,4,4.0,4.0
fasterrcnn,cate2-00129,14,15,closed,3,4,16,16,4,4.0,3.0
fasterrcnn,cate2-00129,43,44,open,26,27,0,17,27,27.0,27.0
fasterrcnn,cate2-00129,43,44,half,26,27,8,17,26,27.0,27.0
fasterrcnn,cate2-00129,43,44,closed,26,27,17,17,26,27.0,27.0
fasterrcnn,cate2-00130,41,42,open,24,25,0,13,25,25.0,25.0
fasterrcnn,cate2-00130,41,42,half,24,25,6,13,25,25.0,25.0
fasterrcnn,cate2-00130,41,42,closed,24,25,13,13,25,25.0,25.0
fasterrcnn,cate2-00130,17,18,open,6,7,0,27,7,7.0,6.0
fasterrcnn,cate2-00130,17,18,half,6,7,14,27,6,7.0,6.0
fasterrcnn,cate2-00130,17,18,closed,6,7,27,27,6,7.0,6.0
fasterrcnn,cate2-00130,31,32,open,16,17,0,12,24,17.0,17.0
fasterrcnn,cate2-00130,31,32,half,16,17,6,12,24,17.0,17.0
fasterrcnn,cate2-00130,31,32,closed,16,17,12,12,24,17.0,16.0
fasterrcnn,cate2-00136,47,48,open,30,31,0,30,31,31.0,31.0
fasterrcnn,cate2-00136,47,48,half,30,31,15,30,31,31.0,31.0
fasterrcnn,cate2-00136,47,48,closed,30,31,30,30,30,31.0,31.0
fasterrcnn,cate2-00136,21,22,open,8,9,0,19,9,9.0,9.0
fasterrcnn,cate2-00136,21,22,half,8,9,10,19,8,9.0,8.0
fasterrcnn,cate2-00136,21,22,closed,8,9,19,19,0,9.0,8.0
fasterrcnn,cate2-00136,16,17,open,5,6,0,28,6,6.0,6.0
fasterrcnn,cate2-00136,16,17,half,5,6,14,28,6,6.0,6.0
fasterrcnn,cate2-00136,16,17,closed,5,6,28,28,4,6.0,5.0
fasterrcnn,cate3-00006,44,45,open,27,28,0,19,28,28.0,28.0
fasterrcnn,cate3-00006,44,45,half,27,28,10,19,26,28.0,27.0
fasterrcnn,cate3-00006,44,45,closed,27,28,19,19,26,28.0,27.0
fasterrcnn,cate3-00006,46,47,open,29,30,0,35,30,30.0,30.0
fasterrcnn,cate3-00006,46,47,half,29,30,18,35,29,30.0,30.0
fasterrcnn,cate3-00006,46,47,closed,29,30,35,35,29,30.0,29.0
fasterrcnn,cate3-00006,32,33,open,17,18,0,13,18,18.0,18.0
fasterrcnn,cate3-00006,32,33,half,17,18,6,13,18,18.0,18.0
fasterrcnn,cate3-00006,32,33,closed,17,18,13,13,18,18.0,18.0
fasterrcnn,cate3-00016,35,36,open,20,21,0,17,21,21.0,21.0
fasterrcnn,cate3-00016,35,36,half,20,21,8,17,21,21.0,21.0
fasterrcnn,cate3-00016,35,36,closed,20,21,17,17,21,21.0,21.0
fasterrcnn,cate3-00016,32,33,open,17,18,0,17,18,18.0,18.0
fasterrcnn,cate3-00016,32,33,half,17,18,8,17,17,18.0,18.0
fasterrcnn,cate3-00016,32,33,closed,17,18,17,17,17,18.0,18.0
fasterrcnn,cate3-00016,11,12,open,0,1,0,20,1,1.0,0.0
fasterrcnn,cate3-00016,11,12,half,0,1,10,20,1,1.0,1.0
fasterrcnn,cate3-00016,11,12,closed,0,1,20,20,0,1.0,0.0
fasterrcnn,cate3-00020,13,14,open,2,3,0,19,3,3.0,3.0
fasterrcnn,cate3-00020,13,14,half,2,3,10,19,2,3.0,3.0
fasterrcnn,cate3-00020,13,14,closed,2,3,19,19,2,3.0,3.0
fasterrcnn,cate3-00020,32,33,open,17,18,0,17,19,18.0,19.0
fasterrcnn,cate3-00020,32,33,half,17,18,8,17,18,18.0,18.0
fasterrcnn,cate3-00020,32,33,closed,17,18,17,17,18,18.0,18.0
fasterrcnn,cate3-00020,22,23,open,9,10,0,15,10,10.0,10.0
fasterrcnn,cate3-00020,22,23,half,9,10,8,15,9,10.0,10.0
fasterrcnn,cate3-00020,22,23,closed,9,10,15,15,9,10.0,10.0
fasterrcnn,cate4-00077,26,27,open,13,14,0,27,14,14.0,13.0
fasterrcnn,cate4-00077,26,27,half,13,14,14,27,13,14.0,14.0
fasterrcnn,cate4-00077,26,27,closed,13,14,27,27,13,14.0,13.0
fasterrcnn,cate4-00077,13,14,open,2,3,0,14,3,3.0,3.0
fasterrcnn,cate4-00077,13,14,half,2,3,7,14,3,3.0,3.0
fasterrcnn,cate4-00077,13,14,closed,2,3,14,14,2,3.0,3.0
fasterrcnn,cate4-00077,37,38,open,22,23,0,34,23,23.0,23.0
fasterrcnn,cate4-00077,37,38,half,22,23,17,34,23,23.0,23.0
fasterrcnn,cate4-00077,37,38,closed,22,23,34,34,23,23.0,22.0
fasterrcnn,cate4-00079,17,18,open,6,7,0,22,7,7.0,7.0
fasterrcnn,cate4-00079,17,18,half,6,7,11,22,7,7.0,7.0
fasterrcnn,cate4-00079,17,18,closed,6,7,22,22,6,7.0,7.0
fasterrcnn,cate4-00079,41,42,open,24,25,0,12,25,25.0,25.0
fasterrcnn,cate4-00079,41,42,half,24,25,6,12,25,25.0,25.0
fasterrcnn,cate4-00079,41,42,closed,24,25,12,12,24,25.0,25.0
fasterrcnn,cate4-00079,33,34,open,18,19,0,13,19,19.0,19.0
fasterrcnn,cate4-00079,33,34,half,18,19,6,13,19,19.0,19.0
fasterrcnn,cate4-00079,33,34,closed,18,19,13,13,18,19.0,18.0
fasterrcnn,cate4-00095,41,42,open,24,25,0,17,25,25.0,25.0
fasterrcnn,cate4-00095,41,42,half,24,25,8,17,25,25.0,25.0
fasterrcnn,cate4-00095,41,42,closed,24,25,17,17,25,25.0,25.0
fasterrcnn,cate4-00095,16,17,open,5,6,0,28,7,6.0,5.0
fasterrcnn,cate4-00095,16,17,half,5,6,14,28,6,6.0,5.0
fasterrcnn,cate4-00095,16,17,closed,5,6,28,28,5,6.0,5.0
fasterrcnn,cate4-00095,13,14,open,2,3,0,23,3,3.0,3.0
fasterrcnn,cate4-00095,13,14,half,2,3,12,23,3,3.0,3.0
fasterrcnn,cate4-00095,13,14,closed,2,3,23,23,2,3.0,2.0
fasterrcnn,cate4-00104,32,33,open,17,18,0,14,18,18.0,18.0
fasterrcnn,cate4-00104,32,33,half,17,18,7,14,18,18.0,18.0
fasterrcnn,cate4-00104,32,33,closed,17,18,14,14,18,18.0,18.0
fasterrcnn,cate4-00104,46,47,open,29,30,0,36,31,30.0,30.0
fasterrcnn,cate4-00104,46,47,half,29,30,18,36,30,30.0,30.0
fasterrcnn,cate4-00104,46,47,closed,29,30,36,36,30,30.0,29.0
fasterrcnn,cate4-00104,37,38,open,22,23,0,32,23,23.0,23.0
fasterrcnn,cate4-00104,37,38,half,22,23,16,32,23,23.0,23.0
fasterrcnn,cate4-00104,37,38,closed,22,23,32,32,23,23.0,23.0
fasterrcnn,cate4-00113,35,36,open,20,21,0,18,21,21.0,21.0
fasterrcnn,cate4-00113,35,36,half,20,21,9,18,21,21.0,21.0
fasterrcnn,cate4-00113,35,36,closed,20,21,18,18,21,21.0,21.0
fasterrcnn,cate4-00113,37,38,open,22,23,0,30,23,23.0,23.0
fasterrcnn,cate4-00113,37,38,half,22,23,15,30,23,23.0,22.0
fasterrcnn,cate4-00113,37,38,closed,22,23,30,30,23,23.0,22.0
fasterrcnn,cate4-00113,21,22,open,8,9,0,17,9,9.0,
fasterrcnn,cate4-00113,21,22,half,8,9,8,17,8,9.0,8.0
fasterrcnn,cate4-00113,21,22,closed,8,9,17,17,8,9.0,8.0
fasterrcnn,cate4-00116,36,37,open,21,22,0,32,22,22.0,22.0
fasterrcnn,cate4-00116,36,37,half,21,22,16,32,22,22.0,22.0
fasterrcnn,cate4-00116,36,37,closed,21,22,32,32,22,22.0,21.0
fasterrcnn,cate4-00116,22,23,open,9,10,0,19,11,10.0,10.0
fasterrcnn,cate4-00116,22,23,half,9,10,10,19,10,10.0,10.0
fasterrcnn,cate4-00116,22,23,closed,9,10,19,19,10,10.0,10.0
fasterrcnn,cate4-00116,35,36,open,20,21,0,17,21,21.0,21.0
fasterrcnn,cate4-00116,35,36,half,20,21,8,17,21,21.0,21.0
fasterrcnn,cate4-00116,35,36,closed,20,21,17,17,21,21.0,21.0
fasterrcnn,cate5-00018,22,23,open,9,10,0,16,10,10.0,10.0
fasterrcnn,cate5-00018,22,23,half,9,10,8,16,10,10.0,10.0
fasterrcnn,cate5-00018,22,23,closed,9,10,16,16,9,10.0,10.0
fasterrcnn,cate5-00018,11,12,open,0,1,0,27,1,1.0,2.0
fasterrcnn,cate5-00018,11,12,half,0,1,14,27,1,1.0,1.0
fasterrcnn,cate5-00018,11,12,closed,0,1,27,27,0,1.0,1.0
fasterrcnn,cate5-00018,41,42,open,24,25,0,10,25,25.0,25.0
fasterrcnn,cate5-00018,41,42,half,24,25,5,10,24,25.0,25.0
fasterrcnn,cate5-00018,41,42,closed,24,25,10,10,24,25.0,24.0
fasterrcnn,cate5-00037,31,32,open,16,17,0,16,16,17.0,18.0
fasterrcnn,cate5-00037,31,32,half,16,17,8,16,24,17.0,16.0
fasterrcnn,cate5-00037,31,32,closed,16,17,16,16,24,17.0,16.0
fasterrcnn,cate5-00037,13,14,open,2,3,0,19,3,3.0,3.0
fasterrcnn,cate5-00037,13,14,half,2,3,10,19,3,3.0,3.0
fasterrcnn,cate5-00037,13,14,closed,2,3,19,19,2,3.0,2.0
fasterrcnn,cate5-00037,33,34,open,18,19,0,24,19,19.0,19.0
fasterrcnn,cate5-00037,33,34,half,18,19,12,24,19,19.0,19.0
fasterrcnn,cate5-00037,33,34,closed,18,19,24,24,17,19.0,19.0
fasterrcnn,cate5-00042,13,14,open,2,3,0,15,3,,
fasterrcnn,cate5-00042,13,14,half,2,3,8,15,1,,
fasterrcnn,cate5-00042,13,14,closed,2,3,15,15,1,,
fasterrcnn,cate5-00042,43,44,open,26,27,0,18,27,27.0,27.0
fasterrcnn,cate5-00042,43,44,half,26,27,9,18,27,27.0,27.0
fasterrcnn,cate5-00042,43,44,closed,26,27,18,18,26,27.0,27.0
fasterrcnn,cate5-00042,46,47,open,29,30,0,34,30,30.0,30.0
fasterrcnn,cate5-00042,46,47,half,29,30,17,34,30,30.0,30.0
fasterrcnn,cate5-00042,46,47,closed,29,30,34,34,29,30.0,30.0
fasterrcnn,cate5-00043,33,34,open,18,19,0,20,19,,
fasterrcnn,cate5-00043,33,34,half,18,19,10,20,17,,18.0
fasterrcnn,cate5-00043,33,34,closed,18,19,20,20,17,,19.0
fasterrcnn,cate5-00043,16,17,open,5,6,0,20,6,6.0,6.0
fasterrcnn,cate5-00043,16,17,half,5,6,10,20,6,6.0,4.0
fasterrcnn,cate5-00043,16,17,closed,5,6,20,20,6,6.0,4.0
fasterrcnn,cate5-00043,11,12,open,0,1,0,22,1,1.0,1.0
fasterrcnn,cate5-00043,11,12,half,0,1,11,22,1,1.0,0.0
fasterrcnn,cate5-00043,11,12,closed,0,1,22,22,0,1.0,8.0
fasterrcnn,cate5-00048,13,14,open,2,3,0,20,3,2.0,
fasterrcnn,cate5-00048,13,14,half,2,3,10,20,2,2.0,2.0
fasterrcnn,cate5-00048,13,14,closed,2,3,20,20,1,2.0,1.0
fasterrcnn,cate5-00048,31,32,open,16,17,0,18,17,17.0,17.0
fasterrcnn,cate5-00048,31,32,half,16,17,9,18,16,17.0,17.0
fasterrcnn,cate5-00048,31,32,closed,16,17,18,18,16,17.0,16.0
fasterrcnn,cate5-00048,32,33,open,17,18,0,15,18,18.0,17.0
fasterrcnn,cate5-00048,32,33,half,17,18,8,15,18,18.0,18.0
fasterrcnn,cate5-00048,32,33,closed,17,18,15,15,18,18.0,17.0
fasterrcnn,cate5-00054,44,45,open,27,28,0,33,29,30.0,30.0
fasterrcnn,cate5-00054,44,45,half,27,28,16,33,29,30.0,28.0
fasterrcnn,cate5-00054,44,45,closed,27,28,33,33,28,30.0,28.0
fasterrcnn,cate5-00054,34,35,open,19,20,0,19,20,20.0,22.0
fasterrcnn,cate5-00054,34,35,half,19,20,10,19,20,20.0,20.0
fasterrcnn,cate5-00054,34,35,closed,19,20,19,19,20,20.0,20.0
fasterrcnn,cate5-00096,42,43,open,25,26,0,12,25,26.0,25.0
fasterrcnn,cate5-00096,42,43,half,25,26,6,12,24,26.0,26.0
fasterrcnn,cate5-00096,42,43,closed,25,26,12,12,24,26.0,25.0
fasterrcnn,cate5-00096,34,35,open,19,20,0,15,19,20.0,20.0
fasterrcnn,cate5-00096,34,35,half,19,20,8,15,19,20.0,19.0
fasterrcnn,cate5-00096,34,35,closed,19,20,15,15,19,20.0,19.0
fasterrcnn,cate5-00096,22,23,open,9,10,0,13,10,10.0,10.0
fasterrcnn,cate5-00096,22,23,half,9,10,6,13,10,10.0,10.0
fasterrcnn,cate5-00096,22,23,closed,9,10,13,13,9,10.0,
fasterrcnn,cate6-00065,22,23,open,9,10,0,12,10,10.0,10.0
fasterrcnn,cate6-00065,22,23,half,9,10,6,12,10,10.0,10.0
fasterrcnn,cate6-00065,22,23,closed,9,10,12,12,10,10.0,10.0
fasterrcnn,cate6-00065,31,32,open,16,17,0,15,17,18.0,18.0
fasterrcnn,cate6-00065,31,32,half,16,17,8,15,17,18.0,17.0
fasterrcnn,cate6-00065,31,32,closed,16,17,15,15,17,18.0,17.0
fasterrcnn,cate6-00065,23,24,open,10,11,0,13,11,11.0,11.0
fasterrcnn,cate6-00065,23,24,half,10,11,6,13,11,11.0,11.0
fasterrcnn,cate6-00065,23,24,closed,10,11,13,13,11,11.0,11.0
fasterrcnn,cate6-00069,36,37,open,21,22,0,32,22,22.0,22.0
fasterrcnn,cate6-00069,36,37,half,21,22,16,32,22,22.0,22.0
fasterrcnn,cate6-00069,36,37,closed,21,22,32,32,22,22.0,22.0
fasterrcnn,cate6-00069,47,48,open,30,31,0,36,31,31.0,31.0
fasterrcnn,cate6-00069,47,48,half,30,31,18,36,31,31.0,31.0
fasterrcnn,cate6-00069,47,48,closed,30,31,36,36,30,31.0,31.0
fasterrcnn,cate6-00069,23,24,open,10,11,0,20,11,,
fasterrcnn,cate6-00069,23,24,half,10,11,10,20,11,,
fasterrcnn,cate6-00069,23,24,closed,10,11,20,20,11,,
fasterrcnn,cate6-00075,21,22,open,8,9,0,22,10,9.0,9.0
fasterrcnn,cate6-00075,21,22,half,8,9,11,22,9,9.0,9.0
fasterrcnn,cate6-00075,21,22,closed,8,9,22,22,9,9.0,8.0
fasterrcnn,cate6-00075,16,17,open,5,6,0,2,5,6.0,6.0
fasterrcnn,cate6-00075,16,17,half,5,6,1,2,5,6.0,6.0
fasterrcnn,cate6-00075,16,17,closed,5,6,2,2,5,6.0,6.0
fasterrcnn,cate6-00075,37,38,open,22,23,0,30,23,23.0,22.0
fasterrcnn,cate6-00075,37,38,half,22,23,15,30,23,23.0,22.0
fasterrcnn,cate6-00075,37,38,closed,22,23,30,30,21,23.0,22.0
fasterrcnn,cate6-00086,45,46,open,28,29,0,31,29,29.0,29.0
fasterrcnn,cate6-00086,45,46,half,28,29,16,31,29,29.0,29.0
fasterrcnn,cate6-00086,45,46,closed,28,29,31,31,28,29.0,29.0
fasterrcnn,cate6-00086,47,48,open,30,31,0,33,31,31.0,31.0
fasterrcnn,cate6-00086,47,48,half,30,31,16,33,31,31.0,31.0
fasterrcnn,cate6-00086,47,48,closed,30,31,33,33,31,31.0,30.0
fasterrcnn,cate6-00086,44,45,open,27,28,0,24,28,,
fasterrcnn,cate6-00086,44,45,half,27,28,12,24,28,,28.0
fasterrcnn,cate6-00086,44,45,closed,27,28,24,24,27,,28.0
fasterrcnn,cate6-00093,25,26,open,12,13,0,3,13,13.0,13.0
fasterrcnn,cate6-00093,25,26,half,12,13,2,3,13,13.0,13.0
fasterrcnn,cate6-00093,25,26,closed,12,13,3,3,13,13.0,13.0
fasterrcnn,cate6-00093,13,14,open,2,3,0,6,3,3.0,3.0
fasterrcnn,cate6-00093,13,14,half,2,3,3,6,3,3.0,3.0
fasterrcnn,cate6-00093,13,14,closed,2,3,6,6,2,3.0,3.0
fasterrcnn,cate6-00115,15,16,open,4,5,0,0,5,5.0,5.0
fasterrcnn,cate6-00115,15,16,half,4,5,0,0,5,5.0,5.0
fasterrcnn,cate6-00115,15,16,closed,4,5,0,0,5,5.0,5.0
fasterrcnn,cate6-00115,32,33,open,17,18,0,13,19,18.0,18.0
fasterrcnn,cate6-00115,32,33,half,17,18,6,13,19,18.0,18.0
fasterrcnn,cate6-00115,32,33,closed,17,18,13,13,18,18.0,18.0
fasterrcnn,cate7-00002,25,26,open,12,13,0,16,13,13.0,13.0
fasterrcnn,cate7-00002,25,26,half,12,13,8,16,13,13.0,13.0
fasterrcnn,cate7-00002,25,26,closed,12,13,16,16,11,13.0,13.0
fasterrcnn,cate7-00002,43,44,open,26,27,0,17,27,27.0,28.0
fasterrcnn,cate7-00002,43,44,half,26,27,8,17,27,27.0,27.0
fasterrcnn,cate7-00002,43,44,closed,26,27,17,17,26,27.0,27.0
fasterrcnn,cate7-00002,22,23,open,9,10,0,16,10,10.0,10.0
fasterrcnn,cate7-00002,22,23,half,9,10,8,16,10,10.0,10.0
fasterrcnn,cate7-00002,22,23,closed,9,10,16,16,9,10.0,10.0
fasterrcnn,cate7-00020,45,46,open,28,29,0,14,29,29.0,29.0
fasterrcnn,cate7-00020,45,46,half,28,29,7,14,29,29.0,29.0
fasterrcnn,cate7-00020,45,46,closed,28,29,14,14,29,29.0,29.0
fasterrcnn,cate7-00020,13,14,open,2,3,0,11,3,3.0,3.0
fasterrcnn,cate7-00020,13,14,half,2,3,6,11,3,3.0,3.0
fasterrcnn,cate7-00020,13,14,closed,2,3,11,11,2,3.0,2.0
fasterrcnn,cate7-00020,35,36,open,20,21,0,16,21,21.0,21.0
fasterrcnn,cate7-00020,35,36,half,20,21,8,16,21,21.0,21.0
fasterrcnn,cate7-00020,35,36,closed,20,21,16,16,20,21.0,21.0
fasterrcnn,cate7-00044,14,15,open,3,4,0,16,5,4.0,5.0
fasterrcnn,cate7-00044,14,15,half,3,4,8,16,3,4.0,4.0
fasterrcnn,cate7-00044,14,15,closed,3,4,16,16,3,4.0,4.0
fasterrcnn,cate7-00044,25,26,open,12,13,0,16,13,13.0,13.0
fasterrcnn,cate7-00044,25,26,half,12,13,8,16,13,13.0,13.0
fasterrcnn,cate7-00044,25,26,closed,12,13,16,16,13,13.0,13.0
fasterrcnn,cate7-00044,24,25,open,11,12,0,13,13,12.0,12.0
fasterrcnn,cate7-00044,24,25,half,11,12,6,13,13,12.0,12.0
fasterrcnn,cate7-00044,24,25,closed,11,12,13,13,11,12.0,12.0
fasterrcnn,cate7-00061,16,17,open,5,6,0,27,6,6.0,5.0
fasterrcnn,cate7-00061,16,17,half,5,6,14,27,6,6.0,5.0
fasterrcnn,cate7-00061,16,17,closed,5,6,27,27,5,6.0,5.0
fasterrcnn,cate7-00061,43,44,open,26,27,0,10,27,27.0,27.0
fasterrcnn,cate7-00061,43,44,half,26,27,5,10,26,27.0,27.0
fasterrcnn,cate7-00061,43,44,closed,26,27,10,10,26,27.0,27.0
fasterrcnn,cate7-00061,14,15,open,3,4,0,10,3,4.0,4.0
fasterrcnn,cate7-00061,14,15,half,3,4,5,10,3,4.0,4.0
fasterrcnn,cate7-00061,14,15,closed,3,4,10,10,3,4.0,3.0
fasterrcnn,cate7-00062,43,44,open,26,27,0,14,28,27.0,28.0
fasterrcnn,cate7-00062,43,44,half,26,27,7,14,27,27.0,27.0
fasterrcnn,cate7-00062,43,44,closed,26,27,14,14,26,27.0,27.0
fasterrcnn,cate7-00062,44,45,open,27,28,0,22,28,28.0,28.0
fasterrcnn,cate7-00062,44,45,half,27,28,11,22,28,28.0,28.0
fasterrcnn,cate7-00062,44,45,closed,27,28,22,22,28,28.0,28.0
fasterrcnn,cate7-00062,24,25,open,11,12,0,22,12,12.0,12.0
fasterrcnn,cate7-00062,24,25,half,11,12,11,22,12,12.0,12.0
fasterrcnn,cate7-00062,24,25,closed,11,12,22,22,11,12.0,11.0
fasterrcnn,cate7-00086,15,16,open,4,5,0,18,5,5.0,5.0
fasterrcnn,cate7-00086,15,16,half,4,5,9,18,5,5.0,5.0
fasterrcnn,cate7-00086,15,16,closed,4,5,18,18,5,5.0,5.0
fasterrcnn,cate7-00086,34,35,open,19,20,0,17,20,20.0,20.0
fasterrcnn,cate7-00086,34,35,half,19,20,8,17,20,20.0,20.0
fasterrcnn,cate7-00086,34,35,closed,19,20,17,17,19,20.0,19.0
fasterrcnn,cate7-00086,42,43,open,25,26,0,17,26,26.0,27.0
fasterrcnn,cate7-00086,42,43,half,25,26,8,17,25,26.0,26.0
fasterrcnn,cate7-00086,42,43,closed,25,26,17,17,25,26.0,26.0
fasterrcnn,cate7-00090,31,32,open,16,17,0,9,18,17.0,17.0
fasterrcnn,cate7-00090,31,32,half,16,17,4,9,18,17.0,17.0
fasterrcnn,cate7-00090,31,32,closed,16,17,9,9,17,17.0,17.0
fasterrcnn,cate7-00090,44,45,open,27,28,0,16,28,27.0,27.0
fasterrcnn,cate7-00090,44,45,half,27,28,8,16,28,27.0,27.0
fasterrcnn,cate7-00090,44,45,closed,27,28,16,16,26,27.0,27.0
fasterrcnn,cate7-00090,11,12,open,0,1,0,15,1,1.0,1.0
fasterrcnn,cate7-00090,11,12,half,0,1,8,15,1,1.0,1.0
fasterrcnn,cate7-00090,11,12,closed,0,1,15,15,0,1.0,1.0
fasterrcnn,cate8-00001,12,13,open,1,2,0,19,2,2.0,2.0
fasterrcnn,cate8-00001,12,13,half,1,2,10,19,2,2.0,2.0
fasterrcnn,cate8-00001,12,13,closed,1,2,19,19,1,2.0,2.0
fasterrcnn,cate8-00001,23,24,open,10,11,0,18,11,11.0,11.0
fasterrcnn,cate8-00001,23,24,half,10,11,9,18,10,11.0,11.0
fasterrcnn,cate8-00001,23,24,closed,10,11,18,18,10,11.0,11.0
fasterrcnn,cate8-00001,24,25,open,11,12,0,19,12,12.0,12.0
fasterrcnn,cate8-00001,24,25,half,11,12,10,19,12,12.0,12.0
fasterrcnn,cate8-00001,24,25,closed,11,12,19,19,11,12.0,11.0
fasterrcnn,cate8-00008,45,46,open,28,29,0,23,30,30.0,30.0
fasterrcnn,cate8-00008,45,46,half,28,29,12,23,29,30.0,30.0
fasterrcnn,cate8-00008,45,46,closed,28,29,23,23,29,30.0,30.0
fasterrcnn,cate8-00008,36,37,open,21,22,0,36,22,22.0,22.0
fasterrcnn,cate8-00008,36,37,half,21,22,18,36,22,22.0,22.0
fasterrcnn,cate8-00008,36,37,closed,21,22,36,36,21,22.0,22.0
fasterrcnn,cate8-00008,35,36,open,20,21,0,19,21,21.0,21.0
fasterrcnn,cate8-00008,35,36,half,20,21,10,19,21,21.0,21.0
fasterrcnn,cate8-00008,35,36,closed,20,21,19,19,20,21.0,21.0
fasterrcnn,cate8-00015,13,14,open,2,3,0,19,3,3.0,3.0
fasterrcnn,cate8-00015,13,14,half,2,3,10,19,2,3.0,3.0
fasterrcnn,cate8-00015,13,14,closed,2,3,19,19,2,3.0,2.0
fasterrcnn,cate8-00015,42,43,open,25,26,0,16,27,26.0,26.0
fasterrcnn,cate8-00015,42,43,half,25,26,8,16,26,26.0,26.0
fasterrcnn,cate8-00015,42,43,closed,25,26,16,16,26,26.0,26.0
fasterrcnn,cate8-00015,32,33,open,17,18,0,15,18,18.0,18.0
fasterrcnn,cate8-00015,32,33,half,17,18,8,15,18,18.0,18.0
fasterrcnn,cate8-00015,32,33,closed,17,18,15,15,18,18.0,18.0
fasterrcnn,cate8-00030,24,25,open,11,12,0,20,12,12.0,
fasterrcnn,cate8-00030,24,25,half,11,12,10,20,12,12.0,11.0
fasterrcnn,cate8-00030,24,25,closed,11,12,20,20,11,12.0,11.0
fasterrcnn,cate8-00030,22,23,open,9,10,0,16,9,10.0,10.0
fasterrcnn,cate8-00030,22,23,half,9,10,8,16,9,10.0,10.0
fasterrcnn,cate8-00030,22,23,closed,9,10,16,16,9,10.0,10.0
fasterrcnn,cate8-00030,33,34,open,18,19,0,18,19,19.0,19.0
fasterrcnn,cate8-00030,33,34,half,18,19,9,18,19,19.0,19.0
fasterrcnn,cate8-00030,33,34,closed,18,19,18,18,18,19.0,19.0
fasterrcnn,cate8-00035,42,43,open,25,26,0,14,26,26.0,25.0
fasterrcnn,cate8-00035,42,43,half,25,26,7,14,25,26.0,26.0
fasterrcnn,cate8-00035,42,43,closed,25,26,14,14,25,26.0,26.0
fasterrcnn,cate8-00035,32,33,open,17,18,0,11,17,18.0,20.0
fasterrcnn,cate8-00035,32,33,half,17,18,6,11,17,18.0,18.0
fasterrcnn,cate8-00035,32,33,closed,17,18,11,11,17,18.0,18.0
fasterrcnn,cate8-00035,43,44,open,26,27,0,16,27,27.0,27.0
fasterrcnn,cate8-00035,43,44,half,26,27,8,16,27,27.0,27.0
fasterrcnn,cate8-00035,43,44,closed,26,27,16,16,26,27.0,27.0
fasterrcnn,cate8-00047,32,33,open,17,18,0,21,19,18.0,18.0
fasterrcnn,cate8-00047,32,33,half,17,18,10,21,18,18.0,18.0
fasterrcnn,cate8-00047,32,33,closed,17,18,21,21,18,18.0,18.0
fasterrcnn,cate8-00047,33,34,open,18,19,0,23,20,19.0,19.0
fasterrcnn,cate8-00047,33,34,half,18,19,12,23,19,19.0,19.0
fasterrcnn,cate8-00047,33,34,closed,18,19,23,23,19,19.0,19.0
fasterrcnn,cate8-00047,35,36,open,20,21,0,23,22,21.0,22.0
fasterrcnn,cate8-00047,35,36,half,20,21,12,23,21,21.0,21.0
fasterrcnn,cate8-00047,35,36,closed,20,21,23,23,21,21.0,21.0
fasterrcnn,cate8-00066,32,33,open,17,18,0,12,18,18.0,18.0
fasterrcnn,cate8-00066,32,33,half,17,18,6,12,18,18.0,18.0
fasterrcnn,cate8-00066,32,33,closed,17,18,12,12,16,18.0,18.0
fasterrcnn,cate8-00066,14,15,open,3,4,0,14,4,4.0,4.0
fasterrcnn,cate8-00066,14,15,half,3,4,7,14,4,4.0,4.0
fasterrcnn,cate8-00066,14,15,closed,3,4,14,14,4,4.0,3.0
fasterrcnn,cate8-00066,42,43,open,25,26,0,11,26,26.0,26.0
fasterrcnn,cate8-00066,42,43,half,25,26,6,11,26,26.0,26.0
fasterrcnn,cate8-00066,42,43,closed,25,26,11,11,26,26.0,26.0
fasterrcnn,cate8-00071,42,43,open,25,26,0,17,26,26.0,26.0
fasterrcnn,cate8-00071,42,43,half,25,26,8,17,26,26.0,26.0
fasterrcnn,cate8-00071,42,43,closed,25,26,17,17,25,26.0,26.0
fasterrcnn,cate8-00071,46,47,open,29,30,0,31,30,30.0,30.0
fasterrcnn,cate8-00071,46,47,half,29,30,16,31,30,30.0,30.0
fasterrcnn,cate8-00071,46,47,closed,29,30,31,31,29,30.0,30.0
fasterrcnn,cate8-00071,14,15,open,3,4,0,15,4,4.0,4.0
fasterrcnn,cate8-00071,14,15,half,3,4,8,15,3,4.0,4.0
fasterrcnn,cate8-00071,14,15,closed,3,4,15,15,3,4.0,3.0
fasterrcnn,cate8-00089,34,35,open,19,20,0,16,20,20.0,20.0
fasterrcnn,cate8-00089,34,35,half,19,20,8,16,20,20.0,20.0
fasterrcnn,cate8-00089,34,35,closed,19,20,16,16,20,20.0,19.0
fasterrcnn,cate8-00089,32,33,open,17,18,0,20,19,18.0,18.0
fasterrcnn,cate8-00089,32,33,half,17,18,10,20,19,18.0,18.0
fasterrcnn,cate8-00089,32,33,closed,17,18,20,20,17,18.0,17.0
fasterrcnn,cate8-00089,41,42,open,24,25,0,15,24,25.0,25.0
fasterrcnn,cate8-00089,41,42,half,24,25,8,15,24,25.0,24.0
fasterrcnn,cate8-00089,41,42,closed,24,25,15,15,24,25.0,24.0
fasterrcnn,cate8-00116,34,35,open,19,20,0,14,19,20.0,20.0
fasterrcnn,cate8-00116,34,35,half,19,20,7,14,19,20.0,20.0
fasterrcnn,cate8-00116,34,35,closed,19,20,14,14,19,20.0,20.0
fasterrcnn,cate8-00116,44,45,open,27,28,0,17,28,28.0,28.0
fasterrcnn,cate8-00116,44,45,half,27,28,8,17,27,28.0,27.0
fasterrcnn,cate8-00116,44,45,closed,27,28,17,17,27,28.0,27.0
fasterrcnn,cate8-00116,43,44,open,26,27,0,19,27,27.0,
fasterrcnn,cate8-00116,43,44,half,26,27,10,19,26,27.0,25.0
fasterrcnn,cate8-00116,43,44,closed,26,27,19,19,26,27.0,25.0
fasterrcnn,cate8-00119,17,18,open,6,7,0,18,7,7.0,7.0
fasterrcnn,cate8-00119,17,18,half,6,7,9,18,7,7.0,7.0
fasterrcnn,cate8-00119,17,18,closed,6,7,18,18,7,7.0,7.0
fasterrcnn,cate8-00119,24,25,open,11,12,0,18,12,12.0,13.0
fasterrcnn,cate8-00119,24,25,half,11,12,9,18,12,12.0,12.0
fasterrcnn,cate8-00119,24,25,closed,11,12,18,18,11,12.0,12.0
fasterrcnn,cate8-00119,16,17,open,5,6,0,27,6,6.0,6.0
fasterrcnn,cate8-00119,16,17,half,5,6,14,27,6,6.0,6.0
fasterrcnn,cate8-00119,16,17,closed,5,6,27,27,5,6.0,5.0
fasterrcnn,cate8-00130,32,33,open,17,18,0,11,18,19.0,18.0
fasterrcnn,cate8-00130,32,33,half,17,18,6,11,17,19.0,18.0
fasterrcnn,cate8-00130,32,33,closed,17,18,11,11,17,19.0,18.0
fasterrcnn,cate8-00130,25,26,open,12,13,0,18,13,13.0,13.0
fasterrcnn,cate8-00130,25,26,half,12,13,9,18,13,13.0,13.0
fasterrcnn,cate8-00130,25,26,closed,12,13,18,18,13,13.0,13.0
fasterrcnn,cate8-00130,31,32,open,16,17,0,10,16,18.0,18.0
fasterrcnn,cate8-00130,31,32,half,16,17,5,10,16,18.0,18.0
fasterrcnn,cate8-00130,31,32,closed,16,17,10,10,24,18.0,17.0
fasterrcnn,cate8-00149,24,25,open,11,12,0,18,12,12.0,12.0
fasterrcnn,cate8-00149,24,25,half,11,12,9,18,12,12.0,12.0
fasterrcnn,cate8-00149,24,25,closed,11,12,18,18,12,12.0,12.0
fasterrcnn,cate8-00149,41,42,open,24,25,0,17,26,25.0,25.0
fasterrcnn,cate8-00149,41,42,half,24,25,8,17,25,25.0,25.0
fasterrcnn,cate8-00149,41,42,closed,24,25,17,17,25,25.0,25.0
fasterrcnn,cate8-00149,36,37,open,21,22,0,34,22,22.0,22.0
fasterrcnn,cate8-00149,36,37,half,21,22,17,34,22,22.0,22.0
fasterrcnn,cate8-00149,36,37,closed,21,22,34,34,22,22.0,21.0
fasterrcnn,cate8-00152,11,12,open,0,1,0,24,2,1.0,1.0
fasterrcnn,cate8-00152,11,12,half,0,1,12,24,1,1.0,1.0
fasterrcnn,cate8-00152,11,12,closed,0,1,24,24,0,1.0,1.0
fasterrcnn,cate8-00152,17,18,open,6,7,0,22,7,7.0,7.0
fasterrcnn,cate8-00152,17,18,half,6,7,11,22,7,7.0,7.0
fasterrcnn,cate8-00152,17,18,closed,6,7,22,22,7,7.0,7.0
fasterrcnn,cate8-00152,24,25,open,11,12,0,19,12,12.0,12.0
fasterrcnn,cate8-00152,24,25,half,11,12,10,19,12,12.0,12.0
fasterrcnn,cate8-00152,24,25,closed,11,12,19,19,11,12.0,11.0
fasterrcnn,cate8-00166,16,17,open,5,6,0,25,6,6.0,5.0
fasterrcnn,cate8-00166,16,17,half,5,6,12,25,5,6.0,6.0
fasterrcnn,cate8-00166,16,17,closed,5,6,25,25,5,6.0,5.0
fasterrcnn,cate8-00166,45,46,open,28,29,0,16,29,29.0,29.0
fasterrcnn,cate8-00166,45,46,half,28,29,8,16,29,29.0,29.0
fasterrcnn,cate8-00166,45,46,closed,28,29,16,16,28,29.0,29.0
fasterrcnn,cate8-00166,46,47,open,29,30,0,30,30,30.0,30.0
fasterrcnn,cate8-00166,46,47,half,29,30,15,30,29,30.0,30.0
fasterrcnn,cate8-00166,46,47,closed,29,30,30,30,29,30.0,28.0
fasterrcnn,cate8-00167,26,27,open,13,14,0,26,14,14.0,14.0
fasterrcnn,cate8-00167,26,27,half,13,14,13,26,14,14.0,14.0
fasterrcnn,cate8-00167,26,27,closed,13,14,26,26,14,14.0,13.0
fasterrcnn,cate8-00167,14,15,open,3,4,0,16,4,4.0,3.0
fasterrcnn,cate8-00167,14,15,half,3,4,8,16,3,4.0,3.0
fasterrcnn,cate8-00167,14,15,closed,3,4,16,16,3,4.0,3.0
fasterrcnn,cate8-00167,44,45,open,27,28,0,15,27,28.0,28.0
fasterrcnn,cate8-00167,44,45,half,27,28,8,15,27,28.0,28.0
fasterrcnn,cate8-00167,44,45,closed,27,28,15,15,27,28.0,27.0
fasterrcnn,cate8-00181,34,35,open,19,20,0,25,20,20.0,20.0
fasterrcnn,cate8-00181,34,35,half,19,20,12,25,20,20.0,20.0
fasterrcnn,cate8-00181,34,35,closed,19,20,25,25,19,20.0,20.0
fasterrcnn,cate8-00181,43,44,open,26,27,0,20,28,27.0,28.0
fasterrcnn,cate8-00181,43,44,half,26,27,10,20,27,27.0,27.0
fasterrcnn,cate8-00181,43,44,closed,26,27,20,20,27,27.0,27.0
fasterrcnn,cate8-00181,21,22,open,8,9,0,26,9,9.0,9.0
fasterrcnn,cate8-00181,21,22,half,8,9,13,26,8,9.0,9.0
fasterrcnn,cate8-00181,21,22,closed,8,9,26,26,8,9.0,9.0
fasterrcnn,cate8-00185,42,43,open,25,26,0,13,26,26.0,26.0
fasterrcnn,cate8-00185,42,43,half,25,26,6,13,26,26.0,26.0
fasterrcnn,cate8-00185,42,43,closed,25,26,13,13,26,26.0,26.0
fasterrcnn,cate8-00185,45,46,open,28,29,0,13,29,29.0,29.0
fasterrcnn,cate8-00185,45,46,half,28,29,6,13,29,29.0,29.0
fasterrcnn,cate8-00185,45,46,closed,28,29,13,13,29,29.0,29.0
fasterrcnn,cate8-00185,21,22,open,8,9,0,16,9,9.0,9.0
fasterrcnn,cate8-00185,21,22,half,8,9,8,16,9,9.0,9.0
fasterrcnn,cate8-00185,21,22,closed,8,9,16,16,9,9.0,9.0
fasterrcnn,cate8-00188,22,23,open,9,10,0,19,9,10.0,10.0
fasterrcnn,cate8-00188,22,23,half,9,10,10,19,9,10.0,10.0
fasterrcnn,cate8-00188,22,23,closed,9,10,19,19,9,10.0,9.0
fasterrcnn,cate8-00188,43,44,open,26,27,0,19,27,27.0,27.0
fasterrcnn,cate8-00188,43,44,half,26,27,10,19,26,27.0,27.0
fasterrcnn,cate8-00188,43,44,closed,26,27,19,19,26,27.0,27.0
fasterrcnn,cate8-00188,32,33,open,17,18,0,15,18,18.0,18.0
fasterrcnn,cate8-00188,32,33,half,17,18,8,15,17,18.0,18.0
fasterrcnn,cate8-00188,32,33,closed,17,18,15,15,17,18.0,18.0
fasterrcnn,cate8-00197,22,23,open,9,10,0,16,10,10.0,10.0
fasterrcnn,cate8-00197,22,23,half,9,10,8,16,10,10.0,10.0
fasterrcnn,cate8-00197,22,23,closed,9,10,16,16,9,10.0,10.0
fasterrcnn,cate8-00197,13,14,open,2,3,0,21,3,3.0,4.0
fasterrcnn,cate8-00197,13,14,half,2,3,10,21,2,3.0,3.0
fasterrcnn,cate8-00197,13,14,closed,2,3,21,21,2,3.0,2.0
fasterrcnn,cate8-00197,11,12,open,0,1,0,18,1,1.0,1.0
fasterrcnn,cate8-00197,11,12,half,0,1,9,18,0,1.0,1.0
fasterrcnn,cate8-00197,11,12,closed,0,1,18,18,0,1.0,0.0
fasterrcnn,cate8-00215,15,16,open,4,5,0,18,5,5.0,5.0
fasterrcnn,cate8-00215,15,16,half,4,5,9,18,5,5.0,5.0
fasterrcnn,cate8-00215,15,16,closed,4,5,18,18,5,5.0,5.0
fasterrcnn,cate8-00215,45,46,open,28,29,0,22,29,29.0,29.0
fasterrcnn,cate8-00215,45,46,half,28,29,11,22,29,29.0,29.0
fasterrcnn,cate8-00215,45,46,closed,28,29,22,22,29,29.0,29.0
fasterrcnn,cate8-00215,11,12,open,0,1,0,25,1,1.0,1.0
fasterrcnn,cate8-00215,11,12,half,0,1,12,25,1,1.0,1.0
fasterrcnn,cate8-00215,11,12,closed,0,1,25,25,0,1.0,0.0
fasterrcnn,cate8-00233,42,43,open,25,26,0,22,27,26.0,26.0
fasterrcnn,cate8-00233,42,43,half,25,26,11,22,26,26.0,26.0
fasterrcnn,cate8-00233,42,43,closed,25,26,22,22,26,26.0,26.0
fasterrcnn,cate8-00233,22,23,open,9,10,0,19,10,10.0,10.0
fasterrcnn,cate8-00233,22,23,half,9,10,10,19,10,10.0,10.0
fasterrcnn,cate8-00233,22,23,closed,9,10,19,19,9,10.0,10.0
fasterrcnn,cate8-00233,33,34,open,18,19,0,33,19,,27.0
fasterrcnn,cate8-00233,33,34,half,18,19,16,33,19,,18.0
fasterrcnn,cate8-00233,33,34,closed,18,19,33,33,17,,18.0
fasterrcnn,cate8-00245,44,45,open,27,28,0,23,28,28.0,28.0
fasterrcnn,cate8-00245,44,45,half,27,28,12,23,28,28.0,27.0
fasterrcnn,cate8-00245,44,45,closed,27,28,23,23,27,28.0,27.0
fasterrcnn,cate8-00245,34,35,open,19,20,0,24,20,20.0,20.0
fasterrcnn,cate8-00245,34,35,half,19,20,12,24,20,20.0,20.0
fasterrcnn,cate8-00245,34,35,closed,19,20,24,24,19,20.0,19.0
fasterrcnn,cate8-00245,21,22,open,8,9,0,24,9,9.0,9.0
fasterrcnn,cate8-00245,21,22,half,8,9,12,24,8,9.0,9.0
fasterrcnn,cate8-00245,21,22,closed,8,9,24,24,8,9.0,8.0
fasterrcnn,cate8-00287,41,42,open,24,25,0,9,24,25.0,25.0
fasterrcnn,cate8-00287,41,42,half,24,25,4,9,24,25.0,24.0
fasterrcnn,cate8-00287,41,42,closed,24,25,9,9,24,25.0,25.0
fasterrcnn,cate8-00287,31,32,open,16,17,0,10,17,17.0,17.0
fasterrcnn,cate8-00287,31,32,half,16,17,5,10,17,17.0,17.0
fasterrcnn,cate8-00287,31,32,closed,16,17,10,10,16,17.0,17.0
fasterrcnn,cate8-00287,44,45,open,27,28,0,15,27,28.0,28.0
fasterrcnn,cate8-00287,44,45,half,27,28,8,15,27,28.0,27.0
fasterrcnn,cate8-00287,44,45,closed,27,28,15,15,27,28.0,27.0
fasterrcnn,cate8-00296,31,32,open,16,17,0,15,16,17.0,17.0
fasterrcnn,cate8-00296,31,32,half,16,17,8,15,16,17.0,17.0
fasterrcnn,cate8-00296,31,32,closed,16,17,15,15,16,17.0,16.0
fasterrcnn,cate8-00296,42,43,open,25,26,0,20,27,26.0,26.0
fasterrcnn,cate8-00296,42,43,half,25,26,10,20,26,26.0,26.0
fasterrcnn,cate8-00296,42,43,closed,25,26,20,20,25,26.0,26.0
fasterrcnn,cate8-00296,21,22,open,8,9,0,19,9,9.0,9.0
fasterrcnn,cate8-00296,21,22,half,8,9,10,19,8,9.0,9.0
fasterrcnn,cate8-00296,21,22,closed,8,9,19,19,8,9.0,8.0
fasterrcnn,cate8-00359,44,45,open,27,28,0,17,28,28.0,28.0
fasterrcnn,cate8-00359,44,45,half,27,28,8,17,28,28.0,27.0
fasterrcnn,cate8-00359,44,45,closed,27,28,17,17,28,28.0,27.0
fasterrcnn,cate8-00359,42,43,open,25,26,0,14,27,26.0,26.0
fasterrcnn,cate8-00359,42,43,half,25,26,7,14,26,26.0,25.0
fasterrcnn,cate8-00359,42,43,closed,25,26,14,14,26,26.0,26.0
fasterrcnn,cate8-00359,32,33,open,17,18,0,17,18,18.0,18.0
fasterrcnn,cate8-00359,32,33,half,17,18,8,17,18,18.0,18.0
fasterrcnn,cate8-00359,32,33,closed,17,18,17,17,16,18.0,18.0
fasterrcnn,cate8-00382,27,28,open,14,15,0,22,15,15.0,14.0
fasterrcnn,cate8-00382,27,28,half,14,15,11,22,15,15.0,15.0
fasterrcnn,cate8-00382,27,28,closed,14,15,22,22,15,15.0,14.0
fasterrcnn,cate8-00382,22,23,open,9,10,0,16,9,10.0,10.0
fasterrcnn,cate8-00382,22,23,half,9,10,8,16,9,10.0,9.0
fasterrcnn,cate8-00382,22,23,closed,9,10,16,16,9,10.0,9.0
fasterrcnn,cate8-00382,44,45,open,27,28,0,36,29,28.0,28.0
fasterrcnn,cate8-00382,44,45,half,27,28,18,36,28,28.0,28.0
fasterrcnn,cate8-00382,44,45,closed,27,28,36,36,27,28.0,28.0
fasterrcnn,cate8-00383,23,24,open,10,11,0,17,11,11.0,
fasterrcnn,cate8-00383,23,24,half,10,11,8,17,11,11.0,11.0
fasterrcnn,cate8-00383,23,24,closed,10,11,17,17,10,11.0,10.0
fasterrcnn,cate8-00383,33,34,open,18,19,0,12,19,,
fasterrcnn,cate8-00383,33,34,half,18,19,6,12,19,,
fasterrcnn,cate8-00383,33,34,closed,18,19,12,12,18,,18.0
fasterrcnn,cate8-00383,46,47,open,29,30,0,37,29,30.0,29.0
fasterrcnn,cate8-00383,46,47,half,29,30,18,37,29,30.0,29.0
fasterrcnn,cate8-00383,46,47,closed,29,30,37,37,29,30.0,29.0
fasterrcnn,cate9-00028,23,24,open,10,11,0,19,11,10.0,
fasterrcnn,cate9-00028,23,24,half,10,11,10,19,10,10.0,10.0
fasterrcnn,cate9-00028,23,24,closed,10,11,19,19,10,10.0,2.0
fasterrcnn,cate9-00028,41,42,open,24,25,0,12,25,,
fasterrcnn,cate9-00028,41,42,half,24,25,6,12,25,,
fasterrcnn,cate9-00028,41,42,closed,24,25,12,12,24,,24.0
fasterrcnn,cate9-00028,16,17,open,5,6,0,30,5,6.0,6.0
fasterrcnn,cate9-00028,16,17,half,5,6,15,30,5,6.0,5.0
fasterrcnn,cate9-00028,16,17,closed,5,6,30,30,4,6.0,5.0
fasterrcnn,cate1-00008,33,34,open,18,19,0,16,19,19.0,19.0
fasterrcnn,cate1-00008,33,34,half,18,19,8,16,19,19.0,19.0
fasterrcnn,cate1-00008,33,34,closed,18,19,16,16,18,19.0,19.0
fasterrcnn,cate1-00008,31,32,open,16,17,0,16,17,17.0,17.0
fasterrcnn,cate1-00008,31,32,half,16,17,8,16,17,17.0,17.0
fasterrcnn,cate1-00008,31,32,closed,16,17,16,16,16,17.0,17.0
fasterrcnn,cate1-00008,44,45,open,27,28,0,22,28,28.0,28.0
fasterrcnn,cate1-00008,44,45,half,27,28,11,22,27,28.0,28.0
fasterrcnn,cate1-00008,44,45,closed,27,28,22,22,27,28.0,27.0
fasterrcnn,cate1-00044,23,24,open,10,11,0,19,12,11.0,11.0
fasterrcnn,cate1-00044,23,24,half,10,11,10,19,11,11.0,11.0
fasterrcnn,cate1-00044,23,24,closed,10,11,19,19,11,11.0,11.0
fasterrcnn,cate1-00044,25,26,open,12,13,0,18,13,13.0,13.0
fasterrcnn,cate1-00044,25,26,half,12,13,9,18,13,13.0,13.0
fasterrcnn,cate1-00044,25,26,closed,12,13,18,18,13,13.0,13.0
fasterrcnn,cate1-00044,22,23,open,9,10,0,18,10,10.0,11.0
fasterrcnn,cate1-00044,22,23,half,9,10,9,18,10,10.0,10.0
fasterrcnn,cate1-00044,22,23,closed,9,10,18,18,9,10.0,10.0
fasterrcnn,cate1-00056,21,22,open,8,9,0,15,17,9.0,9.0
fasterrcnn,cate1-00056,21,22,half,8,9,8,15,17,9.0,9.0
fasterrcnn,cate1-00056,21,22,closed,8,9,15,15,16,9.0,9.0
fasterrcnn,cate1-00056,44,45,open,27,28,0,17,28,28.0,28.0
fasterrcnn,cate1-00056,44,45,half,27,28,8,17,27,28.0,28.0
fasterrcnn,cate1-00056,44,45,closed,27,28,17,17,27,28.0,28.0
fasterrcnn,cate1-00056,22,23,open,9,10,0,14,9,10.0,10.0
fasterrcnn,cate1-00056,22,23,half,9,10,7,14,9,10.0,10.0
fasterrcnn,cate1-00056,22,23,closed,9,10,14,14,9,10.0,10.0
fasterrcnn,cate1-00059,33,34,open,18,19,0,18,18,19.0,18.0
fasterrcnn,cate1-00059,33,34,half,18,19,9,18,18,19.0,18.0
fasterrcnn,cate1-00059,33,34,closed,18,19,18,18,18,19.0,18.0
fasterrcnn,cate1-00059,13,14,open,2,3,0,20,3,2.0,3.0
fasterrcnn,cate1-00059,13,14,half,2,3,10,20,2,2.0,2.0
fasterrcnn,cate1-00059,13,14,closed,2,3,20,20,2,2.0,2.0
fasterrcnn,cate1-00059,12,13,open,1,2,0,17,2,2.0,2.0
fasterrcnn,cate1-00059,12,13,half,1,2,8,17,1,2.0,1.0
fasterrcnn,cate1-00059,12,13,closed,1,2,17,17,1,2.0,1.0
fasterrcnn,cate1-00062,22,23,open,9,10,0,18,10,10.0,
fasterrcnn,cate1-00062,22,23,half,9,10,9,18,10,10.0,10.0
fasterrcnn,cate1-00062,22,23,closed,9,10,18,18,9,10.0,10.0
fasterrcnn,cate1-00062,41,42,open,24,25,0,15,25,25.0,25.0
fasterrcnn,cate1-00062,41,42,half,24,25,8,15,24,25.0,25.0
fasterrcnn,cate1-00062,41,42,closed,24,25,15,15,24,25.0,25.0
fasterrcnn,cate1-00062,24,25,open,11,12,0,19,12,12.0,
fasterrcnn,cate1-00062,24,25,half,11,12,10,19,12,12.0,12.0
fasterrcnn,cate1-00062,24,25,closed,11,12,19,19,11,12.0,11.0
fasterrcnn,cate10-00005,47,48,open,30,31,0,34,31,31.0,31.0
fasterrcnn,cate10-00005,47,48,half,30,31,17,34,31,31.0,31.0
fasterrcnn,cate10-00005,47,48,closed,30,31,34,34,30,31.0,30.0
fasterrcnn,cate10-00005,23,24,open,10,11,0,19,12,11.0,
fasterrcnn,cate10-00005,23,24,half,10,11,10,19,12,11.0,11.0
fasterrcnn,cate10-00005,23,24,closed,10,11,19,19,12,11.0,11.0
fasterrcnn,cate10-00005,33,34,open,18,19,0,19,20,19.0,19.0
fasterrcnn,cate10-00005,33,34,half,18,19,10,19,19,19.0,19.0
fasterrcnn,cate10-00005,33,34,closed,18,19,19,19,19,19.0,19.0
fasterrcnn,cate10-00006,27,28,open,14,15,0,26,15,15.0,14.0
fasterrcnn,cate10-00006,27,28,half,14,15,13,26,15,15.0,15.0
fasterrcnn,cate10-00006,27,28,closed,14,15,26,26,14,15.0,14.0
fasterrcnn,cate10-00006,12,13,open,1,2,0,16,2,2.0,3.0
fasterrcnn,cate10-00006,12,13,half,1,2,8,16,2,2.0,2.0
fasterrcnn,cate10-00006,12,13,closed,1,2,16,16,1,2.0,2.0
fasterrcnn,cate10-00006,44,45,open,27,28,0,23,28,28.0,28.0
fasterrcnn,cate10-00006,44,45,half,27,28,12,23,27,28.0,27.0
fasterrcnn,cate10-00006,44,45,closed,27,28,23,23,27,28.0,27.0
fasterrcnn,cate10-00012,45,46,open,28,29,0,17,29,29.0,29.0
fasterrcnn,cate10-00012,45,46,half,28,29,8,17,29,29.0,29.0
fasterrcnn,cate10-00012,45,46,closed,28,29,17,17,29,29.0,29.0
fasterrcnn,cate10-00012,34,35,open,19,20,0,19,20,20.0,20.0
fasterrcnn,cate10-00012,34,35,half,19,20,10,19,19,20.0,20.0
fasterrcnn,cate10-00012,34,35,closed,19,20,19,19,19,20.0,19.0
fasterrcnn,cate10-00012,44,45,open,27,28,0,13,28,28.0,28.0
fasterrcnn,cate10-00012,44,45,half,27,28,6,13,28,28.0,28.0
fasterrcnn,cate10-00012,44,45,closed,27,28,13,13,28,28.0,28.0
fasterrcnn,cate10-00020,25,26,open,12,13,0,15,13,13.0,13.0
fasterrcnn,cate10-00020,25,26,half,12,13,8,15,13,13.0,13.0
fasterrcnn,cate10-00020,25,26,closed,12,13,15,15,13,13.0,13.0
fasterrcnn,cate10-00020,45,46,open,28,29,0,20,29,29.0,29.0
fasterrcnn,cate10-00020,45,46,half,28,29,10,20,29,29.0,29.0
fasterrcnn,cate10-00020,45,46,closed,28,29,20,20,29,29.0,29.0
fasterrcnn,cate10-00020,24,25,open,11,12,0,22,12,12.0,13.0
fasterrcnn,cate10-00020,24,25,half,11,12,11,22,12,12.0,12.0
fasterrcnn,cate10-00020,24,25,closed,11,12,22,22,11,12.0,11.0
fasterrcnn,cate10-00041,13,14,open,2,3,0,9,2,3.0,3.0
fasterrcnn,cate10-00041,13,14,half,2,3,4,9,2,3.0,2.0
fasterrcnn,cate10-00041,13,14,closed,2,3,9,9,2,3.0,2.0
fasterrcnn,cate10-00041,15,16,open,4,5,0,20,5,5.0,5.0
fasterrcnn,cate10-00041,15,16,half,4,5,10,20,5,5.0,5.0
fasterrcnn,cate10-00041,15,16,closed,4,5,20,20,3,5.0,5.0
fasterrcnn,cate10-00041,44,45,open,27,28,0,16,28,28.0,28.0
fasterrcnn,cate10-00041,44,45,half,27,28,8,16,28,28.0,28.0
fasterrcnn,cate10-00041,44,45,closed,27,28,16,16,28,28.0,28.0
fasterrcnn,cate10-00099,42,43,open,25,26,0,12,27,27.0,19.0
fasterrcnn,cate10-00099,42,43,half,25,26,6,12,27,27.0,20.0
fasterrcnn,cate10-00099,42,43,closed,25,26,12,12,27,27.0,
fasterrcnn,cate2-00005,14,15,open,3,4,0,19,4,4.0,5.0
fasterrcnn,cate2-00005,14,15,half,3,4,10,19,4,4.0,4.0
fasterrcnn,cate2-00005,14,15,closed,3,4,19,19,4,4.0,3.0
fasterrcnn,cate2-00005,11,12,open,0,1,0,20,2,1.0,1.0
fasterrcnn,cate2-00005,11,12,half,0,1,10,20,1,1.0,1.0
fasterrcnn,cate2-00005,11,12,closed,0,1,20,20,0,1.0,0.0
fasterrcnn,cate2-00005,41,42,open,24,25,0,5,25,25.0,25.0
fasterrcnn,cate2-00005,41,42,half,24,25,2,5,25,25.0,25.0
fasterrcnn,cate2-00005,41,42,closed,24,25,5,5,25,25.0,25.0
fasterrcnn,cate2-00008,14,15,open,3,4,0,7,4,4.0,4.0
fasterrcnn,cate2-00008,14,15,half,3,4,4,7,3,4.0,4.0
fasterrcnn,cate2-00008,14,15,closed,3,4,7,7,3,4.0,3.0
fasterrcnn,cate2-00008,37,38,open,22,23,0,29,23,23.0,23.0
fasterrcnn,cate2-00008,37,38,half,22,23,14,29,23,23.0,23.0
fasterrcnn,cate2-00008,37,38,closed,22,23,29,29,22,23.0,22.0
fasterrcnn,cate2-00008,12,13,open,1,2,0,18,3,2.0,2.0
fasterrcnn,cate2-00008,12,13,half,1,2,9,18,1,2.0,2.0
fasterrcnn,cate2-00008,12,13,closed,1,2,18,18,1,2.0,1.0
fasterrcnn,cate2-00010,22,23,open,9,10,0,19,9,10.0,10.0
fasterrcnn,cate2-00010,22,23,half,9,10,10,19,9,10.0,10.0
fasterrcnn,cate2-00010,22,23,closed,9,10,19,19,9,10.0,10.0
fasterrcnn,cate2-00010,27,28,open,14,15,0,29,15,15.0,15.0
fasterrcnn,cate2-00010,27,28,half,14,15,14,29,15,15.0,15.0
fasterrcnn,cate2-00010,27,28,closed,14,15,29,29,15,15.0,14.0
fasterrcnn,cate2-00010,47,48,open,30,31,0,31,31,31.0,31.0
fasterrcnn,cate2-00010,47,48,half,30,31,16,31,30,31.0,31.0
fasterrcnn,cate2-00010,47,48,closed,30,31,31,31,30,31.0,30.0
fasterrcnn,cate2-00011,11,12,open,0,1,0,15,1,1.0,1.0
fasterrcnn,cate2-00011,11,12,half,0,1,8,15,1,1.0,1.0
fasterrcnn,cate2-00011,11,12,closed,0,1,15,15,0,1.0,1.0
fasterrcnn,cate2-00011,37,38,open,22,23,0,35,23,23.0,23.0
fasterrcnn,cate2-00011,37,38,half,22,23,18,35,23,23.0,23.0
fasterrcnn,cate2-00011,37,38,closed,22,23,35,35,23,23.0,23.0
fasterrcnn,cate2-00011,22,23,open,9,10,0,19,9,10.0,10.0
fasterrcnn,cate2-00011,22,23,half,9,10,10,19,9,10.0,9.0
fasterrcnn,cate2-00011,22,23,closed,9,10,19,19,9,10.0,9.0
fasterrcnn,cate2-00013,27,28,open,14,15,0,26,14,15.0,14.0
fasterrcnn,cate2-00013,27,28,half,14,15,13,26,14,15.0,15.0
fasterrcnn,cate2-00013,27,28,closed,14,15,26,26,14,15.0,14.0
fasterrcnn,cate2-00013,23,24,open,10,11,0,15,11,11.0,11.0
fasterrcnn,cate2-00013,23,24,half,10,11,8,15,11,11.0,11.0
fasterrcnn,cate2-00013,23,24,closed,10,11,15,15,10,11.0,11.0
fasterrcnn,cate2-00013,34,35,open,19,20,0,17,21,20.0,20.0
fasterrcnn,cate2-00013,34,35,half,19,20,8,17,20,20.0,20.0
fasterrcnn,cate2-00013,34,35,closed,19,20,17,17,20,20.0,20.0
fasterrcnn,cate2-00015,47,48,open,30,31,0,35,31,31.0,31.0
fasterrcnn,cate2-00015,47,48,half,30,31,18,35,30,31.0,31.0
fasterrcnn,cate2-00015,47,48,closed,30,31,35,35,30,31.0,31.0
fasterrcnn,cate2-00015,21,22,open,8,9,0,25,9,9.0,9.0
fasterrcnn,cate2-00015,21,22,half,8,9,12,25,8,9.0,8.0
fasterrcnn,cate2-00015,21,22,closed,8,9,25,25,8,9.0,8.0
fasterrcnn,cate2-00015,42,43,open,25,26,0,15,26,26.0,26.0
fasterrcnn,cate2-00015,42,43,half,25,26,8,15,26,26.0,26.0
fasterrcnn,cate2-00015,42,43,closed,25,26,15,15,26,26.0,26.0
fasterrcnn,cate2-00034,12,13,open,1,2,0,15,2,2.0,2.0
fasterrcnn,cate2-00034,12,13,half,1,2,8,15,2,2.0,2.0
fasterrcnn,cate2-00034,12,13,closed,1,2,15,15,2,2.0,1.0
fasterrcnn,cate2-00034,14,15,open,3,4,0,18,4,4.0,
fasterrcnn,cate2-00034,14,15,half,3,4,9,18,4,4.0,4.0
fasterrcnn,cate2-00034,14,15,closed,3,4,18,18,3,4.0,3.0
fasterrcnn,cate2-00034,32,33,open,17,18,0,19,18,18.0,18.0
fasterrcnn,cate2-00034,32,33,half,17,18,10,19,18,18.0,18.0
fasterrcnn,cate2-00034,32,33,closed,17,18,19,19,17,18.0,18.0
fasterrcnn,cate2-00037,14,15,open,3,4,0,18,5,4.0,4.0
fasterrcnn,cate2-00037,14,15,half,3,4,9,18,4,4.0,5.0
fasterrcnn,cate2-00037,14,15,closed,3,4,18,18,4,4.0,5.0
fasterrcnn,cate2-00037,36,37,open,21,22,0,38,22,22.0,22.0
fasterrcnn,cate2-00037,36,37,half,21,22,19,38,22,22.0,22.0
fasterrcnn,cate2-00037,36,37,closed,21,22,38,38,22,22.0,22.0
fasterrcnn,cate2-00037,22,23,open,9,10,0,17,10,10.0,10.0
fasterrcnn,cate2-00037,22,23,half,9,10,8,17,10,10.0,10.0
fasterrcnn,cate2-00037,22,23,closed,9,10,17,17,10,10.0,10.0
fasterrcnn,cate2-00104,47,48,open,30,31,0,36,31,31.0,31.0
fasterrcnn,cate2-00104,47,48,half,30,31,18,36,31,31.0,31.0
fasterrcnn,cate2-00104,47,48,closed,30,31,36,36,31,31.0,31.0
fasterrcnn,cate2-00104,44,45,open,27,28,0,26,28,28.0,28.0
fasterrcnn,cate2-00104,44,45,half,27,28,13,26,28,28.0,28.0
fasterrcnn,cate2-00104,44,45,closed,27,28,26,26,28,28.0,27.0
fasterrcnn,cate2-00104,26,27,open,13,14,0,31,14,14.0,14.0
fasterrcnn,cate2-00104,26,27,half,13,14,16,31,13,14.0,14.0
fasterrcnn,cate2-00104,26,27,closed,13,14,31,31,13,14.0,13.0
fasterrcnn,cate2-00114,14,15,open,3,4,0,15,4,4.0,4.0
fasterrcnn,cate2-00114,14,15,half,3,4,8,15,4,4.0,4.0
fasterrcnn,cate2-00114,14,15,closed,3,4,15,15,3,4.0,4.0
fasterrcnn,cate2-00114,16,17,open,5,6,0,27,6,6.0,6.0
fasterrcnn,cate2-00114,16,17,half,5,6,14,27,6,6.0,6.0
fasterrcnn,cate2-00114,16,17,closed,5,6,27,27,6,6.0,5.0
fasterrcnn,cate2-00114,24,25,open,11,12,0,16,12,12.0,11.0
fasterrcnn,cate2-00114,24,25,half,11,12,8,16,11,12.0,12.0
fasterrcnn,cate2-00114,24,25,closed,11,12,16,16,11,12.0,11.0
fasterrcnn,cate2-00116,11,12,open,0,1,0,23,1,1.0,1.0
fasterrcnn,cate2-00116,11,12,half,0,1,12,23,1,1.0,1.0
fasterrcnn,cate2-00116,11,12,closed,0,1,23,23,0,1.0,0.0
fasterrcnn,cate2-00116,25,26,open,12,13,0,17,13,13.0,13.0
fasterrcnn,cate2-00116,25,26,half,12,13,8,17,13,13.0,13.0
fasterrcnn,cate2-00116,25,26,closed,12,13,17,17,13,13.0,13.0
fasterrcnn,cate2-00116,22,23,open,9,10,0,16,10,10.0,11.0
fasterrcnn,cate2-00116,22,23,half,9,10,8,16,10,10.0,11.0
fasterrcnn,cate2-00116,22,23,closed,9,10,16,16,9,10.0,10.0
fasterrcnn,cate2-00117,45,46,open,28,29,0,16,29,29.0,29.0
fasterrcnn,cate2-00117,45,46,half,28,29,8,16,29,29.0,29.0
fasterrcnn,cate2-00117,45,46,closed,28,29,16,16,29,29.0,29.0
fasterrcnn,cate2-00117,31,32,open,16,17,0,13,17,17.0,17.0
fasterrcnn,cate2-00117,31,32,half,16,17,6,13,16,17.0,17.0
fasterrcnn,cate2-00117,31,32,closed,16,17,13,13,16,17.0,16.0
fasterrcnn,cate2-00117,25,26,open,12,13,0,17,13,13.0,13.0
fasterrcnn,cate2-00117,25,26,half,12,13,8,17,13,13.0,13.0
fasterrcnn,cate2-00117,25,26,closed,12,13,17,17,12,13.0,13.0
fasterrcnn,cate2-00124,22,23,open,9,10,0,9,9,10.0,10.0
fasterrcnn,cate2-00124,22,23,half,9,10,4,9,9,10.0,10.0
fasterrcnn,cate2-00124,22,23,closed,9,10,9,9,9,10.0,10.0
fasterrcnn,cate2-00124,25,26,open,12,13,0,11,13,13.0,13.0
fasterrcnn,cate2-00124,25,26,half,12,13,6,11,13,13.0,13.0
fasterrcnn,cate2-00124,25,26,closed,12,13,11,11,13,13.0,13.0
fasterrcnn,cate2-00124,33,34,open,18,19,0,15,19,19.0,19.0
fasterrcnn,cate2-00124,33,34,half,18,19,8,15,18,19.0,18.0
fasterrcnn,cate2-00124,33,34,closed,18,19,15,15,18,19.0,18.0
fasterrcnn,cate2-00126,45,46,open,28,29,0,25,29,29.0,29.0
fasterrcnn,cate2-00126,45,46,half,28,29,12,25,29,29.0,29.0
fasterrcnn,cate2-00126,45,46,closed,28,29,25,25,29,29.0,29.0
fasterrcnn,cate2-00126,21,22,open,8,9,0,27,19,9.0,
fasterrcnn,cate2-00126,21,22,half,8,9,14,27,16,9.0,9.0
fasterrcnn,cate2-00126,21,22,closed,8,9,27,27,16,9.0,8.0
fasterrcnn,cate2-00126,22,23,open,9,10,0,16,11,11.0,9.0
fasterrcnn,cate2-00126,22,23,half,9,10,8,16,9,11.0,9.0
fasterrcnn,cate2-00126,22,23,closed,9,10,16,16,9,11.0,9.0
fasterrcnn,cate2-00127,41,42,open,24,25,0,11,25,25.0,25.0
fasterrcnn,cate2-00127,41,42,half,24,25,6,11,25,25.0,25.0
fasterrcnn,cate2-00127,41,42,closed,24,25,11,11,25,25.0,24.0
fasterrcnn,cate2-00127,45,46,open,28,29,0,19,29,29.0,29.0
fasterrcnn,cate2-00127,45,46,half,28,29,10,19,29,29.0,29.0
fasterrcnn,cate2-00127,45,46,closed,28,29,19,19,29,29.0,29.0
fasterrcnn,cate2-00127,32,33,open,17,18,0,15,18,18.0,18.0
fasterrcnn,cate2-00127,32,33,half,17,18,8,15,18,18.0,18.0
fasterrcnn,cate2-00127,32,33,closed,17,18,15,15,18,18.0,18.0
fasterrcnn,cate3-00008,45,46,open,28,29,0,20,29,29.0,29.0
fasterrcnn,cate3-00008,45,46,half,28,29,10,20,29,29.0,29.0
fasterrcnn,cate3-00008,45,46,closed,28,29,20,20,29,29.0,29.0
fasterrcnn,cate3-00008,17,18,open,6,7,0,26,7,7.0,7.0
fasterrcnn,cate3-00008,17,18,half,6,7,13,26,7,7.0,7.0
fasterrcnn,cate3-00008,17,18,closed,6,7,26,26,7,7.0,7.0
fasterrcnn,cate3-00008,35,36,open,20,21,0,28,22,21.0,21.0
fasterrcnn,cate3-00008,35,36,half,20,21,14,28,21,21.0,21.0
fasterrcnn,cate3-00008,35,36,closed,20,21,28,28,21,21.0,21.0
fasterrcnn,cate3-00009,46,47,open,29,30,0,35,30,30.0,30.0
fasterrcnn,cate3-00009,46,47,half,29,30,18,35,29,30.0,30.0
fasterrcnn,cate3-00009,46,47,closed,29,30,35,35,29,30.0,29.0
fasterrcnn,cate3-00009,22,23,open,9,10,0,20,10,10.0,11.0
fasterrcnn,cate3-00009,22,23,half,9,10,10,20,9,10.0,10.0
fasterrcnn,cate3-00009,22,23,closed,9,10,20,20,9,10.0,9.0
fasterrcnn,cate3-00009,33,34,open,18,19,0,15,19,19.0,19.0
fasterrcnn,cate3-00009,33,34,half,18,19,8,15,18,19.0,19.0
fasterrcnn,cate3-00009,33,34,closed,18,19,15,15,18,19.0,19.0
fasterrcnn,cate3-00026,23,24,open,10,11,0,20,12,11.0,11.0
fasterrcnn,cate3-00026,23,24,half,10,11,10,20,11,11.0,11.0
fasterrcnn,cate3-00026,23,24,closed,10,11,20,20,10,11.0,11.0
fasterrcnn,cate3-00026,32,33,open,17,18,0,18,18,18.0,18.0
fasterrcnn,cate3-00026,32,33,half,17,18,9,18,18,18.0,18.0
fasterrcnn,cate3-00026,32,33,closed,17,18,18,18,18,18.0,18.0
fasterrcnn,cate3-00026,36,37,open,21,22,0,42,22,22.0,22.0
fasterrcnn,cate3-00026,36,37,half,21,22,21,42,22,22.0,22.0
fasterrcnn,cate3-00026,36,37,closed,21,22,42,42,21,22.0,21.0
fasterrcnn,cate4-00085,21,22,open,8,9,0,19,9,9.0,9.0
fasterrcnn,cate4-00085,21,22,half,8,9,10,19,8,9.0,9.0
fasterrcnn,cate4-00085,21,22,closed,8,9,19,19,8,9.0,9.0
fasterrcnn,cate4-00085,35,36,open,20,21,0,17,21,21.0,21.0
fasterrcnn,cate4-00085,35,36,half,20,21,8,17,21,21.0,21.0
fasterrcnn,cate4-00085,35,36,closed,20,21,17,17,21,21.0,21.0
fasterrcnn,cate4-00085,23,24,open,10,11,0,6,11,,
fasterrcnn,cate4-00085,23,24,half,10,11,3,6,11,,11.0
fasterrcnn,cate4-00085,23,24,closed,10,11,6,6,11,,11.0
fasterrcnn,cate4-00086,43,44,open,26,27,0,11,26,27.0,27.0
fasterrcnn,cate4-00086,43,44,half,26,27,6,11,26,27.0,27.0
fasterrcnn,cate4-00086,43,44,closed,26,27,11,11,26,27.0,26.0
fasterrcnn,cate4-00086,12,13,open,1,2,0,14,1,2.0,2.0
fasterrcnn,cate4-00086,12,13,half,1,2,7,14,1,2.0,2.0
fasterrcnn,cate4-00086,12,13,closed,1,2,14,14,0,2.0,2.0
fasterrcnn,cate4-00086,25,26,open,12,13,0,17,13,13.0,13.0
fasterrcnn,cate4-00086,25,26,half,12,13,8,17,13,13.0,13.0
fasterrcnn,cate4-00086,25,26,closed,12,13,17,17,13,13.0,13.0
fasterrcnn,cate4-00091,34,35,open,19,20,0,19,20,19.0,20.0
fasterrcnn,cate4-00091,34,35,half,19,20,10,19,20,19.0,20.0
fasterrcnn,cate4-00091,34,35,closed,19,20,19,19,20,19.0,19.0
fasterrcnn,cate4-00091,31,32,open,16,17,0,13,18,17.0,17.0
fasterrcnn,cate4-00091,31,32,half,16,17,6,13,17,17.0,17.0
fasterrcnn,cate4-00091,31,32,closed,16,17,13,13,17,17.0,17.0
fasterrcnn,cate4-00091,43,44,open,26,27,0,14,27,27.0,27.0
fasterrcnn,cate4-00091,43,44,half,26,27,7,14,27,27.0,27.0
fasterrcnn,cate4-00091,43,44,closed,26,27,14,14,27,27.0,27.0
fasterrcnn,cate4-00103,27,28,open,14,15,0,15,15,15.0,15.0
fasterrcnn,cate4-00103,27,28,half,14,15,8,15,15,15.0,15.0
fasterrcnn,cate4-00103,27,28,closed,14,15,15,15,15,15.0,15.0
fasterrcnn,cate4-00103,42,43,open,25,26,0,11,26,26.0,26.0
fasterrcnn,cate4-00103,42,43,half,25,26,6,11,26,26.0,26.0
fasterrcnn,cate4-00103,42,43,closed,25,26,11,11,26,26.0,26.0
fasterrcnn,cate4-00103,23,24,open,10,11,0,17,11,11.0,11.0
fasterrcnn,cate4-00103,23,24,half,10,11,8,17,11,11.0,11.0
fasterrcnn,cate4-00103,23,24,closed,10,11,17,17,11,11.0,11.0
fasterrcnn,cate4-00105,42,43,open,25,26,0,9,26,26.0,26.0
fasterrcnn,cate4-00105,42,43,half,25,26,4,9,26,26.0,26.0
fasterrcnn,cate4-00105,42,43,closed,25,26,9,9,25,26.0,26.0
fasterrcnn,cate4-00105,32,33,open,17,18,0,10,18,18.0,18.0
fasterrcnn,cate4-00105,32,33,half,17,18,5,10,18,18.0,18.0
fasterrcnn,cate4-00105,32,33,closed,17,18,10,10,18,18.0,18.0
fasterrcnn,cate4-00105,46,47,open,29,30,0,35,30,30.0,29.0
fasterrcnn,cate4-00105,46,47,half,29,30,18,35,29,30.0,29.0
fasterrcnn,cate4-00105,46,47,closed,29,30,35,35,29,30.0,29.0
fasterrcnn,cate4-00108,13,14,open,2,3,0,12,3,3.0,3.0
fasterrcnn,cate4-00108,13,14,half,2,3,6,12,3,3.0,3.0
fasterrcnn,cate4-00108,13,14,closed,2,3,12,12,3,3.0,3.0
fasterrcnn,cate4-00108,23,24,open,10,11,0,14,11,11.0,
fasterrcnn,cate4-00108,23,24,half,10,11,7,14,11,11.0,12.0
fasterrcnn,cate4-00108,23,24,closed,10,11,14,14,11,11.0,11.0
fasterrcnn,cate4-00108,31,32,open,16,17,0,10,17,17.0,17.0
fasterrcnn,cate4-00108,31,32,half,16,17,5,10,17,17.0,17.0
fasterrcnn,cate4-00108,31,32,closed,16,17,10,10,17,17.0,17.0
fasterrcnn,cate4-00112,47,48,open,30,31,0,33,31,31.0,31.0
fasterrcnn,cate4-00112,47,48,half,30,31,16,33,30,31.0,31.0
fasterrcnn,cate4-00112,47,48,closed,30,31,33,33,30,31.0,
fasterrcnn,cate4-00112,27,28,open,14,15,0,25,15,15.0,15.0
fasterrcnn,cate4-00112,27,28,half,14,15,12,25,14,15.0,15.0
fasterrcnn,cate4-00112,27,28,closed,14,15,25,25,14,15.0,15.0
fasterrcnn,cate4-00112,32,33,open,17,18,0,13,19,18.0,18.0
fasterrcnn,cate4-00112,32,33,half,17,18,6,13,19,18.0,18.0
fasterrcnn,cate4-00112,32,33,closed,17,18,13,13,18,18.0,18.0
fasterrcnn,cate5-00012,34,35,open,19,20,0,21,20,20.0,20.0
fasterrcnn,cate5-00012,34,35,half,19,20,10,21,20,20.0,20.0
fasterrcnn,cate5-00012,34,35,closed,19,20,21,21,19,20.0,19.0
fasterrcnn,cate5-00012,44,45,open,27,28,0,22,28,28.0,28.0
fasterrcnn,cate5-00012,44,45,half,27,28,11,22,28,28.0,28.0
fasterrcnn,cate5-00012,44,45,closed,27,28,22,22,28,28.0,28.0
fasterrcnn,cate5-00012,12,13,open,1,2,0,16,3,2.0,2.0
fasterrcnn,cate5-00012,12,13,half,1,2,8,16,2,2.0,2.0
fasterrcnn,cate5-00012,12,13,closed,1,2,16,16,2,2.0,2.0
fasterrcnn,cate5-00031,12,13,open,1,2,0,17,3,3.0,3.0
fasterrcnn,cate5-00031,12,13,half,1,2,8,17,2,3.0,3.0
fasterrcnn,cate5-00031,12,13,closed,1,2,17,17,2,3.0,3.0
fasterrcnn,cate5-00031,31,32,open,16,17,0,19,17,18.0,18.0
fasterrcnn,cate5-00031,31,32,half,16,17,10,19,16,18.0,19.0
fasterrcnn,cate5-00031,31,32,closed,16,17,19,19,24,18.0,18.0
fasterrcnn,cate5-00031,13,14,open,2,3,0,18,4,4.0,4.0
fasterrcnn,cate5-00031,13,14,half,2,3,9,18,4,4.0,4.0
fasterrcnn,cate5-00031,13,14,closed,2,3,18,18,3,4.0,4.0
fasterrcnn,cate5-00085,44,45,open,27,28,0,20,28,28.0,28.0
fasterrcnn,cate5-00085,44,45,half,27,28,10,20,27,28.0,27.0
fasterrcnn,cate5-00085,44,45,closed,27,28,20,20,27,28.0,27.0
fasterrcnn,cate5-00085,16,17,open,5,6,0,26,6,6.0,7.0
fasterrcnn,cate5-00085,16,17,half,5,6,13,26,5,6.0,6.0
fasterrcnn,cate5-00085,16,17,closed,5,6,26,26,5,6.0,6.0
fasterrcnn,cate5-00085,24,25,open,11,12,0,24,12,12.0,12.0
fasterrcnn,cate5-00085,24,25,half,11,12,12,24,12,12.0,11.0
fasterrcnn,cate5-00085,24,25,closed,11,12,24,24,11,12.0,11.0
fasterrcnn,cate5-00097,32,33,open,17,18,0,17,18,19.0,19.0
fasterrcnn,cate5-00097,32,33,half,17,18,8,17,18,19.0,19.0
fasterrcnn,cate5-00097,32,33,closed,17,18,17,17,17,19.0,18.0
fasterrcnn,cate5-00097,43,44,open,26,27,0,17,27,27.0,27.0
fasterrcnn,cate5-00097,43,44,half,26,27,8,17,26,27.0,26.0
fasterrcnn,cate5-00097,43,44,closed,26,27,17,17,26,27.0,26.0
fasterrcnn,cate5-00097,41,42,open,24,25,0,15,25,25.0,25.0
fasterrcnn,cate5-00097,41,42,half,24,25,8,15,24,25.0,24.0
fasterrcnn,cate5-00097,41,42,closed,24,25,15,15,24,25.0,24.0
fasterrcnn,cate5-00103,21,22,open,8,9,0,26,9,9.0,9.0
fasterrcnn,cate5-00103,21,22,half,8,9,13,26,8,9.0,9.0
fasterrcnn,cate5-00103,21,22,closed,8,9,26,26,0,9.0,12.0
fasterrcnn,cate5-00103,44,45,open,27,28,0,21,28,28.0,28.0
fasterrcnn,cate5-00103,44,45,half,27,28,10,21,28,28.0,28.0
fasterrcnn,cate5-00103,44,45,closed,27,28,21,21,27,28.0,27.0
fasterrcnn,cate5-00103,42,43,open,25,26,0,11,26,26.0,26.0
fasterrcnn,cate5-00103,42,43,half,25,26,6,11,25,26.0,26.0
fasterrcnn,cate5-00103,42,43,closed,25,26,11,11,25,26.0,26.0
fasterrcnn,cate5-00108,31,32,open,16,17,0,10,17,17.0,17.0
fasterrcnn,cate5-00108,31,32,half,16,17,5,10,17,17.0,17.0
fasterrcnn,cate5-00108,31,32,closed,16,17,10,10,24,17.0,17.0
fasterrcnn,cate5-00108,32,33,open,17,18,0,14,18,18.0,18.0
fasterrcnn,cate5-00108,32,33,half,17,18,7,14,18,18.0,18.0
fasterrcnn,cate5-00108,32,33,closed,17,18,14,14,18,18.0,18.0
fasterrcnn,cate5-00108,42,43,open,25,26,0,15,26,26.0,27.0
fasterrcnn,cate5-00108,42,43,half,25,26,8,15,26,26.0,27.0
fasterrcnn,cate5-00108,42,43,closed,25,26,15,15,26,26.0,25.0
fasterrcnn,cate6-00003,25,26,open,12,13,0,0,13,13.0,13.0
fasterrcnn,cate6-00003,25,26,half,12,13,0,0,13,13.0,13.0
fasterrcnn,cate6-00003,25,26,closed,12,13,0,0,13,13.0,13.0
fasterrcnn,cate6-00003,41,42,open,24,25,0,18,25,25.0,25.0
fasterrcnn,cate6-00003,41,42,half,24,25,9,18,25,25.0,
fasterrcnn,cate6-00003,41,42,closed,24,25,18,18,24,25.0,24.0
fasterrcnn,cate6-00003,16,17,open,5,6,0,0,5,6.0,6.0
fasterrcnn,cate6-00003,16,17,half,5,6,0,0,5,6.0,6.0
fasterrcnn,cate6-00003,16,17,closed,5,6,0,0,5,6.0,6.0
fasterrcnn,cate6-00014,47,48,open,30,31,0,39,31,30.0,31.0
fasterrcnn,cate6-00014,47,48,half,30,31,20,39,30,30.0,31.0
fasterrcnn,cate6-00014,47,48,closed,30,31,39,39,29,30.0,30.0
fasterrcnn,cate6-00014,25,26,open,12,13,0,9,12,13.0,13.0
fasterrcnn,cate6-00014,25,26,half,12,13,4,9,13,13.0,13.0
fasterrcnn,cate6-00014,25,26,closed,12,13,9,9,12,13.0,13.0
fasterrcnn,cate6-00014,14,15,open,3,4,0,17,3,4.0,13.0
fasterrcnn,cate6-00014,14,15,half,3,4,8,17,3,4.0,
fasterrcnn,cate6-00014,14,15,closed,3,4,17,17,2,4.0,
fasterrcnn,cate6-00022,26,27,open,13,14,0,0,14,14.0,14.0
fasterrcnn,cate6-00022,26,27,half,13,14,0,0,14,14.0,14.0
fasterrcnn,cate6-00022,26,27,closed,13,14,0,0,14,14.0,14.0
fasterrcnn,cate6-00022,21,22,open,8,9,0,23,9,9.0,9.0
fasterrcnn,cate6-00022,21,22,half,8,9,12,23,8,9.0,8.0
fasterrcnn,cate6-00022,21,22,closed,8,9,23,23,8,9.0,8.0
fasterrcnn,cate6-00022,15,16,open,4,5,0,0,5,5.0,5.0
fasterrcnn,cate6-00022,15,16,half,4,5,0,0,5,5.0,5.0
fasterrcnn,cate6-00022,15,16,closed,4,5,0,0,5,5.0,5.0
fasterrcnn,cate6-00039,15,16,open,4,5,0,0,4,5.0,5.0
fasterrcnn,cate6-00039,15,16,half,4,5,0,0,4,5.0,5.0
fasterrcnn,cate6-00039,15,16,closed,4,5,0,0,4,5.0,5.0
fasterrcnn,cate6-00039,33,34,open,18,19,0,21,19,19.0,19.0
fasterrcnn,cate6-00039,33,34,half,18,19,10,21,18,19.0,19.0
fasterrcnn,cate6-00039,33,34,closed,18,19,21,21,18,19.0,18.0
fasterrcnn,cate6-00039,37,38,open,22,23,0,28,23,23.0,23.0
fasterrcnn,cate6-00039,37,38,half,22,23,14,28,23,23.0,23.0
fasterrcnn,cate6-00039,37,38,closed,22,23,28,28,23,23.0,23.0
fasterrcnn,cate6-00099,42,43,open,25,26,0,11,26,26.0,26.0
fasterrcnn,cate6-00099,42,43,half,25,26,6,11,26,26.0,26.0
fasterrcnn,cate6-00099,42,43,closed,25,26,11,11,26,26.0,26.0
fasterrcnn,cate6-00099,21,22,open,8,9,0,19,9,9.0,10.0
fasterrcnn,cate6-00099,21,22,half,8,9,10,19,9,9.0,9.0
fasterrcnn,cate6-00099,21,22,closed,8,9,19,19,8,9.0,9.0
fasterrcnn,cate6-00099,12,13,open,1,2,0,20,2,2.0,2.0
fasterrcnn,cate6-00099,12,13,half,1,2,10,20,1,2.0,11.0
fasterrcnn,cate6-00099,12,13,closed,1,2,20,20,1,2.0,11.0
fasterrcnn,cate6-00159,36,37,open,21,22,0,24,21,21.0,22.0
fasterrcnn,cate6-00159,36,37,half,21,22,12,24,21,21.0,21.0
fasterrcnn,cate6-00159,36,37,closed,21,22,24,24,21,21.0,22.0
fasterrcnn,cate6-00159,22,23,open,9,10,0,16,10,10.0,
fasterrcnn,cate6-00159,22,23,half,9,10,8,16,10,10.0,10.0
fasterrcnn,cate6-00159,22,23,closed,9,10,16,16,10,10.0,10.0
fasterrcnn,cate6-00159,41,42,open,24,25,0,7,25,25.0,25.0
fasterrcnn,cate6-00159,41,42,half,24,25,4,7,24,25.0,25.0
fasterrcnn,cate6-00159,41,42,closed,24,25,7,7,24,25.0,25.0
fasterrcnn,cate7-00026,44,45,open,27,28,0,21,28,28.0,28.0
fasterrcnn,cate7-00026,44,45,half,27,28,10,21,28,28.0,28.0
fasterrcnn,cate7-00026,44,45,closed,27,28,21,21,27,28.0,28.0
fasterrcnn,cate7-00026,13,14,open,2,3,0,17,3,3.0,3.0
fasterrcnn,cate7-00026,13,14,half,2,3,8,17,3,3.0,2.0
fasterrcnn,cate7-00026,13,14,closed,2,3,17,17,3,3.0,2.0
fasterrcnn,cate7-00026,22,23,open,9,10,0,19,10,10.0,10.0
fasterrcnn,cate7-00026,22,23,half,9,10,10,19,10,10.0,10.0
fasterrcnn,cate7-00026,22,23,closed,9,10,19,19,9,10.0,9.0
fasterrcnn,cate7-00038,12,13,open,1,2,0,10,2,2.0,2.0
fasterrcnn,cate7-00038,12,13,half,1,2,5,10,2,2.0,2.0
fasterrcnn,cate7-00038,12,13,closed,1,2,10,10,1,2.0,2.0
fasterrcnn,cate7-00038,32,33,open,17,18,0,12,18,18.0,18.0
fasterrcnn,cate7-00038,32,33,half,17,18,6,12,18,18.0,18.0
fasterrcnn,cate7-00038,32,33,closed,17,18,12,12,18,18.0,18.0
fasterrcnn,cate7-00038,16,17,open,5,6,0,24,6,6.0,5.0
fasterrcnn,cate7-00038,16,17,half,5,6,12,24,6,6.0,6.0
fasterrcnn,cate7-00038,16,17,closed,5,6,24,24,5,6.0,5.0
fasterrcnn,cate7-00080,34,35,open,19,20,0,17,20,20.0,20.0
fasterrcnn,cate7-00080,34,35,half,19,20,8,17,19,20.0,19.0
fasterrcnn,cate7-00080,34,35,closed,19,20,17,17,19,20.0,19.0
fasterrcnn,cate7-00080,46,47,open,29,30,0,24,30,30.0,30.0
fasterrcnn,cate7-00080,46,47,half,29,30,12,24,30,30.0,30.0
fasterrcnn,cate7-00080,46,47,closed,29,30,24,24,29,30.0,29.0
fasterrcnn,cate7-00080,23,24,open,10,11,0,16,11,11.0,11.0
fasterrcnn,cate7-00080,23,24,half,10,11,8,16,10,11.0,11.0
fasterrcnn,cate7-00080,23,24,closed,10,11,16,16,10,11.0,11.0
fasterrcnn,cate7-00083,41,42,open,24,25,0,13,25,25.0,
fasterrcnn,cate7-00083,41,42,half,24,25,6,13,25,25.0,25.0
fasterrcnn,cate7-00083,41,42,closed,24,25,13,13,25,25.0,25.0
fasterrcnn,cate7-00083,24,25,open,11,12,0,14,11,12.0,12.0
fasterrcnn,cate7-00083,24,25,half,11,12,7,14,11,12.0,12.0
fasterrcnn,cate7-00083,24,25,closed,11,12,14,14,11,12.0,11.0
fasterrcnn,cate7-00083,42,43,open,25,26,0,7,26,27.0,
fasterrcnn,cate7-00083,42,43,half,25,26,4,7,26,27.0,27.0
fasterrcnn,cate7-00083,42,43,closed,25,26,7,7,26,27.0,27.0
fasterrcnn,cate7-00110,25,26,open,12,13,0,15,14,13.0,13.0
fasterrcnn,cate7-00110,25,26,half,12,13,8,15,14,13.0,13.0
fasterrcnn,cate7-00110,25,26,closed,12,13,15,15,14,13.0,13.0
fasterrcnn,cate7-00110,45,46,open,28,29,0,21,29,29.0,30.0
fasterrcnn,cate7-00110,45,46,half,28,29,10,21,29,29.0,29.0
fasterrcnn,cate7-00110,45,46,closed,28,29,21,21,28,29.0,29.0
fasterrcnn,cate7-00110,24,25,open,11,12,0,15,12,12.0,12.0
fasterrcnn,cate7-00110,24,25,half,11,12,8,15,12,12.0,12.0
fasterrcnn,cate7-00110,24,25,closed,11,12,15,15,12,12.0,12.0
fasterrcnn,cate7-00112,34,35,open,19,20,0,17,20,20.0,20.0
fasterrcnn,cate7-00112,34,35,half,19,20,8,17,20,20.0,20.0
fasterrcnn,cate7-00112,34,35,closed,19,20,17,17,19,20.0,19.0
fasterrcnn,cate7-00112,24,25,open,11,12,0,14,12,12.0,12.0
fasterrcnn,cate7-00112,24,25,half,11,12,7,14,12,12.0,12.0
fasterrcnn,cate7-00112,24,25,closed,11,12,14,14,11,12.0,13.0
fasterrcnn,cate7-00112,47,48,open,30,31,0,31,31,31.0,31.0
fasterrcnn,cate7-00112,47,48,half,30,31,16,31,31,31.0,31.0
fasterrcnn,cate7-00112,47,48,closed,30,31,31,31,31,31.0,30.0
fasterrcnn,cate8-00044,41,42,open,24,25,0,12,25,25.0,25.0
fasterrcnn,cate8-00044,41,42,half,24,25,6,12,25,25.0,24.0
fasterrcnn,cate8-00044,41,42,closed,24,25,12,12,16,25.0,25.0
fasterrcnn,cate8-00044,16,17,open,5,6,0,32,6,6.0,6.0
fasterrcnn,cate8-00044,16,17,half,5,6,16,32,5,6.0,6.0
fasterrcnn,cate8-00044,16,17,closed,5,6,32,32,5,6.0,5.0
fasterrcnn,cate8-00044,15,16,open,4,5,0,14,5,5.0,5.0
fasterrcnn,cate8-00044,15,16,half,4,5,7,14,5,5.0,5.0
fasterrcnn,cate8-00044,15,16,closed,4,5,14,14,5,5.0,5.0
fasterrcnn,cate8-00073,22,23,open,9,10,0,10,10,10.0,10.0
fasterrcnn,cate8-00073,22,23,half,9,10,5,10,9,10.0,10.0
fasterrcnn,cate8-00073,22,23,closed,9,10,10,10,9,10.0,10.0
fasterrcnn,cate8-00073,33,34,open,18,19,0,17,19,19.0,19.0
fasterrcnn,cate8-00073,33,34,half,18,19,8,17,19,19.0,19.0
fasterrcnn,cate8-00073,33,34,closed,18,19,17,17,18,19.0,18.0
fasterrcnn,cate8-00073,12,13,open,1,2,0,19,2,2.0,2.0
fasterrcnn,cate8-00073,12,13,half,1,2,10,19,2,2.0,2.0
fasterrcnn,cate8-00073,12,13,closed,1,2,19,19,2,2.0,2.0
fasterrcnn,cate8-00101,21,22,open,8,9,0,23,9,9.0,9.0
fasterrcnn,cate8-00101,21,22,half,8,9,12,23,8,9.0,8.0
fasterrcnn,cate8-00101,21,22,closed,8,9,23,23,8,9.0,8.0
fasterrcnn,cate8-00101,41,42,open,24,25,0,11,25,25.0,
fasterrcnn,cate8-00101,41,42,half,24,25,6,11,24,25.0,25.0
fasterrcnn,cate8-00101,41,42,closed,24,25,11,11,24,25.0,24.0
fasterrcnn,cate8-00101,34,35,open,19,20,0,17,20,20.0,20.0
fasterrcnn,cate8-00101,34,35,half,19,20,8,17,20,20.0,20.0
fasterrcnn,cate8-00101,34,35,closed,19,20,17,17,19,20.0,19.0
fasterrcnn,cate8-00109,25,26,open,12,13,0,17,13,13.0,13.0
fasterrcnn,cate8-00109,25,26,half,12,13,8,17,13,13.0,13.0
fasterrcnn,cate8-00109,25,26,closed,12,13,17,17,13,13.0,13.0
fasterrcnn,cate8-00109,23,24,open,10,11,0,20,11,11.0,11.0
fasterrcnn,cate8-00109,23,24,half,10,11,10,20,10,11.0,11.0
fasterrcnn,cate8-00109,23,24,closed,10,11,20,20,10,11.0,10.0
fasterrcnn,cate8-00109,21,22,open,8,9,0,23,9,9.0,9.0
fasterrcnn,cate8-00109,21,22,half,8,9,12,23,8,9.0,8.0
fasterrcnn,cate8-00109,21,22,closed,8,9,23,23,8,9.0,8.0
fasterrcnn,cate8-00123,45,46,open,28,29,0,16,29,29.0,29.0
fasterrcnn,cate8-00123,45,46,half,28,29,8,16,29,29.0,29.0
fasterrcnn,cate8-00123,45,46,closed,28,29,16,16,29,29.0,29.0
fasterrcnn,cate8-00123,34,35,open,19,20,0,18,20,20.0,20.0
fasterrcnn,cate8-00123,34,35,half,19,20,9,18,20,20.0,20.0
fasterrcnn,cate8-00123,34,35,closed,19,20,18,18,19,20.0,20.0
fasterrcnn,cate8-00123,13,14,open,2,3,0,20,4,3.0,3.0
fasterrcnn,cate8-00123,13,14,half,2,3,10,20,3,3.0,3.0
fasterrcnn,cate8-00123,13,14,closed,2,3,20,20,2,3.0,3.0
fasterrcnn,cate8-00125,34,35,open,19,20,0,15,19,20.0,19.0
fasterrcnn,cate8-00125,34,35,half,19,20,8,15,19,20.0,20.0
fasterrcnn,cate8-00125,34,35,closed,19,20,15,15,19,20.0,19.0
fasterrcnn,cate8-00125,13,14,open,2,3,0,14,3,3.0,2.0
fasterrcnn,cate8-00125,13,14,half,2,3,7,14,3,3.0,2.0
fasterrcnn,cate8-00125,13,14,closed,2,3,14,14,2,3.0,2.0
fasterrcnn,cate8-00125,32,33,open,17,18,0,12,18,18.0,18.0
fasterrcnn,cate8-00125,32,33,half,17,18,6,12,17,18.0,18.0
fasterrcnn,cate8-00125,32,33,closed,17,18,12,12,17,18.0,18.0
fasterrcnn,cate8-00143,24,25,open,11,12,0,16,13,13.0,13.0
fasterrcnn,cate8-00143,24,25,half,11,12,8,16,20,13.0,13.0
fasterrcnn,cate8-00143,24,25,closed,11,12,16,16,19,13.0,13.0
fasterrcnn,cate8-00143,14,15,open,3,4,0,9,3,4.0,
fasterrcnn,cate8-00143,14,15,half,3,4,4,9,3,4.0,4.0
fasterrcnn,cate8-00143,14,15,closed,3,4,9,9,3,4.0,4.0
fasterrcnn,cate8-00143,44,45,open,27,28,0,18,28,28.0,28.0
fasterrcnn,cate8-00143,44,45,half,27,28,9,18,28,28.0,28.0
fasterrcnn,cate8-00143,44,45,closed,27,28,18,18,28,28.0,28.0
fasterrcnn,cate8-00179,31,32,open,16,17,0,15,17,17.0,17.0
fasterrcnn,cate8-00179,31,32,half,16,17,8,15,17,17.0,17.0
fasterrcnn,cate8-00179,31,32,closed,16,17,15,15,16,17.0,17.0
fasterrcnn,cate8-00179,11,12,open,0,1,0,20,1,1.0,1.0
fasterrcnn,cate8-00179,11,12,half,0,1,10,20,1,1.0,0.0
fasterrcnn,cate8-00179,11,12,closed,0,1,20,20,0,1.0,0.0
fasterrcnn,cate8-00179,22,23,open,9,10,0,18,10,10.0,10.0
fasterrcnn,cate8-00179,22,23,half,9,10,9,18,10,10.0,10.0
fasterrcnn,cate8-00179,22,23,closed,9,10,18,18,9,10.0,10.0
fasterrcnn,cate8-00191,32,33,open,17,18,0,13,17,18.0,18.0
fasterrcnn,cate8-00191,32,33,half,17,18,6,13,17,18.0,18.0
fasterrcnn,cate8-00191,32,33,closed,17,18,13,13,16,18.0,18.0
fasterrcnn,cate8-00191,34,35,open,19,20,0,18,19,20.0,20.0
fasterrcnn,cate8-00191,34,35,half,19,20,9,18,18,20.0,20.0
fasterrcnn,cate8-00191,34,35,closed,19,20,18,18,18,20.0,19.0
fasterrcnn,cate8-00191,33,34,open,18,19,0,15,18,19.0,18.0
fasterrcnn,cate8-00191,33,34,half,18,19,8,15,17,19.0,19.0
fasterrcnn,cate8-00191,33,34,closed,18,19,15,15,16,19.0,18.0
fasterrcnn,cate8-00238,25,26,open,12,13,0,13,12,13.0,13.0
fasterrcnn,cate8-00238,25,26,half,12,13,6,13,12,13.0,13.0
fasterrcnn,cate8-00238,25,26,closed,12,13,13,13,12,13.0,13.0
fasterrcnn,cate8-00238,32,33,open,17,18,0,13,17,17.0,17.0
fasterrcnn,cate8-00238,32,33,half,17,18,6,13,17,17.0,17.0
fasterrcnn,cate8-00238,32,33,closed,17,18,13,13,16,17.0,17.0
fasterrcnn,cate8-00238,21,22,open,8,9,0,15,9,9.0,9.0
fasterrcnn,cate8-00238,21,22,half,8,9,8,15,8,9.0,9.0
fasterrcnn,cate8-00238,21,22,closed,8,9,15,15,8,9.0,9.0
fasterrcnn,cate8-00253,42,43,open,25,26,0,15,27,26.0,26.0
fasterrcnn,cate8-00253,42,43,half,25,26,8,15,26,26.0,26.0
fasterrcnn,cate8-00253,42,43,closed,25,26,15,15,26,26.0,26.0
fasterrcnn,cate8-00253,21,22,open,8,9,0,16,8,9.0,
fasterrcnn,cate8-00253,21,22,half,8,9,8,16,8,9.0,9.0
fasterrcnn,cate8-00253,21,22,closed,8,9,16,16,8,9.0,9.0
fasterrcnn,cate8-00253,33,34,open,18,19,0,17,19,19.0,20.0
fasterrcnn,cate8-00253,33,34,half,18,19,8,17,18,19.0,18.0
fasterrcnn,cate8-00253,33,34,closed,18,19,17,17,18,19.0,18.0
fasterrcnn,cate8-00257,24,25,open,11,12,0,14,11,12.0,
fasterrcnn,cate8-00257,24,25,half,11,12,7,14,11,12.0,12.0
fasterrcnn,cate8-00257,24,25,closed,11,12,14,14,11,12.0,12.0
fasterrcnn,cate8-00257,46,47,open,29,30,0,33,30,30.0,30.0
fasterrcnn,cate8-00257,46,47,half,29,30,16,33,29,30.0,30.0
fasterrcnn,cate8-00257,46,47,closed,29,30,33,33,29,30.0,30.0
fasterrcnn,cate8-00257,34,35,open,19,20,0,19,20,20.0,20.0
fasterrcnn,cate8-00257,34,35,half,19,20,10,19,20,20.0,20.0
fasterrcnn,cate8-00257,34,35,closed,19,20,19,19,19,20.0,20.0
fasterrcnn,cate8-00282,24,25,open,11,12,0,22,13,13.0,13.0
fasterrcnn,cate8-00282,24,25,half,11,12,11,22,12,13.0,12.0
fasterrcnn,cate8-00282,24,25,closed,11,12,22,22,11,13.0,11.0
fasterrcnn,cate8-00282,41,42,open,24,25,0,14,26,26.0,26.0
fasterrcnn,cate8-00282,41,42,half,24,25,7,14,25,26.0,26.0
fasterrcnn,cate8-00282,41,42,closed,24,25,14,14,25,26.0,26.0
fasterrcnn,cate8-00282,31,32,open,16,17,0,14,16,17.0,18.0
fasterrcnn,cate8-00282,31,32,half,16,17,7,14,16,17.0,17.0
fasterrcnn,cate8-00282,31,32,closed,16,17,14,14,16,17.0,18.0
fasterrcnn,cate8-00293,26,27,open,13,14,0,19,13,14.0,
fasterrcnn,cate8-00293,26,27,half,13,14,10,19,13,14.0,14.0
fasterrcnn,cate8-00293,26,27,closed,13,14,19,19,13,14.0,13.0
fasterrcnn,cate8-00293,11,12,open,0,1,0,17,1,1.0,1.0
fasterrcnn,cate8-00293,11,12,half,0,1,8,17,0,1.0,1.0
fasterrcnn,cate8-00293,11,12,closed,0,1,17,17,0,1.0,1.0
fasterrcnn,cate8-00293,12,13,open,1,2,0,13,1,2.0,
fasterrcnn,cate8-00293,12,13,half,1,2,6,13,1,2.0,2.0
fasterrcnn,cate8-00293,12,13,closed,1,2,13,13,1,2.0,2.0
fasterrcnn,cate8-00305,33,34,open,18,19,0,14,19,19.0,19.0
fasterrcnn,cate8-00305,33,34,half,18,19,7,14,18,19.0,19.0
fasterrcnn,cate8-00305,33,34,closed,18,19,14,14,18,19.0,18.0
fasterrcnn,cate8-00305,41,42,open,24,25,0,10,25,25.0,25.0
fasterrcnn,cate8-00305,41,42,half,24,25,5,10,24,25.0,25.0
fasterrcnn,cate8-00305,41,42,closed,24,25,10,10,24,25.0,24.0
fasterrcnn,cate8-00305,26,27,open,13,14,0,24,13,14.0,14.0
fasterrcnn,cate8-00305,26,27,half,13,14,12,24,13,14.0,14.0
fasterrcnn,cate8-00305,26,27,closed,13,14,24,24,13,14.0,14.0
fasterrcnn,cate8-00323,22,23,open,9,10,0,18,10,10.0,10.0
fasterrcnn,cate8-00323,22,23,half,9,10,9,18,10,10.0,10.0
fasterrcnn,cate8-00323,22,23,closed,9,10,18,18,10,10.0,10.0
fasterrcnn,cate8-00323,26,27,open,13,14,0,28,15,14.0,14.0
fasterrcnn,cate8-00323,26,27,half,13,14,14,28,14,14.0,13.0
fasterrcnn,cate8-00323,26,27,closed,13,14,28,28,13,14.0,13.0
fasterrcnn,cate8-00323,31,32,open,16,17,0,16,18,17.0,
fasterrcnn,cate8-00323,31,32,half,16,17,8,16,18,17.0,17.0
fasterrcnn,cate8-00323,31,32,closed,16,17,16,16,17,17.0,17.0
fasterrcnn,cate8-00325,31,32,open,16,17,0,12,16,17.0,17.0
fasterrcnn,cate8-00325,31,32,half,16,17,6,12,24,17.0,17.0
fasterrcnn,cate8-00325,31,32,closed,16,17,12,12,24,17.0,16.0
fasterrcnn,cate8-00325,17,18,open,6,7,0,18,7,7.0,7.0
fasterrcnn,cate8-00325,17,18,half,6,7,9,18,6,7.0,7.0
fasterrcnn,cate8-00325,17,18,closed,6,7,18,18,6,7.0,6.0
fasterrcnn,cate8-00325,22,23,open,9,10,0,12,10,10.0,10.0
fasterrcnn,cate8-00325,22,23,half,9,10,6,12,10,10.0,10.0
fasterrcnn,cate8-00325,22,23,closed,9,10,12,12,9,10.0,10.0
fasterrcnn,cate8-00329,35,36,open,20,21,0,18,21,21.0,21.0
fasterrcnn,cate8-00329,35,36,half,20,21,9,18,21,21.0,21.0
fasterrcnn,cate8-00329,35,36,closed,20,21,18,18,21,21.0,21.0
fasterrcnn,cate8-00329,11,12,open,0,1,0,23,1,1.0,1.0
fasterrcnn,cate8-00329,11,12,half,0,1,12,23,0,1.0,1.0
fasterrcnn,cate8-00329,11,12,closed,0,1,23,23,0,1.0,0.0
fasterrcnn,cate8-00329,27,28,open,14,15,0,13,15,15.0,15.0
fasterrcnn,cate8-00329,27,28,half,14,15,6,13,15,15.0,15.0
fasterrcnn,cate8-00329,27,28,closed,14,15,13,13,15,15.0,15.0
fasterrcnn,cate8-00335,42,43,open,25,26,0,14,26,26.0,27.0
fasterrcnn,cate8-00335,42,43,half,25,26,7,14,26,26.0,26.0
fasterrcnn,cate8-00335,42,43,closed,25,26,14,14,25,26.0,26.0
fasterrcnn,cate8-00335,34,35,open,19,20,0,15,20,20.0,20.0
fasterrcnn,cate8-00335,34,35,half,19,20,8,15,20,20.0,19.0
fasterrcnn,cate8-00335,34,35,closed,19,20,15,15,19,20.0,19.0
fasterrcnn,cate8-00335,15,16,open,4,5,0,19,5,5.0,5.0
fasterrcnn,cate8-00335,15,16,half,4,5,10,19,5,5.0,5.0
fasterrcnn,cate8-00335,15,16,closed,4,5,19,19,4,5.0,5.0
fasterrcnn,cate8-00341,21,22,open,8,9,0,30,10,9.0,9.0
fasterrcnn,cate8-00341,21,22,half,8,9,15,30,9,9.0,9.0
fasterrcnn,cate8-00341,21,22,closed,8,9,30,30,9,9.0,8.0
fasterrcnn,cate8-00341,43,44,open,26,27,0,13,26,26.0,27.0
fasterrcnn,cate8-00341,43,44,half,26,27,6,13,26,26.0,27.0
fasterrcnn,cate8-00341,43,44,closed,26,27,13,13,25,26.0,27.0
fasterrcnn,cate8-00341,23,24,open,10,11,0,17,11,11.0,12.0
fasterrcnn,cate8-00341,23,24,half,10,11,8,17,11,11.0,11.0
fasterrcnn,cate8-00341,23,24,closed,10,11,17,17,11,11.0,10.0
fasterrcnn,cate8-00346,17,18,open,6,7,0,24,7,7.0,7.0
fasterrcnn,cate8-00346,17,18,half,6,7,12,24,6,7.0,7.0
fasterrcnn,cate8-00346,17,18,closed,6,7,24,24,6,7.0,7.0
fasterrcnn,cate8-00346,47,48,open,30,31,0,32,31,31.0,31.0
fasterrcnn,cate8-00346,47,48,half,30,31,16,32,30,31.0,31.0
fasterrcnn,cate8-00346,47,48,closed,30,31,32,32,30,31.0,31.0
fasterrcnn,cate8-00346,36,37,open,21,22,0,30,22,22.0,22.0
fasterrcnn,cate8-00346,36,37,half,21,22,15,30,22,22.0,22.0
fasterrcnn,cate8-00346,36,37,closed,21,22,30,30,21,22.0,21.0
fasterrcnn,cate8-00354,34,35,open,19,20,0,19,20,20.0,20.0
fasterrcnn,cate8-00354,34,35,half,19,20,10,19,19,20.0,20.0
fasterrcnn,cate8-00354,34,35,closed,19,20,19,19,19,20.0,20.0
fasterrcnn,cate8-00354,16,17,open,5,6,0,27,6,6.0,5.0
fasterrcnn,cate8-00354,16,17,half,5,6,14,27,5,6.0,6.0
fasterrcnn,cate8-00354,16,17,closed,5,6,27,27,5,6.0,5.0
fasterrcnn,cate8-00354,32,33,open,17,18,0,13,18,18.0,18.0
fasterrcnn,cate8-00354,32,33,half,17,18,6,13,17,18.0,18.0
fasterrcnn,cate8-00354,32,33,closed,17,18,13,13,17,18.0,18.0
fasterrcnn,cate8-00377,22,23,open,9,10,0,15,10,10.0,10.0
fasterrcnn,cate8-00377,22,23,half,9,10,8,15,10,10.0,10.0
fasterrcnn,cate8-00377,22,23,closed,9,10,15,15,9,10.0,10.0
fasterrcnn,cate8-00377,43,44,open,26,27,0,14,27,27.0,27.0
fasterrcnn,cate8-00377,43,44,half,26,27,7,14,26,27.0,27.0
fasterrcnn,cate8-00377,43,44,closed,26,27,14,14,26,27.0,27.0
fasterrcnn,cate8-00377,44,45,open,27,28,0,23,28,28.0,28.0
fasterrcnn,cate8-00377,44,45,half,27,28,12,23,27,28.0,28.0
fasterrcnn,cate8-00377,44,45,closed,27,28,23,23,27,28.0,28.0
fasterrcnn,cate8-00401,16,17,open,5,6,0,29,6,6.0,7.0
fasterrcnn,cate8-00401,16,17,half,5,6,14,29,6,6.0,6.0
fasterrcnn,cate8-00401,16,17,closed,5,6,29,29,5,6.0,5.0
fasterrcnn,cate8-00401,32,33,open,17,18,0,16,18,18.0,18.0
fasterrcnn,cate8-00401,32,33,half,17,18,8,16,18,18.0,18.0
fasterrcnn,cate8-00401,32,33,closed,17,18,16,16,18,18.0,18.0
fasterrcnn,cate8-00401,33,34,open,18,19,0,19,20,19.0,19.0
fasterrcnn,cate8-00401,33,34,half,18,19,10,19,19,19.0,19.0
fasterrcnn,cate8-00401,33,34,closed,18,19,19,19,18,19.0,18.0
fasterrcnn,cate8-00431,43,44,open,26,27,0,9,28,28.0,
fasterrcnn,cate8-00431,43,44,half,26,27,4,9,27,28.0,28.0
fasterrcnn,cate8-00431,43,44,closed,26,27,9,9,27,28.0,28.0
fasterrcnn,cate8-00431,32,33,open,17,18,0,18,18,20.0,20.0
fasterrcnn,cate8-00431,32,33,half,17,18,9,18,17,20.0,20.0
fasterrcnn,cate8-00431,32,33,closed,17,18,18,18,17,20.0,20.0
fasterrcnn,cate8-00437,23,24,open,10,11,0,23,12,11.0,11.0
fasterrcnn,cate8-00437,23,24,half,10,11,12,23,11,11.0,11.0
fasterrcnn,cate8-00437,23,24,closed,10,11,23,23,10,11.0,11.0
fasterrcnn,cate8-00437,11,12,open,0,1,0,25,1,1.0,1.0
fasterrcnn,cate8-00437,11,12,half,0,1,12,25,1,1.0,1.0
fasterrcnn,cate8-00437,11,12,closed,0,1,25,25,8,1.0,8.0
fasterrcnn,cate8-00437,36,37,open,21,22,0,34,23,22.0,22.0
fasterrcnn,cate8-00437,36,37,half,21,22,17,34,23,22.0,22.0
fasterrcnn,cate8-00437,36,37,closed,21,22,34,34,21,22.0,22.0
fasterrcnn,cate8-00440,34,35,open,19,20,0,15,19,20.0,20.0
fasterrcnn,cate8-00440,34,35,half,19,20,8,15,18,20.0,20.0
fasterrcnn,cate8-00440,34,35,closed,19,20,15,15,18,20.0,19.0
fasterrcnn,cate8-00440,22,23,open,9,10,0,15,8,10.0,9.0
fasterrcnn,cate8-00440,22,23,half,9,10,8,15,8,10.0,10.0
fasterrcnn,cate8-00440,22,23,closed,9,10,15,15,8,10.0,9.0
fasterrcnn,cate8-00440,25,26,open,12,13,0,17,12,13.0,13.0
fasterrcnn,cate8-00440,25,26,half,12,13,8,17,11,13.0,13.0
fasterrcnn,cate8-00440,25,26,closed,12,13,17,17,11,13.0,13.0
fasterrcnn,cate8-00454,21,22,open,8,9,0,22,9,9.0,9.0
fasterrcnn,cate8-00454,21,22,half,8,9,11,22,9,9.0,9.0
fasterrcnn,cate8-00454,21,22,closed,8,9,22,22,8,9.0,8.0
fasterrcnn,cate8-00454,33,34,open,18,19,0,17,19,19.0,19.0
fasterrcnn,cate8-00454,33,34,half,18,19,8,17,19,19.0,19.0
fasterrcnn,cate8-00454,33,34,closed,18,19,17,17,18,19.0,18.0
fasterrcnn,cate8-00454,13,14,open,2,3,0,21,4,3.0,4.0
fasterrcnn,cate8-00454,13,14,half,2,3,10,21,3,3.0,3.0
fasterrcnn,cate8-00454,13,14,closed,2,3,21,21,3,3.0,3.0
fasterrcnn,cate9-00010,37,38,open,22,23,0,35,23,23.0,23.0
fasterrcnn,cate9-00010,37,38,half,22,23,18,35,23,23.0,23.0
fasterrcnn,cate9-00010,37,38,closed,22,23,35,35,15,23.0,23.0
fasterrcnn,cate9-00010,42,43,open,25,26,0,16,27,26.0,26.0
fasterrcnn,cate9-00010,42,43,half,25,26,8,16,26,26.0,26.0
fasterrcnn,cate9-00010,42,43,closed,25,26,16,16,26,26.0,26.0
fasterrcnn,cate9-00010,35,36,open,20,21,0,23,21,21.0,21.0
fasterrcnn,cate9-00010,35,36,half,20,21,12,23,20,21.0,21.0
fasterrcnn,cate9-00010,35,36,closed,20,21,23,23,20,21.0,21.0
fasterrcnn,cate9-00040,31,32,open,16,17,0,12,17,17.0,17.0
fasterrcnn,cate9-00040,31,32,half,16,17,6,12,17,17.0,17.0
fasterrcnn,cate9-00040,31,32,closed,16,17,12,12,17,17.0,17.0
fasterrcnn,cate9-00040,27,28,open,14,15,0,30,15,15.0,15.0
fasterrcnn,cate9-00040,27,28,half,14,15,15,30,15,15.0,15.0
fasterrcnn,cate9-00040,27,28,closed,14,15,30,30,15,15.0,15.0
fasterrcnn,cate9-00040,42,43,open,25,26,0,16,25,26.0,26.0
fasterrcnn,cate9-00040,42,43,half,25,26,8,16,25,26.0,26.0
fasterrcnn,cate9-00040,42,43,closed,25,26,16,16,24,26.0,26.0
fasterrcnn,cate1-00014,42,43,open,25,26,0,18,26,26.0,26.0
fasterrcnn,cate1-00014,42,43,half,25,26,9,18,25,26.0,26.0
fasterrcnn,cate1-00014,42,43,closed,25,26,18,18,24,26.0,26.0
fasterrcnn,cate1-00014,35,36,open,20,21,0,15,21,21.0,21.0
fasterrcnn,cate1-00014,35,36,half,20,21,8,15,21,21.0,21.0
fasterrcnn,cate1-00014,35,36,closed,20,21,15,15,21,21.0,21.0
fasterrcnn,cate1-00014,21,22,open,8,9,0,22,9,9.0,9.0
fasterrcnn,cate1-00014,21,22,half,8,9,11,22,9,9.0,9.0
fasterrcnn,cate1-00014,21,22,closed,8,9,22,22,8,9.0,8.0
fasterrcnn,cate1-00026,11,12,open,0,1,0,22,1,1.0,1.0
fasterrcnn,cate1-00026,11,12,half,0,1,11,22,0,1.0,0.0
fasterrcnn,cate1-00026,11,12,closed,0,1,22,22,0,1.0,0.0
fasterrcnn,cate1-00026,47,48,open,30,31,0,29,31,31.0,31.0
fasterrcnn,cate1-00026,47,48,half,30,31,14,29,31,31.0,31.0
fasterrcnn,cate1-00026,47,48,closed,30,31,29,29,31,31.0,31.0
fasterrcnn,cate1-00026,24,25,open,11,12,0,16,12,12.0,12.0
fasterrcnn,cate1-00026,24,25,half,11,12,8,16,12,12.0,12.0
fasterrcnn,cate1-00026,24,25,closed,11,12,16,16,11,12.0,12.0
fasterrcnn,cate1-00029,35,36,open,20,21,0,16,21,21.0,21.0
fasterrcnn,cate1-00029,35,36,half,20,21,8,16,21,21.0,21.0
fasterrcnn,cate1-00029,35,36,closed,20,21,16,16,20,21.0,21.0
fasterrcnn,cate1-00029,31,32,open,16,17,0,15,17,17.0,17.0
fasterrcnn,cate1-00029,31,32,half,16,17,8,15,16,17.0,17.0
fasterrcnn,cate1-00029,31,32,closed,16,17,15,15,16,17.0,17.0
fasterrcnn,cate1-00029,34,35,open,19,20,0,20,20,20.0,20.0
fasterrcnn,cate1-00029,34,35,half,19,20,10,20,19,20.0,20.0
fasterrcnn,cate1-00029,34,35,closed,19,20,20,20,19,20.0,19.0
fasterrcnn,cate1-00041,14,15,open,3,4,0,22,4,4.0,4.0
fasterrcnn,cate1-00041,14,15,half,3,4,11,22,4,4.0,3.0
fasterrcnn,cate1-00041,14,15,closed,3,4,22,22,3,4.0,3.0
fasterrcnn,cate1-00041,32,33,open,17,18,0,18,18,18.0,18.0
fasterrcnn,cate1-00041,32,33,half,17,18,9,18,18,18.0,18.0
fasterrcnn,cate1-00041,32,33,closed,17,18,18,18,18,18.0,18.0
fasterrcnn,cate1-00041,37,38,open,22,23,0,31,23,23.0,23.0
fasterrcnn,cate1-00041,37,38,half,22,23,16,31,23,23.0,22.0
fasterrcnn,cate1-00041,37,38,closed,22,23,31,31,22,23.0,22.0
fasterrcnn,cate1-00068,31,32,open,16,17,0,15,17,17.0,17.0
fasterrcnn,cate1-00068,31,32,half,16,17,8,15,16,17.0,16.0
fasterrcnn,cate1-00068,31,32,closed,16,17,15,15,16,17.0,16.0
fasterrcnn,cate1-00068,44,45,open,27,28,0,21,28,28.0,28.0
fasterrcnn,cate1-00068,44,45,half,27,28,10,21,28,28.0,28.0
fasterrcnn,cate1-00068,44,45,closed,27,28,21,21,27,28.0,27.0
fasterrcnn,cate1-00068,15,16,open,4,5,0,19,5,5.0,5.0
fasterrcnn,cate1-00068,15,16,half,4,5,10,19,5,5.0,5.0
fasterrcnn,cate1-00068,15,16,closed,4,5,19,19,5,5.0,5.0
fasterrcnn,cate10-00018,36,37,open,21,22,0,30,22,22.0,22.0
fasterrcnn,cate10-00018,36,37,half,21,22,15,30,22,22.0,22.0
fasterrcnn,cate10-00018,36,37,closed,21,22,30,30,21,22.0,21.0
fasterrcnn,cate10-00018,33,34,open,18,19,0,11,19,19.0,19.0
fasterrcnn,cate10-00018,33,34,half,18,19,6,11,18,19.0,19.0
fasterrcnn,cate10-00018,33,34,closed,18,19,11,11,18,19.0,18.0
fasterrcnn,cate10-00018,42,43,open,25,26,0,7,26,26.0,26.0
fasterrcnn,cate10-00018,42,43,half,25,26,4,7,26,26.0,26.0
fasterrcnn,cate10-00018,42,43,closed,25,26,7,7,25,26.0,26.0
fasterrcnn,cate10-00024,42,43,open,25,26,0,16,26,27.0,27.0
fasterrcnn,cate10-00024,42,43,half,25,26,8,16,26,27.0,27.0
fasterrcnn,cate10-00024,42,43,closed,25,26,16,16,26,27.0,27.0
fasterrcnn,cate10-00024,11,12,open,0,1,0,20,1,1.0,1.0
fasterrcnn,cate10-00024,11,12,half,0,1,10,20,1,1.0,1.0
fasterrcnn,cate10-00024,11,12,closed,0,1,20,20,0,1.0,1.0
fasterrcnn,cate10-00024,23,24,open,10,11,0,16,11,11.0,10.0
fasterrcnn,cate10-00024,23,24,half,10,11,8,16,10,11.0,10.0
fasterrcnn,cate10-00024,23,24,closed,10,11,16,16,10,11.0,10.0
fasterrcnn,cate10-00034,31,32,open,16,17,0,9,0,16.0,17.0
fasterrcnn,cate10-00034,31,32,half,16,17,4,9,0,16.0,16.0
fasterrcnn,cate10-00034,31,32,closed,16,17,9,9,0,16.0,17.0
fasterrcnn,cate10-00034,42,43,open,25,26,0,13,3,26.0,26.0
fasterrcnn,cate10-00034,42,43,half,25,26,6,13,3,26.0,26.0
fasterrcnn,cate10-00034,42,43,closed,25,26,13,13,2,26.0,26.0
fasterrcnn,cate10-00034,33,34,open,18,19,0,23,9,19.0,18.0
fasterrcnn,cate10-00034,33,34,half,18,19,12,23,9,19.0,19.0
fasterrcnn,cate10-00034,33,34,closed,18,19,23,23,8,19.0,18.0
fasterrcnn,cate10-00084,17,18,open,6,7,0,14,7,7.0,7.0
fasterrcnn,cate10-00084,17,18,half,6,7,7,14,7,7.0,7.0
fasterrcnn,cate10-00084,17,18,closed,6,7,14,14,7,7.0,7.0
fasterrcnn,cate10-00084,12,13,open,1,2,0,9,2,2.0,1.0
fasterrcnn,cate10-00084,12,13,half,1,2,4,9,2,2.0,2.0
fasterrcnn,cate10-00084,12,13,closed,1,2,9,9,1,2.0,2.0
fasterrcnn,cate10-00084,26,27,open,13,14,0,29,14,14.0,14.0
fasterrcnn,cate10-00084,26,27,half,13,14,14,29,14,14.0,14.0
fasterrcnn,cate10-00084,26,27,closed,13,14,29,29,13,14.0,13.0
fasterrcnn,cate10-00090,34,35,open,19,20,0,30,20,20.0,20.0
fasterrcnn,cate10-00090,34,35,half,19,20,15,30,20,20.0,20.0
fasterrcnn,cate10-00090,34,35,closed,19,20,30,30,20,20.0,19.0
fasterrcnn,cate10-00090,14,15,open,3,4,0,17,4,,5.0
fasterrcnn,cate10-00090,14,15,half,3,4,8,17,4,,10.0
fasterrcnn,cate10-00090,14,15,closed,3,4,17,17,4,,
fasterrcnn,cate10-00090,43,44,open,26,27,0,21,27,27.0,27.0
fasterrcnn,cate10-00090,43,44,half,26,27,10,21,27,27.0,27.0
fasterrcnn,cate10-00090,43,44,closed,26,27,21,21,26,27.0,26.0
fasterrcnn,cate10-00096,14,15,open,3,4,0,5,2,3.0,3.0
fasterrcnn,cate10-00096,14,15,half,3,4,2,5,2,3.0,4.0
fasterrcnn,cate10-00096,14,15,closed,3,4,5,5,2,3.0,3.0
fasterrcnn,cate10-00096,46,47,open,29,30,0,31,30,30.0,30.0
fasterrcnn,cate10-00096,46,47,half,29,30,16,31,29,30.0,30.0
fasterrcnn,cate10-00096,46,47,closed,29,30,31,31,29,30.0,30.0
fasterrcnn,cate10-00096,16,17,open,5,6,0,30,6,6.0,6.0
fasterrcnn,cate10-00096,16,17,half,5,6,15,30,5,6.0,6.0
fasterrcnn,cate10-00096,16,17,closed,5,6,30,30,4,6.0,6.0
fasterrcnn,cate10-00114,34,35,open,19,20,0,13,20,20.0,20.0
fasterrcnn,cate10-00114,34,35,half,19,20,6,13,19,20.0,19.0
fasterrcnn,cate10-00114,34,35,closed,19,20,13,13,18,20.0,19.0
fasterrcnn,cate10-00114,31,32,open,16,17,0,9,18,17.0,17.0
fasterrcnn,cate10-00114,31,32,half,16,17,4,9,18,17.0,16.0
fasterrcnn,cate10-00114,31,32,closed,16,17,9,9,17,17.0,16.0
fasterrcnn,cate10-00114,45,46,open,28,29,0,13,29,29.0,29.0
fasterrcnn,cate10-00114,45,46,half,28,29,6,13,29,29.0,29.0
fasterrcnn,cate10-00114,45,46,closed,28,29,13,13,29,29.0,29.0
fasterrcnn,cate2-00007,21,22,open,8,9,0,17,9,9.0,9.0
fasterrcnn,cate2-00007,21,22,half,8,9,8,17,9,9.0,9.0
fasterrcnn,cate2-00007,21,22,closed,8,9,17,17,8,9.0,8.0
fasterrcnn,cate2-00007,36,37,open,21,22,0,33,22,22.0,22.0
fasterrcnn,cate2-00007,36,37,half,21,22,16,33,21,22.0,21.0
fasterrcnn,cate2-00007,36,37,closed,21,22,33,33,21,22.0,21.0
fasterrcnn,cate2-00007,45,46,open,28,29,0,21,29,29.0,29.0
fasterrcnn,cate2-00007,45,46,half,28,29,10,21,29,29.0,29.0
fasterrcnn,cate2-00007,45,46,closed,28,29,21,21,29,29.0,29.0
fasterrcnn,cate2-00012,43,44,open,26,27,0,16,27,27.0,27.0
fasterrcnn,cate2-00012,43,44,half,26,27,8,16,27,27.0,27.0
fasterrcnn,cate2-00012,43,44,closed,26,27,16,16,26,27.0,27.0
fasterrcnn,cate2-00012,27,28,open,14,15,0,28,15,15.0,15.0
fasterrcnn,cate2-00012,27,28,half,14,15,14,28,14,15.0,15.0
fasterrcnn,cate2-00012,27,28,closed,14,15,28,28,14,15.0,15.0
fasterrcnn,cate2-00012,34,35,open,19,20,0,14,20,20.0,20.0
fasterrcnn,cate2-00012,34,35,half,19,20,7,14,20,20.0,20.0
fasterrcnn,cate2-00012,34,35,closed,19,20,14,14,19,20.0,19.0
fasterrcnn,cate2-00017,33,34,open,18,19,0,20,19,19.0,19.0
fasterrcnn,cate2-00017,33,34,half,18,19,10,20,19,19.0,19.0
fasterrcnn,cate2-00017,33,34,closed,18,19,20,20,19,19.0,18.0
fasterrcnn,cate2-00017,36,37,open,21,22,0,32,22,22.0,22.0
fasterrcnn,cate2-00017,36,37,half,21,22,16,32,21,22.0,21.0
fasterrcnn,cate2-00017,36,37,closed,21,22,32,32,21,22.0,21.0
fasterrcnn,cate2-00017,44,45,open,27,28,0,13,28,28.0,28.0
fasterrcnn,cate2-00017,44,45,half,27,28,6,13,28,28.0,28.0
fasterrcnn,cate2-00017,44,45,closed,27,28,13,13,27,28.0,28.0
fasterrcnn,cate2-00024,31,32,open,16,17,0,15,17,17.0,17.0
fasterrcnn,cate2-00024,31,32,half,16,17,8,15,17,17.0,17.0
fasterrcnn,cate2-00024,31,32,closed,16,17,15,15,16,17.0,17.0
fasterrcnn,cate2-00024,37,38,open,22,23,0,30,23,23.0,23.0
fasterrcnn,cate2-00024,37,38,half,22,23,15,30,23,23.0,23.0
fasterrcnn,cate2-00024,37,38,closed,22,23,30,30,23,23.0,22.0
fasterrcnn,cate2-00024,47,48,open,30,31,0,35,31,31.0,31.0
fasterrcnn,cate2-00024,47,48,half,30,31,18,35,31,31.0,31.0
fasterrcnn,cate2-00024,47,48,closed,30,31,35,35,31,31.0,31.0
fasterrcnn,cate2-00027,32,33,open,17,18,0,14,18,18.0,18.0
fasterrcnn,cate2-00027,32,33,half,17,18,7,14,18,18.0,18.0
fasterrcnn,cate2-00027,32,33,closed,17,18,14,14,18,18.0,18.0
fasterrcnn,cate2-00027,44,45,open,27,28,0,12,28,28.0,28.0
fasterrcnn,cate2-00027,44,45,half,27,28,6,12,27,28.0,28.0
fasterrcnn,cate2-00027,44,45,closed,27,28,12,12,27,28.0,27.0
fasterrcnn,cate2-00027,33,34,open,18,19,0,15,19,19.0,19.0
fasterrcnn,cate2-00027,33,34,half,18,19,8,15,18,19.0,19.0
fasterrcnn,cate2-00027,33,34,closed,18,19,15,15,18,19.0,18.0
fasterrcnn,cate2-00028,13,14,open,2,3,0,16,3,3.0,3.0
fasterrcnn,cate2-00028,13,14,half,2,3,8,16,3,3.0,3.0
fasterrcnn,cate2-00028,13,14,closed,2,3,16,16,3,3.0,2.0
fasterrcnn,cate2-00028,31,32,open,16,17,0,13,17,17.0,17.0
fasterrcnn,cate2-00028,31,32,half,16,17,6,13,17,17.0,17.0
fasterrcnn,cate2-00028,31,32,closed,16,17,13,13,16,17.0,17.0
fasterrcnn,cate2-00028,12,13,open,1,2,0,16,2,2.0,2.0
fasterrcnn,cate2-00028,12,13,half,1,2,8,16,2,2.0,2.0
fasterrcnn,cate2-00028,12,13,closed,1,2,16,16,2,2.0,2.0
fasterrcnn,cate2-00030,12,13,open,1,2,0,16,2,2.0,2.0
fasterrcnn,cate2-00030,12,13,half,1,2,8,16,2,2.0,2.0
fasterrcnn,cate2-00030,12,13,closed,1,2,16,16,2,2.0,2.0
fasterrcnn,cate2-00030,44,45,open,27,28,0,16,28,28.0,28.0
fasterrcnn,cate2-00030,44,45,half,27,28,8,16,28,28.0,28.0
fasterrcnn,cate2-00030,44,45,closed,27,28,16,16,28,28.0,27.0
fasterrcnn,cate2-00030,36,37,open,21,22,0,31,22,22.0,22.0
fasterrcnn,cate2-00030,36,37,half,21,22,16,31,21,22.0,22.0
fasterrcnn,cate2-00030,36,37,closed,21,22,31,31,21,22.0,21.0
fasterrcnn,cate2-00102,12,13,open,1,2,0,15,2,2.0,2.0
fasterrcnn,cate2-00102,12,13,half,1,2,8,15,2,2.0,2.0
fasterrcnn,cate2-00102,12,13,closed,1,2,15,15,2,2.0,2.0
fasterrcnn,cate2-00102,35,36,open,20,21,0,21,22,21.0,22.0
fasterrcnn,cate2-00102,35,36,half,20,21,10,21,21,21.0,21.0
fasterrcnn,cate2-00102,35,36,closed,20,21,21,21,21,21.0,21.0
fasterrcnn,cate2-00102,41,42,open,24,25,0,14,25,25.0,
fasterrcnn,cate2-00102,41,42,half,24,25,7,14,25,25.0,25.0
fasterrcnn,cate2-00102,41,42,closed,24,25,14,14,25,25.0,25.0
fasterrcnn,cate2-00108,13,14,open,2,3,0,19,3,3.0,3.0
fasterrcnn,cate2-00108,13,14,half,2,3,10,19,3,3.0,2.0
fasterrcnn,cate2-00108,13,14,closed,2,3,19,19,2,3.0,2.0
fasterrcnn,cate2-00108,45,46,open,28,29,0,17,29,29.0,29.0
fasterrcnn,cate2-00108,45,46,half,28,29,8,17,29,29.0,29.0
fasterrcnn,cate2-00108,45,46,closed,28,29,17,17,28,29.0,28.0
fasterrcnn,cate2-00108,42,43,open,25,26,0,12,26,26.0,26.0
fasterrcnn,cate2-00108,42,43,half,25,26,6,12,26,26.0,26.0
fasterrcnn,cate2-00108,42,43,closed,25,26,12,12,26,26.0,26.0
fasterrcnn,cate2-00112,45,46,open,28,29,0,16,29,29.0,29.0
fasterrcnn,cate2-00112,45,46,half,28,29,8,16,29,29.0,29.0
fasterrcnn,cate2-00112,45,46,closed,28,29,16,16,29,29.0,29.0
fasterrcnn,cate2-00112,32,33,open,17,18,0,13,17,18.0,18.0
fasterrcnn,cate2-00112,32,33,half,17,18,6,13,17,18.0,18.0
fasterrcnn,cate2-00112,32,33,closed,17,18,13,13,17,18.0,18.0
fasterrcnn,cate2-00112,14,15,open,3,4,0,19,4,4.0,4.0
fasterrcnn,cate2-00112,14,15,half,3,4,10,19,4,4.0,4.0
fasterrcnn,cate2-00112,14,15,closed,3,4,19,19,3,4.0,3.0
fasterrcnn,cate2-00115,47,48,open,30,31,0,33,31,31.0,31.0
fasterrcnn,cate2-00115,47,48,half,30,31,16,33,31,31.0,31.0
fasterrcnn,cate2-00115,47,48,closed,30,31,33,33,31,31.0,31.0
fasterrcnn,cate2-00115,11,12,open,0,1,0,23,1,1.0,1.0
fasterrcnn,cate2-00115,11,12,half,0,1,12,23,1,1.0,1.0
fasterrcnn,cate2-00115,11,12,closed,0,1,23,23,0,1.0,0.0
fasterrcnn,cate2-00115,41,42,open,24,25,0,14,25,25.0,25.0
fasterrcnn,cate2-00115,41,42,half,24,25,7,14,25,25.0,25.0
fasterrcnn,cate2-00115,41,42,closed,24,25,14,14,25,25.0,24.0
fasterrcnn,cate2-00119,14,15,open,3,4,0,18,4,4.0,4.0
fasterrcnn,cate2-00119,14,15,half,3,4,9,18,4,4.0,4.0
fasterrcnn,cate2-00119,14,15,closed,3,4,18,18,3,4.0,4.0
fasterrcnn,cate2-00119,42,43,open,25,26,0,16,27,26.0,26.0
fasterrcnn,cate2-00119,42,43,half,25,26,8,16,26,26.0,26.0
fasterrcnn,cate2-00119,42,43,closed,25,26,16,16,26,26.0,26.0
fasterrcnn,cate2-00119,36,37,open,21,22,0,32,22,22.0,22.0
fasterrcnn,cate2-00119,36,37,half,21,22,16,32,22,22.0,22.0
fasterrcnn,cate2-00119,36,37,closed,21,22,32,32,21,22.0,21.0
fasterrcnn,cate2-00133,41,42,open,24,25,0,13,25,25.0,25.0
fasterrcnn,cate2-00133,41,42,half,24,25,6,13,24,25.0,25.0
fasterrcnn,cate2-00133,41,42,closed,24,25,13,13,24,25.0,24.0
fasterrcnn,cate2-00133,15,16,open,4,5,0,16,5,5.0,5.0
fasterrcnn,cate2-00133,15,16,half,4,5,8,16,5,5.0,5.0
fasterrcnn,cate2-00133,15,16,closed,4,5,16,16,5,5.0,5.0
fasterrcnn,cate2-00133,23,24,open,10,11,0,15,11,11.0,11.0
fasterrcnn,cate2-00133,23,24,half,10,11,8,15,10,11.0,11.0
fasterrcnn,cate2-00133,23,24,closed,10,11,15,15,10,11.0,11.0
fasterrcnn,cate2-00134,35,36,open,20,21,0,18,21,21.0,21.0
fasterrcnn,cate2-00134,35,36,half,20,21,9,18,21,21.0,21.0
fasterrcnn,cate2-00134,35,36,closed,20,21,18,18,21,21.0,21.0
fasterrcnn,cate2-00134,42,43,open,25,26,0,13,25,26.0,26.0
fasterrcnn,cate2-00134,42,43,half,25,26,6,13,25,26.0,26.0
fasterrcnn,cate2-00134,42,43,closed,25,26,13,13,24,26.0,26.0
fasterrcnn,cate2-00134,37,38,open,22,23,0,31,23,23.0,23.0
fasterrcnn,cate2-00134,37,38,half,22,23,16,31,23,23.0,23.0
fasterrcnn,cate2-00134,37,38,closed,22,23,31,31,23,23.0,23.0
fasterrcnn,cate3-00013,32,33,open,17,18,0,13,18,18.0,18.0
fasterrcnn,cate3-00013,32,33,half,17,18,6,13,18,18.0,18.0
fasterrcnn,cate3-00013,32,33,closed,17,18,13,13,17,18.0,18.0
fasterrcnn,cate3-00013,27,28,open,14,15,0,24,15,15.0,15.0
fasterrcnn,cate3-00013,27,28,half,14,15,12,24,15,15.0,15.0
fasterrcnn,cate3-00013,27,28,closed,14,15,24,24,14,15.0,15.0
fasterrcnn,cate3-00013,21,22,open,8,9,0,18,9,9.0,9.0
fasterrcnn,cate3-00013,21,22,half,8,9,9,18,8,9.0,8.0
fasterrcnn,cate3-00013,21,22,closed,8,9,18,18,8,9.0,8.0
fasterrcnn,cate3-00018,11,12,open,0,1,0,21,1,1.0,1.0
fasterrcnn,cate3-00018,11,12,half,0,1,10,21,0,1.0,0.0
fasterrcnn,cate3-00018,11,12,closed,0,1,21,21,0,1.0,1.0
fasterrcnn,cate3-00018,25,26,open,12,13,0,16,14,13.0,13.0
fasterrcnn,cate3-00018,25,26,half,12,13,8,16,13,13.0,13.0
fasterrcnn,cate3-00018,25,26,closed,12,13,16,16,13,13.0,13.0
fasterrcnn,cate3-00018,31,32,open,16,17,0,16,17,17.0,17.0
fasterrcnn,cate3-00018,31,32,half,16,17,8,16,17,17.0,17.0
fasterrcnn,cate3-00018,31,32,closed,16,17,16,16,16,17.0,17.0
fasterrcnn,cate3-00021,14,15,open,3,4,0,17,4,4.0,4.0
fasterrcnn,cate3-00021,14,15,half,3,4,8,17,4,4.0,4.0
fasterrcnn,cate3-00021,14,15,closed,3,4,17,17,4,4.0,4.0
fasterrcnn,cate3-00021,34,35,open,19,20,0,22,20,20.0,20.0
fasterrcnn,cate3-00021,34,35,half,19,20,11,22,20,20.0,20.0
fasterrcnn,cate3-00021,34,35,closed,19,20,22,22,19,20.0,20.0
fasterrcnn,cate3-00021,32,33,open,17,18,0,19,18,18.0,18.0
fasterrcnn,cate3-00021,32,33,half,17,18,10,19,18,18.0,18.0
fasterrcnn,cate3-00021,32,33,closed,17,18,19,19,18,18.0,18.0
fasterrcnn,cate4-00070,43,44,open,26,27,0,15,27,27.0,27.0
fasterrcnn,cate4-00070,43,44,half,26,27,8,15,27,27.0,27.0
fasterrcnn,cate4-00070,43,44,closed,26,27,15,15,26,27.0,27.0
fasterrcnn,cate4-00070,42,43,open,25,26,0,13,26,26.0,26.0
fasterrcnn,cate4-00070,42,43,half,25,26,6,13,25,26.0,26.0
fasterrcnn,cate4-00070,42,43,closed,25,26,13,13,25,26.0,26.0
fasterrcnn,cate4-00070,17,18,open,6,7,0,23,7,7.0,7.0
fasterrcnn,cate4-00070,17,18,half,6,7,12,23,7,7.0,7.0
fasterrcnn,cate4-00070,17,18,closed,6,7,23,23,7,7.0,7.0
fasterrcnn,cate4-00072,26,27,open,13,14,0,28,14,14.0,14.0
fasterrcnn,cate4-00072,26,27,half,13,14,14,28,14,14.0,14.0
fasterrcnn,cate4-00072,26,27,closed,13,14,28,28,14,14.0,13.0
fasterrcnn,cate4-00072,45,46,open,28,29,0,24,29,29.0,29.0
fasterrcnn,cate4-00072,45,46,half,28,29,12,24,29,29.0,29.0
fasterrcnn,cate4-00072,45,46,closed,28,29,24,24,29,29.0,29.0
fasterrcnn,cate4-00072,42,43,open,25,26,0,8,26,26.0,26.0
fasterrcnn,cate4-00072,42,43,half,25,26,4,8,25,26.0,26.0
fasterrcnn,cate4-00072,42,43,closed,25,26,8,8,25,26.0,26.0
fasterrcnn,cate4-00075,25,26,open,12,13,0,17,13,13.0,13.0
fasterrcnn,cate4-00075,25,26,half,12,13,8,17,13,13.0,13.0
fasterrcnn,cate4-00075,25,26,closed,12,13,17,17,13,13.0,13.0
fasterrcnn,cate4-00075,16,17,open,5,6,0,25,6,6.0,6.0
fasterrcnn,cate4-00075,16,17,half,5,6,12,25,6,6.0,6.0
fasterrcnn,cate4-00075,16,17,closed,5,6,25,25,6,6.0,5.0
fasterrcnn,cate4-00075,31,32,open,16,17,0,12,17,17.0,
fasterrcnn,cate4-00075,31,32,half,16,17,6,12,16,17.0,17.0
fasterrcnn,cate4-00075,31,32,closed,16,17,12,12,16,17.0,17.0
fasterrcnn,cate4-00088,11,12,open,0,1,0,11,1,1.0,1.0
fasterrcnn,cate4-00088,11,12,half,0,1,6,11,1,1.0,1.0
fasterrcnn,cate4-00088,11,12,closed,0,1,11,11,0,1.0,1.0
fasterrcnn,cate4-00088,42,43,open,25,26,0,8,26,26.0,26.0
fasterrcnn,cate4-00088,42,43,half,25,26,4,8,26,26.0,26.0
fasterrcnn,cate4-00088,42,43,closed,25,26,8,8,26,26.0,26.0
fasterrcnn,cate4-00088,43,44,open,26,27,0,11,26,27.0,27.0
fasterrcnn,cate4-00088,43,44,half,26,27,6,11,26,27.0,27.0
fasterrcnn,cate4-00088,43,44,closed,26,27,11,11,25,27.0,27.0
fasterrcnn,cate4-00100,24,25,open,11,12,0,13,12,12.0,13.0
fasterrcnn,cate4-00100,24,25,half,11,12,6,13,12,12.0,12.0
fasterrcnn,cate4-00100,24,25,closed,11,12,13,13,12,12.0,11.0
fasterrcnn,cate4-00100,16,17,open,5,6,0,29,6,6.0,6.0
fasterrcnn,cate4-00100,16,17,half,5,6,14,29,6,6.0,6.0
fasterrcnn,cate4-00100,16,17,closed,5,6,29,29,5,6.0,6.0
fasterrcnn,cate4-00100,44,45,open,27,28,0,17,28,28.0,28.0
fasterrcnn,cate4-00100,44,45,half,27,28,8,17,28,28.0,28.0
fasterrcnn,cate4-00100,44,45,closed,27,28,17,17,28,28.0,28.0
fasterrcnn,cate4-00102,31,32,open,16,17,0,8,17,17.0,17.0
fasterrcnn,cate4-00102,31,32,half,16,17,4,8,17,17.0,17.0
fasterrcnn,cate4-00102,31,32,closed,16,17,8,8,16,17.0,17.0
fasterrcnn,cate4-00102,22,23,open,9,10,0,15,10,10.0,10.0
fasterrcnn,cate4-00102,22,23,half,9,10,8,15,10,10.0,10.0
fasterrcnn,cate4-00102,22,23,closed,9,10,15,15,10,10.0,9.0
fasterrcnn,cate4-00102,47,48,open,30,31,0,40,31,31.0,7.0
fasterrcnn,cate4-00102,47,48,half,30,31,20,40,31,31.0,31.0
fasterrcnn,cate4-00102,47,48,closed,30,31,40,40,31,31.0,31.0
fasterrcnn,cate4-00107,23,24,open,10,11,0,16,11,11.0,11.0
fasterrcnn,cate4-00107,23,24,half,10,11,8,16,11,11.0,11.0
fasterrcnn,cate4-00107,23,24,closed,10,11,16,16,10,11.0,11.0
fasterrcnn,cate4-00107,13,14,open,2,3,0,16,3,3.0,3.0
fasterrcnn,cate4-00107,13,14,half,2,3,8,16,3,3.0,3.0
fasterrcnn,cate4-00107,13,14,closed,2,3,16,16,2,3.0,3.0
fasterrcnn,cate4-00107,43,44,open,26,27,0,20,27,27.0,27.0
fasterrcnn,cate4-00107,43,44,half,26,27,10,20,27,27.0,27.0
fasterrcnn,cate4-00107,43,44,closed,26,27,20,20,26,27.0,27.0
fasterrcnn,cate5-00030,44,45,open,27,28,0,17,27,28.0,28.0
fasterrcnn,cate5-00030,44,45,half,27,28,8,17,27,28.0,27.0
fasterrcnn,cate5-00030,44,45,closed,27,28,17,17,27,28.0,27.0
fasterrcnn,cate5-00030,42,43,open,25,26,0,15,26,26.0,26.0
fasterrcnn,cate5-00030,42,43,half,25,26,8,15,25,26.0,26.0
fasterrcnn,cate5-00030,42,43,closed,25,26,15,15,25,26.0,26.0
fasterrcnn,cate5-00030,37,38,open,22,23,0,26,23,23.0,23.0
fasterrcnn,cate5-00030,37,38,half,22,23,13,26,23,23.0,23.0
fasterrcnn,cate5-00030,37,38,closed,22,23,26,26,22,23.0,22.0
fasterrcnn,cate5-00036,11,12,open,0,1,0,28,1,1.0,1.0
fasterrcnn,cate5-00036,11,12,half,0,1,14,28,1,1.0,1.0
fasterrcnn,cate5-00036,11,12,closed,0,1,28,28,0,1.0,0.0
fasterrcnn,cate5-00036,22,23,open,9,10,0,17,10,10.0,10.0
fasterrcnn,cate5-00036,22,23,half,9,10,8,17,9,10.0,10.0
fasterrcnn,cate5-00036,22,23,closed,9,10,17,17,9,10.0,10.0
fasterrcnn,cate5-00036,46,47,open,29,30,0,28,30,30.0,30.0
fasterrcnn,cate5-00036,46,47,half,29,30,14,28,30,30.0,30.0
fasterrcnn,cate5-00036,46,47,closed,29,30,28,28,5,30.0,30.0
fasterrcnn,cate5-00049,41,42,open,24,25,0,14,26,26.0,26.0
fasterrcnn,cate5-00049,41,42,half,24,25,7,14,25,26.0,25.0
fasterrcnn,cate5-00049,41,42,closed,24,25,14,14,25,26.0,26.0
fasterrcnn,cate5-00049,32,33,open,17,18,0,22,18,18.0,19.0
fasterrcnn,cate5-00049,32,33,half,17,18,11,22,18,18.0,18.0
fasterrcnn,cate5-00049,32,33,closed,17,18,22,22,18,18.0,18.0
fasterrcnn,cate5-00049,12,13,open,1,2,0,24,2,2.0,14.0
fasterrcnn,cate5-00049,12,13,half,1,2,12,24,2,2.0,14.0
fasterrcnn,cate5-00049,12,13,closed,1,2,24,24,2,2.0,2.0
fasterrcnn,cate5-00066,31,32,open,16,17,0,10,17,17.0,
fasterrcnn,cate5-00066,31,32,half,16,17,5,10,16,17.0,16.0
fasterrcnn,cate5-00066,31,32,closed,16,17,10,10,16,17.0,16.0
fasterrcnn,cate5-00066,32,33,open,17,18,0,11,17,18.0,
fasterrcnn,cate5-00066,32,33,half,17,18,6,11,17,18.0,18.0
fasterrcnn,cate5-00066,32,33,closed,17,18,11,11,17,18.0,19.0
fasterrcnn,cate5-00066,41,42,open,24,25,0,11,25,,
fasterrcnn,cate5-00066,41,42,half,24,25,6,11,24,,25.0
fasterrcnn,cate5-00066,41,42,closed,24,25,11,11,24,,
fasterrcnn,cate5-00079,15,16,open,4,5,0,19,5,5.0,5.0
fasterrcnn,cate5-00079,15,16,half,4,5,10,19,5,5.0,5.0
fasterrcnn,cate5-00079,15,16,closed,4,5,19,19,4,5.0,4.0
fasterrcnn,cate5-00079,22,23,open,9,10,0,17,10,10.0,10.0
fasterrcnn,cate5-00079,22,23,half,9,10,8,17,9,10.0,10.0
fasterrcnn,cate5-00079,22,23,closed,9,10,17,17,9,10.0,9.0
fasterrcnn,cate5-00079,31,32,open,16,17,0,14,16,17.0,17.0
fasterrcnn,cate5-00079,31,32,half,16,17,7,14,16,17.0,17.0
fasterrcnn,cate5-00079,31,32,closed,16,17,14,14,16,17.0,17.0
fasterrcnn,cate5-00090,32,33,open,17,18,0,18,18,18.0,18.0
fasterrcnn,cate5-00090,32,33,half,17,18,9,18,18,18.0,18.0
fasterrcnn,cate5-00090,32,33,closed,17,18,18,18,18,18.0,18.0
fasterrcnn,cate5-00090,43,44,open,26,27,0,19,27,28.0,28.0
fasterrcnn,cate5-00090,43,44,half,26,27,10,19,27,28.0,28.0
fasterrcnn,cate5-00090,43,44,closed,26,27,19,19,26,28.0,27.0
fasterrcnn,cate5-00090,31,32,open,16,17,0,15,17,17.0,17.0
fasterrcnn,cate5-00090,31,32,half,16,17,8,15,16,17.0,17.0
fasterrcnn,cate5-00090,31,32,closed,16,17,15,15,16,17.0,17.0
fasterrcnn,cate6-00009,16,17,open,5,6,0,23,5,6.0,6.0
fasterrcnn,cate6-00009,16,17,half,5,6,12,23,5,6.0,5.0
fasterrcnn,cate6-00009,16,17,closed,5,6,23,23,5,6.0,5.0
fasterrcnn,cate6-00009,46,47,open,29,30,0,29,30,30.0,29.0
fasterrcnn,cate6-00009,46,47,half,29,30,14,29,29,30.0,30.0
fasterrcnn,cate6-00009,46,47,closed,29,30,29,29,29,30.0,29.0
fasterrcnn,cate6-00009,32,33,open,17,18,0,14,17,18.0,17.0
fasterrcnn,cate6-00009,32,33,half,17,18,7,14,16,18.0,17.0
fasterrcnn,cate6-00009,32,33,closed,17,18,14,14,16,18.0,17.0
fasterrcnn,cate6-00063,41,42,open,24,25,0,11,25,25.0,25.0
fasterrcnn,cate6-00063,41,42,half,24,25,6,11,25,25.0,24.0
fasterrcnn,cate6-00063,41,42,closed,24,25,11,11,24,25.0,24.0
fasterrcnn,cate6-00063,13,14,open,2,3,0,6,3,3.0,3.0
fasterrcnn,cate6-00063,13,14,half,2,3,3,6,3,3.0,3.0
fasterrcnn,cate6-00063,13,14,closed,2,3,6,6,3,3.0,3.0
fasterrcnn,cate6-00063,12,13,open,1,2,0,19,2,2.0,2.0
fasterrcnn,cate6-00063,12,13,half,1,2,10,19,2,2.0,2.0
fasterrcnn,cate6-00063,12,13,closed,1,2,19,19,1,2.0,2.0
fasterrcnn,cate6-00101,31,32,open,16,17,0,15,17,17.0,17.0
fasterrcnn,cate6-00101,31,32,half,16,17,8,15,17,17.0,17.0
fasterrcnn,cate6-00101,31,32,closed,16,17,15,15,17,17.0,16.0
fasterrcnn,cate6-00101,41,42,open,24,25,0,14,25,25.0,25.0
fasterrcnn,cate6-00101,41,42,half,24,25,7,14,25,25.0,25.0
fasterrcnn,cate6-00101,41,42,closed,24,25,14,14,24,25.0,25.0
fasterrcnn,cate6-00101,32,33,open,17,18,0,16,18,18.0,18.0
fasterrcnn,cate6-00101,32,33,half,17,18,8,16,18,18.0,18.0
fasterrcnn,cate6-00101,32,33,closed,17,18,16,16,18,18.0,18.0
fasterrcnn,cate6-00105,37,38,open,22,23,0,33,23,23.0,23.0
fasterrcnn,cate6-00105,37,38,half,22,23,16,33,23,23.0,23.0
fasterrcnn,cate6-00105,37,38,closed,22,23,33,33,23,23.0,23.0
fasterrcnn,cate6-00105,43,44,open,26,27,0,21,27,27.0,27.0
fasterrcnn,cate6-00105,43,44,half,26,27,10,21,27,27.0,27.0
fasterrcnn,cate6-00105,43,44,closed,26,27,21,21,27,27.0,27.0
fasterrcnn,cate6-00105,15,16,open,4,5,0,23,5,5.0,6.0
fasterrcnn,cate6-00105,15,16,half,4,5,12,23,5,5.0,5.0
fasterrcnn,cate6-00105,15,16,closed,4,5,23,23,5,5.0,5.0
fasterrcnn,cate6-00151,13,14,open,2,3,0,15,4,3.0,3.0
fasterrcnn,cate6-00151,13,14,half,2,3,8,15,3,3.0,2.0
fasterrcnn,cate6-00151,13,14,closed,2,3,15,15,2,3.0,2.0
fasterrcnn,cate6-00151,21,22,open,8,9,0,30,9,9.0,9.0
fasterrcnn,cate6-00151,21,22,half,8,9,15,30,9,9.0,9.0
fasterrcnn,cate6-00151,21,22,closed,8,9,30,30,8,9.0,8.0
fasterrcnn,cate6-00153,43,44,open,26,27,0,2,28,26.0,26.0
fasterrcnn,cate6-00153,43,44,half,26,27,1,2,28,26.0,26.0
fasterrcnn,cate6-00153,43,44,closed,26,27,2,2,27,26.0,26.0
fasterrcnn,cate6-00153,36,37,open,21,22,0,29,22,22.0,22.0
fasterrcnn,cate6-00153,36,37,half,21,22,14,29,22,22.0,22.0
fasterrcnn,cate6-00153,36,37,closed,21,22,29,29,21,22.0,21.0
fasterrcnn,cate6-00153,22,23,open,9,10,0,17,11,10.0,10.0
fasterrcnn,cate6-00153,22,23,half,9,10,8,17,10,10.0,3.0
fasterrcnn,cate6-00153,22,23,closed,9,10,17,17,10,10.0,26.0
fasterrcnn,cate7-00011,21,22,open,8,9,0,20,9,9.0,9.0
fasterrcnn,cate7-00011,21,22,half,8,9,10,20,9,9.0,8.0
fasterrcnn,cate7-00011,21,22,closed,8,9,20,20,8,9.0,8.0
fasterrcnn,cate7-00011,34,35,open,19,20,0,20,20,20.0,20.0
fasterrcnn,cate7-00011,34,35,half,19,20,10,20,20,20.0,19.0
fasterrcnn,cate7-00011,34,35,closed,19,20,20,20,19,20.0,19.0
fasterrcnn,cate7-00011,31,32,open,16,17,0,13,17,17.0,17.0
fasterrcnn,cate7-00011,31,32,half,16,17,6,13,16,17.0,16.0
fasterrcnn,cate7-00011,31,32,closed,16,17,13,13,24,17.0,16.0
fasterrcnn,cate7-00025,24,25,open,11,12,0,11,13,12.0,12.0
fasterrcnn,cate7-00025,24,25,half,11,12,6,11,13,12.0,12.0
fasterrcnn,cate7-00025,24,25,closed,11,12,11,11,11,12.0,12.0
fasterrcnn,cate7-00025,43,44,open,26,27,0,18,27,27.0,27.0
fasterrcnn,cate7-00025,43,44,half,26,27,9,18,27,27.0,27.0
fasterrcnn,cate7-00025,43,44,closed,26,27,18,18,26,27.0,27.0
fasterrcnn,cate7-00025,13,14,open,2,3,0,17,3,3.0,3.0
fasterrcnn,cate7-00025,13,14,half,2,3,8,17,3,3.0,3.0
fasterrcnn,cate7-00025,13,14,closed,2,3,17,17,2,3.0,3.0
fasterrcnn,cate7-00074,44,45,open,27,28,0,17,28,28.0,28.0
fasterrcnn,cate7-00074,44,45,half,27,28,8,17,28,28.0,28.0
fasterrcnn,cate7-00074,44,45,closed,27,28,17,17,28,28.0,28.0
fasterrcnn,cate7-00074,22,23,open,9,10,0,18,10,10.0,10.0
fasterrcnn,cate7-00074,22,23,half,9,10,9,18,10,10.0,10.0
fasterrcnn,cate7-00074,22,23,closed,9,10,18,18,10,10.0,9.0
fasterrcnn,cate7-00074,43,44,open,26,27,0,17,27,27.0,27.0
fasterrcnn,cate7-00074,43,44,half,26,27,8,17,27,27.0,27.0
fasterrcnn,cate7-00074,43,44,closed,26,27,17,17,27,27.0,27.0
fasterrcnn,cate7-00076,26,27,open,13,14,0,28,14,14.0,13.0
fasterrcnn,cate7-00076,26,27,half,13,14,14,28,14,14.0,13.0
fasterrcnn,cate7-00076,26,27,closed,13,14,28,28,13,14.0,13.0
fasterrcnn,cate7-00076,41,42,open,24,25,0,11,25,26.0,26.0
fasterrcnn,cate7-00076,41,42,half,24,25,6,11,25,26.0,26.0
fasterrcnn,cate7-00076,41,42,closed,24,25,11,11,24,26.0,25.0
fasterrcnn,cate7-00076,21,22,open,8,9,0,16,9,9.0,
fasterrcnn,cate7-00076,21,22,half,8,9,8,16,9,9.0,9.0
fasterrcnn,cate7-00076,21,22,closed,8,9,16,16,8,9.0,8.0
fasterrcnn,cate7-00097,34,35,open,19,20,0,18,20,20.0,20.0
fasterrcnn,cate7-00097,34,35,half,19,20,9,18,20,20.0,20.0
fasterrcnn,cate7-00097,34,35,closed,19,20,18,18,19,20.0,19.0
fasterrcnn,cate7-00097,11,12,open,0,1,0,23,2,1.0,1.0
fasterrcnn,cate7-00097,11,12,half,0,1,12,23,0,1.0,1.0
fasterrcnn,cate7-00097,11,12,closed,0,1,23,23,0,1.0,0.0
fasterrcnn,cate7-00097,21,22,open,8,9,0,24,9,9.0,9.0
fasterrcnn,cate7-00097,21,22,half,8,9,12,24,9,9.0,9.0
fasterrcnn,cate7-00097,21,22,closed,8,9,24,24,8,9.0,8.0
fasterrcnn,cate7-00105,11,12,open,0,1,0,21,1,1.0,1.0
fasterrcnn,cate7-00105,11,12,half,0,1,10,21,0,1.0,1.0
fasterrcnn,cate7-00105,11,12,closed,0,1,21,21,0,1.0,0.0
fasterrcnn,cate7-00105,22,23,open,9,10,0,18,10,10.0,10.0
fasterrcnn,cate7-00105,22,23,half,9,10,9,18,10,10.0,10.0
fasterrcnn,cate7-00105,22,23,closed,9,10,18,18,10,10.0,10.0
fasterrcnn,cate7-00105,17,18,open,6,7,0,22,6,7.0,7.0
fasterrcnn,cate7-00105,17,18,half,6,7,11,22,6,7.0,7.0
fasterrcnn,cate7-00105,17,18,closed,6,7,22,22,6,7.0,6.0
fasterrcnn,cate8-00017,41,42,open,24,25,0,8,24,25.0,25.0
fasterrcnn,cate8-00017,41,42,half,24,25,4,8,24,25.0,25.0
fasterrcnn,cate8-00017,41,42,closed,24,25,8,8,24,25.0,24.0
fasterrcnn,cate8-00017,23,24,open,10,11,0,19,11,11.0,11.0
fasterrcnn,cate8-00017,23,24,half,10,11,10,19,10,11.0,11.0
fasterrcnn,cate8-00017,23,24,closed,10,11,19,19,10,11.0,11.0
fasterrcnn,cate8-00017,45,46,open,28,29,0,24,29,29.0,29.0
fasterrcnn,cate8-00017,45,46,half,28,29,12,24,29,29.0,29.0
fasterrcnn,cate8-00017,45,46,closed,28,29,24,24,28,29.0,29.0
fasterrcnn,cate8-00029,32,33,open,17,18,0,13,18,18.0,18.0
fasterrcnn,cate8-00029,32,33,half,17,18,6,13,18,18.0,18.0
fasterrcnn,cate8-00029,32,33,closed,17,18,13,13,18,18.0,18.0
fasterrcnn,cate8-00029,22,23,open,9,10,0,20,12,11.0,11.0
fasterrcnn,cate8-00029,22,23,half,9,10,10,20,9,11.0,12.0
fasterrcnn,cate8-00029,22,23,closed,9,10,20,20,9,11.0,10.0
fasterrcnn,cate8-00029,34,35,open,19,20,0,17,19,20.0,20.0
fasterrcnn,cate8-00029,34,35,half,19,20,8,17,19,20.0,19.0
fasterrcnn,cate8-00029,34,35,closed,19,20,17,17,19,20.0,19.0
fasterrcnn,cate8-00053,45,46,open,28,29,0,21,29,29.0,29.0
fasterrcnn,cate8-00053,45,46,half,28,29,10,21,29,29.0,29.0
fasterrcnn,cate8-00053,45,46,closed,28,29,21,21,29,29.0,29.0
fasterrcnn,cate8-00053,21,22,open,8,9,0,29,9,9.0,9.0
fasterrcnn,cate8-00053,21,22,half,8,9,14,29,9,9.0,9.0
fasterrcnn,cate8-00053,21,22,closed,8,9,29,29,8,9.0,8.0
fasterrcnn,cate8-00053,46,47,open,29,30,0,32,30,30.0,30.0
fasterrcnn,cate8-00053,46,47,half,29,30,16,32,30,30.0,30.0
fasterrcnn,cate8-00053,46,47,closed,29,30,32,32,29,30.0,30.0
fasterrcnn,cate8-00059,47,48,open,30,31,0,32,31,31.0,31.0
fasterrcnn,cate8-00059,47,48,half,30,31,16,32,31,31.0,31.0
fasterrcnn,cate8-00059,47,48,closed,30,31,32,32,31,31.0,31.0
fasterrcnn,cate8-00059,13,14,open,2,3,0,21,3,3.0,3.0
fasterrcnn,cate8-00059,13,14,half,2,3,10,21,3,3.0,3.0
fasterrcnn,cate8-00059,13,14,closed,2,3,21,21,2,3.0,3.0
fasterrcnn,cate8-00059,31,32,open,16,17,0,16,17,17.0,17.0
fasterrcnn,cate8-00059,31,32,half,16,17,8,16,17,17.0,17.0
fasterrcnn,cate8-00059,31,32,closed,16,17,16,16,16,17.0,17.0
fasterrcnn,cate8-00065,22,23,open,9,10,0,15,10,10.0,10.0
fasterrcnn,cate8-00065,22,23,half,9,10,8,15,9,10.0,10.0
fasterrcnn,cate8-00065,22,23,closed,9,10,15,15,9,10.0,10.0
fasterrcnn,cate8-00065,33,34,open,18,19,0,13,19,19.0,18.0
fasterrcnn,cate8-00065,33,34,half,18,19,6,13,18,19.0,19.0
fasterrcnn,cate8-00065,33,34,closed,18,19,13,13,17,19.0,18.0
fasterrcnn,cate8-00065,44,45,open,27,28,0,15,28,28.0,28.0
fasterrcnn,cate8-00065,44,45,half,27,28,8,15,27,28.0,28.0
fasterrcnn,cate8-00065,44,45,closed,27,28,15,15,27,28.0,27.0
fasterrcnn,cate8-00107,33,34,open,18,19,0,19,19,19.0,19.0
fasterrcnn,cate8-00107,33,34,half,18,19,10,19,19,19.0,19.0
fasterrcnn,cate8-00107,33,34,closed,18,19,19,19,19,19.0,18.0
fasterrcnn,cate8-00107,13,14,open,2,3,0,21,3,3.0,3.0
fasterrcnn,cate8-00107,13,14,half,2,3,10,21,3,3.0,3.0
fasterrcnn,cate8-00107,13,14,closed,2,3,21,21,2,3.0,3.0
fasterrcnn,cate8-00107,25,26,open,12,13,0,16,13,13.0,13.0
fasterrcnn,cate8-00107,25,26,half,12,13,8,16,13,13.0,13.0
fasterrcnn,cate8-00107,25,26,closed,12,13,16,16,13,13.0,13.0
fasterrcnn,cate8-00155,31,32,open,16,17,0,14,16,17.0,17.0
fasterrcnn,cate8-00155,31,32,half,16,17,7,14,16,17.0,17.0
fasterrcnn,cate8-00155,31,32,closed,16,17,14,14,16,17.0,16.0
fasterrcnn,cate8-00155,45,46,open,28,29,0,24,30,29.0,30.0
fasterrcnn,cate8-00155,45,46,half,28,29,12,24,29,29.0,29.0
fasterrcnn,cate8-00155,45,46,closed,28,29,24,24,29,29.0,29.0
fasterrcnn,cate8-00155,12,13,open,1,2,0,19,3,2.0,2.0
fasterrcnn,cate8-00155,12,13,half,1,2,10,19,3,2.0,2.0
fasterrcnn,cate8-00155,12,13,closed,1,2,19,19,2,2.0,2.0
fasterrcnn,cate8-00161,33,34,open,18,19,0,17,19,20.0,
fasterrcnn,cate8-00161,33,34,half,18,19,8,17,18,20.0,19.0
fasterrcnn,cate8-00161,33,34,closed,18,19,17,17,17,20.0,19.0
fasterrcnn,cate8-00161,31,32,open,16,17,0,12,17,17.0,18.0
fasterrcnn,cate8-00161,31,32,half,16,17,6,12,16,17.0,19.0
fasterrcnn,cate8-00161,31,32,closed,16,17,12,12,16,17.0,19.0
fasterrcnn,cate8-00161,42,43,open,25,26,0,12,26,,
fasterrcnn,cate8-00161,42,43,half,25,26,6,12,26,,27.0
fasterrcnn,cate8-00161,42,43,closed,25,26,12,12,25,,27.0
fasterrcnn,cate8-00173,13,14,open,2,3,0,16,3,3.0,4.0
fasterrcnn,cate8-00173,13,14,half,2,3,8,16,3,3.0,3.0
fasterrcnn,cate8-00173,13,14,closed,2,3,16,16,3,3.0,3.0
fasterrcnn,cate8-00173,35,36,open,20,21,0,17,22,21.0,21.0
fasterrcnn,cate8-00173,35,36,half,20,21,8,17,21,21.0,21.0
fasterrcnn,cate8-00173,35,36,closed,20,21,17,17,21,21.0,21.0
fasterrcnn,cate8-00173,27,28,open,14,15,0,28,15,15.0,15.0
fasterrcnn,cate8-00173,27,28,half,14,15,14,28,15,15.0,15.0
fasterrcnn,cate8-00173,27,28,closed,14,15,28,28,15,15.0,15.0
fasterrcnn,cate8-00195,15,16,open,4,5,0,17,5,5.0,14.0
fasterrcnn,cate8-00195,15,16,half,4,5,8,17,5,5.0,6.0
fasterrcnn,cate8-00195,15,16,closed,4,5,17,17,5,5.0,6.0
fasterrcnn,cate8-00202,36,37,open,21,22,0,36,22,22.0,22.0
fasterrcnn,cate8-00202,36,37,half,21,22,18,36,22,22.0,22.0
fasterrcnn,cate8-00202,36,37,closed,21,22,36,36,21,22.0,21.0
fasterrcnn,cate8-00202,41,42,open,24,25,0,10,25,25.0,25.0
fasterrcnn,cate8-00202,41,42,half,24,25,5,10,25,25.0,25.0
fasterrcnn,cate8-00202,41,42,closed,24,25,10,10,24,25.0,25.0
fasterrcnn,cate8-00202,44,45,open,27,28,0,25,28,28.0,28.0
fasterrcnn,cate8-00202,44,45,half,27,28,12,25,28,28.0,28.0
fasterrcnn,cate8-00202,44,45,closed,27,28,25,25,27,28.0,27.0
fasterrcnn,cate8-00203,14,15,open,3,4,0,19,4,4.0,4.0
fasterrcnn,cate8-00203,14,15,half,3,4,10,19,4,4.0,4.0
fasterrcnn,cate8-00203,14,15,closed,3,4,19,19,4,4.0,3.0
fasterrcnn,cate8-00203,25,26,open,12,13,0,20,13,13.0,13.0
fasterrcnn,cate8-00203,25,26,half,12,13,10,20,13,13.0,13.0
fasterrcnn,cate8-00203,25,26,closed,12,13,20,20,13,13.0,13.0
fasterrcnn,cate8-00203,26,27,open,13,14,0,29,14,14.0,14.0
fasterrcnn,cate8-00203,26,27,half,13,14,14,29,14,14.0,14.0
fasterrcnn,cate8-00203,26,27,closed,13,14,29,29,13,14.0,13.0
fasterrcnn,cate8-00209,43,44,open,26,27,0,21,27,27.0,27.0
fasterrcnn,cate8-00209,43,44,half,26,27,10,21,26,27.0,27.0
fasterrcnn,cate8-00209,43,44,closed,26,27,21,21,26,27.0,27.0
fasterrcnn,cate8-00209,25,26,open,12,13,0,16,13,,
fasterrcnn,cate8-00209,25,26,half,12,13,8,16,13,,
fasterrcnn,cate8-00209,25,26,closed,12,13,16,16,13,,
fasterrcnn,cate8-00209,26,27,open,13,14,0,26,14,14.0,14.0
fasterrcnn,cate8-00209,26,27,half,13,14,13,26,14,14.0,14.0
fasterrcnn,cate8-00209,26,27,closed,13,14,26,26,14,14.0,13.0
fasterrcnn,cate8-00231,44,45,open,27,28,0,22,28,28.0,28.0
fasterrcnn,cate8-00231,44,45,half,27,28,11,22,28,28.0,28.0
fasterrcnn,cate8-00231,44,45,closed,27,28,22,22,27,28.0,27.0
fasterrcnn,cate8-00231,12,13,open,1,2,0,15,2,2.0,2.0
fasterrcnn,cate8-00231,12,13,half,1,2,8,15,1,2.0,2.0
fasterrcnn,cate8-00231,12,13,closed,1,2,15,15,1,2.0,2.0
fasterrcnn,cate8-00231,34,35,open,19,20,0,21,20,19.0,19.0
fasterrcnn,cate8-00231,34,35,half,19,20,10,21,19,19.0,19.0
fasterrcnn,cate8-00231,34,35,closed,19,20,21,21,18,19.0,19.0
fasterrcnn,cate8-00251,16,17,open,5,6,0,25,5,6.0,6.0
fasterrcnn,cate8-00251,16,17,half,5,6,12,25,5,6.0,5.0
fasterrcnn,cate8-00251,16,17,closed,5,6,25,25,5,6.0,5.0
fasterrcnn,cate8-00251,26,27,open,13,14,0,26,14,14.0,14.0
fasterrcnn,cate8-00251,26,27,half,13,14,13,26,14,14.0,14.0
fasterrcnn,cate8-00251,26,27,closed,13,14,26,26,12,14.0,13.0
fasterrcnn,cate8-00251,21,22,open,8,9,0,16,9,9.0,9.0
fasterrcnn,cate8-00251,21,22,half,8,9,8,16,9,9.0,8.0
fasterrcnn,cate8-00251,21,22,closed,8,9,16,16,8,9.0,8.0
fasterrcnn,cate8-00263,34,35,open,19,20,0,16,19,20.0,20.0
fasterrcnn,cate8-00263,34,35,half,19,20,8,16,19,20.0,20.0
fasterrcnn,cate8-00263,34,35,closed,19,20,16,16,19,20.0,20.0
fasterrcnn,cate8-00263,44,45,open,27,28,0,10,27,28.0,28.0
fasterrcnn,cate8-00263,44,45,half,27,28,5,10,27,28.0,28.0
fasterrcnn,cate8-00263,44,45,closed,27,28,10,10,27,28.0,28.0
fasterrcnn,cate8-00263,41,42,open,24,25,0,12,25,25.0,25.0
fasterrcnn,cate8-00263,41,42,half,24,25,6,12,24,25.0,25.0
fasterrcnn,cate8-00263,41,42,closed,24,25,12,12,24,25.0,24.0
fasterrcnn,cate8-00269,32,33,open,17,18,0,23,18,18.0,18.0
fasterrcnn,cate8-00269,32,33,half,17,18,12,23,18,18.0,18.0
fasterrcnn,cate8-00269,32,33,closed,17,18,23,23,17,18.0,18.0
fasterrcnn,cate8-00269,27,28,open,14,15,0,20,15,15.0,15.0
fasterrcnn,cate8-00269,27,28,half,14,15,10,20,14,15.0,15.0
fasterrcnn,cate8-00269,27,28,closed,14,15,20,20,14,15.0,15.0
fasterrcnn,cate8-00269,11,12,open,0,1,0,19,1,1.0,1.0
fasterrcnn,cate8-00269,11,12,half,0,1,10,19,0,1.0,0.0
fasterrcnn,cate8-00269,11,12,closed,0,1,19,19,0,1.0,0.0
fasterrcnn,cate8-00275,31,32,open,16,17,0,21,16,17.0,17.0
fasterrcnn,cate8-00275,31,32,half,16,17,10,21,16,17.0,17.0
fasterrcnn,cate8-00275,31,32,closed,16,17,21,21,24,17.0,17.0
fasterrcnn,cate8-00275,25,26,open,12,13,0,14,12,13.0,14.0
fasterrcnn,cate8-00275,25,26,half,12,13,7,14,12,13.0,13.0
fasterrcnn,cate8-00275,25,26,closed,12,13,14,14,12,13.0,13.0
fasterrcnn,cate8-00275,15,16,open,4,5,0,15,6,6.0,6.0
fasterrcnn,cate8-00275,15,16,half,4,5,8,15,6,6.0,5.0
fasterrcnn,cate8-00275,15,16,closed,4,5,15,15,6,6.0,5.0
fasterrcnn,cate8-00303,42,43,open,25,26,0,20,26,26.0,26.0
fasterrcnn,cate8-00303,42,43,half,25,26,10,20,26,26.0,26.0
fasterrcnn,cate8-00303,42,43,closed,25,26,20,20,25,26.0,26.0
fasterrcnn,cate8-00303,34,35,open,19,20,0,24,20,20.0,20.0
fasterrcnn,cate8-00303,34,35,half,19,20,12,24,20,20.0,20.0
fasterrcnn,cate8-00303,34,35,closed,19,20,24,24,20,20.0,20.0
fasterrcnn,cate8-00303,32,33,open,17,18,0,19,19,18.0,18.0
fasterrcnn,cate8-00303,32,33,half,17,18,10,19,18,18.0,18.0
fasterrcnn,cate8-00303,32,33,closed,17,18,19,19,17,18.0,18.0
fasterrcnn,cate8-00311,32,33,open,17,18,0,20,19,18.0,18.0
fasterrcnn,cate8-00311,32,33,half,17,18,10,20,18,18.0,18.0
fasterrcnn,cate8-00311,32,33,closed,17,18,20,20,18,18.0,17.0
fasterrcnn,cate8-00311,46,47,open,29,30,0,45,31,31.0,30.0
fasterrcnn,cate8-00311,46,47,half,29,30,22,45,30,31.0,30.0
fasterrcnn,cate8-00311,46,47,closed,29,30,45,45,30,31.0,30.0
fasterrcnn,cate8-00311,22,23,open,9,10,0,21,10,10.0,10.0
fasterrcnn,cate8-00311,22,23,half,9,10,10,21,10,10.0,10.0
fasterrcnn,cate8-00311,22,23,closed,9,10,21,21,9,10.0,10.0
fasterrcnn,cate8-00365,31,32,open,16,17,0,12,17,17.0,
fasterrcnn,cate8-00365,31,32,half,16,17,6,12,17,17.0,17.0
fasterrcnn,cate8-00365,31,32,closed,16,17,12,12,17,17.0,17.0
fasterrcnn,cate8-00365,12,13,open,1,2,0,19,2,2.0,2.0
fasterrcnn,cate8-00365,12,13,half,1,2,10,19,2,2.0,2.0
fasterrcnn,cate8-00365,12,13,closed,1,2,19,19,1,2.0,2.0
fasterrcnn,cate8-00365,27,28,open,14,15,0,20,15,15.0,15.0
fasterrcnn,cate8-00365,27,28,half,14,15,10,20,15,15.0,15.0
fasterrcnn,cate8-00365,27,28,closed,14,15,20,20,15,15.0,15.0
fasterrcnn,cate8-00368,12,13,open,1,2,0,15,1,2.0,2.0
fasterrcnn,cate8-00368,12,13,half,1,2,8,15,1,2.0,2.0
fasterrcnn,cate8-00368,12,13,closed,1,2,15,15,1,2.0,1.0
fasterrcnn,cate8-00368,21,22,open,8,9,0,20,9,9.0,9.0
fasterrcnn,cate8-00368,21,22,half,8,9,10,20,8,9.0,9.0
fasterrcnn,cate8-00368,21,22,closed,8,9,20,20,8,9.0,8.0
fasterrcnn,cate8-00368,32,33,open,17,18,0,13,18,18.0,18.0
fasterrcnn,cate8-00368,32,33,half,17,18,6,13,18,18.0,18.0
fasterrcnn,cate8-00368,32,33,closed,17,18,13,13,17,18.0,17.0
fasterrcnn,cate8-00389,21,22,open,8,9,0,25,9,9.0,9.0
fasterrcnn,cate8-00389,21,22,half,8,9,12,25,9,9.0,9.0
fasterrcnn,cate8-00389,21,22,closed,8,9,25,25,8,9.0,8.0
fasterrcnn,cate8-00389,11,12,open,0,1,0,25,1,1.0,2.0
fasterrcnn,cate8-00389,11,12,half,0,1,12,25,0,1.0,2.0
fasterrcnn,cate8-00389,11,12,closed,0,1,25,25,8,1.0,2.0
fasterrcnn,cate8-00389,32,33,open,17,18,0,13,18,18.0,18.0
fasterrcnn,cate8-00389,32,33,half,17,18,6,13,18,18.0,18.0
fasterrcnn,cate8-00389,32,33,closed,17,18,13,13,17,18.0,17.0
fasterrcnn,cate8-00395,26,27,open,13,14,0,26,13,14.0,14.0
fasterrcnn,cate8-00395,26,27,half,13,14,13,26,13,14.0,14.0
fasterrcnn,cate8-00395,26,27,closed,13,14,26,26,13,14.0,13.0
fasterrcnn,cate8-00395,42,43,open,25,26,0,15,26,26.0,26.0
fasterrcnn,cate8-00395,42,43,half,25,26,8,15,25,26.0,26.0
fasterrcnn,cate8-00395,42,43,closed,25,26,15,15,25,26.0,26.0
fasterrcnn,cate8-00395,16,17,open,5,6,0,28,5,6.0,6.0
fasterrcnn,cate8-00395,16,17,half,5,6,14,28,5,6.0,6.0
fasterrcnn,cate8-00395,16,17,closed,5,6,28,28,5,6.0,6.0
fasterrcnn,cate8-00397,42,43,open,25,26,0,19,26,26.0,26.0
fasterrcnn,cate8-00397,42,43,half,25,26,10,19,26,26.0,26.0
fasterrcnn,cate8-00397,42,43,closed,25,26,19,19,26,26.0,26.0
fasterrcnn,cate8-00397,32,33,open,17,18,0,18,18,18.0,19.0
fasterrcnn,cate8-00397,32,33,half,17,18,9,18,18,18.0,18.0
fasterrcnn,cate8-00397,32,33,closed,17,18,18,18,18,18.0,18.0
fasterrcnn,cate8-00397,15,16,open,4,5,0,12,5,5.0,5.0
fasterrcnn,cate8-00397,15,16,half,4,5,6,12,5,5.0,5.0
fasterrcnn,cate8-00397,15,16,closed,4,5,12,12,5,5.0,5.0
fasterrcnn,cate8-00413,17,18,open,6,7,0,26,7,7.0,7.0
fasterrcnn,cate8-00413,17,18,half,6,7,13,26,7,7.0,7.0
fasterrcnn,cate8-00413,17,18,closed,6,7,26,26,7,7.0,7.0
fasterrcnn,cate8-00413,15,16,open,4,5,0,20,4,5.0,5.0
fasterrcnn,cate8-00413,15,16,half,4,5,10,20,4,5.0,5.0
fasterrcnn,cate8-00413,15,16,closed,4,5,20,20,4,5.0,5.0
fasterrcnn,cate8-00413,13,14,open,2,3,0,19,3,3.0,3.0
fasterrcnn,cate8-00413,13,14,half,2,3,10,19,3,3.0,3.0
fasterrcnn,cate8-00413,13,14,closed,2,3,19,19,1,3.0,2.0
fasterrcnn,cate8-00426,11,12,open,0,1,0,22,1,1.0,1.0
fasterrcnn,cate8-00426,11,12,half,0,1,11,22,1,1.0,1.0
fasterrcnn,cate8-00426,11,12,closed,0,1,22,22,0,1.0,0.0
fasterrcnn,cate8-00426,22,23,open,9,10,0,15,9,10.0,10.0
fasterrcnn,cate8-00426,22,23,half,9,10,8,15,9,10.0,10.0
fasterrcnn,cate8-00426,22,23,closed,9,10,15,15,9,10.0,9.0
fasterrcnn,cate8-00426,15,16,open,4,5,0,19,4,5.0,5.0
fasterrcnn,cate8-00426,15,16,half,4,5,10,19,3,5.0,5.0
fasterrcnn,cate8-00426,15,16,closed,4,5,19,19,3,5.0,5.0
fasterrcnn,cate8-00455,14,15,open,3,4,0,17,4,4.0,4.0
fasterrcnn,cate8-00455,14,15,half,3,4,8,17,4,4.0,4.0
fasterrcnn,cate8-00455,14,15,closed,3,4,17,17,3,4.0,3.0
fasterrcnn,cate8-00455,12,13,open,1,2,0,15,2,2.0,2.0
fasterrcnn,cate8-00455,12,13,half,1,2,8,15,2,2.0,2.0
fasterrcnn,cate8-00455,12,13,closed,1,2,15,15,1,2.0,2.0
fasterrcnn,cate8-00455,45,46,open,28,29,0,16,29,29.0,29.0
fasterrcnn,cate8-00455,45,46,half,28,29,8,16,29,29.0,29.0
fasterrcnn,cate8-00455,45,46,closed,28,29,16,16,29,29.0,29.0
fasterrcnn,cate9-00004,15,16,open,4,5,0,12,5,5.0,5.0
fasterrcnn,cate9-00004,15,16,half,4,5,6,12,5,5.0,5.0
fasterrcnn,cate9-00004,15,16,closed,4,5,12,12,5,5.0,5.0
fasterrcnn,cate9-00004,42,43,open,25,26,0,15,27,26.0,27.0
fasterrcnn,cate9-00004,42,43,half,25,26,8,15,26,26.0,26.0
fasterrcnn,cate9-00004,42,43,closed,25,26,15,15,26,26.0,26.0
fasterrcnn,cate9-00004,33,34,open,18,19,0,16,19,19.0,19.0
fasterrcnn,cate9-00004,33,34,half,18,19,8,16,18,19.0,19.0
fasterrcnn,cate9-00004,33,34,closed,18,19,16,16,17,19.0,19.0
fasterrcnn,cate9-00034,46,47,open,29,30,0,36,30,30.0,30.0
fasterrcnn,cate9-00034,46,47,half,29,30,18,36,29,30.0,30.0
fasterrcnn,cate9-00034,46,47,closed,29,30,36,36,29,30.0,30.0
fasterrcnn,cate9-00034,11,12,open,0,1,0,17,1,1.0,1.0
fasterrcnn,cate9-00034,11,12,half,0,1,8,17,0,1.0,1.0
fasterrcnn,cate9-00034,11,12,closed,0,1,17,17,0,1.0,0.0
fasterrcnn,cate9-00034,27,28,open,14,15,0,38,15,15.0,15.0
fasterrcnn,cate9-00034,27,28,half,14,15,19,38,12,15.0,15.0
fasterrcnn,cate9-00034,27,28,closed,14,15,38,38,12,15.0,15.0
fasterrcnn,cate1-00002,34,35,open,19,20,0,23,20,20.0,20.0
fasterrcnn,cate1-00002,34,35,half,19,20,12,23,19,20.0,20.0
fasterrcnn,cate1-00002,34,35,closed,19,20,23,23,19,20.0,19.0
fasterrcnn,cate1-00002,31,32,open,16,17,0,12,17,17.0,17.0
fasterrcnn,cate1-00002,31,32,half,16,17,6,12,17,17.0,17.0
fasterrcnn,cate1-00002,31,32,closed,16,17,12,12,17,17.0,17.0
fasterrcnn,cate1-00002,42,43,open,25,26,0,17,26,26.0,26.0
fasterrcnn,cate1-00002,42,43,half,25,26,8,17,26,26.0,26.0
fasterrcnn,cate1-00002,42,43,closed,25,26,17,17,26,26.0,26.0
fasterrcnn,cate1-00005,11,12,open,0,1,0,21,1,1.0,1.0
fasterrcnn,cate1-00005,11,12,half,0,1,10,21,0,1.0,1.0
fasterrcnn,cate1-00005,11,12,closed,0,1,21,21,0,1.0,1.0
fasterrcnn,cate1-00005,13,14,open,2,3,0,17,3,3.0,3.0
fasterrcnn,cate1-00005,13,14,half,2,3,8,17,3,3.0,3.0
fasterrcnn,cate1-00005,13,14,closed,2,3,17,17,2,3.0,3.0
fasterrcnn,cate1-00005,12,13,open,1,2,0,18,2,2.0,2.0
fasterrcnn,cate1-00005,12,13,half,1,2,9,18,1,2.0,2.0
fasterrcnn,cate1-00005,12,13,closed,1,2,18,18,1,2.0,2.0
fasterrcnn,cate1-00020,15,16,open,4,5,0,12,5,5.0,5.0
fasterrcnn,cate1-00020,15,16,half,4,5,6,12,5,5.0,5.0
fasterrcnn,cate1-00020,15,16,closed,4,5,12,12,5,5.0,5.0
fasterrcnn,cate1-00020,42,43,open,25,26,0,13,26,26.0,26.0
fasterrcnn,cate1-00020,42,43,half,25,26,6,13,25,26.0,26.0
fasterrcnn,cate1-00020,42,43,closed,25,26,13,13,25,26.0,26.0
fasterrcnn,cate1-00020,13,14,open,2,3,0,20,3,3.0,3.0
fasterrcnn,cate1-00020,13,14,half,2,3,10,20,3,3.0,3.0
fasterrcnn,cate1-00020,13,14,closed,2,3,20,20,1,3.0,2.0
fasterrcnn,cate1-00023,22,23,open,9,10,0,16,10,10.0,10.0
fasterrcnn,cate1-00023,22,23,half,9,10,8,16,10,10.0,10.0
fasterrcnn,cate1-00023,22,23,closed,9,10,16,16,9,10.0,10.0
fasterrcnn,cate1-00023,31,32,open,16,17,0,14,17,17.0,17.0
fasterrcnn,cate1-00023,31,32,half,16,17,7,14,17,17.0,17.0
fasterrcnn,cate1-00023,31,32,closed,16,17,14,14,17,17.0,17.0
fasterrcnn,cate1-00023,13,14,open,2,3,0,16,3,3.0,
fasterrcnn,cate1-00023,13,14,half,2,3,8,16,3,3.0,
fasterrcnn,cate1-00023,13,14,closed,2,3,16,16,1,3.0,3.0
fasterrcnn,cate1-00065,13,14,open,2,3,0,20,3,3.0,3.0
fasterrcnn,cate1-00065,13,14,half,2,3,10,20,2,3.0,3.0
fasterrcnn,cate1-00065,13,14,closed,2,3,20,20,2,3.0,3.0
fasterrcnn,cate1-00065,42,43,open,25,26,0,17,26,26.0,26.0
fasterrcnn,cate1-00065,42,43,half,25,26,8,17,26,26.0,26.0
fasterrcnn,cate1-00065,42,43,closed,25,26,17,17,25,26.0,26.0
fasterrcnn,cate1-00065,12,13,open,1,2,0,14,2,2.0,2.0
fasterrcnn,cate1-00065,12,13,half,1,2,7,14,1,2.0,2.0
fasterrcnn,cate1-00065,12,13,closed,1,2,14,14,1,2.0,2.0
fasterrcnn,cate10-00030,31,32,open,16,17,0,14,17,17.0,17.0
fasterrcnn,cate10-00030,31,32,half,16,17,7,14,16,17.0,16.0
fasterrcnn,cate10-00030,31,32,closed,16,17,14,14,16,17.0,16.0
fasterrcnn,cate10-00030,32,33,open,17,18,0,14,18,18.0,18.0
fasterrcnn,cate10-00030,32,33,half,17,18,7,14,17,18.0,18.0
fasterrcnn,cate10-00030,32,33,closed,17,18,14,14,17,18.0,18.0
fasterrcnn,cate10-00030,41,42,open,24,25,0,9,25,25.0,25.0
fasterrcnn,cate10-00030,41,42,half,24,25,4,9,25,25.0,25.0
fasterrcnn,cate10-00030,41,42,closed,24,25,9,9,25,25.0,24.0
fasterrcnn,cate10-00049,31,32,open,16,17,0,13,17,17.0,17.0
fasterrcnn,cate10-00049,31,32,half,16,17,6,13,16,17.0,17.0
fasterrcnn,cate10-00049,31,32,closed,16,17,13,13,16,17.0,16.0
fasterrcnn,cate10-00049,44,45,open,27,28,0,17,28,28.0,28.0
fasterrcnn,cate10-00049,44,45,half,27,28,8,17,27,28.0,28.0
fasterrcnn,cate10-00049,44,45,closed,27,28,17,17,27,28.0,27.0
fasterrcnn,cate10-00049,42,43,open,25,26,0,13,26,26.0,26.0
fasterrcnn,cate10-00049,42,43,half,25,26,6,13,26,26.0,26.0
fasterrcnn,cate10-00049,42,43,closed,25,26,13,13,25,26.0,26.0
fasterrcnn,cate10-00060,13,14,open,2,3,0,17,3,3.0,3.0
fasterrcnn,cate10-00060,13,14,half,2,3,8,17,3,3.0,4.0
fasterrcnn,cate10-00060,13,14,closed,2,3,17,17,3,3.0,
fasterrcnn,cate10-00060,34,35,open,19,20,0,29,21,21.0,21.0
fasterrcnn,cate10-00060,34,35,half,19,20,14,29,20,21.0,20.0
fasterrcnn,cate10-00060,34,35,closed,19,20,29,29,20,21.0,20.0
fasterrcnn,cate10-00060,43,44,open,26,27,0,26,27,28.0,28.0
fasterrcnn,cate10-00060,43,44,half,26,27,13,26,27,28.0,27.0
fasterrcnn,cate10-00060,43,44,closed,26,27,26,26,26,28.0,27.0
fasterrcnn,cate10-00063,35,36,open,20,21,0,19,21,21.0,21.0
fasterrcnn,cate10-00063,35,36,half,20,21,10,19,21,21.0,21.0
fasterrcnn,cate10-00063,35,36,closed,20,21,19,19,20,21.0,21.0
fasterrcnn,cate10-00063,25,26,open,12,13,0,19,13,13.0,13.0
fasterrcnn,cate10-00063,25,26,half,12,13,10,19,13,13.0,13.0
fasterrcnn,cate10-00063,25,26,closed,12,13,19,19,13,13.0,13.0
fasterrcnn,cate10-00063,32,33,open,17,18,0,17,18,18.0,18.0
fasterrcnn,cate10-00063,32,33,half,17,18,8,17,18,18.0,17.0
fasterrcnn,cate10-00063,32,33,closed,17,18,17,17,16,18.0,17.0
fasterrcnn,cate10-00066,34,35,open,19,20,0,11,18,19.0,19.0
fasterrcnn,cate10-00066,34,35,half,19,20,6,11,18,19.0,19.0
fasterrcnn,cate10-00066,34,35,closed,19,20,11,11,18,19.0,19.0
fasterrcnn,cate10-00066,33,34,open,18,19,0,16,18,19.0,19.0
fasterrcnn,cate10-00066,33,34,half,18,19,8,16,18,19.0,18.0
fasterrcnn,cate10-00066,33,34,closed,18,19,16,16,16,19.0,27.0
fasterrcnn,cate10-00066,32,33,open,17,18,0,11,16,18.0,18.0
fasterrcnn,cate10-00066,32,33,half,17,18,6,11,16,18.0,25.0
fasterrcnn,cate10-00066,32,33,closed,17,18,11,11,16,18.0,17.0
fasterrcnn,cate10-00070,36,37,open,21,22,0,27,21,21.0,21.0
fasterrcnn,cate10-00070,36,37,half,21,22,14,27,21,21.0,21.0
fasterrcnn,cate10-00070,36,37,closed,21,22,27,27,21,21.0,21.0
fasterrcnn,cate10-00070,37,38,open,22,23,0,35,22,22.0,22.0
fasterrcnn,cate10-00070,37,38,half,22,23,18,35,22,22.0,22.0
fasterrcnn,cate10-00070,37,38,closed,22,23,35,35,21,22.0,22.0
fasterrcnn,cate10-00070,13,14,open,2,3,0,13,3,2.0,2.0
fasterrcnn,cate10-00070,13,14,half,2,3,6,13,3,2.0,2.0
fasterrcnn,cate10-00070,13,14,closed,2,3,13,13,2,2.0,2.0
fasterrcnn,cate10-00108,16,17,open,5,6,0,30,6,6.0,6.0
fasterrcnn,cate10-00108,16,17,half,5,6,15,30,6,6.0,5.0
fasterrcnn,cate10-00108,16,17,closed,5,6,30,30,6,6.0,5.0
fasterrcnn,cate10-00108,44,45,open,27,28,0,18,28,28.0,28.0
fasterrcnn,cate10-00108,44,45,half,27,28,9,18,28,28.0,28.0
fasterrcnn,cate10-00108,44,45,closed,27,28,18,18,27,28.0,27.0
fasterrcnn,cate10-00108,23,24,open,10,11,0,17,12,11.0,11.0
fasterrcnn,cate10-00108,23,24,half,10,11,8,17,12,11.0,11.0
fasterrcnn,cate10-00108,23,24,closed,10,11,17,17,11,11.0,11.0
fasterrcnn,cate2-00002,46,47,open,29,30,0,30,30,30.0,29.0
fasterrcnn,cate2-00002,46,47,half,29,30,15,30,30,30.0,29.0
fasterrcnn,cate2-00002,46,47,closed,29,30,30,30,29,30.0,29.0
fasterrcnn,cate2-00002,42,43,open,25,26,0,17,26,26.0,26.0
fasterrcnn,cate2-00002,42,43,half,25,26,8,17,26,26.0,26.0
fasterrcnn,cate2-00002,42,43,closed,25,26,17,17,26,26.0,26.0
fasterrcnn,cate2-00002,11,12,open,0,1,0,21,1,1.0,1.0
fasterrcnn,cate2-00002,11,12,half,0,1,10,21,0,1.0,0.0
fasterrcnn,cate2-00002,11,12,closed,0,1,21,21,0,1.0,0.0
fasterrcnn,cate2-00009,24,25,open,11,12,0,13,12,12.0,
fasterrcnn,cate2-00009,24,25,half,11,12,6,13,11,12.0,12.0
fasterrcnn,cate2-00009,24,25,closed,11,12,13,13,11,12.0,11.0
fasterrcnn,cate2-00009,12,13,open,1,2,0,17,1,2.0,2.0
fasterrcnn,cate2-00009,12,13,half,1,2,8,17,1,2.0,2.0
fasterrcnn,cate2-00009,12,13,closed,1,2,17,17,1,2.0,2.0
fasterrcnn,cate2-00009,26,27,open,13,14,0,25,15,14.0,14.0
fasterrcnn,cate2-00009,26,27,half,13,14,12,25,13,14.0,14.0
fasterrcnn,cate2-00009,26,27,closed,13,14,25,25,13,14.0,13.0
fasterrcnn,cate2-00018,14,15,open,3,4,0,11,3,3.0,
fasterrcnn,cate2-00018,14,15,half,3,4,6,11,3,3.0,4.0
fasterrcnn,cate2-00018,14,15,closed,3,4,11,11,3,3.0,3.0
fasterrcnn,cate2-00018,26,27,open,13,14,0,24,14,14.0,14.0
fasterrcnn,cate2-00018,26,27,half,13,14,12,24,13,14.0,13.0
fasterrcnn,cate2-00018,26,27,closed,13,14,24,24,13,14.0,13.0
fasterrcnn,cate2-00018,13,14,open,2,3,0,16,3,3.0,3.0
fasterrcnn,cate2-00018,13,14,half,2,3,8,16,2,3.0,2.0
fasterrcnn,cate2-00018,13,14,closed,2,3,16,16,2,3.0,3.0
fasterrcnn,cate2-00021,32,33,open,17,18,0,12,17,18.0,17.0
fasterrcnn,cate2-00021,32,33,half,17,18,6,12,17,18.0,17.0
fasterrcnn,cate2-00021,32,33,closed,17,18,12,12,17,18.0,17.0
fasterrcnn,cate2-00021,37,38,open,22,23,0,32,23,23.0,23.0
fasterrcnn,cate2-00021,37,38,half,22,23,16,32,23,23.0,23.0
fasterrcnn,cate2-00021,37,38,closed,22,23,32,32,23,23.0,23.0
fasterrcnn,cate2-00021,16,17,open,5,6,0,30,6,6.0,6.0
fasterrcnn,cate2-00021,16,17,half,5,6,15,30,6,6.0,6.0
fasterrcnn,cate2-00021,16,17,closed,5,6,30,30,5,6.0,5.0
fasterrcnn,cate2-00022,22,23,open,9,10,0,15,10,10.0,10.0
fasterrcnn,cate2-00022,22,23,half,9,10,8,15,10,10.0,10.0
fasterrcnn,cate2-00022,22,23,closed,9,10,15,15,10,10.0,10.0
fasterrcnn,cate2-00022,31,32,open,16,17,0,16,18,18.0,18.0
fasterrcnn,cate2-00022,31,32,half,16,17,8,16,17,18.0,18.0
fasterrcnn,cate2-00022,31,32,closed,16,17,16,16,17,18.0,17.0
fasterrcnn,cate2-00022,36,37,open,21,22,0,34,22,22.0,22.0
fasterrcnn,cate2-00022,36,37,half,21,22,17,34,22,22.0,22.0
fasterrcnn,cate2-00022,36,37,closed,21,22,34,34,21,22.0,22.0
fasterrcnn,cate2-00031,13,14,open,2,3,0,15,3,3.0,3.0
fasterrcnn,cate2-00031,13,14,half,2,3,8,15,3,3.0,3.0
fasterrcnn,cate2-00031,13,14,closed,2,3,15,15,3,3.0,3.0
fasterrcnn,cate2-00031,22,23,open,9,10,0,20,11,10.0,10.0
fasterrcnn,cate2-00031,22,23,half,9,10,10,20,9,10.0,10.0
fasterrcnn,cate2-00031,22,23,closed,9,10,20,20,8,10.0,10.0
fasterrcnn,cate2-00031,25,26,open,12,13,0,16,13,13.0,13.0
fasterrcnn,cate2-00031,25,26,half,12,13,8,16,13,13.0,13.0
fasterrcnn,cate2-00031,25,26,closed,12,13,16,16,13,13.0,13.0
fasterrcnn,cate2-00038,27,28,open,14,15,0,14,15,15.0,15.0
fasterrcnn,cate2-00038,27,28,half,14,15,7,14,15,15.0,15.0
fasterrcnn,cate2-00038,27,28,closed,14,15,14,14,15,15.0,15.0
fasterrcnn,cate2-00038,36,37,open,21,22,0,34,22,22.0,22.0
fasterrcnn,cate2-00038,36,37,half,21,22,17,34,21,22.0,22.0
fasterrcnn,cate2-00038,36,37,closed,21,22,34,34,21,22.0,21.0
fasterrcnn,cate2-00038,47,48,open,30,31,0,33,31,31.0,31.0
fasterrcnn,cate2-00038,47,48,half,30,31,16,33,31,31.0,31.0
fasterrcnn,cate2-00038,47,48,closed,30,31,33,33,30,31.0,31.0
fasterrcnn,cate2-00040,36,37,open,21,22,0,35,22,22.0,22.0
fasterrcnn,cate2-00040,36,37,half,21,22,18,35,22,22.0,22.0
fasterrcnn,cate2-00040,36,37,closed,21,22,35,35,21,22.0,21.0
fasterrcnn,cate2-00040,46,47,open,29,30,0,29,30,30.0,30.0
fasterrcnn,cate2-00040,46,47,half,29,30,14,29,30,30.0,30.0
fasterrcnn,cate2-00040,46,47,closed,29,30,29,29,29,30.0,30.0
fasterrcnn,cate2-00040,41,42,open,24,25,0,13,25,25.0,25.0
fasterrcnn,cate2-00040,41,42,half,24,25,6,13,25,25.0,25.0
fasterrcnn,cate2-00040,41,42,closed,24,25,13,13,24,25.0,24.0
fasterrcnn,cate2-00107,25,26,open,12,13,0,19,13,13.0,13.0
fasterrcnn,cate2-00107,25,26,half,12,13,10,19,13,13.0,13.0
fasterrcnn,cate2-00107,25,26,closed,12,13,19,19,13,13.0,13.0
fasterrcnn,cate2-00107,11,12,open,0,1,0,17,1,1.0,1.0
fasterrcnn,cate2-00107,11,12,half,0,1,8,17,0,1.0,1.0
fasterrcnn,cate2-00107,11,12,closed,0,1,17,17,0,1.0,1.0
fasterrcnn,cate2-00107,26,27,open,13,14,0,30,14,14.0,14.0
fasterrcnn,cate2-00107,26,27,half,13,14,15,30,14,14.0,14.0
fasterrcnn,cate2-00107,26,27,closed,13,14,30,30,14,14.0,13.0
fasterrcnn,cate2-00111,23,24,open,10,11,0,18,11,12.0,13.0
fasterrcnn,cate2-00111,23,24,half,10,11,9,18,11,12.0,11.0
fasterrcnn,cate2-00111,23,24,closed,10,11,18,18,11,12.0,11.0
fasterrcnn,cate2-00111,25,26,open,12,13,0,18,13,13.0,13.0
fasterrcnn,cate2-00111,25,26,half,12,13,9,18,13,13.0,13.0
fasterrcnn,cate2-00111,25,26,closed,12,13,18,18,13,13.0,13.0
fasterrcnn,cate2-00111,35,36,open,20,21,0,23,22,21.0,21.0
fasterrcnn,cate2-00111,35,36,half,20,21,12,23,21,21.0,21.0
fasterrcnn,cate2-00111,35,36,closed,20,21,23,23,21,21.0,21.0
fasterrcnn,cate2-00118,16,17,open,5,6,0,32,6,6.0,6.0
fasterrcnn,cate2-00118,16,17,half,5,6,16,32,5,6.0,6.0
fasterrcnn,cate2-00118,16,17,closed,5,6,32,32,5,6.0,6.0
fasterrcnn,cate2-00118,27,28,open,14,15,0,30,15,15.0,15.0
fasterrcnn,cate2-00118,27,28,half,14,15,15,30,15,15.0,15.0
fasterrcnn,cate2-00118,27,28,closed,14,15,30,30,15,15.0,15.0
fasterrcnn,cate2-00118,44,45,open,27,28,0,18,28,28.0,28.0
fasterrcnn,cate2-00118,44,45,half,27,28,9,18,27,28.0,27.0
fasterrcnn,cate2-00118,44,45,closed,27,28,18,18,27,28.0,27.0
fasterrcnn,cate2-00120,21,22,open,8,9,0,24,9,9.0,9.0
fasterrcnn,cate2-00120,21,22,half,8,9,12,24,9,9.0,9.0
fasterrcnn,cate2-00120,21,22,closed,8,9,24,24,8,9.0,8.0
fasterrcnn,cate2-00120,33,34,open,18,19,0,13,19,19.0,19.0
fasterrcnn,cate2-00120,33,34,half,18,19,6,13,19,19.0,19.0
fasterrcnn,cate2-00120,33,34,closed,18,19,13,13,19,19.0,19.0
fasterrcnn,cate2-00120,37,38,open,22,23,0,32,23,23.0,23.0
fasterrcnn,cate2-00120,37,38,half,22,23,16,32,23,23.0,23.0
fasterrcnn,cate2-00120,37,38,closed,22,23,32,32,23,23.0,23.0
fasterrcnn,cate2-00128,26,27,open,13,14,0,31,14,14.0,14.0
fasterrcnn,cate2-00128,26,27,half,13,14,16,31,14,14.0,14.0
fasterrcnn,cate2-00128,26,27,closed,13,14,31,31,14,14.0,13.0
fasterrcnn,cate2-00128,12,13,open,1,2,0,16,2,2.0,2.0
fasterrcnn,cate2-00128,12,13,half,1,2,8,16,2,2.0,2.0
fasterrcnn,cate2-00128,12,13,closed,1,2,16,16,1,2.0,2.0
fasterrcnn,cate2-00128,14,15,open,3,4,0,15,4,4.0,5.0
fasterrcnn,cate2-00128,14,15,half,3,4,8,15,3,4.0,4.0
fasterrcnn,cate2-00128,14,15,closed,3,4,15,15,3,4.0,3.0
fasterrcnn,cate2-00135,14,15,open,3,4,0,13,3,4.0,4.0
fasterrcnn,cate2-00135,14,15,half,3,4,6,13,3,4.0,4.0
fasterrcnn,cate2-00135,14,15,closed,3,4,13,13,3,4.0,4.0
fasterrcnn,cate2-00135,37,38,open,22,23,0,26,23,23.0,23.0
fasterrcnn,cate2-00135,37,38,half,22,23,13,26,23,23.0,23.0
fasterrcnn,cate2-00135,37,38,closed,22,23,26,26,23,23.0,22.0
fasterrcnn,cate2-00135,32,33,open,17,18,0,15,18,18.0,18.0
fasterrcnn,cate2-00135,32,33,half,17,18,8,15,18,18.0,18.0
fasterrcnn,cate2-00135,32,33,closed,17,18,15,15,17,18.0,18.0
fasterrcnn,cate3-00014,44,45,open,27,28,0,17,28,28.0,28.0
fasterrcnn,cate3-00014,44,45,half,27,28,8,17,27,28.0,28.0
fasterrcnn,cate3-00014,44,45,closed,27,28,17,17,26,28.0,27.0
fasterrcnn,cate3-00014,34,35,open,19,20,0,19,20,20.0,20.0
fasterrcnn,cate3-00014,34,35,half,19,20,10,19,19,20.0,20.0
fasterrcnn,cate3-00014,34,35,closed,19,20,19,19,18,20.0,20.0
fasterrcnn,cate3-00014,15,16,open,4,5,0,15,5,5.0,5.0
fasterrcnn,cate3-00014,15,16,half,4,5,8,15,5,5.0,5.0
fasterrcnn,cate3-00014,15,16,closed,4,5,15,15,3,5.0,5.0
fasterrcnn,cate3-00019,24,25,open,11,12,0,18,11,12.0,12.0
fasterrcnn,cate3-00019,24,25,half,11,12,9,18,11,12.0,12.0
fasterrcnn,cate3-00019,24,25,closed,11,12,18,18,11,12.0,11.0
fasterrcnn,cate3-00019,46,47,open,29,30,0,29,30,30.0,30.0
fasterrcnn,cate3-00019,46,47,half,29,30,14,29,29,30.0,30.0
fasterrcnn,cate3-00019,46,47,closed,29,30,29,29,29,30.0,30.0
fasterrcnn,cate3-00019,36,37,open,21,22,0,26,22,22.0,22.0
fasterrcnn,cate3-00019,36,37,half,21,22,13,26,22,22.0,22.0
fasterrcnn,cate3-00019,36,37,closed,21,22,26,26,21,22.0,22.0
fasterrcnn,cate3-00023,37,38,open,22,23,0,25,23,23.0,23.0
fasterrcnn,cate3-00023,37,38,half,22,23,12,25,23,23.0,23.0
fasterrcnn,cate3-00023,37,38,closed,22,23,25,25,23,23.0,23.0
fasterrcnn,cate3-00023,47,48,open,30,31,0,34,31,31.0,31.0
fasterrcnn,cate3-00023,47,48,half,30,31,17,34,31,31.0,31.0
fasterrcnn,cate3-00023,47,48,closed,30,31,34,34,7,31.0,31.0
fasterrcnn,cate3-00023,45,46,open,28,29,0,18,29,29.0,29.0
fasterrcnn,cate3-00023,45,46,half,28,29,9,18,29,29.0,29.0
fasterrcnn,cate3-00023,45,46,closed,28,29,18,18,28,29.0,29.0
fasterrcnn,cate4-00073,11,12,open,0,1,0,20,1,1.0,1.0
fasterrcnn,cate4-00073,11,12,half,0,1,10,20,1,1.0,1.0
fasterrcnn,cate4-00073,11,12,closed,0,1,20,20,0,1.0,0.0
fasterrcnn,cate4-00073,34,35,open,19,20,0,16,20,20.0,20.0
fasterrcnn,cate4-00073,34,35,half,19,20,8,16,19,20.0,20.0
fasterrcnn,cate4-00073,34,35,closed,19,20,16,16,19,20.0,19.0
fasterrcnn,cate4-00073,12,13,open,1,2,0,17,2,2.0,2.0
fasterrcnn,cate4-00073,12,13,half,1,2,8,17,2,2.0,2.0
fasterrcnn,cate4-00073,12,13,closed,1,2,17,17,1,2.0,2.0
fasterrcnn,cate4-00082,14,15,open,3,4,0,4,2,3.0,3.0
fasterrcnn,cate4-00082,14,15,half,3,4,2,4,2,3.0,3.0
fasterrcnn,cate4-00082,14,15,closed,3,4,4,4,2,3.0,3.0
fasterrcnn,cate4-00082,37,38,open,22,23,0,28,23,23.0,23.0
fasterrcnn,cate4-00082,37,38,half,22,23,14,28,23,23.0,23.0
fasterrcnn,cate4-00082,37,38,closed,22,23,28,28,23,23.0,23.0
fasterrcnn,cate4-00082,33,34,open,18,19,0,14,19,19.0,19.0
fasterrcnn,cate4-00082,33,34,half,18,19,7,14,19,19.0,19.0
fasterrcnn,cate4-00082,33,34,closed,18,19,14,14,18,19.0,19.0
fasterrcnn,cate4-00101,15,16,open,4,5,0,19,5,5.0,5.0
fasterrcnn,cate4-00101,15,16,half,4,5,10,19,5,5.0,5.0
fasterrcnn,cate4-00101,15,16,closed,4,5,19,19,5,5.0,5.0
fasterrcnn,cate4-00101,13,14,open,2,3,0,16,3,3.0,3.0
fasterrcnn,cate4-00101,13,14,half,2,3,8,16,3,3.0,3.0
fasterrcnn,cate4-00101,13,14,closed,2,3,16,16,2,3.0,3.0
fasterrcnn,cate4-00101,45,46,open,28,29,0,19,29,29.0,29.0
fasterrcnn,cate4-00101,45,46,half,28,29,10,19,29,29.0,29.0
fasterrcnn,cate4-00101,45,46,closed,28,29,19,19,29,29.0,29.0
fasterrcnn,cate4-00106,43,44,open,26,27,0,16,27,27.0,27.0
fasterrcnn,cate4-00106,43,44,half,26,27,8,16,27,27.0,27.0
fasterrcnn,cate4-00106,43,44,closed,26,27,16,16,27,27.0,27.0
fasterrcnn,cate4-00106,26,27,open,13,14,0,27,14,14.0,14.0
fasterrcnn,cate4-00106,26,27,half,13,14,14,27,14,14.0,14.0
fasterrcnn,cate4-00106,26,27,closed,13,14,27,27,13,14.0,13.0
fasterrcnn,cate4-00106,45,46,open,28,29,0,13,29,29.0,29.0
fasterrcnn,cate4-00106,45,46,half,28,29,6,13,29,29.0,29.0
fasterrcnn,cate4-00106,45,46,closed,28,29,13,13,29,29.0,29.0
fasterrcnn,cate4-00114,33,34,open,18,19,0,18,19,19.0,19.0
fasterrcnn,cate4-00114,33,34,half,18,19,9,18,19,19.0,19.0
fasterrcnn,cate4-00114,33,34,closed,18,19,18,18,19,19.0,19.0
fasterrcnn,cate4-00114,25,26,open,12,13,0,17,13,13.0,13.0
fasterrcnn,cate4-00114,25,26,half,12,13,8,17,13,13.0,13.0
fasterrcnn,cate4-00114,25,26,closed,12,13,17,17,13,13.0,13.0
fasterrcnn,cate4-00114,15,16,open,4,5,0,19,5,5.0,5.0
fasterrcnn,cate4-00114,15,16,half,4,5,10,19,5,5.0,5.0
fasterrcnn,cate4-00114,15,16,closed,4,5,19,19,4,5.0,5.0
fasterrcnn,cate4-00131,31,32,open,16,17,0,13,17,17.0,17.0
fasterrcnn,cate4-00131,31,32,half,16,17,6,13,17,17.0,17.0
fasterrcnn,cate4-00131,31,32,closed,16,17,13,13,16,17.0,17.0
fasterrcnn,cate4-00131,36,37,open,21,22,0,34,22,22.0,22.0
fasterrcnn,cate4-00131,36,37,half,21,22,17,34,21,22.0,22.0
fasterrcnn,cate4-00131,36,37,closed,21,22,34,34,21,22.0,22.0
fasterrcnn,cate4-00131,41,42,open,24,25,0,14,25,25.0,25.0
fasterrcnn,cate4-00131,41,42,half,24,25,7,14,25,25.0,25.0
fasterrcnn,cate4-00131,41,42,closed,24,25,14,14,24,25.0,25.0
fasterrcnn,cate5-00006,32,33,open,17,18,0,15,18,18.0,18.0
fasterrcnn,cate5-00006,32,33,half,17,18,8,15,18,18.0,18.0
fasterrcnn,cate5-00006,32,33,closed,17,18,15,15,18,18.0,18.0
fasterrcnn,cate5-00006,42,43,open,25,26,0,17,26,26.0,26.0
fasterrcnn,cate5-00006,42,43,half,25,26,8,17,26,26.0,26.0
fasterrcnn,cate5-00006,42,43,closed,25,26,17,17,25,26.0,26.0
fasterrcnn,cate5-00006,41,42,open,24,25,0,14,25,25.0,25.0
fasterrcnn,cate5-00006,41,42,half,24,25,7,14,24,25.0,25.0
fasterrcnn,cate5-00006,41,42,closed,24,25,14,14,24,25.0,24.0
fasterrcnn,cate5-00061,32,33,open,17,18,0,14,18,18.0,18.0
fasterrcnn,cate5-00061,32,33,half,17,18,7,14,17,18.0,18.0
fasterrcnn,cate5-00061,32,33,closed,17,18,14,14,17,18.0,18.0
fasterrcnn,cate5-00061,22,23,open,9,10,0,19,10,10.0,11.0
fasterrcnn,cate5-00061,22,23,half,9,10,10,19,10,10.0,10.0
fasterrcnn,cate5-00061,22,23,closed,9,10,19,19,9,10.0,10.0
fasterrcnn,cate5-00061,42,43,open,25,26,0,12,27,26.0,26.0
fasterrcnn,cate5-00061,42,43,half,25,26,6,12,26,26.0,26.0
fasterrcnn,cate5-00061,42,43,closed,25,26,12,12,26,26.0,26.0
fasterrcnn,cate5-00073,22,23,open,9,10,0,13,11,11.0,11.0
fasterrcnn,cate5-00073,22,23,half,9,10,6,13,11,11.0,10.0
fasterrcnn,cate5-00073,22,23,closed,9,10,13,13,11,11.0,10.0
fasterrcnn,cate5-00073,34,35,open,19,20,0,18,20,20.0,20.0
fasterrcnn,cate5-00073,34,35,half,19,20,9,18,19,20.0,20.0
fasterrcnn,cate5-00073,34,35,closed,19,20,18,18,19,20.0,19.0
fasterrcnn,cate5-00073,42,43,open,25,26,0,21,27,27.0,27.0
fasterrcnn,cate5-00073,42,43,half,25,26,10,21,25,27.0,27.0
fasterrcnn,cate5-00073,42,43,closed,25,26,21,21,25,27.0,27.0
fasterrcnn,cate5-00078,44,45,open,27,28,0,18,28,28.0,28.0
fasterrcnn,cate5-00078,44,45,half,27,28,9,18,27,28.0,27.0
fasterrcnn,cate5-00078,44,45,closed,27,28,18,18,27,28.0,27.0
fasterrcnn,cate5-00078,31,32,open,16,17,0,17,17,17.0,17.0
fasterrcnn,cate5-00078,31,32,half,16,17,8,17,16,17.0,17.0
fasterrcnn,cate5-00078,31,32,closed,16,17,17,17,16,17.0,16.0
fasterrcnn,cate5-00078,34,35,open,19,20,0,14,20,20.0,20.0
fasterrcnn,cate5-00078,34,35,half,19,20,7,14,20,20.0,20.0
fasterrcnn,cate5-00078,34,35,closed,19,20,14,14,19,20.0,19.0
fasterrcnn,cate5-00102,44,45,open,27,28,0,17,4,28.0,28.0
fasterrcnn,cate5-00102,44,45,half,27,28,8,17,4,28.0,27.0
fasterrcnn,cate5-00102,44,45,closed,27,28,17,17,4,28.0,27.0
fasterrcnn,cate5-00102,34,35,open,19,20,0,17,18,20.0,20.0
fasterrcnn,cate5-00102,34,35,half,19,20,8,17,18,20.0,19.0
fasterrcnn,cate5-00102,34,35,closed,19,20,17,17,18,20.0,18.0
fasterrcnn,cate5-00102,31,32,open,16,17,0,12,0,17.0,
fasterrcnn,cate5-00102,31,32,half,16,17,6,12,0,17.0,17.0
fasterrcnn,cate5-00102,31,32,closed,16,17,12,12,0,17.0,17.0
fasterrcnn,cate5-00115,31,32,open,16,17,0,10,16,17.0,
fasterrcnn,cate5-00115,31,32,half,16,17,5,10,16,17.0,16.0
fasterrcnn,cate5-00115,31,32,closed,16,17,10,10,24,17.0,16.0
fasterrcnn,cate5-00115,43,44,open,26,27,0,18,26,27.0,27.0
fasterrcnn,cate5-00115,43,44,half,26,27,9,18,26,27.0,27.0
fasterrcnn,cate5-00115,43,44,closed,26,27,18,18,26,27.0,26.0
fasterrcnn,cate5-00115,33,34,open,18,19,0,19,19,19.0,
fasterrcnn,cate5-00115,33,34,half,18,19,10,19,17,19.0,19.0
fasterrcnn,cate5-00115,33,34,closed,18,19,19,19,17,19.0,18.0
fasterrcnn,cate6-00036,43,44,open,26,27,0,1,25,26.0,26.0
fasterrcnn,cate6-00036,43,44,half,26,27,0,1,25,26.0,26.0
fasterrcnn,cate6-00036,43,44,closed,26,27,1,1,25,26.0,26.0
fasterrcnn,cate6-00036,37,38,open,22,23,0,37,23,23.0,23.0
fasterrcnn,cate6-00036,37,38,half,22,23,18,37,23,23.0,23.0
fasterrcnn,cate6-00036,37,38,closed,22,23,37,37,20,23.0,23.0
fasterrcnn,cate6-00036,21,22,open,8,9,0,15,9,9.0,
fasterrcnn,cate6-00036,21,22,half,8,9,8,15,9,9.0,8.0
fasterrcnn,cate6-00036,21,22,closed,8,9,15,15,9,9.0,8.0
fasterrcnn,cate6-00087,21,22,open,8,9,0,30,9,,10.0
fasterrcnn,cate6-00087,21,22,half,8,9,15,30,9,,10.0
fasterrcnn,cate6-00087,21,22,closed,8,9,30,30,8,,
fasterrcnn,cate6-00087,24,25,open,11,12,0,8,13,12.0,
fasterrcnn,cate6-00087,24,25,half,11,12,4,8,13,12.0,12.0
fasterrcnn,cate6-00087,24,25,closed,11,12,8,8,13,12.0,
fasterrcnn,cate6-00087,22,23,open,9,10,0,25,10,10.0,10.0
fasterrcnn,cate6-00087,22,23,half,9,10,12,25,10,10.0,10.0
fasterrcnn,cate6-00087,22,23,closed,9,10,25,25,10,10.0,10.0
fasterrcnn,cate6-00108,47,48,open,30,31,0,29,31,31.0,31.0
fasterrcnn,cate6-00108,47,48,half,30,31,14,29,31,31.0,31.0
fasterrcnn,cate6-00108,47,48,closed,30,31,29,29,31,31.0,31.0
fasterrcnn,cate6-00108,14,15,open,3,4,0,11,3,4.0,4.0
fasterrcnn,cate6-00108,14,15,half,3,4,6,11,3,4.0,4.0
fasterrcnn,cate6-00108,14,15,closed,3,4,11,11,3,4.0,4.0
fasterrcnn,cate6-00108,44,45,open,27,28,0,13,28,28.0,28.0
fasterrcnn,cate6-00108,44,45,half,27,28,6,13,27,28.0,28.0
fasterrcnn,cate6-00108,44,45,closed,27,28,13,13,27,28.0,27.0
fasterrcnn,cate6-00122,26,27,open,13,14,0,32,14,14.0,14.0
fasterrcnn,cate6-00122,26,27,half,13,14,16,32,13,14.0,14.0
fasterrcnn,cate6-00122,26,27,closed,13,14,32,32,13,14.0,14.0
fasterrcnn,cate6-00122,11,12,open,0,1,0,17,1,1.0,
fasterrcnn,cate6-00122,11,12,half,0,1,8,17,0,1.0,1.0
fasterrcnn,cate6-00122,11,12,closed,0,1,17,17,0,1.0,0.0
fasterrcnn,cate6-00141,17,18,open,6,7,0,28,7,7.0,7.0
fasterrcnn,cate6-00141,17,18,half,6,7,14,28,7,7.0,7.0
fasterrcnn,cate6-00141,17,18,closed,6,7,28,28,7,7.0,7.0
fasterrcnn,cate6-00141,42,43,open,25,26,0,13,26,26.0,26.0
fasterrcnn,cate6-00141,42,43,half,25,26,6,13,26,26.0,26.0
fasterrcnn,cate6-00141,42,43,closed,25,26,13,13,26,26.0,26.0
fasterrcnn,cate6-00141,25,26,open,12,13,0,23,13,13.0,13.0
fasterrcnn,cate6-00141,25,26,half,12,13,12,23,13,13.0,13.0
fasterrcnn,cate6-00141,25,26,closed,12,13,23,23,13,13.0,13.0
fasterrcnn,cate6-00158,14,15,open,3,4,0,14,3,4.0,5.0
fasterrcnn,cate6-00158,14,15,half,3,4,7,14,3,4.0,4.0
fasterrcnn,cate6-00158,14,15,closed,3,4,14,14,3,4.0,4.0
fasterrcnn,cate6-00158,32,33,open,17,18,0,16,19,18.0,18.0
fasterrcnn,cate6-00158,32,33,half,17,18,8,16,17,18.0,18.0
fasterrcnn,cate6-00158,32,33,closed,17,18,16,16,17,18.0,18.0
fasterrcnn,cate6-00158,43,44,open,26,27,0,22,27,27.0,
fasterrcnn,cate6-00158,43,44,half,26,27,11,22,26,27.0,27.0
fasterrcnn,cate6-00158,43,44,closed,26,27,22,22,26,27.0,26.0
fasterrcnn,cate7-00014,46,47,open,29,30,0,35,30,31.0,31.0
fasterrcnn,cate7-00014,46,47,half,29,30,18,35,30,31.0,31.0
fasterrcnn,cate7-00014,46,47,closed,29,30,35,35,29,31.0,31.0
fasterrcnn,cate7-00014,45,46,open,28,29,0,17,29,29.0,30.0
fasterrcnn,cate7-00014,45,46,half,28,29,8,17,29,29.0,29.0
fasterrcnn,cate7-00014,45,46,closed,28,29,17,17,29,29.0,29.0
fasterrcnn,cate7-00014,35,36,open,20,21,0,13,21,21.0,21.0
fasterrcnn,cate7-00014,35,36,half,20,21,6,13,21,21.0,21.0
fasterrcnn,cate7-00014,35,36,closed,20,21,13,13,21,21.0,21.0
fasterrcnn,cate7-00018,14,15,open,3,4,0,7,4,4.0,3.0
fasterrcnn,cate7-00018,14,15,half,3,4,4,7,4,4.0,3.0
fasterrcnn,cate7-00018,14,15,closed,3,4,7,7,4,4.0,3.0
fasterrcnn,cate7-00018,33,34,open,18,19,0,14,18,19.0,19.0
fasterrcnn,cate7-00018,33,34,half,18,19,7,14,18,19.0,19.0
fasterrcnn,cate7-00018,33,34,closed,18,19,14,14,17,19.0,19.0
fasterrcnn,cate7-00018,46,47,open,29,30,0,22,30,30.0,30.0
fasterrcnn,cate7-00018,46,47,half,29,30,11,22,29,30.0,29.0
fasterrcnn,cate7-00018,46,47,closed,29,30,22,22,29,30.0,29.0
fasterrcnn,cate7-00032,25,26,open,12,13,0,13,13,13.0,13.0
fasterrcnn,cate7-00032,25,26,half,12,13,6,13,13,13.0,13.0
fasterrcnn,cate7-00032,25,26,closed,12,13,13,13,12,13.0,13.0
fasterrcnn,cate7-00032,42,43,open,25,26,0,11,26,26.0,
fasterrcnn,cate7-00032,42,43,half,25,26,6,11,26,26.0,26.0
fasterrcnn,cate7-00032,42,43,closed,25,26,11,11,25,26.0,26.0
fasterrcnn,cate7-00032,27,28,open,14,15,0,26,15,15.0,14.0
fasterrcnn,cate7-00032,27,28,half,14,15,13,26,14,15.0,14.0
fasterrcnn,cate7-00032,27,28,closed,14,15,26,26,14,15.0,14.0
fasterrcnn,cate7-00047,32,33,open,17,18,0,14,18,18.0,18.0
fasterrcnn,cate7-00047,32,33,half,17,18,7,14,17,18.0,18.0
fasterrcnn,cate7-00047,32,33,closed,17,18,14,14,17,18.0,18.0
fasterrcnn,cate7-00047,44,45,open,27,28,0,16,28,28.0,28.0
fasterrcnn,cate7-00047,44,45,half,27,28,8,16,28,28.0,27.0
fasterrcnn,cate7-00047,44,45,closed,27,28,16,16,27,28.0,27.0
fasterrcnn,cate7-00047,22,23,open,9,10,0,13,9,10.0,10.0
fasterrcnn,cate7-00047,22,23,half,9,10,6,13,9,10.0,10.0
fasterrcnn,cate7-00047,22,23,closed,9,10,13,13,8,10.0,10.0
fasterrcnn,cate7-00068,46,47,open,29,30,0,36,30,30.0,30.0
fasterrcnn,cate7-00068,46,47,half,29,30,18,36,29,30.0,30.0
fasterrcnn,cate7-00068,46,47,closed,29,30,36,36,29,30.0,30.0
fasterrcnn,cate7-00068,36,37,open,21,22,0,32,22,22.0,22.0
fasterrcnn,cate7-00068,36,37,half,21,22,16,32,22,22.0,22.0
fasterrcnn,cate7-00068,36,37,closed,21,22,32,32,21,22.0,22.0
fasterrcnn,cate7-00068,25,26,open,12,13,0,14,13,13.0,13.0
fasterrcnn,cate7-00068,25,26,half,12,13,7,14,13,13.0,13.0
fasterrcnn,cate7-00068,25,26,closed,12,13,14,14,13,13.0,13.0
fasterrcnn,cate7-00069,16,17,open,5,6,0,33,7,6.0,7.0
fasterrcnn,cate7-00069,16,17,half,5,6,16,33,6,6.0,6.0
fasterrcnn,cate7-00069,16,17,closed,5,6,33,33,5,6.0,6.0
fasterrcnn,cate7-00069,14,15,open,3,4,0,15,4,4.0,4.0
fasterrcnn,cate7-00069,14,15,half,3,4,8,15,4,4.0,4.0
fasterrcnn,cate7-00069,14,15,closed,3,4,15,15,3,4.0,4.0
fasterrcnn,cate7-00069,41,42,open,24,25,0,14,25,25.0,25.0
fasterrcnn,cate7-00069,41,42,half,24,25,7,14,16,25.0,24.0
fasterrcnn,cate7-00069,41,42,closed,24,25,14,14,16,25.0,24.0
fasterrcnn,cate7-00092,27,28,open,14,15,0,15,15,15.0,15.0
fasterrcnn,cate7-00092,27,28,half,14,15,8,15,15,15.0,15.0
fasterrcnn,cate7-00092,27,28,closed,14,15,15,15,13,15.0,15.0
fasterrcnn,cate7-00092,23,24,open,10,11,0,15,11,11.0,11.0
fasterrcnn,cate7-00092,23,24,half,10,11,8,15,10,11.0,11.0
fasterrcnn,cate7-00092,23,24,closed,10,11,15,15,10,11.0,10.0
fasterrcnn,cate7-00092,24,25,open,11,12,0,14,12,12.0,12.0
fasterrcnn,cate7-00092,24,25,half,11,12,7,14,11,12.0,12.0
fasterrcnn,cate7-00092,24,25,closed,11,12,14,14,11,12.0,11.0
fasterrcnn,cate8-00005,27,28,open,14,15,0,20,15,15.0,15.0
fasterrcnn,cate8-00005,27,28,half,14,15,10,20,15,15.0,15.0
fasterrcnn,cate8-00005,27,28,closed,14,15,20,20,15,15.0,15.0
fasterrcnn,cate8-00005,15,16,open,4,5,0,20,6,5.0,5.0
fasterrcnn,cate8-00005,15,16,half,4,5,10,20,5,5.0,5.0
fasterrcnn,cate8-00005,15,16,closed,4,5,20,20,5,5.0,5.0
fasterrcnn,cate8-00005,34,35,open,19,20,0,23,20,20.0,20.0
fasterrcnn,cate8-00005,34,35,half,19,20,12,23,20,20.0,20.0
fasterrcnn,cate8-00005,34,35,closed,19,20,23,23,19,20.0,19.0
fasterrcnn,cate8-00023,15,16,open,4,5,0,13,5,5.0,5.0
fasterrcnn,cate8-00023,15,16,half,4,5,6,13,5,5.0,5.0
fasterrcnn,cate8-00023,15,16,closed,4,5,13,13,4,5.0,5.0
fasterrcnn,cate8-00023,23,24,open,10,11,0,14,11,11.0,11.0
fasterrcnn,cate8-00023,23,24,half,10,11,7,14,10,11.0,11.0
fasterrcnn,cate8-00023,23,24,closed,10,11,14,14,10,11.0,11.0
fasterrcnn,cate8-00023,17,18,open,6,7,0,20,7,7.0,6.0
fasterrcnn,cate8-00023,17,18,half,6,7,10,20,7,7.0,6.0
fasterrcnn,cate8-00023,17,18,closed,6,7,20,20,5,7.0,7.0
fasterrcnn,cate8-00037,41,42,open,24,25,0,12,25,25.0,25.0
fasterrcnn,cate8-00037,41,42,half,24,25,6,12,24,25.0,25.0
fasterrcnn,cate8-00037,41,42,closed,24,25,12,12,24,25.0,24.0
fasterrcnn,cate8-00037,11,12,open,0,1,0,20,1,1.0,1.0
fasterrcnn,cate8-00037,11,12,half,0,1,10,20,0,1.0,1.0
fasterrcnn,cate8-00037,11,12,closed,0,1,20,20,0,1.0,1.0
fasterrcnn,cate8-00037,35,36,open,20,21,0,20,21,21.0,21.0
fasterrcnn,cate8-00037,35,36,half,20,21,10,20,21,21.0,21.0
fasterrcnn,cate8-00037,35,36,closed,20,21,20,20,21,21.0,21.0
fasterrcnn,cate8-00058,36,37,open,21,22,0,42,22,23.0,23.0
fasterrcnn,cate8-00058,36,37,half,21,22,21,42,22,23.0,23.0
fasterrcnn,cate8-00058,36,37,closed,21,22,42,42,21,23.0,23.0
fasterrcnn,cate8-00058,17,18,open,6,7,0,23,6,6.0,6.0
fasterrcnn,cate8-00058,17,18,half,6,7,12,23,6,6.0,6.0
fasterrcnn,cate8-00058,17,18,closed,6,7,23,23,6,6.0,6.0
fasterrcnn,cate8-00058,42,43,open,25,26,0,12,26,26.0,26.0
fasterrcnn,cate8-00058,42,43,half,25,26,6,12,26,26.0,26.0
fasterrcnn,cate8-00058,42,43,closed,25,26,12,12,26,26.0,26.0
fasterrcnn,cate8-00077,42,43,open,25,26,0,17,26,26.0,27.0
fasterrcnn,cate8-00077,42,43,half,25,26,8,17,26,26.0,26.0
fasterrcnn,cate8-00077,42,43,closed,25,26,17,17,25,26.0,25.0
fasterrcnn,cate8-00077,41,42,open,24,25,0,12,25,25.0,25.0
fasterrcnn,cate8-00077,41,42,half,24,25,6,12,25,25.0,25.0
fasterrcnn,cate8-00077,41,42,closed,24,25,12,12,25,25.0,24.0
fasterrcnn,cate8-00077,32,33,open,17,18,0,13,18,18.0,18.0
fasterrcnn,cate8-00077,32,33,half,17,18,6,13,17,18.0,18.0
fasterrcnn,cate8-00077,32,33,closed,17,18,13,13,17,18.0,18.0
fasterrcnn,cate8-00080,32,33,open,17,18,0,15,18,18.0,18.0
fasterrcnn,cate8-00080,32,33,half,17,18,8,15,18,18.0,18.0
fasterrcnn,cate8-00080,32,33,closed,17,18,15,15,18,18.0,18.0
fasterrcnn,cate8-00080,12,13,open,1,2,0,12,2,2.0,2.0
fasterrcnn,cate8-00080,12,13,half,1,2,6,12,2,2.0,2.0
fasterrcnn,cate8-00080,12,13,closed,1,2,12,12,1,2.0,2.0
fasterrcnn,cate8-00080,43,44,open,26,27,0,24,27,27.0,27.0
fasterrcnn,cate8-00080,43,44,half,26,27,12,24,26,27.0,27.0
fasterrcnn,cate8-00080,43,44,closed,26,27,24,24,26,27.0,26.0
fasterrcnn,cate8-00083,35,36,open,20,21,0,18,21,21.0,21.0
fasterrcnn,cate8-00083,35,36,half,20,21,9,18,21,21.0,21.0
fasterrcnn,cate8-00083,35,36,closed,20,21,18,18,21,21.0,21.0
fasterrcnn,cate8-00083,42,43,open,25,26,0,14,26,26.0,26.0
fasterrcnn,cate8-00083,42,43,half,25,26,7,14,26,26.0,26.0
fasterrcnn,cate8-00083,42,43,closed,25,26,14,14,25,26.0,26.0
fasterrcnn,cate8-00083,31,32,open,16,17,0,12,16,17.0,17.0
fasterrcnn,cate8-00083,31,32,half,16,17,6,12,16,17.0,17.0
fasterrcnn,cate8-00083,31,32,closed,16,17,12,12,16,17.0,16.0
fasterrcnn,cate8-00113,47,48,open,30,31,0,41,31,31.0,31.0
fasterrcnn,cate8-00113,47,48,half,30,31,20,41,31,31.0,31.0
fasterrcnn,cate8-00113,47,48,closed,30,31,41,41,29,31.0,31.0
fasterrcnn,cate8-00113,42,43,open,25,26,0,14,26,26.0,26.0
fasterrcnn,cate8-00113,42,43,half,25,26,7,14,25,26.0,26.0
fasterrcnn,cate8-00113,42,43,closed,25,26,14,14,25,26.0,26.0
fasterrcnn,cate8-00113,14,15,open,3,4,0,16,4,4.0,5.0
fasterrcnn,cate8-00113,14,15,half,3,4,8,16,3,4.0,4.0
fasterrcnn,cate8-00113,14,15,closed,3,4,16,16,3,4.0,3.0
fasterrcnn,cate8-00131,12,13,open,1,2,0,15,1,3.0,3.0
fasterrcnn,cate8-00131,12,13,half,1,2,8,15,1,3.0,3.0
fasterrcnn,cate8-00131,12,13,closed,1,2,15,15,1,3.0,2.0
fasterrcnn,cate8-00131,33,34,open,18,19,0,19,20,20.0,20.0
fasterrcnn,cate8-00131,33,34,half,18,19,10,19,20,20.0,20.0
fasterrcnn,cate8-00131,33,34,closed,18,19,19,19,19,20.0,19.0
fasterrcnn,cate8-00131,21,22,open,8,9,0,13,9,10.0,9.0
fasterrcnn,cate8-00131,21,22,half,8,9,6,13,9,10.0,9.0
fasterrcnn,cate8-00131,21,22,closed,8,9,13,13,9,10.0,9.0
fasterrcnn,cate8-00137,45,46,open,28,29,0,17,29,29.0,29.0
fasterrcnn,cate8-00137,45,46,half,28,29,8,17,29,29.0,29.0
fasterrcnn,cate8-00137,45,46,closed,28,29,17,17,28,29.0,29.0
fasterrcnn,cate8-00137,11,12,open,0,1,0,17,1,1.0,1.0
fasterrcnn,cate8-00137,11,12,half,0,1,8,17,0,1.0,1.0
fasterrcnn,cate8-00137,11,12,closed,0,1,17,17,0,1.0,0.0
fasterrcnn,cate8-00137,31,32,open,16,17,0,10,17,17.0,17.0
fasterrcnn,cate8-00137,31,32,half,16,17,5,10,17,17.0,17.0
fasterrcnn,cate8-00137,31,32,closed,16,17,10,10,17,17.0,17.0
fasterrcnn,cate8-00138,21,22,open,8,9,0,18,10,9.0,9.0
fasterrcnn,cate8-00138,21,22,half,8,9,9,18,8,9.0,9.0
fasterrcnn,cate8-00138,21,22,closed,8,9,18,18,8,9.0,9.0
fasterrcnn,cate8-00138,25,26,open,12,13,0,16,13,13.0,13.0
fasterrcnn,cate8-00138,25,26,half,12,13,8,16,12,13.0,13.0
fasterrcnn,cate8-00138,25,26,closed,12,13,16,16,12,13.0,12.0
fasterrcnn,cate8-00138,15,16,open,4,5,0,15,5,5.0,5.0
fasterrcnn,cate8-00138,15,16,half,4,5,8,15,5,5.0,5.0
fasterrcnn,cate8-00138,15,16,closed,4,5,15,15,5,5.0,5.0
fasterrcnn,cate8-00145,44,45,open,27,28,0,29,29,28.0,28.0
fasterrcnn,cate8-00145,44,45,half,27,28,14,29,29,28.0,28.0
fasterrcnn,cate8-00145,44,45,closed,27,28,29,29,29,28.0,28.0
fasterrcnn,cate8-00145,15,16,open,4,5,0,12,5,5.0,5.0
fasterrcnn,cate8-00145,15,16,half,4,5,6,12,4,5.0,5.0
fasterrcnn,cate8-00145,15,16,closed,4,5,12,12,4,5.0,5.0
fasterrcnn,cate8-00145,17,18,open,6,7,0,25,6,7.0,6.0
fasterrcnn,cate8-00145,17,18,half,6,7,12,25,6,7.0,6.0
fasterrcnn,cate8-00145,17,18,closed,6,7,25,25,6,7.0,6.0
fasterrcnn,cate8-00217,26,27,open,13,14,0,31,14,14.0,14.0
fasterrcnn,cate8-00217,26,27,half,13,14,16,31,14,14.0,14.0
fasterrcnn,cate8-00217,26,27,closed,13,14,31,31,13,14.0,13.0
fasterrcnn,cate8-00217,25,26,open,12,13,0,16,13,13.0,13.0
fasterrcnn,cate8-00217,25,26,half,12,13,8,16,13,13.0,13.0
fasterrcnn,cate8-00217,25,26,closed,12,13,16,16,13,13.0,13.0
fasterrcnn,cate8-00217,11,12,open,0,1,0,21,1,1.0,1.0
fasterrcnn,cate8-00217,11,12,half,0,1,10,21,1,1.0,1.0
fasterrcnn,cate8-00217,11,12,closed,0,1,21,21,0,1.0,1.0
fasterrcnn,cate8-00224,31,32,open,16,17,0,12,17,18.0,19.0
fasterrcnn,cate8-00224,31,32,half,16,17,6,12,17,18.0,17.0
fasterrcnn,cate8-00224,31,32,closed,16,17,12,12,17,18.0,18.0
fasterrcnn,cate8-00224,42,43,open,25,26,0,9,26,,
fasterrcnn,cate8-00224,42,43,half,25,26,4,9,26,,26.0
fasterrcnn,cate8-00224,42,43,closed,25,26,9,9,26,,26.0
fasterrcnn,cate8-00224,16,17,open,5,6,0,26,6,6.0,4.0
fasterrcnn,cate8-00224,16,17,half,5,6,13,26,5,6.0,5.0
fasterrcnn,cate8-00224,16,17,closed,5,6,26,26,5,6.0,5.0
fasterrcnn,cate8-00227,24,25,open,11,12,0,11,11,12.0,13.0
fasterrcnn,cate8-00227,24,25,half,11,12,6,11,11,12.0,12.0
fasterrcnn,cate8-00227,24,25,closed,11,12,11,11,11,12.0,12.0
fasterrcnn,cate8-00227,11,12,open,0,1,0,20,1,1.0,1.0
fasterrcnn,cate8-00227,11,12,half,0,1,10,20,1,1.0,1.0
fasterrcnn,cate8-00227,11,12,closed,0,1,20,20,0,1.0,0.0
fasterrcnn,cate8-00227,32,33,open,17,18,0,13,18,19.0,19.0
fasterrcnn,cate8-00227,32,33,half,17,18,6,13,17,19.0,18.0
fasterrcnn,cate8-00227,32,33,closed,17,18,13,13,17,19.0,18.0
fasterrcnn,cate8-00239,14,15,open,3,4,0,5,3,4.0,
fasterrcnn,cate8-00239,14,15,half,3,4,2,5,3,4.0,4.0
fasterrcnn,cate8-00239,14,15,closed,3,4,5,5,3,4.0,4.0
fasterrcnn,cate8-00239,15,16,open,4,5,0,16,5,5.0,4.0
fasterrcnn,cate8-00239,15,16,half,4,5,8,16,4,5.0,5.0
fasterrcnn,cate8-00239,15,16,closed,4,5,16,16,3,5.0,4.0
fasterrcnn,cate8-00239,42,43,open,25,26,0,14,26,26.0,26.0
fasterrcnn,cate8-00239,42,43,half,25,26,7,14,25,26.0,26.0
fasterrcnn,cate8-00239,42,43,closed,25,26,14,14,25,26.0,25.0
fasterrcnn,cate8-00246,26,27,open,13,14,0,26,13,14.0,15.0
fasterrcnn,cate8-00246,26,27,half,13,14,13,26,13,14.0,4.0
fasterrcnn,cate8-00246,26,27,closed,13,14,26,26,12,14.0,
fasterrcnn,cate8-00267,34,35,open,19,20,0,27,20,20.0,20.0
fasterrcnn,cate8-00267,34,35,half,19,20,14,27,20,20.0,20.0
fasterrcnn,cate8-00267,34,35,closed,19,20,27,27,19,20.0,19.0
fasterrcnn,cate8-00267,33,34,open,18,19,0,25,19,19.0,19.0
fasterrcnn,cate8-00267,33,34,half,18,19,12,25,19,19.0,19.0
fasterrcnn,cate8-00267,33,34,closed,18,19,25,25,18,19.0,19.0
fasterrcnn,cate8-00267,21,22,open,8,9,0,24,9,9.0,10.0
fasterrcnn,cate8-00267,21,22,half,8,9,12,24,9,9.0,9.0
fasterrcnn,cate8-00267,21,22,closed,8,9,24,24,8,9.0,8.0
fasterrcnn,cate8-00274,42,43,open,25,26,0,14,26,26.0,26.0
fasterrcnn,cate8-00274,42,43,half,25,26,7,14,26,26.0,26.0
fasterrcnn,cate8-00274,42,43,closed,25,26,14,14,26,26.0,26.0
fasterrcnn,cate8-00274,44,45,open,27,28,0,17,28,28.0,28.0
fasterrcnn,cate8-00274,44,45,half,27,28,8,17,27,28.0,27.0
fasterrcnn,cate8-00274,44,45,closed,27,28,17,17,27,28.0,27.0
fasterrcnn,cate8-00274,24,25,open,11,12,0,18,12,12.0,13.0
fasterrcnn,cate8-00274,24,25,half,11,12,9,18,12,12.0,11.0
fasterrcnn,cate8-00274,24,25,closed,11,12,18,18,11,12.0,11.0
fasterrcnn,cate8-00299,34,35,open,19,20,0,31,20,20.0,22.0
fasterrcnn,cate8-00299,34,35,half,19,20,16,31,20,20.0,19.0
fasterrcnn,cate8-00299,34,35,closed,19,20,31,31,20,20.0,19.0
fasterrcnn,cate8-00299,32,33,open,17,18,0,19,18,18.0,18.0
fasterrcnn,cate8-00299,32,33,half,17,18,10,19,18,18.0,18.0
fasterrcnn,cate8-00299,32,33,closed,17,18,19,19,18,18.0,18.0
fasterrcnn,cate8-00299,22,23,open,9,10,0,19,10,10.0,10.0
fasterrcnn,cate8-00299,22,23,half,9,10,10,19,10,10.0,10.0
fasterrcnn,cate8-00299,22,23,closed,9,10,19,19,10,10.0,10.0
fasterrcnn,cate8-00317,23,24,open,10,11,0,16,11,11.0,11.0
fasterrcnn,cate8-00317,23,24,half,10,11,8,16,11,11.0,11.0
fasterrcnn,cate8-00317,23,24,closed,10,11,16,16,10,11.0,11.0
fasterrcnn,cate8-00317,43,44,open,26,27,0,18,27,27.0,27.0
fasterrcnn,cate8-00317,43,44,half,26,27,9,18,26,27.0,27.0
fasterrcnn,cate8-00317,43,44,closed,26,27,18,18,26,27.0,27.0
fasterrcnn,cate8-00317,21,22,open,8,9,0,18,9,9.0,9.0
fasterrcnn,cate8-00317,21,22,half,8,9,9,18,9,9.0,9.0
fasterrcnn,cate8-00317,21,22,closed,8,9,18,18,8,9.0,9.0
fasterrcnn,cate8-00347,41,42,open,24,25,0,13,24,25.0,25.0
fasterrcnn,cate8-00347,41,42,half,24,25,6,13,24,25.0,24.0
fasterrcnn,cate8-00347,41,42,closed,24,25,13,13,24,25.0,24.0
fasterrcnn,cate8-00347,21,22,open,8,9,0,17,9,9.0,8.0
fasterrcnn,cate8-00347,21,22,half,8,9,8,17,8,9.0,9.0
fasterrcnn,cate8-00347,21,22,closed,8,9,17,17,8,9.0,8.0
fasterrcnn,cate8-00347,32,33,open,17,18,0,17,18,18.0,18.0
fasterrcnn,cate8-00347,32,33,half,17,18,8,17,18,18.0,18.0
fasterrcnn,cate8-00347,32,33,closed,17,18,17,17,18,18.0,18.0
fasterrcnn,cate8-00353,22,23,open,9,10,0,11,9,10.0,9.0
fasterrcnn,cate8-00353,22,23,half,9,10,6,11,9,10.0,10.0
fasterrcnn,cate8-00353,22,23,closed,9,10,11,11,9,10.0,9.0
fasterrcnn,cate8-00353,12,13,open,1,2,0,7,2,2.0,1.0
fasterrcnn,cate8-00353,12,13,half,1,2,4,7,0,2.0,2.0
fasterrcnn,cate8-00353,12,13,closed,1,2,7,7,0,2.0,2.0
fasterrcnn,cate8-00353,33,34,open,18,19,0,16,18,19.0,19.0
fasterrcnn,cate8-00353,33,34,half,18,19,8,16,18,19.0,19.0
fasterrcnn,cate8-00353,33,34,closed,18,19,16,16,17,19.0,19.0
fasterrcnn,cate8-00361,45,46,open,28,29,0,23,29,29.0,29.0
fasterrcnn,cate8-00361,45,46,half,28,29,12,23,29,29.0,29.0
fasterrcnn,cate8-00361,45,46,closed,28,29,23,23,29,29.0,29.0
fasterrcnn,cate8-00361,13,14,open,2,3,0,14,3,3.0,3.0
fasterrcnn,cate8-00361,13,14,half,2,3,7,14,3,3.0,3.0
fasterrcnn,cate8-00361,13,14,closed,2,3,14,14,3,3.0,4.0
fasterrcnn,cate8-00361,44,45,open,27,28,0,19,28,28.0,28.0
fasterrcnn,cate8-00361,44,45,half,27,28,10,19,28,28.0,28.0
fasterrcnn,cate8-00361,44,45,closed,27,28,19,19,27,28.0,27.0
fasterrcnn,cate8-00371,13,14,open,2,3,0,27,4,4.0,4.0
fasterrcnn,cate8-00371,13,14,half,2,3,14,27,4,4.0,4.0
fasterrcnn,cate8-00371,13,14,closed,2,3,27,27,2,4.0,4.0
fasterrcnn,cate8-00371,34,35,open,19,20,0,23,20,20.0,20.0
fasterrcnn,cate8-00371,34,35,half,19,20,12,23,20,20.0,19.0
fasterrcnn,cate8-00371,34,35,closed,19,20,23,23,20,20.0,19.0
fasterrcnn,cate8-00371,43,44,open,26,27,0,24,27,27.0,27.0
fasterrcnn,cate8-00371,43,44,half,26,27,12,24,27,27.0,27.0
fasterrcnn,cate8-00371,43,44,closed,26,27,24,24,27,27.0,26.0
fasterrcnn,cate8-00411,14,15,open,3,4,0,18,4,4.0,4.0
fasterrcnn,cate8-00411,14,15,half,3,4,9,18,4,4.0,4.0
fasterrcnn,cate8-00411,14,15,closed,3,4,18,18,3,4.0,3.0
fasterrcnn,cate8-00411,42,43,open,25,26,0,13,26,26.0,26.0
fasterrcnn,cate8-00411,42,43,half,25,26,6,13,25,26.0,26.0
fasterrcnn,cate8-00411,42,43,closed,25,26,13,13,26,26.0,26.0
fasterrcnn,cate8-00411,24,25,open,11,12,0,18,12,12.0,12.0
fasterrcnn,cate8-00411,24,25,half,11,12,9,18,11,12.0,11.0
fasterrcnn,cate8-00411,24,25,closed,11,12,18,18,11,12.0,11.0
fasterrcnn,cate8-00425,24,25,open,11,12,0,10,11,12.0,12.0
fasterrcnn,cate8-00425,24,25,half,11,12,5,10,11,12.0,11.0
fasterrcnn,cate8-00425,24,25,closed,11,12,10,10,11,12.0,11.0
fasterrcnn,cate8-00425,45,46,open,28,29,0,15,29,29.0,29.0
fasterrcnn,cate8-00425,45,46,half,28,29,8,15,29,29.0,29.0
fasterrcnn,cate8-00425,45,46,closed,28,29,15,15,28,29.0,29.0
fasterrcnn,cate8-00425,26,27,open,13,14,0,22,13,14.0,13.0
fasterrcnn,cate8-00425,26,27,half,13,14,11,22,13,14.0,12.0
fasterrcnn,cate8-00425,26,27,closed,13,14,22,22,12,14.0,12.0
fasterrcnn,cate8-00433,24,25,open,11,12,0,16,12,12.0,13.0
fasterrcnn,cate8-00433,24,25,half,11,12,8,16,11,12.0,12.0
fasterrcnn,cate8-00433,24,25,closed,11,12,16,16,11,12.0,11.0
fasterrcnn,cate8-00433,12,13,open,1,2,0,17,2,2.0,2.0
fasterrcnn,cate8-00433,12,13,half,1,2,8,17,2,2.0,2.0
fasterrcnn,cate8-00433,12,13,closed,1,2,17,17,1,2.0,2.0
fasterrcnn,cate8-00433,13,14,open,2,3,0,17,3,3.0,3.0
fasterrcnn,cate8-00433,13,14,half,2,3,8,17,3,3.0,2.0
fasterrcnn,cate8-00433,13,14,closed,2,3,17,17,2,3.0,3.0
fasterrcnn,cate9-00016,13,14,open,2,3,0,22,2,3.0,3.0
fasterrcnn,cate9-00016,13,14,half,2,3,11,22,1,3.0,3.0
fasterrcnn,cate9-00016,13,14,closed,2,3,22,22,1,3.0,2.0
fasterrcnn,cate9-00016,12,13,open,1,2,0,13,1,2.0,2.0
fasterrcnn,cate9-00016,12,13,half,1,2,6,13,1,2.0,2.0
fasterrcnn,cate9-00016,12,13,closed,1,2,13,13,1,2.0,2.0
fasterrcnn,cate9-00016,37,38,open,22,23,0,23,23,23.0,23.0
fasterrcnn,cate9-00016,37,38,half,22,23,12,23,23,23.0,23.0
fasterrcnn,cate9-00016,37,38,closed,22,23,23,23,15,23.0,23.0
